nct,outcome_title,unit,param_type,dispersion,arm,class,category,value,spread,ci_lo,ci_hi
NCT00000575,"Change in Height From Baseline to End of Treatment, 4-6 Years Later",cm,MEAN,Standard Deviation,1 Budesonide,,,22.7,5.4,,
NCT00000575,"Change in Height From Baseline to End of Treatment, 4-6 Years Later",cm,MEAN,Standard Deviation,2 Nedocromil,,,23.7,5.4,,
NCT00000575,"Change in Height From Baseline to End of Treatment, 4-6 Years Later",cm,MEAN,Standard Deviation,3 Placebo,,,23.8,5.4,,
NCT00001305,Proportion of Subjects Who Met Criteria of Increase in Growth Rate Since Baseline.,Participants,COUNT_OF_PARTICIPANTS,,Growth Hormone,,,25,,,
NCT00001521,Adult Height Relative to General Population,Standard Deviation Score (SDS) units,MEAN,Standard Deviation,Investigational Therapy,,,-0.34,0.93,,
NCT00001521,Adult Height Relative to General Population,Standard Deviation Score (SDS) units,MEAN,Standard Deviation,Standard Therapy,,,-0.6,0.89,,
NCT00001521,Adult Height Relative to Mid-parental Height,Standard Deviation Score (SDS) units,MEAN,Standard Deviation,Investigational Therapy,Overall Participants,,-0.45,0.85,,
NCT00001521,Adult Height Relative to Mid-parental Height,Standard Deviation Score (SDS) units,MEAN,Standard Deviation,Standard Therapy,Overall Participants,,-0.83,0.78,,
NCT00001521,Adult Height Relative to Mid-parental Height,Standard Deviation Score (SDS) units,MEAN,Standard Deviation,Investigational Therapy,Males,,-0.89,0.75,,
NCT00001521,Adult Height Relative to Mid-parental Height,Standard Deviation Score (SDS) units,MEAN,Standard Deviation,Standard Therapy,Males,,-0.93,0.78,,
NCT00001521,Adult Height Relative to Mid-parental Height,Standard Deviation Score (SDS) units,MEAN,Standard Deviation,Investigational Therapy,Females,,-0.02,0.72,,
NCT00001521,Adult Height Relative to Mid-parental Height,Standard Deviation Score (SDS) units,MEAN,Standard Deviation,Standard Therapy,Females,,-0.67,0.79,,
NCT00001521,Predicted Adult Height,Standard Deviation Score (SDS) units,MEAN,Standard Deviation,Investigational Therapy,Baseline,,-2.0,1.5,,
NCT00001521,Predicted Adult Height,Standard Deviation Score (SDS) units,MEAN,Standard Deviation,Standard Therapy,Baseline,,-2.1,1.5,,
NCT00001521,Predicted Adult Height,Standard Deviation Score (SDS) units,MEAN,Standard Deviation,Investigational Therapy,Pubertal onset,,-0.46,0.97,,
NCT00001521,Predicted Adult Height,Standard Deviation Score (SDS) units,MEAN,Standard Deviation,Standard Therapy,Pubertal onset,,-0.98,1.01,,
NCT00001521,Predicted Adult Height Change,Standard Deviation Score (SDS) units,MEAN,Standard Deviation,Investigational Therapy,Baseline to pubertal onset visit,,1.93,1.29,,
NCT00001521,Predicted Adult Height Change,Standard Deviation Score (SDS) units,MEAN,Standard Deviation,Standard Therapy,Baseline to pubertal onset visit,,1.10,1.32,,
NCT00001521,Predicted Adult Height Change,Standard Deviation Score (SDS) units,MEAN,Standard Deviation,Investigational Therapy,Pubertal onset to final visit,,-0.10,0.66,,
NCT00001521,Predicted Adult Height Change,Standard Deviation Score (SDS) units,MEAN,Standard Deviation,Standard Therapy,Pubertal onset to final visit,,0.14,0.54,,
NCT00001521,Predicted Adult Height Change,Standard Deviation Score (SDS) units,MEAN,Standard Deviation,Investigational Therapy,Baseline to final visit,,1.64,1.23,,
NCT00001521,Predicted Adult Height Change,Standard Deviation Score (SDS) units,MEAN,Standard Deviation,Standard Therapy,Baseline to final visit,,1.20,1.27,,
NCT00001521,Number of Years Bone Age Remained Unchanged,Years,MEAN,Standard Deviation,Investigational Therapy,Baseline to pubertal onset visit,,3.86,2.13,,
NCT00001521,Number of Years Bone Age Remained Unchanged,Years,MEAN,Standard Deviation,Standard Therapy,Baseline to pubertal onset visit,,2.78,2.43,,
NCT00001521,Number of Years Bone Age Remained Unchanged,Years,MEAN,Standard Deviation,Investigational Therapy,Pubertal onset to final visit,,0.39,0.68,,
NCT00001521,Number of Years Bone Age Remained Unchanged,Years,MEAN,Standard Deviation,Standard Therapy,Pubertal onset to final visit,,0.70,0.73,,
NCT00001521,Average Annual Growth Velocity,Standard Deviation Score (SDS) units,MEAN,Standard Deviation,Investigational Therapy,Baseline to pubertal onset,,-1.01,1.84,,
NCT00001521,Average Annual Growth Velocity,Standard Deviation Score (SDS) units,MEAN,Standard Deviation,Standard Therapy,Baseline to pubertal onset,,-0.34,2.18,,
NCT00001521,Average Annual Growth Velocity,Standard Deviation Score (SDS) units,MEAN,Standard Deviation,Investigational Therapy,Pubertal onset to adult height,,0.65,1.42,,
NCT00001521,Average Annual Growth Velocity,Standard Deviation Score (SDS) units,MEAN,Standard Deviation,Standard Therapy,Pubertal onset to adult height,,-0.29,1.34,,
NCT00007020,Height and Weight,Percentile,MEAN,Standard Error,Cholic Acid,"Height percentile, baseline",,30.1,5.5,,
NCT00007020,Height and Weight,Percentile,MEAN,Standard Error,Cholic Acid,"Height percentile, on treatment",,44.0,6.1,,
NCT00007020,Height and Weight,Percentile,MEAN,Standard Error,Cholic Acid,"Weight percentile, baseline",,21.3,3.7,,
NCT00007020,Height and Weight,Percentile,MEAN,Standard Error,Cholic Acid,"Weight percentile, on treatment",,42.3,4.8,,
NCT00069576,"Number of Children at 5-10 Year Follow up With Hypertension ≥ 95th Percentile for Age, Sex and Height",Participants,COUNT_OF_PARTICIPANTS,,Nutritional Counseling & Self Blood Glucose Monitoring,,,30,,,
NCT00069576,"Number of Children at 5-10 Year Follow up With Hypertension ≥ 95th Percentile for Age, Sex and Height",Participants,COUNT_OF_PARTICIPANTS,,No Treatment,,,23,,,
NCT00094328,Change in Growth Rate (cm/Year),cm/year,MEAN,Standard Deviation,Open Label Bicalutamide With Anastrozole,,,-1.62,5.13,,
NCT00094328,Change in Growth Rate (SD Units),SD units,MEAN,Standard Deviation,Open Label Bicalutamide With Anastrozole,,,-0.07,1.78,,
NCT00094328,Change in Growth Rate (cm/Year),cm/year,MEAN,Standard Deviation,Open Label Bicalutamide With Anastrozole,,,-0.70,5.77,,
NCT00094328,Change in Growth Rate (SD Units),SD units,MEAN,Standard Deviation,Open Label Bicalutamide With Anastrozole,,,-0.14,1.67,,
NCT00094328,Change in Bone Age Maturation Rate (cm/Year),cm/year,MEAN,Standard Deviation,Open Label Bicalutamide With Anastrozole,After 6 months treatment,,-2.03,0.38,,
NCT00094328,Change in Bone Age Maturation Rate (cm/Year),cm/year,MEAN,Standard Deviation,Open Label Bicalutamide With Anastrozole,After 12 months treatment,,-2.29,0.51,,
NCT00094328,Change in Bone Age to Chronological Age Ratio,Ratio,MEAN,Standard Deviation,Open Label Bicalutamide With Anastrozole,After 6 months treatment,,-0.09,0.14,,
NCT00094328,Change in Bone Age to Chronological Age Ratio,Ratio,MEAN,Standard Deviation,Open Label Bicalutamide With Anastrozole,After 12 months treatment,,-0.24,0.18,,
NCT00094328,Number of Patients With Height Between 5th and 95th Percentile,Participants,NUMBER,,Open Label Bicalutamide With Anastrozole,After 3 months treatment,,3,,,
NCT00094328,Number of Patients With Height Between 5th and 95th Percentile,Participants,NUMBER,,Open Label Bicalutamide With Anastrozole,After 6 months treatment,,3,,,
NCT00094328,Number of Patients With Height Between 5th and 95th Percentile,Participants,NUMBER,,Open Label Bicalutamide With Anastrozole,After 9 months treatment,,3,,,
NCT00094328,Number of Patients With Height Between 5th and 95th Percentile,Participants,NUMBER,,Open Label Bicalutamide With Anastrozole,After 12 months treatment,,3,,,
NCT00094328,Change in Predicted Adult Height (PAH),cm,MEAN,Standard Deviation,Open Label Bicalutamide With Anastrozole,,,6.21,3.93,,
NCT00097539,First Year Annualized Growth Rate,cm/yr,MEAN,Standard Deviation,Idiopathic Growth Hormone Deficiency (IGHD),Male,,9.5,2.7,,
NCT00097539,First Year Annualized Growth Rate,cm/yr,MEAN,Standard Deviation,Organic GHD,Male,,10.3,4.1,,
NCT00097539,First Year Annualized Growth Rate,cm/yr,MEAN,Standard Deviation,Idiopathic Short Stature (ISS),Male,,8.6,2.2,,
NCT00097539,First Year Annualized Growth Rate,cm/yr,MEAN,Standard Deviation,Renal Disease,Male,,8.9,3.6,,
NCT00097539,First Year Annualized Growth Rate,cm/yr,MEAN,Standard Deviation,Other Etiology,Male,,9.5,3.5,,
NCT00097539,First Year Annualized Growth Rate,cm/yr,MEAN,Standard Deviation,Undefined Etiology,Male,,9.8,4.3,,
NCT00097539,First Year Annualized Growth Rate,cm/yr,MEAN,Standard Deviation,Idiopathic Growth Hormone Deficiency (IGHD),Female,,9.8,3.2,,
NCT00097539,First Year Annualized Growth Rate,cm/yr,MEAN,Standard Deviation,Organic GHD,Female,,11.0,4.8,,
NCT00097539,First Year Annualized Growth Rate,cm/yr,MEAN,Standard Deviation,Idiopathic Short Stature (ISS),Female,,8.7,2.5,,
NCT00097539,First Year Annualized Growth Rate,cm/yr,MEAN,Standard Deviation,Turner Syndrome,Female,,8.0,2.2,,
NCT00097539,First Year Annualized Growth Rate,cm/yr,MEAN,Standard Deviation,Renal Disease,Female,,8.4,3.4,,
NCT00097539,First Year Annualized Growth Rate,cm/yr,MEAN,Standard Deviation,Other Etiology,Female,,9.4,3.8,,
NCT00097539,First Year Annualized Growth Rate,cm/yr,MEAN,Standard Deviation,Undefined Etiology,Female,,9.1,2.5,,
NCT00097539,Second Year Annualized Growth Rate,cm/yr,MEAN,Standard Deviation,Idiopathic Growth Hormone Deficiency (IGHD),Male,,7.7,1.8,,
NCT00097539,Second Year Annualized Growth Rate,cm/yr,MEAN,Standard Deviation,Organic GHD,Male,,8.0,2.5,,
NCT00097539,Second Year Annualized Growth Rate,cm/yr,MEAN,Standard Deviation,Idiopathic Short Stature (ISS),Male,,7.3,1.6,,
NCT00097539,Second Year Annualized Growth Rate,cm/yr,MEAN,Standard Deviation,Renal Disease,Male,,7.2,2.4,,
NCT00097539,Second Year Annualized Growth Rate,cm/yr,MEAN,Standard Deviation,Other Etiology,Male,,7.5,2.2,,
NCT00097539,Second Year Annualized Growth Rate,cm/yr,MEAN,Standard Deviation,Undefined Etiology,Male,,7.7,2.4,,
NCT00097539,Second Year Annualized Growth Rate,cm/yr,MEAN,Standard Deviation,Idiopathic Growth Hormone Deficiency (IGHD),Female,,8.0,2.2,,
NCT00097539,Second Year Annualized Growth Rate,cm/yr,MEAN,Standard Deviation,Organic GHD,Female,,8.2,2.8,,
NCT00097539,Second Year Annualized Growth Rate,cm/yr,MEAN,Standard Deviation,Idiopathic Short Stature (ISS),Female,,7.3,1.7,,
NCT00097539,Second Year Annualized Growth Rate,cm/yr,MEAN,Standard Deviation,Turner Syndrome,Female,,6.6,1.5,,
NCT00097539,Second Year Annualized Growth Rate,cm/yr,MEAN,Standard Deviation,Renal Disease,Female,,7.2,2.1,,
NCT00097539,Second Year Annualized Growth Rate,cm/yr,MEAN,Standard Deviation,Other Etiology,Female,,7.6,2.4,,
NCT00097539,Second Year Annualized Growth Rate,cm/yr,MEAN,Standard Deviation,Undefined Etiology,Female,,8.0,2.3,,
NCT00097539,Third Year Annualized Growth Rate,cm/yr,MEAN,Standard Deviation,Idiopathic Growth Hormone Deficiency (IGHD),Male,,7.0,1.7,,
NCT00097539,Third Year Annualized Growth Rate,cm/yr,MEAN,Standard Deviation,Organic GHD,Male,,7.1,2.2,,
NCT00097539,Third Year Annualized Growth Rate,cm/yr,MEAN,Standard Deviation,Idiopathic Short Stature (ISS),Male,,6.6,1.6,,
NCT00097539,Third Year Annualized Growth Rate,cm/yr,MEAN,Standard Deviation,Renal Disease,Male,,6.2,2.4,,
NCT00097539,Third Year Annualized Growth Rate,cm/yr,MEAN,Standard Deviation,Other Etiology,Male,,6.8,1.9,,
NCT00097539,Third Year Annualized Growth Rate,cm/yr,MEAN,Standard Deviation,Undefined Etiology,Male,,6.5,1.7,,
NCT00097539,Third Year Annualized Growth Rate,cm/yr,MEAN,Standard Deviation,Idiopathic Growth Hormone Deficiency (IGHD),Female,,7.1,1.7,,
NCT00097539,Third Year Annualized Growth Rate,cm/yr,MEAN,Standard Deviation,Organic GHD,Female,,7.2,2.3,,
NCT00097539,Third Year Annualized Growth Rate,cm/yr,MEAN,Standard Deviation,Idiopathic Short Stature (ISS),Female,,6.7,1.7,,
NCT00097539,Third Year Annualized Growth Rate,cm/yr,MEAN,Standard Deviation,Turner Syndrome,Female,,5.9,1.5,,
NCT00097539,Third Year Annualized Growth Rate,cm/yr,MEAN,Standard Deviation,Renal Disease,Female,,6.1,2.2,,
NCT00097539,Third Year Annualized Growth Rate,cm/yr,MEAN,Standard Deviation,Other Etiology,Female,,6.8,1.9,,
NCT00097539,Third Year Annualized Growth Rate,cm/yr,MEAN,Standard Deviation,Undefined Etiology,Female,,6.3,2.6,,
NCT00097539,Near Adult Height (NAH),SDS,MEAN,Standard Deviation,Idiopathic Growth Hormone Deficiency (IGHD),NAH,,-0.9,1.1,,
NCT00097539,Near Adult Height (NAH),SDS,MEAN,Standard Deviation,Organic GHD,NAH,,-1.1,1.4,,
NCT00097539,Near Adult Height (NAH),SDS,MEAN,Standard Deviation,Idiopathic Short Stature (ISS),NAH,,-1.2,1.0,,
NCT00097539,Near Adult Height (NAH),SDS,MEAN,Standard Deviation,Turner Syndrome,NAH,,-2.0,1.0,,
NCT00097539,Near Adult Height (NAH),SDS,MEAN,Standard Deviation,Renal Disease,NAH,,-2.0,1.5,,
NCT00097539,Near Adult Height (NAH),SDS,MEAN,Standard Deviation,Other Etiology,NAH,,-1.5,1.3,,
NCT00097539,Near Adult Height (NAH),SDS,MEAN,Standard Deviation,Undefined Etiology,NAH,,-1.3,1.2,,
NCT00097539,Near Adult Height (NAH),SDS,MEAN,Standard Deviation,Idiopathic Growth Hormone Deficiency (IGHD),EH,,-2.5,1.0,,
NCT00097539,Near Adult Height (NAH),SDS,MEAN,Standard Deviation,Organic GHD,EH,,-2.4,1.4,,
NCT00097539,Near Adult Height (NAH),SDS,MEAN,Standard Deviation,Idiopathic Short Stature (ISS),EH,,-2.7,0.8,,
NCT00097539,Near Adult Height (NAH),SDS,MEAN,Standard Deviation,Turner Syndrome,EH,,-3.1,0.9,,
NCT00097539,Near Adult Height (NAH),SDS,MEAN,Standard Deviation,Renal Disease,EH,,-3.1,1.3,,
NCT00097539,Near Adult Height (NAH),SDS,MEAN,Standard Deviation,Other Etiology,EH,,-2.9,1.4,,
NCT00097539,Near Adult Height (NAH),SDS,MEAN,Standard Deviation,Undefined Etiology,EH,,-3.0,1.7,,
NCT00097539,Near Adult Height (NAH),SDS,MEAN,Standard Deviation,Idiopathic Growth Hormone Deficiency (IGHD),NAH GHT ≥3y,,-0.8,1.0,,
NCT00097539,Near Adult Height (NAH),SDS,MEAN,Standard Deviation,Organic GHD,NAH GHT ≥3y,,-1.0,1.4,,
NCT00097539,Near Adult Height (NAH),SDS,MEAN,Standard Deviation,Idiopathic Short Stature (ISS),NAH GHT ≥3y,,-1.1,1.0,,
NCT00097539,Near Adult Height (NAH),SDS,MEAN,Standard Deviation,Turner Syndrome,NAH GHT ≥3y,,-1.9,1.0,,
NCT00097539,Near Adult Height (NAH),SDS,MEAN,Standard Deviation,Renal Disease,NAH GHT ≥3y,,-1.7,1.4,,
NCT00097539,Near Adult Height (NAH),SDS,MEAN,Standard Deviation,Other Etiology,NAH GHT ≥3y,,-1.5,1.3,,
NCT00097539,Near Adult Height (NAH),SDS,MEAN,Standard Deviation,Undefined Etiology,NAH GHT ≥3y,,-1.2,1.2,,
NCT00097539,Near Adult Height (NAH),SDS,MEAN,Standard Deviation,Idiopathic Growth Hormone Deficiency (IGHD),EH GHT ≥3y,,-2.6,1.0,,
NCT00097539,Near Adult Height (NAH),SDS,MEAN,Standard Deviation,Organic GHD,EH GHT ≥3y,,-2.5,1.4,,
NCT00097539,Near Adult Height (NAH),SDS,MEAN,Standard Deviation,Idiopathic Short Stature (ISS),EH GHT ≥3y,,-2.7,0.8,,
NCT00097539,Near Adult Height (NAH),SDS,MEAN,Standard Deviation,Turner Syndrome,EH GHT ≥3y,,-3.2,1.0,,
NCT00097539,Near Adult Height (NAH),SDS,MEAN,Standard Deviation,Renal Disease,EH GHT ≥3y,,-3.1,1.2,,
NCT00097539,Near Adult Height (NAH),SDS,MEAN,Standard Deviation,Other Etiology,EH GHT ≥3y,,-3.0,1.4,,
NCT00097539,Near Adult Height (NAH),SDS,MEAN,Standard Deviation,Undefined Etiology,EH GHT ≥3y,,-3.2,1.8,,
NCT00106028,"Bone Age (Years), Change From Baseline to Month 12, ITT Population",Years,LEAST_SQUARES_MEAN,95% Confidence Interval,Placebo Daily,,,0.956,,0.756,1.155
NCT00106028,"Bone Age (Years), Change From Baseline to Month 12, ITT Population",Years,LEAST_SQUARES_MEAN,95% Confidence Interval,Risedronate Daily,,,1.083,,0.935,1.231
NCT00106028,"Bone Age (Years), Change From Baseline to Month 24, ITT Population",Years,LEAST_SQUARES_MEAN,95% Confidence Interval,Placebo Daily,,,2.147,,1.888,2.407
NCT00106028,"Bone Age (Years), Change From Baseline to Month 24, ITT Population",Years,LEAST_SQUARES_MEAN,95% Confidence Interval,Risedronate Daily,,,2.155,,1.962,2.347
NCT00106028,"Bone Age (Years), Change From Baseline to Month 36, ITT Population",Years,LEAST_SQUARES_MEAN,95% Confidence Interval,Placebo Daily,,,3.087,,2.800,3.374
NCT00106028,"Bone Age (Years), Change From Baseline to Month 36, ITT Population",Years,LEAST_SQUARES_MEAN,95% Confidence Interval,Risedronate Daily,,,3.096,,2.879,3.312
NCT00106028,"Annualized Growth Velocity - Change From Baseline to Month 12, ITT Population",Change in Annualized Growth Velocity,LEAST_SQUARES_MEAN,95% Confidence Interval,Placebo Daily,,,0.895,,0.709,1.080
NCT00106028,"Annualized Growth Velocity - Change From Baseline to Month 12, ITT Population",Change in Annualized Growth Velocity,LEAST_SQUARES_MEAN,95% Confidence Interval,Risedronate Daily,,,1.002,,0.865,1.138
NCT00106028,"Annualized Growth Velocity - Change From Baseline to Month 36, ITT Population",Change in Annualized Growth Velocity,LEAST_SQUARES_MEAN,95% Confidence Interval,Placebo Daily,,,0.982,,0.886,1.077
NCT00106028,"Annualized Growth Velocity - Change From Baseline to Month 36, ITT Population",Change in Annualized Growth Velocity,LEAST_SQUARES_MEAN,95% Confidence Interval,Risedronate Daily,,,1.011,,0.941,1.081
NCT00108082,Model-adjusted Mean Change From Baseline in Left Ventricular Mass Indexed by Height (LVMIH) as Measured by MRI at Month 12,g/m raised to 2.7 (g/(m^2.7)),MEAN,Standard Error,Carvedilol CR,,,-3.19,0.407,,
NCT00108082,Model-adjusted Mean Change From Baseline in Left Ventricular Mass Indexed by Height (LVMIH) as Measured by MRI at Month 12,g/m raised to 2.7 (g/(m^2.7)),MEAN,Standard Error,Atenolol,,,-3.37,0.361,,
NCT00108082,Model-adjusted Mean Change From Baseline in Left Ventricular Mass Indexed by Height (LVMIH) as Measured by MRI at Month 12,g/m raised to 2.7 (g/(m^2.7)),MEAN,Standard Error,Lisinopril,,,-3.98,0.407,,
NCT00108082,Model-adjusted Mean Change From Baseline in Left Ventricular Mass Indexed by Height (LVMIH) as Measured by Echocardiography at Month 12,g/m raised to 2.7 (g/(m^2.7)),MEAN,Standard Error,Carvedilol CR,,,-11.78,2.292,,
NCT00108082,Model-adjusted Mean Change From Baseline in Left Ventricular Mass Indexed by Height (LVMIH) as Measured by Echocardiography at Month 12,g/m raised to 2.7 (g/(m^2.7)),MEAN,Standard Error,Atenolol,,,-12.51,2.100,,
NCT00108082,Model-adjusted Mean Change From Baseline in Left Ventricular Mass Indexed by Height (LVMIH) as Measured by Echocardiography at Month 12,g/m raised to 2.7 (g/(m^2.7)),MEAN,Standard Error,Lisinopril,,,-11.61,2.280,,
NCT00109473,Height Velocity,cm/year,MEAN,Standard Error,Growth Hormone Plus Corticosteroid (CTX),Baseline,,5,1,,
NCT00109473,Height Velocity,cm/year,MEAN,Standard Error,Corticosteroid (CTX),Baseline,,3,1,,
NCT00109473,Height Velocity,cm/year,MEAN,Standard Error,Growth Hormone Plus Corticosteroid (CTX),Week 12,,8,1,,
NCT00109473,Height Velocity,cm/year,MEAN,Standard Error,Corticosteroid (CTX),Week 12,,3,1,,
NCT00109473,Height Velocity,cm/year,MEAN,Standard Error,Growth Hormone Plus Corticosteroid (CTX),Week 24,,9,1,,
NCT00109473,Height Velocity,cm/year,MEAN,Standard Error,Corticosteroid (CTX),Week 24,,7,1,,
NCT00113087,Height-for-age Z-score,standard deviation,LEAST_SQUARES_MEAN,Standard Error,Enalapril,,,-1.00,0.13,,
NCT00113087,Height-for-age Z-score,standard deviation,LEAST_SQUARES_MEAN,Standard Error,Placebo,,,-0.86,0.13,,
NCT00120523,Growth Velocity (Height),cm,MEAN,Standard Deviation,Pimecrolimus,"Baseline (n=1204, n=1208)",,68.8,5.26,,
NCT00120523,Growth Velocity (Height),cm,MEAN,Standard Deviation,Topical Corticosteroids,"Baseline (n=1204, n=1208)",,68.8,5.14,,
NCT00120523,Growth Velocity (Height),cm,MEAN,Standard Deviation,Pimecrolimus,"Week 6 (n=1144, n=1141)",,71.3,4.82,,
NCT00120523,Growth Velocity (Height),cm,MEAN,Standard Deviation,Topical Corticosteroids,"Week 6 (n=1144, n=1141)",,71.3,4.76,,
NCT00120523,Growth Velocity (Height),cm,MEAN,Standard Deviation,Pimecrolimus,"Week 26 (n=1092, n=1114)",,77.0,4.37,,
NCT00120523,Growth Velocity (Height),cm,MEAN,Standard Deviation,Topical Corticosteroids,"Week 26 (n=1092, n=1114)",,76.9,4.46,,
NCT00120523,Growth Velocity (Height),cm,MEAN,Standard Deviation,Pimecrolimus,"Week 52 (n=999, n=1052)",,83.1,4.23,,
NCT00120523,Growth Velocity (Height),cm,MEAN,Standard Deviation,Topical Corticosteroids,"Week 52 (n=999, n=1052)",,83.1,4.30,,
NCT00120523,Growth Velocity (Height),cm,MEAN,Standard Deviation,Pimecrolimus,"Week 104 (n=924, n=975)",,93.0,4.31,,
NCT00120523,Growth Velocity (Height),cm,MEAN,Standard Deviation,Topical Corticosteroids,"Week 104 (n=924, n=975)",,92.9,4.30,,
NCT00120523,Growth Velocity (Height),cm,MEAN,Standard Deviation,Pimecrolimus,"Week 156 (n=871, n=919)",,100.5,4.70,,
NCT00120523,Growth Velocity (Height),cm,MEAN,Standard Deviation,Topical Corticosteroids,"Week 156 (n=871, n=919)",,100.6,4.72,,
NCT00120523,Growth Velocity (Height),cm,MEAN,Standard Deviation,Pimecrolimus,"Week 208 (n=843, n=869)",,107.7,5.46,,
NCT00120523,Growth Velocity (Height),cm,MEAN,Standard Deviation,Topical Corticosteroids,"Week 208 (n=843, n=869)",,107.8,5.25,,
NCT00120523,Growth Velocity (Height),cm,MEAN,Standard Deviation,Pimecrolimus,"Week 260 (n=833, n=871)",,114.4,5.26,,
NCT00120523,Growth Velocity (Height),cm,MEAN,Standard Deviation,Topical Corticosteroids,"Week 260 (n=833, n=871)",,114.5,5.90,,
NCT00120523,Growth Velocity (Weight),kg,MEAN,Standard Deviation,Pimecrolimus,"Baseline (n=1203, n=1213)",,8.2,1.51,,
NCT00120523,Growth Velocity (Weight),kg,MEAN,Standard Deviation,Topical Corticosteroids,"Baseline (n=1203, n=1213)",,8.2,1.51,,
NCT00120523,Growth Velocity (Weight),kg,MEAN,Standard Deviation,Pimecrolimus,"Week 6 (n=1144, n=1144)",,8.8,1.45,,
NCT00120523,Growth Velocity (Weight),kg,MEAN,Standard Deviation,Topical Corticosteroids,"Week 6 (n=1144, n=1144)",,8.7,1.41,,
NCT00120523,Growth Velocity (Weight),kg,MEAN,Standard Deviation,Pimecrolimus,"Week 26 (n=1093, n=1114)",,10.2,1.43,,
NCT00120523,Growth Velocity (Weight),kg,MEAN,Standard Deviation,Topical Corticosteroids,"Week 26 (n=1093, n=1114)",,10.1,1.39,,
NCT00120523,Growth Velocity (Weight),kg,MEAN,Standard Deviation,Pimecrolimus,"Week 52 (n=1003, n=1054)",,11.6,1.52,,
NCT00120523,Growth Velocity (Weight),kg,MEAN,Standard Deviation,Topical Corticosteroids,"Week 52 (n=1003, n=1054)",,11.6,1.54,,
NCT00120523,Growth Velocity (Weight),kg,MEAN,Standard Deviation,Pimecrolimus,"Week 104 (n=928, n=978)",,14.1,1.90,,
NCT00120523,Growth Velocity (Weight),kg,MEAN,Standard Deviation,Topical Corticosteroids,"Week 104 (n=928, n=978)",,14.1,1.83,,
NCT00120523,Growth Velocity (Weight),kg,MEAN,Standard Deviation,Pimecrolimus,"Week 156 (n=873, n=924)",,16.3,2.32,,
NCT00120523,Growth Velocity (Weight),kg,MEAN,Standard Deviation,Topical Corticosteroids,"Week 156 (n=873, n=924)",,16.3,2.29,,
NCT00120523,Growth Velocity (Weight),kg,MEAN,Standard Deviation,Pimecrolimus,"Week 208 (n=843, n=870)",,18.6,2.80,,
NCT00120523,Growth Velocity (Weight),kg,MEAN,Standard Deviation,Topical Corticosteroids,"Week 208 (n=843, n=870)",,18.7,2.88,,
NCT00120523,Growth Velocity (Weight),kg,MEAN,Standard Deviation,Pimecrolimus,"Week 260 (n=833, n=871)",,21.1,3.51,,
NCT00120523,Growth Velocity (Weight),kg,MEAN,Standard Deviation,Topical Corticosteroids,"Week 260 (n=833, n=871)",,21.4,3.70,,
NCT00122980,Growth and Development - Height (Change From Baseline to Endpoint),cm,MEAN,Standard Deviation,Hydroxyurea/Phlebotomy,,,4.40,4.32,,
NCT00122980,Growth and Development - Height (Change From Baseline to Endpoint),cm,MEAN,Standard Deviation,Transfusion/Chelation,,,6.61,5.87,,
NCT00125164,Height Velocity During the First Year - Intent to Treat (ITT)Population,cm/yr,MEAN,Standard Deviation,Untreated,,,5.2,1.0,,
NCT00125164,Height Velocity During the First Year - Intent to Treat (ITT)Population,cm/yr,MEAN,Standard Deviation,80 μg/kg BID (Twice Daily Dosing),,,6.9,1.0,,
NCT00125164,Height Velocity During the First Year - Intent to Treat (ITT)Population,cm/yr,MEAN,Standard Deviation,120 μg/kg BID (Twice Daily Dosing),,,7.7,1.5,,
NCT00125164,Change From Baseline in Height Standard Deviation (SD) Score at One Year - ITT Population,SD/year,MEAN,Standard Deviation,Untreated,,,0.02,0.24,,
NCT00125164,Change From Baseline in Height Standard Deviation (SD) Score at One Year - ITT Population,SD/year,MEAN,Standard Deviation,80 μg/kg BID (Twice Daily Dosing),,,0.38,0.17,,
NCT00125164,Change From Baseline in Height Standard Deviation (SD) Score at One Year - ITT Population,SD/year,MEAN,Standard Deviation,120 μg/kg BID (Twice Daily Dosing),,,0.48,0.32,,
NCT00125164,Changes in Bone Age From Baseline to One Year,Year,MEAN,Standard Deviation,Untreated,,,0.8,0.3,,
NCT00125164,Changes in Bone Age From Baseline to One Year,Year,MEAN,Standard Deviation,80 μg/kg BID (Twice Daily Dosing),,,1.1,0.4,,
NCT00125164,Changes in Bone Age From Baseline to One Year,Year,MEAN,Standard Deviation,120 μg/kg BID (Twice Daily Dosing),,,1.2,0.5,,
NCT00125164,Height Velocity During the First Year for Subjects - Completers,cm/year,MEAN,Standard Deviation,Untreated,,,5.2,1.0,,
NCT00125164,Height Velocity During the First Year for Subjects - Completers,cm/year,MEAN,Standard Deviation,80 μg/kg BID (Twice Daily Dosing),,,7.0,1.0,,
NCT00125164,Height Velocity During the First Year for Subjects - Completers,cm/year,MEAN,Standard Deviation,120 μg/kg BID (Twice Daily Dosing),,,7.9,1.4,,
NCT00125164,Change From Baseline in Height Standard Deviation (SD) Score at One Year - Completers,SD/year,MEAN,Standard Deviation,Untreated,,,0.02,0.24,,
NCT00125164,Change From Baseline in Height Standard Deviation (SD) Score at One Year - Completers,SD/year,MEAN,Standard Deviation,80 μg/kg BID (Twice Daily Dosing),,,0.39,0.17,,
NCT00125164,Change From Baseline in Height Standard Deviation (SD) Score at One Year - Completers,SD/year,MEAN,Standard Deviation,120 μg/kg BID (Twice Daily Dosing),,,0.53,0.30,,
NCT00125190,Height Velocity From Pretreatment (Week 0) to Week 34,centimeters per year (cm/yr),MEAN,Standard Deviation,rhIGF-1 QD,,,7.0,1.5,,
NCT00125190,Height Velocity From Week 34 to 86,cm/yr,MEAN,Standard Deviation,rhIGF-1 QD,,,6.7,1.8,,
NCT00125190,Change in Height SD Score From Pretreatment to Week 34,SDs,MEAN,Standard Deviation,rhIGF-1 QD,,,0.21,0.20,,
NCT00125190,Change in Height SD Score From Pretreatment to Week 86,SDs,MEAN,Standard Deviation,rhIGF-1 QD,,,0.45,0.39,,
NCT00125190,Change in Bone Age From Pretreatment to Week 86 Minus Change in Chronological Age,years,MEAN,Standard Deviation,rhIGF-1 QD,,,0.2,0.68,,
NCT00125190,Increase in Height Velocity From Pretreatment to Week 34,cm/yr,MEAN,Standard Deviation,rhIGF-1 QD,,,1.3,3.56,,
NCT00125190,Increase in Height Velocity From Pretreatment to Week 86,cm/yr,MEAN,Standard Deviation,rhIGF-1 QD,,,1.3,3.58,,
NCT00125788,Effect of Oral L--glutamine on Height,cm,MEAN,Standard Deviation,Investigational Product,Baseline,,169.8,9.49,,
NCT00125788,Effect of Oral L--glutamine on Height,cm,MEAN,Standard Deviation,Placebo,Baseline,,169.2,11.87,,
NCT00125788,Effect of Oral L--glutamine on Height,cm,MEAN,Standard Deviation,Investigational Product,Change in Height at Week 4,,-0.1,1.18,,
NCT00125788,Effect of Oral L--glutamine on Height,cm,MEAN,Standard Deviation,Placebo,Change in Height at Week 4,,0.2,2.87,,
NCT00125788,Effect of Oral L--glutamine on Height,cm,MEAN,Standard Deviation,Investigational Product,Change in Height at Week 24,,0.1,1.54,,
NCT00125788,Effect of Oral L--glutamine on Height,cm,MEAN,Standard Deviation,Placebo,Change in Height at Week 24,,-0.1,1.68,,
NCT00125788,Effect of Oral L--glutamine on Height,cm,MEAN,Standard Deviation,Investigational Product,Change in Height at Week 48,,-1.7,6.58,,
NCT00125788,Effect of Oral L--glutamine on Height,cm,MEAN,Standard Deviation,Placebo,Change in Height at Week 48,,0.4,3.35,,
NCT00131508,Change in Height Z-score From Baseline to 12 Months,Z-score,MEDIAN,Full Range,Placebo,,,-0.1,,-52.2,0.4
NCT00131508,Change in Height Z-score From Baseline to 12 Months,Z-score,MEDIAN,Full Range,Glutamine,,,0.0,,-0.2,0.3
NCT00131508,Change in Height Percentile From Baseline to 12 Months,Percentile,MEDIAN,Full Range,Placebo,,,0.0,,-12.5,20.0
NCT00131508,Change in Height Percentile From Baseline to 12 Months,Percentile,MEDIAN,Full Range,Glutamine,,,0.0,,-12.5,14.5
NCT00163189,Change From Baseline in Height Standard Deviation Score (SDS) for Chronological Age (CA) at Month 36: Full Analysis Population,Standard Deviation Score (SDS),MEAN,Standard Deviation,Genotonorm,Baseline (n=58),,-2.91,1.19,,
NCT00163189,Change From Baseline in Height Standard Deviation Score (SDS) for Chronological Age (CA) at Month 36: Full Analysis Population,Standard Deviation Score (SDS),MEAN,Standard Deviation,Genotonorm,Change at Month 36 (n=30),,0.80,1.03,,
NCT00163189,Change From Baseline in Height Standard Deviation Score (SD) for Chronological Age (CA) at Month 36: Per Protocol (PP) Population,SDS,MEAN,Standard Deviation,Genotonorm,Baseline (n=21),,-2.86,0.89,,
NCT00163189,Change From Baseline in Height Standard Deviation Score (SD) for Chronological Age (CA) at Month 36: Per Protocol (PP) Population,SDS,MEAN,Standard Deviation,Genotonorm,Change at Month 36 (n=19),,0.81,1.18,,
NCT00163189,Mean Height,centimeters (cm),MEAN,Standard Deviation,Genotonorm,Baseline (n=58),,133.9,15.7,,
NCT00163189,Mean Height,centimeters (cm),MEAN,Standard Deviation,Genotonorm,Month 12 (n=50),,139.5,16.8,,
NCT00163189,Mean Height,centimeters (cm),MEAN,Standard Deviation,Genotonorm,Month 24 (n=41),,146.0,16.4,,
NCT00163189,Mean Height,centimeters (cm),MEAN,Standard Deviation,Genotonorm,Month 36 (n=30),,150.4,16.0,,
NCT00163189,Mean Height,centimeters (cm),MEAN,Standard Deviation,Genotonorm,Month 48 (n=14),,152.4,16.0,,
NCT00163189,Mean Height,centimeters (cm),MEAN,Standard Deviation,Genotonorm,Month 60 (n=9),,156.0,11.3,,
NCT00163189,Mean Height Standard Deviation Score (SDS) for Bone Age (BA),SDS,MEAN,Standard Deviation,Genotonorm,Baseline (n=51),,-0.29,1.15,,
NCT00163189,Mean Height Standard Deviation Score (SDS) for Bone Age (BA),SDS,MEAN,Standard Deviation,Genotonorm,Month 12 (n=40),,-0.36,1.52,,
NCT00163189,Mean Height Standard Deviation Score (SDS) for Bone Age (BA),SDS,MEAN,Standard Deviation,Genotonorm,Month 24 (n=29),,0.11,1.36,,
NCT00163189,Mean Height Standard Deviation Score (SDS) for Bone Age (BA),SDS,MEAN,Standard Deviation,Genotonorm,Month 36 (n=24),,0.14,1.48,,
NCT00163189,Mean Height Standard Deviation Score (SDS) for Bone Age (BA),SDS,MEAN,Standard Deviation,Genotonorm,Month 48 (n=13),,-0.26,1.28,,
NCT00163189,Mean Height Standard Deviation Score (SDS) for Bone Age (BA),SDS,MEAN,Standard Deviation,Genotonorm,Month 60 (n=7),,-0.19,1.15,,
NCT00163189,Annual Growth Rate (AGR),cm/year,MEAN,Standard Deviation,Genotonorm,Baseline (n=52),,3.0,2.0,,
NCT00163189,Annual Growth Rate (AGR),cm/year,MEAN,Standard Deviation,Genotonorm,Month 12 (n=49),,6.7,2.6,,
NCT00163189,Annual Growth Rate (AGR),cm/year,MEAN,Standard Deviation,Genotonorm,Month 24 (n=41),,6.0,2.7,,
NCT00163189,Annual Growth Rate (AGR),cm/year,MEAN,Standard Deviation,Genotonorm,Month 36 (n=30),,5.9,2.7,,
NCT00163189,Annual Growth Rate (AGR),cm/year,MEAN,Standard Deviation,Genotonorm,Month 48 (n=14),,4.8,2.5,,
NCT00163189,Annual Growth Rate (AGR),cm/year,MEAN,Standard Deviation,Genotonorm,Month 60 (n=9),,4.9,3.0,,
NCT00163189,Growth Rate (GR) Standard Deviation Score (SDS) for Bone Age (BA),SDS,MEAN,Standard Deviation,Genotonorm,Month 12 (n=36),,-0.13,2.15,,
NCT00163189,Growth Rate (GR) Standard Deviation Score (SDS) for Bone Age (BA),SDS,MEAN,Standard Deviation,Genotonorm,Month 24 (n=25),,0.07,2.51,,
NCT00163189,Growth Rate (GR) Standard Deviation Score (SDS) for Bone Age (BA),SDS,MEAN,Standard Deviation,Genotonorm,Month 36 (n=20),,0.05,1.94,,
NCT00163189,Growth Rate (GR) Standard Deviation Score (SDS) for Bone Age (BA),SDS,MEAN,Standard Deviation,Genotonorm,Month 48 (n=11),,-1.00,1.38,,
NCT00163189,Growth Rate (GR) Standard Deviation Score (SDS) for Bone Age (BA),SDS,MEAN,Standard Deviation,Genotonorm,Month 60 (n=7),,-0.43,1.22,,
NCT00163189,Growth Rate (GR) Standard Deviation Score (SDS) for Chronological Age (CA),SDS,MEAN,Standard Deviation,Genotonorm,Baseline (n=52),,-2.04,2.03,,
NCT00163189,Growth Rate (GR) Standard Deviation Score (SDS) for Chronological Age (CA),SDS,MEAN,Standard Deviation,Genotonorm,Month 12 (n=49),,1.77,4.29,,
NCT00163189,Growth Rate (GR) Standard Deviation Score (SDS) for Chronological Age (CA),SDS,MEAN,Standard Deviation,Genotonorm,Month 24 (n=41),,5.26,16.79,,
NCT00163189,Growth Rate (GR) Standard Deviation Score (SDS) for Chronological Age (CA),SDS,MEAN,Standard Deviation,Genotonorm,Month 36 (n=29),,3.64,9.06,,
NCT00163189,Growth Rate (GR) Standard Deviation Score (SDS) for Chronological Age (CA),SDS,MEAN,Standard Deviation,Genotonorm,Month 48 (n=13),,0.93,2.73,,
NCT00163189,Growth Rate (GR) Standard Deviation Score (SDS) for Chronological Age (CA),SDS,MEAN,Standard Deviation,Genotonorm,Month 60 (n=9),,1.40,1.71,,
NCT00163189,"Change From Baseline in Height at Month 12, 24, 36, 48 and 60",cm,MEAN,Standard Deviation,Genotonorm,Baseline (n=58),,133.9,15.7,,
NCT00163189,"Change From Baseline in Height at Month 12, 24, 36, 48 and 60",cm,MEAN,Standard Deviation,Genotonorm,Change at Month 12 (n=50),,6.8,2.8,,
NCT00163189,"Change From Baseline in Height at Month 12, 24, 36, 48 and 60",cm,MEAN,Standard Deviation,Genotonorm,Change at Month 24 (n=41),,12.9,4.7,,
NCT00163189,"Change From Baseline in Height at Month 12, 24, 36, 48 and 60",cm,MEAN,Standard Deviation,Genotonorm,Change at Month 36 (n=30),,18.8,6.1,,
NCT00163189,"Change From Baseline in Height at Month 12, 24, 36, 48 and 60",cm,MEAN,Standard Deviation,Genotonorm,Change at Month 48 (n=14),,23.9,8.5,,
NCT00163189,"Change From Baseline in Height at Month 12, 24, 36, 48 and 60",cm,MEAN,Standard Deviation,Genotonorm,Change at Month 60 (n=9),,30.3,7.6,,
NCT00163189,"Change From Baseline in Height Standard Deviation Score (SDS) for Chronological Age (CA) at Month 12, 24, 48 and 60",SDS,MEAN,Standard Deviation,Genotonorm,Baseline (n=58),,-2.91,1.19,,
NCT00163189,"Change From Baseline in Height Standard Deviation Score (SDS) for Chronological Age (CA) at Month 12, 24, 48 and 60",SDS,MEAN,Standard Deviation,Genotonorm,Change at Month 12 (n=50),,0.28,0.57,,
NCT00163189,"Change From Baseline in Height Standard Deviation Score (SDS) for Chronological Age (CA) at Month 12, 24, 48 and 60",SDS,MEAN,Standard Deviation,Genotonorm,Change at Month 24 (n=41),,0.57,0.95,,
NCT00163189,"Change From Baseline in Height Standard Deviation Score (SDS) for Chronological Age (CA) at Month 12, 24, 48 and 60",SDS,MEAN,Standard Deviation,Genotonorm,Change at Month 48 (n=14),,0.82,1.42,,
NCT00163189,"Change From Baseline in Height Standard Deviation Score (SDS) for Chronological Age (CA) at Month 12, 24, 48 and 60",SDS,MEAN,Standard Deviation,Genotonorm,Change at Month 60 (n=9),,0.75,1.13,,
NCT00163189,"Change From Baseline in Height Standard Deviation Score (SDS) for Bone Age (BA) at Month 12, 24, 36, 48 and 60",SDS,MEAN,Standard Deviation,Genotonorm,Baseline (n=51),,-0.29,1.15,,
NCT00163189,"Change From Baseline in Height Standard Deviation Score (SDS) for Bone Age (BA) at Month 12, 24, 36, 48 and 60",SDS,MEAN,Standard Deviation,Genotonorm,Change at Month 12 (n=36),,-0.02,0.99,,
NCT00163189,"Change From Baseline in Height Standard Deviation Score (SDS) for Bone Age (BA) at Month 12, 24, 36, 48 and 60",SDS,MEAN,Standard Deviation,Genotonorm,Change at Month 24 (n=26),,0.28,1.18,,
NCT00163189,"Change From Baseline in Height Standard Deviation Score (SDS) for Bone Age (BA) at Month 12, 24, 36, 48 and 60",SDS,MEAN,Standard Deviation,Genotonorm,Change at Month 36 (n=21),,0.31,1.17,,
NCT00163189,"Change From Baseline in Height Standard Deviation Score (SDS) for Bone Age (BA) at Month 12, 24, 36, 48 and 60",SDS,MEAN,Standard Deviation,Genotonorm,Change at Month 48 (n=13),,-0.08,1.30,,
NCT00163189,"Change From Baseline in Height Standard Deviation Score (SDS) for Bone Age (BA) at Month 12, 24, 36, 48 and 60",SDS,MEAN,Standard Deviation,Genotonorm,Change at Month 60 (n=7),,0.01,1.33,,
NCT00163189,"Change From Baseline in Bone Age (BA) at Month 12, 24, 36, 48 and 60",months,MEAN,Standard Deviation,Genotonorm,Baseline (n=58),,117.9,34.6,,
NCT00163189,"Change From Baseline in Bone Age (BA) at Month 12, 24, 36, 48 and 60",months,MEAN,Standard Deviation,Genotonorm,Change at Month 12 (n=37),,17.8,11.0,,
NCT00163189,"Change From Baseline in Bone Age (BA) at Month 12, 24, 36, 48 and 60",months,MEAN,Standard Deviation,Genotonorm,Change at Month 24 (n=32),,28.2,17.9,,
NCT00163189,"Change From Baseline in Bone Age (BA) at Month 12, 24, 36, 48 and 60",months,MEAN,Standard Deviation,Genotonorm,Change at Month 36 (n=23),,36.5,17.8,,
NCT00163189,"Change From Baseline in Bone Age (BA) at Month 12, 24, 36, 48 and 60",months,MEAN,Standard Deviation,Genotonorm,Change at Month 48 (n=13),,52.8,21.2,,
NCT00163189,"Change From Baseline in Bone Age (BA) at Month 12, 24, 36, 48 and 60",months,MEAN,Standard Deviation,Genotonorm,Change at Month 60 (n=7),,70.0,27.0,,
NCT00163189,Ratio of Bone Age (BA) to Chronological Age (CA),ratio,MEAN,Standard Deviation,Genotonorm,Baseline (n=58),,0.78,0.10,,
NCT00163189,Ratio of Bone Age (BA) to Chronological Age (CA),ratio,MEAN,Standard Deviation,Genotonorm,Month 12 (n=37),,0.82,0.11,,
NCT00163189,Ratio of Bone Age (BA) to Chronological Age (CA),ratio,MEAN,Standard Deviation,Genotonorm,Month 24 (n=32),,0.80,0.09,,
NCT00163189,Ratio of Bone Age (BA) to Chronological Age (CA),ratio,MEAN,Standard Deviation,Genotonorm,Month 36 (n=23),,0.79,0.10,,
NCT00163189,Ratio of Bone Age (BA) to Chronological Age (CA),ratio,MEAN,Standard Deviation,Genotonorm,Month 48 (n=13),,0.81,0.08,,
NCT00163189,Ratio of Bone Age (BA) to Chronological Age (CA),ratio,MEAN,Standard Deviation,Genotonorm,Month 60 (n=7),,0.85,0.10,,
NCT00163215,Change From Baseline in Annual Growth Rate Standard Deviation Score (SDS) for Chronological Age (CA) at Month 36 in Intent-to-Treat (ITT) Population,SDS,MEAN,Standard Deviation,Genotonorm,Baseline (n = 42),,-1.29,1.79,,
NCT00163215,Change From Baseline in Annual Growth Rate Standard Deviation Score (SDS) for Chronological Age (CA) at Month 36 in Intent-to-Treat (ITT) Population,SDS,MEAN,Standard Deviation,Genotonorm,Change at Month 36 (n = 26),,2.36,1.98,,
NCT00163215,Change From Baseline in Annual Growth Rate Standard Deviation Score (SDS) for Chronological Age (CA) at Month 36 in Per-Protocol (PP) Population,SDS,MEAN,Standard Deviation,Genotonorm,Baseline (n = 14),,-1.98,1.06,,
NCT00163215,Change From Baseline in Annual Growth Rate Standard Deviation Score (SDS) for Chronological Age (CA) at Month 36 in Per-Protocol (PP) Population,SDS,MEAN,Standard Deviation,Genotonorm,Change at Month 36 (n = 12),,2.70,2.02,,
NCT00163215,"Change From Baseline in Annual Growth Rate at Month 12, Month 24 and Month 36 in ITT Population",centimeter per year (cm/year),MEAN,Standard Deviation,Genotonorm,Baseline (n = 42),,4.5,1.8,,
NCT00163215,"Change From Baseline in Annual Growth Rate at Month 12, Month 24 and Month 36 in ITT Population",centimeter per year (cm/year),MEAN,Standard Deviation,Genotonorm,Change at Month 12 (n = 36),,3.3,2.9,,
NCT00163215,"Change From Baseline in Annual Growth Rate at Month 12, Month 24 and Month 36 in ITT Population",centimeter per year (cm/year),MEAN,Standard Deviation,Genotonorm,Change at Month 24 (n = 35),,2.5,2.7,,
NCT00163215,"Change From Baseline in Annual Growth Rate at Month 12, Month 24 and Month 36 in ITT Population",centimeter per year (cm/year),MEAN,Standard Deviation,Genotonorm,Change at Month 36 (n = 26),,2.0,2.0,,
NCT00163215,"Change From Baseline in Annual Growth Rate at Month 12, Month 24, Month 36 in PP Population",cm/year,MEAN,Standard Deviation,Genotonorm,Baseline (n = 14),,4.0,1.0,,
NCT00163215,"Change From Baseline in Annual Growth Rate at Month 12, Month 24, Month 36 in PP Population",cm/year,MEAN,Standard Deviation,Genotonorm,Change at Month 12 (n = 14),,4.0,1.0,,
NCT00163215,"Change From Baseline in Annual Growth Rate at Month 12, Month 24, Month 36 in PP Population",cm/year,MEAN,Standard Deviation,Genotonorm,Change at Month 24 (n = 14),,2.5,1.3,,
NCT00163215,"Change From Baseline in Annual Growth Rate at Month 12, Month 24, Month 36 in PP Population",cm/year,MEAN,Standard Deviation,Genotonorm,Change at Month 36 (n = 12),,1.8,1.1,,
NCT00163215,Height,cm,MEAN,Standard Deviation,Genotonorm,Baseline (n = 44),,123.9,17.3,,
NCT00163215,Height,cm,MEAN,Standard Deviation,Genotonorm,Month 12 (n = 39),,130.3,17.5,,
NCT00163215,Height,cm,MEAN,Standard Deviation,Genotonorm,Month 24 (n = 39),,137.8,16.9,,
NCT00163215,Height,cm,MEAN,Standard Deviation,Genotonorm,Month 36 (n = 27),,143.5,15.8,,
NCT00163215,"Change From Baseline in Height at Month 12, Month 24 and Month 36",cm,MEAN,Standard Deviation,Genotonorm,Change at Month 12 (n = 39),,7.7,2.1,,
NCT00163215,"Change From Baseline in Height at Month 12, Month 24 and Month 36",cm,MEAN,Standard Deviation,Genotonorm,Change at Month 24 (n = 39),,14.9,3.4,,
NCT00163215,"Change From Baseline in Height at Month 12, Month 24 and Month 36",cm,MEAN,Standard Deviation,Genotonorm,Change at Month 36 (n = 27),,22.3,3.7,,
NCT00163215,Mean Height Standard Deviation Score (SDS) for Chronological Age (CA),SDS,MEAN,Standard Deviation,Genotonorm,Baseline (n = 44),,-2.84,0.91,,
NCT00163215,Mean Height Standard Deviation Score (SDS) for Chronological Age (CA),SDS,MEAN,Standard Deviation,Genotonorm,Month 12 (n = 39),,-2.42,0.98,,
NCT00163215,Mean Height Standard Deviation Score (SDS) for Chronological Age (CA),SDS,MEAN,Standard Deviation,Genotonorm,Month 24 (n = 39),,-2.09,1.08,,
NCT00163215,Mean Height Standard Deviation Score (SDS) for Chronological Age (CA),SDS,MEAN,Standard Deviation,Genotonorm,Month 36 (n = 27),,-1.72,0.96,,
NCT00163215,"Change From Baseline in Height Standard Deviation Score (SDS) for Chronological Age (CA) at Month 12, Month 24 and Month 36",SDS,MEAN,Standard Deviation,Genotonorm,Change at Month 12 (n = 39),,0.41,0.42,,
NCT00163215,"Change From Baseline in Height Standard Deviation Score (SDS) for Chronological Age (CA) at Month 12, Month 24 and Month 36",SDS,MEAN,Standard Deviation,Genotonorm,Change at Month 24 (n = 39),,0.81,0.60,,
NCT00163215,"Change From Baseline in Height Standard Deviation Score (SDS) for Chronological Age (CA) at Month 12, Month 24 and Month 36",SDS,MEAN,Standard Deviation,Genotonorm,Change at Month 36 (n = 27),,1.03,0.62,,
NCT00163215,Mean Height Standard Deviation Score (SDS) for Bone Age (BA),SDS,MEAN,Standard Deviation,Genotonorm,Baseline (n = 35),,-0.71,1.52,,
NCT00163215,Mean Height Standard Deviation Score (SDS) for Bone Age (BA),SDS,MEAN,Standard Deviation,Genotonorm,Month 12 (n = 32),,-0.55,1.68,,
NCT00163215,Mean Height Standard Deviation Score (SDS) for Bone Age (BA),SDS,MEAN,Standard Deviation,Genotonorm,Month 24 (n = 32),,-0.49,1.77,,
NCT00163215,Mean Height Standard Deviation Score (SDS) for Bone Age (BA),SDS,MEAN,Standard Deviation,Genotonorm,Month 36 (n = 20),,-0.30,1.46,,
NCT00163215,"Change From Baseline in Height Standard Deviation Score (SDS) for Bone Age (BA) at Month 12, Month 24 and Month 36",SDS,MEAN,Standard Deviation,Genotonorm,Change at Month 12 (n = 28),,-0.05,1.04,,
NCT00163215,"Change From Baseline in Height Standard Deviation Score (SDS) for Bone Age (BA) at Month 12, Month 24 and Month 36",SDS,MEAN,Standard Deviation,Genotonorm,Change at Month 24 (n = 27),,0.06,1.36,,
NCT00163215,"Change From Baseline in Height Standard Deviation Score (SDS) for Bone Age (BA) at Month 12, Month 24 and Month 36",SDS,MEAN,Standard Deviation,Genotonorm,Change at Month 36 (n = 17),,0.05,1.32,,
NCT00163215,Change From Baseline in Annual Growth Rate Standard Deviation Score (SDS) for Chronological Age (CA) at Month 12 and Month 24 in ITT Population,SDS,MEAN,Standard Deviation,Genotonorm,Change at Month 12 (n = 36),,3.23,2.66,,
NCT00163215,Change From Baseline in Annual Growth Rate Standard Deviation Score (SDS) for Chronological Age (CA) at Month 12 and Month 24 in ITT Population,SDS,MEAN,Standard Deviation,Genotonorm,Change at Month 24 (n = 35),,2.62,2.05,,
NCT00163215,Change From Baseline in Annual Growth Rate Standard Deviation Score (SDS) for Chronological Age (CA) at Month 12 and Month 24 in PP Population,SDS,MEAN,Standard Deviation,Genotonorm,Change at Month 12 (n = 14),,4.40,2.12,,
NCT00163215,Change From Baseline in Annual Growth Rate Standard Deviation Score (SDS) for Chronological Age (CA) at Month 12 and Month 24 in PP Population,SDS,MEAN,Standard Deviation,Genotonorm,Change at Month 24 (n = 14),,2.97,1.68,,
NCT00163215,Mean Growth Rate Standard Deviation Score (SDS) for Bone Age (BA),SDS,MEAN,Standard Deviation,Genotonorm,Month 12 (n = 28),,1.06,1.57,,
NCT00163215,Mean Growth Rate Standard Deviation Score (SDS) for Bone Age (BA),SDS,MEAN,Standard Deviation,Genotonorm,Month 24 (n = 25),,0.46,1.15,,
NCT00163215,Mean Growth Rate Standard Deviation Score (SDS) for Bone Age (BA),SDS,MEAN,Standard Deviation,Genotonorm,Month 36 (n = 19),,-0.01,1.19,,
NCT00163215,"Change From Baseline in Bone Age (BA) at Month 12, Month 24 and Month 36",years,MEAN,Standard Deviation,Genotonorm,Baseline (n = 40),,8.70,3.28,,
NCT00163215,"Change From Baseline in Bone Age (BA) at Month 12, Month 24 and Month 36",years,MEAN,Standard Deviation,Genotonorm,Change at Month 12 (n = 28),,1.69,0.90,,
NCT00163215,"Change From Baseline in Bone Age (BA) at Month 12, Month 24 and Month 36",years,MEAN,Standard Deviation,Genotonorm,Change at Month 24 (n = 28),,2.60,0.97,,
NCT00163215,"Change From Baseline in Bone Age (BA) at Month 12, Month 24 and Month 36",years,MEAN,Standard Deviation,Genotonorm,Change at Month 36 (n = 21),,4.04,1.09,,
NCT00163215,Ratio of Bone Age (BA) to Chronological Age (CA),ratio,MEAN,Standard Deviation,Genotonorm,Baseline (n = 40),,0.79,0.15,,
NCT00163215,Ratio of Bone Age (BA) to Chronological Age (CA),ratio,MEAN,Standard Deviation,Genotonorm,Month 12 (n = 30),,0.83,0.15,,
NCT00163215,Ratio of Bone Age (BA) to Chronological Age (CA),ratio,MEAN,Standard Deviation,Genotonorm,Month 24 (n = 32),,0.85,0.12,,
NCT00163215,Ratio of Bone Age (BA) to Chronological Age (CA),ratio,MEAN,Standard Deviation,Genotonorm,Month 36 (n = 23),,0.89,0.14,,
NCT00163293,Growth Velocity as Assessed by Stadiometric Height Measurement,mm/year,MEAN,Standard Deviation,Ciclesonide 100 µg,,,55.32,25.81,,
NCT00163293,Growth Velocity as Assessed by Stadiometric Height Measurement,mm/year,MEAN,Standard Deviation,Ciclesonide 200 µg,,,64.60,27.31,,
NCT00163293,Growth Velocity as Assessed by Stadiometric Height Measurement,mm/year,MEAN,Standard Deviation,Placebo,,,54.91,21.78,,
NCT00165698,Height (Meter),meters,MEAN,Standard Deviation,Menatetrenone,Baseline,,1.54,0.05,,
NCT00165698,Height (Meter),meters,MEAN,Standard Deviation,Alfacalcidol,Baseline,,1.55,0.05,,
NCT00165698,Height (Meter),meters,MEAN,Standard Deviation,Menatetrenone,At 12 months,,1.54,0.06,,
NCT00165698,Height (Meter),meters,MEAN,Standard Deviation,Alfacalcidol,At 12 months,,1.55,0.05,,
NCT00167661,Growth Post-transplant Reported by Height Z Score,z-score,MEAN,Full Range,Campath 1-H,baseline,,-0.99,,-5.0,1.25
NCT00167661,Growth Post-transplant Reported by Height Z Score,z-score,MEAN,Full Range,Campath 1-H,12 months,,-0.41,,-3.06,1.40
NCT00167661,Growth Post-transplant Reported by Height Z Score,z-score,MEAN,Full Range,Campath 1-H,24 months,,-0.35,,-2.31,1.33
NCT00174187,Change From Baseline in Height Standard Deviation Score According to Chronological Age (SDS/CA) at Year 3,Standard Deviation Score (SDS),MEDIAN,Inter-Quartile Range,Somatropin- Up To Year 3 (Juvenile Idiopathic Arthritis),Baseline,,-3.6,,-5.1,-2.3
NCT00174187,Change From Baseline in Height Standard Deviation Score According to Chronological Age (SDS/CA) at Year 3,Standard Deviation Score (SDS),MEDIAN,Inter-Quartile Range,Somatropin- Up To Year 3 (Nephrotic Syndrome),Baseline,,-2.5,,-2.8,-2.2
NCT00174187,Change From Baseline in Height Standard Deviation Score According to Chronological Age (SDS/CA) at Year 3,Standard Deviation Score (SDS),MEDIAN,Inter-Quartile Range,Somatropin- Up To Year 3 (Juvenile Idiopathic Arthritis),Change at Year 3,,0.2,,-1.5,1.8
NCT00174187,Change From Baseline in Height Standard Deviation Score According to Chronological Age (SDS/CA) at Year 3,Standard Deviation Score (SDS),MEDIAN,Inter-Quartile Range,Somatropin- Up To Year 3 (Nephrotic Syndrome),Change at Year 3,,1.1,,0.8,1.5
NCT00174187,Change From Baseline in Height Standard Deviation Score According to Chronological Age (SDS/CA) at Final Height,SDS,MEDIAN,Full Range,Somatropin- After Year 3,Baseline (n = 21),,-2.86,,-5.61,-1.00
NCT00174187,Change From Baseline in Height Standard Deviation Score According to Chronological Age (SDS/CA) at Final Height,SDS,MEDIAN,Full Range,Somatropin- After Year 3,Change at Final Height (n = 4),,0.71,,0.27,3.08
NCT00174187,Change From Baseline in Weight Standard Deviation Score (SDS) at Final Height,SDS,MEDIAN,Full Range,Somatropin- After Year 3,Baseline (n = 21),,-1.53,,-4.77,2.64
NCT00174187,Change From Baseline in Weight Standard Deviation Score (SDS) at Final Height,SDS,MEDIAN,Full Range,Somatropin- After Year 3,Change at Final Height (n = 4),,-0.43,,-1.37,1.09
NCT00174187,Puberty Stage at Final Height,participants,NUMBER,,Somatropin- After Year 3,Pubic hair: Stage I (n=4),,0,,,
NCT00174187,Puberty Stage at Final Height,participants,NUMBER,,Somatropin- After Year 3,Pubic hair: Stage II (n=4),,0,,,
NCT00174187,Puberty Stage at Final Height,participants,NUMBER,,Somatropin- After Year 3,Pubic hair: Stage III (n=4),,0,,,
NCT00174187,Puberty Stage at Final Height,participants,NUMBER,,Somatropin- After Year 3,Pubic hair: Stage IV (n=4),,0,,,
NCT00174187,Puberty Stage at Final Height,participants,NUMBER,,Somatropin- After Year 3,Pubic hair: Stage V (n=4),,4,,,
NCT00174187,Puberty Stage at Final Height,participants,NUMBER,,Somatropin- After Year 3,Breast development: Stage I (n=1),,0,,,
NCT00174187,Puberty Stage at Final Height,participants,NUMBER,,Somatropin- After Year 3,Breast development: Stage II (n=1),,0,,,
NCT00174187,Puberty Stage at Final Height,participants,NUMBER,,Somatropin- After Year 3,Breast development: Stage III (n=1),,0,,,
NCT00174187,Puberty Stage at Final Height,participants,NUMBER,,Somatropin- After Year 3,Breast development: Stage IV (n=1),,0,,,
NCT00174187,Puberty Stage at Final Height,participants,NUMBER,,Somatropin- After Year 3,Breast development: Stage V (n=1),,1,,,
NCT00174187,Bone Age,years,MEDIAN,Inter-Quartile Range,Somatropin- Up To Year 3 (Juvenile Idiopathic Arthritis),"Baseline (n = 14, 15)",,8.9,,7.0,10.0
NCT00174187,Bone Age,years,MEDIAN,Inter-Quartile Range,Somatropin- Up To Year 3 (Nephrotic Syndrome),"Baseline (n = 14, 15)",,10.5,,7.0,13.0
NCT00174187,Bone Age,years,MEDIAN,Inter-Quartile Range,Somatropin- Up To Year 3 (Juvenile Idiopathic Arthritis),"Year 1 (n = 14, 15)",,9.5,,7.8,11.5
NCT00174187,Bone Age,years,MEDIAN,Inter-Quartile Range,Somatropin- Up To Year 3 (Nephrotic Syndrome),"Year 1 (n = 14, 15)",,11.5,,7.0,14.0
NCT00174187,Bone Age,years,MEDIAN,Inter-Quartile Range,Somatropin- Up To Year 3 (Juvenile Idiopathic Arthritis),"Year 2 (n = 15, 13)",,10.0,,8.0,13.0
NCT00174187,Bone Age,years,MEDIAN,Inter-Quartile Range,Somatropin- Up To Year 3 (Nephrotic Syndrome),"Year 2 (n = 15, 13)",,14.0,,10.0,14.5
NCT00174187,Bone Age,years,MEDIAN,Inter-Quartile Range,Somatropin- Up To Year 3 (Juvenile Idiopathic Arthritis),"Year 3 (n = 15, 14)",,11.3,,8.8,14.5
NCT00174187,Bone Age,years,MEDIAN,Inter-Quartile Range,Somatropin- Up To Year 3 (Nephrotic Syndrome),"Year 3 (n = 15, 14)",,14.0,,11.5,15.0
NCT00174187,Growth Velocity (GV),cm/year,MEDIAN,Inter-Quartile Range,Somatropin- Up To Year 3 (Juvenile Idiopathic Arthritis),"Baseline (n = 11, 14)",,2.9,,1.1,4.8
NCT00174187,Growth Velocity (GV),cm/year,MEDIAN,Inter-Quartile Range,Somatropin- Up To Year 3 (Nephrotic Syndrome),"Baseline (n = 11, 14)",,3.8,,2.7,4.4
NCT00174187,Growth Velocity (GV),cm/year,MEDIAN,Inter-Quartile Range,Somatropin- Up To Year 3 (Juvenile Idiopathic Arthritis),"Year 1 (n = 14, 15)",,6.5,,3.5,8.6
NCT00174187,Growth Velocity (GV),cm/year,MEDIAN,Inter-Quartile Range,Somatropin- Up To Year 3 (Nephrotic Syndrome),"Year 1 (n = 14, 15)",,8.3,,5.4,8.7
NCT00174187,Growth Velocity (GV),cm/year,MEDIAN,Inter-Quartile Range,Somatropin- Up To Year 3 (Juvenile Idiopathic Arthritis),"Year 2 (n = 14, 15)",,5.3,,1.8,6.9
NCT00174187,Growth Velocity (GV),cm/year,MEDIAN,Inter-Quartile Range,Somatropin- Up To Year 3 (Nephrotic Syndrome),"Year 2 (n = 14, 15)",,7.0,,4.1,9.2
NCT00174187,Growth Velocity (GV),cm/year,MEDIAN,Inter-Quartile Range,Somatropin- Up To Year 3 (Juvenile Idiopathic Arthritis),"Year 3 (n = 14, 14)",,4.5,,1.9,6.8
NCT00174187,Growth Velocity (GV),cm/year,MEDIAN,Inter-Quartile Range,Somatropin- Up To Year 3 (Nephrotic Syndrome),"Year 3 (n = 14, 14)",,5.9,,2.3,7.2
NCT00174187,Growth Velocity Standard Deviation Score According to Chronological Age (GV [SDS/CA]),SDS,MEDIAN,Inter-Quartile Range,Somatropin- Up To Year 3 (Juvenile Idiopathic Arthritis),"Baseline (n = 10, 14)",,-1.7,,-2.8,-1.3
NCT00174187,Growth Velocity Standard Deviation Score According to Chronological Age (GV [SDS/CA]),SDS,MEDIAN,Inter-Quartile Range,Somatropin- Up To Year 3 (Nephrotic Syndrome),"Baseline (n = 10, 14)",,-2.2,,-2.9,-1.3
NCT00174187,Growth Velocity Standard Deviation Score According to Chronological Age (GV [SDS/CA]),SDS,MEDIAN,Inter-Quartile Range,Somatropin- Up To Year 3 (Juvenile Idiopathic Arthritis),"Year 1 (n = 14, 15)",,1.0,,-1.5,3.9
NCT00174187,Growth Velocity Standard Deviation Score According to Chronological Age (GV [SDS/CA]),SDS,MEDIAN,Inter-Quartile Range,Somatropin- Up To Year 3 (Nephrotic Syndrome),"Year 1 (n = 14, 15)",,1.3,,-0.7,1.9
NCT00174187,Growth Velocity Standard Deviation Score According to Chronological Age (GV [SDS/CA]),SDS,MEDIAN,Inter-Quartile Range,Somatropin- Up To Year 3 (Juvenile Idiopathic Arthritis),"Year 2 (n = 14, 15)",,0.1,,-1.9,3.7
NCT00174187,Growth Velocity Standard Deviation Score According to Chronological Age (GV [SDS/CA]),SDS,MEDIAN,Inter-Quartile Range,Somatropin- Up To Year 3 (Nephrotic Syndrome),"Year 2 (n = 14, 15)",,2.9,,1.4,4.2
NCT00174187,Growth Velocity Standard Deviation Score According to Chronological Age (GV [SDS/CA]),SDS,MEDIAN,Inter-Quartile Range,Somatropin- Up To Year 3 (Juvenile Idiopathic Arthritis),"Year 3 (n = 14, 14)",,0.4,,-0.5,2.1
NCT00174187,Growth Velocity Standard Deviation Score According to Chronological Age (GV [SDS/CA]),SDS,MEDIAN,Inter-Quartile Range,Somatropin- Up To Year 3 (Nephrotic Syndrome),"Year 3 (n = 14, 14)",,2.9,,-0.1,5.7
NCT00174187,Growth Velocity Standard Deviation Score According to Bone Age (GV [SDS/BA]),SDS,MEDIAN,Inter-Quartile Range,Somatropin- Up To Year 3 (Juvenile Idiopathic Arthritis),"Baseline (n = 9, 14)",,-2.8,,-3.9,-1.7
NCT00174187,Growth Velocity Standard Deviation Score According to Bone Age (GV [SDS/BA]),SDS,MEDIAN,Inter-Quartile Range,Somatropin- Up To Year 3 (Nephrotic Syndrome),"Baseline (n = 9, 14)",,-2.1,,-2.4,-1.1
NCT00174187,Growth Velocity Standard Deviation Score According to Bone Age (GV [SDS/BA]),SDS,MEDIAN,Inter-Quartile Range,Somatropin- Up To Year 3 (Juvenile Idiopathic Arthritis),"Year 1 (n = 13, 15)",,0.8,,-0.9,2.9
NCT00174187,Growth Velocity Standard Deviation Score According to Bone Age (GV [SDS/BA]),SDS,MEDIAN,Inter-Quartile Range,Somatropin- Up To Year 3 (Nephrotic Syndrome),"Year 1 (n = 13, 15)",,0.6,,-0.6,2.4
NCT00174187,Growth Velocity Standard Deviation Score According to Bone Age (GV [SDS/BA]),SDS,MEDIAN,Inter-Quartile Range,Somatropin- Up To Year 3 (Juvenile Idiopathic Arthritis),"Year 2 (n = 14, 13)",,-0.3,,-3.9,1.1
NCT00174187,Growth Velocity Standard Deviation Score According to Bone Age (GV [SDS/BA]),SDS,MEDIAN,Inter-Quartile Range,Somatropin- Up To Year 3 (Nephrotic Syndrome),"Year 2 (n = 14, 13)",,1.4,,-0.6,2.0
NCT00174187,Growth Velocity Standard Deviation Score According to Bone Age (GV [SDS/BA]),SDS,MEDIAN,Inter-Quartile Range,Somatropin- Up To Year 3 (Juvenile Idiopathic Arthritis),"Year 3 (n = 14, 14)",,-0.9,,-2.2,0.9
NCT00174187,Growth Velocity Standard Deviation Score According to Bone Age (GV [SDS/BA]),SDS,MEDIAN,Inter-Quartile Range,Somatropin- Up To Year 3 (Nephrotic Syndrome),"Year 3 (n = 14, 14)",,0.1,,-1.7,3.4
NCT00174252,Change in Height From Baseline,centimeters (cm),MEAN,Standard Deviation,Genotonorm,12 Months,,9.0,1.3,,
NCT00174252,Change in Height From Baseline,centimeters (cm),MEAN,Standard Deviation,Genotonorm,24 Months,,16.4,2.2,,
NCT00174252,Change in Height SD Chronological Age (CA) From Baseline at 12 Months in Children With IGF-1 < = 2 SD at 9 or 12 Months,SD for CA,MEAN,Standard Deviation,Genotonorm,,,0.81,0.26,,
NCT00174252,Change in Height SD CA From Baseline at 24 Months in Children With IGF-1 < = 2 SD at 9 or 12 Months,SD for CA,MEAN,Standard Deviation,Genotonorm,,,1.24,0.48,,
NCT00174252,Change in Height SD CA From Baseline at 12 and 24 Months in Children With IGF-1 > 2 SD at 9 and 12 Months,SD for BA,MEAN,Standard Deviation,Genotonorm,12 Months,,1.13,0.35,,
NCT00174252,Change in Height SD CA From Baseline at 12 and 24 Months in Children With IGF-1 > 2 SD at 9 and 12 Months,SD for BA,MEAN,Standard Deviation,Genotonorm,24 Months,,1.53,0.20,,
NCT00174252,Change in Height SD Bone Age (BA) From Baseline at 12 Months in Children With IGF-1 < = 2 SD at 9 or 12 Months,SD for BA,MEAN,Standard Deviation,Genotonorm,,,0.44,1.34,,
NCT00174252,Change in Height SD BA From Baseline at 24 Months in Children With IGF-1 < = 2 SD at 9 or 12 Months,Height in SD,MEAN,Standard Deviation,Genotonorm,,,0.12,1.86,,
NCT00174252,Change in Height SD BA From Baseline at 12 and 24 Months in Children With IGF-1 > 2 SD at 9 and 12 Months,SD for BA,MEAN,Standard Deviation,Genotonorm,12 Months,,0.64,1.19,,
NCT00174252,Change in Height SD BA From Baseline at 12 and 24 Months in Children With IGF-1 > 2 SD at 9 and 12 Months,SD for BA,MEAN,Standard Deviation,Genotonorm,24 Months,,0.64,1.30,,
NCT00174252,Growth Rate at 12 and 24 Months,cm/year,MEAN,Standard Deviation,Genotonorm,12 Months,,9.06,1.40,,
NCT00174252,Growth Rate at 12 and 24 Months,cm/year,MEAN,Standard Deviation,Genotonorm,24 Months (n=55),,7.23,1.38,,
NCT00174252,Summary of Growth Rate SD (CA) at 12 and 24 Months in Children With IGF-1 < = 2 SD at 9 or 12 Months,SD for CA,MEAN,Standard Deviation,Genotonorm,12 Months,,3.77,1.68,,
NCT00174252,Summary of Growth Rate SD (CA) at 12 and 24 Months in Children With IGF-1 < = 2 SD at 9 or 12 Months,SD for CA,MEAN,Standard Deviation,Genotonorm,24 Months (n=47),,1.74,1.51,,
NCT00174252,Summary of Growth Rate SD (CA) at 12 and 24 Months in Children With IGF-1 > 2 SD at 9 and 12 Months,SD for CA,MEAN,Standard Deviation,Genotonorm,12 Months,,5.24,1.64,,
NCT00174252,Summary of Growth Rate SD (CA) at 12 and 24 Months in Children With IGF-1 > 2 SD at 9 and 12 Months,SD for CA,MEAN,Standard Deviation,Genotonorm,24 Months,,2.15,2.21,,
NCT00174252,Summary of Growth Rate SD (BA) at 12 Months in Children With IGF-1 < = 2 SD at 9 or 12 Months,SD for CA,MEAN,Standard Deviation,Genotonorm,,,2.38,1.88,,
NCT00174252,Summary of Growth Rate SD (BA) at 24 Months in Children With IGF-1 < = 2 SD at 9 or 12 Months,SD for BA,MEAN,Standard Deviation,Genotonorm,,,1.26,1.62,,
NCT00174252,Summary of Growth Rate SD (BA) at 12 and 24 Months in Children With IGF-1 > 2 SD at 9 and 12 Months,SD for BA,MEAN,Standard Deviation,Genotonorm,12 Months,,4.02,2.37,,
NCT00174252,Summary of Growth Rate SD (BA) at 12 and 24 Months in Children With IGF-1 > 2 SD at 9 and 12 Months,SD for BA,MEAN,Standard Deviation,Genotonorm,24 Months (n=6),,1.71,2.26,,
NCT00174252,Analysis of Covariance (ANCOVA) for Height SD CA at 12 Months in Children With IGF-1 < = 2 SD at 9 or 12 Months and IGF-1 > 2 SD at 9 and 12 Months,SD for CA,MEAN,Standard Error,Genotonorm (IGF-1 < = 2 SD at 9 or 12 Months),,,-1.94,0.04,,
NCT00174252,Analysis of Covariance (ANCOVA) for Height SD CA at 12 Months in Children With IGF-1 < = 2 SD at 9 or 12 Months and IGF-1 > 2 SD at 9 and 12 Months,SD for CA,MEAN,Standard Error,Genotonorm (IGF-1 > 2 SD at 9 and 12 Months),,,-1.59,0.10,,
NCT00174252,ANCOVA for Height SD CA at 24 Months in Children With IGF-1 < = 2 SD at 9 or 12 Months and IGF-1 > 2 SD at 9 and 12 Months,SD for CA,MEAN,Standard Error,Genotonorm (IGF-1 < = 2 SD at 9 or 12 Months),,,-1.53,0.06,,
NCT00174252,ANCOVA for Height SD CA at 24 Months in Children With IGF-1 < = 2 SD at 9 or 12 Months and IGF-1 > 2 SD at 9 and 12 Months,SD for CA,MEAN,Standard Error,Genotonorm (IGF-1 > 2 SD at 9 and 12 Months),,,-1.18,0.14,,
NCT00174252,ANCOVA for Height SD BA at 12 Months in Children With IGF-1 < = 2 SD at 9 or 12 Months and IGF-1 > 2 SD at 9 and 12 Months,SD for BA,MEAN,Standard Error,Genotonorm (IGF-1 < = 2 SD at 9 or 12 Months),,,0.56,0.22,,
NCT00174252,ANCOVA for Height SD BA at 12 Months in Children With IGF-1 < = 2 SD at 9 or 12 Months and IGF-1 > 2 SD at 9 and 12 Months,SD for BA,MEAN,Standard Error,Genotonorm (IGF-1 > 2 SD at 9 and 12 Months),,,0.76,0.48,,
NCT00174252,ANCOVA for Height SD BA at 24 Months in Children With IGF-1 <= 2 SD at 9 or 12 Months and IGF-1 > 2 SD at 9 and 12 Months,SD for BA,MEAN,Standard Error,Genotonorm (IGF-1 < = 2 SD at 9 or 12 Months),,,0.05,0.25,,
NCT00174252,ANCOVA for Height SD BA at 24 Months in Children With IGF-1 <= 2 SD at 9 or 12 Months and IGF-1 > 2 SD at 9 and 12 Months,SD for BA,MEAN,Standard Error,Genotonorm (IGF-1 > 2 SD at 9 and 12 Months),,,0.64,0.53,,
NCT00174291,Change From Baseline in Height Standard Deviation Score (SDS) at Year 3,SDS,MEDIAN,Full Range,Somatropin (With Previous Somatropin Exposure),Baseline,,-0.61,,-3.7,1.4
NCT00174291,Change From Baseline in Height Standard Deviation Score (SDS) at Year 3,SDS,MEDIAN,Full Range,Somatropin (Without Previous Somatropin Exposure),Baseline,,-2.34,,-4.8,-1.4
NCT00174291,Change From Baseline in Height Standard Deviation Score (SDS) at Year 3,SDS,MEDIAN,Full Range,Somatropin (With Previous Somatropin Exposure),Change at Year 3,,0.73,,-2.4,2.6
NCT00174291,Change From Baseline in Height Standard Deviation Score (SDS) at Year 3,SDS,MEDIAN,Full Range,Somatropin (Without Previous Somatropin Exposure),Change at Year 3,,1.21,,-0.7,2.4
NCT00174291,Change From Baseline in Height Standard Deviation Score (SDS) at Final Height,SDS,MEDIAN,Full Range,Somatropin (With Previous Somatropin Exposure),Baseline,,0.96,,-3.7,2.3
NCT00174291,Change From Baseline in Height Standard Deviation Score (SDS) at Final Height,SDS,MEDIAN,Full Range,Somatropin (Without Previous Somatropin Exposure),Baseline,,-0.94,,-1.4,-0.5
NCT00174291,Change From Baseline in Height Standard Deviation Score (SDS) at Final Height,SDS,MEDIAN,Full Range,Somatropin (With Previous Somatropin Exposure),Change at Final Height,,-0.43,,-0.8,0.5
NCT00174291,Change From Baseline in Height Standard Deviation Score (SDS) at Final Height,SDS,MEDIAN,Full Range,Somatropin (Without Previous Somatropin Exposure),Change at Final Height,,0.08,,-0.7,0.9
NCT00174291,Change From Baseline in Predicted Height Standard Deviation Score (SDS) at Year 3,SDS,MEDIAN,Full Range,Somatropin (With Previous Somatropin Exposure),Baseline,,-0.76,,-1.8,0.7
NCT00174291,Change From Baseline in Predicted Height Standard Deviation Score (SDS) at Year 3,SDS,MEDIAN,Full Range,Somatropin (Without Previous Somatropin Exposure),Baseline,,-2.43,,-2.6,-1.6
NCT00174291,Change From Baseline in Predicted Height Standard Deviation Score (SDS) at Year 3,SDS,MEDIAN,Full Range,Somatropin (With Previous Somatropin Exposure),Change at Year 3,,0.68,,-2.6,2.0
NCT00174291,Change From Baseline in Predicted Height Standard Deviation Score (SDS) at Year 3,SDS,MEDIAN,Full Range,Somatropin (Without Previous Somatropin Exposure),Change at Year 3,,1.63,,0.1,2.3
NCT00174291,Change From Baseline in Predicted Height Standard Deviation Score (SDS) at Final Height,SDS,MEDIAN,Full Range,Somatropin (With Previous Somatropin Exposure),Baseline,,-0.84,,-1.8,0.1
NCT00174291,Change From Baseline in Predicted Height Standard Deviation Score (SDS) at Final Height,SDS,MEDIAN,Full Range,Somatropin (Without Previous Somatropin Exposure),Baseline,,-1.74,,-2.4,-1.1
NCT00174291,Change From Baseline in Predicted Height Standard Deviation Score (SDS) at Final Height,SDS,MEDIAN,Full Range,Somatropin (With Previous Somatropin Exposure),Change at Final Height,,-0.67,,-2.4,1.0
NCT00174291,Change From Baseline in Predicted Height Standard Deviation Score (SDS) at Final Height,SDS,MEDIAN,Full Range,Somatropin (Without Previous Somatropin Exposure),Change at Final Height,,0.71,,0.1,1.3
NCT00174460,Change in Height Standard Deviation Score (SDS) After 1 Year,centimeters,LEAST_SQUARES_MEAN,Standard Error,Somatropin,,,1.099,0.0714,,
NCT00174460,Change in Height Standard Deviation Score (SDS) After 1 Year,centimeters,LEAST_SQUARES_MEAN,Standard Error,Control Arm,,,0.108,0.0783,,
NCT00174460,Change From Baseline in Growth Velocity After 1 Year and After 2 Years,centimeters per year,LEAST_SQUARES_MEAN,Standard Error,Somatropin,Month 12,,5.110,0.2623,,
NCT00174460,Change From Baseline in Growth Velocity After 1 Year and After 2 Years,centimeters per year,LEAST_SQUARES_MEAN,Standard Error,Control Arm,Month 12,,0.695,0.2881,,
NCT00174460,Change From Baseline in Growth Velocity After 1 Year and After 2 Years,centimeters per year,LEAST_SQUARES_MEAN,Standard Error,Somatropin,Month 24,,3.049,0.3546,,
NCT00174460,Change From Baseline in Growth Velocity After 1 Year and After 2 Years,centimeters per year,LEAST_SQUARES_MEAN,Standard Error,Control Arm,Month 24,,3.934,0.3893,,
NCT00174460,Change From Baseline in Growth Velocity SDS After 2 Years,centimeters per year,LEAST_SQUARES_MEAN,Standard Error,Somatropin,,,4.751,0.4716,,
NCT00174460,Change From Baseline in Growth Velocity SDS After 2 Years,centimeters per year,LEAST_SQUARES_MEAN,Standard Error,Control Arm,,,5.825,0.5177,,
NCT00174460,Change From Baseline in Height After 1 Year and After 2 Years,centimeters,LEAST_SQUARES_MEAN,Standard Error,Somatropin,Month 12,,10.467,0.2439,,
NCT00174460,Change From Baseline in Height After 1 Year and After 2 Years,centimeters,LEAST_SQUARES_MEAN,Standard Error,Control Arm,Month 12,,5.927,0.2677,,
NCT00174460,Change From Baseline in Height After 1 Year and After 2 Years,centimeters,LEAST_SQUARES_MEAN,Standard Error,Somatropin,Month 24,,18.908,0.6507,,
NCT00174460,Change From Baseline in Height After 1 Year and After 2 Years,centimeters,LEAST_SQUARES_MEAN,Standard Error,Control Arm,Month 24,,14.844,0.7149,,
NCT00174460,Change From Baseline in Height SDS After 2 Years,centimeters,LEAST_SQUARES_MEAN,Standard Error,Somatropin,,,1.710,0.1075,,
NCT00174460,Change From Baseline in Height SDS After 2 Years,centimeters,LEAST_SQUARES_MEAN,Standard Error,Control Arm,,,0.991,0.1179,,
NCT00174460,Change in Growth Velocity Standard Deviation Score (SDS) After 1 Year,centimeters per year,LEAST_SQUARES_MEAN,Standard Error,Somatropin,,,7.117,0.4384,,
NCT00174460,Change in Growth Velocity Standard Deviation Score (SDS) After 1 Year,centimeters per year,LEAST_SQUARES_MEAN,Standard Error,Control Arm,,,1.502,0.4814,,
NCT00174460,Growth Curve Comparison Based on Height SDS,centimeters,LEAST_SQUARES_MEAN,Standard Error,Somatropin,Month 12,,-2.260,0.0735,,
NCT00174460,Growth Curve Comparison Based on Height SDS,centimeters,LEAST_SQUARES_MEAN,Standard Error,Control Arm,Month 12,,-3.259,0.0802,,
NCT00174460,Growth Curve Comparison Based on Height SDS,centimeters,LEAST_SQUARES_MEAN,Standard Error,Somatropin,Month 24,,-1.638,0.1016,,
NCT00174460,Growth Curve Comparison Based on Height SDS,centimeters,LEAST_SQUARES_MEAN,Standard Error,Control Arm,Month 24,,-2.327,0.1122,,
NCT00174460,Growth Curve Comparison Based on Height SDS: Control Arm,centimeters,LEAST_SQUARES_MEAN,Standard Error,Control Arm,,,-1.794,0.1318,,
NCT00174460,Growth Curve Comparison Based on Height,centimeters,LEAST_SQUARES_MEAN,Standard Error,Somatropin,Month 12,,114.228,0.3330,,
NCT00174460,Growth Curve Comparison Based on Height,centimeters,LEAST_SQUARES_MEAN,Standard Error,Control Arm,Month 12,,109.644,0.3733,,
NCT00174460,Growth Curve Comparison Based on Height,centimeters,LEAST_SQUARES_MEAN,Standard Error,Somatropin,Month 24,,123.351,0.4830,,
NCT00174460,Growth Curve Comparison Based on Height,centimeters,LEAST_SQUARES_MEAN,Standard Error,Control Arm,Month 24,,119.788,0.5255,,
NCT00174460,Growth Curve Comparison Based on Height: Control Arm,centimeters,LEAST_SQUARES_MEAN,Standard Error,Control Arm,,,128.049,0.7821,,
NCT00184717,Change in Height Standard Deviation Score (SDS) for Chronological Age (CA) at Week 260 - Subjects Received NN220 Treatment for 5 Years,Standard Deviation Score (SDS),LEAST_SQUARES_MEAN,Standard Error,0.033 mg / NN-220,Week 0,,-2.9488,0.6368,,
NCT00184717,Change in Height Standard Deviation Score (SDS) for Chronological Age (CA) at Week 260 - Subjects Received NN220 Treatment for 5 Years,Standard Deviation Score (SDS),LEAST_SQUARES_MEAN,Standard Error,0.067 mg / NN-220,Week 0,,-2.9047,0.6718,,
NCT00184717,Change in Height Standard Deviation Score (SDS) for Chronological Age (CA) at Week 260 - Subjects Received NN220 Treatment for 5 Years,Standard Deviation Score (SDS),LEAST_SQUARES_MEAN,Standard Error,0.033 mg / NN-220,Week 260,,1.2066,0.1102,,
NCT00184717,Change in Height Standard Deviation Score (SDS) for Chronological Age (CA) at Week 260 - Subjects Received NN220 Treatment for 5 Years,Standard Deviation Score (SDS),LEAST_SQUARES_MEAN,Standard Error,0.067 mg / NN-220,Week 260,,2.0247,0.1083,,
NCT00184717,Change in Height Standard Deviation Score (SDS) for Chronological Age (CA) at Week 208 - Subjects Received NN220 Treatment for 4 Years,Standard Deviation Score (SDS),LEAST_SQUARES_MEAN,Standard Error,No Treatment --> 0.033 mg,Week 0,,-2.9603,0.6689,,
NCT00184717,Change in Height Standard Deviation Score (SDS) for Chronological Age (CA) at Week 208 - Subjects Received NN220 Treatment for 4 Years,Standard Deviation Score (SDS),LEAST_SQUARES_MEAN,Standard Error,No Treatment --> 0.067 mg,Week 0,,-2.7481,0.3524,,
NCT00184717,Change in Height Standard Deviation Score (SDS) for Chronological Age (CA) at Week 208 - Subjects Received NN220 Treatment for 4 Years,Standard Deviation Score (SDS),LEAST_SQUARES_MEAN,Standard Error,No Treatment --> 0.033 mg,Week 208,,1.0997,0.2453,,
NCT00184717,Change in Height Standard Deviation Score (SDS) for Chronological Age (CA) at Week 208 - Subjects Received NN220 Treatment for 4 Years,Standard Deviation Score (SDS),LEAST_SQUARES_MEAN,Standard Error,No Treatment --> 0.067 mg,Week 208,,1.9151,0.2275,,
NCT00184717,Yearly Height Velocity SDS for Chronological Age - Subjects Received NN220 Treatment for 5 Years,Standard Deviation Score (SDS),MEAN,Standard Deviation,0.033 mg / NN-220,"Baseline, n=31, 34",,-1.6299,0.9738,,
NCT00184717,Yearly Height Velocity SDS for Chronological Age - Subjects Received NN220 Treatment for 5 Years,Standard Deviation Score (SDS),MEAN,Standard Deviation,0.067 mg / NN-220,"Baseline, n=31, 34",,-2.0303,1.4527,,
NCT00184717,Yearly Height Velocity SDS for Chronological Age - Subjects Received NN220 Treatment for 5 Years,Standard Deviation Score (SDS),MEAN,Standard Deviation,0.033 mg / NN-220,"Week 52, n=29, 34",,2.4717,1.9848,,
NCT00184717,Yearly Height Velocity SDS for Chronological Age - Subjects Received NN220 Treatment for 5 Years,Standard Deviation Score (SDS),MEAN,Standard Deviation,0.067 mg / NN-220,"Week 52, n=29, 34",,4.7875,1.9365,,
NCT00184717,Yearly Height Velocity SDS for Chronological Age - Subjects Received NN220 Treatment for 5 Years,Standard Deviation Score (SDS),MEAN,Standard Deviation,0.033 mg / NN-220,"Week 104, n=29, 32",,1.1344,1.2782,,
NCT00184717,Yearly Height Velocity SDS for Chronological Age - Subjects Received NN220 Treatment for 5 Years,Standard Deviation Score (SDS),MEAN,Standard Deviation,0.067 mg / NN-220,"Week 104, n=29, 32",,2.8877,1.1272,,
NCT00184717,Yearly Height Velocity SDS for Chronological Age - Subjects Received NN220 Treatment for 5 Years,Standard Deviation Score (SDS),MEAN,Standard Deviation,0.033 mg / NN-220,"Week 156, n=25, 29",,0.8015,1.0583,,
NCT00184717,Yearly Height Velocity SDS for Chronological Age - Subjects Received NN220 Treatment for 5 Years,Standard Deviation Score (SDS),MEAN,Standard Deviation,0.067 mg / NN-220,"Week 156, n=25, 29",,2.1641,1.5929,,
NCT00184717,Yearly Height Velocity SDS for Chronological Age - Subjects Received NN220 Treatment for 5 Years,Standard Deviation Score (SDS),MEAN,Standard Deviation,0.033 mg / NN-220,"Week 208, n=25, 28",,0.3991,1.3006,,
NCT00184717,Yearly Height Velocity SDS for Chronological Age - Subjects Received NN220 Treatment for 5 Years,Standard Deviation Score (SDS),MEAN,Standard Deviation,0.067 mg / NN-220,"Week 208, n=25, 28",,1.4724,1.8696,,
NCT00184717,Yearly Height Velocity SDS for Chronological Age - Subjects Received NN220 Treatment for 5 Years,Standard Deviation Score (SDS),MEAN,Standard Deviation,0.033 mg / NN-220,"Week 260, n=23, 27",,0.4612,2.1558,,
NCT00184717,Yearly Height Velocity SDS for Chronological Age - Subjects Received NN220 Treatment for 5 Years,Standard Deviation Score (SDS),MEAN,Standard Deviation,0.067 mg / NN-220,"Week 260, n=23, 27",,0.7973,2.1822,,
NCT00184717,Yearly Height Velocity SDS for Chronological Age - Subjects Received NN220 Treatment for 4 Years,Standard Deviation Score (SDS),MEAN,Standard Deviation,No Treatment --> 0.033 mg,"Baseline, n=7,8",,0.073,1.5681,,
NCT00184717,Yearly Height Velocity SDS for Chronological Age - Subjects Received NN220 Treatment for 4 Years,Standard Deviation Score (SDS),MEAN,Standard Deviation,No Treatment --> 0.067 mg,"Baseline, n=7,8",,-1.356,0.708,,
NCT00184717,Yearly Height Velocity SDS for Chronological Age - Subjects Received NN220 Treatment for 4 Years,Standard Deviation Score (SDS),MEAN,Standard Deviation,No Treatment --> 0.033 mg,"Week 52, n=7, 8",,2.1677,0.61,,
NCT00184717,Yearly Height Velocity SDS for Chronological Age - Subjects Received NN220 Treatment for 4 Years,Standard Deviation Score (SDS),MEAN,Standard Deviation,No Treatment --> 0.067 mg,"Week 52, n=7, 8",,5.9303,1.2096,,
NCT00184717,Yearly Height Velocity SDS for Chronological Age - Subjects Received NN220 Treatment for 4 Years,Standard Deviation Score (SDS),MEAN,Standard Deviation,No Treatment --> 0.033 mg,"Week 104, n=6, 7",,1.5268,1.1715,,
NCT00184717,Yearly Height Velocity SDS for Chronological Age - Subjects Received NN220 Treatment for 4 Years,Standard Deviation Score (SDS),MEAN,Standard Deviation,No Treatment --> 0.067 mg,"Week 104, n=6, 7",,3.3979,1.0542,,
NCT00184717,Yearly Height Velocity SDS for Chronological Age - Subjects Received NN220 Treatment for 4 Years,Standard Deviation Score (SDS),MEAN,Standard Deviation,No Treatment --> 0.033 mg,"Week 156, n=6, 7",,1.7617,2.0956,,
NCT00184717,Yearly Height Velocity SDS for Chronological Age - Subjects Received NN220 Treatment for 4 Years,Standard Deviation Score (SDS),MEAN,Standard Deviation,No Treatment --> 0.067 mg,"Week 156, n=6, 7",,2.3539,1.3149,,
NCT00184717,Yearly Height Velocity SDS for Chronological Age - Subjects Received NN220 Treatment for 4 Years,Standard Deviation Score (SDS),MEAN,Standard Deviation,No Treatment --> 0.033 mg,"Week 208, n=6, 6",,0.5475,1.6055,,
NCT00184717,Yearly Height Velocity SDS for Chronological Age - Subjects Received NN220 Treatment for 4 Years,Standard Deviation Score (SDS),MEAN,Standard Deviation,No Treatment --> 0.067 mg,"Week 208, n=6, 6",,2.199,1.5973,,
NCT00184717,Change in Bone Age (Left Hand X-Ray) at Week 260 - Subjects Received NN220 Treatment for 5 Years,years,MEAN,Standard Deviation,0.033 mg / NN-220,,,5.79,1.05,,
NCT00184717,Change in Bone Age (Left Hand X-Ray) at Week 260 - Subjects Received NN220 Treatment for 5 Years,years,MEAN,Standard Deviation,0.067 mg / NN-220,,,7.15,1.05,,
NCT00184717,Change in Bone Age (Left Hand X-Ray) at Week 208 - Subjects Received NN220 Treatment for 4 Years,years,MEAN,Standard Deviation,No Treatment --> 0.033 mg,,,6.54,1.26,,
NCT00184717,Change in Bone Age (Left Hand X-Ray) at Week 208 - Subjects Received NN220 Treatment for 4 Years,years,MEAN,Standard Deviation,No Treatment --> 0.067 mg,,,5.6,1.68,,
NCT00190684,Change From Baseline to 5 Year Endpoint in Height,centimeters (cm),MEAN,Standard Deviation,Atomoxetine,,,10.9,10.41,,
NCT00190684,"Change From Baseline to 5 Year Endpoint in Weight, Height, and Body Mass Index (BMI) Percentile Stratified by Baseline Quartile",percentiles,MEAN,Standard Deviation,Atomoxetine,Weight (0 to 25th percentile) (N=46),,18.93,9.26,,
NCT00190684,"Change From Baseline to 5 Year Endpoint in Weight, Height, and Body Mass Index (BMI) Percentile Stratified by Baseline Quartile",percentiles,MEAN,Standard Deviation,Atomoxetine,Weight (25th to 50th percentile) (N=58),,14.90,22.31,,
NCT00190684,"Change From Baseline to 5 Year Endpoint in Weight, Height, and Body Mass Index (BMI) Percentile Stratified by Baseline Quartile",percentiles,MEAN,Standard Deviation,Atomoxetine,Weight (50th to 75th percentile) (N=50),,-1.33,20.21,,
NCT00190684,"Change From Baseline to 5 Year Endpoint in Weight, Height, and Body Mass Index (BMI) Percentile Stratified by Baseline Quartile",percentiles,MEAN,Standard Deviation,Atomoxetine,Weight (75th to 100th percentile) (N=97),,-6.68,15.50,,
NCT00190684,"Change From Baseline to 5 Year Endpoint in Weight, Height, and Body Mass Index (BMI) Percentile Stratified by Baseline Quartile",percentiles,MEAN,Standard Deviation,Atomoxetine,Height (0 to 25th percentile) (N=64),,12.06,21.00,,
NCT00190684,"Change From Baseline to 5 Year Endpoint in Weight, Height, and Body Mass Index (BMI) Percentile Stratified by Baseline Quartile",percentiles,MEAN,Standard Deviation,Atomoxetine,Height (25th tp 50th percentile) (N=61),,9.53,21.76,,
NCT00190684,"Change From Baseline to 5 Year Endpoint in Weight, Height, and Body Mass Index (BMI) Percentile Stratified by Baseline Quartile",percentiles,MEAN,Standard Deviation,Atomoxetine,Height (50th to 75th percentile) (N=55),,-6.28,22.55,,
NCT00190684,"Change From Baseline to 5 Year Endpoint in Weight, Height, and Body Mass Index (BMI) Percentile Stratified by Baseline Quartile",percentiles,MEAN,Standard Deviation,Atomoxetine,Height (75th to 100th percentile) (N=65),,-10.92,20.31,,
NCT00190684,"Change From Baseline to 5 Year Endpoint in Weight, Height, and Body Mass Index (BMI) Percentile Stratified by Baseline Quartile",percentiles,MEAN,Standard Deviation,Atomoxetine,BMI (0 to 25th percentile) (N=34),,18.71,24.76,,
NCT00190684,"Change From Baseline to 5 Year Endpoint in Weight, Height, and Body Mass Index (BMI) Percentile Stratified by Baseline Quartile",percentiles,MEAN,Standard Deviation,Atomoxetine,BMI (25th to 50th percentile) (N=53),,8.52,28.11,,
NCT00190684,"Change From Baseline to 5 Year Endpoint in Weight, Height, and Body Mass Index (BMI) Percentile Stratified by Baseline Quartile",percentiles,MEAN,Standard Deviation,Atomoxetine,BMI (50th to 75th percentile) (N=55),,-3.26,25.69,,
NCT00190684,"Change From Baseline to 5 Year Endpoint in Weight, Height, and Body Mass Index (BMI) Percentile Stratified by Baseline Quartile",percentiles,MEAN,Standard Deviation,Atomoxetine,BMI (75th to 100th percentile) (N=101),,-7.94,18.41,,
NCT00191113,"Height Standard Deviation Score (SDS) (National Center for Health Statistics [NCHS]), Change From Baseline to Last Measurement, As Randomized Population",Standard Deviation Score (SDS) [NCHS],LEAST_SQUARES_MEAN,Standard Error,As-Randomized Control,,,0.09,0.07,,
NCT00191113,"Height Standard Deviation Score (SDS) (National Center for Health Statistics [NCHS]), Change From Baseline to Last Measurement, As Randomized Population",Standard Deviation Score (SDS) [NCHS],LEAST_SQUARES_MEAN,Standard Error,As-Randomized Humatrope,,,0.97,0.07,,
NCT00191113,"Height Standard Deviation Score (SDS) (National Center for Health Statistics [NCHS]), Last Measurement After Attainment of Final Height",Standard Deviation Score (SDS) [NCHS],LEAST_SQUARES_MEAN,Standard Error,As-Treated No Growth Hormone,,,-3.30,0.07,,
NCT00191113,"Height Standard Deviation Score (SDS) (National Center for Health Statistics [NCHS]), Last Measurement After Attainment of Final Height",Standard Deviation Score (SDS) [NCHS],LEAST_SQUARES_MEAN,Standard Error,As-Treated Growth Hormone,,,-2.25,0.05,,
NCT00191113,"Height Standard Deviation Score (SDS) (National Center for Health Statistics [NCHS]), Change From Baseline, As-Treated Population",Standard Deviation Score (SDS) [NCHS],LEAST_SQUARES_MEAN,Standard Error,As-Treated No Growth Hormone,,,-0.09,0.08,,
NCT00191113,"Height Standard Deviation Score (SDS) (National Center for Health Statistics [NCHS]), Change From Baseline, As-Treated Population",Standard Deviation Score (SDS) [NCHS],LEAST_SQUARES_MEAN,Standard Error,As-Treated Growth Humatrope,,,0.99,0.06,,
NCT00191113,Height (Centimeters [cm]),centimeters (cm),LEAST_SQUARES_MEAN,Standard Error,As-Treated No Growth Hormone,,,141.63,0.47,,
NCT00191113,Height (Centimeters [cm]),centimeters (cm),LEAST_SQUARES_MEAN,Standard Error,As-Treated Growth Humatrope,,,148.52,0.36,,
NCT00191165,Height Velocity Standard Deviation Score (SDS) at 12-Month Endpoint,standard deviation score,MEAN,Standard Deviation,High Dose Somatropin,,,1.83,0.91,,
NCT00191165,Height Velocity Standard Deviation Score (SDS) at 12-Month Endpoint,standard deviation score,MEAN,Standard Deviation,Label Dose Somatropin,,,1.38,1.41,,
NCT00191165,Change From Baseline to 12-Month and 24-Month Endpoints in Height Standard Deviation Score (SDS),standard deviation score,LEAST_SQUARES_MEAN,Standard Error,High Dose Somatropin,"12-Month Height SDS Change (N=14, N=12)",,0.49,0.12,,
NCT00191165,Change From Baseline to 12-Month and 24-Month Endpoints in Height Standard Deviation Score (SDS),standard deviation score,LEAST_SQUARES_MEAN,Standard Error,Label Dose Somatropin,"12-Month Height SDS Change (N=14, N=12)",,0.34,0.13,,
NCT00191165,Change From Baseline to 12-Month and 24-Month Endpoints in Height Standard Deviation Score (SDS),standard deviation score,LEAST_SQUARES_MEAN,Standard Error,High Dose Somatropin,"24-Month Height SDS Change (N=13, N=11)",,0.88,0.17,,
NCT00191165,Change From Baseline to 12-Month and 24-Month Endpoints in Height Standard Deviation Score (SDS),standard deviation score,LEAST_SQUARES_MEAN,Standard Error,Label Dose Somatropin,"24-Month Height SDS Change (N=13, N=11)",,0.40,0.18,,
NCT00191165,Height Velocity Standard Deviation Score (SDS) at 24 Month Endpoint,standard deviation score,MEAN,Standard Deviation,High Dose Somatropin,,,2.58,1.86,,
NCT00191165,Height Velocity Standard Deviation Score (SDS) at 24 Month Endpoint,standard deviation score,MEAN,Standard Deviation,Label Dose Somatropin,,,1.45,1.06,,
NCT00205777,Change From Baseline in Height at Month 36,millimeter (mm),LEAST_SQUARES_MEAN,Standard Error,Bazedoxifene 20 mg (Core+SE I),,,-3.7,0.31,,
NCT00205777,Change From Baseline in Height at Month 36,millimeter (mm),LEAST_SQUARES_MEAN,Standard Error,Bazedoxifene 40 mg (Core),,,-3.9,0.31,,
NCT00205777,Change From Baseline in Height at Month 36,millimeter (mm),LEAST_SQUARES_MEAN,Standard Error,Raloxifene 60 mg (Core),,,-4.5,0.31,,
NCT00205777,Change From Baseline in Height at Month 36,millimeter (mm),LEAST_SQUARES_MEAN,Standard Error,Placebo (Core+SE I+SE II),,,-3.3,0.31,,
NCT00205777,Change From Baseline in Height at Month 60,mm,LEAST_SQUARES_MEAN,Standard Error,Bazedoxifene 20 mg (Core+SE I),,,-0.50,0.06,,
NCT00205777,Change From Baseline in Height at Month 60,mm,LEAST_SQUARES_MEAN,Standard Error,Placebo (Core+SE I+SE II),,,-0.41,0.06,,
NCT00205777,Change From Baseline in Height at Month 60,mm,LEAST_SQUARES_MEAN,Standard Error,Bazedoxifene 40/20 mg (SE I),,,-0.41,0.06,,
NCT00205777,Change From Baseline in Height at Month 84,mm,MEAN,Standard Deviation,Placebo (Core+SE I+SE II),,,-0.68,0.10,,
NCT00205777,Change From Baseline in Height at Month 84,mm,MEAN,Standard Deviation,Bazedoxifene 20 mg (SE II),,,-0.73,0.08,,
NCT00211237,Index Spinal Deformity Change Measured by Index Vertebral Body Height Ratio,ratio,MEAN,Standard Deviation,Balloon Kyphoplasty,Anterior VBHR at baseline,,0.744,0.228,,
NCT00211237,Index Spinal Deformity Change Measured by Index Vertebral Body Height Ratio,ratio,MEAN,Standard Deviation,Non Surgical Management,Anterior VBHR at baseline,,0.734,0.237,,
NCT00211237,Index Spinal Deformity Change Measured by Index Vertebral Body Height Ratio,ratio,MEAN,Standard Deviation,Balloon Kyphoplasty,Anterior VBHR change at 1 month,,0.016,0.123,,
NCT00211237,Index Spinal Deformity Change Measured by Index Vertebral Body Height Ratio,ratio,MEAN,Standard Deviation,Non Surgical Management,Anterior VBHR change at 1 month,,-0.027,0.061,,
NCT00211237,Index Spinal Deformity Change Measured by Index Vertebral Body Height Ratio,ratio,MEAN,Standard Deviation,Balloon Kyphoplasty,Medial VBHR at baseline,,0.782,0.193,,
NCT00211237,Index Spinal Deformity Change Measured by Index Vertebral Body Height Ratio,ratio,MEAN,Standard Deviation,Non Surgical Management,Medial VBHR at baseline,,0.776,0.190,,
NCT00211237,Index Spinal Deformity Change Measured by Index Vertebral Body Height Ratio,ratio,MEAN,Standard Deviation,Balloon Kyphoplasty,Medial VBHR change at 1 month,,0.028,0.103,,
NCT00211237,Index Spinal Deformity Change Measured by Index Vertebral Body Height Ratio,ratio,MEAN,Standard Deviation,Non Surgical Management,Medial VBHR change at 1 month,,-0.017,0.068,,
NCT00211237,Index Spinal Deformity Change Measured by Index Vertebral Body Height Ratio,ratio,MEAN,Standard Deviation,Balloon Kyphoplasty,Posterior VBHR at baseline,,0.928,0.101,,
NCT00211237,Index Spinal Deformity Change Measured by Index Vertebral Body Height Ratio,ratio,MEAN,Standard Deviation,Non Surgical Management,Posterior VBHR at baseline,,0.934,0.110,,
NCT00211237,Index Spinal Deformity Change Measured by Index Vertebral Body Height Ratio,ratio,MEAN,Standard Deviation,Balloon Kyphoplasty,Posterior change at 1 month,,0.007,0.081,,
NCT00211237,Index Spinal Deformity Change Measured by Index Vertebral Body Height Ratio,ratio,MEAN,Standard Deviation,Non Surgical Management,Posterior change at 1 month,,-0.012,0.058,,
NCT00211237,Index Spinal Deformity Change Measured by Index Vertebral Body Height Ratio,ratio,MEAN,Standard Deviation,Balloon Kyphoplasty,Anterior VBHR at baseline,,0.744,0.228,,
NCT00211237,Index Spinal Deformity Change Measured by Index Vertebral Body Height Ratio,ratio,MEAN,Standard Deviation,Non Surgical Management,Anterior VBHR at baseline,,0.767,0.254,,
NCT00211237,Index Spinal Deformity Change Measured by Index Vertebral Body Height Ratio,ratio,MEAN,Standard Deviation,Crossover,Anterior VBHR at baseline,,0.741,0.224,,
NCT00211237,Index Spinal Deformity Change Measured by Index Vertebral Body Height Ratio,ratio,MEAN,Standard Deviation,Balloon Kyphoplasty,Anterior VBHR change at post-op,,0.060,0.117,,
NCT00211237,Index Spinal Deformity Change Measured by Index Vertebral Body Height Ratio,ratio,MEAN,Standard Deviation,Non Surgical Management,Anterior VBHR change at post-op,,NA,NA,,
NCT00211237,Index Spinal Deformity Change Measured by Index Vertebral Body Height Ratio,ratio,MEAN,Standard Deviation,Crossover,Anterior VBHR change at post-op,,0.024,0.084,,
NCT00211237,Index Spinal Deformity Change Measured by Index Vertebral Body Height Ratio,ratio,MEAN,Standard Deviation,Balloon Kyphoplasty,Anterior VBHR change at 1 month,,0.016,0.123,,
NCT00211237,Index Spinal Deformity Change Measured by Index Vertebral Body Height Ratio,ratio,MEAN,Standard Deviation,Non Surgical Management,Anterior VBHR change at 1 month,,-0.036,0.054,,
NCT00211237,Index Spinal Deformity Change Measured by Index Vertebral Body Height Ratio,ratio,MEAN,Standard Deviation,Crossover,Anterior VBHR change at 1 month,,0.006,0.065,,
NCT00211237,Index Spinal Deformity Change Measured by Index Vertebral Body Height Ratio,ratio,MEAN,Standard Deviation,Balloon Kyphoplasty,Anterior VBHR change at 12 months,,0.022,0.129,,
NCT00211237,Index Spinal Deformity Change Measured by Index Vertebral Body Height Ratio,ratio,MEAN,Standard Deviation,Non Surgical Management,Anterior VBHR change at 12 months,,-0.022,0.072,,
NCT00211237,Index Spinal Deformity Change Measured by Index Vertebral Body Height Ratio,ratio,MEAN,Standard Deviation,Crossover,Anterior VBHR change at 12 months,,0.039,0.145,,
NCT00211237,Index Spinal Deformity Change Measured by Index Vertebral Body Height Ratio,ratio,MEAN,Standard Deviation,Balloon Kyphoplasty,Medial VBHR at baseline,,0.782,0.193,,
NCT00211237,Index Spinal Deformity Change Measured by Index Vertebral Body Height Ratio,ratio,MEAN,Standard Deviation,Non Surgical Management,Medial VBHR at baseline,,0.741,0.239,,
NCT00211237,Index Spinal Deformity Change Measured by Index Vertebral Body Height Ratio,ratio,MEAN,Standard Deviation,Crossover,Medial VBHR at baseline,,0.800,0.176,,
NCT00211237,Index Spinal Deformity Change Measured by Index Vertebral Body Height Ratio,ratio,MEAN,Standard Deviation,Balloon Kyphoplasty,Medial VBHR change at post-op,,0.044,0.099,,
NCT00211237,Index Spinal Deformity Change Measured by Index Vertebral Body Height Ratio,ratio,MEAN,Standard Deviation,Non Surgical Management,Medial VBHR change at post-op,,NA,NA,,
NCT00211237,Index Spinal Deformity Change Measured by Index Vertebral Body Height Ratio,ratio,MEAN,Standard Deviation,Crossover,Medial VBHR change at post-op,,0.019,0.075,,
NCT00211237,Index Spinal Deformity Change Measured by Index Vertebral Body Height Ratio,ratio,MEAN,Standard Deviation,Balloon Kyphoplasty,Medial VBHR change at 1 month,,0.028,0.103,,
NCT00211237,Index Spinal Deformity Change Measured by Index Vertebral Body Height Ratio,ratio,MEAN,Standard Deviation,Non Surgical Management,Medial VBHR change at 1 month,,-0.031,0.074,,
NCT00211237,Index Spinal Deformity Change Measured by Index Vertebral Body Height Ratio,ratio,MEAN,Standard Deviation,Crossover,Medial VBHR change at 1 month,,0.012,0.071,,
NCT00211237,Index Spinal Deformity Change Measured by Index Vertebral Body Height Ratio,ratio,MEAN,Standard Deviation,Balloon Kyphoplasty,Medial VBHR change at 12 months,,0.018,0.110,,
NCT00211237,Index Spinal Deformity Change Measured by Index Vertebral Body Height Ratio,ratio,MEAN,Standard Deviation,Non Surgical Management,Medial VBHR change at 12 months,,0.021,0.117,,
NCT00211237,Index Spinal Deformity Change Measured by Index Vertebral Body Height Ratio,ratio,MEAN,Standard Deviation,Crossover,Medial VBHR change at 12 months,,0.049,0.087,,
NCT00211237,Index Spinal Deformity Change Measured by Index Vertebral Body Height Ratio,ratio,MEAN,Standard Deviation,Balloon Kyphoplasty,Posterior VBHR at baseline,,0.928,0.101,,
NCT00211237,Index Spinal Deformity Change Measured by Index Vertebral Body Height Ratio,ratio,MEAN,Standard Deviation,Non Surgical Management,Posterior VBHR at baseline,,0.899,0.166,,
NCT00211237,Index Spinal Deformity Change Measured by Index Vertebral Body Height Ratio,ratio,MEAN,Standard Deviation,Crossover,Posterior VBHR at baseline,,0.951,0.110,,
NCT00211237,Index Spinal Deformity Change Measured by Index Vertebral Body Height Ratio,ratio,MEAN,Standard Deviation,Balloon Kyphoplasty,Posterior VBHR change at post-op,,0.007,0.064,,
NCT00211237,Index Spinal Deformity Change Measured by Index Vertebral Body Height Ratio,ratio,MEAN,Standard Deviation,Non Surgical Management,Posterior VBHR change at post-op,,NA,NA,,
NCT00211237,Index Spinal Deformity Change Measured by Index Vertebral Body Height Ratio,ratio,MEAN,Standard Deviation,Crossover,Posterior VBHR change at post-op,,-0.006,0.059,,
NCT00211237,Index Spinal Deformity Change Measured by Index Vertebral Body Height Ratio,ratio,MEAN,Standard Deviation,Balloon Kyphoplasty,Posterior VBHR change at 1 month,,0.007,0.081,,
NCT00211237,Index Spinal Deformity Change Measured by Index Vertebral Body Height Ratio,ratio,MEAN,Standard Deviation,Non Surgical Management,Posterior VBHR change at 1 month,,-0.022,0.045,,
NCT00211237,Index Spinal Deformity Change Measured by Index Vertebral Body Height Ratio,ratio,MEAN,Standard Deviation,Crossover,Posterior VBHR change at 1 month,,0.016,0.069,,
NCT00211237,Index Spinal Deformity Change Measured by Index Vertebral Body Height Ratio,ratio,MEAN,Standard Deviation,Balloon Kyphoplasty,Posterior VBHR change at 12 months,,-0.001,0.077,,
NCT00211237,Index Spinal Deformity Change Measured by Index Vertebral Body Height Ratio,ratio,MEAN,Standard Deviation,Non Surgical Management,Posterior VBHR change at 12 months,,-0.026,0.049,,
NCT00211237,Index Spinal Deformity Change Measured by Index Vertebral Body Height Ratio,ratio,MEAN,Standard Deviation,Crossover,Posterior VBHR change at 12 months,,0.006,0.053,,
NCT00212758,Change in Height at 56 Weeks,cm,MEAN,Standard Deviation,All Participants,,,10.3,1.1,,
NCT00234533,Change From Baseline at Week 24 in the Auxological Parameter Height,cm,MEAN,Standard Deviation,NutropinAq 10 mg/2 ml (30 IU),,,4.73,1.69,,
NCT00234533,Change From Baseline at Week 24 in the Auxological Parameter Calculated Height SDS,SD Score,MEAN,Standard Deviation,NutropinAq 10 mg/2 ml (30 IU),,,0.45,0.37,,
NCT00234533,Change From Baseline at Week 24 in the Auxological Parameter Annualised Growth Velocity,cm/year,MEAN,Standard Deviation,NutropinAq 10 mg/2 ml (30 IU),,,5.20,4.72,,
NCT00234533,Change From Baseline at Week 24 in the Auxological Parameter Annualised Growth Velocity SDS,SD Score,MEAN,Standard Deviation,NutropinAq 10 mg/2 ml (30 IU),,,5.10,4.80,,
NCT00241969,Change in Height for Age Z-Score (HAZ) From Baseline to Follow Up,Z-score,MEAN,Standard Deviation,Behavioral and Nutrition Treatment,,,0.09,0.26,,
NCT00241969,Change in Height for Age Z-Score (HAZ) From Baseline to Follow Up,Z-score,MEAN,Standard Deviation,Education and Attention Control Treatment,,,-0.02,0.32,,
NCT00249821,Height Velocity,centimeter (cm)/year,MEAN,Standard Deviation,Saizen® 0.057 mg/kg/Day,,,6.40,1.35,,
NCT00249821,Height Velocity,centimeter (cm)/year,MEAN,Standard Deviation,Saizen® 0.035 mg/kg/Day,,,4.40,1.15,,
NCT00249821,Change From Baseline in Height-Standard Deviation Score (H-SDS) at Month 6 and Month 12,standard deviation score,MEAN,Standard Deviation,Saizen® 0.057 mg/kg/Day,Baseline (randomization),,-1.30,0.42,,
NCT00249821,Change From Baseline in Height-Standard Deviation Score (H-SDS) at Month 6 and Month 12,standard deviation score,MEAN,Standard Deviation,Saizen® 0.035 mg/kg/Day,Baseline (randomization),,-1.50,0.37,,
NCT00249821,Change From Baseline in Height-Standard Deviation Score (H-SDS) at Month 6 and Month 12,standard deviation score,MEAN,Standard Deviation,Saizen® 0.057 mg/kg/Day,Change at Month 6,,0.30,0.22,,
NCT00249821,Change From Baseline in Height-Standard Deviation Score (H-SDS) at Month 6 and Month 12,standard deviation score,MEAN,Standard Deviation,Saizen® 0.035 mg/kg/Day,Change at Month 6,,0.10,0.10,,
NCT00249821,Change From Baseline in Height-Standard Deviation Score (H-SDS) at Month 6 and Month 12,standard deviation score,MEAN,Standard Deviation,Saizen® 0.057 mg/kg/Day,Change at Month 12,,0.30,0.30,,
NCT00249821,Change From Baseline in Height-Standard Deviation Score (H-SDS) at Month 6 and Month 12,standard deviation score,MEAN,Standard Deviation,Saizen® 0.035 mg/kg/Day,Change at Month 12,,-0.10,0.24,,
NCT00249821,Height Velocity-Standard Deviation Score (HV-SDS),standard deviation score,MEAN,Standard Deviation,Saizen® 0.057 mg/kg/Day,"Month 6 (n= 10,11)",,0.60,0.44,,
NCT00249821,Height Velocity-Standard Deviation Score (HV-SDS),standard deviation score,MEAN,Standard Deviation,Saizen® 0.035 mg/kg/Day,"Month 6 (n= 10,11)",,0.10,0.22,,
NCT00249821,Height Velocity-Standard Deviation Score (HV-SDS),standard deviation score,MEAN,Standard Deviation,Saizen® 0.057 mg/kg/Day,"Month 12 (n=10,12)",,0.30,0.29,,
NCT00249821,Height Velocity-Standard Deviation Score (HV-SDS),standard deviation score,MEAN,Standard Deviation,Saizen® 0.035 mg/kg/Day,"Month 12 (n=10,12)",,-0.10,0.24,,
NCT00249821,Change From Baseline in Height at Month 6,cm,MEAN,Standard Deviation,Saizen® 0.057 mg/kg/Day,Baseline (randomization),,121.10,7.99,,
NCT00249821,Change From Baseline in Height at Month 6,cm,MEAN,Standard Deviation,Saizen® 0.035 mg/kg/Day,Baseline (randomization),,119.20,5.29,,
NCT00249821,Change From Baseline in Height at Month 6,cm,MEAN,Standard Deviation,Saizen® 0.057 mg/kg/Day,Change at Month 6,,3.60,1.31,,
NCT00249821,Change From Baseline in Height at Month 6,cm,MEAN,Standard Deviation,Saizen® 0.035 mg/kg/Day,Change at Month 6,,2.50,0.99,,
NCT00249821,Change From Baseline in Bone Age at Month 12,years,MEAN,Standard Deviation,Saizen® 0.057 mg/kg/Day,"Baseline (randomization) (n = 9,10)",,7.50,0.82,,
NCT00249821,Change From Baseline in Bone Age at Month 12,years,MEAN,Standard Deviation,Saizen® 0.035 mg/kg/Day,"Baseline (randomization) (n = 9,10)",,7.00,1.85,,
NCT00249821,Change From Baseline in Bone Age at Month 12,years,MEAN,Standard Deviation,Saizen® 0.057 mg/kg/Day,"Change at Month 12 (n=9,7)",,1.40,0.79,,
NCT00249821,Change From Baseline in Bone Age at Month 12,years,MEAN,Standard Deviation,Saizen® 0.035 mg/kg/Day,"Change at Month 12 (n=9,7)",,1.40,0.89,,
NCT00265148,Number of Participants With Body Weight and Height Outside the Clinical Concern at Month 12,Participants,COUNT_OF_PARTICIPANTS,,Placebo,Increase from Baseline >=7%,,2,,,
NCT00265148,Number of Participants With Body Weight and Height Outside the Clinical Concern at Month 12,Participants,COUNT_OF_PARTICIPANTS,,Rosiglitazone,Increase from Baseline >=7%,,5,,,
NCT00265148,Number of Participants With Body Weight and Height Outside the Clinical Concern at Month 12,Participants,COUNT_OF_PARTICIPANTS,,Placebo,Decrease from Baseline >=7%,,2,,,
NCT00265148,Number of Participants With Body Weight and Height Outside the Clinical Concern at Month 12,Participants,COUNT_OF_PARTICIPANTS,,Rosiglitazone,Decrease from Baseline >=7%,,2,,,
NCT00266656,Most Mature Height Standard Deviation Score (SDS),standard deviation score,MEAN,Standard Deviation,Early Treated,,,-1.37,1.09,,
NCT00266656,Most Mature Height Standard Deviation Score (SDS),standard deviation score,MEAN,Standard Deviation,Early Untreated,,,-1.60,1.21,,
NCT00266656,Height SDS at Various Ages,Standard deviation score,MEAN,Standard Deviation,Early Treated,"Age 10 (n=32, 30)",,-0.66,1.16,,
NCT00266656,Height SDS at Various Ages,Standard deviation score,MEAN,Standard Deviation,Early Untreated,"Age 10 (n=32, 30)",,-1.28,1.17,,
NCT00266656,Height SDS at Various Ages,Standard deviation score,MEAN,Standard Deviation,Early Treated,"Age 13 (n=29, 29)",,-1.29,1.24,,
NCT00266656,Height SDS at Various Ages,Standard deviation score,MEAN,Standard Deviation,Early Untreated,"Age 13 (n=29, 29)",,-1.87,1.16,,
NCT00266656,Height SDS at Various Ages,Standard deviation score,MEAN,Standard Deviation,Early Treated,"Age 16 (n=18, 18)",,-1.66,1.11,,
NCT00266656,Height SDS at Various Ages,Standard deviation score,MEAN,Standard Deviation,Early Untreated,"Age 16 (n=18, 18)",,-1.69,1.30,,
NCT00266656,Chronological Age at First Visit Participant Attained Bone Age of 14.5 Years,years,MEAN,Standard Error,Early Treated,,,14.64,0.25,,
NCT00266656,Chronological Age at First Visit Participant Attained Bone Age of 14.5 Years,years,MEAN,Standard Error,Early Untreated,,,15.26,0.23,,
NCT00278915,Change in Rate of Bone Age (BA) Advancement Over First 6-month Treatment Period Compared to Baseline,Ratio,MEAN,Standard Deviation,Fulvestrant,,,-0.83,1.507,,
NCT00278915,Change in Growth Velocity (Annualized Growth Velocity in cm/Year) Over First 6-month Treatment Period Compared to Baseline,cm/year,MEAN,Standard Deviation,Fulvestrant,,,-1.7,4.35,,
NCT00278915,Change in Growth Velocity (Annualized Growth Velocity in cm/Year) Over Second 6-month Treatment Period Compared to Baseline,cm/year,MEAN,Standard Deviation,Fulvestrant,,,-0.8,4.49,,
NCT00278915,Change in Growth Velocity (Annualized Growth Velocity in cm/Year) Over Whole 12-month Treatment Period Compared to Baseline,cm/year,MEAN,Standard Deviation,Fulvestrant,,,-1.4,3.69,,
NCT00278915,Change in Growth Velocity (Z-score) Over the First 6-month Treatment Period Compared to Baseline,Unit on a score,MEAN,Standard Deviation,Fulvestrant,,,-1.60,4.616,,
NCT00278915,Change in Growth Velocity (Z-score) Over the Second 6-month Treatment Period Compared to Baseline,Unit on a score,MEAN,Standard Deviation,Fulvestrant,,,-0.64,4.606,,
NCT00278915,Change in Growth Velocity (Z-score) Over the Whole 12-month Treatment Period Compared to Baseline,Unit on a score,MEAN,Standard Deviation,Fulvestrant,,,-1.14,4.078,,
NCT00278915,Change in Predicted Adult Height (PAH) From Baseline to Month 12/Final Visit,Centimeter,MEAN,Standard Deviation,Fulvestrant,,,0.5,4.10,,
NCT00294684,Height Z-Score,Z-score,MEAN,Standard Error,Corticosteroids,,,-0.7,0.16,,
NCT00294684,Height Z-Score,Z-score,MEAN,Standard Error,Placebo,,,-0.6,0.16,,
NCT00299000,Change in Height,centimeters,MEAN,Standard Deviation,"Naglazyme, 1.0 mg/kg",Height at baseline,,67.3,5.1,,
NCT00299000,Change in Height,centimeters,MEAN,Standard Deviation,"Naglazyme, 2.0 mg/kg",Height at baseline,,80.3,1.8,,
NCT00299000,Change in Height,centimeters,MEAN,Standard Deviation,"Naglazyme, 1.0 mg/kg",Height at week 52,,81.9,1.8,,
NCT00299000,Change in Height,centimeters,MEAN,Standard Deviation,"Naglazyme, 2.0 mg/kg",Height at week 52,,91.3,5.2,,
NCT00299000,Change in Height,centimeters,MEAN,Standard Deviation,"Naglazyme, 1.0 mg/kg",Change in height,,14.6,6.9,,
NCT00299000,Change in Height,centimeters,MEAN,Standard Deviation,"Naglazyme, 2.0 mg/kg",Change in height,,11.0,7.0,,
NCT00319020,Change From Baseline to End of Study (EOS) in Height for Age.,Z-score,MEDIAN,Full Range,Patients With Previous Bosentan,Z-score at baseline,,-0.8,,-3.32,3.72
NCT00319020,Change From Baseline to End of Study (EOS) in Height for Age.,Z-score,MEDIAN,Full Range,Bosentan-naive Patients,Z-score at baseline,,0.32,,-2.62,1.99
NCT00319020,Change From Baseline to End of Study (EOS) in Height for Age.,Z-score,MEDIAN,Full Range,Total,Z-score at baseline,,-0.64,,-3.32,3.72
NCT00319020,Change From Baseline to End of Study (EOS) in Height for Age.,Z-score,MEDIAN,Full Range,Patients With Previous Bosentan,Z-score at EOS,,-0.74,,-3.52,2.78
NCT00319020,Change From Baseline to End of Study (EOS) in Height for Age.,Z-score,MEDIAN,Full Range,Bosentan-naive Patients,Z-score at EOS,,-0.08,,-2.44,1.84
NCT00319020,Change From Baseline to End of Study (EOS) in Height for Age.,Z-score,MEDIAN,Full Range,Total,Z-score at EOS,,-0.36,,-3.52,2.78
NCT00319020,Change From Baseline to End of Study (EOS) in Height for Age.,Z-score,MEDIAN,Full Range,Patients With Previous Bosentan,Z-score change from baseline to EOS,,-0.05,,-0.94,0.91
NCT00319020,Change From Baseline to End of Study (EOS) in Height for Age.,Z-score,MEDIAN,Full Range,Bosentan-naive Patients,Z-score change from baseline to EOS,,-0.01,,-0.77,1.08
NCT00319020,Change From Baseline to End of Study (EOS) in Height for Age.,Z-score,MEDIAN,Full Range,Total,Z-score change from baseline to EOS,,-0.01,,-0.94,1.08
NCT00323609,Change in Anterior Vertebral Body Height,mm,MEAN,Standard Deviation,Kyphoplasty,"Estimated Pre-Fracture (EP) height (n=231, 222)",,24.32,3.93,,
NCT00323609,Change in Anterior Vertebral Body Height,mm,MEAN,Standard Deviation,Vertebroplasty,"Estimated Pre-Fracture (EP) height (n=231, 222)",,24.49,4.09,,
NCT00323609,Change in Anterior Vertebral Body Height,mm,MEAN,Standard Deviation,Kyphoplasty,"Vertebral body height at Pre-op (n=224, 212)",,15.91,5.79,,
NCT00323609,Change in Anterior Vertebral Body Height,mm,MEAN,Standard Deviation,Vertebroplasty,"Vertebral body height at Pre-op (n=224, 212)",,15.15,6.04,,
NCT00323609,Change in Anterior Vertebral Body Height,mm,MEAN,Standard Deviation,Kyphoplasty,Height Loss from EP/Absolute Height Loss (AHL),,-8.43,4.47,,
NCT00323609,Change in Anterior Vertebral Body Height,mm,MEAN,Standard Deviation,Vertebroplasty,Height Loss from EP/Absolute Height Loss (AHL),,-9.22,5.15,,
NCT00323609,Change in Anterior Vertebral Body Height,mm,MEAN,Standard Deviation,Kyphoplasty,"Change from pre-op to pre-discharge (n=217, 200)",,2.51,3.19,,
NCT00323609,Change in Anterior Vertebral Body Height,mm,MEAN,Standard Deviation,Vertebroplasty,"Change from pre-op to pre-discharge (n=217, 200)",,2.40,3.03,,
NCT00323609,Change in Anterior Vertebral Body Height,mm,MEAN,Standard Deviation,Kyphoplasty,"Change from pre-op to 3 months (n=176, 157)",,1.26,2.99,,
NCT00323609,Change in Anterior Vertebral Body Height,mm,MEAN,Standard Deviation,Vertebroplasty,"Change from pre-op to 3 months (n=176, 157)",,1.23,3.13,,
NCT00323609,Change in Anterior Vertebral Body Height,mm,MEAN,Standard Deviation,Kyphoplasty,"Change from pre-op to 12 months (n=158, 128)",,1.33,3.12,,
NCT00323609,Change in Anterior Vertebral Body Height,mm,MEAN,Standard Deviation,Vertebroplasty,"Change from pre-op to 12 months (n=158, 128)",,1.05,2.96,,
NCT00323609,Change in Anterior Vertebral Body Height,mm,MEAN,Standard Deviation,Kyphoplasty,"Change from pre-op to 24 months (n=101, 93)",,1.00,3.08,,
NCT00323609,Change in Anterior Vertebral Body Height,mm,MEAN,Standard Deviation,Vertebroplasty,"Change from pre-op to 24 months (n=101, 93)",,0.75,3.05,,
NCT00323609,Change in Middle Vertebral Body Height,mm,MEAN,Standard Deviation,Kyphoplasty,"Estimated Pre-Fracture Height (EP) (n=231, 222)",,23.45,3.46,,
NCT00323609,Change in Middle Vertebral Body Height,mm,MEAN,Standard Deviation,Vertebroplasty,"Estimated Pre-Fracture Height (EP) (n=231, 222)",,23.68,3.58,,
NCT00323609,Change in Middle Vertebral Body Height,mm,MEAN,Standard Deviation,Kyphoplasty,"Vertebral body height at pre-op (n=225, 211)",,16.08,5.08,,
NCT00323609,Change in Middle Vertebral Body Height,mm,MEAN,Standard Deviation,Vertebroplasty,"Vertebral body height at pre-op (n=225, 211)",,15.92,5.12,,
NCT00323609,Change in Middle Vertebral Body Height,mm,MEAN,Standard Deviation,Kyphoplasty,Height loss from EP/ Absolute Height Loss (AHL),,-7.42,4.06,,
NCT00323609,Change in Middle Vertebral Body Height,mm,MEAN,Standard Deviation,Vertebroplasty,Height loss from EP/ Absolute Height Loss (AHL),,-7.60,4.09,,
NCT00323609,Change in Middle Vertebral Body Height,mm,MEAN,Standard Deviation,Kyphoplasty,"change from pre-op at pre-discharge (n=219, 200)",,2.33,2.72,,
NCT00323609,Change in Middle Vertebral Body Height,mm,MEAN,Standard Deviation,Vertebroplasty,"change from pre-op at pre-discharge (n=219, 200)",,1.84,2.38,,
NCT00323609,Change in Middle Vertebral Body Height,mm,MEAN,Standard Deviation,Kyphoplasty,"Change from pre-op at 3 months (n=177, 159)",,1.34,2.59,,
NCT00323609,Change in Middle Vertebral Body Height,mm,MEAN,Standard Deviation,Vertebroplasty,"Change from pre-op at 3 months (n=177, 159)",,1.18,2.55,,
NCT00323609,Change in Middle Vertebral Body Height,mm,MEAN,Standard Deviation,Kyphoplasty,"Change from pre-op at 12 months (n=161, 128)",,1.31,2.80,,
NCT00323609,Change in Middle Vertebral Body Height,mm,MEAN,Standard Deviation,Vertebroplasty,"Change from pre-op at 12 months (n=161, 128)",,0.92,2.51,,
NCT00323609,Change in Middle Vertebral Body Height,mm,MEAN,Standard Deviation,Kyphoplasty,"Change from pre-op at 24 months (n=104, 92)",,0.98,2.58,,
NCT00323609,Change in Middle Vertebral Body Height,mm,MEAN,Standard Deviation,Vertebroplasty,"Change from pre-op at 24 months (n=104, 92)",,0.67,2.78,,
NCT00323609,Change in Posterior Vertebral Body Height,mm,MEAN,Standard Deviation,Kyphoplasty,"Estimated Pre-Fracture Height (n=231, 222)",,25.89,3.45,,
NCT00323609,Change in Posterior Vertebral Body Height,mm,MEAN,Standard Deviation,Vertebroplasty,"Estimated Pre-Fracture Height (n=231, 222)",,26.10,3.67,,
NCT00323609,Change in Posterior Vertebral Body Height,mm,MEAN,Standard Deviation,Kyphoplasty,"Vertebral body height at pre-op (n=225, 210)",,23.41,4.11,,
NCT00323609,Change in Posterior Vertebral Body Height,mm,MEAN,Standard Deviation,Vertebroplasty,"Vertebral body height at pre-op (n=225, 210)",,23.47,4.36,,
NCT00323609,Change in Posterior Vertebral Body Height,mm,MEAN,Standard Deviation,Kyphoplasty,Height Loss from EP/Absolute Height Loss (AHL),,-2.52,2.47,,
NCT00323609,Change in Posterior Vertebral Body Height,mm,MEAN,Standard Deviation,Vertebroplasty,Height Loss from EP/Absolute Height Loss (AHL),,-2.49,2.46,,
NCT00323609,Change in Posterior Vertebral Body Height,mm,MEAN,Standard Deviation,Kyphoplasty,"Change from pre-op to pre-discharge (n=220, 199)",,0.82,1.74,,
NCT00323609,Change in Posterior Vertebral Body Height,mm,MEAN,Standard Deviation,Vertebroplasty,"Change from pre-op to pre-discharge (n=220, 199)",,0.49,1.50,,
NCT00323609,Change in Posterior Vertebral Body Height,mm,MEAN,Standard Deviation,Kyphoplasty,"Change from pre-op to 3 months (n=179, 160)",,0.10,1.64,,
NCT00323609,Change in Posterior Vertebral Body Height,mm,MEAN,Standard Deviation,Vertebroplasty,"Change from pre-op to 3 months (n=179, 160)",,0.06,1.63,,
NCT00323609,Change in Posterior Vertebral Body Height,mm,MEAN,Standard Deviation,Kyphoplasty,"Change from pre-op to 12 months (n=161, 129)",,-0.03,1.79,,
NCT00323609,Change in Posterior Vertebral Body Height,mm,MEAN,Standard Deviation,Vertebroplasty,"Change from pre-op to 12 months (n=161, 129)",,-0.00,1.78,,
NCT00323609,Change in Posterior Vertebral Body Height,mm,MEAN,Standard Deviation,Kyphoplasty,"Change from pre-op to 24 months (n=104, 93)",,-0.21,1.55,,
NCT00323609,Change in Posterior Vertebral Body Height,mm,MEAN,Standard Deviation,Vertebroplasty,"Change from pre-op to 24 months (n=104, 93)",,-0.30,1.79,,
NCT00324350,Number of Participants With > 2 cm of Height Loss,participants,NUMBER,,Intensive Glycemic Control,,,678,,,
NCT00324350,Number of Participants With > 2 cm of Height Loss,participants,NUMBER,,Standard Glycemic Control,,,686,,,
NCT00330668,Height Velocity During BID Dosing Period,cm/year,MEAN,Standard Deviation,120 μg/kg rhIGF-1 BID (MITT Population),Year 1,,7.7,1.5,,
NCT00330668,Height Velocity During BID Dosing Period,cm/year,MEAN,Standard Deviation,120 μg/kg rhIGF-1 BID (MITT Population),Year 2,,6.1,1.4,,
NCT00330668,Height Velocity During BID Dosing Period,cm/year,MEAN,Standard Deviation,120 μg/kg rhIGF-1 BID (MITT Population),Year 3,,5.9,1.1,,
NCT00330668,Mean Change From Baseline in Height Standard Deviation (SD) Score During BID Dosing Period,SD score/year,MEAN,Standard Deviation,120 μg/kg rhIGF-1 BID (MITT Population),Year 1,,0.5,0.3,,
NCT00330668,Mean Change From Baseline in Height Standard Deviation (SD) Score During BID Dosing Period,SD score/year,MEAN,Standard Deviation,120 μg/kg rhIGF-1 BID (MITT Population),Year 2,,0.7,0.4,,
NCT00330668,Mean Change From Baseline in Height Standard Deviation (SD) Score During BID Dosing Period,SD score/year,MEAN,Standard Deviation,120 μg/kg rhIGF-1 BID (MITT Population),Year 3,,0.9,0.6,,
NCT00330668,Mean Change From Baseline in Bone Age During BID Dosing Period,Years,MEAN,Standard Deviation,120 μg/kg rhIGF-1 BID (MITT Population),Year 1,,1.2,0.5,,
NCT00330668,Mean Change From Baseline in Bone Age During BID Dosing Period,Years,MEAN,Standard Deviation,120 μg/kg rhIGF-1 BID (MITT Population),Year 2,,2.3,0.6,,
NCT00330668,Mean Change From Baseline in Bone Age During BID Dosing Period,Years,MEAN,Standard Deviation,120 μg/kg rhIGF-1 BID (MITT Population),Year 3,,3.4,0.7,,
NCT00330668,Mean Change From Baseline in Predicted Adult Height During BID Dosing Period,cm,MEAN,Standard Deviation,120 μg/kg rhIGF-1 BID (MITT Population),Year 1,,2.7,2.0,,
NCT00330668,Mean Change From Baseline in Predicted Adult Height During BID Dosing Period,cm,MEAN,Standard Deviation,120 μg/kg rhIGF-1 BID (MITT Population),Year 2,,3.9,3.2,,
NCT00330668,Mean Change From Baseline in Predicted Adult Height During BID Dosing Period,cm,MEAN,Standard Deviation,120 μg/kg rhIGF-1 BID (MITT Population),Year 3,,3.7,3.4,,
NCT00349466,Change From Baseline to Week 12 in Tear Meniscus (TM) Height,units on a scale,MEAN,Standard Deviation,CF101 1 mg,,,0.38,0.637,,
NCT00349466,Change From Baseline to Week 12 in Tear Meniscus (TM) Height,units on a scale,MEAN,Standard Deviation,Placebo,,,0.13,0.694,,
NCT00355030,Adult Height Standard Deviation Score (SDS),standard deviation score,MEAN,Standard Deviation,Somatropin and Leuprorelin,,,-1.8,0.53,,
NCT00355030,Adult Height Standard Deviation Score (SDS),standard deviation score,MEAN,Standard Deviation,Somatropin,,,-1.9,0.77,,
NCT00355030,Height Velocity,centimeter per year,MEAN,Standard Deviation,Somatropin and Leuprorelin,"Randomization (n=45, 43)",,7.8,6.92,,
NCT00355030,Height Velocity,centimeter per year,MEAN,Standard Deviation,Somatropin,"Randomization (n=45, 43)",,7.4,6.03,,
NCT00355030,Height Velocity,centimeter per year,MEAN,Standard Deviation,Somatropin and Leuprorelin,"Month 3 (n=45, 43)",,9.9,3.94,,
NCT00355030,Height Velocity,centimeter per year,MEAN,Standard Deviation,Somatropin,"Month 3 (n=45, 43)",,10.6,3.53,,
NCT00355030,Height Velocity,centimeter per year,MEAN,Standard Deviation,Somatropin and Leuprorelin,"Month 6 (n=45, 42)",,8.1,2.31,,
NCT00355030,Height Velocity,centimeter per year,MEAN,Standard Deviation,Somatropin,"Month 6 (n=45, 42)",,9.7,2.80,,
NCT00355030,Height Velocity,centimeter per year,MEAN,Standard Deviation,Somatropin and Leuprorelin,"Month 12 (n=44, 42)",,7.0,1.64,,
NCT00355030,Height Velocity,centimeter per year,MEAN,Standard Deviation,Somatropin,"Month 12 (n=44, 42)",,8.8,2.33,,
NCT00355030,Height Velocity,centimeter per year,MEAN,Standard Deviation,Somatropin and Leuprorelin,"Month 18 (n=42, 42)",,6.6,1.68,,
NCT00355030,Height Velocity,centimeter per year,MEAN,Standard Deviation,Somatropin,"Month 18 (n=42, 42)",,8.4,2.64,,
NCT00355030,Height Velocity,centimeter per year,MEAN,Standard Deviation,Somatropin and Leuprorelin,"Month 24 (n=37, 41)",,4.9,1.33,,
NCT00355030,Height Velocity,centimeter per year,MEAN,Standard Deviation,Somatropin,"Month 24 (n=37, 41)",,7.8,3.36,,
NCT00355030,Height Velocity,centimeter per year,MEAN,Standard Deviation,Somatropin and Leuprorelin,"Month 30 (n=25, 25)",,6.2,2.09,,
NCT00355030,Height Velocity,centimeter per year,MEAN,Standard Deviation,Somatropin,"Month 30 (n=25, 25)",,5.8,2.93,,
NCT00355030,Height Velocity,centimeter per year,MEAN,Standard Deviation,Somatropin and Leuprorelin,"Month 36 (n=18, 19)",,6.6,3.25,,
NCT00355030,Height Velocity,centimeter per year,MEAN,Standard Deviation,Somatropin,"Month 36 (n=18, 19)",,3.5,2.71,,
NCT00355030,Height Velocity,centimeter per year,MEAN,Standard Deviation,Somatropin and Leuprorelin,"Month 42 (n=13, 14)",,5.7,1.94,,
NCT00355030,Height Velocity,centimeter per year,MEAN,Standard Deviation,Somatropin,"Month 42 (n=13, 14)",,3.7,2.17,,
NCT00355030,Height Velocity,centimeter per year,MEAN,Standard Deviation,Somatropin and Leuprorelin,"Month 48 (n=7, 8)",,5.4,2.27,,
NCT00355030,Height Velocity,centimeter per year,MEAN,Standard Deviation,Somatropin,"Month 48 (n=7, 8)",,2.9,2.73,,
NCT00355030,Height Velocity,centimeter per year,MEAN,Standard Deviation,Somatropin and Leuprorelin,"Month 54 (n=1, 1)",,6.3,0,,
NCT00355030,Height Velocity,centimeter per year,MEAN,Standard Deviation,Somatropin,"Month 54 (n=1, 1)",,7.1,0,,
NCT00355030,Height Velocity,centimeter per year,MEAN,Standard Deviation,Somatropin and Leuprorelin,"Safety follow up 6 months (n=16, 9)",,4.6,2.08,,
NCT00355030,Height Velocity,centimeter per year,MEAN,Standard Deviation,Somatropin,"Safety follow up 6 months (n=16, 9)",,4.5,2.45,,
NCT00355030,Height Velocity,centimeter per year,MEAN,Standard Deviation,Somatropin and Leuprorelin,"Safety follow up 12 months(n=15, 8)",,2.9,2.37,,
NCT00355030,Height Velocity,centimeter per year,MEAN,Standard Deviation,Somatropin,"Safety follow up 12 months(n=15, 8)",,2.3,1.43,,
NCT00355030,Height Velocity,centimeter per year,MEAN,Standard Deviation,Somatropin and Leuprorelin,"Safety follow up 18 months (n=12, 4)",,3.3,1.69,,
NCT00355030,Height Velocity,centimeter per year,MEAN,Standard Deviation,Somatropin,"Safety follow up 18 months (n=12, 4)",,1.2,1.20,,
NCT00355030,Height Velocity,centimeter per year,MEAN,Standard Deviation,Somatropin and Leuprorelin,"Safety follow up 24 months (n=9, 1)",,2.0,1.32,,
NCT00355030,Height Velocity,centimeter per year,MEAN,Standard Deviation,Somatropin,"Safety follow up 24 months (n=9, 1)",,2.5,0,,
NCT00355030,Height Velocity,centimeter per year,MEAN,Standard Deviation,Somatropin and Leuprorelin,"Safety follow up 36 months (n=5, 0)",,1.3,0.53,,
NCT00355030,Height Velocity,centimeter per year,MEAN,Standard Deviation,Somatropin,"Safety follow up 36 months (n=5, 0)",,0,0,,
NCT00355030,Height Velocity,centimeter per year,MEAN,Standard Deviation,Somatropin and Leuprorelin,"Safety follow up 42 months (n=2, 0)",,2.1,2.45,,
NCT00355030,Height Velocity,centimeter per year,MEAN,Standard Deviation,Somatropin,"Safety follow up 42 months (n=2, 0)",,0,0,,
NCT00355030,Height Velocity,centimeter per year,MEAN,Standard Deviation,Somatropin and Leuprorelin,"Safety follow up 12 months (final height)(n=18,14)",,0.5,0.86,,
NCT00355030,Height Velocity,centimeter per year,MEAN,Standard Deviation,Somatropin,"Safety follow up 12 months (final height)(n=18,14)",,0.8,1.59,,
NCT00355030,Height Velocity,centimeter per year,MEAN,Standard Deviation,Somatropin and Leuprorelin,"Safety follow up 24 months (final height) (n=7,10)",,0.3,0.77,,
NCT00355030,Height Velocity,centimeter per year,MEAN,Standard Deviation,Somatropin,"Safety follow up 24 months (final height) (n=7,10)",,0.3,0.97,,
NCT00355030,Height Velocity,centimeter per year,MEAN,Standard Deviation,Somatropin and Leuprorelin,"Safety follow up 36 months (final height) (n=3,7)",,0.9,0.78,,
NCT00355030,Height Velocity,centimeter per year,MEAN,Standard Deviation,Somatropin,"Safety follow up 36 months (final height) (n=3,7)",,0.3,0.60,,
NCT00355030,Height SDS,standard deviation score,MEAN,Standard Deviation,Somatropin and Leuprorelin,"Randomization (n=45, 43)",,-2.5,0.45,,
NCT00355030,Height SDS,standard deviation score,MEAN,Standard Deviation,Somatropin,"Randomization (n=45, 43)",,-2.5,0.46,,
NCT00355030,Height SDS,standard deviation score,MEAN,Standard Deviation,Somatropin and Leuprorelin,"Month 3 (n=45, 43)",,-2.4,0.42,,
NCT00355030,Height SDS,standard deviation score,MEAN,Standard Deviation,Somatropin,"Month 3 (n=45, 43)",,-2.4,0.47,,
NCT00355030,Height SDS,standard deviation score,MEAN,Standard Deviation,Somatropin and Leuprorelin,"Month 6 (n=45, 42)",,-2.3,0.48,,
NCT00355030,Height SDS,standard deviation score,MEAN,Standard Deviation,Somatropin,"Month 6 (n=45, 42)",,-2.2,0.52,,
NCT00355030,Height SDS,standard deviation score,MEAN,Standard Deviation,Somatropin and Leuprorelin,"Month 12 (n=44, 42)",,-2.2,0.50,,
NCT00355030,Height SDS,standard deviation score,MEAN,Standard Deviation,Somatropin,"Month 12 (n=44, 42)",,-2.0,0.57,,
NCT00355030,Height SDS,standard deviation score,MEAN,Standard Deviation,Somatropin and Leuprorelin,"Month 18 (n=42, 42)",,-2.2,0.53,,
NCT00355030,Height SDS,standard deviation score,MEAN,Standard Deviation,Somatropin,"Month 18 (n=42, 42)",,-1.9,0.63,,
NCT00355030,Height SDS,standard deviation score,MEAN,Standard Deviation,Somatropin and Leuprorelin,"Month 24 (n=37, 41)",,-2.3,0.58,,
NCT00355030,Height SDS,standard deviation score,MEAN,Standard Deviation,Somatropin,"Month 24 (n=37, 41)",,-1.8,0.67,,
NCT00355030,Height SDS,standard deviation score,MEAN,Standard Deviation,Somatropin and Leuprorelin,"Month 30 (n=25, 25)",,-2.2,0.63,,
NCT00355030,Height SDS,standard deviation score,MEAN,Standard Deviation,Somatropin,"Month 30 (n=25, 25)",,-2.0,0.58,,
NCT00355030,Height SDS,standard deviation score,MEAN,Standard Deviation,Somatropin and Leuprorelin,"Month 36 (n=18, 19)",,-2.0,0.65,,
NCT00355030,Height SDS,standard deviation score,MEAN,Standard Deviation,Somatropin,"Month 36 (n=18, 19)",,-2.0,0.68,,
NCT00355030,Height SDS,standard deviation score,MEAN,Standard Deviation,Somatropin and Leuprorelin,"Month 42 (n=13, 14)",,-1.8,0.68,,
NCT00355030,Height SDS,standard deviation score,MEAN,Standard Deviation,Somatropin,"Month 42 (n=13, 14)",,-1.9,0.66,,
NCT00355030,Height SDS,standard deviation score,MEAN,Standard Deviation,Somatropin and Leuprorelin,"Month 48 (n=7, 8)",,-1.6,0.52,,
NCT00355030,Height SDS,standard deviation score,MEAN,Standard Deviation,Somatropin,"Month 48 (n=7, 8)",,-1.9,0.65,,
NCT00355030,Height SDS,standard deviation score,MEAN,Standard Deviation,Somatropin and Leuprorelin,"Month 54 (n=1, 1)",,-1.0,0,,
NCT00355030,Height SDS,standard deviation score,MEAN,Standard Deviation,Somatropin,"Month 54 (n=1, 1)",,-1.7,0,,
NCT00355030,Height SDS,standard deviation score,MEAN,Standard Deviation,Somatropin and Leuprorelin,"Safety follow up 6 months (n=16, 9)",,-2.1,0.65,,
NCT00355030,Height SDS,standard deviation score,MEAN,Standard Deviation,Somatropin,"Safety follow up 6 months (n=16, 9)",,-1.7,0.77,,
NCT00355030,Height SDS,standard deviation score,MEAN,Standard Deviation,Somatropin and Leuprorelin,"Safety follow up 12 months(n=15, 8)",,-1.9,0.55,,
NCT00355030,Height SDS,standard deviation score,MEAN,Standard Deviation,Somatropin,"Safety follow up 12 months(n=15, 8)",,-1.7,0.77,,
NCT00355030,Height SDS,standard deviation score,MEAN,Standard Deviation,Somatropin and Leuprorelin,"Safety follow up 18 months (n=12, 4)",,-1.9,0.63,,
NCT00355030,Height SDS,standard deviation score,MEAN,Standard Deviation,Somatropin,"Safety follow up 18 months (n=12, 4)",,-1.9,0.78,,
NCT00355030,Height SDS,standard deviation score,MEAN,Standard Deviation,Somatropin and Leuprorelin,"Safety follow up 24 months (n=9, 1)",,-1.9,0.46,,
NCT00355030,Height SDS,standard deviation score,MEAN,Standard Deviation,Somatropin,"Safety follow up 24 months (n=9, 1)",,-1.2,0,,
NCT00355030,Height SDS,standard deviation score,MEAN,Standard Deviation,Somatropin and Leuprorelin,"Safety follow up 36 months (n=5, 0)",,-1.9,0.67,,
NCT00355030,Height SDS,standard deviation score,MEAN,Standard Deviation,Somatropin,"Safety follow up 36 months (n=5, 0)",,0,0,,
NCT00355030,Height SDS,standard deviation score,MEAN,Standard Deviation,Somatropin and Leuprorelin,"Safety follow up 42 months (n=2, 0)",,-2.4,0.18,,
NCT00355030,Height SDS,standard deviation score,MEAN,Standard Deviation,Somatropin,"Safety follow up 42 months (n=2, 0)",,0,0,,
NCT00355030,Height SDS,standard deviation score,MEAN,Standard Deviation,Somatropin and Leuprorelin,"Safety follow up 12 months (final height)(n=18,14)",,-1.9,0.46,,
NCT00355030,Height SDS,standard deviation score,MEAN,Standard Deviation,Somatropin,"Safety follow up 12 months (final height)(n=18,14)",,-1.8,0.71,,
NCT00355030,Height SDS,standard deviation score,MEAN,Standard Deviation,Somatropin and Leuprorelin,"Safety follow up 24 months (final height) (n=7,10)",,-1.6,0.56,,
NCT00355030,Height SDS,standard deviation score,MEAN,Standard Deviation,Somatropin,"Safety follow up 24 months (final height) (n=7,10)",,-2.0,0.79,,
NCT00355030,Height SDS,standard deviation score,MEAN,Standard Deviation,Somatropin and Leuprorelin,"Safety follow up 36 months (final height) (n=3,7)",,-1.2,0.90,,
NCT00355030,Height SDS,standard deviation score,MEAN,Standard Deviation,Somatropin,"Safety follow up 36 months (final height) (n=3,7)",,-2.2,0.94,,
NCT00355030,Difference Between Adult Height SDS and Target Height SDS,standard deviation score,MEAN,Standard Deviation,Somatropin and Leuprorelin,,,-0.6,0.89,,
NCT00355030,Difference Between Adult Height SDS and Target Height SDS,standard deviation score,MEAN,Standard Deviation,Somatropin,,,-1.2,0.80,,
NCT00355030,Difference Between Adult Height SDS and Baseline Predicted Height SDS,standard deviation score,MEAN,Standard Deviation,Somatropin and Leuprorelin,,,1.1,0.96,,
NCT00355030,Difference Between Adult Height SDS and Baseline Predicted Height SDS,standard deviation score,MEAN,Standard Deviation,Somatropin,,,1.2,0.70,,
NCT00355030,Difference Between Adult Height SDS and Baseline Height SDS,standard deviation score,MEAN,Standard Deviation,Somatropin and Leuprorelin,,,0.6,0.59,,
NCT00355030,Difference Between Adult Height SDS and Baseline Height SDS,standard deviation score,MEAN,Standard Deviation,Somatropin,,,0.6,0.67,,
NCT00355030,Percentage of Children With Normal Adult Height SDS,percentage of participants,NUMBER,,Somatropin and Leuprorelin,,,26.7,,,
NCT00355030,Percentage of Children With Normal Adult Height SDS,percentage of participants,NUMBER,,Somatropin,,,25.6,,,
NCT00355030,Bone Age,years,MEAN,Standard Deviation,Somatropin and Leuprorelin,"Randomization (n=45, 43)",,10.8,1.58,,
NCT00355030,Bone Age,years,MEAN,Standard Deviation,Somatropin,"Randomization (n=45, 43)",,11.0,1.45,,
NCT00355030,Bone Age,years,MEAN,Standard Deviation,Somatropin and Leuprorelin,"Month 12 (n=40, 41)",,11.7,1.59,,
NCT00355030,Bone Age,years,MEAN,Standard Deviation,Somatropin,"Month 12 (n=40, 41)",,12.1,1.12,,
NCT00355030,Bone Age,years,MEAN,Standard Deviation,Somatropin and Leuprorelin,"Month 24 (n=34, 37)",,12.4,1.32,,
NCT00355030,Bone Age,years,MEAN,Standard Deviation,Somatropin,"Month 24 (n=34, 37)",,13.4,1.09,,
NCT00355030,Bone Age,years,MEAN,Standard Deviation,Somatropin and Leuprorelin,"Month 36 (n=18, 18)",,13.3,1.49,,
NCT00355030,Bone Age,years,MEAN,Standard Deviation,Somatropin,"Month 36 (n=18, 18)",,14.5,1.64,,
NCT00355030,Bone Age,years,MEAN,Standard Deviation,Somatropin and Leuprorelin,"Month 48 (n=7, 8)",,14.8,1.33,,
NCT00355030,Bone Age,years,MEAN,Standard Deviation,Somatropin,"Month 48 (n=7, 8)",,15.4,1.27,,
NCT00355030,Bone Age,years,MEAN,Standard Deviation,Somatropin and Leuprorelin,"Safety follow up 6 months (n=16, 7)",,14.1,1.11,,
NCT00355030,Bone Age,years,MEAN,Standard Deviation,Somatropin,"Safety follow up 6 months (n=16, 7)",,14.9,0.81,,
NCT00355030,Bone Age,years,MEAN,Standard Deviation,Somatropin and Leuprorelin,"Safety follow up 18 months (n=12, 3)",,15.2,1.25,,
NCT00355030,Bone Age,years,MEAN,Standard Deviation,Somatropin,"Safety follow up 18 months (n=12, 3)",,17.0,1.00,,
NCT00355030,Bone Age,years,MEAN,Standard Deviation,Somatropin and Leuprorelin,"Safety follow up 36 months (n=5, 0)",,15.7,1.04,,
NCT00355030,Bone Age,years,MEAN,Standard Deviation,Somatropin,"Safety follow up 36 months (n=5, 0)",,0,0,,
NCT00355030,Bone Age,years,MEAN,Standard Deviation,Somatropin and Leuprorelin,"Safety follow up 12 months (final height)(n=18,14)",,19.6,14.53,,
NCT00355030,Bone Age,years,MEAN,Standard Deviation,Somatropin,"Safety follow up 12 months (final height)(n=18,14)",,16.3,1.27,,
NCT00386360,"Height, Percent Change From Baseline to Month 12",Percent Change,LEAST_SQUARES_MEAN,95% Confidence Interval,Placebo,,,-0.163,,-0.270,-0.056
NCT00386360,"Height, Percent Change From Baseline to Month 12",Percent Change,LEAST_SQUARES_MEAN,95% Confidence Interval,Risedronate,,,-0.071,,-0.146,0.003
NCT00396097,Variability of Height SDS at 24 Months,Standard Deviation Score (SDS),MEAN,Standard Deviation,Standard Dose Arm,"Change from baseline at 24 months (n=101,184)",,1.12,0.408,,
NCT00396097,Variability of Height SDS at 24 Months,Standard Deviation Score (SDS),MEAN,Standard Deviation,Individualized Dose Arm,"Change from baseline at 24 months (n=101,184)",,1.11,0.518,,
NCT00396097,Variability of Height SDS at 24 Months,Standard Deviation Score (SDS),MEAN,Standard Deviation,Standard Dose Arm,"Change from baseline at 24 months LOCF (n=114,202)",,1.03,0.475,,
NCT00396097,Variability of Height SDS at 24 Months,Standard Deviation Score (SDS),MEAN,Standard Deviation,Individualized Dose Arm,"Change from baseline at 24 months LOCF (n=114,202)",,1.04,0.544,,
NCT00396097,Computed Cost of Height Gain at 48 Months,mg/cm,MEAN,Standard Deviation,Standard Dose Arm,,,72.77,17.914,,
NCT00396097,Computed Cost of Height Gain at 48 Months,mg/cm,MEAN,Standard Deviation,Individualized Dose Arm Overall,,,67.30,24.382,,
NCT00396097,Computed Cost of Height Gain at 48 Months,mg/cm,MEAN,Standard Deviation,Individualized Dose Arm 0.18 mg/kg/Week,,,63.07,21.656,,
NCT00396097,Computed Cost of Height Gain at 48 Months,mg/cm,MEAN,Standard Deviation,Individualized Dose Arm 0.24 mg/kg/Week,,,69.62,21.903,,
NCT00396097,Estimated Cost of Height Gain Estimated Until Full Adult Height (FAH) at 48 Months,mg/cm,MEAN,Standard Deviation,Standard Dose Arm,,,127.99,29.708,,
NCT00396097,Estimated Cost of Height Gain Estimated Until Full Adult Height (FAH) at 48 Months,mg/cm,MEAN,Standard Deviation,Individualized Dose Arm Overall,,,91.34,31.854,,
NCT00396097,Estimated Cost of Height Gain Estimated Until Full Adult Height (FAH) at 48 Months,mg/cm,MEAN,Standard Deviation,Individualized Dose Arm 0.18 mg/kg/Week,,,80.06,21.000,,
NCT00396097,Estimated Cost of Height Gain Estimated Until Full Adult Height (FAH) at 48 Months,mg/cm,MEAN,Standard Deviation,Individualized Dose Arm 0.24/mg/kg/Week,,,92.24,25.213,,
NCT00396097,Change From Baseline in Height SDS at 48 Months.,Standard Deviation Score (SDS),MEAN,Standard Deviation,Standard Dose Arm,,,1.33,0.717,,
NCT00396097,Change From Baseline in Height SDS at 48 Months.,Standard Deviation Score (SDS),MEAN,Standard Deviation,Individualized Dose Arm Overall,,,1.24,0.668,,
NCT00396097,Change From Baseline in Height SDS at 48 Months.,Standard Deviation Score (SDS),MEAN,Standard Deviation,Individualized Dose Arm 0.18 mg/kg/Week,,,1.33,0.637,,
NCT00396097,Change From Baseline in Height SDS at 48 Months.,Standard Deviation Score (SDS),MEAN,Standard Deviation,Individualized Dose Arm 0.24 mg/kg/Week,,,1.34,0.633,,
NCT00404820,Change in Body Height From Baseline to Month 12,cm,MEAN,Standard Deviation,Zoledronic Acid 5 mg,,,-0.1,1.0,,
NCT00404820,Change in Body Height From Baseline to Month 12,cm,MEAN,Standard Deviation,Alendronate 70 mg,,,0.0,1.2,,
NCT00418977,Height,inches,MEAN,Standard Deviation,Family Based Therapy,,,61.3,4.7,,
NCT00418977,Height,inches,MEAN,Standard Deviation,Individual Supportive Psychotherapy,,,63.6,4.1,,
NCT00429364,Annual Rate of Change in Height,cm/year,LEAST_SQUARES_MEAN,Standard Error,Atenolol,,,0.822,0.204,,
NCT00429364,Annual Rate of Change in Height,cm/year,LEAST_SQUARES_MEAN,Standard Error,Losartan,,,0.935,0.202,,
NCT00429364,Annual Rate of Change in Height-for-age Z-score,z-score/year,LEAST_SQUARES_MEAN,Standard Error,Atenolol,,,0.046,0.013,,
NCT00429364,Annual Rate of Change in Height-for-age Z-score,z-score/year,LEAST_SQUARES_MEAN,Standard Error,Losartan,,,0.019,0.013,,
NCT00429364,Annual Rate of Change in Arm Span to Height Ratio,1/year,LEAST_SQUARES_MEAN,Standard Error,Atenolol,,,0.001,0.001,,
NCT00429364,Annual Rate of Change in Arm Span to Height Ratio,1/year,LEAST_SQUARES_MEAN,Standard Error,Losartan,,,0.001,0.001,,
NCT00429364,Annual Rate of Change in Upper to Lower Segment Ratio,1/year,LEAST_SQUARES_MEAN,Standard Error,Atenolol,,,-0.014,0.002,,
NCT00429364,Annual Rate of Change in Upper to Lower Segment Ratio,1/year,LEAST_SQUARES_MEAN,Standard Error,Losartan,,,-0.015,0.002,,
NCT00432159,Average Radiographic Disc Height (mm) - Change From Post-op,mm,MEAN,Standard Deviation,1-level Cervical TDR,,,-1.0,0.76,,
NCT00432159,Average Radiographic Disc Height (mm) - Change From Post-op,mm,MEAN,Standard Deviation,1-level ACDF With Plate,,,-1.0,0.83,,
NCT00433836,"Decrease in MSSBP to < 95th Percentile for Age, Gender and Height",Percentage of participants,NUMBER,,Valsartan,,,66.9,,,
NCT00433836,"Decrease in MSSBP to < 95th Percentile for Age, Gender and Height",Percentage of participants,NUMBER,,Enalapril,,,70.3,,,
NCT00439647,Mean Change in Height From Baseline,mm,MEAN,Standard Error,Zoledronic Acid,12 months,,-0.86,0.333,,
NCT00439647,Mean Change in Height From Baseline,mm,MEAN,Standard Error,Placebo,12 months,,-2.50,0.522,,
NCT00439647,Mean Change in Height From Baseline,mm,MEAN,Standard Error,Zoledronic Acid,24 months,,-2.33,0.389,,
NCT00439647,Mean Change in Height From Baseline,mm,MEAN,Standard Error,Placebo,24 months,,-4.61,0.610,,
NCT00448916,Height at Month 12/Early Termination.,cm,MEAN,Standard Deviation,Pregabalin: 1-23 Months,,,83.3,8.87,,
NCT00448916,Height at Month 12/Early Termination.,cm,MEAN,Standard Deviation,Pregabalin: 2-6 Years,,,109.9,12.76,,
NCT00448916,Height at Month 12/Early Termination.,cm,MEAN,Standard Deviation,Pregabalin: 7-11 Years,,,145.6,13.21,,
NCT00448916,Height at Month 12/Early Termination.,cm,MEAN,Standard Deviation,Pregabalin: 12-16 Years,,,167.3,8.18,,
NCT00449072,Growth Velocity,cm/year,LEAST_SQUARES_MEAN,Standard Error,Placebo,,,6.09,0.122,,
NCT00449072,Growth Velocity,cm/year,LEAST_SQUARES_MEAN,Standard Error,TAA-AQ,,,5.65,0.122,,
NCT00456365,Percentage Change in Total Kidney Volume Corrected for Height,Percent change,MEAN,Standard Deviation,Pravastatin,,,23,3,,
NCT00456365,Percentage Change in Total Kidney Volume Corrected for Height,Percent change,MEAN,Standard Deviation,Placebo,,,31,3,,
NCT00471237,Mean Change From Baseline in Height,Centimeter,MEAN,Standard Deviation,Placebo,Month 6,,-0.04,0.58,,
NCT00471237,Mean Change From Baseline in Height,Centimeter,MEAN,Standard Deviation,"Ronacaleret, 100 mg Tablet, OD",Month 6,,0.17,1.41,,
NCT00471237,Mean Change From Baseline in Height,Centimeter,MEAN,Standard Deviation,"Ronacaleret, 200 mg Tablet, OD",Month 6,,0.72,3.82,,
NCT00471237,Mean Change From Baseline in Height,Centimeter,MEAN,Standard Deviation,"Ronacaleret, 300 mg Tablet, OD",Month 6,,0.05,0.70,,
NCT00471237,Mean Change From Baseline in Height,Centimeter,MEAN,Standard Deviation,"Ronacaleret, 400 mg Tablet, OD",Month 6,,-0.04,0.82,,
NCT00471237,Mean Change From Baseline in Height,Centimeter,MEAN,Standard Deviation,"Alendronate, 70 mg, Capsule, OW",Month 6,,-0.07,1.13,,
NCT00471237,Mean Change From Baseline in Height,Centimeter,MEAN,Standard Deviation,"Teriparatide, 20 mcg, SC Injection, OD",Month 6,,0.11,0.65,,
NCT00471237,Mean Change From Baseline in Height,Centimeter,MEAN,Standard Deviation,Placebo,Month 12,,-0.14,0.65,,
NCT00471237,Mean Change From Baseline in Height,Centimeter,MEAN,Standard Deviation,"Ronacaleret, 100 mg Tablet, OD",Month 12,,0.04,1.59,,
NCT00471237,Mean Change From Baseline in Height,Centimeter,MEAN,Standard Deviation,"Ronacaleret, 200 mg Tablet, OD",Month 12,,0.02,0.76,,
NCT00471237,Mean Change From Baseline in Height,Centimeter,MEAN,Standard Deviation,"Ronacaleret, 300 mg Tablet, OD",Month 12,,-0.09,1.04,,
NCT00471237,Mean Change From Baseline in Height,Centimeter,MEAN,Standard Deviation,"Ronacaleret, 400 mg Tablet, OD",Month 12,,-0.17,0.67,,
NCT00471237,Mean Change From Baseline in Height,Centimeter,MEAN,Standard Deviation,"Alendronate, 70 mg, Capsule, OW",Month 12,,-0.08,0.57,,
NCT00471237,Mean Change From Baseline in Height,Centimeter,MEAN,Standard Deviation,"Teriparatide, 20 mcg, SC Injection, OD",Month 12,,0.11,0.56,,
NCT00471237,Mean Change From Baseline in Height,Centimeter,MEAN,Standard Deviation,Placebo,Early withdrawal,,0.03,0.61,,
NCT00471237,Mean Change From Baseline in Height,Centimeter,MEAN,Standard Deviation,"Ronacaleret, 100 mg Tablet, OD",Early withdrawal,,0.17,1.92,,
NCT00471237,Mean Change From Baseline in Height,Centimeter,MEAN,Standard Deviation,"Ronacaleret, 200 mg Tablet, OD",Early withdrawal,,-0.13,0.55,,
NCT00471237,Mean Change From Baseline in Height,Centimeter,MEAN,Standard Deviation,"Ronacaleret, 300 mg Tablet, OD",Early withdrawal,,-0.16,0.76,,
NCT00471237,Mean Change From Baseline in Height,Centimeter,MEAN,Standard Deviation,"Ronacaleret, 400 mg Tablet, OD",Early withdrawal,,-0.16,0.82,,
NCT00471237,Mean Change From Baseline in Height,Centimeter,MEAN,Standard Deviation,"Alendronate, 70 mg, Capsule, OW",Early withdrawal,,-0.37,0.88,,
NCT00471237,Mean Change From Baseline in Height,Centimeter,MEAN,Standard Deviation,"Teriparatide, 20 mcg, SC Injection, OD",Early withdrawal,,0,0,,
NCT00486889,Recumbent Height/Length of Participants in Centimeters (cm),cm,NUMBER,,Alglucosidase Alfa,Participant-1 Baseline,,80.4,,,
NCT00486889,Recumbent Height/Length of Participants in Centimeters (cm),cm,NUMBER,,Alglucosidase Alfa,Participant-1 Week 52,,93.8,,,
NCT00486889,Recumbent Height/Length of Participants in Centimeters (cm),cm,NUMBER,,Alglucosidase Alfa,Participant-2 Baseline,,67.7,,,
NCT00486889,Recumbent Height/Length of Participants in Centimeters (cm),cm,NUMBER,,Alglucosidase Alfa,Participant-2 Week 82,,91.1,,,
NCT00486889,Recumbent Height/Length of Participants in Centimeters (cm),cm,NUMBER,,Alglucosidase Alfa,Participant-3 Baseline,,69.1,,,
NCT00486889,Recumbent Height/Length of Participants in Centimeters (cm),cm,NUMBER,,Alglucosidase Alfa,Participant-3 Week 208,,107.5,,,
NCT00486889,Recumbent Height/Length of Participants in Centimeters (cm),cm,NUMBER,,Alglucosidase Alfa,Participant-4 Baseline,,67.0,,,
NCT00486889,Recumbent Height/Length of Participants in Centimeters (cm),cm,NUMBER,,Alglucosidase Alfa,Participant-4 Week 208,,110.0,,,
NCT00486889,Recumbent Height/Length of Participants in Centimeters (cm),cm,NUMBER,,Alglucosidase Alfa,Participant-5 Baseline,,71.4,,,
NCT00486889,Recumbent Height/Length of Participants in Centimeters (cm),cm,NUMBER,,Alglucosidase Alfa,Participant-5 Week 12,,71.1,,,
NCT00486889,Recumbent Height/Length of Participants in Centimeters (cm),cm,NUMBER,,Alglucosidase Alfa,Participant-6 Baseline,,83.5,,,
NCT00486889,Recumbent Height/Length of Participants in Centimeters (cm),cm,NUMBER,,Alglucosidase Alfa,Participant-6 Week 365,,131.0,,,
NCT00486889,Recumbent Height/Length of Participants in Centimeters (cm),cm,NUMBER,,Alglucosidase Alfa,Participant-7 Baseline,,57.2,,,
NCT00486889,Recumbent Height/Length of Participants in Centimeters (cm),cm,NUMBER,,Alglucosidase Alfa,Participant-7 Week 64,,80.5,,,
NCT00486889,Recumbent Height/Length of Participants in Centimeters (cm),cm,NUMBER,,Alglucosidase Alfa,Participant-8 Baseline,,70.4,,,
NCT00486889,Recumbent Height/Length of Participants in Centimeters (cm),cm,NUMBER,,Alglucosidase Alfa,Participant-8 Week 156,,110.3,,,
NCT00486889,Recumbent Height/Length of Participants in Centimeters (cm),cm,NUMBER,,Alglucosidase Alfa,Participant-9 Baseline,,61.0,,,
NCT00486889,Recumbent Height/Length of Participants in Centimeters (cm),cm,NUMBER,,Alglucosidase Alfa,Participant-9 Week 364,,117.0,,,
NCT00486889,Recumbent Height/Length of Participants in Centimeters (cm),cm,NUMBER,,Alglucosidase Alfa,Participant-10 Baseline,,76.7,,,
NCT00486889,Recumbent Height/Length of Participants in Centimeters (cm),cm,NUMBER,,Alglucosidase Alfa,Participant-10 Week 52,,83.8,,,
NCT00486889,Recumbent Height/Length of Participants in Centimeters (cm),cm,NUMBER,,Alglucosidase Alfa,Participant-11 Baseline,,95.0,,,
NCT00486889,Recumbent Height/Length of Participants in Centimeters (cm),cm,NUMBER,,Alglucosidase Alfa,Participant-11 Week 156,,115.0,,,
NCT00486889,Recumbent Height/Length of Participants in Centimeters (cm),cm,NUMBER,,Alglucosidase Alfa,Participant-12 Baseline,,76.0,,,
NCT00486889,Recumbent Height/Length of Participants in Centimeters (cm),cm,NUMBER,,Alglucosidase Alfa,Participant-12 Week 520,,139.7,,,
NCT00488514,Mean Height for All Study Participants at the Indicated Time Points,centimeters,MEAN,Standard Deviation,12-14 Years,"Screening, n=285, 337, 622",,160.2,9.15,,
NCT00488514,Mean Height for All Study Participants at the Indicated Time Points,centimeters,MEAN,Standard Deviation,15-17 Years,"Screening, n=285, 337, 622",,167.0,8.80,,
NCT00488514,Mean Height for All Study Participants at the Indicated Time Points,centimeters,MEAN,Standard Deviation,12-17 Years,"Screening, n=285, 337, 622",,163.9,9.57,,
NCT00488514,Mean Height for All Study Participants at the Indicated Time Points,centimeters,MEAN,Standard Deviation,12-14 Years,"Month 3, n=271, 308, 579",,161.3,9.09,,
NCT00488514,Mean Height for All Study Participants at the Indicated Time Points,centimeters,MEAN,Standard Deviation,15-17 Years,"Month 3, n=271, 308, 579",,167.3,8.92,,
NCT00488514,Mean Height for All Study Participants at the Indicated Time Points,centimeters,MEAN,Standard Deviation,12-17 Years,"Month 3, n=271, 308, 579",,164.5,9.48,,
NCT00488514,Mean Height for All Study Participants at the Indicated Time Points,centimeters,MEAN,Standard Deviation,12-14 Years,"Month 6, n=224, 249, 473",,162.6,9.12,,
NCT00488514,Mean Height for All Study Participants at the Indicated Time Points,centimeters,MEAN,Standard Deviation,15-17 Years,"Month 6, n=224, 249, 473",,167.3,8.81,,
NCT00488514,Mean Height for All Study Participants at the Indicated Time Points,centimeters,MEAN,Standard Deviation,12-17 Years,"Month 6, n=224, 249, 473",,165.1,9.26,,
NCT00488514,Mean Height for All Study Participants at the Indicated Time Points,centimeters,MEAN,Standard Deviation,12-14 Years,"Month 9, n=198, 221, 419",,163.8,8.92,,
NCT00488514,Mean Height for All Study Participants at the Indicated Time Points,centimeters,MEAN,Standard Deviation,15-17 Years,"Month 9, n=198, 221, 419",,167.6,8.39,,
NCT00488514,Mean Height for All Study Participants at the Indicated Time Points,centimeters,MEAN,Standard Deviation,12-17 Years,"Month 9, n=198, 221, 419",,165.8,8.84,,
NCT00488514,Mean Height for All Study Participants at the Indicated Time Points,centimeters,MEAN,Standard Deviation,12-14 Years,"Month 12, n=178, 198, 376",,165.3,8.86,,
NCT00488514,Mean Height for All Study Participants at the Indicated Time Points,centimeters,MEAN,Standard Deviation,15-17 Years,"Month 12, n=178, 198, 376",,167.9,8.70,,
NCT00488514,Mean Height for All Study Participants at the Indicated Time Points,centimeters,MEAN,Standard Deviation,12-17 Years,"Month 12, n=178, 198, 376",,166.7,8.86,,
NCT00509028,Height,Centimeters,MEAN,Standard Deviation,Budesonide,,,5.34,1.99,,
NCT00509028,Height,Centimeters,MEAN,Standard Deviation,Conventional Therapy,,,6.35,1.89,,
NCT00516139,Change From Baseline in the Height at the Indicated Time Points in the Study,centimeters,MEAN,Standard Deviation,LTG-XR Tablets,"Week 15, Adj M Phase, n=90",,0.03,1.302,,
NCT00516139,Change From Baseline in the Height at the Indicated Time Points in the Study,centimeters,MEAN,Standard Deviation,LTG-XR Tablets,"Week 28, Adj O Phase, n=21",,0.29,2.217,,
NCT00516139,Change From Baseline in the Height at the Indicated Time Points in the Study,centimeters,MEAN,Standard Deviation,LTG-XR Tablets,"Week 28, Mono Phase, n=62",,-0.03,1.293,,
NCT00516139,Change From Baseline in the Height at the Indicated Time Points in the Study,centimeters,MEAN,Standard Deviation,LTG-XR Tablets,"Week 28, WD, n=36",,-0.03,1.028,,
NCT00516139,Change From Baseline in the Height at the Indicated Time Points in the Study,centimeters,MEAN,Standard Deviation,LTG-XR Tablets,"Week 30/33, EOS, n=120",,0.03,1.417,,
NCT00529373,Base Study: Yearly Rate of Height Loss,cm/year,LEAST_SQUARES_MEAN,95% Confidence Interval,Odanacatib 50 mg OW,,,-0.13,,-0.14,-0.12
NCT00529373,Base Study: Yearly Rate of Height Loss,cm/year,LEAST_SQUARES_MEAN,95% Confidence Interval,Placebo,,,-0.15,,-0.16,-0.14
NCT00529373,Base Study: Number of Participants With Height Loss of > 1 cm,Participants,COUNT_OF_PARTICIPANTS,,Odanacatib 50 mg OW,Up to Month 12,,316,,,
NCT00529373,Base Study: Number of Participants With Height Loss of > 1 cm,Participants,COUNT_OF_PARTICIPANTS,,Placebo,Up to Month 12,,365,,,
NCT00529373,Base Study: Number of Participants With Height Loss of > 1 cm,Participants,COUNT_OF_PARTICIPANTS,,Odanacatib 50 mg OW,Up to Month 24,,592,,,
NCT00529373,Base Study: Number of Participants With Height Loss of > 1 cm,Participants,COUNT_OF_PARTICIPANTS,,Placebo,Up to Month 24,,669,,,
NCT00529373,Base Study: Number of Participants With Height Loss of > 1 cm,Participants,COUNT_OF_PARTICIPANTS,,Odanacatib 50 mg OW,Up to Month 36,,875,,,
NCT00529373,Base Study: Number of Participants With Height Loss of > 1 cm,Participants,COUNT_OF_PARTICIPANTS,,Placebo,Up to Month 36,,944,,,
NCT00529373,Base Study: Number of Participants With Height Loss of > 1 cm,Participants,COUNT_OF_PARTICIPANTS,,Odanacatib 50 mg OW,Up to Month 48,,90,,,
NCT00529373,Base Study: Number of Participants With Height Loss of > 1 cm,Participants,COUNT_OF_PARTICIPANTS,,Placebo,Up to Month 48,,59,,,
NCT00529373,Base Study: Number of Participants With Height Loss of > 1 cm,Participants,COUNT_OF_PARTICIPANTS,,Odanacatib 50 mg OW,Up to Month 60,,23,,,
NCT00529373,Base Study: Number of Participants With Height Loss of > 1 cm,Participants,COUNT_OF_PARTICIPANTS,,Placebo,Up to Month 60,,12,,,
NCT00529373,Base Study: Number of Participants With Height Loss of > 1 cm,Participants,COUNT_OF_PARTICIPANTS,,Odanacatib 50 mg OW,Overall/At any time,,1022,,,
NCT00529373,Base Study: Number of Participants With Height Loss of > 1 cm,Participants,COUNT_OF_PARTICIPANTS,,Placebo,Overall/At any time,,1149,,,
NCT00537914,Mean Change in Height (H) (cm) From Baseline,cm,MEAN,95% Confidence Interval,Omnitrope,3 months,,2.74,,2.62,2.86
NCT00537914,Mean Change in Height (H) (cm) From Baseline,cm,MEAN,95% Confidence Interval,Omnitrope,1 year,,9.08,,8.89,9.27
NCT00537914,Mean Change in Height (H) (cm) From Baseline,cm,MEAN,95% Confidence Interval,Omnitrope,2 years,,16.52,,16.22,16.82
NCT00537914,Mean Change in Height (H) (cm) From Baseline,cm,MEAN,95% Confidence Interval,Omnitrope,5 years,,35.10,,34.48,35.72
NCT00537914,Mean Change in Height (H) (cm) From Baseline,cm,MEAN,95% Confidence Interval,Omnitrope,9 years,,58.07,,56.83,59.30
NCT00537914,Mean Change in Height Standard Deviation Score Over Time From Baseline,SDS,MEAN,95% Confidence Interval,Omnitrope,3 months,,0.30,,0.28,0.33
NCT00537914,Mean Change in Height Standard Deviation Score Over Time From Baseline,SDS,MEAN,95% Confidence Interval,Omnitrope,0.5 year,,0.51,,0.47,0.54
NCT00537914,Mean Change in Height Standard Deviation Score Over Time From Baseline,SDS,MEAN,95% Confidence Interval,Omnitrope,9 months,,0.68,,0.64,0.72
NCT00537914,Mean Change in Height Standard Deviation Score Over Time From Baseline,SDS,MEAN,95% Confidence Interval,Omnitrope,1 year,,0.81,,0.76,0.86
NCT00537914,Mean Change in Height Standard Deviation Score Over Time From Baseline,SDS,MEAN,95% Confidence Interval,Omnitrope,1.25 years,,0.93,,0.87,0.98
NCT00537914,Mean Change in Height Standard Deviation Score Over Time From Baseline,SDS,MEAN,95% Confidence Interval,Omnitrope,1.5 years,,1.04,,0.98,1.10
NCT00537914,Mean Change in Height Standard Deviation Score Over Time From Baseline,SDS,MEAN,95% Confidence Interval,Omnitrope,1.75 years,,1.16,,1.09,1.22
NCT00537914,Mean Change in Height Standard Deviation Score Over Time From Baseline,SDS,MEAN,95% Confidence Interval,Omnitrope,2 years,,1.25,,1.18,1.31
NCT00537914,Mean Change in Height Standard Deviation Score Over Time From Baseline,SDS,MEAN,95% Confidence Interval,Omnitrope,3 years,,1.50,,1.42,1.58
NCT00537914,Mean Change in Height Standard Deviation Score Over Time From Baseline,SDS,MEAN,95% Confidence Interval,Omnitrope,4 years,,1.67,,1.57,1.77
NCT00537914,Mean Change in Height Standard Deviation Score Over Time From Baseline,SDS,MEAN,95% Confidence Interval,Omnitrope,5 years,,1.82,,1.70,1.94
NCT00537914,Mean Change in Height Standard Deviation Score Over Time From Baseline,SDS,MEAN,95% Confidence Interval,Omnitrope,6 years,,1.94,,1.81,2.07
NCT00537914,Mean Change in Height Standard Deviation Score Over Time From Baseline,SDS,MEAN,95% Confidence Interval,Omnitrope,7 years,,2.07,,1.92,2.22
NCT00537914,Mean Change in Height Standard Deviation Score Over Time From Baseline,SDS,MEAN,95% Confidence Interval,Omnitrope,8 years,,2.19,,2.03,2.35
NCT00537914,Mean Change in Height Standard Deviation Score Over Time From Baseline,SDS,MEAN,95% Confidence Interval,Omnitrope,9 years,,2.18,,1.99,2.37
NCT00537914,Mean Change in Height Standard Deviation Score Over Time From Baseline,SDS,MEAN,95% Confidence Interval,Omnitrope,10 years,,2.21,,2.00,2.43
NCT00537914,Mean Change in Height Standard Deviation Score Over Time From Baseline,SDS,MEAN,95% Confidence Interval,Omnitrope,11 years,,2.38,,2.13,2.63
NCT00537914,Mean Change in Height Standard Deviation Score Over Time From Baseline,SDS,MEAN,95% Confidence Interval,Omnitrope,12 years,,2.39,,1.81,2.97
NCT00537914,Mean Change in Height Standard Deviation Score Over Time From Baseline,SDS,MEAN,95% Confidence Interval,Omnitrope,12.5 years,,3.01,,1.78,4.24
NCT00537914,Mean Change in Height Velocity (HV) (cm/Year) Over Time From Baseline,cm/year,MEAN,95% Confidence Interval,Omnitrope,3 months,,6.45,,5.95,6.95
NCT00537914,Mean Change in Height Velocity (HV) (cm/Year) Over Time From Baseline,cm/year,MEAN,95% Confidence Interval,Omnitrope,1 year,,4.71,,4.47,4.96
NCT00537914,Mean Change in Height Velocity (HV) (cm/Year) Over Time From Baseline,cm/year,MEAN,95% Confidence Interval,Omnitrope,2 years,,3.02,,2.80,3.25
NCT00537914,Mean Change in Height Velocity (HV) (cm/Year) Over Time From Baseline,cm/year,MEAN,95% Confidence Interval,Omnitrope,5 years,,1.37,,1.01,1.73
NCT00537914,Mean Change in Height Velocity (HV) (cm/Year) Over Time From Baseline,cm/year,MEAN,95% Confidence Interval,Omnitrope,9 years,,0.10,,-0.53,0.74
NCT00537914,Mean Change in Height Velocity Standard Deviation Score (HV SDS) Over Time From Baseline,SDS,MEAN,95% Confidence Interval,Omnitrope,3 months,,8.41,,7.76,9.07
NCT00537914,Mean Change in Height Velocity Standard Deviation Score (HV SDS) Over Time From Baseline,SDS,MEAN,95% Confidence Interval,Omnitrope,0.5 year,,7.27,,6.83,7.71
NCT00537914,Mean Change in Height Velocity Standard Deviation Score (HV SDS) Over Time From Baseline,SDS,MEAN,95% Confidence Interval,Omnitrope,9 months,,6.69,,6.31,7.06
NCT00537914,Mean Change in Height Velocity Standard Deviation Score (HV SDS) Over Time From Baseline,SDS,MEAN,95% Confidence Interval,Omnitrope,1 year,,6.26,,5.92,6.59
NCT00537914,Mean Change in Height Velocity Standard Deviation Score (HV SDS) Over Time From Baseline,SDS,MEAN,95% Confidence Interval,Omnitrope,1.25 years,,5.29,,4.99,5.60
NCT00537914,Mean Change in Height Velocity Standard Deviation Score (HV SDS) Over Time From Baseline,SDS,MEAN,95% Confidence Interval,Omnitrope,1.5 years,,4.85,,4.55,5.15
NCT00537914,Mean Change in Height Velocity Standard Deviation Score (HV SDS) Over Time From Baseline,SDS,MEAN,95% Confidence Interval,Omnitrope,1.75 years,,4.59,,4.28,4.91
NCT00537914,Mean Change in Height Velocity Standard Deviation Score (HV SDS) Over Time From Baseline,SDS,MEAN,95% Confidence Interval,Omnitrope,2 years,,4.35,,4.02,4.68
NCT00537914,Mean Change in Height Velocity Standard Deviation Score (HV SDS) Over Time From Baseline,SDS,MEAN,95% Confidence Interval,Omnitrope,3 years,,3.62,,3.23,4.00
NCT00537914,Mean Change in Height Velocity Standard Deviation Score (HV SDS) Over Time From Baseline,SDS,MEAN,95% Confidence Interval,Omnitrope,4 years,,3.08,,2.68,3.47
NCT00537914,Mean Change in Height Velocity Standard Deviation Score (HV SDS) Over Time From Baseline,SDS,MEAN,95% Confidence Interval,Omnitrope,5 years,,2.99,,2.50,3.49
NCT00537914,Mean Change in Height Velocity Standard Deviation Score (HV SDS) Over Time From Baseline,SDS,MEAN,95% Confidence Interval,Omnitrope,6 years,,2.63,,2.14,3.13
NCT00537914,Mean Change in Height Velocity Standard Deviation Score (HV SDS) Over Time From Baseline,SDS,MEAN,95% Confidence Interval,Omnitrope,7 years,,2.43,,1.95,2.92
NCT00537914,Mean Change in Height Velocity Standard Deviation Score (HV SDS) Over Time From Baseline,SDS,MEAN,95% Confidence Interval,Omnitrope,8 years,,1.37,,0.75,1.98
NCT00537914,Mean Change in Height Velocity Standard Deviation Score (HV SDS) Over Time From Baseline,SDS,MEAN,95% Confidence Interval,Omnitrope,9 years,,0.85,,0.14,1.55
NCT00537914,Mean Change in Height Velocity Standard Deviation Score (HV SDS) Over Time From Baseline,SDS,MEAN,95% Confidence Interval,Omnitrope,10 years,,0.62,,-0.24,1.47
NCT00537914,Mean Change in Height Velocity Standard Deviation Score (HV SDS) Over Time From Baseline,SDS,MEAN,95% Confidence Interval,Omnitrope,11 years,,1.60,,0.36,2.84
NCT00537914,Mean Change in Height Velocity Standard Deviation Score (HV SDS) Over Time From Baseline,SDS,MEAN,95% Confidence Interval,Omnitrope,12 years,,1.34,,-0.50,3.18
NCT00537914,Mean Change in Height Velocity Standard Deviation Score (HV SDS) Over Time From Baseline,SDS,MEAN,95% Confidence Interval,Omnitrope,12.5 years,,1.98,,1.74,2.22
NCT00539734,Height (Amplitude) of Multifocal ERG Signal,nanovolt/degree^2,MEAN,Standard Deviation,Ranibizumab Group,,,2.859,1.085,,
NCT00561340,Height Change,centimeters,MEAN,Standard Deviation,1 Can of Pediasure Supplement Plus Nutritional Counseling,,,1.85,0.31,,
NCT00561340,Height Change,centimeters,MEAN,Standard Deviation,Counseling by the Provider on Ways to Encourage Caloric Intake,,,1.96,0.44,,
NCT00564850,Height Standard Deviation Score (SDS),SD score,MEAN,Standard Deviation,Triptorelin Pamoate 11.25 mg,"Month 0 (baseline, n=37)",,1.25,1.14,,
NCT00564850,Height Standard Deviation Score (SDS),SD score,MEAN,Standard Deviation,Triptorelin Pamoate 11.25 mg,Month 3 (n=37),,1.32,1.16,,
NCT00564850,Height Standard Deviation Score (SDS),SD score,MEAN,Standard Deviation,Triptorelin Pamoate 11.25 mg,Month 6 (n=35),,1.32,1.16,,
NCT00564850,Change From Baseline in Growth Velocity (GV) SDS at Month 6,SD score,MEAN,Standard Deviation,Triptorelin Pamoate 11.25 mg,,,-1.95,2.07,,
NCT00564850,Difference Between Bone Age and Chronological Age,years,MEAN,Standard Deviation,Triptorelin Pamoate 11.25 mg,"Month 0 (screening, n=37)",,2.09,0.91,,
NCT00564850,Difference Between Bone Age and Chronological Age,years,MEAN,Standard Deviation,Triptorelin Pamoate 11.25 mg,Month 6 (n=33),,2.02,0.88,,
NCT00570492,Change From Baseline in the Growth Velocity of Pre-pubescent Pediatric Participants to the End of the 52-week Double-blind (DB) Treatment Period,Centimeters per year (cm/year),LEAST_SQUARES_MEAN,Standard Error,Placebo,,,5.46,0.10,,
NCT00570492,Change From Baseline in the Growth Velocity of Pre-pubescent Pediatric Participants to the End of the 52-week Double-blind (DB) Treatment Period,Centimeters per year (cm/year),LEAST_SQUARES_MEAN,Standard Error,FFNS 110 mcg,,,5.19,0.10,,
NCT00571727,Annualized Height Velocity Up to 12 Years,centimeter per year (cm/y),MEAN,Standard Deviation,Mecasermin,Baseline (Pre-dose),,2.6,1.7,,
NCT00571727,Annualized Height Velocity Up to 12 Years,centimeter per year (cm/y),MEAN,Standard Deviation,Mecasermin,>= 1 year,,8.0,2.3,,
NCT00571727,Annualized Height Velocity Up to 12 Years,centimeter per year (cm/y),MEAN,Standard Deviation,Mecasermin,>= 2 years,,5.9,1.7,,
NCT00571727,Annualized Height Velocity Up to 12 Years,centimeter per year (cm/y),MEAN,Standard Deviation,Mecasermin,>= 3 years,,5.5,1.8,,
NCT00571727,Annualized Height Velocity Up to 12 Years,centimeter per year (cm/y),MEAN,Standard Deviation,Mecasermin,>= 4 years,,5.2,1.5,,
NCT00571727,Annualized Height Velocity Up to 12 Years,centimeter per year (cm/y),MEAN,Standard Deviation,Mecasermin,>= 5 years,,4.9,1.5,,
NCT00571727,Annualized Height Velocity Up to 12 Years,centimeter per year (cm/y),MEAN,Standard Deviation,Mecasermin,>= 6 years,,4.8,1.4,,
NCT00571727,Annualized Height Velocity Up to 12 Years,centimeter per year (cm/y),MEAN,Standard Deviation,Mecasermin,>= 7 years,,4.3,1.5,,
NCT00571727,Annualized Height Velocity Up to 12 Years,centimeter per year (cm/y),MEAN,Standard Deviation,Mecasermin,>= 8 years,,4.4,1.5,,
NCT00571727,Annualized Height Velocity Up to 12 Years,centimeter per year (cm/y),MEAN,Standard Deviation,Mecasermin,>= 9 years,,4.4,1.7,,
NCT00571727,Annualized Height Velocity Up to 12 Years,centimeter per year (cm/y),MEAN,Standard Deviation,Mecasermin,>= 10 years,,4.5,2.0,,
NCT00571727,Annualized Height Velocity Up to 12 Years,centimeter per year (cm/y),MEAN,Standard Deviation,Mecasermin,>= 11 years,,4.1,2.0,,
NCT00571727,Annualized Height Velocity Up to 12 Years,centimeter per year (cm/y),MEAN,Standard Deviation,Mecasermin,>= 12 years,,3.9,2.0,,
NCT00571727,Number of Naive Participants With Height Velocity <5 cm/y at the End of 1 Year of Study Treatment,Participants,COUNT_OF_PARTICIPANTS,,Mecasermin,,,7,,,
NCT00571727,Height Velocity Standard Deviation Score Up to 12 Years,Standard deviation score,MEAN,Standard Deviation,Mecasermin,Baseline (Pre-dose),,-3.4,1.6,,
NCT00571727,Height Velocity Standard Deviation Score Up to 12 Years,Standard deviation score,MEAN,Standard Deviation,Mecasermin,>= 1 year,,1.7,2.8,,
NCT00571727,Height Velocity Standard Deviation Score Up to 12 Years,Standard deviation score,MEAN,Standard Deviation,Mecasermin,>= 2 years,,-0.0,1.7,,
NCT00571727,Height Velocity Standard Deviation Score Up to 12 Years,Standard deviation score,MEAN,Standard Deviation,Mecasermin,>= 3 years,,-0.1,1.9,,
NCT00571727,Height Velocity Standard Deviation Score Up to 12 Years,Standard deviation score,MEAN,Standard Deviation,Mecasermin,>= 4 years,,-0.2,1.9,,
NCT00571727,Height Velocity Standard Deviation Score Up to 12 Years,Standard deviation score,MEAN,Standard Deviation,Mecasermin,>= 5 years,,-0.3,1.7,,
NCT00571727,Height Velocity Standard Deviation Score Up to 12 Years,Standard deviation score,MEAN,Standard Deviation,Mecasermin,>= 6 years,,-0.2,1.6,,
NCT00571727,Height Velocity Standard Deviation Score Up to 12 Years,Standard deviation score,MEAN,Standard Deviation,Mecasermin,>= 7 years,,-0.5,1.7,,
NCT00571727,Height Velocity Standard Deviation Score Up to 12 Years,Standard deviation score,MEAN,Standard Deviation,Mecasermin,>= 8 years,,-0.2,1.6,,
NCT00571727,Height Velocity Standard Deviation Score Up to 12 Years,Standard deviation score,MEAN,Standard Deviation,Mecasermin,>= 9 years,,-0.4,0.8,,
NCT00571727,Height Velocity Standard Deviation Score Up to 12 Years,Standard deviation score,MEAN,Standard Deviation,Mecasermin,>= 10 years,,0.1,1.6,,
NCT00571727,Height Velocity Standard Deviation Score Up to 12 Years,Standard deviation score,MEAN,Standard Deviation,Mecasermin,>= 11 years,,0.5,2.6,,
NCT00571727,Height Velocity Standard Deviation Score Up to 12 Years,Standard deviation score,MEAN,Standard Deviation,Mecasermin,>= 12 years,,-0.1,1.5,,
NCT00571727,Height Standard Deviation Score Up to 12 Years,Standard deviation score,MEAN,Standard Deviation,Mecasermin,Baseline (Pre-dose),,-6.9,1.8,,
NCT00571727,Height Standard Deviation Score Up to 12 Years,Standard deviation score,MEAN,Standard Deviation,Mecasermin,>= 1 year,,-6.1,1.8,,
NCT00571727,Height Standard Deviation Score Up to 12 Years,Standard deviation score,MEAN,Standard Deviation,Mecasermin,>= 2 years,,-5.6,1.7,,
NCT00571727,Height Standard Deviation Score Up to 12 Years,Standard deviation score,MEAN,Standard Deviation,Mecasermin,>= 3 years,,-5.3,1.7,,
NCT00571727,Height Standard Deviation Score Up to 12 Years,Standard deviation score,MEAN,Standard Deviation,Mecasermin,>= 4 years,,-5.1,1.7,,
NCT00571727,Height Standard Deviation Score Up to 12 Years,Standard deviation score,MEAN,Standard Deviation,Mecasermin,>= 5 years,,-5.0,1.7,,
NCT00571727,Height Standard Deviation Score Up to 12 Years,Standard deviation score,MEAN,Standard Deviation,Mecasermin,>= 6 years,,-4.9,1.6,,
NCT00571727,Height Standard Deviation Score Up to 12 Years,Standard deviation score,MEAN,Standard Deviation,Mecasermin,>= 7 years,,-4.9,1.7,,
NCT00571727,Height Standard Deviation Score Up to 12 Years,Standard deviation score,MEAN,Standard Deviation,Mecasermin,>= 8 years,,-5.1,1.7,,
NCT00571727,Height Standard Deviation Score Up to 12 Years,Standard deviation score,MEAN,Standard Deviation,Mecasermin,>= 9 years,,-5.0,1.6,,
NCT00571727,Height Standard Deviation Score Up to 12 Years,Standard deviation score,MEAN,Standard Deviation,Mecasermin,>= 10 years,,-5.0,1.7,,
NCT00571727,Height Standard Deviation Score Up to 12 Years,Standard deviation score,MEAN,Standard Deviation,Mecasermin,>= 11 years,,-4.7,1.2,,
NCT00571727,Height Standard Deviation Score Up to 12 Years,Standard deviation score,MEAN,Standard Deviation,Mecasermin,>= 12 years,,-4.4,1.3,,
NCT00571727,Approximate Increase in Height Over Expected for Naïve Participants With Near-Adult Height,cm,MEAN,Standard Deviation,Mecasermin,,,13.3,8.4,,
NCT00572156,Height Velocity,cm/y,MEAN,Standard Deviation,rhGH Alone,,,9.3,1.7,,
NCT00572156,Height Velocity,cm/y,MEAN,Standard Deviation,45 rhGH + 50 rhIGF-1,,,10.1,1.3,,
NCT00572156,Height Velocity,cm/y,MEAN,Standard Deviation,45 rhGH + 100 rhIGF-1,,,9.7,2.5,,
NCT00572156,Height Velocity,cm/y,MEAN,Standard Deviation,45 rhGH + 150 rhIGF-1,,,11.2,2.1,,
NCT00572156,Height Velocity,cm/y,MEAN,Standard Deviation,rhGH Alone,"Year 2 height velocity [n= 24,25,22,24]",,8.4,1.3,,
NCT00572156,Height Velocity,cm/y,MEAN,Standard Deviation,45 rhGH + 50 rhIGF-1,"Year 2 height velocity [n= 24,25,22,24]",,9.1,1.2,,
NCT00572156,Height Velocity,cm/y,MEAN,Standard Deviation,45 rhGH + 100 rhIGF-1,"Year 2 height velocity [n= 24,25,22,24]",,9.4,1.6,,
NCT00572156,Height Velocity,cm/y,MEAN,Standard Deviation,45 rhGH + 150 rhIGF-1,"Year 2 height velocity [n= 24,25,22,24]",,10.1,1.8,,
NCT00572156,Height Velocity,cm/y,MEAN,Standard Deviation,rhGH Alone,"Year 3 height velocity [n= 22,22,20,22]",,8.0,1.1,,
NCT00572156,Height Velocity,cm/y,MEAN,Standard Deviation,45 rhGH + 50 rhIGF-1,"Year 3 height velocity [n= 22,22,20,22]",,8.4,1.0,,
NCT00572156,Height Velocity,cm/y,MEAN,Standard Deviation,45 rhGH + 100 rhIGF-1,"Year 3 height velocity [n= 22,22,20,22]",,8.9,1.3,,
NCT00572156,Height Velocity,cm/y,MEAN,Standard Deviation,45 rhGH + 150 rhIGF-1,"Year 3 height velocity [n= 22,22,20,22]",,9.2,1.5,,
NCT00572156,Height Velocity,cm/y,MEAN,Standard Deviation,rhGH Alone,"Year 4 height velocity [n= 17,16,15,16]",,7.7,0.9,,
NCT00572156,Height Velocity,cm/y,MEAN,Standard Deviation,45 rhGH + 50 rhIGF-1,"Year 4 height velocity [n= 17,16,15,16]",,8.1,0.8,,
NCT00572156,Height Velocity,cm/y,MEAN,Standard Deviation,45 rhGH + 100 rhIGF-1,"Year 4 height velocity [n= 17,16,15,16]",,8.4,1.2,,
NCT00572156,Height Velocity,cm/y,MEAN,Standard Deviation,45 rhGH + 150 rhIGF-1,"Year 4 height velocity [n= 17,16,15,16]",,8.3,1.3,,
NCT00572156,Cumulative Change in Height Standard Deviation Score (SDS),SDS,MEAN,Standard Deviation,rhGH Alone,"First year [n= 25,27,27,26]",,0.7,0.3,,
NCT00572156,Cumulative Change in Height Standard Deviation Score (SDS),SDS,MEAN,Standard Deviation,45 rhGH + 50 rhIGF-1,"First year [n= 25,27,27,26]",,0.9,0.2,,
NCT00572156,Cumulative Change in Height Standard Deviation Score (SDS),SDS,MEAN,Standard Deviation,45 rhGH + 100 rhIGF-1,"First year [n= 25,27,27,26]",,0.8,0.4,,
NCT00572156,Cumulative Change in Height Standard Deviation Score (SDS),SDS,MEAN,Standard Deviation,45 rhGH + 150 rhIGF-1,"First year [n= 25,27,27,26]",,1.0,0.4,,
NCT00572156,Cumulative Change in Height Standard Deviation Score (SDS),SDS,MEAN,Standard Deviation,rhGH Alone,"Second year [n= 24,25,22,24]",,1.0,0.4,,
NCT00572156,Cumulative Change in Height Standard Deviation Score (SDS),SDS,MEAN,Standard Deviation,45 rhGH + 50 rhIGF-1,"Second year [n= 24,25,22,24]",,1.4,0.4,,
NCT00572156,Cumulative Change in Height Standard Deviation Score (SDS),SDS,MEAN,Standard Deviation,45 rhGH + 100 rhIGF-1,"Second year [n= 24,25,22,24]",,1.4,0.5,,
NCT00572156,Cumulative Change in Height Standard Deviation Score (SDS),SDS,MEAN,Standard Deviation,45 rhGH + 150 rhIGF-1,"Second year [n= 24,25,22,24]",,1.6,0.6,,
NCT00572156,Cumulative Change in Height Standard Deviation Score (SDS),SDS,MEAN,Standard Deviation,rhGH Alone,"Third year [n=22,22,20,22]",,1.3,0.5,,
NCT00572156,Cumulative Change in Height Standard Deviation Score (SDS),SDS,MEAN,Standard Deviation,45 rhGH + 50 rhIGF-1,"Third year [n=22,22,20,22]",,1.6,0.4,,
NCT00572156,Cumulative Change in Height Standard Deviation Score (SDS),SDS,MEAN,Standard Deviation,45 rhGH + 100 rhIGF-1,"Third year [n=22,22,20,22]",,1.8,0.7,,
NCT00572156,Cumulative Change in Height Standard Deviation Score (SDS),SDS,MEAN,Standard Deviation,45 rhGH + 150 rhIGF-1,"Third year [n=22,22,20,22]",,1.9,0.6,,
NCT00572156,Cumulative Change in Height Standard Deviation Score (SDS),SDS,MEAN,Standard Deviation,rhGH Alone,"Fourth year [n=17,16,15,16]",,1.5,0.5,,
NCT00572156,Cumulative Change in Height Standard Deviation Score (SDS),SDS,MEAN,Standard Deviation,45 rhGH + 50 rhIGF-1,"Fourth year [n=17,16,15,16]",,1.8,0.5,,
NCT00572156,Cumulative Change in Height Standard Deviation Score (SDS),SDS,MEAN,Standard Deviation,45 rhGH + 100 rhIGF-1,"Fourth year [n=17,16,15,16]",,2.1,0.8,,
NCT00572156,Cumulative Change in Height Standard Deviation Score (SDS),SDS,MEAN,Standard Deviation,45 rhGH + 150 rhIGF-1,"Fourth year [n=17,16,15,16]",,2.0,0.7,,
NCT00572156,Predicted Adult Height (PAH),SDS,MEAN,Standard Deviation,rhGH Alone,"Baseline (day 1) [n=25,27,27,26]",,-1.67,0.51,,
NCT00572156,Predicted Adult Height (PAH),SDS,MEAN,Standard Deviation,45 rhGH + 50 rhIGF-1,"Baseline (day 1) [n=25,27,27,26]",,-1.83,0.58,,
NCT00572156,Predicted Adult Height (PAH),SDS,MEAN,Standard Deviation,45 rhGH + 100 rhIGF-1,"Baseline (day 1) [n=25,27,27,26]",,-1.69,0.59,,
NCT00572156,Predicted Adult Height (PAH),SDS,MEAN,Standard Deviation,45 rhGH + 150 rhIGF-1,"Baseline (day 1) [n=25,27,27,26]",,-1.76,0.73,,
NCT00572156,Predicted Adult Height (PAH),SDS,MEAN,Standard Deviation,rhGH Alone,"Year 1 [n= 24,25,22,25]",,-1.12,0.57,,
NCT00572156,Predicted Adult Height (PAH),SDS,MEAN,Standard Deviation,45 rhGH + 50 rhIGF-1,"Year 1 [n= 24,25,22,25]",,-1.22,0.58,,
NCT00572156,Predicted Adult Height (PAH),SDS,MEAN,Standard Deviation,45 rhGH + 100 rhIGF-1,"Year 1 [n= 24,25,22,25]",,-0.99,0.55,,
NCT00572156,Predicted Adult Height (PAH),SDS,MEAN,Standard Deviation,45 rhGH + 150 rhIGF-1,"Year 1 [n= 24,25,22,25]",,-1.01,0.80,,
NCT00572156,Predicted Adult Height (PAH),SDS,MEAN,Standard Deviation,rhGH Alone,"Year 2 [n= 22,21,20,22]",,-0.96,0.56,,
NCT00572156,Predicted Adult Height (PAH),SDS,MEAN,Standard Deviation,45 rhGH + 50 rhIGF-1,"Year 2 [n= 22,21,20,22]",,-0.81,0.55,,
NCT00572156,Predicted Adult Height (PAH),SDS,MEAN,Standard Deviation,45 rhGH + 100 rhIGF-1,"Year 2 [n= 22,21,20,22]",,-0.66,0.56,,
NCT00572156,Predicted Adult Height (PAH),SDS,MEAN,Standard Deviation,45 rhGH + 150 rhIGF-1,"Year 2 [n= 22,21,20,22]",,-0.69,0.91,,
NCT00572156,Predicted Adult Height (PAH),SDS,MEAN,Standard Deviation,rhGH Alone,"Year 3 [n=21,19,19,20]",,-0.78,0.63,,
NCT00572156,Predicted Adult Height (PAH),SDS,MEAN,Standard Deviation,45 rhGH + 50 rhIGF-1,"Year 3 [n=21,19,19,20]",,-0.65,0.60,,
NCT00572156,Predicted Adult Height (PAH),SDS,MEAN,Standard Deviation,45 rhGH + 100 rhIGF-1,"Year 3 [n=21,19,19,20]",,-0.42,0.62,,
NCT00572156,Predicted Adult Height (PAH),SDS,MEAN,Standard Deviation,45 rhGH + 150 rhIGF-1,"Year 3 [n=21,19,19,20]",,-0.64,0.98,,
NCT00572156,Predicted Adult Height (PAH),SDS,MEAN,Standard Deviation,rhGH Alone,"Year 4 [n=3,4,4,3]",,-1.22,0.59,,
NCT00572156,Predicted Adult Height (PAH),SDS,MEAN,Standard Deviation,45 rhGH + 50 rhIGF-1,"Year 4 [n=3,4,4,3]",,-0.44,0.81,,
NCT00572156,Predicted Adult Height (PAH),SDS,MEAN,Standard Deviation,45 rhGH + 100 rhIGF-1,"Year 4 [n=3,4,4,3]",,0.49,0.60,,
NCT00572156,Predicted Adult Height (PAH),SDS,MEAN,Standard Deviation,45 rhGH + 150 rhIGF-1,"Year 4 [n=3,4,4,3]",,-0.07,0.89,,
NCT00572156,Predicted Adult Height (PAH),SDS,MEAN,Standard Deviation,rhGH Alone,"Mid-parental target height [n=25,27,27,26]",,-0.51,0.38,,
NCT00572156,Predicted Adult Height (PAH),SDS,MEAN,Standard Deviation,45 rhGH + 50 rhIGF-1,"Mid-parental target height [n=25,27,27,26]",,-0.64,0.52,,
NCT00572156,Predicted Adult Height (PAH),SDS,MEAN,Standard Deviation,45 rhGH + 100 rhIGF-1,"Mid-parental target height [n=25,27,27,26]",,-0.53,0.50,,
NCT00572156,Predicted Adult Height (PAH),SDS,MEAN,Standard Deviation,45 rhGH + 150 rhIGF-1,"Mid-parental target height [n=25,27,27,26]",,-0.47,0.51,,
NCT00596362,The Response of Intravitreal Avastin in Causing a Clinically Significant Reduction in Uveal Melanoma Tumor Size (Base Height and Volume).,participants,NUMBER,,AVASTIN,Progression of Disease,,1,,,
NCT00596362,The Response of Intravitreal Avastin in Causing a Clinically Significant Reduction in Uveal Melanoma Tumor Size (Base Height and Volume).,participants,NUMBER,,AVASTIN,Complete Response,,0,,,
NCT00596362,The Response of Intravitreal Avastin in Causing a Clinically Significant Reduction in Uveal Melanoma Tumor Size (Base Height and Volume).,participants,NUMBER,,AVASTIN,Partial Response,,0,,,
NCT00596362,The Response of Intravitreal Avastin in Causing a Clinically Significant Reduction in Uveal Melanoma Tumor Size (Base Height and Volume).,participants,NUMBER,,AVASTIN,Stable Disease,,0,,,
NCT00619957,"Change From Baseline in Body Height, Month 12, ITT Population.",millimeters,LEAST_SQUARES_MEAN,95% Confidence Interval,Placebo,,,-0.77,,-2.49,0.94
NCT00619957,"Change From Baseline in Body Height, Month 12, ITT Population.",millimeters,LEAST_SQUARES_MEAN,95% Confidence Interval,Risedronate,,,-0.92,,-2.20,0.37
NCT00619957,"Change From Baseline in Body Height, Month 24, ITT Population.",millimeters,LEAST_SQUARES_MEAN,95% Confidence Interval,Placebo,,,-2.66,,-4.67,-0.65
NCT00619957,"Change From Baseline in Body Height, Month 24, ITT Population.",millimeters,LEAST_SQUARES_MEAN,95% Confidence Interval,Risedronate,,,-3.13,,-4.62,-1.64
NCT00619957,"Change From Baseline in Body Height, 24 Months/Endpoint, ITT Population.",millimeters,LEAST_SQUARES_MEAN,95% Confidence Interval,Placebo,,,-2.39,,-4.34,-0.44
NCT00619957,"Change From Baseline in Body Height, 24 Months/Endpoint, ITT Population.",millimeters,LEAST_SQUARES_MEAN,95% Confidence Interval,Risedronate,,,-2.68,,-4.14,-1.22
NCT00625872,Mean Height at Month 6,cm,MEAN,Standard Deviation,Somatropin,,,112.8,5.13,,
NCT00625872,Mean Height at Month 6,cm,MEAN,Standard Deviation,Control Arm,,,115.0,7.93,,
NCT00625872,Mean Growth Velocity at Month 6,cm/year,MEAN,Standard Deviation,Somatropin,,,8.2,1.93,,
NCT00625872,Mean Growth Velocity at Month 6,cm/year,MEAN,Standard Deviation,Control Arm,,,4.6,1.44,,
NCT00625872,Mean Height-Standard Deviation Score (SDS) at Month 6,cm,MEAN,Standard Deviation,Somatropin,,,-3.1,0.86,,
NCT00625872,Mean Height-Standard Deviation Score (SDS) at Month 6,cm,MEAN,Standard Deviation,Control Arm,,,-3.7,0.77,,
NCT00625872,Mean Growth Velocity-Standard Deviation Score (SDS) at Month 6,cm/year,MEAN,Standard Deviation,Somatropin,,,3.4,2.62,,
NCT00625872,Mean Growth Velocity-Standard Deviation Score (SDS) at Month 6,cm/year,MEAN,Standard Deviation,Control Arm,,,-1.1,1.43,,
NCT00625872,Change From Baseline in Height-Standard Deviation Score (SDS) at Month 6,cm,LEAST_SQUARES_MEAN,Standard Error,Somatropin,,,0.33,0.21,,
NCT00625872,Change From Baseline in Height-Standard Deviation Score (SDS) at Month 6,cm,LEAST_SQUARES_MEAN,Standard Error,Control Arm,,,-0.22,0.25,,
NCT00625872,Change From Baseline in Growth Velocity-Standard Deviation Score (SDS) at Month 6,cm/year,LEAST_SQUARES_MEAN,Standard Error,Somatropin,,,3.89,1.02,,
NCT00625872,Change From Baseline in Growth Velocity-Standard Deviation Score (SDS) at Month 6,cm/year,LEAST_SQUARES_MEAN,Standard Error,Control Arm,,,-0.77,1.40,,
NCT00627523,Change From Baseline in Height Standard Deviation Score (SDS) at Month 24.,SDS,LEAST_SQUARES_MEAN,Standard Error,Genotropin®,,,1.63,0.13,,
NCT00627523,Change From Baseline in Height Standard Deviation Score (SDS) at Month 24.,SDS,LEAST_SQUARES_MEAN,Standard Error,Control,,,0.43,0.13,,
NCT00627523,Change From Baseline in Growth Velocity SDS at Month 24.,SDS,LEAST_SQUARES_MEAN,Standard Error,Genotropin®,,,0.74,0.57,,
NCT00627523,Change From Baseline in Growth Velocity SDS at Month 24.,SDS,LEAST_SQUARES_MEAN,Standard Error,Control,,,-0.03,0.57,,
NCT00627523,Change From Baseline in Height SDS at Month 12.,SDS,LEAST_SQUARES_MEAN,Standard Error,Genotropin®,,,1.03,0.12,,
NCT00627523,Change From Baseline in Height SDS at Month 12.,SDS,LEAST_SQUARES_MEAN,Standard Error,Control,,,0.14,0.12,,
NCT00627523,Change From Baseline in Growth Velocity SDS at Month 12.,SDS,LEAST_SQUARES_MEAN,Standard Error,Genotropin®,,,1.65,0.56,,
NCT00627523,Change From Baseline in Growth Velocity SDS at Month 12.,SDS,LEAST_SQUARES_MEAN,Standard Error,Control,,,-1.59,0.56,,
NCT00635817,Change From Baseline in Incremental Growth Rate (cm/Year) at Month 6,cm/year,MEAN,Standard Deviation,Leuprolide Acetate 11.25 mg - Treatment Naive,"Baseline (Arm A N=20, B N=21, C N=21, D N=21)",,7.25,5.30,,
NCT00635817,Change From Baseline in Incremental Growth Rate (cm/Year) at Month 6,cm/year,MEAN,Standard Deviation,Leuprolide Acetate 11.25 mg - Previous Treatment,"Baseline (Arm A N=20, B N=21, C N=21, D N=21)",,6.58,2.39,,
NCT00635817,Change From Baseline in Incremental Growth Rate (cm/Year) at Month 6,cm/year,MEAN,Standard Deviation,Leuprolide Acetate 30 mg - Treatment Naive,"Baseline (Arm A N=20, B N=21, C N=21, D N=21)",,7.83,5.96,,
NCT00635817,Change From Baseline in Incremental Growth Rate (cm/Year) at Month 6,cm/year,MEAN,Standard Deviation,Leuprolide Acetate 30 mg - Previous Treatment,"Baseline (Arm A N=20, B N=21, C N=21, D N=21)",,6.05,1.55,,
NCT00635817,Change From Baseline in Incremental Growth Rate (cm/Year) at Month 6,cm/year,MEAN,Standard Deviation,Leuprolide Acetate 11.25 mg - Treatment Naive,"Mo 6 (Arm A N=14, B N=19, C N=19, D N=21)",,-2.51,5.29,,
NCT00635817,Change From Baseline in Incremental Growth Rate (cm/Year) at Month 6,cm/year,MEAN,Standard Deviation,Leuprolide Acetate 11.25 mg - Previous Treatment,"Mo 6 (Arm A N=14, B N=19, C N=19, D N=21)",,-0.98,2.24,,
NCT00635817,Change From Baseline in Incremental Growth Rate (cm/Year) at Month 6,cm/year,MEAN,Standard Deviation,Leuprolide Acetate 30 mg - Treatment Naive,"Mo 6 (Arm A N=14, B N=19, C N=19, D N=21)",,-2.34,4.22,,
NCT00635817,Change From Baseline in Incremental Growth Rate (cm/Year) at Month 6,cm/year,MEAN,Standard Deviation,Leuprolide Acetate 30 mg - Previous Treatment,"Mo 6 (Arm A N=14, B N=19, C N=19, D N=21)",,-0.91,2.45,,
NCT00635817,Ratio of Change From Baseline in Bone Age/Change From Baseline in Chronological Age at Month 6,Ratio,MEAN,Standard Deviation,Leuprolide Acetate 11.25 mg - Treatment Naive,,,0.59,0.59,,
NCT00635817,Ratio of Change From Baseline in Bone Age/Change From Baseline in Chronological Age at Month 6,Ratio,MEAN,Standard Deviation,Leuprolide Acetate 11.25 mg - Previous Treatment,,,0.50,0.57,,
NCT00635817,Ratio of Change From Baseline in Bone Age/Change From Baseline in Chronological Age at Month 6,Ratio,MEAN,Standard Deviation,Leuprolide Acetate 30 mg - Treatment Naive,,,1.00,0.74,,
NCT00635817,Ratio of Change From Baseline in Bone Age/Change From Baseline in Chronological Age at Month 6,Ratio,MEAN,Standard Deviation,Leuprolide Acetate 30 mg - Previous Treatment,,,1.07,1.60,,
NCT00635817,Percentage of Participants With a Decrease From Baseline in the Ratio of Bone Age to Chronological Age at Month 6 Compared to Baseline,Percentage of Participants,NUMBER,,Leuprolide Acetate 11.25 mg,,,87.9,,,
NCT00635817,Percentage of Participants With a Decrease From Baseline in the Ratio of Bone Age to Chronological Age at Month 6 Compared to Baseline,Percentage of Participants,NUMBER,,Leuprolide Acetate 30 mg,,,75.0,,,
NCT00637156,Rate of Disc Height Success,percentage of participants,NUMBER,,PRESTIGE LP Device,,,93.5,,,
NCT00637156,Rate of Disc Height Success,percentage of participants,NUMBER,,ATLANTIS Cervical Plate System,,,95.7,,,
NCT00660010,Mean Ratio of Bone Age to Chronological Age,ratio,MEAN,Standard Deviation,Leuprolide Acetate 1 Month Depot,Ratio at Baseline N=53,,1.5,0.30,,
NCT00660010,Mean Ratio of Bone Age to Chronological Age,ratio,MEAN,Standard Deviation,Leuprolide Acetate 1 Month Depot,Ratio at Week 24 N=53,,1.5,0.25,,
NCT00660010,Mean Ratio of Bone Age to Chronological Age,ratio,MEAN,Standard Deviation,Leuprolide Acetate 1 Month Depot,Ratio at Week 48 N=51,,1.4,0.18,,
NCT00660010,Mean Ratio of Bone Age to Chronological Age,ratio,MEAN,Standard Deviation,Leuprolide Acetate 1 Month Depot,Ratio at Week 96 N=44,,1.3,0.15,,
NCT00660010,Mean Ratio of Bone Age to Chronological Age,ratio,MEAN,Standard Deviation,Leuprolide Acetate 1 Month Depot,Ratio at Week 144 N=31,,1.2,0.12,,
NCT00660010,Mean Ratio of Bone Age to Chronological Age,ratio,MEAN,Standard Deviation,Leuprolide Acetate 1 Month Depot,Ratio at Week 192 N=26,,1.2,0.11,,
NCT00660010,Mean Ratio of Bone Age to Chronological Age,ratio,MEAN,Standard Deviation,Leuprolide Acetate 1 Month Depot,Ratio at Week 240 N=16,,1.2,0.10,,
NCT00660010,Mean Ratio of Bone Age to Chronological Age,ratio,MEAN,Standard Deviation,Leuprolide Acetate 1 Month Depot,Ratio at Final Visit N=53,,1.2,0.11,,
NCT00660010,Posttreatment Height (ht.) Compared to Standard Population and as Predicted From Ht. at Baseline (BL),cm,MEAN,Standard Error,Leuprolide Acetate 1 Month Depot,Near final adult ht. standardized score N=33,,-0.2,1.20,,
NCT00660010,Posttreatment Height (ht.) Compared to Standard Population and as Predicted From Ht. at Baseline (BL),cm,MEAN,Standard Error,Leuprolide Acetate 1 Month Depot,Near final ht.gain from predicted ht. at BL N=29,,3.2,5.37,,
NCT00660010,Posttreatment Height (ht.) Compared to Standard Population and as Predicted From Ht. at Baseline (BL),cm,MEAN,Standard Error,Leuprolide Acetate 1 Month Depot,Final adult ht.standardized score N=19,,0.0,1.13,,
NCT00660010,Posttreatment Height (ht.) Compared to Standard Population and as Predicted From Ht. at Baseline (BL),cm,MEAN,Standard Error,Leuprolide Acetate 1 Month Depot,Final adult ht.gain from predicted ht. at BL N=17,,3.9,5.05,,
NCT00667446,Change From Baseline in Growth Rate,cm/year,MEAN,Standard Deviation,Leuprolide Acetate 3M Depot 11.25 mg,"Baseline [N=32, 38]",,7.2,3.96,,
NCT00667446,Change From Baseline in Growth Rate,cm/year,MEAN,Standard Deviation,Leuprolide Acetate 3M Depot 30 mg,"Baseline [N=32, 38]",,7.53,2.81,,
NCT00667446,Change From Baseline in Growth Rate,cm/year,MEAN,Standard Deviation,Leuprolide Acetate 3M Depot 11.25 mg,"Change from Baseline at Day 1 [N=32, 38]",,-1.67,3.90,,
NCT00667446,Change From Baseline in Growth Rate,cm/year,MEAN,Standard Deviation,Leuprolide Acetate 3M Depot 30 mg,"Change from Baseline at Day 1 [N=32, 38]",,-1.65,3.43,,
NCT00667446,Change From Baseline in Growth Rate,cm/year,MEAN,Standard Deviation,Leuprolide Acetate 3M Depot 11.25 mg,"Change from Baseline at Month 6 [N=32, 37]",,-1.66,3.78,,
NCT00667446,Change From Baseline in Growth Rate,cm/year,MEAN,Standard Deviation,Leuprolide Acetate 3M Depot 30 mg,"Change from Baseline at Month 6 [N=32, 37]",,-2.04,2.95,,
NCT00667446,Change From Baseline in Growth Rate,cm/year,MEAN,Standard Deviation,Leuprolide Acetate 3M Depot 11.25 mg,"Change from Baseline at Month 12 [N=28, 32]",,-1.99,3.90,,
NCT00667446,Change From Baseline in Growth Rate,cm/year,MEAN,Standard Deviation,Leuprolide Acetate 3M Depot 30 mg,"Change from Baseline at Month 12 [N=28, 32]",,-2.28,2.88,,
NCT00667446,Change From Baseline in Growth Rate,cm/year,MEAN,Standard Deviation,Leuprolide Acetate 3M Depot 11.25 mg,"Change from Baseline at Month 18 [N=18, 23]",,-2.21,4.29,,
NCT00667446,Change From Baseline in Growth Rate,cm/year,MEAN,Standard Deviation,Leuprolide Acetate 3M Depot 30 mg,"Change from Baseline at Month 18 [N=18, 23]",,-2.06,2.40,,
NCT00667446,Change From Baseline in Growth Rate,cm/year,MEAN,Standard Deviation,Leuprolide Acetate 3M Depot 11.25 mg,"Change from Baseline at Month 24 [N=15, 19]",,-2.36,4.85,,
NCT00667446,Change From Baseline in Growth Rate,cm/year,MEAN,Standard Deviation,Leuprolide Acetate 3M Depot 30 mg,"Change from Baseline at Month 24 [N=15, 19]",,-1.59,2.20,,
NCT00667446,Change From Baseline in Growth Rate,cm/year,MEAN,Standard Deviation,Leuprolide Acetate 3M Depot 11.25 mg,"Change from Baseline at Month 30 [N=11, 17]",,-1.86,5.45,,
NCT00667446,Change From Baseline in Growth Rate,cm/year,MEAN,Standard Deviation,Leuprolide Acetate 3M Depot 30 mg,"Change from Baseline at Month 30 [N=11, 17]",,-2.13,2.33,,
NCT00667446,Change From Baseline in Growth Rate,cm/year,MEAN,Standard Deviation,Leuprolide Acetate 3M Depot 11.25 mg,"Change from Baseline at Month 36 [N=8, 13]",,-2.64,5.93,,
NCT00667446,Change From Baseline in Growth Rate,cm/year,MEAN,Standard Deviation,Leuprolide Acetate 3M Depot 30 mg,"Change from Baseline at Month 36 [N=8, 13]",,-2.19,2.41,,
NCT00667446,Change From Baseline in Growth Rate,cm/year,MEAN,Standard Deviation,Leuprolide Acetate 3M Depot 11.25 mg,"Change from Baseline at Final Visit [N=32, 38]",,-2.27,3.78,,
NCT00667446,Change From Baseline in Growth Rate,cm/year,MEAN,Standard Deviation,Leuprolide Acetate 3M Depot 30 mg,"Change from Baseline at Final Visit [N=32, 38]",,-2.64,2.65,,
NCT00667446,Ratio of Change From Baseline in Bone Age/Change From Baseline in Chronological Age,ratio,MEAN,Standard Deviation,Leuprolide Acetate 3M Depot 11.25 mg,"Day 1 [N=32, 37]",,0.51,0.56,,
NCT00667446,Ratio of Change From Baseline in Bone Age/Change From Baseline in Chronological Age,ratio,MEAN,Standard Deviation,Leuprolide Acetate 3M Depot 30 mg,"Day 1 [N=32, 37]",,1.02,1.27,,
NCT00667446,Ratio of Change From Baseline in Bone Age/Change From Baseline in Chronological Age,ratio,MEAN,Standard Deviation,Leuprolide Acetate 3M Depot 11.25 mg,"Month 12 [N=32, 32]",,0.52,0.33,,
NCT00667446,Ratio of Change From Baseline in Bone Age/Change From Baseline in Chronological Age,ratio,MEAN,Standard Deviation,Leuprolide Acetate 3M Depot 30 mg,"Month 12 [N=32, 32]",,0.62,0.37,,
NCT00667446,Ratio of Change From Baseline in Bone Age/Change From Baseline in Chronological Age,ratio,MEAN,Standard Deviation,Leuprolide Acetate 3M Depot 11.25 mg,"Month 24 [N=14, 17]",,0.53,0.30,,
NCT00667446,Ratio of Change From Baseline in Bone Age/Change From Baseline in Chronological Age,ratio,MEAN,Standard Deviation,Leuprolide Acetate 3M Depot 30 mg,"Month 24 [N=14, 17]",,0.72,0.34,,
NCT00667446,Ratio of Change From Baseline in Bone Age/Change From Baseline in Chronological Age,ratio,MEAN,Standard Deviation,Leuprolide Acetate 3M Depot 11.25 mg,"Month 36 [N=5, 11]",,0.43,0.15,,
NCT00667446,Ratio of Change From Baseline in Bone Age/Change From Baseline in Chronological Age,ratio,MEAN,Standard Deviation,Leuprolide Acetate 3M Depot 30 mg,"Month 36 [N=5, 11]",,0.64,0.30,,
NCT00667446,Ratio of Change From Baseline in Bone Age/Change From Baseline in Chronological Age,ratio,MEAN,Standard Deviation,Leuprolide Acetate 3M Depot 11.25 mg,"Final Visit [N=33, 32]",,0.48,0.28,,
NCT00667446,Ratio of Change From Baseline in Bone Age/Change From Baseline in Chronological Age,ratio,MEAN,Standard Deviation,Leuprolide Acetate 3M Depot 30 mg,"Final Visit [N=33, 32]",,0.56,0.30,,
NCT00667459,Rate of Disc Height Success,percentage of participants,NUMBER,,Investigational,,,91.5,,,
NCT00667459,Rate of Disc Height Success,percentage of participants,NUMBER,,Control,,,95.1,,,
NCT00700739,Maintenance of Disc Height Measured Radiographically at 6 Months,mm,MEAN,Standard Deviation,Cervical Total Disc Replacement,,,4.7,0.57,,
NCT00700739,Maintenance of Disc Height Measured Radiographically at 6 Months,mm,MEAN,Standard Deviation,ACDF,,,5.1,NA,,
NCT00718861,"Change in Height at Years 7, 8 and 9 Relative to Year 6",millimeters (mm),LEAST_SQUARES_MEAN,Standard Error,Z9 (Zoledronic Acid 9),"Year 7 (n=58, 51)",,-5.29,1.171,,
NCT00718861,"Change in Height at Years 7, 8 and 9 Relative to Year 6",millimeters (mm),LEAST_SQUARES_MEAN,Standard Error,Z6P3 (Zoledronic Acid 6 Placebo 3),"Year 7 (n=58, 51)",,-4.84,1.199,,
NCT00718861,"Change in Height at Years 7, 8 and 9 Relative to Year 6",millimeters (mm),LEAST_SQUARES_MEAN,Standard Error,Z9 (Zoledronic Acid 9),"Year 8 (n=55, 49)",,-10.16,1.875,,
NCT00718861,"Change in Height at Years 7, 8 and 9 Relative to Year 6",millimeters (mm),LEAST_SQUARES_MEAN,Standard Error,Z6P3 (Zoledronic Acid 6 Placebo 3),"Year 8 (n=55, 49)",,-9.90,2.006,,
NCT00718861,"Change in Height at Years 7, 8 and 9 Relative to Year 6",millimeters (mm),LEAST_SQUARES_MEAN,Standard Error,Z9 (Zoledronic Acid 9),"Year 9 (n=52, 48)",,-13.31,1.975,,
NCT00718861,"Change in Height at Years 7, 8 and 9 Relative to Year 6",millimeters (mm),LEAST_SQUARES_MEAN,Standard Error,Z6P3 (Zoledronic Acid 6 Placebo 3),"Year 9 (n=52, 48)",,-11.65,2.085,,
NCT00748969,Change in Growth Velocity From Baseline to End of Study Year 1.,cm/yr,NUMBER,,Growth Hormone Treatment,,,NA,,,
NCT00761735,Mean Height Percentiles of Participants Over LTFU,percentile,MEAN,Standard Deviation,PEG-IFN + RBV: LTFU (24 Weeks),Part 1 Pre-treatment Baseline,,48.94,27.38,,
NCT00761735,Mean Height Percentiles of Participants Over LTFU,percentile,MEAN,Standard Deviation,PEG-IFN + RBV: LTFU (48 Weeks),Part 1 Pre-treatment Baseline,,52.5,29.98,,
NCT00761735,Mean Height Percentiles of Participants Over LTFU,percentile,MEAN,Standard Deviation,PEG-IFN + RBV: LTFU (24 Weeks),"LTFU Year 1 (n=40, n=44)",,49.21,29.03,,
NCT00761735,Mean Height Percentiles of Participants Over LTFU,percentile,MEAN,Standard Deviation,PEG-IFN + RBV: LTFU (48 Weeks),"LTFU Year 1 (n=40, n=44)",,43.37,27.87,,
NCT00761735,Mean Height Percentiles of Participants Over LTFU,percentile,MEAN,Standard Deviation,PEG-IFN + RBV: LTFU (24 Weeks),"LTFU Year 2 (n=39, n=39)",,50.56,29.18,,
NCT00761735,Mean Height Percentiles of Participants Over LTFU,percentile,MEAN,Standard Deviation,PEG-IFN + RBV: LTFU (48 Weeks),"LTFU Year 2 (n=39, n=39)",,46.24,29.19,,
NCT00761735,Mean Height Percentiles of Participants Over LTFU,percentile,MEAN,Standard Deviation,PEG-IFN + RBV: LTFU (24 Weeks),"LTFU Year 3 (n=39, n=44)",,48.05,28.38,,
NCT00761735,Mean Height Percentiles of Participants Over LTFU,percentile,MEAN,Standard Deviation,PEG-IFN + RBV: LTFU (48 Weeks),"LTFU Year 3 (n=39, n=44)",,46.00,28.24,,
NCT00761735,Mean Height Percentiles of Participants Over LTFU,percentile,MEAN,Standard Deviation,PEG-IFN + RBV: LTFU (24 Weeks),"LTFU Year 4 (n=40, n=38)",,49.62,30.87,,
NCT00761735,Mean Height Percentiles of Participants Over LTFU,percentile,MEAN,Standard Deviation,PEG-IFN + RBV: LTFU (48 Weeks),"LTFU Year 4 (n=40, n=38)",,45.27,29.44,,
NCT00761735,Mean Height Percentiles of Participants Over LTFU,percentile,MEAN,Standard Deviation,PEG-IFN + RBV: LTFU (24 Weeks),"LTFU Year 5 (n=38, n=42)",,47.61,29.57,,
NCT00761735,Mean Height Percentiles of Participants Over LTFU,percentile,MEAN,Standard Deviation,PEG-IFN + RBV: LTFU (48 Weeks),"LTFU Year 5 (n=38, n=42)",,43.51,27.57,,
NCT00761735,Mean Height Percentiles of Participants Over LTFU,percentile,MEAN,Standard Deviation,PEG-IFN + RBV: LTFU (24 Weeks),"Last Available LTFU Visit (n=46, n=48)",,45.96,30.45,,
NCT00761735,Mean Height Percentiles of Participants Over LTFU,percentile,MEAN,Standard Deviation,PEG-IFN + RBV: LTFU (48 Weeks),"Last Available LTFU Visit (n=46, n=48)",,43.56,27.19,,
NCT00793325,Change in the Growth Rate Standard Deviation (SD) Score for Calendar Age.,standard deviation (SD) score,MEAN,Standard Deviation,Somatropin for Small-for-gestational Age,At one year,,3.9,2.60,,
NCT00793325,Change in the Growth Rate Standard Deviation (SD) Score for Calendar Age.,standard deviation (SD) score,MEAN,Standard Deviation,Somatropin for Small-for-gestational Age,At two years,,3.1,2.54,,
NCT00793325,Change in the Growth Rate Standard Deviation (SD) Score for Calendar Age.,standard deviation (SD) score,MEAN,Standard Deviation,Somatropin for Small-for-gestational Age,At three years,,2.9,3.03,,
NCT00793325,Change in Height SD Score for Calendar Age.,standard deviation (SD) score,MEAN,Standard Deviation,Somatropin for Small-for-gestational Age,At one year,,0.6,0.49,,
NCT00793325,Change in Height SD Score for Calendar Age.,standard deviation (SD) score,MEAN,Standard Deviation,Somatropin for Small-for-gestational Age,At two years,,0.3,0.41,,
NCT00793325,Change in Height SD Score for Calendar Age.,standard deviation (SD) score,MEAN,Standard Deviation,Somatropin for Small-for-gestational Age,At three years,,0.3,0.40,,
NCT00807560,Height,inches,MEAN,Standard Deviation,FBT-PO,,,65.7,3.0,,
NCT00807560,Height,inches,MEAN,Standard Deviation,NEC-control,,,64.7,2.79,,
NCT00807560,Height,inches,MEAN,Standard Deviation,FBT-PO,,,66.1,2.7,,
NCT00807560,Height,inches,MEAN,Standard Deviation,NEC-control,,,64.8,2.9,,
NCT00810043,Absolute Vertebral Body Height Restoration as a Percent (Post-procedure Change From Baseline),percent change,MEAN,Standard Deviation,Curette-First,"Anterior vertebral measurement (n=52, 50)",,9.72,12.85,6.1,13.3
NCT00810043,Absolute Vertebral Body Height Restoration as a Percent (Post-procedure Change From Baseline),percent change,MEAN,Standard Deviation,IBT-First,"Anterior vertebral measurement (n=52, 50)",,11.77,13.23,8.0,15.5
NCT00810043,Absolute Vertebral Body Height Restoration as a Percent (Post-procedure Change From Baseline),percent change,MEAN,Standard Deviation,Curette-First,"Mid-vertebral measurement (n=52, 50)",,8.14,9.96,5.4,10.9
NCT00810043,Absolute Vertebral Body Height Restoration as a Percent (Post-procedure Change From Baseline),percent change,MEAN,Standard Deviation,IBT-First,"Mid-vertebral measurement (n=52, 50)",,9.07,10.31,6.1,12.0
NCT00810043,Absolute Vertebral Body Height Restoration as a Percent (Post-procedure Change From Baseline),percent change,MEAN,Standard Deviation,Curette-First,"Posterior vertebral measurement (n=52, 50)",,2.59,5.15,1.2,4.0
NCT00810043,Absolute Vertebral Body Height Restoration as a Percent (Post-procedure Change From Baseline),percent change,MEAN,Standard Deviation,IBT-First,"Posterior vertebral measurement (n=52, 50)",,4.21,6.49,2.4,6.1
NCT00810043,Index Vertebral Body Height Restored in Millimeters.,mm,MEDIAN,Standard Deviation,Curette-First,"Anterior VBH at baseline (n=54, 53)",,14.15,5.25,,
NCT00810043,Index Vertebral Body Height Restored in Millimeters.,mm,MEDIAN,Standard Deviation,IBT-First,"Anterior VBH at baseline (n=54, 53)",,14.27,5.02,,
NCT00810043,Index Vertebral Body Height Restored in Millimeters.,mm,MEDIAN,Standard Deviation,Curette-First,"Anterior VBH at 48 hr post-procedure (n=56, 51)",,16.65,4.75,,
NCT00810043,Index Vertebral Body Height Restored in Millimeters.,mm,MEDIAN,Standard Deviation,IBT-First,"Anterior VBH at 48 hr post-procedure (n=56, 51)",,17.32,4.33,,
NCT00810043,Index Vertebral Body Height Restored in Millimeters.,mm,MEDIAN,Standard Deviation,Curette-First,"Anterior change in VBH (n=53, 50)",,2.28,2.89,,
NCT00810043,Index Vertebral Body Height Restored in Millimeters.,mm,MEDIAN,Standard Deviation,IBT-First,"Anterior change in VBH (n=53, 50)",,2.78,3.11,,
NCT00810043,Index Vertebral Body Height Restored in Millimeters.,mm,MEDIAN,Standard Deviation,Curette-First,"Midpoint VBH at baseline (n=54, 53)",,13.98,4.12,,
NCT00810043,Index Vertebral Body Height Restored in Millimeters.,mm,MEDIAN,Standard Deviation,IBT-First,"Midpoint VBH at baseline (n=54, 53)",,14.21,4.07,,
NCT00810043,Index Vertebral Body Height Restored in Millimeters.,mm,MEDIAN,Standard Deviation,Curette-First,"Midpoint VBH at 48 hr post-procedure (n=56, 51)",,16.22,4.01,,
NCT00810043,Index Vertebral Body Height Restored in Millimeters.,mm,MEDIAN,Standard Deviation,IBT-First,"Midpoint VBH at 48 hr post-procedure (n=56, 51)",,16.62,3.39,,
NCT00810043,Index Vertebral Body Height Restored in Millimeters.,mm,MEDIAN,Standard Deviation,Curette-First,"Midpoint change in VBH (n=53, 50)",,1.98,2.38,,
NCT00810043,Index Vertebral Body Height Restored in Millimeters.,mm,MEDIAN,Standard Deviation,IBT-First,"Midpoint change in VBH (n=53, 50)",,2.25,2.58,,
NCT00810043,Index Vertebral Body Height Restored in Millimeters.,mm,MEDIAN,Standard Deviation,Curette-First,"Posterior VBH at baseline (n=54, 53)",,22.79,3.61,,
NCT00810043,Index Vertebral Body Height Restored in Millimeters.,mm,MEDIAN,Standard Deviation,IBT-First,"Posterior VBH at baseline (n=54, 53)",,22.94,4.32,,
NCT00810043,Index Vertebral Body Height Restored in Millimeters.,mm,MEDIAN,Standard Deviation,Curette-First,"Posterior VBH at 48 hr post-procedure (n=56, 51)",,23.57,3.99,,
NCT00810043,Index Vertebral Body Height Restored in Millimeters.,mm,MEDIAN,Standard Deviation,IBT-First,"Posterior VBH at 48 hr post-procedure (n=56, 51)",,24.02,3.59,,
NCT00810043,Index Vertebral Body Height Restored in Millimeters.,mm,MEDIAN,Standard Deviation,Curette-First,"Posterior change in VBH (n=53, 50)",,0.65,1.29,,
NCT00810043,Index Vertebral Body Height Restored in Millimeters.,mm,MEDIAN,Standard Deviation,IBT-First,"Posterior change in VBH (n=53, 50)",,1.05,1.65,,
NCT00810043,Amount of Vertebral Body Height (VBH) Gained From IBTs Alone,mm,MEAN,Standard Deviation,IBT-First,Anterior VBH at intra-op with Bolster (n=47),,17.03,4.72,,
NCT00810043,Amount of Vertebral Body Height (VBH) Gained From IBTs Alone,mm,MEAN,Standard Deviation,IBT-First,Anterior VBH at Intra-op 1st IBT (n=49),,18.40,4.67,,
NCT00810043,Amount of Vertebral Body Height (VBH) Gained From IBTs Alone,mm,MEAN,Standard Deviation,IBT-First,Anterior VBH change (n=47),,1.25,1.94,,
NCT00810043,Amount of Vertebral Body Height (VBH) Gained From IBTs Alone,mm,MEAN,Standard Deviation,IBT-First,Middle VBH at intra-op with Bolster (n=47),,15.99,3.60,,
NCT00810043,Amount of Vertebral Body Height (VBH) Gained From IBTs Alone,mm,MEAN,Standard Deviation,IBT-First,Middle VBH at Intra-op 1st IBT (n=49),,17.00,3.32,,
NCT00810043,Amount of Vertebral Body Height (VBH) Gained From IBTs Alone,mm,MEAN,Standard Deviation,IBT-First,Middle VBH change (n=47),,0.94,1.38,,
NCT00810043,Amount of Vertebral Body Height (VBH) Gained From IBTs Alone,mm,MEAN,Standard Deviation,IBT-First,Posterior VBH at intra-op with Bolster (n=47),,23.68,3.85,,
NCT00810043,Amount of Vertebral Body Height (VBH) Gained From IBTs Alone,mm,MEAN,Standard Deviation,IBT-First,Posterior VBH at Intra-op 1st IBT (n=49),,24.05,3.61,,
NCT00810043,Amount of Vertebral Body Height (VBH) Gained From IBTs Alone,mm,MEAN,Standard Deviation,IBT-First,Posterior VBH change (n=47),,0.37,0.81,,
NCT00810043,Amount of Vertebra Body Height (VBH) Gained by Postural Reduction,mm,MEAN,Standard Deviation,Curette-First,"Anterior VBH at baseline (n=54, 53)",,14.15,5.25,,
NCT00810043,Amount of Vertebra Body Height (VBH) Gained by Postural Reduction,mm,MEAN,Standard Deviation,IBT-First,"Anterior VBH at baseline (n=54, 53)",,14.27,5.02,,
NCT00810043,Amount of Vertebra Body Height (VBH) Gained by Postural Reduction,mm,MEAN,Standard Deviation,Curette-First,"Anterior VBH at intra-op with Bolster (n=50, 47)",,16.93,4.99,,
NCT00810043,Amount of Vertebra Body Height (VBH) Gained by Postural Reduction,mm,MEAN,Standard Deviation,IBT-First,"Anterior VBH at intra-op with Bolster (n=50, 47)",,17.03,4.72,,
NCT00810043,Amount of Vertebra Body Height (VBH) Gained by Postural Reduction,mm,MEAN,Standard Deviation,Curette-First,"Anterior VBH gained (n=47, 46)",,2.96,3.55,,
NCT00810043,Amount of Vertebra Body Height (VBH) Gained by Postural Reduction,mm,MEAN,Standard Deviation,IBT-First,"Anterior VBH gained (n=47, 46)",,3.05,3.21,,
NCT00810043,Amount of Vertebra Body Height (VBH) Gained by Postural Reduction,mm,MEAN,Standard Deviation,Curette-First,"Middle VBH at baseline (n=54, 53)",,13.98,4.12,,
NCT00810043,Amount of Vertebra Body Height (VBH) Gained by Postural Reduction,mm,MEAN,Standard Deviation,IBT-First,"Middle VBH at baseline (n=54, 53)",,14.21,4.07,,
NCT00810043,Amount of Vertebra Body Height (VBH) Gained by Postural Reduction,mm,MEAN,Standard Deviation,Curette-First,"Middle VBH at intra-op with Bolster (n=50, 47)",,15.96,4.36,,
NCT00810043,Amount of Vertebra Body Height (VBH) Gained by Postural Reduction,mm,MEAN,Standard Deviation,IBT-First,"Middle VBH at intra-op with Bolster (n=50, 47)",,15.99,3.60,,
NCT00810043,Amount of Vertebra Body Height (VBH) Gained by Postural Reduction,mm,MEAN,Standard Deviation,Curette-First,"Middle VBH gained (n=47, 46)",,1.88,2.64,,
NCT00810043,Amount of Vertebra Body Height (VBH) Gained by Postural Reduction,mm,MEAN,Standard Deviation,IBT-First,"Middle VBH gained (n=47, 46)",,2.14,2.48,,
NCT00810043,Amount of Vertebra Body Height (VBH) Gained by Postural Reduction,mm,MEAN,Standard Deviation,Curette-First,"Posterior VBH at baseline (n=54, 53)",,22.79,3.61,,
NCT00810043,Amount of Vertebra Body Height (VBH) Gained by Postural Reduction,mm,MEAN,Standard Deviation,IBT-First,"Posterior VBH at baseline (n=54, 53)",,22.94,4.32,,
NCT00810043,Amount of Vertebra Body Height (VBH) Gained by Postural Reduction,mm,MEAN,Standard Deviation,Curette-First,"Posterior VBH at Intra-op with Bolser (n=50, 47)",,23.41,4.02,,
NCT00810043,Amount of Vertebra Body Height (VBH) Gained by Postural Reduction,mm,MEAN,Standard Deviation,IBT-First,"Posterior VBH at Intra-op with Bolser (n=50, 47)",,23.68,3.85,,
NCT00810043,Amount of Vertebra Body Height (VBH) Gained by Postural Reduction,mm,MEAN,Standard Deviation,Curette-First,"Posterior VBH gained (47, 46)",,0.64,1.69,,
NCT00810043,Amount of Vertebra Body Height (VBH) Gained by Postural Reduction,mm,MEAN,Standard Deviation,IBT-First,"Posterior VBH gained (47, 46)",,0.95,1.53,,
NCT00827606,Height (Centimeters [cm]) During the Study: Males,cm,MEAN,Standard Deviation,Atorvastatin (5-80 mg),Baseline (n=146),,144.36,16.004,,
NCT00827606,Height (Centimeters [cm]) During the Study: Males,cm,MEAN,Standard Deviation,Atorvastatin (5-80 mg),Month 1 (n=141),,145.21,16.114,,
NCT00827606,Height (Centimeters [cm]) During the Study: Males,cm,MEAN,Standard Deviation,Atorvastatin (5-80 mg),Change at Month 1 (n=141),,0.68,0.964,,
NCT00827606,Height (Centimeters [cm]) During the Study: Males,cm,MEAN,Standard Deviation,Atorvastatin (5-80 mg),Month 2 (n=138),,145.93,16.302,,
NCT00827606,Height (Centimeters [cm]) During the Study: Males,cm,MEAN,Standard Deviation,Atorvastatin (5-80 mg),Change at Month 2 (n=138),,1.27,0.964,,
NCT00827606,Height (Centimeters [cm]) During the Study: Males,cm,MEAN,Standard Deviation,Atorvastatin (5-80 mg),Month 3 (n=133),,146.00,16.139,,
NCT00827606,Height (Centimeters [cm]) During the Study: Males,cm,MEAN,Standard Deviation,Atorvastatin (5-80 mg),Change at Month 3 (n=133),,1.72,1.172,,
NCT00827606,Height (Centimeters [cm]) During the Study: Males,cm,MEAN,Standard Deviation,Atorvastatin (5-80 mg),Month 6 (n=129),,147.17,16.033,,
NCT00827606,Height (Centimeters [cm]) During the Study: Males,cm,MEAN,Standard Deviation,Atorvastatin (5-80 mg),Change at Month 6 (n=129),,3.24,1.485,,
NCT00827606,Height (Centimeters [cm]) During the Study: Males,cm,MEAN,Standard Deviation,Atorvastatin (5-80 mg),Month 12 (n=123),,150.75,16.321,,
NCT00827606,Height (Centimeters [cm]) During the Study: Males,cm,MEAN,Standard Deviation,Atorvastatin (5-80 mg),Change at Month 12 (n=123),,6.67,2.385,,
NCT00827606,Height (Centimeters [cm]) During the Study: Males,cm,MEAN,Standard Deviation,Atorvastatin (5-80 mg),Month 18 (n=119),,153.26,16.388,,
NCT00827606,Height (Centimeters [cm]) During the Study: Males,cm,MEAN,Standard Deviation,Atorvastatin (5-80 mg),Change at Month 18 (n=119),,9.31,2.978,,
NCT00827606,Height (Centimeters [cm]) During the Study: Males,cm,MEAN,Standard Deviation,Atorvastatin (5-80 mg),Month 24 (n=114),,156.03,16.001,,
NCT00827606,Height (Centimeters [cm]) During the Study: Males,cm,MEAN,Standard Deviation,Atorvastatin (5-80 mg),Change at Month 24 (n=114),,12.11,3.630,,
NCT00827606,Height (Centimeters [cm]) During the Study: Males,cm,MEAN,Standard Deviation,Atorvastatin (5-80 mg),Month 30 (n=114),,158.78,15.770,,
NCT00827606,Height (Centimeters [cm]) During the Study: Males,cm,MEAN,Standard Deviation,Atorvastatin (5-80 mg),Change at Month 30 (n=114),,14.86,4.403,,
NCT00827606,Height (Centimeters [cm]) During the Study: Males,cm,MEAN,Standard Deviation,Atorvastatin (5-80 mg),Month 36/ET (n=134),,160.59,15.602,,
NCT00827606,Height (Centimeters [cm]) During the Study: Males,cm,MEAN,Standard Deviation,Atorvastatin (5-80 mg),Change at Month 36/ET (n=134),,15.53,6.801,,
NCT00827606,Percent Change From Baseline in Height: Males,percent change,MEAN,Standard Deviation,Atorvastatin (5-80 mg),Month 1 (n=141),,0.47,0.689,,
NCT00827606,Percent Change From Baseline in Height: Males,percent change,MEAN,Standard Deviation,Atorvastatin (5-80 mg),Month 2 (n=138),,0.88,0.652,,
NCT00827606,Percent Change From Baseline in Height: Males,percent change,MEAN,Standard Deviation,Atorvastatin (5-80 mg),Month 3 (n=133),,1.19,0.777,,
NCT00827606,Percent Change From Baseline in Height: Males,percent change,MEAN,Standard Deviation,Atorvastatin (5-80 mg),Month 6 (n=129),,2.25,0.987,,
NCT00827606,Percent Change From Baseline in Height: Males,percent change,MEAN,Standard Deviation,Atorvastatin (5-80 mg),Month 12 (n=123),,4.66,1.606,,
NCT00827606,Percent Change From Baseline in Height: Males,percent change,MEAN,Standard Deviation,Atorvastatin (5-80 mg),Month 18 (n=119),,6.53,2.021,,
NCT00827606,Percent Change From Baseline in Height: Males,percent change,MEAN,Standard Deviation,Atorvastatin (5-80 mg),Month 24 (n=114),,8.53,2.607,,
NCT00827606,Percent Change From Baseline in Height: Males,percent change,MEAN,Standard Deviation,Atorvastatin (5-80 mg),Month 30 (n=114),,10.49,3.260,,
NCT00827606,Percent Change From Baseline in Height: Males,percent change,MEAN,Standard Deviation,Atorvastatin (5-80 mg),Month 36/ET (n=134),,10.97,5.010,,
NCT00827606,Height (cm) During the Study: Females,cm,MEAN,Standard Deviation,Atorvastatin (5-80 mg),Baseline (n=125),,145.28,14.108,,
NCT00827606,Height (cm) During the Study: Females,cm,MEAN,Standard Deviation,Atorvastatin (5-80 mg),Month 1 (n=124),,146.06,14.045,,
NCT00827606,Height (cm) During the Study: Females,cm,MEAN,Standard Deviation,Atorvastatin (5-80 mg),Change at Month 1 (n=124),,0.71,1.378,,
NCT00827606,Height (cm) During the Study: Females,cm,MEAN,Standard Deviation,Atorvastatin (5-80 mg),Month 2 (n=119),,146.57,13.919,,
NCT00827606,Height (cm) During the Study: Females,cm,MEAN,Standard Deviation,Atorvastatin (5-80 mg),Change at Month 2 (n=119),,1.19,1.700,,
NCT00827606,Height (cm) During the Study: Females,cm,MEAN,Standard Deviation,Atorvastatin (5-80 mg),Month 3 (n=115),,146.81,13.838,,
NCT00827606,Height (cm) During the Study: Females,cm,MEAN,Standard Deviation,Atorvastatin (5-80 mg),Change at Month 3 (n=115),,1.68,1.278,,
NCT00827606,Height (cm) During the Study: Females,cm,MEAN,Standard Deviation,Atorvastatin (5-80 mg),Month 6 (n=113),,147.87,13.619,,
NCT00827606,Height (cm) During the Study: Females,cm,MEAN,Standard Deviation,Atorvastatin (5-80 mg),Change at Month 6 (n=113),,2.77,1.720,,
NCT00827606,Height (cm) During the Study: Females,cm,MEAN,Standard Deviation,Atorvastatin (5-80 mg),Month 12 (n=107),,150.84,12.968,,
NCT00827606,Height (cm) During the Study: Females,cm,MEAN,Standard Deviation,Atorvastatin (5-80 mg),Change at Month 12 (n=107),,5.50,2.992,,
NCT00827606,Height (cm) During the Study: Females,cm,MEAN,Standard Deviation,Atorvastatin (5-80 mg),Month 18 (n=99),,152.77,12.648,,
NCT00827606,Height (cm) During the Study: Females,cm,MEAN,Standard Deviation,Atorvastatin (5-80 mg),Change at Month 18 (n=99),,7.41,4.043,,
NCT00827606,Height (cm) During the Study: Females,cm,MEAN,Standard Deviation,Atorvastatin (5-80 mg),Month 24 (n=95),,154.79,11.913,,
NCT00827606,Height (cm) During the Study: Females,cm,MEAN,Standard Deviation,Atorvastatin (5-80 mg),Change at Month 24 (n=95),,9.61,5.120,,
NCT00827606,Height (cm) During the Study: Females,cm,MEAN,Standard Deviation,Atorvastatin (5-80 mg),Month 30 (n=93),,156.43,11.288,,
NCT00827606,Height (cm) During the Study: Females,cm,MEAN,Standard Deviation,Atorvastatin (5-80 mg),Change at Month 30 (n=93),,11.23,6.118,,
NCT00827606,Height (cm) During the Study: Females,cm,MEAN,Standard Deviation,Atorvastatin (5-80 mg),Month 36/ET (n=121),,156.52,11.032,,
NCT00827606,Height (cm) During the Study: Females,cm,MEAN,Standard Deviation,Atorvastatin (5-80 mg),Change at Month 36/ET (n=121),,11.23,7.551,,
NCT00827606,Percent Change From Baseline in Height: Females,percent change,MEAN,Standard Deviation,Atorvastatin (5-80 mg),Month 1 (n=124),,0.51,1.004,,
NCT00827606,Percent Change From Baseline in Height: Females,percent change,MEAN,Standard Deviation,Atorvastatin (5-80 mg),Month 2 (n=119),,0.84,1.220,,
NCT00827606,Percent Change From Baseline in Height: Females,percent change,MEAN,Standard Deviation,Atorvastatin (5-80 mg),Month 3 (n=115),,1.20,0.925,,
NCT00827606,Percent Change From Baseline in Height: Females,percent change,MEAN,Standard Deviation,Atorvastatin (5-80 mg),Month 6 (n=113),,1.98,1.291,,
NCT00827606,Percent Change From Baseline in Height: Females,percent change,MEAN,Standard Deviation,Atorvastatin (5-80 mg),Month 12 (n=107),,3.93,2.262,,
NCT00827606,Percent Change From Baseline in Height: Females,percent change,MEAN,Standard Deviation,Atorvastatin (5-80 mg),Month 18 (n=99),,5.30,3.036,,
NCT00827606,Percent Change From Baseline in Height: Females,percent change,MEAN,Standard Deviation,Atorvastatin (5-80 mg),Month 24 (n=95),,6.93,3.933,,
NCT00827606,Percent Change From Baseline in Height: Females,percent change,MEAN,Standard Deviation,Atorvastatin (5-80 mg),Month 30 (n=93),,8.13,4.740,,
NCT00827606,Percent Change From Baseline in Height: Females,percent change,MEAN,Standard Deviation,Atorvastatin (5-80 mg),Month 36/ET (n=121),,8.14,5.789,,
NCT00838435,Change From Baseline in Growth Measurements - Height Z-Scores,Z-score change from baseline,MEAN,Standard Deviation,Sapropterin Dihydrochloride,Baseline,,0.4,0.97,,
NCT00838435,Change From Baseline in Growth Measurements - Height Z-Scores,Z-score change from baseline,MEAN,Standard Deviation,Sapropterin Dihydrochloride,Change from Baseline Week 4,,0.0,0.44,,
NCT00838435,Change From Baseline in Growth Measurements - Height Z-Scores,Z-score change from baseline,MEAN,Standard Deviation,Sapropterin Dihydrochloride,Change from Baseline Month 3,,0.1,0.57,,
NCT00838435,Change From Baseline in Growth Measurements - Height Z-Scores,Z-score change from baseline,MEAN,Standard Deviation,Sapropterin Dihydrochloride,Change from Baseline Month 6,,0.1,0.72,,
NCT00838435,Change From Baseline in Growth Measurements - Height Z-Scores,Z-score change from baseline,MEAN,Standard Deviation,Sapropterin Dihydrochloride,Change from Baseline Month 12,,-0.1,0.73,,
NCT00838435,Change From Baseline in Growth Measurements - Height Z-Scores,Z-score change from baseline,MEAN,Standard Deviation,Sapropterin Dihydrochloride,Change from Baseline Month 18,,0.0,0.78,,
NCT00838435,Change From Baseline in Growth Measurements - Height Z-Scores,Z-score change from baseline,MEAN,Standard Deviation,Sapropterin Dihydrochloride,Change from Baseline Month 24,,0.0,0.71,,
NCT00838435,Change From Baseline in Growth Measurements - Height Z-Scores,Z-score change from baseline,MEAN,Standard Deviation,Sapropterin Dihydrochloride,Change from Baseline Month 30,,-0.1,0.72,,
NCT00838435,Change From Baseline in Growth Measurements - Height Z-Scores,Z-score change from baseline,MEAN,Standard Deviation,Sapropterin Dihydrochloride,Change from Baseline Month 36,,-0.1,0.71,,
NCT00838435,Change From Baseline in Growth Measurements - Height Z-Scores,Z-score change from baseline,MEAN,Standard Deviation,Sapropterin Dihydrochloride,Change from Baseline Month 42,,-0.1,0.73,,
NCT00838435,Change From Baseline in Growth Measurements - Height Z-Scores,Z-score change from baseline,MEAN,Standard Deviation,Sapropterin Dihydrochloride,Change from Baseline Month 48,,-0.2,0.77,,
NCT00838435,Change From Baseline in Growth Measurements - Height Z-Scores,Z-score change from baseline,MEAN,Standard Deviation,Sapropterin Dihydrochloride,Change from Baseline Month 54,,-0.2,0.78,,
NCT00838435,Change From Baseline in Growth Measurements - Height Z-Scores,Z-score change from baseline,MEAN,Standard Deviation,Sapropterin Dihydrochloride,Change from Baseline Month 60,,-0.2,0.75,,
NCT00838435,Change From Baseline in Growth Measurements - Height Z-Scores,Z-score change from baseline,MEAN,Standard Deviation,Sapropterin Dihydrochloride,Change from Baseline Month 66,,-0.2,0.77,,
NCT00838435,Change From Baseline in Growth Measurements - Height Z-Scores,Z-score change from baseline,MEAN,Standard Deviation,Sapropterin Dihydrochloride,Change from Baseline Month 72,,-0.3,0.78,,
NCT00838435,Change From Baseline in Growth Measurements - Height Z-Scores,Z-score change from baseline,MEAN,Standard Deviation,Sapropterin Dihydrochloride,Change from Baseline Month 78,,-0.2,0.78,,
NCT00838435,Change From Baseline in Growth Measurements - Height Z-Scores,Z-score change from baseline,MEAN,Standard Deviation,Sapropterin Dihydrochloride,Change from Baseline Month 84,,-0.2,0.83,,
NCT00864851,Change From Baseline to Month 12 in Left Ventricular Mass Indexed to Height (LVMI),g/m^2.7,MEAN,Standard Deviation,"Replagal 0.2 mg/kg, IV, Every Other Week",,,3.2,12.5,,
NCT00864851,Change From Baseline to Month 12 in Left Ventricular Mass Indexed to Height (LVMI),g/m^2.7,MEAN,Standard Deviation,"Replagal 0.2 mg/kg, IV, Weekly",,,0.5,15.8,,
NCT00864851,Change From Baseline to Month 12 in Left Ventricular Mass Indexed to Height (LVMI),g/m^2.7,MEAN,Standard Deviation,"Replagal 0.4 mg/kg, IV, Weekly",,,-10.3,11.8,,
NCT00866619,"Height, Weight and Mid Upper Arm Circumference for Age Z-score (HAZ, WAZ and MUACZ)",z-score,MEAN,Standard Deviation,GSK257049 [5-17M] Group,HAZ,,-1.6,1,,
NCT00866619,"Height, Weight and Mid Upper Arm Circumference for Age Z-score (HAZ, WAZ and MUACZ)",z-score,MEAN,Standard Deviation,GSK257049 [6-12W] Group,HAZ,,-1.7,1.1,,
NCT00866619,"Height, Weight and Mid Upper Arm Circumference for Age Z-score (HAZ, WAZ and MUACZ)",z-score,MEAN,Standard Deviation,VeroRab Comparator [5-17M] Group,HAZ,,-1.6,1,,
NCT00866619,"Height, Weight and Mid Upper Arm Circumference for Age Z-score (HAZ, WAZ and MUACZ)",z-score,MEAN,Standard Deviation,Menjugate Comparator [6-12W] Group,HAZ,,-1.7,1.2,,
NCT00866619,"Height, Weight and Mid Upper Arm Circumference for Age Z-score (HAZ, WAZ and MUACZ)",z-score,MEAN,Standard Deviation,GSK257049 [5-17M] Group,WAZ,,-1,1,,
NCT00866619,"Height, Weight and Mid Upper Arm Circumference for Age Z-score (HAZ, WAZ and MUACZ)",z-score,MEAN,Standard Deviation,GSK257049 [6-12W] Group,WAZ,,-0.9,1,,
NCT00866619,"Height, Weight and Mid Upper Arm Circumference for Age Z-score (HAZ, WAZ and MUACZ)",z-score,MEAN,Standard Deviation,VeroRab Comparator [5-17M] Group,WAZ,,-1,1,,
NCT00866619,"Height, Weight and Mid Upper Arm Circumference for Age Z-score (HAZ, WAZ and MUACZ)",z-score,MEAN,Standard Deviation,Menjugate Comparator [6-12W] Group,WAZ,,-0.9,1,,
NCT00866619,"Height, Weight and Mid Upper Arm Circumference for Age Z-score (HAZ, WAZ and MUACZ)",z-score,MEAN,Standard Deviation,GSK257049 [5-17M] Group,MUACZ,,-0.3,0.9,,
NCT00866619,"Height, Weight and Mid Upper Arm Circumference for Age Z-score (HAZ, WAZ and MUACZ)",z-score,MEAN,Standard Deviation,GSK257049 [6-12W] Group,MUACZ,,-0.1,1,,
NCT00866619,"Height, Weight and Mid Upper Arm Circumference for Age Z-score (HAZ, WAZ and MUACZ)",z-score,MEAN,Standard Deviation,VeroRab Comparator [5-17M] Group,MUACZ,,-0.3,0.9,,
NCT00866619,"Height, Weight and Mid Upper Arm Circumference for Age Z-score (HAZ, WAZ and MUACZ)",z-score,MEAN,Standard Deviation,Menjugate Comparator [6-12W] Group,MUACZ,,-0.1,1,,
NCT00866619,"Height, Weight and Mid Upper Arm Circumference for Age Z-score (HAZ, WAZ and MUACZ)",z-score,MEAN,Standard Deviation,GSK257049 - GSK257049 [5-17M] Group,"HAZ, Month 32",,-1.3,1.0,,
NCT00866619,"Height, Weight and Mid Upper Arm Circumference for Age Z-score (HAZ, WAZ and MUACZ)",z-score,MEAN,Standard Deviation,GSK257049 - Menjugate [5-17M] Group,"HAZ, Month 32",,-1.4,1.0,,
NCT00866619,"Height, Weight and Mid Upper Arm Circumference for Age Z-score (HAZ, WAZ and MUACZ)",z-score,MEAN,Standard Deviation,VeroRab Comparator [5-17M] Group,"HAZ, Month 32",,-1.4,1.0,,
NCT00866619,"Height, Weight and Mid Upper Arm Circumference for Age Z-score (HAZ, WAZ and MUACZ)",z-score,MEAN,Standard Deviation,GSK257049 -GSK257049 [6-12W] Group,"HAZ, Month 32",,-1.5,1.1,,
NCT00866619,"Height, Weight and Mid Upper Arm Circumference for Age Z-score (HAZ, WAZ and MUACZ)",z-score,MEAN,Standard Deviation,GSK257049 - Menjugate [6-12W] Group,"HAZ, Month 32",,-1.4,1.1,,
NCT00866619,"Height, Weight and Mid Upper Arm Circumference for Age Z-score (HAZ, WAZ and MUACZ)",z-score,MEAN,Standard Deviation,Menjugate Comparator [6-12W] Group,"HAZ, Month 32",,-1.5,1.1,,
NCT00866619,"Height, Weight and Mid Upper Arm Circumference for Age Z-score (HAZ, WAZ and MUACZ)",z-score,MEAN,Standard Deviation,GSK257049 - GSK257049 [5-17M] Group,"WAZ, Month 32",,-0.9,0.9,,
NCT00866619,"Height, Weight and Mid Upper Arm Circumference for Age Z-score (HAZ, WAZ and MUACZ)",z-score,MEAN,Standard Deviation,GSK257049 - Menjugate [5-17M] Group,"WAZ, Month 32",,-1.0,0.9,,
NCT00866619,"Height, Weight and Mid Upper Arm Circumference for Age Z-score (HAZ, WAZ and MUACZ)",z-score,MEAN,Standard Deviation,VeroRab Comparator [5-17M] Group,"WAZ, Month 32",,-1.0,0.9,,
NCT00866619,"Height, Weight and Mid Upper Arm Circumference for Age Z-score (HAZ, WAZ and MUACZ)",z-score,MEAN,Standard Deviation,GSK257049 -GSK257049 [6-12W] Group,"WAZ, Month 32",,-0.9,1.0,,
NCT00866619,"Height, Weight and Mid Upper Arm Circumference for Age Z-score (HAZ, WAZ and MUACZ)",z-score,MEAN,Standard Deviation,GSK257049 - Menjugate [6-12W] Group,"WAZ, Month 32",,-0.9,1.0,,
NCT00866619,"Height, Weight and Mid Upper Arm Circumference for Age Z-score (HAZ, WAZ and MUACZ)",z-score,MEAN,Standard Deviation,Menjugate Comparator [6-12W] Group,"WAZ, Month 32",,-0.9,1.0,,
NCT00866619,"Height, Weight and Mid Upper Arm Circumference for Age Z-score (HAZ, WAZ and MUACZ)",z-score,MEAN,Standard Deviation,GSK257049 - GSK257049 [5-17M] Group,"MUACZ, Month 32",,-0.4,0.9,,
NCT00866619,"Height, Weight and Mid Upper Arm Circumference for Age Z-score (HAZ, WAZ and MUACZ)",z-score,MEAN,Standard Deviation,GSK257049 - Menjugate [5-17M] Group,"MUACZ, Month 32",,-0.4,0.9,,
NCT00866619,"Height, Weight and Mid Upper Arm Circumference for Age Z-score (HAZ, WAZ and MUACZ)",z-score,MEAN,Standard Deviation,VeroRab Comparator [5-17M] Group,"MUACZ, Month 32",,-0.4,0.8,,
NCT00866619,"Height, Weight and Mid Upper Arm Circumference for Age Z-score (HAZ, WAZ and MUACZ)",z-score,MEAN,Standard Deviation,GSK257049 -GSK257049 [6-12W] Group,"MUACZ, Month 32",,-0.4,0.9,,
NCT00866619,"Height, Weight and Mid Upper Arm Circumference for Age Z-score (HAZ, WAZ and MUACZ)",z-score,MEAN,Standard Deviation,GSK257049 - Menjugate [6-12W] Group,"MUACZ, Month 32",,-0.3,1.0,,
NCT00866619,"Height, Weight and Mid Upper Arm Circumference for Age Z-score (HAZ, WAZ and MUACZ)",z-score,MEAN,Standard Deviation,Menjugate Comparator [6-12W] Group,"MUACZ, Month 32",,-0.4,1.0,,
NCT00866619,"Height, Weight and Mid Upper Arm Circumference for Age Z-score (HAZ, WAZ and MUACZ)",z-score,MEAN,Standard Deviation,GSK257049 - GSK257049 [5-17M] Group,"HAZ, Month 44",,-1.1,1.0,,
NCT00866619,"Height, Weight and Mid Upper Arm Circumference for Age Z-score (HAZ, WAZ and MUACZ)",z-score,MEAN,Standard Deviation,GSK257049 - Menjugate [5-17M] Group,"HAZ, Month 44",,-1.2,0.9,,
NCT00866619,"Height, Weight and Mid Upper Arm Circumference for Age Z-score (HAZ, WAZ and MUACZ)",z-score,MEAN,Standard Deviation,VeroRab Comparator [5-17M] Group,"HAZ, Month 44",,-1.2,1.0,,
NCT00866619,"Height, Weight and Mid Upper Arm Circumference for Age Z-score (HAZ, WAZ and MUACZ)",z-score,MEAN,Standard Deviation,GSK257049 - GSK257049 [5-17M] Group,"WAZ, Month 44",,-0.9,0.9,,
NCT00866619,"Height, Weight and Mid Upper Arm Circumference for Age Z-score (HAZ, WAZ and MUACZ)",z-score,MEAN,Standard Deviation,GSK257049 - Menjugate [5-17M] Group,"WAZ, Month 44",,-1.0,0.9,,
NCT00866619,"Height, Weight and Mid Upper Arm Circumference for Age Z-score (HAZ, WAZ and MUACZ)",z-score,MEAN,Standard Deviation,VeroRab Comparator [5-17M] Group,"WAZ, Month 44",,-0.9,0.8,,
NCT00866619,"Height, Weight and Mid Upper Arm Circumference for Age Z-score (HAZ, WAZ and MUACZ)",z-score,MEAN,Standard Deviation,GSK257049 - GSK257049 [5-17M] Group,"MUACZ, Month 44",,-0.7,0.8,,
NCT00866619,"Height, Weight and Mid Upper Arm Circumference for Age Z-score (HAZ, WAZ and MUACZ)",z-score,MEAN,Standard Deviation,GSK257049 - Menjugate [5-17M] Group,"MUACZ, Month 44",,-0.7,0.9,,
NCT00866619,"Height, Weight and Mid Upper Arm Circumference for Age Z-score (HAZ, WAZ and MUACZ)",z-score,MEAN,Standard Deviation,VeroRab Comparator [5-17M] Group,"MUACZ, Month 44",,-0.6,0.8,,
NCT00866619,"Height, Weight and Mid Upper Arm Circumference for Age Z-score (HAZ, WAZ and MUACZ)",z-score,MEAN,Standard Deviation,GSK257049 - GSK257049 [5-17M] Group,"HAZ, Study end Early",,-1.3,1.0,,
NCT00866619,"Height, Weight and Mid Upper Arm Circumference for Age Z-score (HAZ, WAZ and MUACZ)",z-score,MEAN,Standard Deviation,GSK257049 - Menjugate [5-17M] Group,"HAZ, Study end Early",,-1.3,1.0,,
NCT00866619,"Height, Weight and Mid Upper Arm Circumference for Age Z-score (HAZ, WAZ and MUACZ)",z-score,MEAN,Standard Deviation,VeroRab Comparator [5-17M] Group,"HAZ, Study end Early",,-1.3,1.0,,
NCT00866619,"Height, Weight and Mid Upper Arm Circumference for Age Z-score (HAZ, WAZ and MUACZ)",z-score,MEAN,Standard Deviation,GSK257049 -GSK257049 [6-12W] Group,"HAZ, Study end Early",,-1.4,1.0,,
NCT00866619,"Height, Weight and Mid Upper Arm Circumference for Age Z-score (HAZ, WAZ and MUACZ)",z-score,MEAN,Standard Deviation,GSK257049 - Menjugate [6-12W] Group,"HAZ, Study end Early",,-1.4,1.0,,
NCT00866619,"Height, Weight and Mid Upper Arm Circumference for Age Z-score (HAZ, WAZ and MUACZ)",z-score,MEAN,Standard Deviation,Menjugate Comparator [6-12W] Group,"HAZ, Study end Early",,-1.4,1.0,,
NCT00866619,"Height, Weight and Mid Upper Arm Circumference for Age Z-score (HAZ, WAZ and MUACZ)",z-score,MEAN,Standard Deviation,GSK257049 - GSK257049 [5-17M] Group,"WAZ, Study end Early",,-1.0,0.8,,
NCT00866619,"Height, Weight and Mid Upper Arm Circumference for Age Z-score (HAZ, WAZ and MUACZ)",z-score,MEAN,Standard Deviation,GSK257049 - Menjugate [5-17M] Group,"WAZ, Study end Early",,-1.0,0.8,,
NCT00866619,"Height, Weight and Mid Upper Arm Circumference for Age Z-score (HAZ, WAZ and MUACZ)",z-score,MEAN,Standard Deviation,VeroRab Comparator [5-17M] Group,"WAZ, Study end Early",,-1.0,0.8,,
NCT00866619,"Height, Weight and Mid Upper Arm Circumference for Age Z-score (HAZ, WAZ and MUACZ)",z-score,MEAN,Standard Deviation,GSK257049 -GSK257049 [6-12W] Group,"WAZ, Study end Early",,-0.9,0.9,,
NCT00866619,"Height, Weight and Mid Upper Arm Circumference for Age Z-score (HAZ, WAZ and MUACZ)",z-score,MEAN,Standard Deviation,GSK257049 - Menjugate [6-12W] Group,"WAZ, Study end Early",,-0.9,0.9,,
NCT00866619,"Height, Weight and Mid Upper Arm Circumference for Age Z-score (HAZ, WAZ and MUACZ)",z-score,MEAN,Standard Deviation,Menjugate Comparator [6-12W] Group,"WAZ, Study end Early",,-0.9,0.9,,
NCT00866619,"Height, Weight and Mid Upper Arm Circumference for Age Z-score (HAZ, WAZ and MUACZ)",z-score,MEAN,Standard Deviation,GSK257049 - GSK257049 [5-17M] Group,"MUACZ, Study end Early",,-0.8,0.9,,
NCT00866619,"Height, Weight and Mid Upper Arm Circumference for Age Z-score (HAZ, WAZ and MUACZ)",z-score,MEAN,Standard Deviation,GSK257049 - Menjugate [5-17M] Group,"MUACZ, Study end Early",,-0.8,0.9,,
NCT00866619,"Height, Weight and Mid Upper Arm Circumference for Age Z-score (HAZ, WAZ and MUACZ)",z-score,MEAN,Standard Deviation,VeroRab Comparator [5-17M] Group,"MUACZ, Study end Early",,-0.8,0.8,,
NCT00866619,"Height, Weight and Mid Upper Arm Circumference for Age Z-score (HAZ, WAZ and MUACZ)",z-score,MEAN,Standard Deviation,GSK257049 -GSK257049 [6-12W] Group,"MUACZ, Study end Early",,-0.5,0.9,,
NCT00866619,"Height, Weight and Mid Upper Arm Circumference for Age Z-score (HAZ, WAZ and MUACZ)",z-score,MEAN,Standard Deviation,GSK257049 - Menjugate [6-12W] Group,"MUACZ, Study end Early",,-0.4,0.9,,
NCT00866619,"Height, Weight and Mid Upper Arm Circumference for Age Z-score (HAZ, WAZ and MUACZ)",z-score,MEAN,Standard Deviation,Menjugate Comparator [6-12W] Group,"MUACZ, Study end Early",,-0.5,0.9,,
NCT00866619,"Height, Weight and Mid Upper Arm Circumference for Age Z-score (HAZ, WAZ and MUACZ)",z-score,MEAN,Standard Deviation,GSK257049 - GSK257049 [5-17M] Group,"HAZ, Study end Late",,-1.0,0.9,,
NCT00866619,"Height, Weight and Mid Upper Arm Circumference for Age Z-score (HAZ, WAZ and MUACZ)",z-score,MEAN,Standard Deviation,GSK257049 - Menjugate [5-17M] Group,"HAZ, Study end Late",,-1.1,0.9,,
NCT00866619,"Height, Weight and Mid Upper Arm Circumference for Age Z-score (HAZ, WAZ and MUACZ)",z-score,MEAN,Standard Deviation,VeroRab Comparator [5-17M] Group,"HAZ, Study end Late",,-1.1,1.0,,
NCT00866619,"Height, Weight and Mid Upper Arm Circumference for Age Z-score (HAZ, WAZ and MUACZ)",z-score,MEAN,Standard Deviation,GSK257049 - GSK257049 [5-17M] Group,"WAZ, Study end Late",,-0.9,0.9,,
NCT00866619,"Height, Weight and Mid Upper Arm Circumference for Age Z-score (HAZ, WAZ and MUACZ)",z-score,MEAN,Standard Deviation,GSK257049 - Menjugate [5-17M] Group,"WAZ, Study end Late",,-1.0,0.9,,
NCT00866619,"Height, Weight and Mid Upper Arm Circumference for Age Z-score (HAZ, WAZ and MUACZ)",z-score,MEAN,Standard Deviation,VeroRab Comparator [5-17M] Group,"WAZ, Study end Late",,-1.0,0.8,,
NCT00866619,"Height, Weight and Mid Upper Arm Circumference for Age Z-score (HAZ, WAZ and MUACZ)",z-score,MEAN,Standard Deviation,GSK257049 - GSK257049 [5-17M] Group,"MUACZ, Study end Late",,-0.7,0.8,,
NCT00866619,"Height, Weight and Mid Upper Arm Circumference for Age Z-score (HAZ, WAZ and MUACZ)",z-score,MEAN,Standard Deviation,GSK257049 - Menjugate [5-17M] Group,"MUACZ, Study end Late",,-0.8,0.9,,
NCT00866619,"Height, Weight and Mid Upper Arm Circumference for Age Z-score (HAZ, WAZ and MUACZ)",z-score,MEAN,Standard Deviation,VeroRab Comparator [5-17M] Group,"MUACZ, Study end Late",,-0.7,0.8,,
NCT00883129,"Forced Vital Capacity (FVC), as a Percent of the Age, Height, Gender, and Ethnicity Adjusted Predicted Value",FVC %-pred,MEAN,95% Confidence Interval,Mycophenolate Arm,Baseline,,66.52,,64.55,68.49
NCT00883129,"Forced Vital Capacity (FVC), as a Percent of the Age, Height, Gender, and Ethnicity Adjusted Predicted Value",FVC %-pred,MEAN,95% Confidence Interval,Cyclophosphamide Arm,Baseline,,66.52,,64.22,68.82
NCT00883129,"Forced Vital Capacity (FVC), as a Percent of the Age, Height, Gender, and Ethnicity Adjusted Predicted Value",FVC %-pred,MEAN,95% Confidence Interval,Mycophenolate Arm,Month 3,,66.22,,64.08,69.42
NCT00883129,"Forced Vital Capacity (FVC), as a Percent of the Age, Height, Gender, and Ethnicity Adjusted Predicted Value",FVC %-pred,MEAN,95% Confidence Interval,Cyclophosphamide Arm,Month 3,,67.03,,64.64,69.42
NCT00883129,"Forced Vital Capacity (FVC), as a Percent of the Age, Height, Gender, and Ethnicity Adjusted Predicted Value",FVC %-pred,MEAN,95% Confidence Interval,Mycophenolate Arm,Month 6,,68.02,,65.55,70.49
NCT00883129,"Forced Vital Capacity (FVC), as a Percent of the Age, Height, Gender, and Ethnicity Adjusted Predicted Value",FVC %-pred,MEAN,95% Confidence Interval,Cyclophosphamide Arm,Month 6,,67.86,,65.27,70.45
NCT00883129,"Forced Vital Capacity (FVC), as a Percent of the Age, Height, Gender, and Ethnicity Adjusted Predicted Value",FVC %-pred,MEAN,95% Confidence Interval,Mycophenolate Arm,Month 9,,68.11,,65.55,70.67
NCT00883129,"Forced Vital Capacity (FVC), as a Percent of the Age, Height, Gender, and Ethnicity Adjusted Predicted Value",FVC %-pred,MEAN,95% Confidence Interval,Cyclophosphamide Arm,Month 9,,69.42,,66.34,72.50
NCT00883129,"Forced Vital Capacity (FVC), as a Percent of the Age, Height, Gender, and Ethnicity Adjusted Predicted Value",FVC %-pred,MEAN,95% Confidence Interval,Mycophenolate Arm,Month 12,,68.43,,65.48,71.38
NCT00883129,"Forced Vital Capacity (FVC), as a Percent of the Age, Height, Gender, and Ethnicity Adjusted Predicted Value",FVC %-pred,MEAN,95% Confidence Interval,Cyclophosphamide Arm,Month 12,,69.86,,66.82,72.90
NCT00883129,"Forced Vital Capacity (FVC), as a Percent of the Age, Height, Gender, and Ethnicity Adjusted Predicted Value",FVC %-pred,MEAN,95% Confidence Interval,Mycophenolate Arm,Month 15,,69.84,,67.14,72.54
NCT00883129,"Forced Vital Capacity (FVC), as a Percent of the Age, Height, Gender, and Ethnicity Adjusted Predicted Value",FVC %-pred,MEAN,95% Confidence Interval,Cyclophosphamide Arm,Month 15,,71.94,,68.40,75.48
NCT00883129,"Forced Vital Capacity (FVC), as a Percent of the Age, Height, Gender, and Ethnicity Adjusted Predicted Value",FVC %-pred,MEAN,95% Confidence Interval,Mycophenolate Arm,Month 18,,70.57,,67.57,73.57
NCT00883129,"Forced Vital Capacity (FVC), as a Percent of the Age, Height, Gender, and Ethnicity Adjusted Predicted Value",FVC %-pred,MEAN,95% Confidence Interval,Cyclophosphamide Arm,Month 18,,72.57,,69.53,75.61
NCT00883129,"Forced Vital Capacity (FVC), as a Percent of the Age, Height, Gender, and Ethnicity Adjusted Predicted Value",FVC %-pred,MEAN,95% Confidence Interval,Mycophenolate Arm,Month 21,,70.87,,67.91,73.83
NCT00883129,"Forced Vital Capacity (FVC), as a Percent of the Age, Height, Gender, and Ethnicity Adjusted Predicted Value",FVC %-pred,MEAN,95% Confidence Interval,Cyclophosphamide Arm,Month 21,,72.55,,69.18,75.92
NCT00883129,"Forced Vital Capacity (FVC), as a Percent of the Age, Height, Gender, and Ethnicity Adjusted Predicted Value",FVC %-pred,MEAN,95% Confidence Interval,Mycophenolate Arm,Month 24,,69.65,,66.53,72.77
NCT00883129,"Forced Vital Capacity (FVC), as a Percent of the Age, Height, Gender, and Ethnicity Adjusted Predicted Value",FVC %-pred,MEAN,95% Confidence Interval,Cyclophosphamide Arm,Month 24,,70.15,,66.88,73.42
NCT00883129,"Total Lung Capacity (TLC), as a Percent of the Age, Height, Gender, and Ethnicity Adjusted Predicted Value",TLC %-pred,MEAN,95% Confidence Interval,Mycophenolate Arm,Baseline,,66.16,,63.74,68.58
NCT00883129,"Total Lung Capacity (TLC), as a Percent of the Age, Height, Gender, and Ethnicity Adjusted Predicted Value",TLC %-pred,MEAN,95% Confidence Interval,Cyclophosphamide Arm,Baseline,,65.49,,62.72,68.26
NCT00883129,"Total Lung Capacity (TLC), as a Percent of the Age, Height, Gender, and Ethnicity Adjusted Predicted Value",TLC %-pred,MEAN,95% Confidence Interval,Mycophenolate Arm,Month 6,,67.84,,65.35,70.33
NCT00883129,"Total Lung Capacity (TLC), as a Percent of the Age, Height, Gender, and Ethnicity Adjusted Predicted Value",TLC %-pred,MEAN,95% Confidence Interval,Cyclophosphamide Arm,Month 6,,67.39,,64.30,70.48
NCT00883129,"Total Lung Capacity (TLC), as a Percent of the Age, Height, Gender, and Ethnicity Adjusted Predicted Value",TLC %-pred,MEAN,95% Confidence Interval,Mycophenolate Arm,Month 12,,67.31,,64.45,70.17
NCT00883129,"Total Lung Capacity (TLC), as a Percent of the Age, Height, Gender, and Ethnicity Adjusted Predicted Value",TLC %-pred,MEAN,95% Confidence Interval,Cyclophosphamide Arm,Month 12,,68.25,,64.93,71.57
NCT00883129,"Total Lung Capacity (TLC), as a Percent of the Age, Height, Gender, and Ethnicity Adjusted Predicted Value",TLC %-pred,MEAN,95% Confidence Interval,Mycophenolate Arm,Month 18,,68.50,,65.45,71.55
NCT00883129,"Total Lung Capacity (TLC), as a Percent of the Age, Height, Gender, and Ethnicity Adjusted Predicted Value",TLC %-pred,MEAN,95% Confidence Interval,Cyclophosphamide Arm,Month 18,,69.63,,65.65,73.61
NCT00883129,"Total Lung Capacity (TLC), as a Percent of the Age, Height, Gender, and Ethnicity Adjusted Predicted Value",TLC %-pred,MEAN,95% Confidence Interval,Mycophenolate Arm,Month 24,,68.24,,64.99,71.49
NCT00883129,"Total Lung Capacity (TLC), as a Percent of the Age, Height, Gender, and Ethnicity Adjusted Predicted Value",TLC %-pred,MEAN,95% Confidence Interval,Cyclophosphamide Arm,Month 24,,66.97,,63.42,70.52
NCT00883129,"Single-breath Diffusing Capacity for Carbon Monoxide (DLCO), as a Percent of the Age, Height, Gender, and Ethnicity Adjusted Predicted Value",DLCO %-pred,MEAN,95% Confidence Interval,Mycophenolate Arm,Baseline,,53.99,,51.35,56.63
NCT00883129,"Single-breath Diffusing Capacity for Carbon Monoxide (DLCO), as a Percent of the Age, Height, Gender, and Ethnicity Adjusted Predicted Value",DLCO %-pred,MEAN,95% Confidence Interval,Cyclophosphamide Arm,Baseline,,54.05,,50.80,57.30
NCT00883129,"Single-breath Diffusing Capacity for Carbon Monoxide (DLCO), as a Percent of the Age, Height, Gender, and Ethnicity Adjusted Predicted Value",DLCO %-pred,MEAN,95% Confidence Interval,Mycophenolate Arm,Month 3,,53.38,,50.48,56.28
NCT00883129,"Single-breath Diffusing Capacity for Carbon Monoxide (DLCO), as a Percent of the Age, Height, Gender, and Ethnicity Adjusted Predicted Value",DLCO %-pred,MEAN,95% Confidence Interval,Cyclophosphamide Arm,Month 3,,51.92,,48.34,55.50
NCT00883129,"Single-breath Diffusing Capacity for Carbon Monoxide (DLCO), as a Percent of the Age, Height, Gender, and Ethnicity Adjusted Predicted Value",DLCO %-pred,MEAN,95% Confidence Interval,Mycophenolate Arm,Month 6,,54.86,,51.27,58.45
NCT00883129,"Single-breath Diffusing Capacity for Carbon Monoxide (DLCO), as a Percent of the Age, Height, Gender, and Ethnicity Adjusted Predicted Value",DLCO %-pred,MEAN,95% Confidence Interval,Cyclophosphamide Arm,Month 6,,50.87,,46.84,56.28
NCT00883129,"Single-breath Diffusing Capacity for Carbon Monoxide (DLCO), as a Percent of the Age, Height, Gender, and Ethnicity Adjusted Predicted Value",DLCO %-pred,MEAN,95% Confidence Interval,Mycophenolate Arm,Month 9,,54.13,,50.50,57.76
NCT00883129,"Single-breath Diffusing Capacity for Carbon Monoxide (DLCO), as a Percent of the Age, Height, Gender, and Ethnicity Adjusted Predicted Value",DLCO %-pred,MEAN,95% Confidence Interval,Cyclophosphamide Arm,Month 9,,51.55,,47.09,56.01
NCT00883129,"Single-breath Diffusing Capacity for Carbon Monoxide (DLCO), as a Percent of the Age, Height, Gender, and Ethnicity Adjusted Predicted Value",DLCO %-pred,MEAN,95% Confidence Interval,Mycophenolate Arm,Month 12,,55.32,,51.31,59.33
NCT00883129,"Single-breath Diffusing Capacity for Carbon Monoxide (DLCO), as a Percent of the Age, Height, Gender, and Ethnicity Adjusted Predicted Value",DLCO %-pred,MEAN,95% Confidence Interval,Cyclophosphamide Arm,Month 12,,53.12,,48.38,57.86
NCT00883129,"Single-breath Diffusing Capacity for Carbon Monoxide (DLCO), as a Percent of the Age, Height, Gender, and Ethnicity Adjusted Predicted Value",DLCO %-pred,MEAN,95% Confidence Interval,Mycophenolate Arm,Month 15,,57.77,,54.20,61.34
NCT00883129,"Single-breath Diffusing Capacity for Carbon Monoxide (DLCO), as a Percent of the Age, Height, Gender, and Ethnicity Adjusted Predicted Value",DLCO %-pred,MEAN,95% Confidence Interval,Cyclophosphamide Arm,Month 15,,53.62,,48.29,58.95
NCT00883129,"Single-breath Diffusing Capacity for Carbon Monoxide (DLCO), as a Percent of the Age, Height, Gender, and Ethnicity Adjusted Predicted Value",DLCO %-pred,MEAN,95% Confidence Interval,Mycophenolate Arm,Month 18,,56.62,,52.84,60.40
NCT00883129,"Single-breath Diffusing Capacity for Carbon Monoxide (DLCO), as a Percent of the Age, Height, Gender, and Ethnicity Adjusted Predicted Value",DLCO %-pred,MEAN,95% Confidence Interval,Cyclophosphamide Arm,Month 18,,55.9,,50.82,60.98
NCT00883129,"Single-breath Diffusing Capacity for Carbon Monoxide (DLCO), as a Percent of the Age, Height, Gender, and Ethnicity Adjusted Predicted Value",DLCO %-pred,MEAN,95% Confidence Interval,Mycophenolate Arm,Month 21,,55.47,,51.39,59.55
NCT00883129,"Single-breath Diffusing Capacity for Carbon Monoxide (DLCO), as a Percent of the Age, Height, Gender, and Ethnicity Adjusted Predicted Value",DLCO %-pred,MEAN,95% Confidence Interval,Cyclophosphamide Arm,Month 21,,54.26,,49.29,59.23
NCT00883129,"Single-breath Diffusing Capacity for Carbon Monoxide (DLCO), as a Percent of the Age, Height, Gender, and Ethnicity Adjusted Predicted Value",DLCO %-pred,MEAN,95% Confidence Interval,Mycophenolate Arm,Month 24,,55.31,,51.64,58.98
NCT00883129,"Single-breath Diffusing Capacity for Carbon Monoxide (DLCO), as a Percent of the Age, Height, Gender, and Ethnicity Adjusted Predicted Value",DLCO %-pred,MEAN,95% Confidence Interval,Cyclophosphamide Arm,Month 24,,52.90,,48.71,57.09
NCT00891046,Change From Baseline in Growth Velocity Parameter for Height to Last Assessment of Study,Percentile,MEDIAN,Full Range,ACZ885 Treatment Naive,,,-0.01,,-66.18,47.06
NCT00891046,Change From Baseline in Growth Velocity Parameter for Height to Last Assessment of Study,Percentile,MEDIAN,Full Range,ACZ885 Treated,,,0,,-37.94,37.12
NCT00891046,Change From Baseline in Growth Velocity Parameters to Last Assessment of Study,Percentile,MEDIAN,Full Range,ACZ885 Treatment Naive,,,0.1,,-47.35,82.84
NCT00891046,Change From Baseline in Growth Velocity Parameters to Last Assessment of Study,Percentile,MEDIAN,Full Range,ACZ885 Treated,,,0,,-62.49,56.87
NCT00891046,Change From Baseline in Growth Velocity Parameter for BMI to Last Assessment of Study,Percentile,MEDIAN,Full Range,ACZ885 Treatment Naive,,,1.08,,-66.95,76.3
NCT00891046,Change From Baseline in Growth Velocity Parameter for BMI to Last Assessment of Study,Percentile,MEDIAN,Full Range,ACZ885 Treated,,,-0.77,,-72.88,88.47
NCT00909844,Auxological Parameters Variations: Height SD Score,SD score,MEAN,Standard Deviation,Triptorelin Pamoate 11.25 mg,Change from Pretreatment at Baseline,,0.09,0.14,,
NCT00909844,Auxological Parameters Variations: Height SD Score,SD score,MEAN,Standard Deviation,Triptorelin Pamoate 11.25 mg,Change from Pretreatment at Month 12,,-0.05,0.25,,
NCT00909844,Auxological Parameters Variations: Height SD Score,SD score,MEAN,Standard Deviation,Triptorelin Pamoate 11.25 mg,Change from Pretreatment at Month 24,,-0.24,0.43,,
NCT00909844,Auxological Parameters Variations: Height SD Score,SD score,MEAN,Standard Deviation,Triptorelin Pamoate 11.25 mg,Change from Pretreatment at Month 36,,-0.83,1.00,,
NCT00909844,Auxological Parameters Variations: Height SD Score,SD score,MEAN,Standard Deviation,Triptorelin Pamoate 11.25 mg,Change from Pretreatment at Month 48,,-1.68,0.43,,
NCT00909844,Auxological Parameters Variations: Height SD Score,SD score,MEAN,Standard Deviation,Triptorelin Pamoate 11.25 mg,Change from Pretreatment at Final Visit,,-0.36,0.53,,
NCT00909844,Auxological Parameters Variations: Height SD Score,SD score,MEAN,Standard Deviation,Triptorelin Pamoate 11.25 mg,Change from Baseline at Month 12,,-0.12,0.22,,
NCT00909844,Auxological Parameters Variations: Height SD Score,SD score,MEAN,Standard Deviation,Triptorelin Pamoate 11.25 mg,Change from Baseline at Month 24,,-0.27,0.43,,
NCT00909844,Auxological Parameters Variations: Height SD Score,SD score,MEAN,Standard Deviation,Triptorelin Pamoate 11.25 mg,Change from Baseline at Month 36,,-0.96,0.74,,
NCT00909844,Auxological Parameters Variations: Height SD Score,SD score,MEAN,Standard Deviation,Triptorelin Pamoate 11.25 mg,Change from Baseline at Month 48,,-1.65,0.38,,
NCT00909844,Auxological Parameters Variations: Height SD Score,SD score,MEAN,Standard Deviation,Triptorelin Pamoate 11.25 mg,Change from Baseline at Final Visit,,-0.43,0.50,,
NCT00909844,Auxological Parameters Variations: Growth Velocity SD Score,SD score,MEAN,Standard Deviation,Triptorelin Pamoate 11.25 mg,Change from Pretreatment at Baseline,,-1.85,2.10,,
NCT00909844,Auxological Parameters Variations: Growth Velocity SD Score,SD score,MEAN,Standard Deviation,Triptorelin Pamoate 11.25 mg,Change from Pretreatment at Month 12,,-2.44,2.08,,
NCT00909844,Auxological Parameters Variations: Growth Velocity SD Score,SD score,MEAN,Standard Deviation,Triptorelin Pamoate 11.25 mg,Change from Pretreatment at Month 24,,-3.18,2.76,,
NCT00909844,Auxological Parameters Variations: Growth Velocity SD Score,SD score,MEAN,Standard Deviation,Triptorelin Pamoate 11.25 mg,Change from Pretreatment at Month 36,,-6.97,5.85,,
NCT00909844,Auxological Parameters Variations: Growth Velocity SD Score,SD score,MEAN,Standard Deviation,Triptorelin Pamoate 11.25 mg,Change from Pretreatment at Month 48,,-6.96,5.79,,
NCT00909844,Auxological Parameters Variations: Growth Velocity SD Score,SD score,MEAN,Standard Deviation,Triptorelin Pamoate 11.25 mg,Change from Pretreatment at Final Visit,,-2.70,2.47,,
NCT00909844,Auxological Parameters Variations: Growth Velocity SD Score,SD score,MEAN,Standard Deviation,Triptorelin Pamoate 11.25 mg,Change from Baseline at Month 12,,-1.06,1.44,,
NCT00909844,Auxological Parameters Variations: Growth Velocity SD Score,SD score,MEAN,Standard Deviation,Triptorelin Pamoate 11.25 mg,Change from Baseline at Month 24,,-0.92,1.50,,
NCT00909844,Auxological Parameters Variations: Growth Velocity SD Score,SD score,MEAN,Standard Deviation,Triptorelin Pamoate 11.25 mg,Change from Baseline at Month 36,,-2.79,1.18,,
NCT00909844,Auxological Parameters Variations: Growth Velocity SD Score,SD score,MEAN,Standard Deviation,Triptorelin Pamoate 11.25 mg,Change from Baseline at Month 48,,-2.65,1.01,,
NCT00909844,Auxological Parameters Variations: Growth Velocity SD Score,SD score,MEAN,Standard Deviation,Triptorelin Pamoate 11.25 mg,Change from Baseline at Final Visit,,-1.09,1.30,,
NCT00909844,Predicted Adult Height SD Score,SD score,MEAN,Standard Deviation,Triptorelin Pamoate 11.25 mg,Change from Pretreatment at Baseline,,0.31,0.18,,
NCT00909844,Predicted Adult Height SD Score,SD score,MEAN,Standard Deviation,Triptorelin Pamoate 11.25 mg,Change from Pretreatment at Month 12,,0.82,NA,,
NCT00909844,Predicted Adult Height SD Score,SD score,MEAN,Standard Deviation,Triptorelin Pamoate 11.25 mg,Change from Pretreatment at Final Visit,,2.13,0.87,,
NCT00909844,Predicted Adult Height SD Score,SD score,MEAN,Standard Deviation,Triptorelin Pamoate 11.25 mg,Change from Baseline at Final Visit,,1.83,0.64,,
NCT00909844,Bone Age Maturation,years,MEAN,Standard Deviation,Triptorelin Pamoate 11.25 mg,Change from Pretreatment at Baseline,,-0.16,0.53,,
NCT00909844,Bone Age Maturation,years,MEAN,Standard Deviation,Triptorelin Pamoate 11.25 mg,Change from Pretreatment at Final Visit,,-1.61,1.04,,
NCT00909844,Bone Age Maturation,years,MEAN,Standard Deviation,Triptorelin Pamoate 11.25 mg,Change from Baseline at Final Visit,,-1.69,0.85,,
NCT00921557,"Effect of Other Known Bone Mineral Determinants (Age, Gender, Race/Ethnicity, Steroid Use, Depo-Provera, Tenofovir, Pubertal Stage, Bone Age, Vitamin D Status) and Inflammatory Cytokine Levels on Changes in Lumbar Spine BMD",percentage of baseline,MEAN,95% Confidence Interval,1: Alendronate,Male,,20.3,,13.0,27.6
NCT00921557,"Effect of Other Known Bone Mineral Determinants (Age, Gender, Race/Ethnicity, Steroid Use, Depo-Provera, Tenofovir, Pubertal Stage, Bone Age, Vitamin D Status) and Inflammatory Cytokine Levels on Changes in Lumbar Spine BMD",percentage of baseline,MEAN,95% Confidence Interval,2: Placebo,Male,,6.8,,4.7,8.8
NCT00921557,"Effect of Other Known Bone Mineral Determinants (Age, Gender, Race/Ethnicity, Steroid Use, Depo-Provera, Tenofovir, Pubertal Stage, Bone Age, Vitamin D Status) and Inflammatory Cytokine Levels on Changes in Lumbar Spine BMD",percentage of baseline,MEAN,95% Confidence Interval,1: Alendronate,Female,,25.4,,13.3,37.5
NCT00921557,"Effect of Other Known Bone Mineral Determinants (Age, Gender, Race/Ethnicity, Steroid Use, Depo-Provera, Tenofovir, Pubertal Stage, Bone Age, Vitamin D Status) and Inflammatory Cytokine Levels on Changes in Lumbar Spine BMD",percentage of baseline,MEAN,95% Confidence Interval,2: Placebo,Female,,9.4,,-0.1,18.9
NCT00921557,"Effect of Other Known Bone Mineral Determinants (Age, Gender, Race/Ethnicity, Steroid Use, Depo-Provera, Tenofovir, Pubertal Stage, Bone Age, Vitamin D Status) and Inflammatory Cytokine Levels on Changes in Lumbar Spine BMD",percentage of baseline,MEAN,95% Confidence Interval,1: Alendronate,Non-hispanic,,19.4,,7.6,31.1
NCT00921557,"Effect of Other Known Bone Mineral Determinants (Age, Gender, Race/Ethnicity, Steroid Use, Depo-Provera, Tenofovir, Pubertal Stage, Bone Age, Vitamin D Status) and Inflammatory Cytokine Levels on Changes in Lumbar Spine BMD",percentage of baseline,MEAN,95% Confidence Interval,2: Placebo,Non-hispanic,,4.8,,-1.4,11.1
NCT00921557,"Effect of Other Known Bone Mineral Determinants (Age, Gender, Race/Ethnicity, Steroid Use, Depo-Provera, Tenofovir, Pubertal Stage, Bone Age, Vitamin D Status) and Inflammatory Cytokine Levels on Changes in Lumbar Spine BMD",percentage of baseline,MEAN,95% Confidence Interval,1: Alendronate,Hispanic,,23.6,,16.3,31.0
NCT00921557,"Effect of Other Known Bone Mineral Determinants (Age, Gender, Race/Ethnicity, Steroid Use, Depo-Provera, Tenofovir, Pubertal Stage, Bone Age, Vitamin D Status) and Inflammatory Cytokine Levels on Changes in Lumbar Spine BMD",percentage of baseline,MEAN,95% Confidence Interval,2: Placebo,Hispanic,,7.8,,5.2,10.5
NCT00921557,"Effect of Other Known Bone Mineral Determinants (Age, Gender, Race/Ethnicity, Steroid Use, Depo-Provera, Tenofovir, Pubertal Stage, Bone Age, Vitamin D Status) and Inflammatory Cytokine Levels on Changes in Lumbar Spine BMD",percentage of baseline,MEAN,95% Confidence Interval,1: Alendronate,11 - < 15 years,,37.1,,27.7,46.5
NCT00921557,"Effect of Other Known Bone Mineral Determinants (Age, Gender, Race/Ethnicity, Steroid Use, Depo-Provera, Tenofovir, Pubertal Stage, Bone Age, Vitamin D Status) and Inflammatory Cytokine Levels on Changes in Lumbar Spine BMD",percentage of baseline,MEAN,95% Confidence Interval,2: Placebo,11 - < 15 years,,10.6,,5.6,15.7
NCT00921557,"Effect of Other Known Bone Mineral Determinants (Age, Gender, Race/Ethnicity, Steroid Use, Depo-Provera, Tenofovir, Pubertal Stage, Bone Age, Vitamin D Status) and Inflammatory Cytokine Levels on Changes in Lumbar Spine BMD",percentage of baseline,MEAN,95% Confidence Interval,1: Alendronate,15 - < 19 years,,16.5,,9.6,23.4
NCT00921557,"Effect of Other Known Bone Mineral Determinants (Age, Gender, Race/Ethnicity, Steroid Use, Depo-Provera, Tenofovir, Pubertal Stage, Bone Age, Vitamin D Status) and Inflammatory Cytokine Levels on Changes in Lumbar Spine BMD",percentage of baseline,MEAN,95% Confidence Interval,2: Placebo,15 - < 19 years,,8.0,,5.8,10.1
NCT00921557,"Effect of Other Known Bone Mineral Determinants (Age, Gender, Race/Ethnicity, Steroid Use, Depo-Provera, Tenofovir, Pubertal Stage, Bone Age, Vitamin D Status) and Inflammatory Cytokine Levels on Changes in Lumbar Spine BMD",percentage of baseline,MEAN,95% Confidence Interval,1: Alendronate,>= 19 years,,8.1,,-0.7,16.9
NCT00921557,"Effect of Other Known Bone Mineral Determinants (Age, Gender, Race/Ethnicity, Steroid Use, Depo-Provera, Tenofovir, Pubertal Stage, Bone Age, Vitamin D Status) and Inflammatory Cytokine Levels on Changes in Lumbar Spine BMD",percentage of baseline,MEAN,95% Confidence Interval,2: Placebo,>= 19 years,,1.9,,-4.4,8.2
NCT00921557,"Effect of Other Known Bone Mineral Determinants (Age, Gender, Race/Ethnicity, Steroid Use, Depo-Provera, Tenofovir, Pubertal Stage, Bone Age, Vitamin D Status) and Inflammatory Cytokine Levels on Changes in Lumbar Spine BMD",percentage of baseline,MEAN,95% Confidence Interval,1: Alendronate,On Tenofovir,,24.8,,15.1,34.5
NCT00921557,"Effect of Other Known Bone Mineral Determinants (Age, Gender, Race/Ethnicity, Steroid Use, Depo-Provera, Tenofovir, Pubertal Stage, Bone Age, Vitamin D Status) and Inflammatory Cytokine Levels on Changes in Lumbar Spine BMD",percentage of baseline,MEAN,95% Confidence Interval,2: Placebo,On Tenofovir,,6.8,,3.6,10.0
NCT00921557,"Effect of Other Known Bone Mineral Determinants (Age, Gender, Race/Ethnicity, Steroid Use, Depo-Provera, Tenofovir, Pubertal Stage, Bone Age, Vitamin D Status) and Inflammatory Cytokine Levels on Changes in Lumbar Spine BMD",percentage of baseline,MEAN,95% Confidence Interval,1: Alendronate,Not on Tenofovir,,19.9,,11.6,28.2
NCT00921557,"Effect of Other Known Bone Mineral Determinants (Age, Gender, Race/Ethnicity, Steroid Use, Depo-Provera, Tenofovir, Pubertal Stage, Bone Age, Vitamin D Status) and Inflammatory Cytokine Levels on Changes in Lumbar Spine BMD",percentage of baseline,MEAN,95% Confidence Interval,2: Placebo,Not on Tenofovir,,8.2,,3.9,12.5
NCT00921557,"Effect of Other Known Bone Mineral Determinants (Age, Gender, Race/Ethnicity, Steroid Use, Depo-Provera, Tenofovir, Pubertal Stage, Bone Age, Vitamin D Status) and Inflammatory Cytokine Levels on Changes in Lumbar Spine BMD",percentage of baseline,MEAN,95% Confidence Interval,1: Alendronate,25-OH Vit D<30 ng/ml,,22.0,,13.5,30.4
NCT00921557,"Effect of Other Known Bone Mineral Determinants (Age, Gender, Race/Ethnicity, Steroid Use, Depo-Provera, Tenofovir, Pubertal Stage, Bone Age, Vitamin D Status) and Inflammatory Cytokine Levels on Changes in Lumbar Spine BMD",percentage of baseline,MEAN,95% Confidence Interval,2: Placebo,25-OH Vit D<30 ng/ml,,6.8,,1.9,11.7
NCT00921557,"Effect of Other Known Bone Mineral Determinants (Age, Gender, Race/Ethnicity, Steroid Use, Depo-Provera, Tenofovir, Pubertal Stage, Bone Age, Vitamin D Status) and Inflammatory Cytokine Levels on Changes in Lumbar Spine BMD",percentage of baseline,MEAN,95% Confidence Interval,1: Alendronate,25-0H Vit D>=30 ng/ml,,22.1,,13.5,30.8
NCT00921557,"Effect of Other Known Bone Mineral Determinants (Age, Gender, Race/Ethnicity, Steroid Use, Depo-Provera, Tenofovir, Pubertal Stage, Bone Age, Vitamin D Status) and Inflammatory Cytokine Levels on Changes in Lumbar Spine BMD",percentage of baseline,MEAN,95% Confidence Interval,2: Placebo,25-0H Vit D>=30 ng/ml,,7.8,,4.6,11.0
NCT00921557,"Effect of Other Known Bone Mineral Determinants (Age, Gender, Race/Ethnicity, Steroid Use, Depo-Provera, Tenofovir, Pubertal Stage, Bone Age, Vitamin D Status) and Inflammatory Cytokine Levels on Changes in Lumbar Spine BMD",percentage of baseline,MEAN,95% Confidence Interval,1: Alendronate,Bone age < 15 years,,36.0,,28.1,43.9
NCT00921557,"Effect of Other Known Bone Mineral Determinants (Age, Gender, Race/Ethnicity, Steroid Use, Depo-Provera, Tenofovir, Pubertal Stage, Bone Age, Vitamin D Status) and Inflammatory Cytokine Levels on Changes in Lumbar Spine BMD",percentage of baseline,MEAN,95% Confidence Interval,2: Placebo,Bone age < 15 years,,10.0,,6.9,13.0
NCT00921557,"Effect of Other Known Bone Mineral Determinants (Age, Gender, Race/Ethnicity, Steroid Use, Depo-Provera, Tenofovir, Pubertal Stage, Bone Age, Vitamin D Status) and Inflammatory Cytokine Levels on Changes in Lumbar Spine BMD",percentage of baseline,MEAN,95% Confidence Interval,1: Alendronate,Bone age>=15 years,,11.3,,7.6,15.1
NCT00921557,"Effect of Other Known Bone Mineral Determinants (Age, Gender, Race/Ethnicity, Steroid Use, Depo-Provera, Tenofovir, Pubertal Stage, Bone Age, Vitamin D Status) and Inflammatory Cytokine Levels on Changes in Lumbar Spine BMD",percentage of baseline,MEAN,95% Confidence Interval,2: Placebo,Bone age>=15 years,,5.0,,1.6,8.4
NCT00921557,"Effect of Other Known Bone Mineral Determinants (Age, Gender, Race/Ethnicity, Steroid Use, Depo-Provera, Tenofovir, Pubertal Stage, Bone Age, Vitamin D Status) and Inflammatory Cytokine Levels on Changes in Lumbar Spine BMD",percentage of baseline,MEAN,95% Confidence Interval,1: Alendronate,Tanner stage <= 3,,33.0,,22.7,43.3
NCT00921557,"Effect of Other Known Bone Mineral Determinants (Age, Gender, Race/Ethnicity, Steroid Use, Depo-Provera, Tenofovir, Pubertal Stage, Bone Age, Vitamin D Status) and Inflammatory Cytokine Levels on Changes in Lumbar Spine BMD",percentage of baseline,MEAN,95% Confidence Interval,2: Placebo,Tanner stage <= 3,,10.6,,5.6,15.7
NCT00921557,"Effect of Other Known Bone Mineral Determinants (Age, Gender, Race/Ethnicity, Steroid Use, Depo-Provera, Tenofovir, Pubertal Stage, Bone Age, Vitamin D Status) and Inflammatory Cytokine Levels on Changes in Lumbar Spine BMD",percentage of baseline,MEAN,95% Confidence Interval,1: Alendronate,Tanner stage >= 4,,15.4,,9.2,21.6
NCT00921557,"Effect of Other Known Bone Mineral Determinants (Age, Gender, Race/Ethnicity, Steroid Use, Depo-Provera, Tenofovir, Pubertal Stage, Bone Age, Vitamin D Status) and Inflammatory Cytokine Levels on Changes in Lumbar Spine BMD",percentage of baseline,MEAN,95% Confidence Interval,2: Placebo,Tanner stage >= 4,,5.9,,3.3,8.6
NCT00921557,"Effect of Other Known Bone Mineral Determinants (Age, Gender, Race/Ethnicity, Steroid Use, Depo-Provera, Tenofovir, Pubertal Stage, Bone Age, Vitamin D Status) and Inflammatory Cytokine Levels on Changes in Whole Body (With Head) BMD.",percentage of baseline,MEAN,95% Confidence Interval,1: Alendronate,Male,,11.4,,7.4,15.3
NCT00921557,"Effect of Other Known Bone Mineral Determinants (Age, Gender, Race/Ethnicity, Steroid Use, Depo-Provera, Tenofovir, Pubertal Stage, Bone Age, Vitamin D Status) and Inflammatory Cytokine Levels on Changes in Whole Body (With Head) BMD.",percentage of baseline,MEAN,95% Confidence Interval,2: Placebo,Male,,4.1,,1.1,7.1
NCT00921557,"Effect of Other Known Bone Mineral Determinants (Age, Gender, Race/Ethnicity, Steroid Use, Depo-Provera, Tenofovir, Pubertal Stage, Bone Age, Vitamin D Status) and Inflammatory Cytokine Levels on Changes in Whole Body (With Head) BMD.",percentage of baseline,MEAN,95% Confidence Interval,1: Alendronate,Female,,14.0,,6.0,22.0
NCT00921557,"Effect of Other Known Bone Mineral Determinants (Age, Gender, Race/Ethnicity, Steroid Use, Depo-Provera, Tenofovir, Pubertal Stage, Bone Age, Vitamin D Status) and Inflammatory Cytokine Levels on Changes in Whole Body (With Head) BMD.",percentage of baseline,MEAN,95% Confidence Interval,2: Placebo,Female,,8.2,,1.6,14.7
NCT00921557,"Effect of Other Known Bone Mineral Determinants (Age, Gender, Race/Ethnicity, Steroid Use, Depo-Provera, Tenofovir, Pubertal Stage, Bone Age, Vitamin D Status) and Inflammatory Cytokine Levels on Changes in Whole Body (With Head) BMD.",percentage of baseline,MEAN,95% Confidence Interval,1: Alendronate,Non-Hispanic,,9.8,,2.7,17.0
NCT00921557,"Effect of Other Known Bone Mineral Determinants (Age, Gender, Race/Ethnicity, Steroid Use, Depo-Provera, Tenofovir, Pubertal Stage, Bone Age, Vitamin D Status) and Inflammatory Cytokine Levels on Changes in Whole Body (With Head) BMD.",percentage of baseline,MEAN,95% Confidence Interval,2: Placebo,Non-Hispanic,,0.3,,-4.4,4.9
NCT00921557,"Effect of Other Known Bone Mineral Determinants (Age, Gender, Race/Ethnicity, Steroid Use, Depo-Provera, Tenofovir, Pubertal Stage, Bone Age, Vitamin D Status) and Inflammatory Cytokine Levels on Changes in Whole Body (With Head) BMD.",percentage of baseline,MEAN,95% Confidence Interval,1: Alendronate,Hispanic,,13.9,,10.0,17.7
NCT00921557,"Effect of Other Known Bone Mineral Determinants (Age, Gender, Race/Ethnicity, Steroid Use, Depo-Provera, Tenofovir, Pubertal Stage, Bone Age, Vitamin D Status) and Inflammatory Cytokine Levels on Changes in Whole Body (With Head) BMD.",percentage of baseline,MEAN,95% Confidence Interval,2: Placebo,Hispanic,,6.1,,3.3,8.9
NCT00921557,"Effect of Other Known Bone Mineral Determinants (Age, Gender, Race/Ethnicity, Steroid Use, Depo-Provera, Tenofovir, Pubertal Stage, Bone Age, Vitamin D Status) and Inflammatory Cytokine Levels on Changes in Whole Body (With Head) BMD.",percentage of baseline,MEAN,95% Confidence Interval,1: Alendronate,11 - < 15 years,,19.2,,12.9,25.5
NCT00921557,"Effect of Other Known Bone Mineral Determinants (Age, Gender, Race/Ethnicity, Steroid Use, Depo-Provera, Tenofovir, Pubertal Stage, Bone Age, Vitamin D Status) and Inflammatory Cytokine Levels on Changes in Whole Body (With Head) BMD.",percentage of baseline,MEAN,95% Confidence Interval,2: Placebo,11 - < 15 years,,8.0,,2.9,13.2
NCT00921557,"Effect of Other Known Bone Mineral Determinants (Age, Gender, Race/Ethnicity, Steroid Use, Depo-Provera, Tenofovir, Pubertal Stage, Bone Age, Vitamin D Status) and Inflammatory Cytokine Levels on Changes in Whole Body (With Head) BMD.",percentage of baseline,MEAN,95% Confidence Interval,1: Alendronate,15 - < 19 years,,10.5,,6.1,14.9
NCT00921557,"Effect of Other Known Bone Mineral Determinants (Age, Gender, Race/Ethnicity, Steroid Use, Depo-Provera, Tenofovir, Pubertal Stage, Bone Age, Vitamin D Status) and Inflammatory Cytokine Levels on Changes in Whole Body (With Head) BMD.",percentage of baseline,MEAN,95% Confidence Interval,2: Placebo,15 - < 19 years,,6.5,,3.0,10.0
NCT00921557,"Effect of Other Known Bone Mineral Determinants (Age, Gender, Race/Ethnicity, Steroid Use, Depo-Provera, Tenofovir, Pubertal Stage, Bone Age, Vitamin D Status) and Inflammatory Cytokine Levels on Changes in Whole Body (With Head) BMD.",percentage of baseline,MEAN,95% Confidence Interval,1: Alendronate,>= 19 years,,4.7,,-2.0,11.4
NCT00921557,"Effect of Other Known Bone Mineral Determinants (Age, Gender, Race/Ethnicity, Steroid Use, Depo-Provera, Tenofovir, Pubertal Stage, Bone Age, Vitamin D Status) and Inflammatory Cytokine Levels on Changes in Whole Body (With Head) BMD.",percentage of baseline,MEAN,95% Confidence Interval,2: Placebo,>= 19 years,,-0.3,,-3.8,3.2
NCT00921557,"Effect of Other Known Bone Mineral Determinants (Age, Gender, Race/Ethnicity, Steroid Use, Depo-Provera, Tenofovir, Pubertal Stage, Bone Age, Vitamin D Status) and Inflammatory Cytokine Levels on Changes in Whole Body (With Head) BMD.",percentage of baseline,MEAN,95% Confidence Interval,1: Alendronate,On tenofovir,,13.2,,7.6,18.8
NCT00921557,"Effect of Other Known Bone Mineral Determinants (Age, Gender, Race/Ethnicity, Steroid Use, Depo-Provera, Tenofovir, Pubertal Stage, Bone Age, Vitamin D Status) and Inflammatory Cytokine Levels on Changes in Whole Body (With Head) BMD.",percentage of baseline,MEAN,95% Confidence Interval,2: Placebo,On tenofovir,,5.0,,1.5,8.6
NCT00921557,"Effect of Other Known Bone Mineral Determinants (Age, Gender, Race/Ethnicity, Steroid Use, Depo-Provera, Tenofovir, Pubertal Stage, Bone Age, Vitamin D Status) and Inflammatory Cytokine Levels on Changes in Whole Body (With Head) BMD.",percentage of baseline,MEAN,95% Confidence Interval,1: Alendronate,Not on tenofovir,,11.6,,6.7,16.5
NCT00921557,"Effect of Other Known Bone Mineral Determinants (Age, Gender, Race/Ethnicity, Steroid Use, Depo-Provera, Tenofovir, Pubertal Stage, Bone Age, Vitamin D Status) and Inflammatory Cytokine Levels on Changes in Whole Body (With Head) BMD.",percentage of baseline,MEAN,95% Confidence Interval,2: Placebo,Not on tenofovir,,5.8,,0.5,11.2
NCT00921557,"Effect of Other Known Bone Mineral Determinants (Age, Gender, Race/Ethnicity, Steroid Use, Depo-Provera, Tenofovir, Pubertal Stage, Bone Age, Vitamin D Status) and Inflammatory Cytokine Levels on Changes in Whole Body (With Head) BMD.",percentage of baseline,MEAN,95% Confidence Interval,1: Alendronate,25-0H Vit D<30 ng/ml,,10.6,,5.6,15.6
NCT00921557,"Effect of Other Known Bone Mineral Determinants (Age, Gender, Race/Ethnicity, Steroid Use, Depo-Provera, Tenofovir, Pubertal Stage, Bone Age, Vitamin D Status) and Inflammatory Cytokine Levels on Changes in Whole Body (With Head) BMD.",percentage of baseline,MEAN,95% Confidence Interval,2: Placebo,25-0H Vit D<30 ng/ml,,5.8,,-2.7,14.3
NCT00921557,"Effect of Other Known Bone Mineral Determinants (Age, Gender, Race/Ethnicity, Steroid Use, Depo-Provera, Tenofovir, Pubertal Stage, Bone Age, Vitamin D Status) and Inflammatory Cytokine Levels on Changes in Whole Body (With Head) BMD.",percentage of baseline,MEAN,95% Confidence Interval,1: Alendronate,25-0H Vit D>=30 ng/ml,,15.1,,10.6,19.5
NCT00921557,"Effect of Other Known Bone Mineral Determinants (Age, Gender, Race/Ethnicity, Steroid Use, Depo-Provera, Tenofovir, Pubertal Stage, Bone Age, Vitamin D Status) and Inflammatory Cytokine Levels on Changes in Whole Body (With Head) BMD.",percentage of baseline,MEAN,95% Confidence Interval,2: Placebo,25-0H Vit D>=30 ng/ml,,5.2,,2.3,8.0
NCT00921557,"Effect of Other Known Bone Mineral Determinants (Age, Gender, Race/Ethnicity, Steroid Use, Depo-Provera, Tenofovir, Pubertal Stage, Bone Age, Vitamin D Status) and Inflammatory Cytokine Levels on Changes in Whole Body (With Head) BMD.",percentage of baseline,MEAN,95% Confidence Interval,1: Alendronate,Bone age < 15 years,,19.0,,14.7,23.3
NCT00921557,"Effect of Other Known Bone Mineral Determinants (Age, Gender, Race/Ethnicity, Steroid Use, Depo-Provera, Tenofovir, Pubertal Stage, Bone Age, Vitamin D Status) and Inflammatory Cytokine Levels on Changes in Whole Body (With Head) BMD.",percentage of baseline,MEAN,95% Confidence Interval,2: Placebo,Bone age < 15 years,,8.4,,4.7,12.1
NCT00921557,"Effect of Other Known Bone Mineral Determinants (Age, Gender, Race/Ethnicity, Steroid Use, Depo-Provera, Tenofovir, Pubertal Stage, Bone Age, Vitamin D Status) and Inflammatory Cytokine Levels on Changes in Whole Body (With Head) BMD.",percentage of baseline,MEAN,95% Confidence Interval,1: Alendronate,Bone age >=15 years,,7.7,,4.1,11.2
NCT00921557,"Effect of Other Known Bone Mineral Determinants (Age, Gender, Race/Ethnicity, Steroid Use, Depo-Provera, Tenofovir, Pubertal Stage, Bone Age, Vitamin D Status) and Inflammatory Cytokine Levels on Changes in Whole Body (With Head) BMD.",percentage of baseline,MEAN,95% Confidence Interval,2: Placebo,Bone age >=15 years,,2.3,,-0.6,5.2
NCT00921557,"Effect of Other Known Bone Mineral Determinants (Age, Gender, Race/Ethnicity, Steroid Use, Depo-Provera, Tenofovir, Pubertal Stage, Bone Age, Vitamin D Status) and Inflammatory Cytokine Levels on Changes in Whole Body (With Head) BMD.",percentage of baseline,MEAN,95% Confidence Interval,1: Alendronate,Tanner stage <= 3,,18.0,,10.5,25.5
NCT00921557,"Effect of Other Known Bone Mineral Determinants (Age, Gender, Race/Ethnicity, Steroid Use, Depo-Provera, Tenofovir, Pubertal Stage, Bone Age, Vitamin D Status) and Inflammatory Cytokine Levels on Changes in Whole Body (With Head) BMD.",percentage of baseline,MEAN,95% Confidence Interval,2: Placebo,Tanner stage <= 3,,8.0,,2.9,13.2
NCT00921557,"Effect of Other Known Bone Mineral Determinants (Age, Gender, Race/Ethnicity, Steroid Use, Depo-Provera, Tenofovir, Pubertal Stage, Bone Age, Vitamin D Status) and Inflammatory Cytokine Levels on Changes in Whole Body (With Head) BMD.",percentage of baseline,MEAN,95% Confidence Interval,1: Alendronate,Tanner stage >= 4,,9.4,,5.9,12.8
NCT00921557,"Effect of Other Known Bone Mineral Determinants (Age, Gender, Race/Ethnicity, Steroid Use, Depo-Provera, Tenofovir, Pubertal Stage, Bone Age, Vitamin D Status) and Inflammatory Cytokine Levels on Changes in Whole Body (With Head) BMD.",percentage of baseline,MEAN,95% Confidence Interval,2: Placebo,Tanner stage >= 4,,3.8,,0.6,7.0
NCT00922194,Change in Waist (Cms) /Height (Meters) Ratio From Baseline at 12 Months or More,Ratio,MEDIAN,95% Confidence Interval,Overweight Type 2 Diabetes Mellitus,,,-4.61,,-5.2,-3.8
NCT00931892,Crypt Depth to Villous Height Ratio,ratio,MEAN,Standard Deviation,Baseline (Day -14) Low Gluten Group,,,2.05,0.80,,
NCT00931892,Crypt Depth to Villous Height Ratio,ratio,MEAN,Standard Deviation,Baseline (Day -14) High Gluten Group,,,4.33,6.69,,
NCT00931892,Crypt Depth to Villous Height Ratio,ratio,MEAN,Standard Deviation,Day 3 Low Gluten Group,,,1.19,0.67,,
NCT00931892,Crypt Depth to Villous Height Ratio,ratio,MEAN,Standard Deviation,Day 3 High Gluten Group,,,2.02,0.99,,
NCT00931892,Crypt Depth to Villous Height Ratio,ratio,MEAN,Standard Deviation,Day 14 Low Gluten Group,,,0.98,0.85,,
NCT00931892,Crypt Depth to Villous Height Ratio,ratio,MEAN,Standard Deviation,Day 14 High Gluten Group,,,1.26,1.08,,
NCT00952380,Absolute Values of Height of Participants,centimeters (cm),MEDIAN,Full Range,Dalteparin Sodium: Group 1 (>=0 to <8 Weeks),Baseline,,54.00,,54.00,54.00
NCT00952380,Absolute Values of Height of Participants,centimeters (cm),MEDIAN,Full Range,Dalteparin Sodium: Group 2 (>=8 Weeks to <2 Years),Baseline,,55.00,,55.00,55.00
NCT00952380,Absolute Values of Height of Participants,centimeters (cm),MEDIAN,Full Range,Dalteparin Sodium: Group 3 (>=2 Years to <8 Years),Baseline,,110.00,,98.00,125.50
NCT00952380,Absolute Values of Height of Participants,centimeters (cm),MEDIAN,Full Range,Dalteparin Sodium: Group 4 (>=8 Years to <12 Years),Baseline,,133.00,,126.00,140.00
NCT00952380,Absolute Values of Height of Participants,centimeters (cm),MEDIAN,Full Range,Dalteparin Sodium: Group 5 (>=12 Years to <19 Years),Baseline,,166.00,,142.00,178.00
NCT00952380,Absolute Values of Height of Participants,centimeters (cm),MEDIAN,Full Range,Dalteparin Sodium: Group 1 (>=0 to <8 Weeks),Day 1,,54.00,,54.00,54.00
NCT00952380,Absolute Values of Height of Participants,centimeters (cm),MEDIAN,Full Range,Dalteparin Sodium: Group 3 (>=2 Years to <8 Years),Day 1,,115.80,,98.00,118.00
NCT00952380,Absolute Values of Height of Participants,centimeters (cm),MEDIAN,Full Range,Dalteparin Sodium: Group 4 (>=8 Years to <12 Years),Day 1,,134.00,,126.00,142.00
NCT00952380,Absolute Values of Height of Participants,centimeters (cm),MEDIAN,Full Range,Dalteparin Sodium: Group 5 (>=12 Years to <19 Years),Day 1,,166.00,,113.50,184.00
NCT00952380,Absolute Values of Height of Participants,centimeters (cm),MEDIAN,Full Range,Dalteparin Sodium: Group 3 (>=2 Years to <8 Years),Day 2,,107.90,,89.50,120.00
NCT00952380,Absolute Values of Height of Participants,centimeters (cm),MEDIAN,Full Range,Dalteparin Sodium: Group 4 (>=8 Years to <12 Years),Day 2,,142.00,,126.00,159.90
NCT00952380,Absolute Values of Height of Participants,centimeters (cm),MEDIAN,Full Range,Dalteparin Sodium: Group 5 (>=12 Years to <19 Years),Day 2,,166.90,,113.60,189.00
NCT00952380,Absolute Values of Height of Participants,centimeters (cm),MEDIAN,Full Range,Dalteparin Sodium: Group 1 (>=0 to <8 Weeks),Day 30,,60.00,,60.00,60.00
NCT00952380,Absolute Values of Height of Participants,centimeters (cm),MEDIAN,Full Range,Dalteparin Sodium: Group 2 (>=8 Weeks to <2 Years),Day 30,,56.60,,56.60,56.60
NCT00952380,Absolute Values of Height of Participants,centimeters (cm),MEDIAN,Full Range,Dalteparin Sodium: Group 3 (>=2 Years to <8 Years),Day 30,,115.10,,89.50,124.50
NCT00952380,Absolute Values of Height of Participants,centimeters (cm),MEDIAN,Full Range,Dalteparin Sodium: Group 4 (>=8 Years to <12 Years),Day 30,,140.30,,128.00,159.90
NCT00952380,Absolute Values of Height of Participants,centimeters (cm),MEDIAN,Full Range,Dalteparin Sodium: Group 5 (>=12 Years to <19 Years),Day 30,,167.75,,113.90,184.00
NCT00952380,Absolute Values of Height of Participants,centimeters (cm),MEDIAN,Full Range,Dalteparin Sodium: Group 1 (>=0 to <8 Weeks),Day 60,,63.00,,63.00,63.00
NCT00952380,Absolute Values of Height of Participants,centimeters (cm),MEDIAN,Full Range,Dalteparin Sodium: Group 2 (>=8 Weeks to <2 Years),Day 60,,60.00,,60.00,60.00
NCT00952380,Absolute Values of Height of Participants,centimeters (cm),MEDIAN,Full Range,Dalteparin Sodium: Group 3 (>=2 Years to <8 Years),Day 60,,115.00,,90.00,124.50
NCT00952380,Absolute Values of Height of Participants,centimeters (cm),MEDIAN,Full Range,Dalteparin Sodium: Group 4 (>=8 Years to <12 Years),Day 60,,139.70,,128.00,161.60
NCT00952380,Absolute Values of Height of Participants,centimeters (cm),MEDIAN,Full Range,Dalteparin Sodium: Group 5 (>=12 Years to <19 Years),Day 60,,168.50,,114.20,183.60
NCT00952380,Absolute Values of Height of Participants,centimeters (cm),MEDIAN,Full Range,Dalteparin Sodium: Group 1 (>=0 to <8 Weeks),Day 90,,64.00,,64.00,64.00
NCT00952380,Absolute Values of Height of Participants,centimeters (cm),MEDIAN,Full Range,Dalteparin Sodium: Group 2 (>=8 Weeks to <2 Years),Day 90,,61.00,,61.00,61.00
NCT00952380,Absolute Values of Height of Participants,centimeters (cm),MEDIAN,Full Range,Dalteparin Sodium: Group 3 (>=2 Years to <8 Years),Day 90,,109.50,,91.50,127.00
NCT00952380,Absolute Values of Height of Participants,centimeters (cm),MEDIAN,Full Range,Dalteparin Sodium: Group 4 (>=8 Years to <12 Years),Day 90,,140.70,,129.00,161.60
NCT00952380,Absolute Values of Height of Participants,centimeters (cm),MEDIAN,Full Range,Dalteparin Sodium: Group 5 (>=12 Years to <19 Years),Day 90,,166.65,,115.00,184.00
NCT00952380,Absolute Values of Body Length of Participants,centimeter,MEDIAN,Full Range,Dalteparin Sodium: Group 1 (>=0 to <8 Weeks),Baseline,,54,,54,54
NCT00952380,Absolute Values of Body Length of Participants,centimeter,MEDIAN,Full Range,Dalteparin Sodium: Group 2 (>=8 Weeks to <2 Years),Baseline,,55,,55,55
NCT00952380,Absolute Values of Body Length of Participants,centimeter,MEDIAN,Full Range,Dalteparin Sodium: Group 3 (>=2 Years to <8 Years),Baseline,,100,,100,100
NCT00952380,Absolute Values of Body Length of Participants,centimeter,MEDIAN,Full Range,Dalteparin Sodium: Group 5 (>=12 Years to <19 Years),Baseline,,172,,172,172
NCT00952380,Absolute Values of Body Length of Participants,centimeter,MEDIAN,Full Range,Dalteparin Sodium: Group 1 (>=0 to <8 Weeks),Day 1,,54,,54,54
NCT00952380,Absolute Values of Body Length of Participants,centimeter,MEDIAN,Full Range,Dalteparin Sodium: Group 2 (>=8 Weeks to <2 Years),Day 1,,55,,55,55
NCT00952380,Absolute Values of Body Length of Participants,centimeter,MEDIAN,Full Range,Dalteparin Sodium: Group 5 (>=12 Years to <19 Years),Day 1,,135,,135,135
NCT00952380,Absolute Values of Body Length of Participants,centimeter,MEDIAN,Full Range,Dalteparin Sodium: Group 1 (>=0 to <8 Weeks),Day 2,,56,,56,56
NCT00952380,Absolute Values of Body Length of Participants,centimeter,MEDIAN,Full Range,Dalteparin Sodium: Group 2 (>=8 Weeks to <2 Years),Day 2,,55.30,,55.30,55.30
NCT00952380,Absolute Values of Body Length of Participants,centimeter,MEDIAN,Full Range,Dalteparin Sodium: Group 3 (>=2 Years to <8 Years),Day 2,,104.75,,89.50,120
NCT00952380,Absolute Values of Body Length of Participants,centimeter,MEDIAN,Full Range,Dalteparin Sodium: Group 5 (>=12 Years to <19 Years),Day 2,,135,,135,135
NCT00952380,Absolute Values of Body Length of Participants,centimeter,MEDIAN,Full Range,Dalteparin Sodium: Group 1 (>=0 to <8 Weeks),Day 30,,60,,60,60
NCT00952380,Absolute Values of Body Length of Participants,centimeter,MEDIAN,Full Range,Dalteparin Sodium: Group 2 (>=8 Weeks to <2 Years),Day 30,,56.60,,56.60,56.60
NCT00952380,Absolute Values of Body Length of Participants,centimeter,MEDIAN,Full Range,Dalteparin Sodium: Group 3 (>=2 Years to <8 Years),Day 30,,100,,89.50,124.5
NCT00952380,Absolute Values of Body Length of Participants,centimeter,MEDIAN,Full Range,Dalteparin Sodium: Group 5 (>=12 Years to <19 Years),Day 30,,135,,135,135
NCT00952380,Absolute Values of Body Length of Participants,centimeter,MEDIAN,Full Range,Dalteparin Sodium: Group 1 (>=0 to <8 Weeks),Day 60,,63,,63,63
NCT00952380,Absolute Values of Body Length of Participants,centimeter,MEDIAN,Full Range,Dalteparin Sodium: Group 2 (>=8 Weeks to <2 Years),Day 60,,60,,60,60
NCT00952380,Absolute Values of Body Length of Participants,centimeter,MEDIAN,Full Range,Dalteparin Sodium: Group 3 (>=2 Years to <8 Years),Day 60,,103,,90,124.5
NCT00952380,Absolute Values of Body Length of Participants,centimeter,MEDIAN,Full Range,Dalteparin Sodium: Group 5 (>=12 Years to <19 Years),Day 60,,135,,135,135
NCT00952380,Absolute Values of Body Length of Participants,centimeter,MEDIAN,Full Range,Dalteparin Sodium: Group 1 (>=0 to <8 Weeks),Day 90,,64,,64,64
NCT00952380,Absolute Values of Body Length of Participants,centimeter,MEDIAN,Full Range,Dalteparin Sodium: Group 2 (>=8 Weeks to <2 Years),Day 90,,61,,61,61
NCT00952380,Absolute Values of Body Length of Participants,centimeter,MEDIAN,Full Range,Dalteparin Sodium: Group 3 (>=2 Years to <8 Years),Day 90,,97.75,,91.50,104
NCT00952380,Absolute Values of Body Length of Participants,centimeter,MEDIAN,Full Range,Dalteparin Sodium: Group 5 (>=12 Years to <19 Years),Day 90,,151.75,,135,168.5
NCT00952484,Change in Height (Z-scores),Height Z score,MEAN,Standard Deviation,Asfotase Alfa Combined,,,0.01,0.141,,
NCT00965419,Mean Change From Baseline Z-scores for Height,Z-Score,MEAN,Standard Deviation,Edivoxetine,Week 60,,-0.05,0.36,,
NCT00965419,Mean Change From Baseline Z-scores for Height,Z-Score,MEAN,Standard Deviation,Edivoxetine,Week 240,,-0.11,0.53,,
NCT00980278,Change in Linear Radiographic Bone Height,mm,MEAN,Standard Deviation,Sinus Lift Plus Dental Implant,,,12.8,2.8,,
NCT00980278,Change in Linear Radiographic Bone Height,mm,MEAN,Standard Deviation,Sinus Lift Plus BRCs and Dental Implant,,,12.2,3.3,,
NCT00988221,"Height Standard Deviation Score at Baseline, Week 52, and Week 104",Standard deviation score,MEAN,Standard Deviation,Placebo to Tocilizumab,Baseline,,-0.57,1.005,,
NCT00988221,"Height Standard Deviation Score at Baseline, Week 52, and Week 104",Standard deviation score,MEAN,Standard Deviation,Tocilizumab 8 or 10 mg/kg,Baseline,,-0.33,1.290,,
NCT00988221,"Height Standard Deviation Score at Baseline, Week 52, and Week 104",Standard deviation score,MEAN,Standard Deviation,All Tocilizumab Patients,Baseline,,-0.51,1.219,,
NCT00988221,"Height Standard Deviation Score at Baseline, Week 52, and Week 104",Standard deviation score,MEAN,Standard Deviation,Placebo to Tocilizumab,Week 52,,-0.51,1.004,,
NCT00988221,"Height Standard Deviation Score at Baseline, Week 52, and Week 104",Standard deviation score,MEAN,Standard Deviation,Tocilizumab 8 or 10 mg/kg,Week 52,,-0.15,1.216,,
NCT00988221,"Height Standard Deviation Score at Baseline, Week 52, and Week 104",Standard deviation score,MEAN,Standard Deviation,All Tocilizumab Patients,Week 52,,-0.33,1.125,,
NCT00988221,"Height Standard Deviation Score at Baseline, Week 52, and Week 104",Standard deviation score,MEAN,Standard Deviation,Placebo to Tocilizumab,Week 104,,-0.34,0.954,,
NCT00988221,"Height Standard Deviation Score at Baseline, Week 52, and Week 104",Standard deviation score,MEAN,Standard Deviation,Tocilizumab 8 or 10 mg/kg,Week 104,,-0.01,1.150,,
NCT00988221,"Height Standard Deviation Score at Baseline, Week 52, and Week 104",Standard deviation score,MEAN,Standard Deviation,All Tocilizumab Patients,Week 104,,-0.18,1.066,,
NCT00997984,Change From Baseline in Height at Week 8 - LOCF,inches,MEAN,Standard Deviation,Placebo,,,0.28,0.412,,
NCT00997984,Change From Baseline in Height at Week 8 - LOCF,inches,MEAN,Standard Deviation,SPD503 AM,,,0.39,0.602,,
NCT00997984,Change From Baseline in Height at Week 8 - LOCF,inches,MEAN,Standard Deviation,SPD503 PM,,,0.43,0.459,,
NCT00997984,Change From Baseline in Height at Week 8 - LOCF,inches,MEAN,Standard Deviation,All-Active,,,0.41,0.536,,
NCT01010230,Percent Change in Total Bone Mineral Content (BMC) Per Height Compared Between Intervention and Placebo Groups,% change in grams/cm,MEAN,Standard Deviation,LMHF Mechanical Stimulation,,,2.72,10.41,,
NCT01010230,Percent Change in Total Bone Mineral Content (BMC) Per Height Compared Between Intervention and Placebo Groups,% change in grams/cm,MEAN,Standard Deviation,Placebo Device,,,3.96,11.31,,
NCT01050582,Height (cm) Z-score at Study Visit,z-score,MEAN,Standard Deviation,Risperidone,,,0.40,1.189,,
NCT01050582,Height (cm) Z-score at Study Visit,z-score,MEAN,Standard Deviation,Other Atypical Antipsychotics,,,0.09,1.079,,
NCT01060059,Factor of Greater Height Associated With Treatment Choice at Baseline,cm,MEAN,Standard Deviation,Exenatide,,,165.8,9.56,,
NCT01060059,Factor of Greater Height Associated With Treatment Choice at Baseline,cm,MEAN,Standard Deviation,Basal Insulin,,,164.4,9.10,,
NCT01061775,Waist to Height Ratio (WHtR),percentage,MEAN,Standard Deviation,Exenatide,,,-2.06,0.08,,
NCT01066052,Height SDS at Year 4,standard deviation score,MEAN,Standard Deviation,r-hGH,,,-1.35,0.86,,
NCT01066052,Height SDS at Year 4,standard deviation score,MEAN,Standard Deviation,Historical Control,,,-2.44,0.73,,
NCT01066052,Difference Between Bone Age (BA) and Chronological Age (CA) (BA-CA),months,MEAN,Standard Deviation,r-hGH,Baseline,,-8.9,7.5,,
NCT01066052,Difference Between Bone Age (BA) and Chronological Age (CA) (BA-CA),months,MEAN,Standard Deviation,r-hGH,Year 1,,-8.7,6.5,,
NCT01066052,Difference Between Bone Age (BA) and Chronological Age (CA) (BA-CA),months,MEAN,Standard Deviation,r-hGH,Year 2,,-8.1,7.8,,
NCT01066052,Number of Participants Who Reached Normal Height at Year 4,participants,NUMBER,,r-hGH,,,49,,,
NCT01073605,Change From Baseline in Annual Growth Rate Measured at 2 Years Following Treatment With Genotonorm,cm/year,MEAN,Standard Deviation,Genotonorm 0.7 (Continuous Treatment),,,3.07,2.21,,
NCT01073605,Change From Baseline in Annual Growth Rate Measured at 2 Years Following Treatment With Genotonorm,cm/year,MEAN,Standard Deviation,Genotonorm 1.4 (Continuous Treatment),,,3.97,1.72,,
NCT01073605,Change From Baseline in Annual Growth Rate Measured at 2 Years Following Treatment With Genotonorm,cm/year,MEAN,Standard Deviation,Genotonorm 1.4 (Intermittent Treatment),,,2.84,1.71,,
NCT01073605,Annual Growth Rate Standard Deviation Score (SDS),SDS,MEAN,Standard Deviation,Genotonorm 0.7 (Continuous Treatment),"Baseline (n=50, 42, 43)",,-2.72,1.83,,
NCT01073605,Annual Growth Rate Standard Deviation Score (SDS),SDS,MEAN,Standard Deviation,Genotonorm 1.4 (Continuous Treatment),"Baseline (n=50, 42, 43)",,-2.58,1.39,,
NCT01073605,Annual Growth Rate Standard Deviation Score (SDS),SDS,MEAN,Standard Deviation,Genotonorm 1.4 (Intermittent Treatment),"Baseline (n=50, 42, 43)",,-2.75,1.73,,
NCT01073605,Annual Growth Rate Standard Deviation Score (SDS),SDS,MEAN,Standard Deviation,Genotonorm 0.7 (Continuous Treatment),"1 year (n=57, 55, 59)",,2.14,1.52,,
NCT01073605,Annual Growth Rate Standard Deviation Score (SDS),SDS,MEAN,Standard Deviation,Genotonorm 1.4 (Continuous Treatment),"1 year (n=57, 55, 59)",,3.97,2.26,,
NCT01073605,Annual Growth Rate Standard Deviation Score (SDS),SDS,MEAN,Standard Deviation,Genotonorm 1.4 (Intermittent Treatment),"1 year (n=57, 55, 59)",,1.71,1.51,,
NCT01073605,Annual Growth Rate Standard Deviation Score (SDS),SDS,MEAN,Standard Deviation,Genotonorm 0.7 (Continuous Treatment),"2 years (n=53, 49, 56)",,0.77,1.57,,
NCT01073605,Annual Growth Rate Standard Deviation Score (SDS),SDS,MEAN,Standard Deviation,Genotonorm 1.4 (Continuous Treatment),"2 years (n=53, 49, 56)",,2.00,1.73,,
NCT01073605,Annual Growth Rate Standard Deviation Score (SDS),SDS,MEAN,Standard Deviation,Genotonorm 1.4 (Intermittent Treatment),"2 years (n=53, 49, 56)",,0.67,1.22,,
NCT01073605,Annual Growth Rate Standard Deviation Score (SDS),SDS,MEAN,Standard Deviation,Genotonorm 0.7 (Continuous Treatment),"3 years (n=39, 34, 41)",,0.36,1.14,,
NCT01073605,Annual Growth Rate Standard Deviation Score (SDS),SDS,MEAN,Standard Deviation,Genotonorm 1.4 (Continuous Treatment),"3 years (n=39, 34, 41)",,1.35,1.78,,
NCT01073605,Annual Growth Rate Standard Deviation Score (SDS),SDS,MEAN,Standard Deviation,Genotonorm 1.4 (Intermittent Treatment),"3 years (n=39, 34, 41)",,0.31,1.12,,
NCT01073605,Annual Growth Rate Standard Deviation Score (SDS),SDS,MEAN,Standard Deviation,Genotonorm 0.7 (Continuous Treatment),"4 years (n=21, 18, 27)",,0.13,1.55,,
NCT01073605,Annual Growth Rate Standard Deviation Score (SDS),SDS,MEAN,Standard Deviation,Genotonorm 1.4 (Continuous Treatment),"4 years (n=21, 18, 27)",,0.61,1.20,,
NCT01073605,Annual Growth Rate Standard Deviation Score (SDS),SDS,MEAN,Standard Deviation,Genotonorm 1.4 (Intermittent Treatment),"4 years (n=21, 18, 27)",,0.34,1.20,,
NCT01073605,Annual Growth Rate Standard Deviation Score (SDS),SDS,MEAN,Standard Deviation,Genotonorm 0.7 (Continuous Treatment),"5 years (n=12, 10, 20)",,0.18,1.24,,
NCT01073605,Annual Growth Rate Standard Deviation Score (SDS),SDS,MEAN,Standard Deviation,Genotonorm 1.4 (Continuous Treatment),"5 years (n=12, 10, 20)",,0.09,0.88,,
NCT01073605,Annual Growth Rate Standard Deviation Score (SDS),SDS,MEAN,Standard Deviation,Genotonorm 1.4 (Intermittent Treatment),"5 years (n=12, 10, 20)",,-0.02,1.46,,
NCT01073605,Annual Growth Rate Standard Deviation Score (SDS),SDS,MEAN,Standard Deviation,Genotonorm 0.7 (Continuous Treatment),"6 years (n=11, 7, 19)",,0.90,1.92,,
NCT01073605,Annual Growth Rate Standard Deviation Score (SDS),SDS,MEAN,Standard Deviation,Genotonorm 1.4 (Continuous Treatment),"6 years (n=11, 7, 19)",,0.59,1.61,,
NCT01073605,Annual Growth Rate Standard Deviation Score (SDS),SDS,MEAN,Standard Deviation,Genotonorm 1.4 (Intermittent Treatment),"6 years (n=11, 7, 19)",,0.05,1.20,,
NCT01073605,Change From Baseline in Annual Growth Rate SDS,SDS,MEAN,Standard Deviation,Genotonorm 0.7 (Continuous Treatment),"1 year (n=49, 42, 42)",,4.81,2.27,,
NCT01073605,Change From Baseline in Annual Growth Rate SDS,SDS,MEAN,Standard Deviation,Genotonorm 1.4 (Continuous Treatment),"1 year (n=49, 42, 42)",,6.56,2.55,,
NCT01073605,Change From Baseline in Annual Growth Rate SDS,SDS,MEAN,Standard Deviation,Genotonorm 1.4 (Intermittent Treatment),"1 year (n=49, 42, 42)",,4.37,2.16,,
NCT01073605,Change From Baseline in Annual Growth Rate SDS,SDS,MEAN,Standard Deviation,Genotonorm 0.7 (Continuous Treatment),"2 years (n=47, 37, 40)",,3.51,2.50,,
NCT01073605,Change From Baseline in Annual Growth Rate SDS,SDS,MEAN,Standard Deviation,Genotonorm 1.4 (Continuous Treatment),"2 years (n=47, 37, 40)",,4.53,1.89,,
NCT01073605,Change From Baseline in Annual Growth Rate SDS,SDS,MEAN,Standard Deviation,Genotonorm 1.4 (Intermittent Treatment),"2 years (n=47, 37, 40)",,3.37,2.33,,
NCT01073605,Change From Baseline in Annual Growth Rate SDS,SDS,MEAN,Standard Deviation,Genotonorm 0.7 (Continuous Treatment),"3 years (n=34, 25, 32)",,3.31,2.06,,
NCT01073605,Change From Baseline in Annual Growth Rate SDS,SDS,MEAN,Standard Deviation,Genotonorm 1.4 (Continuous Treatment),"3 years (n=34, 25, 32)",,3.80,2.20,,
NCT01073605,Change From Baseline in Annual Growth Rate SDS,SDS,MEAN,Standard Deviation,Genotonorm 1.4 (Intermittent Treatment),"3 years (n=34, 25, 32)",,3.17,1.86,,
NCT01073605,Height (cm),cm,MEAN,Standard Deviation,Genotonorm 0.7 (Continuous Treatment),"Baseline (n=58, 56, 60)",,105.22,15.04,,
NCT01073605,Height (cm),cm,MEAN,Standard Deviation,Genotonorm 1.4 (Continuous Treatment),"Baseline (n=58, 56, 60)",,107.06,12.29,,
NCT01073605,Height (cm),cm,MEAN,Standard Deviation,Genotonorm 1.4 (Intermittent Treatment),"Baseline (n=58, 56, 60)",,106.44,12.04,,
NCT01073605,Height (cm),cm,MEAN,Standard Deviation,Genotonorm 0.7 (Continuous Treatment),"1 year (n=57, 55, 59)",,113.38,15.09,,
NCT01073605,Height (cm),cm,MEAN,Standard Deviation,Genotonorm 1.4 (Continuous Treatment),"1 year (n=57, 55, 59)",,116.31,12.24,,
NCT01073605,Height (cm),cm,MEAN,Standard Deviation,Genotonorm 1.4 (Intermittent Treatment),"1 year (n=57, 55, 59)",,113.71,12.01,,
NCT01073605,Height (cm),cm,MEAN,Standard Deviation,Genotonorm 0.7 (Continuous Treatment),"2 years (n=53, 49, 56)",,119.67,15.18,,
NCT01073605,Height (cm),cm,MEAN,Standard Deviation,Genotonorm 1.4 (Continuous Treatment),"2 years (n=53, 49, 56)",,124.11,13.02,,
NCT01073605,Height (cm),cm,MEAN,Standard Deviation,Genotonorm 1.4 (Intermittent Treatment),"2 years (n=53, 49, 56)",,120.64,12.34,,
NCT01073605,Height (cm),cm,MEAN,Standard Deviation,Genotonorm 0.7 (Continuous Treatment),"3 years (n=39, 34, 41)",,123.92,15.08,,
NCT01073605,Height (cm),cm,MEAN,Standard Deviation,Genotonorm 1.4 (Continuous Treatment),"3 years (n=39, 34, 41)",,131.75,13.76,,
NCT01073605,Height (cm),cm,MEAN,Standard Deviation,Genotonorm 1.4 (Intermittent Treatment),"3 years (n=39, 34, 41)",,125.39,12.52,,
NCT01073605,Height (cm),cm,MEAN,Standard Deviation,Genotonorm 0.7 (Continuous Treatment),"4 years (n=21, 18, 27)",,124.67,13.14,,
NCT01073605,Height (cm),cm,MEAN,Standard Deviation,Genotonorm 1.4 (Continuous Treatment),"4 years (n=21, 18, 27)",,132.30,13.23,,
NCT01073605,Height (cm),cm,MEAN,Standard Deviation,Genotonorm 1.4 (Intermittent Treatment),"4 years (n=21, 18, 27)",,127.59,11.51,,
NCT01073605,Height (cm),cm,MEAN,Standard Deviation,Genotonorm 0.7 (Continuous Treatment),"5 years (n=12, 10, 21)",,126.73,10.01,,
NCT01073605,Height (cm),cm,MEAN,Standard Deviation,Genotonorm 1.4 (Continuous Treatment),"5 years (n=12, 10, 21)",,131.01,9.26,,
NCT01073605,Height (cm),cm,MEAN,Standard Deviation,Genotonorm 1.4 (Intermittent Treatment),"5 years (n=12, 10, 21)",,129.98,9.93,,
NCT01073605,Height (cm),cm,MEAN,Standard Deviation,Genotonorm 0.7 (Continuous Treatment),"6 years (n=11, 7, 20)",,133.29,10.46,,
NCT01073605,Height (cm),cm,MEAN,Standard Deviation,Genotonorm 1.4 (Continuous Treatment),"6 years (n=11, 7, 20)",,138.84,8.69,,
NCT01073605,Height (cm),cm,MEAN,Standard Deviation,Genotonorm 1.4 (Intermittent Treatment),"6 years (n=11, 7, 20)",,135.45,10.10,,
NCT01073605,Height (cm),cm,MEAN,Standard Deviation,Genotonorm 0.7 (Continuous Treatment),"Final height (n=17, 12, 22)",,146.86,11.26,,
NCT01073605,Height (cm),cm,MEAN,Standard Deviation,Genotonorm 1.4 (Continuous Treatment),"Final height (n=17, 12, 22)",,151.98,6.52,,
NCT01073605,Height (cm),cm,MEAN,Standard Deviation,Genotonorm 1.4 (Intermittent Treatment),"Final height (n=17, 12, 22)",,149.13,9.07,,
NCT01073605,Change From Baseline in Height (cm),cm,MEAN,Standard Deviation,Genotonorm 0.7 (Continuous Treatment),"1 year (n=57, 55, 59)",,8.21,1.38,,
NCT01073605,Change From Baseline in Height (cm),cm,MEAN,Standard Deviation,Genotonorm 1.4 (Continuous Treatment),"1 year (n=57, 55, 59)",,9.21,1.45,,
NCT01073605,Change From Baseline in Height (cm),cm,MEAN,Standard Deviation,Genotonorm 1.4 (Intermittent Treatment),"1 year (n=57, 55, 59)",,7.33,1.32,,
NCT01073605,Change From Baseline in Height (cm),cm,MEAN,Standard Deviation,Genotonorm 0.7 (Continuous Treatment),"2 years (n=53, 49, 56)",,14.77,2.45,,
NCT01073605,Change From Baseline in Height (cm),cm,MEAN,Standard Deviation,Genotonorm 1.4 (Continuous Treatment),"2 years (n=53, 49, 56)",,17.01,2.21,,
NCT01073605,Change From Baseline in Height (cm),cm,MEAN,Standard Deviation,Genotonorm 1.4 (Intermittent Treatment),"2 years (n=53, 49, 56)",,13.92,2.03,,
NCT01073605,Change From Baseline in Height (cm),cm,MEAN,Standard Deviation,Genotonorm 0.7 (Continuous Treatment),"3 years (n=39, 34, 41)",,20.62,3.00,,
NCT01073605,Change From Baseline in Height (cm),cm,MEAN,Standard Deviation,Genotonorm 1.4 (Continuous Treatment),"3 years (n=39, 34, 41)",,24.49,3.04,,
NCT01073605,Change From Baseline in Height (cm),cm,MEAN,Standard Deviation,Genotonorm 1.4 (Intermittent Treatment),"3 years (n=39, 34, 41)",,20.14,2.78,,
NCT01073605,Change From Baseline in Height (cm),cm,MEAN,Standard Deviation,Genotonorm 0.7 (Continuous Treatment),"4 years (n=21, 18, 27)",,26.36,4.37,,
NCT01073605,Change From Baseline in Height (cm),cm,MEAN,Standard Deviation,Genotonorm 1.4 (Continuous Treatment),"4 years (n=21, 18, 27)",,30.77,3.43,,
NCT01073605,Change From Baseline in Height (cm),cm,MEAN,Standard Deviation,Genotonorm 1.4 (Intermittent Treatment),"4 years (n=21, 18, 27)",,25.83,3.26,,
NCT01073605,Change From Baseline in Height (cm),cm,MEAN,Standard Deviation,Genotonorm 0.7 (Continuous Treatment),"5 years (n=12, 10, 21)",,32.23,5.92,,
NCT01073605,Change From Baseline in Height (cm),cm,MEAN,Standard Deviation,Genotonorm 1.4 (Continuous Treatment),"5 years (n=12, 10, 21)",,35.70,4.27,,
NCT01073605,Change From Baseline in Height (cm),cm,MEAN,Standard Deviation,Genotonorm 1.4 (Intermittent Treatment),"5 years (n=12, 10, 21)",,32.16,3.81,,
NCT01073605,Change From Baseline in Height (cm),cm,MEAN,Standard Deviation,Genotonorm 0.7 (Continuous Treatment),"6 years (n=11, 7, 20)",,38.20,6.66,,
NCT01073605,Change From Baseline in Height (cm),cm,MEAN,Standard Deviation,Genotonorm 1.4 (Continuous Treatment),"6 years (n=11, 7, 20)",,44.03,3.09,,
NCT01073605,Change From Baseline in Height (cm),cm,MEAN,Standard Deviation,Genotonorm 1.4 (Intermittent Treatment),"6 years (n=11, 7, 20)",,38.01,4.82,,
NCT01073605,Change From Baseline in Height (cm),cm,MEAN,Standard Deviation,Genotonorm 0.7 (Continuous Treatment),"Final height (n=17, 12, 22)",,45.39,13.08,,
NCT01073605,Change From Baseline in Height (cm),cm,MEAN,Standard Deviation,Genotonorm 1.4 (Continuous Treatment),"Final height (n=17, 12, 22)",,45.30,13.72,,
NCT01073605,Change From Baseline in Height (cm),cm,MEAN,Standard Deviation,Genotonorm 1.4 (Intermittent Treatment),"Final height (n=17, 12, 22)",,40.93,9.22,,
NCT01073605,Height (SDS),SDS,MEAN,Standard Deviation,Genotonorm 0.7 (Continuous Treatment),"Baseline (n=58, 56, 60)",,-3.16,0.52,,
NCT01073605,Height (SDS),SDS,MEAN,Standard Deviation,Genotonorm 1.4 (Continuous Treatment),"Baseline (n=58, 56, 60)",,-3.07,0.46,,
NCT01073605,Height (SDS),SDS,MEAN,Standard Deviation,Genotonorm 1.4 (Intermittent Treatment),"Baseline (n=58, 56, 60)",,-3.21,0.65,,
NCT01073605,Height (SDS),SDS,MEAN,Standard Deviation,Genotonorm 0.7 (Continuous Treatment),"1 year (n=57, 55, 59)",,-2.49,0.54,,
NCT01073605,Height (SDS),SDS,MEAN,Standard Deviation,Genotonorm 1.4 (Continuous Treatment),"1 year (n=57, 55, 59)",,-2.17,0.50,,
NCT01073605,Height (SDS),SDS,MEAN,Standard Deviation,Genotonorm 1.4 (Intermittent Treatment),"1 year (n=57, 55, 59)",,-2.68,0.69,,
NCT01073605,Height (SDS),SDS,MEAN,Standard Deviation,Genotonorm 0.7 (Continuous Treatment),"2 years (n=53, 49, 56)",,-2.21,0.66,,
NCT01073605,Height (SDS),SDS,MEAN,Standard Deviation,Genotonorm 1.4 (Continuous Treatment),"2 years (n=53, 49, 56)",,-1.68,0.52,,
NCT01073605,Height (SDS),SDS,MEAN,Standard Deviation,Genotonorm 1.4 (Intermittent Treatment),"2 years (n=53, 49, 56)",,-2.38,0.75,,
NCT01073605,Height (SDS),SDS,MEAN,Standard Deviation,Genotonorm 0.7 (Continuous Treatment),"3 years (n=39, 34, 41)",,-2.17,0.70,,
NCT01073605,Height (SDS),SDS,MEAN,Standard Deviation,Genotonorm 1.4 (Continuous Treatment),"3 years (n=39, 34, 41)",,-1.38,0.57,,
NCT01073605,Height (SDS),SDS,MEAN,Standard Deviation,Genotonorm 1.4 (Intermittent Treatment),"3 years (n=39, 34, 41)",,-2.24,0.90,,
NCT01073605,Height (SDS),SDS,MEAN,Standard Deviation,Genotonorm 0.7 (Continuous Treatment),"4 years (n=21, 18, 27)",,-2.16,1.03,,
NCT01073605,Height (SDS),SDS,MEAN,Standard Deviation,Genotonorm 1.4 (Continuous Treatment),"4 years (n=21, 18, 27)",,-1.16,0.73,,
NCT01073605,Height (SDS),SDS,MEAN,Standard Deviation,Genotonorm 1.4 (Intermittent Treatment),"4 years (n=21, 18, 27)",,-2.09,0.96,,
NCT01073605,Height (SDS),SDS,MEAN,Standard Deviation,Genotonorm 0.7 (Continuous Treatment),"5 years (n=12, 10, 21)",,-1.95,1.26,,
NCT01073605,Height (SDS),SDS,MEAN,Standard Deviation,Genotonorm 1.4 (Continuous Treatment),"5 years (n=12, 10, 21)",,-1.15,0.83,,
NCT01073605,Height (SDS),SDS,MEAN,Standard Deviation,Genotonorm 1.4 (Intermittent Treatment),"5 years (n=12, 10, 21)",,-1.96,1.10,,
NCT01073605,Height (SDS),SDS,MEAN,Standard Deviation,Genotonorm 0.7 (Continuous Treatment),"6 years (n=11, 7, 19)",,-1.80,1.28,,
NCT01073605,Height (SDS),SDS,MEAN,Standard Deviation,Genotonorm 1.4 (Continuous Treatment),"6 years (n=11, 7, 19)",,-0.67,0.66,,
NCT01073605,Height (SDS),SDS,MEAN,Standard Deviation,Genotonorm 1.4 (Intermittent Treatment),"6 years (n=11, 7, 19)",,-1.93,1.18,,
NCT01073605,Height (SDS),SDS,MEAN,Standard Deviation,Genotonorm 0.7 (Continuous Treatment),"Final height (n=14, 9, 18)",,-2.06,0.76,,
NCT01073605,Height (SDS),SDS,MEAN,Standard Deviation,Genotonorm 1.4 (Continuous Treatment),"Final height (n=14, 9, 18)",,-1.97,0.95,,
NCT01073605,Height (SDS),SDS,MEAN,Standard Deviation,Genotonorm 1.4 (Intermittent Treatment),"Final height (n=14, 9, 18)",,-2.29,1.35,,
NCT01073605,Change From Baseline in Height (SDS),SDS,MEAN,Standard Deviation,Genotonorm 0.7 (Continuous Treatment),"1 year (n=57, 55, 59)",,0.67,0.28,,
NCT01073605,Change From Baseline in Height (SDS),SDS,MEAN,Standard Deviation,Genotonorm 1.4 (Continuous Treatment),"1 year (n=57, 55, 59)",,0.88,0.30,,
NCT01073605,Change From Baseline in Height (SDS),SDS,MEAN,Standard Deviation,Genotonorm 1.4 (Intermittent Treatment),"1 year (n=57, 55, 59)",,0.53,0.28,,
NCT01073605,Change From Baseline in Height (SDS),SDS,MEAN,Standard Deviation,Genotonorm 0.7 (Continuous Treatment),"2 years (n=53, 49, 56)",,0.94,0.45,,
NCT01073605,Change From Baseline in Height (SDS),SDS,MEAN,Standard Deviation,Genotonorm 1.4 (Continuous Treatment),"2 years (n=53, 49, 56)",,1.40,0.43,,
NCT01073605,Change From Baseline in Height (SDS),SDS,MEAN,Standard Deviation,Genotonorm 1.4 (Intermittent Treatment),"2 years (n=53, 49, 56)",,0.84,0.37,,
NCT01073605,Change From Baseline in Height (SDS),SDS,MEAN,Standard Deviation,Genotonorm 0.7 (Continuous Treatment),"3 years (n=39, 34, 41)",,1.06,0.54,,
NCT01073605,Change From Baseline in Height (SDS),SDS,MEAN,Standard Deviation,Genotonorm 1.4 (Continuous Treatment),"3 years (n=39, 34, 41)",,1.70,0.54,,
NCT01073605,Change From Baseline in Height (SDS),SDS,MEAN,Standard Deviation,Genotonorm 1.4 (Intermittent Treatment),"3 years (n=39, 34, 41)",,0.99,0.51,,
NCT01073605,Change From Baseline in Height (SDS),SDS,MEAN,Standard Deviation,Genotonorm 0.7 (Continuous Treatment),"4 years (n=21, 18, 27)",,1.20,0.81,,
NCT01073605,Change From Baseline in Height (SDS),SDS,MEAN,Standard Deviation,Genotonorm 1.4 (Continuous Treatment),"4 years (n=21, 18, 27)",,1.98,0.69,,
NCT01073605,Change From Baseline in Height (SDS),SDS,MEAN,Standard Deviation,Genotonorm 1.4 (Intermittent Treatment),"4 years (n=21, 18, 27)",,1.21,0.54,,
NCT01073605,Change From Baseline in Height (SDS),SDS,MEAN,Standard Deviation,Genotonorm 0.7 (Continuous Treatment),"5 years (n=12, 10, 21)",,1.37,1.12,,
NCT01073605,Change From Baseline in Height (SDS),SDS,MEAN,Standard Deviation,Genotonorm 1.4 (Continuous Treatment),"5 years (n=12, 10, 21)",,2.03,0.87,,
NCT01073605,Change From Baseline in Height (SDS),SDS,MEAN,Standard Deviation,Genotonorm 1.4 (Intermittent Treatment),"5 years (n=12, 10, 21)",,1.46,0.69,,
NCT01073605,Change From Baseline in Height (SDS),SDS,MEAN,Standard Deviation,Genotonorm 0.7 (Continuous Treatment),"6 years (n=11, 7, 19)",,1.54,1.12,,
NCT01073605,Change From Baseline in Height (SDS),SDS,MEAN,Standard Deviation,Genotonorm 1.4 (Continuous Treatment),"6 years (n=11, 7, 19)",,2.60,0.66,,
NCT01073605,Change From Baseline in Height (SDS),SDS,MEAN,Standard Deviation,Genotonorm 1.4 (Intermittent Treatment),"6 years (n=11, 7, 19)",,1.54,0.86,,
NCT01073605,Change From Baseline in Height (SDS),SDS,MEAN,Standard Deviation,Genotonorm 0.7 (Continuous Treatment),"Final height (n=14, 9, 18)",,1.00,0.53,,
NCT01073605,Change From Baseline in Height (SDS),SDS,MEAN,Standard Deviation,Genotonorm 1.4 (Continuous Treatment),"Final height (n=14, 9, 18)",,0.97,0.95,,
NCT01073605,Change From Baseline in Height (SDS),SDS,MEAN,Standard Deviation,Genotonorm 1.4 (Intermittent Treatment),"Final height (n=14, 9, 18)",,0.86,1.16,,
NCT01073605,Change From Baseline in Bone Age,Years,MEAN,Standard Deviation,Genotonorm 0.7 (Continuous Treatment),"1 year (n=53, 60, 56)",,1.17,0.51,,
NCT01073605,Change From Baseline in Bone Age,Years,MEAN,Standard Deviation,Genotonorm 1.4 (Continuous Treatment),"1 year (n=53, 60, 56)",,1.27,0.72,,
NCT01073605,Change From Baseline in Bone Age,Years,MEAN,Standard Deviation,Genotonorm 1.4 (Intermittent Treatment),"1 year (n=53, 60, 56)",,1.25,0.54,,
NCT01073605,Change From Baseline in Bone Age,Years,MEAN,Standard Deviation,Genotonorm 0.7 (Continuous Treatment),"2 years (n=52, 51, 49)",,2.40,0.90,,
NCT01073605,Change From Baseline in Bone Age,Years,MEAN,Standard Deviation,Genotonorm 1.4 (Continuous Treatment),"2 years (n=52, 51, 49)",,2.50,1.08,,
NCT01073605,Change From Baseline in Bone Age,Years,MEAN,Standard Deviation,Genotonorm 1.4 (Intermittent Treatment),"2 years (n=52, 51, 49)",,2.58,0.97,,
NCT01073605,Change From Baseline in Bone Age,Years,MEAN,Standard Deviation,Genotonorm 0.7 (Continuous Treatment),"3 years (n=41, 39, 35)",,3.53,1.22,,
NCT01073605,Change From Baseline in Bone Age,Years,MEAN,Standard Deviation,Genotonorm 1.4 (Continuous Treatment),"3 years (n=41, 39, 35)",,4.06,1.05,,
NCT01073605,Change From Baseline in Bone Age,Years,MEAN,Standard Deviation,Genotonorm 1.4 (Intermittent Treatment),"3 years (n=41, 39, 35)",,3.67,0.97,,
NCT01073605,Change From Baseline in Bone Age/Change From Baseline in Chronological Age Ratio,ratio,MEAN,Standard Deviation,Genotonorm 0.7 (Continuous Treatment),"1 year (n=53, 60, 56)",,0.96,0.41,,
NCT01073605,Change From Baseline in Bone Age/Change From Baseline in Chronological Age Ratio,ratio,MEAN,Standard Deviation,Genotonorm 1.4 (Continuous Treatment),"1 year (n=53, 60, 56)",,1.07,0.62,,
NCT01073605,Change From Baseline in Bone Age/Change From Baseline in Chronological Age Ratio,ratio,MEAN,Standard Deviation,Genotonorm 1.4 (Intermittent Treatment),"1 year (n=53, 60, 56)",,1.06,0.45,,
NCT01073605,Change From Baseline in Bone Age/Change From Baseline in Chronological Age Ratio,ratio,MEAN,Standard Deviation,Genotonorm 0.7 (Continuous Treatment),"2 years (n=51, 51, 49)",,1.06,0.41,,
NCT01073605,Change From Baseline in Bone Age/Change From Baseline in Chronological Age Ratio,ratio,MEAN,Standard Deviation,Genotonorm 1.4 (Continuous Treatment),"2 years (n=51, 51, 49)",,1.14,0.50,,
NCT01073605,Change From Baseline in Bone Age/Change From Baseline in Chronological Age Ratio,ratio,MEAN,Standard Deviation,Genotonorm 1.4 (Intermittent Treatment),"2 years (n=51, 51, 49)",,1.18,0.44,,
NCT01073605,Change From Baseline in Bone Age/Change From Baseline in Chronological Age Ratio,ratio,MEAN,Standard Deviation,Genotonorm 0.7 (Continuous Treatment),"3 years (n=35, 37, 35)",,1.09,0.39,,
NCT01073605,Change From Baseline in Bone Age/Change From Baseline in Chronological Age Ratio,ratio,MEAN,Standard Deviation,Genotonorm 1.4 (Continuous Treatment),"3 years (n=35, 37, 35)",,1.26,0.32,,
NCT01073605,Change From Baseline in Bone Age/Change From Baseline in Chronological Age Ratio,ratio,MEAN,Standard Deviation,Genotonorm 1.4 (Intermittent Treatment),"3 years (n=35, 37, 35)",,1.14,0.29,,
NCT01078675,Percent Change From Baseline in Height,Percent change,MEAN,Standard Deviation,Rosuvastatin,%Change from Baseline at Month 12,,3.20,2.023,,
NCT01078675,Percent Change From Baseline in Height,Percent change,MEAN,Standard Deviation,Rosuvastatin,%Change from Baseline at Month 24,,5.91,3.968,,
NCT01088412,Final Height (FH) Gain by Diagnostic Group,standard deviation score,MEAN,Standard Deviation,Treated,All Baseline Height,,-2.42,1.01,,
NCT01088412,Final Height (FH) Gain by Diagnostic Group,standard deviation score,MEAN,Standard Deviation,Treated,All Final Height,,-1.18,1.12,,
NCT01088412,Final Height (FH) Gain by Diagnostic Group,standard deviation score,MEAN,Standard Deviation,Treated,All Final Height Gain,,1.24,1.08,,
NCT01088412,Final Height (FH) Gain by Diagnostic Group,standard deviation score,MEAN,Standard Deviation,Treated,GHD Baseline Height,,-2.35,1.04,,
NCT01088412,Final Height (FH) Gain by Diagnostic Group,standard deviation score,MEAN,Standard Deviation,Treated,GHD Final Height,,-0.96,1.12,,
NCT01088412,Final Height (FH) Gain by Diagnostic Group,standard deviation score,MEAN,Standard Deviation,Treated,GHD Final Height Gain,,1.39,1.14,,
NCT01088412,Final Height (FH) Gain by Diagnostic Group,standard deviation score,MEAN,Standard Deviation,Treated,TS Baseline Height,,-2.65,.089,,
NCT01088412,Final Height (FH) Gain by Diagnostic Group,standard deviation score,MEAN,Standard Deviation,Treated,TS Final Height,,-1.70,0.94,,
NCT01088412,Final Height (FH) Gain by Diagnostic Group,standard deviation score,MEAN,Standard Deviation,Treated,TS Final Height Gain,,0.95,0.82,,
NCT01088412,Final Height (FH) Gain by Diagnostic Group,standard deviation score,MEAN,Standard Deviation,Treated,ISS Baseline Height,,-2.37,0.80,,
NCT01088412,Final Height (FH) Gain by Diagnostic Group,standard deviation score,MEAN,Standard Deviation,Treated,ISS Final Height,,-1.26,0.96,,
NCT01088412,Final Height (FH) Gain by Diagnostic Group,standard deviation score,MEAN,Standard Deviation,Treated,ISS Final Height Gain,,1.10,0.98,,
NCT01088412,Final Height (FH) Gain by Diagnostic Group,standard deviation score,MEAN,Standard Deviation,Treated,SHOX-D Baseline Height,,-2.36,0.79,,
NCT01088412,Final Height (FH) Gain by Diagnostic Group,standard deviation score,MEAN,Standard Deviation,Treated,SHOX-D Final Height,,-1.50,0.97,,
NCT01088412,Final Height (FH) Gain by Diagnostic Group,standard deviation score,MEAN,Standard Deviation,Treated,SHOX-D Final Height Gain,,0.86,0.91,,
NCT01088412,Final Height (FH) Gain by Diagnostic Group,standard deviation score,MEAN,Standard Deviation,Treated,SGA Baseline Height,,-2.57,0.86,,
NCT01088412,Final Height (FH) Gain by Diagnostic Group,standard deviation score,MEAN,Standard Deviation,Treated,SGA Final Height,,-1.47,0.84,,
NCT01088412,Final Height (FH) Gain by Diagnostic Group,standard deviation score,MEAN,Standard Deviation,Treated,SGA Final Height Gain,,1.11,0.96,,
NCT01088412,Final Height (FH) Gain by Diagnostic Group,standard deviation score,MEAN,Standard Deviation,Treated,CRI Baseline Height,,-2.54,0.90,,
NCT01088412,Final Height (FH) Gain by Diagnostic Group,standard deviation score,MEAN,Standard Deviation,Treated,CRI Final Height,,-1.66,1.27,,
NCT01088412,Final Height (FH) Gain by Diagnostic Group,standard deviation score,MEAN,Standard Deviation,Treated,CRI Final Height Gain,,0.88,0.81,,
NCT01088412,Final Height (FH) Gain by Diagnostic Group,standard deviation score,MEAN,Standard Deviation,Treated,Other Baseline Height,,-2.70,1.32,,
NCT01088412,Final Height (FH) Gain by Diagnostic Group,standard deviation score,MEAN,Standard Deviation,Treated,Other Final Height,,-1.69,1.33,,
NCT01088412,Final Height (FH) Gain by Diagnostic Group,standard deviation score,MEAN,Standard Deviation,Treated,Other Final Height Gain,,1.01,1.10,,
NCT01088412,Final Height (FH) Gain by Diagnostic Group,standard deviation score,MEAN,Standard Deviation,Treated,Unknown Baseline Height,,-2.30,1.02,,
NCT01088412,Final Height (FH) Gain by Diagnostic Group,standard deviation score,MEAN,Standard Deviation,Treated,Unknown Final Height,,-1.54,1.10,,
NCT01088412,Final Height (FH) Gain by Diagnostic Group,standard deviation score,MEAN,Standard Deviation,Treated,Unknown Final Height Gain,,0.75,0.83,,
NCT01088412,Predicted First Year Height Gain Versus Actual First Year Height Gain,R Squared,NUMBER,,Treated,TS,,0.261,,,
NCT01088412,Predicted First Year Height Gain Versus Actual First Year Height Gain,R Squared,NUMBER,,Treated,GHD,,0.408,,,
NCT01088412,Change From Baseline to Final Height in Anthropometric Measures for Participants With SHOX Deficiency,standard deviation score,MEAN,Standard Deviation,Treated,Height SDS,,0.8,0.9,,
NCT01088412,Change From Baseline to Final Height in Anthropometric Measures for Participants With SHOX Deficiency,standard deviation score,MEAN,Standard Deviation,Treated,Sitting Height (SH) SDS,,1.4,1.0,,
NCT01088412,Change From Baseline to Final Height in Anthropometric Measures for Participants With SHOX Deficiency,standard deviation score,MEAN,Standard Deviation,Treated,Arm Span (AS) SDS,,-0.6,6.2,,
NCT01088412,Change From Baseline to Final Height in Anthropometric Measures for Participants With SHOX Deficiency,standard deviation score,MEAN,Standard Deviation,Treated,SH SDS/Height SDS,,-0.7,1.8,,
NCT01088412,Change From Baseline to Final Height in Anthropometric Measures for Participants With SHOX Deficiency,standard deviation score,MEAN,Standard Deviation,Treated,AS SDS/Height SDS,,1.0,3.0,,
NCT01088412,Change From Baseline to Final Height in Anthropometric Measures for Participants With SHOX Deficiency,standard deviation score,MEAN,Standard Deviation,Treated,AS SDS/SH SDS,,10.2,22.9,,
NCT01088412,Diabetes Mellitus (DM) in Somatropin-Treated Children With Different Short Stature Diagnoses,Incident Cases,NUMBER,,Treated,All DM,,38,,,
NCT01088412,Diabetes Mellitus (DM) in Somatropin-Treated Children With Different Short Stature Diagnoses,Incident Cases,NUMBER,,Treated,GHD DM,,22,,,
NCT01088412,Diabetes Mellitus (DM) in Somatropin-Treated Children With Different Short Stature Diagnoses,Incident Cases,NUMBER,,Treated,TS DM,,6,,,
NCT01088412,Diabetes Mellitus (DM) in Somatropin-Treated Children With Different Short Stature Diagnoses,Incident Cases,NUMBER,,Treated,ISS DM,,4,,,
NCT01088412,Diabetes Mellitus (DM) in Somatropin-Treated Children With Different Short Stature Diagnoses,Incident Cases,NUMBER,,Treated,SHOX-D DM,,0,,,
NCT01088412,Diabetes Mellitus (DM) in Somatropin-Treated Children With Different Short Stature Diagnoses,Incident Cases,NUMBER,,Treated,SGA DM,,2,,,
NCT01088412,Diabetes Mellitus (DM) in Somatropin-Treated Children With Different Short Stature Diagnoses,Incident Cases,NUMBER,,Treated,Other DM,,4,,,
NCT01088412,Diabetes Mellitus (DM) in Somatropin-Treated Children With Different Short Stature Diagnoses,Incident Cases,NUMBER,,Treated,Unknown DM,,0,,,
NCT01088412,Diabetes Mellitus (DM) in Somatropin-Treated Children With Different Short Stature Diagnoses,Incident Cases,NUMBER,,Treated,All T1,,19,,,
NCT01088412,Diabetes Mellitus (DM) in Somatropin-Treated Children With Different Short Stature Diagnoses,Incident Cases,NUMBER,,Treated,GHD T1,,10,,,
NCT01088412,Diabetes Mellitus (DM) in Somatropin-Treated Children With Different Short Stature Diagnoses,Incident Cases,NUMBER,,Treated,TS T1,,3,,,
NCT01088412,Diabetes Mellitus (DM) in Somatropin-Treated Children With Different Short Stature Diagnoses,Incident Cases,NUMBER,,Treated,ISS T1,,3,,,
NCT01088412,Diabetes Mellitus (DM) in Somatropin-Treated Children With Different Short Stature Diagnoses,Incident Cases,NUMBER,,Treated,SHOX-D T1,,0,,,
NCT01088412,Diabetes Mellitus (DM) in Somatropin-Treated Children With Different Short Stature Diagnoses,Incident Cases,NUMBER,,Treated,SGA T1,,0,,,
NCT01088412,Diabetes Mellitus (DM) in Somatropin-Treated Children With Different Short Stature Diagnoses,Incident Cases,NUMBER,,Treated,Other T1,,3,,,
NCT01088412,Diabetes Mellitus (DM) in Somatropin-Treated Children With Different Short Stature Diagnoses,Incident Cases,NUMBER,,Treated,Unknown T1,,0,,,
NCT01088412,Diabetes Mellitus (DM) in Somatropin-Treated Children With Different Short Stature Diagnoses,Incident Cases,NUMBER,,Treated,All T2,,18,,,
NCT01088412,Diabetes Mellitus (DM) in Somatropin-Treated Children With Different Short Stature Diagnoses,Incident Cases,NUMBER,,Treated,GHD T2,,12,,,
NCT01088412,Diabetes Mellitus (DM) in Somatropin-Treated Children With Different Short Stature Diagnoses,Incident Cases,NUMBER,,Treated,TS T2,,3,,,
NCT01088412,Diabetes Mellitus (DM) in Somatropin-Treated Children With Different Short Stature Diagnoses,Incident Cases,NUMBER,,Treated,ISS T2,,0,,,
NCT01088412,Diabetes Mellitus (DM) in Somatropin-Treated Children With Different Short Stature Diagnoses,Incident Cases,NUMBER,,Treated,SHOX-D T2,,0,,,
NCT01088412,Diabetes Mellitus (DM) in Somatropin-Treated Children With Different Short Stature Diagnoses,Incident Cases,NUMBER,,Treated,SGA T2,,2,,,
NCT01088412,Diabetes Mellitus (DM) in Somatropin-Treated Children With Different Short Stature Diagnoses,Incident Cases,NUMBER,,Treated,Other T2,,1,,,
NCT01088412,Diabetes Mellitus (DM) in Somatropin-Treated Children With Different Short Stature Diagnoses,Incident Cases,NUMBER,,Treated,Unknown T2,,0,,,
NCT01109849,Change Score for Z-height Baseline to Endpoint,Z score,MEAN,Standard Deviation,Behavior Therapy,,,-.04,.46,,
NCT01109849,Change Score for Z-height Baseline to Endpoint,Z score,MEAN,Standard Deviation,ER Stimulant,,,-.11,.41,,
NCT01109849,Change in Height z Score During Weight Recovery Phase (Second Randomization),Z score,MEAN,Standard Deviation,Caloric Supplementation,,,-0.185,0.232,,
NCT01109849,Change in Height z Score During Weight Recovery Phase (Second Randomization),Z score,MEAN,Standard Deviation,Drug Holiday,,,-0.030,.247,,
NCT01109849,Change in Height z Score During Weight Recovery Phase (Second Randomization),Z score,MEAN,Standard Deviation,Monitoring,,,-0.168,0.337,,
NCT01109849,Change in Height z Score by Actual Medication Usage,Z score,MEAN,Standard Deviation,Consistent Medication,,,-0.248,.341,,
NCT01109849,Change in Height z Score by Actual Medication Usage,Z score,MEAN,Standard Deviation,Inconsistent Medication Group,,,-0.113,.430,,
NCT01109849,Change in Height z Score by Actual Medication Usage,Z score,MEAN,Standard Deviation,Rare Medication Group,,,0.042,.464,,
NCT01109849,Difference in Height z Score During Weight Recovery Phase (Second Randomization) by Actual Usage,Z score,MEAN,Standard Deviation,Caloric Supplementation,,,-0.184,0.238,,
NCT01109849,Difference in Height z Score During Weight Recovery Phase (Second Randomization) by Actual Usage,Z score,MEAN,Standard Deviation,Drug Holiday,,,-0.095,0.277,,
NCT01109849,Difference in Height z Score During Weight Recovery Phase (Second Randomization) by Actual Usage,Z score,MEAN,Standard Deviation,Monitoring,,,-0.105,0.311,,
NCT01110967,Device Subsidence Measured as Interbody Height Ratio (IBHR),ratio,MEAN,Standard Deviation,Patients Implanted With a Satellite Device,IBHR at surgery (n = 34),,1.9,0.2,,
NCT01110967,Device Subsidence Measured as Interbody Height Ratio (IBHR),ratio,MEAN,Standard Deviation,Patients Implanted With a Satellite Device,IBHR at 3 months Follow up (n = 20),,1.9,0.2,,
NCT01110967,Device Subsidence Measured as Interbody Height Ratio (IBHR),ratio,MEAN,Standard Deviation,Patients Implanted With a Satellite Device,IBHR at 6 months Follow up (n = 18),,1.7,0.2,,
NCT01110967,Device Subsidence Measured as Interbody Height Ratio (IBHR),ratio,MEAN,Standard Deviation,Patients Implanted With a Satellite Device,IBHR at 12 months Follow up (n = 21),,2.0,0.7,,
NCT01111019,Change From Baseline in Height-Standard Deviation Score (H-SDS) of Recombinant Human Growth Hormone (r-hGH) Treated Subjects at Year 3,Standard Deviation Score (SDS),MEAN,Standard Deviation,r-hGH (Saizen®),,,1.39,0.9,,
NCT01111019,Height-Standard Deviation Score (H-SDS) of Recombinant Human Growth Hormone (r-hGH) Treated Subjects at Year 4,Standard Deviation Score (SDS),MEAN,Standard Deviation,r-hGH (Saizen®),,,25.6,3.5,,
NCT01111019,Height-Standard Deviation Score (H-SDS) of Recombinant Human Growth Hormone (r-hGH) Treated Subjects,Standard Deviation Score (SDS),MEDIAN,Full Range,r-hGH (Saizen®),Male: Year 1,,-1.82,,-3.4,-1.4
NCT01111019,Height-Standard Deviation Score (H-SDS) of Recombinant Human Growth Hormone (r-hGH) Treated Subjects,Standard Deviation Score (SDS),MEDIAN,Full Range,r-hGH (Saizen®),Male: Year 2,,-1.51,,-3.4,-1.1
NCT01111019,Height-Standard Deviation Score (H-SDS) of Recombinant Human Growth Hormone (r-hGH) Treated Subjects,Standard Deviation Score (SDS),MEDIAN,Full Range,r-hGH (Saizen®),Male: Year 3,,-1.30,,-3.7,-1.0
NCT01111019,Height-Standard Deviation Score (H-SDS) of Recombinant Human Growth Hormone (r-hGH) Treated Subjects,Standard Deviation Score (SDS),MEDIAN,Full Range,r-hGH (Saizen®),Male: Year 4,,-1.49,,-3.7,-1.0
NCT01111019,Height-Standard Deviation Score (H-SDS) of Recombinant Human Growth Hormone (r-hGH) Treated Subjects,Standard Deviation Score (SDS),MEDIAN,Full Range,r-hGH (Saizen®),Male: Year 5,,-1.51,,-3.5,-1.0
NCT01111019,Height-Standard Deviation Score (H-SDS) of Recombinant Human Growth Hormone (r-hGH) Treated Subjects,Standard Deviation Score (SDS),MEDIAN,Full Range,r-hGH (Saizen®),Male: Year 6,,-2.88,,-3.8,-2.0
NCT01111019,Height-Standard Deviation Score (H-SDS) of Recombinant Human Growth Hormone (r-hGH) Treated Subjects,Standard Deviation Score (SDS),MEDIAN,Full Range,r-hGH (Saizen®),Male: Year 7,,-3.9,,-3.9,-3.9
NCT01111019,Height-Standard Deviation Score (H-SDS) of Recombinant Human Growth Hormone (r-hGH) Treated Subjects,Standard Deviation Score (SDS),MEDIAN,Full Range,r-hGH (Saizen®),Male: Year 8,,-3.90,,-3.9,-3.9
NCT01111019,Height-Standard Deviation Score (H-SDS) of Recombinant Human Growth Hormone (r-hGH) Treated Subjects,Standard Deviation Score (SDS),MEDIAN,Full Range,r-hGH (Saizen®),Male: Year 9,,-5.0,,-5.0,-5.0
NCT01111019,Height-Standard Deviation Score (H-SDS) of Recombinant Human Growth Hormone (r-hGH) Treated Subjects,Standard Deviation Score (SDS),MEDIAN,Full Range,r-hGH (Saizen®),Male: Year 9.5,,-5.6,,-5.6,-5.6
NCT01111019,Height-Standard Deviation Score (H-SDS) of Recombinant Human Growth Hormone (r-hGH) Treated Subjects,Standard Deviation Score (SDS),MEDIAN,Full Range,r-hGH (Saizen®),Female: Year 1,,-2.69,,-5.3,-0.6
NCT01111019,Height-Standard Deviation Score (H-SDS) of Recombinant Human Growth Hormone (r-hGH) Treated Subjects,Standard Deviation Score (SDS),MEDIAN,Full Range,r-hGH (Saizen®),Female: Year 2,,-2.52,,-5.8,-0.7
NCT01111019,Height-Standard Deviation Score (H-SDS) of Recombinant Human Growth Hormone (r-hGH) Treated Subjects,Standard Deviation Score (SDS),MEDIAN,Full Range,r-hGH (Saizen®),Female: Year 3,,-2.61,,-6.0,-0.6
NCT01111019,Height-Standard Deviation Score (H-SDS) of Recombinant Human Growth Hormone (r-hGH) Treated Subjects,Standard Deviation Score (SDS),MEDIAN,Full Range,r-hGH (Saizen®),Female: Year 4,,-1.09,,-1.5,-0.9
NCT01111019,Height-Standard Deviation Score (H-SDS) of Recombinant Human Growth Hormone (r-hGH) Treated Subjects,Standard Deviation Score (SDS),MEDIAN,Full Range,r-hGH (Saizen®),Female: Year 5,,-1.63,,-1.9,-1.4
NCT01111019,Height-Standard Deviation Score (H-SDS) of Recombinant Human Growth Hormone (r-hGH) Treated Subjects,Standard Deviation Score (SDS),MEDIAN,Full Range,r-hGH (Saizen®),Female: Year 6,,-2.51,,-3.4,-1.6
NCT01111019,Height-Standard Deviation Score (H-SDS) of Recombinant Human Growth Hormone (r-hGH) Treated Subjects,Standard Deviation Score (SDS),MEDIAN,Full Range,r-hGH (Saizen®),Female: Year 7,,-2.74,,-3.7,-1.8
NCT01111019,Height-Standard Deviation Score (H-SDS) of Recombinant Human Growth Hormone (r-hGH) Treated Subjects,Standard Deviation Score (SDS),MEDIAN,Full Range,r-hGH (Saizen®),Female: Year 8,,-2.8,,-2.8,-2.8
NCT01111019,Height-Standard Deviation Score (H-SDS) of Recombinant Human Growth Hormone (r-hGH) Treated Subjects,Standard Deviation Score (SDS),MEDIAN,Full Range,r-hGH (Saizen®),Female: Year 8.5,,-3.1,,-3.1,-3.1
NCT01111019,Change From Baseline in Height of Recombinant Human Growth Hormone (r-hGH) Treated Subjects With Hypochondroplasia (HCH) up to 9.5 Years,Centimeter (cm),MEAN,Standard Deviation,r-hGH (Saizen®),Male: Year 1,,8.10,1.867,,
NCT01111019,Change From Baseline in Height of Recombinant Human Growth Hormone (r-hGH) Treated Subjects With Hypochondroplasia (HCH) up to 9.5 Years,Centimeter (cm),MEAN,Standard Deviation,r-hGH (Saizen®),Male: Year 2,,14.59,2.527,,
NCT01111019,Change From Baseline in Height of Recombinant Human Growth Hormone (r-hGH) Treated Subjects With Hypochondroplasia (HCH) up to 9.5 Years,Centimeter (cm),MEAN,Standard Deviation,r-hGH (Saizen®),Male: Year 3,,20.00,3.398,,
NCT01111019,Change From Baseline in Height of Recombinant Human Growth Hormone (r-hGH) Treated Subjects With Hypochondroplasia (HCH) up to 9.5 Years,Centimeter (cm),MEAN,Standard Deviation,r-hGH (Saizen®),Male: Year 4,,23.74,4.136,,
NCT01111019,Change From Baseline in Height of Recombinant Human Growth Hormone (r-hGH) Treated Subjects With Hypochondroplasia (HCH) up to 9.5 Years,Centimeter (cm),MEAN,Standard Deviation,r-hGH (Saizen®),Male: Year 5,,29.06,4.809,,
NCT01111019,Change From Baseline in Height of Recombinant Human Growth Hormone (r-hGH) Treated Subjects With Hypochondroplasia (HCH) up to 9.5 Years,Centimeter (cm),MEAN,Standard Deviation,r-hGH (Saizen®),Male: Year 6,,31.35,8.556,,
NCT01111019,Change From Baseline in Height of Recombinant Human Growth Hormone (r-hGH) Treated Subjects With Hypochondroplasia (HCH) up to 9.5 Years,Centimeter (cm),MEAN,Standard Deviation,r-hGH (Saizen®),Male: Year 7,,28.40,NA,,
NCT01111019,Change From Baseline in Height of Recombinant Human Growth Hormone (r-hGH) Treated Subjects With Hypochondroplasia (HCH) up to 9.5 Years,Centimeter (cm),MEAN,Standard Deviation,r-hGH (Saizen®),Male: Year 8,,34.73,NA,,
NCT01111019,Change From Baseline in Height of Recombinant Human Growth Hormone (r-hGH) Treated Subjects With Hypochondroplasia (HCH) up to 9.5 Years,Centimeter (cm),MEAN,Standard Deviation,r-hGH (Saizen®),Male: Year 9,,37.98,NA,,
NCT01111019,Change From Baseline in Height of Recombinant Human Growth Hormone (r-hGH) Treated Subjects With Hypochondroplasia (HCH) up to 9.5 Years,Centimeter (cm),MEAN,Standard Deviation,r-hGH (Saizen®),Male: Year 9.5,,38.37,NA,,
NCT01111019,Change From Baseline in Height of Recombinant Human Growth Hormone (r-hGH) Treated Subjects With Hypochondroplasia (HCH) up to 9.5 Years,Centimeter (cm),MEAN,Standard Deviation,r-hGH (Saizen®),Female: Year 1,,7.72,1.642,,
NCT01111019,Change From Baseline in Height of Recombinant Human Growth Hormone (r-hGH) Treated Subjects With Hypochondroplasia (HCH) up to 9.5 Years,Centimeter (cm),MEAN,Standard Deviation,r-hGH (Saizen®),Female: Year 2,,13.76,3.505,,
NCT01111019,Change From Baseline in Height of Recombinant Human Growth Hormone (r-hGH) Treated Subjects With Hypochondroplasia (HCH) up to 9.5 Years,Centimeter (cm),MEAN,Standard Deviation,r-hGH (Saizen®),Female: Year 3,,17.95,5.189,,
NCT01111019,Change From Baseline in Height of Recombinant Human Growth Hormone (r-hGH) Treated Subjects With Hypochondroplasia (HCH) up to 9.5 Years,Centimeter (cm),MEAN,Standard Deviation,r-hGH (Saizen®),Female: Year 4,,26.96,2.394,,
NCT01111019,Change From Baseline in Height of Recombinant Human Growth Hormone (r-hGH) Treated Subjects With Hypochondroplasia (HCH) up to 9.5 Years,Centimeter (cm),MEAN,Standard Deviation,r-hGH (Saizen®),Female: Year 5,,30.08,3.791,,
NCT01111019,Change From Baseline in Height of Recombinant Human Growth Hormone (r-hGH) Treated Subjects With Hypochondroplasia (HCH) up to 9.5 Years,Centimeter (cm),MEAN,Standard Deviation,r-hGH (Saizen®),Female: Year 6,,32.50,0.566,,
NCT01111019,Change From Baseline in Height of Recombinant Human Growth Hormone (r-hGH) Treated Subjects With Hypochondroplasia (HCH) up to 9.5 Years,Centimeter (cm),MEAN,Standard Deviation,r-hGH (Saizen®),Female: Year 7,,36.92,0.024,,
NCT01111019,Change From Baseline in Height of Recombinant Human Growth Hormone (r-hGH) Treated Subjects With Hypochondroplasia (HCH) up to 9.5 Years,Centimeter (cm),MEAN,Standard Deviation,r-hGH (Saizen®),Female: Year 8,,39.47,NA,,
NCT01111019,Change From Baseline in Height of Recombinant Human Growth Hormone (r-hGH) Treated Subjects With Hypochondroplasia (HCH) up to 9.5 Years,Centimeter (cm),MEAN,Standard Deviation,r-hGH (Saizen®),Female: Year 8.5,,40.87,NA,,
NCT01111019,Growth (Height) Velocity of Recombinant Human Growth Hormone (r-hGH) Treated Subjects With Hypochondroplasia (HCH) From Year 1 up to 9.5 Years,Centimeter per year (cm/year),MEAN,Standard Deviation,r-hGH (Saizen®),Male: Year 1,,8.21,2.001,,
NCT01111019,Growth (Height) Velocity of Recombinant Human Growth Hormone (r-hGH) Treated Subjects With Hypochondroplasia (HCH) From Year 1 up to 9.5 Years,Centimeter per year (cm/year),MEAN,Standard Deviation,r-hGH (Saizen®),Male: Year 2,,7.26,1.292,,
NCT01111019,Growth (Height) Velocity of Recombinant Human Growth Hormone (r-hGH) Treated Subjects With Hypochondroplasia (HCH) From Year 1 up to 9.5 Years,Centimeter per year (cm/year),MEAN,Standard Deviation,r-hGH (Saizen®),Male: Year 3,,6.55,1.104,,
NCT01111019,Growth (Height) Velocity of Recombinant Human Growth Hormone (r-hGH) Treated Subjects With Hypochondroplasia (HCH) From Year 1 up to 9.5 Years,Centimeter per year (cm/year),MEAN,Standard Deviation,r-hGH (Saizen®),Male: Year 4,,5.88,1.060,,
NCT01111019,Growth (Height) Velocity of Recombinant Human Growth Hormone (r-hGH) Treated Subjects With Hypochondroplasia (HCH) From Year 1 up to 9.5 Years,Centimeter per year (cm/year),MEAN,Standard Deviation,r-hGH (Saizen®),Male: Year 5,,5.77,0.968,,
NCT01111019,Growth (Height) Velocity of Recombinant Human Growth Hormone (r-hGH) Treated Subjects With Hypochondroplasia (HCH) From Year 1 up to 9.5 Years,Centimeter per year (cm/year),MEAN,Standard Deviation,r-hGH (Saizen®),Male: Year 6,,4.98,1.313,,
NCT01111019,Growth (Height) Velocity of Recombinant Human Growth Hormone (r-hGH) Treated Subjects With Hypochondroplasia (HCH) From Year 1 up to 9.5 Years,Centimeter per year (cm/year),MEAN,Standard Deviation,r-hGH (Saizen®),Male: Year 7,,3.92,NA,,
NCT01111019,Growth (Height) Velocity of Recombinant Human Growth Hormone (r-hGH) Treated Subjects With Hypochondroplasia (HCH) From Year 1 up to 9.5 Years,Centimeter per year (cm/year),MEAN,Standard Deviation,r-hGH (Saizen®),Male: Year 8,,4.25,NA,,
NCT01111019,Growth (Height) Velocity of Recombinant Human Growth Hormone (r-hGH) Treated Subjects With Hypochondroplasia (HCH) From Year 1 up to 9.5 Years,Centimeter per year (cm/year),MEAN,Standard Deviation,r-hGH (Saizen®),Male: Year 9,,4.11,NA,,
NCT01111019,Growth (Height) Velocity of Recombinant Human Growth Hormone (r-hGH) Treated Subjects With Hypochondroplasia (HCH) From Year 1 up to 9.5 Years,Centimeter per year (cm/year),MEAN,Standard Deviation,r-hGH (Saizen®),Male: Year 9.5,,3.94,NA,,
NCT01111019,Growth (Height) Velocity of Recombinant Human Growth Hormone (r-hGH) Treated Subjects With Hypochondroplasia (HCH) From Year 1 up to 9.5 Years,Centimeter per year (cm/year),MEAN,Standard Deviation,r-hGH (Saizen®),Female: Year 1,,7.53,1.460,,
NCT01111019,Growth (Height) Velocity of Recombinant Human Growth Hormone (r-hGH) Treated Subjects With Hypochondroplasia (HCH) From Year 1 up to 9.5 Years,Centimeter per year (cm/year),MEAN,Standard Deviation,r-hGH (Saizen®),Female: Year 2,,6.64,1.713,,
NCT01111019,Growth (Height) Velocity of Recombinant Human Growth Hormone (r-hGH) Treated Subjects With Hypochondroplasia (HCH) From Year 1 up to 9.5 Years,Centimeter per year (cm/year),MEAN,Standard Deviation,r-hGH (Saizen®),Female: Year 3,,5.86,1.677,,
NCT01111019,Growth (Height) Velocity of Recombinant Human Growth Hormone (r-hGH) Treated Subjects With Hypochondroplasia (HCH) From Year 1 up to 9.5 Years,Centimeter per year (cm/year),MEAN,Standard Deviation,r-hGH (Saizen®),Female: Year 4,,6.57,0.572,,
NCT01111019,Growth (Height) Velocity of Recombinant Human Growth Hormone (r-hGH) Treated Subjects With Hypochondroplasia (HCH) From Year 1 up to 9.5 Years,Centimeter per year (cm/year),MEAN,Standard Deviation,r-hGH (Saizen®),Female: Year 5,,5.89,0.787,,
NCT01111019,Growth (Height) Velocity of Recombinant Human Growth Hormone (r-hGH) Treated Subjects With Hypochondroplasia (HCH) From Year 1 up to 9.5 Years,Centimeter per year (cm/year),MEAN,Standard Deviation,r-hGH (Saizen®),Female: Year 6,,5.13,0.006,,
NCT01111019,Growth (Height) Velocity of Recombinant Human Growth Hormone (r-hGH) Treated Subjects With Hypochondroplasia (HCH) From Year 1 up to 9.5 Years,Centimeter per year (cm/year),MEAN,Standard Deviation,r-hGH (Saizen®),Female: Year 7,,5.06,0.120,,
NCT01111019,Growth (Height) Velocity of Recombinant Human Growth Hormone (r-hGH) Treated Subjects With Hypochondroplasia (HCH) From Year 1 up to 9.5 Years,Centimeter per year (cm/year),MEAN,Standard Deviation,r-hGH (Saizen®),Female: Year 8,,4.69,NA,,
NCT01111019,Growth (Height) Velocity of Recombinant Human Growth Hormone (r-hGH) Treated Subjects With Hypochondroplasia (HCH) From Year 1 up to 9.5 Years,Centimeter per year (cm/year),MEAN,Standard Deviation,r-hGH (Saizen®),Female: Year 8.5,,4.54,NA,,
NCT01124643,Change From Baseline in Left Ventricular Mass Indexed to Height (LVMI),g/m^2.7,MEAN,Standard Deviation,Replagal® (0.2 mg/kg),,,-0.75,13.46,,
NCT01156480,Growth Velocity,grams/kg/d,NUMBER,,Placebo,,,14.4,,,
NCT01156805,Height,m,MEAN,Standard Deviation,"Educational Intervention, Control",,,1.21,0.06,,
NCT01156805,Height,m,MEAN,Standard Deviation,Non Intervention,,,1.19,0.06,,
NCT01156805,Father's Height,m,MEAN,Standard Deviation,"Educational Intervention, Control",,,1.74,0.07,,
NCT01156805,Father's Height,m,MEAN,Standard Deviation,Non Intervention,,,1.75,0.07,,
NCT01156805,Mother's Height,m,MEAN,Standard Deviation,"Educational Intervention, Control",,,1.61,0.07,,
NCT01156805,Mother's Height,m,MEAN,Standard Deviation,Non Intervention,,,1.62,0.07,,
NCT01161524,Mean Change From Baseline in Bone Age Minus Age (Months) From Hand X-ray (Extension Phase),Months,MEAN,Standard Deviation,Perampanel (Extension Phase),Baseline,,3.3,16.21,,
NCT01161524,Mean Change From Baseline in Bone Age Minus Age (Months) From Hand X-ray (Extension Phase),Months,MEAN,Standard Deviation,Perampanel (Extension Phase),Change from Baseline at EOT,,-2.0,9.83,,
NCT01173016,Changes in Growth Velocity,cm/year,MEAN,Standard Deviation,Laronidase After Transplantation,,,-1.1,3.8,,
NCT01176266,Effect of Asfotase Alfa Treatment on Physical Growth - Length/Height Z-scores Change From Baseline to Last Obtained Value,Z-score,MEDIAN,Full Range,Asfotase Alfa,,,0.5,,-4,4
NCT01205152,Effect of SC Asfotase Alfa on Growth: Height/Length Z-scores,Z-score,MEDIAN,Full Range,Asfotase Alfa,,,1.93,,-3.2,4.6
NCT01207908,Difference in Height Velocity Between Groups (Control Minus IGF-1) for Change at 6 Months Versus Baseline,cm/year,MEAN,Standard Deviation,IGF-1,,,2.60,1.64,,
NCT01207908,Difference in Height Velocity Between Groups (Control Minus IGF-1) for Change at 6 Months Versus Baseline,cm/year,MEAN,Standard Deviation,Standard Steroid Treatment Alone,,,-0.06,1.69,,
NCT01234649,Waist to Height Ratio (WHtR),ratio of waist /height,MEAN,Standard Deviation,Metformin XR Plus Liraglutide,,,.56,.08,,
NCT01234649,Waist to Height Ratio (WHtR),ratio of waist /height,MEAN,Standard Deviation,Metformin XR Plus Placebo,,,.57,.07,,
NCT01248416,Change in Height,Centimeters,MEAN,Standard Error,Aromatase Inhibitor,,,14,0.8,,
NCT01248416,Change in Height,Centimeters,MEAN,Standard Error,Growth Hormone,,,17.1,0.9,,
NCT01248416,Change in Height,Centimeters,MEAN,Standard Error,Aromatase Inhibitor and Growth Hormone,,,18.9,0.8,,
NCT01248416,Change in Predicted Height,centimeters,LEAST_SQUARES_MEAN,Standard Error,Aromatase Inhibitor,,,0.5,1.0,,
NCT01248416,Change in Predicted Height,centimeters,LEAST_SQUARES_MEAN,Standard Error,Growth Hormone,,,4.9,0.9,,
NCT01248416,Change in Predicted Height,centimeters,LEAST_SQUARES_MEAN,Standard Error,Aromatase Inhibitor and Growth Hormone,,,7.4,0.9,,
NCT01248416,Change in Bone Density z Score Adjusted for Height,z-score,LEAST_SQUARES_MEAN,Standard Error,Aromatase Inhibitor,,,-1.061,0.313,,
NCT01248416,Change in Bone Density z Score Adjusted for Height,z-score,LEAST_SQUARES_MEAN,Standard Error,Growth Hormone,,,-0.586,0.244,,
NCT01248416,Change in Bone Density z Score Adjusted for Height,z-score,LEAST_SQUARES_MEAN,Standard Error,Aromatase Inhibitor and Growth Hormone,,,-0.605,0.257,,
NCT01277510,Growth Velocity From Baseline to End of Double-blind Phase,cm/year,LEAST_SQUARES_MEAN,95% Confidence Interval,Placebo,,,3.1,,0.7,5.6
NCT01277510,Growth Velocity From Baseline to End of Double-blind Phase,cm/year,LEAST_SQUARES_MEAN,95% Confidence Interval,Cinacalcet,,,3.3,,0.8,5.8
NCT01277510,Growth Velocity From End of Double-blind Phase to End of Open-label Phase,cm/year,MEAN,Standard Deviation,Placebo,,,2.75,3.23,,
NCT01277510,Growth Velocity From End of Double-blind Phase to End of Open-label Phase,cm/year,MEAN,Standard Deviation,Cinacalcet,,,1.21,1.31,,
NCT01302080,Change From Baseline in Height at Month 3,Z-score,MEAN,Standard Deviation,Sertraline,Baseline,,0.31,1.1,,
NCT01302080,Change From Baseline in Height at Month 3,Z-score,MEAN,Standard Deviation,Other Antidepressants,Baseline,,0.76,1.4,,
NCT01302080,Change From Baseline in Height at Month 3,Z-score,MEAN,Standard Deviation,Psychotherapy,Baseline,,0.32,1.1,,
NCT01302080,Change From Baseline in Height at Month 3,Z-score,MEAN,Standard Deviation,Sertraline,Change at Month 3,,0.00,0.3,,
NCT01302080,Change From Baseline in Height at Month 3,Z-score,MEAN,Standard Deviation,Other Antidepressants,Change at Month 3,,-0.03,0.1,,
NCT01302080,Change From Baseline in Height at Month 3,Z-score,MEAN,Standard Deviation,Psychotherapy,Change at Month 3,,-0.01,0.3,,
NCT01302080,Change From Baseline in Height at Month 6,Z-score,MEAN,Standard Deviation,Sertraline,,,-0.02,0.3,,
NCT01302080,Change From Baseline in Height at Month 6,Z-score,MEAN,Standard Deviation,Other Antidepressants,,,0.07,0.4,,
NCT01302080,Change From Baseline in Height at Month 6,Z-score,MEAN,Standard Deviation,Psychotherapy,,,0.00,0.4,,
NCT01302080,Change From Baseline in Height at Month 12,Z-score,MEAN,Standard Deviation,Sertraline,,,-0.01,0.4,,
NCT01302080,Change From Baseline in Height at Month 12,Z-score,MEAN,Standard Deviation,Other Antidepressants,,,0.06,0.5,,
NCT01302080,Change From Baseline in Height at Month 12,Z-score,MEAN,Standard Deviation,Psychotherapy,,,-0.04,0.4,,
NCT01302080,Change From Baseline in Height at Month 18,Z-score,MEAN,Standard Deviation,Sertraline,,,-0.03,0.5,,
NCT01302080,Change From Baseline in Height at Month 18,Z-score,MEAN,Standard Deviation,Other Antidepressants,,,0.00,0.5,,
NCT01302080,Change From Baseline in Height at Month 18,Z-score,MEAN,Standard Deviation,Psychotherapy,,,-0.02,0.6,,
NCT01302080,Change From Baseline in Height at Month 24,Z-score,MEAN,Standard Deviation,Sertraline,,,0.01,0.5,,
NCT01302080,Change From Baseline in Height at Month 24,Z-score,MEAN,Standard Deviation,Other Antidepressants,,,-0.02,0.6,,
NCT01302080,Change From Baseline in Height at Month 24,Z-score,MEAN,Standard Deviation,Psychotherapy,,,-0.02,0.5,,
NCT01302080,Change From Baseline in Height at Month 30,Z-score,MEAN,Standard Deviation,Sertraline,,,0.01,0.7,,
NCT01302080,Change From Baseline in Height at Month 30,Z-score,MEAN,Standard Deviation,Other Antidepressants,,,-0.10,0.6,,
NCT01302080,Change From Baseline in Height at Month 30,Z-score,MEAN,Standard Deviation,Psychotherapy,,,0.00,0.6,,
NCT01302080,Change From Baseline in Height at Month 36,Z-score,MEAN,Standard Deviation,Sertraline,,,0.00,0.7,,
NCT01302080,Change From Baseline in Height at Month 36,Z-score,MEAN,Standard Deviation,Other Antidepressants,,,-0.04,0.7,,
NCT01302080,Change From Baseline in Height at Month 36,Z-score,MEAN,Standard Deviation,Psychotherapy,,,-0.02,0.9,,
NCT01328756,Change From Baseline in Height at Last On-treatment Assessment (LOTA),centimeter(s),MEAN,Standard Deviation,Lisdexamfetamine Dimesylate,,,6.1,4.9,,
NCT01342952,Change From Baseline in Vital Sign Parameter: Height,Centimeters,MEAN,Standard Deviation,Ambrisentan 2.5 mg (Safety),,,25.3,19.99,,
NCT01342952,Change From Baseline in Vital Sign Parameter: Height,Centimeters,MEAN,Standard Deviation,Ambrisentan 5 mg (Safety),,,9.9,9.92,,
NCT01342952,Change From Baseline in Vital Sign Parameter: Height,Centimeters,MEAN,Standard Deviation,Ambrisentan 7.5 mg (Safety),,,7.2,9.47,,
NCT01342952,Change From Baseline in Vital Sign Parameter: Height,Centimeters,MEAN,Standard Deviation,Ambrisentan 10 mg (Safety),,,12.1,17.55,,
NCT01361867,Step Height Adaptation,% step height compensated for,MEAN,Standard Error,Robot-induced Perturbations,,,6.1,4.1,,
NCT01365481,"Number of Participants With MSSBP, MSDBP and (MSSBP and MSDBP Combined) < 95th Percentile for Gender, Age, and Height",Number of Participants,NUMBER,,Valsartan + Antihypertensive Group,"MSSBP (n=39, 105)",,23,,,
NCT01365481,"Number of Participants With MSSBP, MSDBP and (MSSBP and MSDBP Combined) < 95th Percentile for Gender, Age, and Height",Number of Participants,NUMBER,,Valsartan Alone,"MSSBP (n=39, 105)",,90,,,
NCT01365481,"Number of Participants With MSSBP, MSDBP and (MSSBP and MSDBP Combined) < 95th Percentile for Gender, Age, and Height",Number of Participants,NUMBER,,Valsartan + Antihypertensive Group,"MSDBP (n=28, 51)",,20,,,
NCT01365481,"Number of Participants With MSSBP, MSDBP and (MSSBP and MSDBP Combined) < 95th Percentile for Gender, Age, and Height",Number of Participants,NUMBER,,Valsartan Alone,"MSDBP (n=28, 51)",,47,,,
NCT01365481,"Number of Participants With MSSBP, MSDBP and (MSSBP and MSDBP Combined) < 95th Percentile for Gender, Age, and Height",Number of Participants,NUMBER,,Valsartan + Antihypertensive Group,"MSSBP and MSDBP combined (n=40, 105)",,22,,,
NCT01365481,"Number of Participants With MSSBP, MSDBP and (MSSBP and MSDBP Combined) < 95th Percentile for Gender, Age, and Height",Number of Participants,NUMBER,,Valsartan Alone,"MSSBP and MSDBP combined (n=40, 105)",,88,,,
NCT01368497,"Growth Measures: Z-scores Weight, Height, and Body Mass Index",Z-score,MEAN,95% Confidence Interval,Entecavir and Peginterferon,Z-score weight,,-0.48,,-0.94,-0.10
NCT01368497,"Growth Measures: Z-scores Weight, Height, and Body Mass Index",Z-score,MEAN,95% Confidence Interval,Entecavir and Peginterferon,Z-score height,,-0.41,,-0.78,-0.04
NCT01368497,"Growth Measures: Z-scores Weight, Height, and Body Mass Index",Z-score,MEAN,95% Confidence Interval,Entecavir and Peginterferon,Z-score BMI,,-0.37,,-0.82,0.01
NCT01368497,"Growth Measures: Z-scores Weight, Height, and Body Mass Index",Z-score,MEAN,95% Confidence Interval,Entecavir and Peginterferon,Z-score weight,,-0.34,,-0.81,0.02
NCT01368497,"Growth Measures: Z-scores Weight, Height, and Body Mass Index",Z-score,MEAN,95% Confidence Interval,Entecavir and Peginterferon,Z-score height,,-0.45,,-0.88,-0.04
NCT01368497,"Growth Measures: Z-scores Weight, Height, and Body Mass Index",Z-score,MEAN,95% Confidence Interval,Entecavir and Peginterferon,Z-score BMI,,-0.14,,-0.54,0.21
NCT01375049,Change From Baseline in Height,cm,MEAN,Standard Deviation,AZLI,"Change at Day 28 (On-Treatment, n = 104)",,0.6,0.87,,
NCT01375049,Change From Baseline in Height,cm,MEAN,Standard Deviation,AZLI,"Change at Day 56 (Posttreatment, n = 101)",,1.4,1.27,,
NCT01375049,Change From Baseline in Height,cm,MEAN,Standard Deviation,AZLI,"Change at Day 112 (Posttreatment, n = 90)",,2.6,2.00,,
NCT01375049,Change From Baseline in Height,cm,MEAN,Standard Deviation,AZLI,"Change at Day 196 (Posttreatment, n = 69)",,4.5,2.86,,
NCT01383616,Anterior Vertebral Body Height Restoration Following Surgery With Kyphoplasty,percent change,MEAN,Standard Deviation,Unipedicular Kyphoplasty,,,20.5,15,,
NCT01383616,Anterior Vertebral Body Height Restoration Following Surgery With Kyphoplasty,percent change,MEAN,Standard Deviation,Bipedicular Kyphoplasty Group,,,14.8,10.9,,
NCT01383616,Middle Vertebral Body Height Restoration Following Surgery With Kyphoplasty,percent change,MEAN,Standard Deviation,Unipedicular Kyphoplasty,,,17.8,12.8,,
NCT01383616,Middle Vertebral Body Height Restoration Following Surgery With Kyphoplasty,percent change,MEAN,Standard Deviation,Bipedicular Kyphoplasty Group,,,13.7,8.9,,
NCT01400698,Final Height,cm,MEAN,Standard Deviation,Non-Final Height: Not Treated,,,145.90,16.08,,
NCT01400698,Final Height,cm,MEAN,Standard Deviation,Non-Final Height: Treated,,,150.06,12.89,,
NCT01400698,Final Height,cm,MEAN,Standard Deviation,Final Height: Not Treated,,,153.27,8.71,,
NCT01400698,Final Height,cm,MEAN,Standard Deviation,Final Height: Treated,,,155.59,8.38,,
NCT01400698,Height Standard Deviation Score (HSDS),standard deviation score,MEAN,Standard Deviation,Non-Final Height: Not Treated,,,-1.45,0.76,,
NCT01400698,Height Standard Deviation Score (HSDS),standard deviation score,MEAN,Standard Deviation,Non-Final Height: Treated,,,-1.90,1.73,,
NCT01400698,Height Standard Deviation Score (HSDS),standard deviation score,MEAN,Standard Deviation,Final Height: Not Treated,,,-2.33,1.01,,
NCT01400698,Height Standard Deviation Score (HSDS),standard deviation score,MEAN,Standard Deviation,Final Height: Treated,,,-1.99,0.88,,
NCT01400698,Parental Adjusted Height Standard Deviation Score (PAHSDS),standard deviation score,MEAN,Standard Deviation,Non-Final Height: Not Treated,,,-0.82,0.59,,
NCT01400698,Parental Adjusted Height Standard Deviation Score (PAHSDS),standard deviation score,MEAN,Standard Deviation,Non-Final Height: Treated,,,-1.52,1.92,,
NCT01400698,Parental Adjusted Height Standard Deviation Score (PAHSDS),standard deviation score,MEAN,Standard Deviation,Final Height: Not Treated,,,-1.64,1.61,,
NCT01400698,Parental Adjusted Height Standard Deviation Score (PAHSDS),standard deviation score,MEAN,Standard Deviation,Final Height: Treated,,,-1.24,1.39,,
NCT01412021,Change From Baseline in Height at Week 4,cm,MEAN,Standard Deviation,Humira,,,0.24,0.65,,
NCT01412021,Change From Baseline in Height at Week 8,cm,MEAN,Standard Deviation,Humira,,,0.59,0.92,,
NCT01412021,Change From Baseline in Height at Week 12,cm,MEAN,Standard Deviation,Humira,,,0.88,0.96,,
NCT01412021,Change From Baseline in Height at Week 16,cm,MEAN,Standard Deviation,Humira,,,1.25,1.40,,
NCT01412021,Change From Baseline in Height at Week 24,cm,MEAN,Standard Deviation,Humira,,,1.60,1.63,,
NCT01419249,Change From Baseline in Height at Year 1,centimeter,MEAN,Standard Deviation,Idiopathic Growth Hormone Deficiency (IGHD) Cohort,Baseline,,103.6,18.1,,
NCT01419249,Change From Baseline in Height at Year 1,centimeter,MEAN,Standard Deviation,Turner Syndrome (TS) Cohort,Baseline,,103.5,16.3,,
NCT01419249,Change From Baseline in Height at Year 1,centimeter,MEAN,Standard Deviation,Idiopathic Growth Hormone Deficiency (IGHD) Cohort,Change at Year 1,,9.8,2.7,,
NCT01419249,Change From Baseline in Height at Year 1,centimeter,MEAN,Standard Deviation,Turner Syndrome (TS) Cohort,Change at Year 1,,8.6,2.0,,
NCT01419249,Change From Baseline in Height Standard Deviation Score (SDS) at Year 1,standard deviation score,MEAN,Standard Deviation,Idiopathic Growth Hormone Deficiency (IGHD) Cohort,Baseline,,-2.60,1.06,,
NCT01419249,Change From Baseline in Height Standard Deviation Score (SDS) at Year 1,standard deviation score,MEAN,Standard Deviation,Turner Syndrome (TS) Cohort,Baseline,,-2.17,1.03,,
NCT01419249,Change From Baseline in Height Standard Deviation Score (SDS) at Year 1,standard deviation score,MEAN,Standard Deviation,Idiopathic Growth Hormone Deficiency (IGHD) Cohort,Change at Year 1,,0.98,0.67,,
NCT01419249,Change From Baseline in Height Standard Deviation Score (SDS) at Year 1,standard deviation score,MEAN,Standard Deviation,Turner Syndrome (TS) Cohort,Change at Year 1,,0.71,0.48,,
NCT01419249,Height Velocity Standard Deviation Score (SDS) at Year 1,standard deviation score,MEAN,Standard Deviation,Idiopathic Growth Hormone Deficiency (IGHD) Cohort,,,4.18,2.90,,
NCT01419249,Height Velocity Standard Deviation Score (SDS) at Year 1,standard deviation score,MEAN,Standard Deviation,Turner Syndrome (TS) Cohort,,,2.59,1.92,,
NCT01420068,Change in Height Assessments From Baseline (Visit 2 of the Core Study) to Long Term (LT) Visit 18 (Week 104) for the EFS,cm,LEAST_SQUARES_MEAN,Standard Error,Enalapril,,,7.27,0.586,,
NCT01420068,Change in Height Assessments From Baseline (Visit 2 of the Core Study) to Long Term (LT) Visit 18 (Week 104) for the EFS,cm,LEAST_SQUARES_MEAN,Standard Error,Aliskiren,,,7.96,0.607,,
NCT01420068,Change in Height Assessments From Baseline (Visit 2 of the Core Study) to EOS by Hypertension Group,cm,LEAST_SQUARES_MEAN,Standard Error,Enalapril,Primary Hypertension Group,,6.80,0.529,,
NCT01420068,Change in Height Assessments From Baseline (Visit 2 of the Core Study) to EOS by Hypertension Group,cm,LEAST_SQUARES_MEAN,Standard Error,Aliskiren,Primary Hypertension Group,,7.42,0.528,,
NCT01420068,Change in Height Assessments From Baseline (Visit 2 of the Core Study) to EOS by Hypertension Group,cm,LEAST_SQUARES_MEAN,Standard Error,Enalapril,Secondary Hypertension Group,,16.05,3.316,,
NCT01420068,Change in Height Assessments From Baseline (Visit 2 of the Core Study) to EOS by Hypertension Group,cm,LEAST_SQUARES_MEAN,Standard Error,Aliskiren,Secondary Hypertension Group,,16.96,3.044,,
NCT01438411,Physical Examinations: Height,Height percentiles,MEAN,Standard Error,Cholic Acid,Baseline,,26.767,4.4448,,
NCT01438411,Physical Examinations: Height,Height percentiles,MEAN,Standard Error,Cholic Acid,Worst-post-BL value,,25.540,4.1064,,
NCT01461044,Mean Height at the Time of Local or Metastatic Progression,centimeters,MEAN,Standard Deviation,Bevacizumab: HR+ Breast Cancer,,,161.7,5.9,,
NCT01461044,Mean Height at the Time of Local or Metastatic Progression,centimeters,MEAN,Standard Deviation,Bevacizumab: TN Breast Cancer,,,164.1,5.6,,
NCT01463306,Absolute Values for Body Height at Baseline,Centimeters,MEAN,Standard Deviation,Pregabalin: Previous and Current,Age: 1 Month to <2 Years,,74.7,7.91,,
NCT01463306,Absolute Values for Body Height at Baseline,Centimeters,MEAN,Standard Deviation,Placebo-Previous to Pregabalin-Current,Age: 1 Month to <2 Years,,74.8,8.24,,
NCT01463306,Absolute Values for Body Height at Baseline,Centimeters,MEAN,Standard Deviation,Pregabalin: Previous and Current,Age: 2 Years to <4 Years,,92.2,7.13,,
NCT01463306,Absolute Values for Body Height at Baseline,Centimeters,MEAN,Standard Deviation,Placebo-Previous to Pregabalin-Current,Age: 2 Years to <4 Years,,91.0,8.21,,
NCT01463306,Absolute Values for Body Height at Baseline,Centimeters,MEAN,Standard Deviation,Pregabalin: Previous and Current,Age: 4 Years to <10 Years,,119.3,15.16,,
NCT01463306,Absolute Values for Body Height at Baseline,Centimeters,MEAN,Standard Deviation,Placebo-Previous to Pregabalin-Current,Age: 4 Years to <10 Years,,118.5,11.36,,
NCT01463306,Absolute Values for Body Height at Baseline,Centimeters,MEAN,Standard Deviation,Direct Pregabalin,Age: 4 Years to <10 Years,,126.0,12.60,,
NCT01463306,Absolute Values for Body Height at Baseline,Centimeters,MEAN,Standard Deviation,Pregabalin: Previous and Current,Age: 10 Years to 16 Years,,153.5,14.50,,
NCT01463306,Absolute Values for Body Height at Baseline,Centimeters,MEAN,Standard Deviation,Placebo-Previous to Pregabalin-Current,Age: 10 Years to 16 Years,,154.7,11.88,,
NCT01463306,Absolute Values for Body Height at Baseline,Centimeters,MEAN,Standard Deviation,Direct Pregabalin,Age: 10 Years to 16 Years,,153.4,7.06,,
NCT01463306,Absolute Values for Body Height at Baseline,Centimeters,MEAN,Standard Deviation,Pregabalin: Previous and Current,Age: >=17 Years,,170.4,9.18,,
NCT01463306,Absolute Values for Body Height at Baseline,Centimeters,MEAN,Standard Deviation,Placebo-Previous to Pregabalin-Current,Age: >=17 Years,,170.7,9.99,,
NCT01463306,Absolute Values for Body Height at Month 12,Centimeters,MEAN,Standard Deviation,Pregabalin: Previous and Current,Age: 1 Month to <2 Years,,84.4,7.27,,
NCT01463306,Absolute Values for Body Height at Month 12,Centimeters,MEAN,Standard Deviation,Placebo-Previous to Pregabalin-Current,Age: 1 Month to <2 Years,,85.3,9.01,,
NCT01463306,Absolute Values for Body Height at Month 12,Centimeters,MEAN,Standard Deviation,Pregabalin: Previous and Current,Age: 2 Years to <4 Years,,99.3,7.90,,
NCT01463306,Absolute Values for Body Height at Month 12,Centimeters,MEAN,Standard Deviation,Placebo-Previous to Pregabalin-Current,Age: 2 Years to <4 Years,,98.1,8.94,,
NCT01463306,Absolute Values for Body Height at Month 12,Centimeters,MEAN,Standard Deviation,Pregabalin: Previous and Current,Age: 4 Years to <10 Years,,128.2,15.94,,
NCT01463306,Absolute Values for Body Height at Month 12,Centimeters,MEAN,Standard Deviation,Placebo-Previous to Pregabalin-Current,Age: 4 Years to <10 Years,,126.6,10.80,,
NCT01463306,Absolute Values for Body Height at Month 12,Centimeters,MEAN,Standard Deviation,Direct Pregabalin,Age: 4 Years to <10 Years,,128.2,13.08,,
NCT01463306,Absolute Values for Body Height at Month 12,Centimeters,MEAN,Standard Deviation,Pregabalin: Previous and Current,Age: 10 Years to 16 Years,,158.1,13.64,,
NCT01463306,Absolute Values for Body Height at Month 12,Centimeters,MEAN,Standard Deviation,Placebo-Previous to Pregabalin-Current,Age: 10 Years to 16 Years,,160.5,11.87,,
NCT01463306,Absolute Values for Body Height at Month 12,Centimeters,MEAN,Standard Deviation,Direct Pregabalin,Age: 10 Years to 16 Years,,153.7,6.58,,
NCT01463306,Absolute Values for Body Height at Month 12,Centimeters,MEAN,Standard Deviation,Pregabalin: Previous and Current,Age: >=17 Years,,170.8,9.54,,
NCT01463306,Absolute Values for Body Height at Month 12,Centimeters,MEAN,Standard Deviation,Placebo-Previous to Pregabalin-Current,Age: >=17 Years,,170.6,10.14,,
NCT01467882,Change From Baseline in Height-for-age Z-score Per 2000 CDC Growth Charts at Months 6 and 12,Z-score,MEAN,Standard Deviation,Children,at Month 6,,0.05,0.20,,
NCT01467882,Change From Baseline in Height-for-age Z-score Per 2000 CDC Growth Charts at Months 6 and 12,Z-score,MEAN,Standard Deviation,Children,at Month 12,,0.00,0.27,,
NCT01467882,Change From Baseline in Height-for-age Percentile Per 2000 CDC Growth Charts at Months 6 and 12,percentile,MEAN,Standard Deviation,Children,at Month 6,,1.01,3.21,,
NCT01467882,Change From Baseline in Height-for-age Percentile Per 2000 CDC Growth Charts at Months 6 and 12,percentile,MEAN,Standard Deviation,Children,at Month 12,,0.91,4.39,,
NCT01467882,Change From Baseline in Growth Velocity at Months 6 and 12,cm/year,MEAN,Standard Deviation,Children,at Month 6,,6.84,2.33,,
NCT01467882,Change From Baseline in Growth Velocity at Months 6 and 12,cm/year,MEAN,Standard Deviation,Children,at Month 12,,6.05,1.7,,
NCT01467882,Percentage of Participants Without Bone Age / Chronological Age Ratio Increase From Baseline at Months 6 and 12,percentage of participants,NUMBER,,Children,at Month 6,,63.64,,,
NCT01467882,Percentage of Participants Without Bone Age / Chronological Age Ratio Increase From Baseline at Months 6 and 12,percentage of participants,NUMBER,,Children,at Month 12,,95.45,,,
NCT01470469,Change From Baseline in Height at up to 12 Weeks,cm,MEAN,Standard Deviation,PLACEBO,,,0.5,0.91,,
NCT01470469,Change From Baseline in Height at up to 12 Weeks,cm,MEAN,Standard Deviation,SPD503,,,1.0,1.79,,
NCT01473160,Average Tear Meniscus Height,pixels,MEAN,Standard Deviation,Delefilcon A,8 hours after lens insertion,,28.0,6.9,,
NCT01473160,Average Tear Meniscus Height,pixels,MEAN,Standard Deviation,Narafilcon A,8 hours after lens insertion,,26.7,8.2,,
NCT01473160,Average Tear Meniscus Height,pixels,MEAN,Standard Deviation,Delefilcon A,12 hours after lens insertion,,26.0,5.2,,
NCT01473160,Average Tear Meniscus Height,pixels,MEAN,Standard Deviation,Narafilcon A,12 hours after lens insertion,,24.0,7.7,,
NCT01473160,Average Tear Meniscus Height,pixels,MEAN,Standard Deviation,Delefilcon A,16 hours after lens insertion,,28.7,11.1,,
NCT01473160,Average Tear Meniscus Height,pixels,MEAN,Standard Deviation,Narafilcon A,16 hours after lens insertion,,27.1,10.8,,
NCT01485614,Growth Velocity at Week 20 - Females,cm/year,MEAN,Standard Deviation,Sitagliptin,,,3.2,8.2,8.2,
NCT01485614,Growth Velocity at Week 20 - Females,cm/year,MEAN,Standard Deviation,Placebo/Metformin,,,1.9,2.7,2.7,
NCT01485614,Growth Velocity at Week 20 - Females,cm/year,MEAN,Standard Deviation,Metformin,,,5.0,6.8,6.8,
NCT01485614,Growth Velocity at Week 20 - Females,cm/year,MEAN,Standard Deviation,Placebo/Sitagliptin,,,0.6,1.6,1.6,
NCT01485614,Growth Velocity at Week 54 - Females,cm/year,MEAN,Standard Deviation,Sitagliptin,,,2.1,3.7,,
NCT01485614,Growth Velocity at Week 54 - Females,cm/year,MEAN,Standard Deviation,Placebo/Metformin,,,1.2,1.8,,
NCT01485614,Growth Velocity at Week 54 - Females,cm/year,MEAN,Standard Deviation,Metformin,,,2.4,2.9,,
NCT01485614,Growth Velocity at Week 54 - Females,cm/year,MEAN,Standard Deviation,Placebo/Sitagliptin,,,0.7,1.0,,
NCT01485614,Growth Velocity at Week 20 - Males,cm/year,MEAN,Standard Deviation,Sitagliptin,,,2.6,2.7,2.7,
NCT01485614,Growth Velocity at Week 20 - Males,cm/year,MEAN,Standard Deviation,Placebo/Metformin,,,3.6,3.2,3.2,
NCT01485614,Growth Velocity at Week 20 - Males,cm/year,MEAN,Standard Deviation,Metformin,,,-1.0,1.3,1.3,
NCT01485614,Growth Velocity at Week 20 - Males,cm/year,MEAN,Standard Deviation,Placebo/Sitagliptin,,,1.7,2.4,2.4,
NCT01485614,Growth Velocity at Week 54 - Males,cm/year,MEAN,Standard Deviation,Sitagliptin,,,2.5,2.5,,
NCT01485614,Growth Velocity at Week 54 - Males,cm/year,MEAN,Standard Deviation,Placebo/Metformin,,,2.8,2.1,,
NCT01485614,Growth Velocity at Week 54 - Males,cm/year,MEAN,Standard Deviation,Metformin,,,1.7,NA,,
NCT01485614,Growth Velocity at Week 54 - Males,cm/year,MEAN,Standard Deviation,Placebo/Sitagliptin,,,2.8,4.0,,
NCT01491854,to Evaluate Final Height,cm,MEAN,Standard Deviation,Monitoring of Long-term Safety,baseline,,152.63,16.362,,
NCT01491854,to Evaluate Final Height,cm,MEAN,Standard Deviation,Monitoring of Long-term Safety,6 months,,152.41,16.894,,
NCT01491854,to Evaluate Final Height,cm,MEAN,Standard Deviation,Monitoring of Long-term Safety,1 year,,152.43,16.698,,
NCT01491854,to Evaluate Final Height,cm,MEAN,Standard Deviation,Monitoring of Long-term Safety,5 years,,150.42,12.938,,
NCT01500551,Absolute Value of Height at Baseline,Centimeters,MEAN,Standard Deviation,Tofacitinib 5 mg BID (Open-label),,,141.36,23.62,,
NCT01500551,Absolute Value of Height at Month 12 and Its Change From Baseline at Month 12,Centimeters,MEAN,Standard Deviation,Tofacitinib 5 mg BID (Open-label),Absolute at Month 12,,147.87,20.92,,
NCT01500551,Absolute Value of Height at Month 12 and Its Change From Baseline at Month 12,Centimeters,MEAN,Standard Deviation,Tofacitinib 5 mg BID (Open-label),Change at Month 12,,5.55,5.66,,
NCT01500551,Absolute Value of Height at Month 24 and Its Change From Baseline at Month 24,Centimeters,MEAN,Standard Deviation,Tofacitinib 5 mg BID (Open-label),Absolute at Month 24,,151.60,19.34,,
NCT01500551,Absolute Value of Height at Month 24 and Its Change From Baseline at Month 24,Centimeters,MEAN,Standard Deviation,Tofacitinib 5 mg BID (Open-label),Change at Month 24,,9.30,7.96,,
NCT01500551,Absolute Value of Height at Month 36 and Its Change From Baseline at Month 36,Centimeters,MEAN,Standard Deviation,Tofacitinib 5 mg BID (Open-label),Absolute at Month 36,,155.76,16.05,,
NCT01500551,Absolute Value of Height at Month 36 and Its Change From Baseline at Month 36,Centimeters,MEAN,Standard Deviation,Tofacitinib 5 mg BID (Open-label),Change at Month 36,,10.97,10.49,,
NCT01500551,Absolute Value of Height at Month 48 and Its Change From Baseline at Month 48,Centimeters,MEAN,Standard Deviation,Tofacitinib 5 mg BID (Open-label),Absolute at Month 48,,157.82,14.81,,
NCT01500551,Absolute Value of Height at Month 48 and Its Change From Baseline at Month 48,Centimeters,MEAN,Standard Deviation,Tofacitinib 5 mg BID (Open-label),Change at Month 48,,14.07,12.55,,
NCT01500551,Absolute Value of Height at Month 60 and Its Change From Baseline at Month 60,Centimeters,MEAN,Standard Deviation,Tofacitinib 5 mg BID (Open-label),Absolute at Month 60,,158.92,14.15,,
NCT01500551,Absolute Value of Height at Month 60 and Its Change From Baseline at Month 60,Centimeters,MEAN,Standard Deviation,Tofacitinib 5 mg BID (Open-label),Change at Month 60,,17.71,14.86,,
NCT01500551,Absolute Value of Height at Month 72 and Its Change From Baseline at Month 72,Centimeters,MEAN,Standard Deviation,Tofacitinib 5 mg BID (Open-label),Absolute at Month 72,,159.76,14.41,,
NCT01500551,Absolute Value of Height at Month 72 and Its Change From Baseline at Month 72,Centimeters,MEAN,Standard Deviation,Tofacitinib 5 mg BID (Open-label),Change at Month 72,,22.92,16.35,,
NCT01500551,Absolute Value of Height at Month 84 and Its Change From Baseline at Month 84,Centimeters,MEAN,Standard Deviation,Tofacitinib 5 mg BID (Open-label),Absolute at Month 84,,163.15,11.00,,
NCT01500551,Absolute Value of Height at Month 84 and Its Change From Baseline at Month 84,Centimeters,MEAN,Standard Deviation,Tofacitinib 5 mg BID (Open-label),Change at Month 84,,27.95,18.02,,
NCT01500694,Change From Baseline in Mean Height at Final Assessment,centimeter (cm),MEAN,Standard Deviation,SPD503 (6-12 Years),"Baseline (n = 131, 83)",,142.03,10.916,,
NCT01500694,Change From Baseline in Mean Height at Final Assessment,centimeter (cm),MEAN,Standard Deviation,SPD503 (13-18 Years),"Baseline (n = 131, 83)",,166.32,9.274,,
NCT01500694,Change From Baseline in Mean Height at Final Assessment,centimeter (cm),MEAN,Standard Deviation,SPD503 (6-12 Years),"Change at Final Assessment (n = 128, 79)",,8.80,5.075,,
NCT01500694,Change From Baseline in Mean Height at Final Assessment,centimeter (cm),MEAN,Standard Deviation,SPD503 (13-18 Years),"Change at Final Assessment (n = 128, 79)",,5.54,5.491,,
NCT01514279,Body Composition- Waist-to-height Ratio,ratio/year,MEAN,Standard Deviation,HealthyCHANGE,,,-0.003,0.023,,
NCT01514279,Body Composition- Waist-to-height Ratio,ratio/year,MEAN,Standard Deviation,SystemCHANGE,,,0.002,0.017,,
NCT01514279,Body Composition- Waist-to-height Ratio,ratio/year,MEAN,Standard Deviation,Tools4CHANGE,,,-0.001,0.020,,
NCT01519960,Percentage of Participants With >15% Drop in Height Percentile for Age in Groups A and B,percentage of participants,NUMBER,,Group A: PEG-IFN Monotherapy Without Advanced Fibrosis,Week 12,,1,,,
NCT01519960,Percentage of Participants With >15% Drop in Height Percentile for Age in Groups A and B,percentage of participants,NUMBER,,Group B: Untreated Control Without Advanced Fibrosis,Week 12,,0,,,
NCT01519960,Percentage of Participants With >15% Drop in Height Percentile for Age in Groups A and B,percentage of participants,NUMBER,,Group A: PEG-IFN Monotherapy Without Advanced Fibrosis,Week 24,,5,,,
NCT01519960,Percentage of Participants With >15% Drop in Height Percentile for Age in Groups A and B,percentage of participants,NUMBER,,Group B: Untreated Control Without Advanced Fibrosis,Week 24,,8.5,,,
NCT01519960,Percentage of Participants With >15% Drop in Height Percentile for Age in Groups A and B,percentage of participants,NUMBER,,Group A: PEG-IFN Monotherapy Without Advanced Fibrosis,Week 36,,4,,,
NCT01519960,Percentage of Participants With >15% Drop in Height Percentile for Age in Groups A and B,percentage of participants,NUMBER,,Group B: Untreated Control Without Advanced Fibrosis,Week 36,,4.2,,,
NCT01519960,Percentage of Participants With >15% Drop in Height Percentile for Age in Groups A and B,percentage of participants,NUMBER,,Group A: PEG-IFN Monotherapy Without Advanced Fibrosis,Week 48,,6.1,,,
NCT01519960,Percentage of Participants With >15% Drop in Height Percentile for Age in Groups A and B,percentage of participants,NUMBER,,Group B: Untreated Control Without Advanced Fibrosis,Week 48,,2.1,,,
NCT01519960,Percentage of Participants With >15% Drop in Height Percentile for Age in Groups A and B,percentage of participants,NUMBER,,Group A: PEG-IFN Monotherapy Without Advanced Fibrosis,FU Week 12,,10.9,,,
NCT01519960,Percentage of Participants With >15% Drop in Height Percentile for Age in Groups A and B,percentage of participants,NUMBER,,Group B: Untreated Control Without Advanced Fibrosis,FU Week 12,,4.2,,,
NCT01519960,Percentage of Participants With >15% Drop in Height Percentile for Age in Groups A and B,percentage of participants,NUMBER,,Group A: PEG-IFN Monotherapy Without Advanced Fibrosis,FU Week 24,,12,,,
NCT01519960,Percentage of Participants With >15% Drop in Height Percentile for Age in Groups A and B,percentage of participants,NUMBER,,Group B: Untreated Control Without Advanced Fibrosis,FU Week 24,,6.7,,,
NCT01519960,Percentage of Participants With >15% Drop in Height Percentile for Age in Group C,percentage of participants,NUMBER,,Group C: PEG-IFN Monotherapy With Advanced Fibrosis,Week 30,,20,,,
NCT01519960,Percentage of Participants With >15% Drop in Height Percentile for Age in Group C,percentage of participants,NUMBER,,Group C: PEG-IFN Monotherapy With Advanced Fibrosis,Week 36,,10,,,
NCT01519960,Percentage of Participants With >15% Drop in Height Percentile for Age in Group C,percentage of participants,NUMBER,,Group C: PEG-IFN Monotherapy With Advanced Fibrosis,FU Week 4,,10,,,
NCT01519960,Percentage of Participants With >15% Drop in Height Percentile for Age in Group C,percentage of participants,NUMBER,,Group C: PEG-IFN Monotherapy With Advanced Fibrosis,FU Week 12,,10,,,
NCT01519960,Percentage of Participants With >15% Drop in Height Percentile for Age in Group C,percentage of participants,NUMBER,,Group C: PEG-IFN Monotherapy With Advanced Fibrosis,FU Week 24,,20,,,
NCT01519960,Change From Baseline in Height for Age Z-Score in Groups A and B,standard deviations,MEAN,Standard Deviation,Group A: PEG-IFN Monotherapy Without Advanced Fibrosis,Baseline,,0.271,1.149,,
NCT01519960,Change From Baseline in Height for Age Z-Score in Groups A and B,standard deviations,MEAN,Standard Deviation,Group B: Untreated Control Without Advanced Fibrosis,Baseline,,-0.062,1.17,,
NCT01519960,Change From Baseline in Height for Age Z-Score in Groups A and B,standard deviations,MEAN,Standard Deviation,Group A: PEG-IFN Monotherapy Without Advanced Fibrosis,Week 12,,0.011,0.258,,
NCT01519960,Change From Baseline in Height for Age Z-Score in Groups A and B,standard deviations,MEAN,Standard Deviation,Group B: Untreated Control Without Advanced Fibrosis,Week 12,,-0.006,0.185,,
NCT01519960,Change From Baseline in Height for Age Z-Score in Groups A and B,standard deviations,MEAN,Standard Deviation,Group A: PEG-IFN Monotherapy Without Advanced Fibrosis,Week 24,,-0.04,0.293,,
NCT01519960,Change From Baseline in Height for Age Z-Score in Groups A and B,standard deviations,MEAN,Standard Deviation,Group B: Untreated Control Without Advanced Fibrosis,Week 24,,-0.071,0.264,,
NCT01519960,Change From Baseline in Height for Age Z-Score in Groups A and B,standard deviations,MEAN,Standard Deviation,Group A: PEG-IFN Monotherapy Without Advanced Fibrosis,Week 36,,-0.056,0.337,,
NCT01519960,Change From Baseline in Height for Age Z-Score in Groups A and B,standard deviations,MEAN,Standard Deviation,Group B: Untreated Control Without Advanced Fibrosis,Week 36,,-0.025,0.328,,
NCT01519960,Change From Baseline in Height for Age Z-Score in Groups A and B,standard deviations,MEAN,Standard Deviation,Group A: PEG-IFN Monotherapy Without Advanced Fibrosis,Week 48,,-0.099,0.365,,
NCT01519960,Change From Baseline in Height for Age Z-Score in Groups A and B,standard deviations,MEAN,Standard Deviation,Group B: Untreated Control Without Advanced Fibrosis,Week 48,,-0.013,0.284,,
NCT01519960,Change From Baseline in Height for Age Z-Score in Groups A and B,standard deviations,MEAN,Standard Deviation,Group A: PEG-IFN Monotherapy Without Advanced Fibrosis,FU Week 12,,-0.112,0.404,,
NCT01519960,Change From Baseline in Height for Age Z-Score in Groups A and B,standard deviations,MEAN,Standard Deviation,Group B: Untreated Control Without Advanced Fibrosis,FU Week 12,,-0.037,0.243,,
NCT01519960,Change From Baseline in Height for Age Z-Score in Groups A and B,standard deviations,MEAN,Standard Deviation,Group A: PEG-IFN Monotherapy Without Advanced Fibrosis,FU Week 24,,-0.117,0.429,,
NCT01519960,Change From Baseline in Height for Age Z-Score in Groups A and B,standard deviations,MEAN,Standard Deviation,Group B: Untreated Control Without Advanced Fibrosis,FU Week 24,,-0.079,0.282,,
NCT01519960,Change From Baseline in Height for Age Z-Score in Group C,standard deviations,MEAN,Standard Deviation,Group C: PEG-IFN Monotherapy With Advanced Fibrosis,Baseline,,0.586,0.947,0.947,
NCT01519960,Change From Baseline in Height for Age Z-Score in Group C,standard deviations,MEAN,Standard Deviation,Group C: PEG-IFN Monotherapy With Advanced Fibrosis,Week 12,,0.07,0.492,0.492,
NCT01519960,Change From Baseline in Height for Age Z-Score in Group C,standard deviations,MEAN,Standard Deviation,Group C: PEG-IFN Monotherapy With Advanced Fibrosis,Week 24,,0.262,0.42,0.42,
NCT01519960,Change From Baseline in Height for Age Z-Score in Group C,standard deviations,MEAN,Standard Deviation,Group C: PEG-IFN Monotherapy With Advanced Fibrosis,Week 36,,0.3,0.601,0.601,
NCT01519960,Change From Baseline in Height for Age Z-Score in Group C,standard deviations,MEAN,Standard Deviation,Group C: PEG-IFN Monotherapy With Advanced Fibrosis,Week 48,,0.19,0.683,0.683,
NCT01519960,Change From Baseline in Height for Age Z-Score in Group C,standard deviations,MEAN,Standard Deviation,Group C: PEG-IFN Monotherapy With Advanced Fibrosis,FU Week 12,,0.205,0.611,0.611,
NCT01519960,Change From Baseline in Height for Age Z-Score in Group C,standard deviations,MEAN,Standard Deviation,Group C: PEG-IFN Monotherapy With Advanced Fibrosis,FU Week 24,,0.064,0.634,0.634,
NCT01532921,Change in the Degree of Tricuspid Valve (TV) Leaflet Tethering Height From Baseline Through 6 Months Post-implant,mm,MEAN,Standard Deviation,Discharge (up to 5 Days Post-implant),,,-0.2,5.3,,
NCT01532921,Change in the Degree of Tricuspid Valve (TV) Leaflet Tethering Height From Baseline Through 6 Months Post-implant,mm,MEAN,Standard Deviation,6 Months Follow-Up,,,-0.5,5.2,,
NCT01541215,Change From Baseline in Height SDS,SDS score,MEAN,Standard Deviation,Liraglutide 1.8 mg,,,-0.100,0.133,,
NCT01541215,Change From Baseline in Height SDS,SDS score,MEAN,Standard Deviation,Placebo,,,-0.042,0.210,,
NCT01541215,Change From Baseline in Height SDS,SDS score,MEAN,Standard Deviation,Liraglutide 1.8 mg,,,-0.192,0.223,,
NCT01541215,Change From Baseline in Height SDS,SDS score,MEAN,Standard Deviation,Placebo,,,-0.134,0.293,,
NCT01541215,Change in Bone Age Assessment (X-ray of Left Hand and Wrist),years,MEAN,Standard Deviation,Liraglutide 1.8 mg,,,1.197,0.899,,
NCT01541215,Change in Bone Age Assessment (X-ray of Left Hand and Wrist),years,MEAN,Standard Deviation,Placebo,,,1.088,0.889,,
NCT01541215,Growth (Height Velocity),cm/year,MEAN,Standard Deviation,Liraglutide 1.8 mg,,,1.633,2.016,,
NCT01541215,Growth (Height Velocity),cm/year,MEAN,Standard Deviation,Placebo,,,2.486,2.834,,
NCT01541215,Growth (Height Velocity),cm/year,MEAN,Standard Deviation,Liraglutide 1.8 mg,,,1.345,1.730,,
NCT01541215,Growth (Height Velocity),cm/year,MEAN,Standard Deviation,Placebo,,,1.817,2.043,,
NCT01541215,Height Velocity SDS,SDS score,MEAN,Standard Deviation,Liraglutide 1.8 mg,,,-1.24,1.695,,
NCT01541215,Height Velocity SDS,SDS score,MEAN,Standard Deviation,Placebo,,,-0.557,2.058,,
NCT01541215,Height Velocity SDS,SDS score,MEAN,Standard Deviation,Liraglutide 1.8 mg,,,-0.887,1.460,,
NCT01541215,Height Velocity SDS,SDS score,MEAN,Standard Deviation,Placebo,,,-0.551,1.711,,
NCT01541215,Growth (Height Velocity)- Week 104,cm/year,MEAN,Standard Deviation,Liraglutide 1.8 mg: Follow-up 1,,,1.149,1.776,,
NCT01541215,Height Velocity SDS- Week 104,SDS score,MEAN,Standard Deviation,Liraglutide 1.8 mg: Follow-up 1,,,-0.523,1.466,,
NCT01541215,Change From Week 52 in Height SDS- Week 104,SDS score,MEAN,Standard Deviation,Liraglutide 1.8 mg: Follow-up 1,,,-0.133,0.338,,
NCT01541215,Change From Week 52 in Bone Age Assessment (X-ray of Left Hand and Wrist)- Week 104,Years,MEAN,Standard Deviation,Liraglutide 1.8 mg: Follow-up 1,,,1.231,0.992,,
NCT01541215,Growth (Height Velocity)- Week 156,cm/year,MEAN,Standard Deviation,Liraglutide 1.8 mg: Follow-up 1 and 2,,,1.100,1.504,,
NCT01541215,Height Velocity SDS- Week 156,SDS score,MEAN,Standard Deviation,Liraglutide 1.8 mg: Follow-up 1 and 2,,,0.142,1.156,,
NCT01541215,Change From Week 52 in Height SDS- Week 156,SDS score,MEAN,Standard Deviation,Liraglutide 1.8 mg: Follow-up 1 and 2,,,-0.224,0.446,,
NCT01541215,Change From Week 52 in Bone Age Assessment (X-ray of Left Hand and Wrist)- Week 156,Years,MEAN,Standard Deviation,Liraglutide 1.8 mg: Follow-up 1 and 2,,,1.778,1.277,,
NCT01544491,"Growth/Development : Weight, Height, BMI : Change From Baseline",z score,MEAN,Standard Deviation,EVR+rTAC,Height month 12,,0.37,0.625,,
NCT01544491,"Growth/Development : Weight, Height, BMI : Change From Baseline",z score,MEAN,Standard Deviation,MMF+sTAC,Height month 12,,0.20,0.537,,
NCT01544491,"Growth/Development : Weight, Height, BMI : Change From Baseline",z score,MEAN,Standard Deviation,EVR+rTAC,Height month 36,,0.72,1.131,,
NCT01544491,"Growth/Development : Weight, Height, BMI : Change From Baseline",z score,MEAN,Standard Deviation,MMF+sTAC,Height month 36,,0.39,0.776,,
NCT01544491,"Growth/Development : Weight, Height, BMI : Change From Baseline",z score,MEAN,Standard Deviation,EVR+rTAC,Weight month 12,,0.30,0.732,,
NCT01544491,"Growth/Development : Weight, Height, BMI : Change From Baseline",z score,MEAN,Standard Deviation,MMF+sTAC,Weight month 12,,0.42,0.747,,
NCT01544491,"Growth/Development : Weight, Height, BMI : Change From Baseline",z score,MEAN,Standard Deviation,EVR+rTAC,Weight month 36,,0.61,0.987,,
NCT01544491,"Growth/Development : Weight, Height, BMI : Change From Baseline",z score,MEAN,Standard Deviation,MMF+sTAC,Weight month 36,,0.82,1.268,,
NCT01544491,"Growth/Development : Weight, Height, BMI : Change From Baseline",z score,MEAN,Standard Deviation,EVR+rTAC,BMI month 12,,0.00,0.716,,
NCT01544491,"Growth/Development : Weight, Height, BMI : Change From Baseline",z score,MEAN,Standard Deviation,MMF+sTAC,BMI month 12,,0.24,0.980,,
NCT01544491,"Growth/Development : Weight, Height, BMI : Change From Baseline",z score,MEAN,Standard Deviation,EVR+rTAC,BMI month 36,,0.02,0.860,,
NCT01544491,"Growth/Development : Weight, Height, BMI : Change From Baseline",z score,MEAN,Standard Deviation,MMF+sTAC,BMI month 36,,0.47,1.231,,
NCT01544582,"Baseline Characteristics of Participants Initiating Boceprevir Plus PR Treatment, Telaprevir Plus PR Treatment, or PR Treatment Alone: Height",centimeters,MEAN,Standard Deviation,Boceprevir + PR,,,170.8,9.8,,
NCT01544582,"Baseline Characteristics of Participants Initiating Boceprevir Plus PR Treatment, Telaprevir Plus PR Treatment, or PR Treatment Alone: Height",centimeters,MEAN,Standard Deviation,Telaprevir + PR,,,170.8,8.8,,
NCT01544582,"Baseline Characteristics of Participants Initiating Boceprevir Plus PR Treatment, Telaprevir Plus PR Treatment, or PR Treatment Alone: Height",centimeters,MEAN,Standard Deviation,PR Alone,,,171.0,7.5,,
NCT01550471,The Effect of Omnaris Nasal Spray & Alvesco Inhalation Aerosol vs Beconase AQ Nasal Spray & QVAR Inhalation Aerosol on Short-term Lower Leg Growth Velocity as Measured by Knemometry in Pediatric Subjects w/ Mild Asthma & Allergic Rhinitis.,mm/wk,MEAN,95% Confidence Interval,Alvesco and Omnaris,,,0.23,,0.04,0.41
NCT01550471,The Effect of Omnaris Nasal Spray & Alvesco Inhalation Aerosol vs Beconase AQ Nasal Spray & QVAR Inhalation Aerosol on Short-term Lower Leg Growth Velocity as Measured by Knemometry in Pediatric Subjects w/ Mild Asthma & Allergic Rhinitis.,mm/wk,MEAN,95% Confidence Interval,Beconase and QVAR,,,0.33,,0.14,0.51
NCT01550471,The Effects of Omnaris Nasal Spray & Alvesco Inhalation Aerosol vs Placebo Nasal Spray & Placebo Inhalation Aerosol on Short-term Lower Leg Growth Velocity as Measured by Knemometry in Pediatric Subjects w/ Mild Asthma & Allergic Rhinitis.,mm/wk,MEAN,95% Confidence Interval,Omnaris & Alvesco,,,0.23,,0.04,0.41
NCT01550471,The Effects of Omnaris Nasal Spray & Alvesco Inhalation Aerosol vs Placebo Nasal Spray & Placebo Inhalation Aerosol on Short-term Lower Leg Growth Velocity as Measured by Knemometry in Pediatric Subjects w/ Mild Asthma & Allergic Rhinitis.,mm/wk,MEAN,95% Confidence Interval,Placebo & Placebo,,,0.51,,0.32,0.70
NCT01559363,"Phase 2a: Annualized Percent Change From Baseline in Height Adjusted Total Kidney Volume (htTKV) at Month 6, 12, 18, 24 and End of Study",percent change/participant-year,MEAN,Standard Deviation,Phase 2a: Cohort 4: Tesevatinib: Bi-weekly Dosing,Month 6,,0.0696,0.1161,,
NCT01559363,"Phase 2a: Annualized Percent Change From Baseline in Height Adjusted Total Kidney Volume (htTKV) at Month 6, 12, 18, 24 and End of Study",percent change/participant-year,MEAN,Standard Deviation,Phase 2a: Cohort 5: Tesevatinib: Tri-weekly Dosing,Month 6,,0.0544,0.1292,,
NCT01559363,"Phase 2a: Annualized Percent Change From Baseline in Height Adjusted Total Kidney Volume (htTKV) at Month 6, 12, 18, 24 and End of Study",percent change/participant-year,MEAN,Standard Deviation,Phase 2a: SILK Cohort: Tesevatinib 50 mg Once Daily Dosing,Month 6,,0.1570,0.0943,,
NCT01559363,"Phase 2a: Annualized Percent Change From Baseline in Height Adjusted Total Kidney Volume (htTKV) at Month 6, 12, 18, 24 and End of Study",percent change/participant-year,MEAN,Standard Deviation,Phase 2a: Cohort 4: Tesevatinib: Bi-weekly Dosing,Month 12,,0.0503,0.0758,,
NCT01559363,"Phase 2a: Annualized Percent Change From Baseline in Height Adjusted Total Kidney Volume (htTKV) at Month 6, 12, 18, 24 and End of Study",percent change/participant-year,MEAN,Standard Deviation,Phase 2a: Cohort 5: Tesevatinib: Tri-weekly Dosing,Month 12,,0.0422,0.0687,,
NCT01559363,"Phase 2a: Annualized Percent Change From Baseline in Height Adjusted Total Kidney Volume (htTKV) at Month 6, 12, 18, 24 and End of Study",percent change/participant-year,MEAN,Standard Deviation,Phase 2a: SILK Cohort: Tesevatinib 50 mg Once Daily Dosing,Month 12,,0.1145,0.0722,,
NCT01559363,"Phase 2a: Annualized Percent Change From Baseline in Height Adjusted Total Kidney Volume (htTKV) at Month 6, 12, 18, 24 and End of Study",percent change/participant-year,MEAN,Standard Deviation,Phase 2a: Cohort 4: Tesevatinib: Bi-weekly Dosing,Month 18,,0.0632,0.0512,,
NCT01559363,"Phase 2a: Annualized Percent Change From Baseline in Height Adjusted Total Kidney Volume (htTKV) at Month 6, 12, 18, 24 and End of Study",percent change/participant-year,MEAN,Standard Deviation,Phase 2a: Cohort 5: Tesevatinib: Tri-weekly Dosing,Month 18,,0.0353,0.0483,,
NCT01559363,"Phase 2a: Annualized Percent Change From Baseline in Height Adjusted Total Kidney Volume (htTKV) at Month 6, 12, 18, 24 and End of Study",percent change/participant-year,MEAN,Standard Deviation,Phase 2a: SILK Cohort: Tesevatinib 50 mg Once Daily Dosing,Month 18,,0.0841,0.0277,,
NCT01559363,"Phase 2a: Annualized Percent Change From Baseline in Height Adjusted Total Kidney Volume (htTKV) at Month 6, 12, 18, 24 and End of Study",percent change/participant-year,MEAN,Standard Deviation,Phase 2a: Cohort 4: Tesevatinib: Bi-weekly Dosing,Month 24,,0.0702,0.0517,,
NCT01559363,"Phase 2a: Annualized Percent Change From Baseline in Height Adjusted Total Kidney Volume (htTKV) at Month 6, 12, 18, 24 and End of Study",percent change/participant-year,MEAN,Standard Deviation,Phase 2a: Cohort 5: Tesevatinib: Tri-weekly Dosing,Month 24,,0.0540,0.0584,,
NCT01559363,"Phase 2a: Annualized Percent Change From Baseline in Height Adjusted Total Kidney Volume (htTKV) at Month 6, 12, 18, 24 and End of Study",percent change/participant-year,MEAN,Standard Deviation,Phase 2a: SILK Cohort: Tesevatinib 50 mg Once Daily Dosing,Month 24,,0.1080,0.0536,,
NCT01559363,"Phase 2a: Annualized Percent Change From Baseline in Height Adjusted Total Kidney Volume (htTKV) at Month 6, 12, 18, 24 and End of Study",percent change/participant-year,MEAN,Standard Deviation,Phase 2a: Cohort 4: Tesevatinib: Bi-weekly Dosing,End of study,,0.0943,,,
NCT01559363,"Phase 2a: Annualized Percent Change From Baseline in Height Adjusted Total Kidney Volume (htTKV) at Month 6, 12, 18, 24 and End of Study",percent change/participant-year,MEAN,Standard Deviation,Phase 2a: Cohort 5: Tesevatinib: Tri-weekly Dosing,End of study,,0.0517,0.0327,,
NCT01559363,"Phase 2a: Annualized Percent Change From Baseline in Height Adjusted Total Kidney Volume (htTKV) at Month 6, 12, 18, 24 and End of Study",percent change/participant-year,MEAN,Standard Deviation,Phase 2a: SILK Cohort: Tesevatinib 50 mg Once Daily Dosing,End of study,,0.0731,,,
NCT01585779,Change in the Degree of TV Leaflet Tethering Height,mm,MEDIAN,Inter-Quartile Range,Contour 3D® Implant,,,-0.8,,-2.0,1.0
NCT01585779,Change in the Degree of TV Leaflet Tethering Height,mm,MEDIAN,Inter-Quartile Range,Tri-Ad® Implant,,,0.5,,-0.6,2.0
NCT01585779,Change in the Degree of TV Leaflet Tethering Height,mm,MEDIAN,Inter-Quartile Range,Contour 3D® Implant,,,0.6,,-2.0,3.0
NCT01585779,Change in the Degree of TV Leaflet Tethering Height,mm,MEDIAN,Inter-Quartile Range,Tri-Ad® Implant,,,1.0,,-1.0,2.0
NCT01585779,Change in the Degree of TV Leaflet Tethering Height,mm,MEDIAN,Inter-Quartile Range,Contour 3D® Implant,,,1.0,,-1.0,2.5
NCT01585779,Change in the Degree of TV Leaflet Tethering Height,mm,MEDIAN,Inter-Quartile Range,Tri-Ad® Implant,,,1.0,,-2.7,3.0
NCT01592500,Annual Height Velocity,cm/year,MEAN,Standard Deviation,MOD-4023 Low Dose,,,10.4,2.6,,
NCT01592500,Annual Height Velocity,cm/year,MEAN,Standard Deviation,MOD-4023 Middle Dose,,,11.0,2.3,,
NCT01592500,Annual Height Velocity,cm/year,MEAN,Standard Deviation,MOD-4023 High Dose,,,11.9,3.5,,
NCT01592500,Annual Height Velocity,cm/year,MEAN,Standard Deviation,Genotropin,,,12.5,2.1,,
NCT01592500,Height Velocity at 6 Months,cm/year,MEAN,Standard Deviation,MOD-4023 Low Dose,,,11.8,3.6,,
NCT01592500,Height Velocity at 6 Months,cm/year,MEAN,Standard Deviation,MOD-4023 Middle Dose,,,12.5,2.4,,
NCT01592500,Height Velocity at 6 Months,cm/year,MEAN,Standard Deviation,MOD-4023 High Dose,,,13.5,5.0,,
NCT01592500,Height Velocity at 6 Months,cm/year,MEAN,Standard Deviation,Genotropin,,,15.0,2.9,,
NCT01592500,Change in Height Standard Deviation Score (SDS),score on a scale,MEAN,Standard Deviation,MOD-4023 Low Dose,After 6 months of treatment,,0.65,0.36,,
NCT01592500,Change in Height Standard Deviation Score (SDS),score on a scale,MEAN,Standard Deviation,MOD-4023 Middle Dose,After 6 months of treatment,,0.75,0.25,,
NCT01592500,Change in Height Standard Deviation Score (SDS),score on a scale,MEAN,Standard Deviation,MOD-4023 High Dose,After 6 months of treatment,,0.90,0.39,,
NCT01592500,Change in Height Standard Deviation Score (SDS),score on a scale,MEAN,Standard Deviation,Genotropin,After 6 months of treatment,,1.00,0.35,,
NCT01592500,Change in Height Standard Deviation Score (SDS),score on a scale,MEAN,Standard Deviation,MOD-4023 Low Dose,After 12 months of treatment,,1.09,0.53,,
NCT01592500,Change in Height Standard Deviation Score (SDS),score on a scale,MEAN,Standard Deviation,MOD-4023 Middle Dose,After 12 months of treatment,,1.19,0.49,,
NCT01592500,Change in Height Standard Deviation Score (SDS),score on a scale,MEAN,Standard Deviation,MOD-4023 High Dose,After 12 months of treatment,,1.45,0.61,,
NCT01592500,Change in Height Standard Deviation Score (SDS),score on a scale,MEAN,Standard Deviation,Genotropin,After 12 months of treatment,,1.51,0.47,,
NCT01598987,Growth Development - Height at Baseline and Month 12,Percentages,NUMBER,,<=5% Percentile,Decrease,,0.0,,,
NCT01598987,Growth Development - Height at Baseline and Month 12,Percentages,NUMBER,,>5% - 25% Percentile,Decrease,,26.7,,,
NCT01598987,Growth Development - Height at Baseline and Month 12,Percentages,NUMBER,,>25% - 50% Percentile,Decrease,,16.7,,,
NCT01598987,Growth Development - Height at Baseline and Month 12,Percentages,NUMBER,,>50% - 75% Percentile,Decrease,,14.3,,,
NCT01598987,Growth Development - Height at Baseline and Month 12,Percentages,NUMBER,,>75% - 95% Percentile,Decrease,,25.0,,,
NCT01598987,Growth Development - Height at Baseline and Month 12,Percentages,NUMBER,,>95% Percentile,Decrease,,0.0,,,
NCT01598987,Growth Development - Height at Baseline and Month 12,Percentages,NUMBER,,Total,Decrease,,14.0,,,
NCT01598987,Growth Development - Height at Baseline and Month 12,Percentages,NUMBER,,<=5% Percentile,No Change,,68.8,,,
NCT01598987,Growth Development - Height at Baseline and Month 12,Percentages,NUMBER,,>5% - 25% Percentile,No Change,,20.0,,,
NCT01598987,Growth Development - Height at Baseline and Month 12,Percentages,NUMBER,,>25% - 50% Percentile,No Change,,33.3,,,
NCT01598987,Growth Development - Height at Baseline and Month 12,Percentages,NUMBER,,>50% - 75% Percentile,No Change,,28.6,,,
NCT01598987,Growth Development - Height at Baseline and Month 12,Percentages,NUMBER,,>75% - 95% Percentile,No Change,,50.0,,,
NCT01598987,Growth Development - Height at Baseline and Month 12,Percentages,NUMBER,,>95% Percentile,No Change,,100.0,,,
NCT01598987,Growth Development - Height at Baseline and Month 12,Percentages,NUMBER,,Total,No Change,,44.0,,,
NCT01598987,Growth Development - Height at Baseline and Month 12,Percentages,NUMBER,,<=5% Percentile,Increase >3 to 5%,,12.5,,,
NCT01598987,Growth Development - Height at Baseline and Month 12,Percentages,NUMBER,,>5% - 25% Percentile,Increase >3 to 5%,,6.7,,,
NCT01598987,Growth Development - Height at Baseline and Month 12,Percentages,NUMBER,,>25% - 50% Percentile,Increase >3 to 5%,,0.0,,,
NCT01598987,Growth Development - Height at Baseline and Month 12,Percentages,NUMBER,,>50% - 75% Percentile,Increase >3 to 5%,,0.0,,,
NCT01598987,Growth Development - Height at Baseline and Month 12,Percentages,NUMBER,,>75% - 95% Percentile,Increase >3 to 5%,,25.0,,,
NCT01598987,Growth Development - Height at Baseline and Month 12,Percentages,NUMBER,,>95% Percentile,Increase >3 to 5%,,0.0,,,
NCT01598987,Growth Development - Height at Baseline and Month 12,Percentages,NUMBER,,Total,Increase >3 to 5%,,8.0,,,
NCT01598987,Growth Development - Height at Baseline and Month 12,Percentages,NUMBER,,<=5% Percentile,Increase >5 to 10%,,0.0,,,
NCT01598987,Growth Development - Height at Baseline and Month 12,Percentages,NUMBER,,>5% - 25% Percentile,Increase >5 to 10%,,20.0,,,
NCT01598987,Growth Development - Height at Baseline and Month 12,Percentages,NUMBER,,>25% - 50% Percentile,Increase >5 to 10%,,16.7,,,
NCT01598987,Growth Development - Height at Baseline and Month 12,Percentages,NUMBER,,>50% - 75% Percentile,Increase >5 to 10%,,14.3,,,
NCT01598987,Growth Development - Height at Baseline and Month 12,Percentages,NUMBER,,>75% - 95% Percentile,Increase >5 to 10%,,0.0,,,
NCT01598987,Growth Development - Height at Baseline and Month 12,Percentages,NUMBER,,>95% Percentile,Increase >5 to 10%,,0.0,,,
NCT01598987,Growth Development - Height at Baseline and Month 12,Percentages,NUMBER,,Total,Increase >5 to 10%,,10.0,,,
NCT01598987,Growth Development - Height at Baseline and Month 12,Percentages,NUMBER,,<=5% Percentile,Increase >10%,,18.8,,,
NCT01598987,Growth Development - Height at Baseline and Month 12,Percentages,NUMBER,,>5% - 25% Percentile,Increase >10%,,26.7,,,
NCT01598987,Growth Development - Height at Baseline and Month 12,Percentages,NUMBER,,>25% - 50% Percentile,Increase >10%,,33.3,,,
NCT01598987,Growth Development - Height at Baseline and Month 12,Percentages,NUMBER,,>50% - 75% Percentile,Increase >10%,,42.9,,,
NCT01598987,Growth Development - Height at Baseline and Month 12,Percentages,NUMBER,,>75% - 95% Percentile,Increase >10%,,0.0,,,
NCT01598987,Growth Development - Height at Baseline and Month 12,Percentages,NUMBER,,>95% Percentile,Increase >10%,,0.0,,,
NCT01598987,Growth Development - Height at Baseline and Month 12,Percentages,NUMBER,,Total,Increase >10%,,24.0,,,
NCT01598987,Growth Development - Height at Baseline and Month 24,Percentages,NUMBER,,<=5% Percentile,Decrease,,0.0,,,
NCT01598987,Growth Development - Height at Baseline and Month 24,Percentages,NUMBER,,>5% - 25% Percentile,Decrease,,12.5,,,
NCT01598987,Growth Development - Height at Baseline and Month 24,Percentages,NUMBER,,>25% - 50% Percentile,Decrease,,33.3,,,
NCT01598987,Growth Development - Height at Baseline and Month 24,Percentages,NUMBER,,>50% - 75% Percentile,Decrease,,0.0,,,
NCT01598987,Growth Development - Height at Baseline and Month 24,Percentages,NUMBER,,>75% - 95% Percentile,Decrease,,0.0,,,
NCT01598987,Growth Development - Height at Baseline and Month 24,Percentages,NUMBER,,>95% Percentile,Decrease,,0.0,,,
NCT01598987,Growth Development - Height at Baseline and Month 24,Percentages,NUMBER,,Total,Decrease,,9.00,,,
NCT01598987,Growth Development - Height at Baseline and Month 24,Percentages,NUMBER,,<=5% Percentile,No Change,,50.0,,,
NCT01598987,Growth Development - Height at Baseline and Month 24,Percentages,NUMBER,,>5% - 25% Percentile,No Change,,12.5,,,
NCT01598987,Growth Development - Height at Baseline and Month 24,Percentages,NUMBER,,>25% - 50% Percentile,No Change,,0.0,,,
NCT01598987,Growth Development - Height at Baseline and Month 24,Percentages,NUMBER,,>50% - 75% Percentile,No Change,,0.0,,,
NCT01598987,Growth Development - Height at Baseline and Month 24,Percentages,NUMBER,,>75% - 95% Percentile,No Change,,50.0,,,
NCT01598987,Growth Development - Height at Baseline and Month 24,Percentages,NUMBER,,>95% Percentile,No Change,,100.0,,,
NCT01598987,Growth Development - Height at Baseline and Month 24,Percentages,NUMBER,,Total,No Change,,27.3,,,
NCT01598987,Growth Development - Height at Baseline and Month 24,Percentages,NUMBER,,<=5% Percentile,Increase >3 to 5%,,33.3,,,
NCT01598987,Growth Development - Height at Baseline and Month 24,Percentages,NUMBER,,>5% - 25% Percentile,Increase >3 to 5%,,12.5,,,
NCT01598987,Growth Development - Height at Baseline and Month 24,Percentages,NUMBER,,>25% - 50% Percentile,Increase >3 to 5%,,0.0,,,
NCT01598987,Growth Development - Height at Baseline and Month 24,Percentages,NUMBER,,>50% - 75% Percentile,Increase >3 to 5%,,0.0,,,
NCT01598987,Growth Development - Height at Baseline and Month 24,Percentages,NUMBER,,>75% - 95% Percentile,Increase >3 to 5%,,50.0,,,
NCT01598987,Growth Development - Height at Baseline and Month 24,Percentages,NUMBER,,>95% Percentile,Increase >3 to 5%,,0.0,,,
NCT01598987,Growth Development - Height at Baseline and Month 24,Percentages,NUMBER,,Total,Increase >3 to 5%,,18.2,,,
NCT01598987,Growth Development - Height at Baseline and Month 24,Percentages,NUMBER,,<=5% Percentile,Increase >5 to 10%,,0.0,,,
NCT01598987,Growth Development - Height at Baseline and Month 24,Percentages,NUMBER,,>5% - 25% Percentile,Increase >5 to 10%,,0.0,,,
NCT01598987,Growth Development - Height at Baseline and Month 24,Percentages,NUMBER,,>25% - 50% Percentile,Increase >5 to 10%,,33.3,,,
NCT01598987,Growth Development - Height at Baseline and Month 24,Percentages,NUMBER,,>50% - 75% Percentile,Increase >5 to 10%,,0.0,,,
NCT01598987,Growth Development - Height at Baseline and Month 24,Percentages,NUMBER,,>75% - 95% Percentile,Increase >5 to 10%,,0.0,,,
NCT01598987,Growth Development - Height at Baseline and Month 24,Percentages,NUMBER,,>95% Percentile,Increase >5 to 10%,,0.0,,,
NCT01598987,Growth Development - Height at Baseline and Month 24,Percentages,NUMBER,,Total,Increase >5 to 10%,,4.5,,,
NCT01598987,Growth Development - Height at Baseline and Month 24,Percentages,NUMBER,,<=5% Percentile,Increase >10%,,16.7,,,
NCT01598987,Growth Development - Height at Baseline and Month 24,Percentages,NUMBER,,>5% - 25% Percentile,Increase >10%,,62.5,,,
NCT01598987,Growth Development - Height at Baseline and Month 24,Percentages,NUMBER,,>25% - 50% Percentile,Increase >10%,,33.3,,,
NCT01598987,Growth Development - Height at Baseline and Month 24,Percentages,NUMBER,,>50% - 75% Percentile,Increase >10%,,100.0,,,
NCT01598987,Growth Development - Height at Baseline and Month 24,Percentages,NUMBER,,>75% - 95% Percentile,Increase >10%,,0.0,,,
NCT01598987,Growth Development - Height at Baseline and Month 24,Percentages,NUMBER,,>95% Percentile,Increase >10%,,0.0,,,
NCT01598987,Growth Development - Height at Baseline and Month 24,Percentages,NUMBER,,Total,Increase >10%,,40.9,,,
NCT01603407,Participant Height,centimeters,LEAST_SQUARES_MEAN,Standard Error,Daily Prednisone,,,116.8,0.26,,
NCT01603407,Participant Height,centimeters,LEAST_SQUARES_MEAN,Standard Error,Daily Deflazacort,,,115.3,0.27,,
NCT01603407,Participant Height,centimeters,LEAST_SQUARES_MEAN,Standard Error,Intermittent Prednisone,,,119.9,0.26,,
NCT01617681,"Patients Achieving <90th Percentile for Age, Gender and Height at Week 6 Endpoint in Both MSBP and MDBP",participants,NUMBER,,CKD Patients Valsartan 0.25 mg/kg,,,6,,,
NCT01617681,"Patients Achieving <90th Percentile for Age, Gender and Height at Week 6 Endpoint in Both MSBP and MDBP",participants,NUMBER,,CKD Patients Valsartan 4 mg/kg,,,9,,,
NCT01617681,"Patients Achieving <90th Percentile for Age, Gender and Height at Week 6 Endpoint in Both MSBP and MDBP",participants,NUMBER,,Non-CKD Patients Valsartan 0.25 mg/kg,,,7,,,
NCT01617681,"Patients Achieving <90th Percentile for Age, Gender and Height at Week 6 Endpoint in Both MSBP and MDBP",participants,NUMBER,,Non-CKD Patients Valsartan 4 mg/kg,,,8,,,
NCT01624194,Change From Baseline in Height.,cm,LEAST_SQUARES_MEAN,95% Confidence Interval,Oxytocin Nasal Spray,Baseline,,134,,126,141
NCT01624194,Change From Baseline in Height.,cm,LEAST_SQUARES_MEAN,95% Confidence Interval,Placebo Nasal Spray,Baseline,,129,,122,135
NCT01624194,Change From Baseline in Height.,cm,LEAST_SQUARES_MEAN,95% Confidence Interval,Oxytocin Nasal Spray,Week 4,,134,,127,142
NCT01624194,Change From Baseline in Height.,cm,LEAST_SQUARES_MEAN,95% Confidence Interval,Placebo Nasal Spray,Week 4,,129,,122,136
NCT01647282,"Change in Interproximal Bone Height Loss, Probing Depth and Clinical Attachment Level Over 24 Months",mm,MEAN,Standard Deviation,Sc/RP With Minocycline Micropheres,Interproximal Bone Loss Baseline,,3.78,1.43,,
NCT01647282,"Change in Interproximal Bone Height Loss, Probing Depth and Clinical Attachment Level Over 24 Months",mm,MEAN,Standard Deviation,Sc/RP Alone,Interproximal Bone Loss Baseline,,3.87,1.11,,
NCT01647282,"Change in Interproximal Bone Height Loss, Probing Depth and Clinical Attachment Level Over 24 Months",mm,MEAN,Standard Deviation,Sc/RP With Minocycline Micropheres,Interproximal Bone Loss 24 Months,,3.57,1.45,,
NCT01647282,"Change in Interproximal Bone Height Loss, Probing Depth and Clinical Attachment Level Over 24 Months",mm,MEAN,Standard Deviation,Sc/RP Alone,Interproximal Bone Loss 24 Months,,3.8,1.13,,
NCT01647282,"Change in Interproximal Bone Height Loss, Probing Depth and Clinical Attachment Level Over 24 Months",mm,MEAN,Standard Deviation,Sc/RP With Minocycline Micropheres,Probing Depth - Baseline,,5.29,0.62,,
NCT01647282,"Change in Interproximal Bone Height Loss, Probing Depth and Clinical Attachment Level Over 24 Months",mm,MEAN,Standard Deviation,Sc/RP Alone,Probing Depth - Baseline,,5.48,0.75,,
NCT01647282,"Change in Interproximal Bone Height Loss, Probing Depth and Clinical Attachment Level Over 24 Months",mm,MEAN,Standard Deviation,Sc/RP With Minocycline Micropheres,Probing Depth - 24 Months,,4.14,0.89,,
NCT01647282,"Change in Interproximal Bone Height Loss, Probing Depth and Clinical Attachment Level Over 24 Months",mm,MEAN,Standard Deviation,Sc/RP Alone,Probing Depth - 24 Months,,3.96,0.73,,
NCT01647282,"Change in Interproximal Bone Height Loss, Probing Depth and Clinical Attachment Level Over 24 Months",mm,MEAN,Standard Deviation,Sc/RP With Minocycline Micropheres,Clinical Attachment Level - Baseline,,5.42,0.65,,
NCT01647282,"Change in Interproximal Bone Height Loss, Probing Depth and Clinical Attachment Level Over 24 Months",mm,MEAN,Standard Deviation,Sc/RP Alone,Clinical Attachment Level - Baseline,,4.36,1.05,,
NCT01647282,"Change in Interproximal Bone Height Loss, Probing Depth and Clinical Attachment Level Over 24 Months",mm,MEAN,Standard Deviation,Sc/RP With Minocycline Micropheres,Clinical Attachment Level - 24 Months,,5.81,0.92,,
NCT01647282,"Change in Interproximal Bone Height Loss, Probing Depth and Clinical Attachment Level Over 24 Months",mm,MEAN,Standard Deviation,Sc/RP Alone,Clinical Attachment Level - 24 Months,,4.24,0.66,,
NCT01696279,Change From Baseline in Height,centimeter (cm),MEAN,Standard Error,Part 2: Calcium Carbonate,Change at Week 8,,0.7,0.39,,
NCT01696279,Change From Baseline in Height,centimeter (cm),MEAN,Standard Error,Part 2 + Part 3: Lanthanum Carbonate,Change at Week 16,,0.6,0.25,,
NCT01696279,Change From Baseline in Height,centimeter (cm),MEAN,Standard Error,Part 2 + Part 3: Lanthanum Carbonate,Change at EOS,,1.3,0.46,,
NCT01705145,Part B: Absolute Change From Baseline in Stature at Week 24,centimeters (cm),MEAN,Standard Deviation,Part B: Ivacaftor 50 mg,,,2.5,1.45,,
NCT01705145,Part B: Absolute Change From Baseline in Stature at Week 24,centimeters (cm),MEAN,Standard Deviation,Part B: Ivacaftor 75 mg,,,3.5,0.93,,
NCT01705145,Part B: Absolute Change From Baseline in Stature at Week 24,centimeters (cm),MEAN,Standard Deviation,Part B: Overall Ivacaftor,,,3.3,1.17,,
NCT01709110,Change From Baseline to 24 Months Endpoint in Height,Centimeter (cm),MEAN,Standard Deviation,Teriparatide,Baseline,,154.7,7.15,,
NCT01709110,Change From Baseline to 24 Months Endpoint in Height,Centimeter (cm),MEAN,Standard Deviation,Risedronate,Baseline,,155.0,7.40,,
NCT01709110,Change From Baseline to 24 Months Endpoint in Height,Centimeter (cm),MEAN,Standard Deviation,Teriparatide,24 Months,,154.3,7.05,,
NCT01709110,Change From Baseline to 24 Months Endpoint in Height,Centimeter (cm),MEAN,Standard Deviation,Risedronate,24 Months,,154.5,7.42,,
NCT01714310,Height,cm.,LEAST_SQUARES_MEAN,Standard Error,Fluoxetine,Baseline,,140.25,3.82,,
NCT01714310,Height,cm.,LEAST_SQUARES_MEAN,Standard Error,Placebo,Baseline,,144.63,3.53,,
NCT01714310,Height,cm.,LEAST_SQUARES_MEAN,Standard Error,Open Lisdexamfetamine,Baseline,,142.37,2.12,,
NCT01714310,Height,cm.,LEAST_SQUARES_MEAN,Standard Error,Fluoxetine,Week 1,,140.05,3.81,,
NCT01714310,Height,cm.,LEAST_SQUARES_MEAN,Standard Error,Placebo,Week 1,,144.76,3.53,,
NCT01714310,Height,cm.,LEAST_SQUARES_MEAN,Standard Error,Open Lisdexamfetamine,Week 1,,142.35,2.12,,
NCT01714310,Height,cm.,LEAST_SQUARES_MEAN,Standard Error,Fluoxetine,Week 2,,139.95,3.82,,
NCT01714310,Height,cm.,LEAST_SQUARES_MEAN,Standard Error,Placebo,Week 2,,144.81,3.53,,
NCT01714310,Height,cm.,LEAST_SQUARES_MEAN,Standard Error,Open Lisdexamfetamine,Week 2,,142.43,2.12,,
NCT01714310,Height,cm.,LEAST_SQUARES_MEAN,Standard Error,Fluoxetine,Week 3,,140.26,3.82,,
NCT01714310,Height,cm.,LEAST_SQUARES_MEAN,Standard Error,Placebo,Week 3,,144.88,3.53,,
NCT01714310,Height,cm.,LEAST_SQUARES_MEAN,Standard Error,Open Lisdexamfetamine,Week 3,,142.59,2.12,,
NCT01714310,Height,cm.,LEAST_SQUARES_MEAN,Standard Error,Fluoxetine,Week 4,,140.56,3.82,,
NCT01714310,Height,cm.,LEAST_SQUARES_MEAN,Standard Error,Placebo,Week 4,,144.54,3.53,,
NCT01714310,Height,cm.,LEAST_SQUARES_MEAN,Standard Error,Open Lisdexamfetamine,Week 4,,142.59,2.12,,
NCT01714310,Height,cm.,LEAST_SQUARES_MEAN,Standard Error,Fluoxetine,Week 5,,140.11,3.82,,
NCT01714310,Height,cm.,LEAST_SQUARES_MEAN,Standard Error,Placebo,Week 5,,144.82,3.53,,
NCT01714310,Height,cm.,LEAST_SQUARES_MEAN,Standard Error,Fluoxetine,Week 6,,140.21,3.82,,
NCT01714310,Height,cm.,LEAST_SQUARES_MEAN,Standard Error,Placebo,Week 6,,145.44,3.53,,
NCT01714310,Height,cm.,LEAST_SQUARES_MEAN,Standard Error,Fluoxetine,Week 7,,140.55,3.82,,
NCT01714310,Height,cm.,LEAST_SQUARES_MEAN,Standard Error,Placebo,Week 7,,145.14,3.53,,
NCT01714310,Height,cm.,LEAST_SQUARES_MEAN,Standard Error,Fluoxetine,Week 8,,140.81,3.82,,
NCT01714310,Height,cm.,LEAST_SQUARES_MEAN,Standard Error,Placebo,Week 8,,144.98,3.53,,
NCT01714310,Height,cm.,LEAST_SQUARES_MEAN,Standard Error,Fluoxetine,Week 10,,140.83,3.82,,
NCT01714310,Height,cm.,LEAST_SQUARES_MEAN,Standard Error,Placebo,Week 10,,145.30,3.54,,
NCT01714310,Height,cm.,LEAST_SQUARES_MEAN,Standard Error,Fluoxetine,Week 12,,140.98,3.82,,
NCT01714310,Height,cm.,LEAST_SQUARES_MEAN,Standard Error,Placebo,Week 12,,145.60,3.53,,
NCT01733732,Mean Change From Baseline in Tear Meniscus Height (TMH) by Visit,millimeters,MEAN,Standard Deviation,Systane Balance,"Change from baseline at Day 14, n=50, 54",,0.146,0.165,,
NCT01733732,Mean Change From Baseline in Tear Meniscus Height (TMH) by Visit,millimeters,MEAN,Standard Deviation,Systane Gel,"Change from baseline at Day 14, n=50, 54",,0.089,0.181,,
NCT01733732,Mean Change From Baseline in Tear Meniscus Height (TMH) by Visit,millimeters,MEAN,Standard Deviation,Systane Balance,"Change from baseline at Day 30, n=54, 52",,0.140,0.168,,
NCT01733732,Mean Change From Baseline in Tear Meniscus Height (TMH) by Visit,millimeters,MEAN,Standard Deviation,Systane Gel,"Change from baseline at Day 30, n=54, 52",,0.165,0.242,,
NCT01745822,"Weight, Height and Head Circumference for Age",Z-score,MEAN,Standard Deviation,Tenofovir Disoproxil Fumarate,Weight for age,,-0.4,1.1,,
NCT01745822,"Weight, Height and Head Circumference for Age",Z-score,MEAN,Standard Deviation,Placebo,Weight for age,,-0.2,1.1,,
NCT01745822,"Weight, Height and Head Circumference for Age",Z-score,MEAN,Standard Deviation,Tenofovir Disoproxil Fumarate,Length for age,,-0.2,1.2,,
NCT01745822,"Weight, Height and Head Circumference for Age",Z-score,MEAN,Standard Deviation,Placebo,Length for age,,-0.2,1.2,,
NCT01745822,"Weight, Height and Head Circumference for Age",Z-score,MEAN,Standard Deviation,Tenofovir Disoproxil Fumarate,Head circumference for age,,-0.6,1.1,,
NCT01745822,"Weight, Height and Head Circumference for Age",Z-score,MEAN,Standard Deviation,Placebo,Head circumference for age,,-0.6,0.9,,
NCT01746862,Change From Baseline in Height Velocity at Month 6 Using Last Observation Carried Forward (LOCF) Method,centimeter/year (cm/yr),MEAN,Standard Deviation,Saizen Test Group,"Baseline (n=59,30)",,5.63,1.62,,
NCT01746862,Change From Baseline in Height Velocity at Month 6 Using Last Observation Carried Forward (LOCF) Method,centimeter/year (cm/yr),MEAN,Standard Deviation,Saizen Control Group,"Baseline (n=59,30)",,4.94,1.91,,
NCT01746862,Change From Baseline in Height Velocity at Month 6 Using Last Observation Carried Forward (LOCF) Method,centimeter/year (cm/yr),MEAN,Standard Deviation,Saizen Test Group,"Change at Month 6 (n=59,29)",,4.45,2.70,,
NCT01746862,Change From Baseline in Height Velocity at Month 6 Using Last Observation Carried Forward (LOCF) Method,centimeter/year (cm/yr),MEAN,Standard Deviation,Saizen Control Group,"Change at Month 6 (n=59,29)",,1.01,3.15,,
NCT01746862,Change From Baseline in Height Velocity at Month 12,cm/year,MEAN,Standard Deviation,Saizen Test Group,,,3.77,2.21,,
NCT01746862,Change From Baseline in Height Velocity at Month 12,cm/year,MEAN,Standard Deviation,Saizen Control Group,,,2.86,1.95,,
NCT01746862,Change From Baseline in Height at Month 6 and 12,centimeter (cm),MEAN,Standard Deviation,Saizen Test Group,"Baseline (n=60, 30)",,108.27,7.67,,
NCT01746862,Change From Baseline in Height at Month 6 and 12,centimeter (cm),MEAN,Standard Deviation,Saizen Control Group,"Baseline (n=60, 30)",,108.07,8.36,,
NCT01746862,Change From Baseline in Height at Month 6 and 12,centimeter (cm),MEAN,Standard Deviation,Saizen Test Group,"Change at Month 6 (n=55, 27)",,5.41,1.04,,
NCT01746862,Change From Baseline in Height at Month 6 and 12,centimeter (cm),MEAN,Standard Deviation,Saizen Control Group,"Change at Month 6 (n=55, 27)",,3.10,0.84,,
NCT01746862,Change From Baseline in Height at Month 6 and 12,centimeter (cm),MEAN,Standard Deviation,Saizen Test Group,"Change at Month 12 (n=52, 27)",,9.78,1.35,,
NCT01746862,Change From Baseline in Height at Month 6 and 12,centimeter (cm),MEAN,Standard Deviation,Saizen Control Group,"Change at Month 12 (n=52, 27)",,8.24,1.47,,
NCT01746862,Change From Baseline in Height Standard Deviation Score (SDS) at Month 6 and 12,standard deviation score,MEAN,Standard Deviation,Saizen Test Group,"Baseline (n=60,30)",,-2.26,0.36,,
NCT01746862,Change From Baseline in Height Standard Deviation Score (SDS) at Month 6 and 12,standard deviation score,MEAN,Standard Deviation,Saizen Control Group,"Baseline (n=60,30)",,-2.34,0.34,,
NCT01746862,Change From Baseline in Height Standard Deviation Score (SDS) at Month 6 and 12,standard deviation score,MEAN,Standard Deviation,Saizen Test Group,"Change at Month 6 (n=55, 27)",,0.59,0.21,,
NCT01746862,Change From Baseline in Height Standard Deviation Score (SDS) at Month 6 and 12,standard deviation score,MEAN,Standard Deviation,Saizen Control Group,"Change at Month 6 (n=55, 27)",,0.08,0.19,,
NCT01746862,Change From Baseline in Height Standard Deviation Score (SDS) at Month 6 and 12,standard deviation score,MEAN,Standard Deviation,Saizen Test Group,"Change at Month 12 (n=52, 27)",,0.96,0.27,,
NCT01746862,Change From Baseline in Height Standard Deviation Score (SDS) at Month 6 and 12,standard deviation score,MEAN,Standard Deviation,Saizen Control Group,"Change at Month 12 (n=52, 27)",,0.62,0.27,,
NCT01747330,Height,m,MEAN,Standard Deviation,"Creon Micro, Minimicrospheres",,,0.026,0.020,,
NCT01759537,Change in Mid-Buccal Soft Tissue Height,mm,MEAN,Standard Deviation,Implants Placed at Sub-crestal Position,Change in Mid-Buccal Soft Tissue Height at 12 months after implant placement,,-0.17,0.91,,
NCT01759537,Change in Mid-Buccal Soft Tissue Height,mm,MEAN,Standard Deviation,Implants Placed at Epi-crestal Position,Change in Mid-Buccal Soft Tissue Height at 12 months after implant placement,,-0.11,0.76,,
NCT01759537,Change in Mid-Buccal Soft Tissue Height,mm,MEAN,Standard Deviation,Implants Placed at Sub-crestal Position,Change in Mid-Buccal Soft Tissue Height at 18 months after implant placement,,-0.11,0.86,,
NCT01759537,Change in Mid-Buccal Soft Tissue Height,mm,MEAN,Standard Deviation,Implants Placed at Epi-crestal Position,Change in Mid-Buccal Soft Tissue Height at 18 months after implant placement,,-0.12,0.78,,
NCT01759537,Change in Mid-Buccal Soft Tissue Height,mm,MEAN,Standard Deviation,Implants Placed at Sub-crestal Position,Change in Mid-Buccal Soft Tissue Height at 30 months after implant placement,,-0.26,0.87,,
NCT01759537,Change in Mid-Buccal Soft Tissue Height,mm,MEAN,Standard Deviation,Implants Placed at Epi-crestal Position,Change in Mid-Buccal Soft Tissue Height at 30 months after implant placement,,-0.08,0.81,,
NCT01759537,Change in Mid-Buccal Soft Tissue Height,mm,MEAN,Standard Deviation,Implants Placed at Sub-crestal Position,Change in Mid-Buccal Soft Tissue Height at 42 months after implant placement,,-0.46,0.96,,
NCT01759537,Change in Mid-Buccal Soft Tissue Height,mm,MEAN,Standard Deviation,Implants Placed at Epi-crestal Position,Change in Mid-Buccal Soft Tissue Height at 42 months after implant placement,,-0.24,0.85,,
NCT01759537,Change in Mid-Buccal Soft Tissue Height,mm,MEAN,Standard Deviation,Implants Placed at Sub-crestal Position,Change in Mid-Buccal Soft Tissue Height at 54 months after implant placement,,-0.55,0.81,,
NCT01759537,Change in Mid-Buccal Soft Tissue Height,mm,MEAN,Standard Deviation,Implants Placed at Epi-crestal Position,Change in Mid-Buccal Soft Tissue Height at 54 months after implant placement,,-0.32,0.96,,
NCT01759537,Change in Mid-Buccal Soft Tissue Height,mm,MEAN,Standard Deviation,Implants Placed at Sub-crestal Position,Change in Mid-Buccal Soft Tissue Height at 66 months after implant placement,,-0.40,0.83,,
NCT01759537,Change in Mid-Buccal Soft Tissue Height,mm,MEAN,Standard Deviation,Implants Placed at Epi-crestal Position,Change in Mid-Buccal Soft Tissue Height at 66 months after implant placement,,-0.30,1.14,,
NCT01761084,Participant Height,centimetres,MEAN,Standard Deviation,Exercise and Behaviour Change Strategies,Baseline,,156.5,6.4,,
NCT01761084,Participant Height,centimetres,MEAN,Standard Deviation,General Health or Social Discussion,Baseline,,156.1,7.2,,
NCT01761084,Participant Height,centimetres,MEAN,Standard Deviation,Exercise and Behaviour Change Strategies,Month 12,,156.4,6.6,,
NCT01761084,Participant Height,centimetres,MEAN,Standard Deviation,General Health or Social Discussion,Month 12,,155.9,7.2,,
NCT01778023,Height Velocity (Ht-V),cm/year,LEAST_SQUARES_MEAN,Standard Error,Group A: 12-month GH Treatment,,,12.02,0.29,,
NCT01778023,Height Velocity (Ht-V),cm/year,LEAST_SQUARES_MEAN,Standard Error,Group B: 6-month Untreated + 6-month GH Treatment,,,6.87,0.43,,
NCT01778023,Change in Ht-SDS (Height Standard Deviation Score),Standard Deviation Score (SDS),LEAST_SQUARES_MEAN,Standard Error,Group A: 12-month GH Treatment,,,0.76,0.04,,
NCT01778023,Change in Ht-SDS (Height Standard Deviation Score),Standard Deviation Score (SDS),LEAST_SQUARES_MEAN,Standard Error,Group B: 6-month Untreated + 6-month GH Treatment,,,0.19,0.06,,
NCT01778023,Change in Bone Age,years,MEAN,Standard Deviation,Group A: 12-month GH Treatment,,,0.5,0.2,,
NCT01778023,Change in Bone Age,years,MEAN,Standard Deviation,Group B: 6-month Untreated + 6-month GH Treatment,,,0.5,0.2,,
NCT01778023,Ht-V (Height Velocity),cm/year,LEAST_SQUARES_MEAN,95% Confidence Interval,Group A: 12-month GH Treatment,,,2.80,,1.55,4.04
NCT01786902,Annualized Height Velocity(cm/Year) After 26 Weeks,cm/year,MEAN,Standard Deviation,DA-3002 Treatment Group,,,10.68,1.95,,
NCT01786902,Annualized Height Velocity(cm/Year) After 26 Weeks,cm/year,MEAN,Standard Deviation,Non-treatment Control Group,,,5.72,1.72,,
NCT01786902,Changes in Height Standard Deviation Score After 26 Weeks,ratio,MEAN,Standard Deviation,DA-3002 Treatment Group,,,0.63,0.16,,
NCT01786902,Changes in Height Standard Deviation Score After 26 Weeks,ratio,MEAN,Standard Deviation,Non-treatment Control Group,,,0.06,0.15,,
NCT01790048,Height,mm/d,MEAN,Standard Deviation,Whey Permeate RUSF,,,0.30,0.28,,
NCT01790048,Height,mm/d,MEAN,Standard Deviation,Soy Protein RUSF,,,0.29,0.29,,
NCT01799720,Height (Metre) of Volunteers at the Beginning (Day 1) and at the End of the Study (Day 30).,metres,MEAN,Standard Error,Less Oxidized Oil and Diet,Day 1,,1.60,0.02,,
NCT01799720,Height (Metre) of Volunteers at the Beginning (Day 1) and at the End of the Study (Day 30).,metres,MEAN,Standard Error,More Oxidized Oil and Diet,Day 1,,1.59,0.01,,
NCT01799720,Height (Metre) of Volunteers at the Beginning (Day 1) and at the End of the Study (Day 30).,metres,MEAN,Standard Error,Diet,Day 1,,1.61,0.01,,
NCT01799720,Height (Metre) of Volunteers at the Beginning (Day 1) and at the End of the Study (Day 30).,metres,MEAN,Standard Error,Less Oxidized Oil and Diet,Day 30,,1.60,0.02,,
NCT01799720,Height (Metre) of Volunteers at the Beginning (Day 1) and at the End of the Study (Day 30).,metres,MEAN,Standard Error,More Oxidized Oil and Diet,Day 30,,1.59,0.01,,
NCT01799720,Height (Metre) of Volunteers at the Beginning (Day 1) and at the End of the Study (Day 30).,metres,MEAN,Standard Error,Diet,Day 30,,1.61,0.01,,
NCT01801449,Height,z-score,MEAN,Standard Deviation,Rilonacept Treatment,,,-1.22,0.48,,
NCT01801449,Height,z-score,MEAN,Standard Deviation,Rilonacept Treatment,,,-1.1,0.41,,
NCT01822574,The Difference Between Surgeon Goal and Actual Resection Height,mm,MEAN,Standard Deviation,Cutting Guide Technique,,,1.40,1.04,,
NCT01822574,The Difference Between Surgeon Goal and Actual Resection Height,mm,MEAN,Standard Deviation,Haptic Feedback Technique,,,0.66,0.64,,
NCT01822574,The Difference Between Surgeon Goal and Actual Resection Height,mm,MEAN,Standard Deviation,Four Quadrant Technique,,,0.66,0.59,,
NCT01844765,Growth Data: Abnormal Height Standard Deviation Scores (SDS) Changes by Cohort,Percentage of participants,NUMBER,,Resistant/Intolerant Ph+ CML in CP,"Decrease from baseline of 1 SDS category (n=32,24)",,27.3,,,
NCT01844765,Growth Data: Abnormal Height Standard Deviation Scores (SDS) Changes by Cohort,Percentage of participants,NUMBER,,Newly Diagnosed and Untreated Ph+ CML in First CP,"Decrease from baseline of 1 SDS category (n=32,24)",,32.0,,,
NCT01844765,Growth Data: Abnormal Height Standard Deviation Scores (SDS) Changes by Cohort,Percentage of participants,NUMBER,,Resistant/Intolerant Ph+ CML in CP,"Decrease from baseline of 2 SDS categories (n=32, 24)",,3.0,,,
NCT01844765,Growth Data: Abnormal Height Standard Deviation Scores (SDS) Changes by Cohort,Percentage of participants,NUMBER,,Newly Diagnosed and Untreated Ph+ CML in First CP,"Decrease from baseline of 2 SDS categories (n=32, 24)",,16.0,,,
NCT01844765,Growth Data: Abnormal Height Standard Deviation Scores (SDS) Changes by Cohort,Percentage of participants,NUMBER,,Resistant/Intolerant Ph+ CML in CP,"Decrease from baseline of 3 SDS categories(n= 32, 24)",,6.1,,,
NCT01844765,Growth Data: Abnormal Height Standard Deviation Scores (SDS) Changes by Cohort,Percentage of participants,NUMBER,,Newly Diagnosed and Untreated Ph+ CML in First CP,"Decrease from baseline of 3 SDS categories(n= 32, 24)",,4.0,,,
NCT01851655,Change in Vertical Jump Height.,cm,MEAN,Standard Deviation,Plyometric Exercise - High Intensity,,,5.0,4.7,,
NCT01851655,Change in Vertical Jump Height.,cm,MEAN,Standard Deviation,Plyometric Exercise - Low Intensity,,,2.6,5.0,,
NCT01856907,Waist-to-Height Ratio,Ratio,MEAN,Standard Deviation,Sitagliptin-Metformin,,,.54,.09,,
NCT01856907,Waist-to-Height Ratio,Ratio,MEAN,Standard Deviation,Placebo Pill,,,.57,.1,,
NCT01856907,Waist-to-Height Ratio,Ratio,MEAN,Standard Deviation,Metformin,,,.58,.07,,
NCT01859949,Height Velocity Standard Deviation Score (SDS) for Chronological Age,SDS,MEAN,Standard Deviation,Dose-Increasing Group,"Month 12 to 24 (Increasing: n=28, Remaining: n=32)",,2.782,1.978,,
NCT01859949,Height Velocity Standard Deviation Score (SDS) for Chronological Age,SDS,MEAN,Standard Deviation,Dose-Remaining Group,"Month 12 to 24 (Increasing: n=28, Remaining: n=32)",,2.595,1.731,,
NCT01859949,Height Velocity Standard Deviation Score (SDS) for Chronological Age,SDS,MEAN,Standard Deviation,Dose-Increasing Group,"Month 24 to36 (Increasing:n=26, Remaining:n=28)",,1.812,1.526,,
NCT01859949,Height Velocity Standard Deviation Score (SDS) for Chronological Age,SDS,MEAN,Standard Deviation,Dose-Remaining Group,"Month 24 to36 (Increasing:n=26, Remaining:n=28)",,1.696,2.111,,
NCT01859949,Height Velocity Standard Deviation Score (SDS) for Chronological Age,SDS,MEAN,Standard Deviation,Dose-Increasing Group,"Month 36 to 48 (Increasing: n=24, Remaining: n=23)",,1.480,1.543,,
NCT01859949,Height Velocity Standard Deviation Score (SDS) for Chronological Age,SDS,MEAN,Standard Deviation,Dose-Remaining Group,"Month 36 to 48 (Increasing: n=24, Remaining: n=23)",,0.824,1.527,,
NCT01859949,Height Velocity Standard Deviation Score (SDS) for Chronological Age,SDS,MEAN,Standard Deviation,Dose-Increasing Group,"Month 48 to 60 (Increasing: n=21, Remaining: n=20)",,-0.041,2.081,,
NCT01859949,Height Velocity Standard Deviation Score (SDS) for Chronological Age,SDS,MEAN,Standard Deviation,Dose-Remaining Group,"Month 48 to 60 (Increasing: n=21, Remaining: n=20)",,0.480,1.651,,
NCT01859949,Height Velocity Standard Deviation Score (SDS) for Chronological Age,SDS,MEAN,Standard Deviation,Dose-Increasing Group,"Month 60 to 72 (Increasing: n=20, Remaining: n=16)",,-0.293,1.585,,
NCT01859949,Height Velocity Standard Deviation Score (SDS) for Chronological Age,SDS,MEAN,Standard Deviation,Dose-Remaining Group,"Month 60 to 72 (Increasing: n=20, Remaining: n=16)",,-0.046,2.434,,
NCT01859949,Height Velocity Standard Deviation Score (SDS) for Chronological Age,SDS,MEAN,Standard Deviation,Dose-Increasing Group,"Month 72 to 84 (Increasing: n=15, Remaining: n=16)",,-0.488,3.117,,
NCT01859949,Height Velocity Standard Deviation Score (SDS) for Chronological Age,SDS,MEAN,Standard Deviation,Dose-Remaining Group,"Month 72 to 84 (Increasing: n=15, Remaining: n=16)",,-1.511,2.692,,
NCT01859949,Height Velocity Standard Deviation Score (SDS) for Chronological Age,SDS,MEAN,Standard Deviation,Dose-Increasing Group,"Month 84 to 96 (Increasing: n=11, Remaining: n=14)",,0.263,1.802,,
NCT01859949,Height Velocity Standard Deviation Score (SDS) for Chronological Age,SDS,MEAN,Standard Deviation,Dose-Remaining Group,"Month 84 to 96 (Increasing: n=11, Remaining: n=14)",,-0.114,1.964,,
NCT01859949,Height Velocity Standard Deviation Score (SDS) for Chronological Age,SDS,MEAN,Standard Deviation,Dose-Increasing Group,"Month 96 to 108 (Increasing: n=9, Remaining: n=8)",,0.521,2.058,,
NCT01859949,Height Velocity Standard Deviation Score (SDS) for Chronological Age,SDS,MEAN,Standard Deviation,Dose-Remaining Group,"Month 96 to 108 (Increasing: n=9, Remaining: n=8)",,-0.466,2.055,,
NCT01859949,Height Velocity Standard Deviation Score (SDS) for Chronological Age,SDS,MEAN,Standard Deviation,Dose-Increasing Group,"Month 108 to 120 (Increasing: n=6, Remaining: n=6)",,-0.668,2.126,,
NCT01859949,Height Velocity Standard Deviation Score (SDS) for Chronological Age,SDS,MEAN,Standard Deviation,Dose-Remaining Group,"Month 108 to 120 (Increasing: n=6, Remaining: n=6)",,-0.590,2.693,,
NCT01859949,Height Velocity Standard Deviation Score (SDS) for Chronological Age,SDS,MEAN,Standard Deviation,Dose-Increasing Group,"Month 120 to 132 (Increasing: n=5, Remaining: n=4)",,-1.080,1.953,,
NCT01859949,Height Velocity Standard Deviation Score (SDS) for Chronological Age,SDS,MEAN,Standard Deviation,Dose-Remaining Group,"Month 120 to 132 (Increasing: n=5, Remaining: n=4)",,1.173,3.042,,
NCT01859949,Height Velocity Standard Deviation Score (SDS) for Chronological Age,SDS,MEAN,Standard Deviation,Dose-Increasing Group,"Month 132 to 144 (Increasing: n=4, Remaining: n=2)",,2.655,4.329,,
NCT01859949,Height Velocity Standard Deviation Score (SDS) for Chronological Age,SDS,MEAN,Standard Deviation,Dose-Remaining Group,"Month 132 to 144 (Increasing: n=4, Remaining: n=2)",,0.730,2.022,,
NCT01859949,Height Velocity Standard Deviation Score (SDS) for Chronological Age,SDS,MEAN,Standard Deviation,Dose-Increasing Group,"Month 144 to 156 (Increasing: n=3, Remaining: n=0)",,3.373,1.995,,
NCT01859949,Height Velocity Standard Deviation Score (SDS) for Chronological Age,SDS,MEAN,Standard Deviation,Dose-Remaining Group,"Month 144 to 156 (Increasing: n=3, Remaining: n=0)",,NA,NA,,
NCT01859949,Height Velocity,cm/year,MEAN,Standard Deviation,Dose-Increasing Group,"Month 12 to 24 (Increasing: n=28, Remaining: n=32)",,7.83,1.33,,
NCT01859949,Height Velocity,cm/year,MEAN,Standard Deviation,Dose-Remaining Group,"Month 12 to 24 (Increasing: n=28, Remaining: n=32)",,7.70,1.19,,
NCT01859949,Height Velocity,cm/year,MEAN,Standard Deviation,Dose-Increasing Group,"Month 24 to 36 (Increasing: n=26, Remaining: n=28)",,6.88,0.94,,
NCT01859949,Height Velocity,cm/year,MEAN,Standard Deviation,Dose-Remaining Group,"Month 24 to 36 (Increasing: n=26, Remaining: n=28)",,6.75,1.52,,
NCT01859949,Height Velocity,cm/year,MEAN,Standard Deviation,Dose-Increasing Group,"Month 36 to 48 (Increasing: n=24, Remaining: n=23)",,6.68,0.98,,
NCT01859949,Height Velocity,cm/year,MEAN,Standard Deviation,Dose-Remaining Group,"Month 36 to 48 (Increasing: n=24, Remaining: n=23)",,6.08,1.14,,
NCT01859949,Height Velocity,cm/year,MEAN,Standard Deviation,Dose-Increasing Group,"Month 48 to 60 (Increasing: n=21, Remaining: n=20)",,6.06,1.49,,
NCT01859949,Height Velocity,cm/year,MEAN,Standard Deviation,Dose-Remaining Group,"Month 48 to 60 (Increasing: n=21, Remaining: n=20)",,6.30,1.24,,
NCT01859949,Height Velocity,cm/year,MEAN,Standard Deviation,Dose-Increasing Group,"Month 60 to 72 (Increasing: n=20, Remaining: n=16)",,6.08,1.45,,
NCT01859949,Height Velocity,cm/year,MEAN,Standard Deviation,Dose-Remaining Group,"Month 60 to 72 (Increasing: n=20, Remaining: n=16)",,6.49,1.37,,
NCT01859949,Height Velocity,cm/year,MEAN,Standard Deviation,Dose-Increasing Group,"Month 72 to 84 (Increasing: n=15, Remaining: n=16)",,4.89,2.18,,
NCT01859949,Height Velocity,cm/year,MEAN,Standard Deviation,Dose-Remaining Group,"Month 72 to 84 (Increasing: n=15, Remaining: n=16)",,4.88,1.86,,
NCT01859949,Height Velocity,cm/year,MEAN,Standard Deviation,Dose-Increasing Group,"Month 84 to 96 (Increasing: n=11, Remaining: n=14)",,5.16,1.20,,
NCT01859949,Height Velocity,cm/year,MEAN,Standard Deviation,Dose-Remaining Group,"Month 84 to 96 (Increasing: n=11, Remaining: n=14)",,4.82,2.12,,
NCT01859949,Height Velocity,cm/year,MEAN,Standard Deviation,Dose-Increasing Group,"Month 96 to 108 (Increasing: n=9, Remaining: n=8)",,5.18,2.16,,
NCT01859949,Height Velocity,cm/year,MEAN,Standard Deviation,Dose-Remaining Group,"Month 96 to 108 (Increasing: n=9, Remaining: n=8)",,5.55,2.42,,
NCT01859949,Height Velocity,cm/year,MEAN,Standard Deviation,Dose-Increasing Group,"Month 108 to 120 (Increasing: n=6, Remaining: n=6)",,5.72,2.24,,
NCT01859949,Height Velocity,cm/year,MEAN,Standard Deviation,Dose-Remaining Group,"Month 108 to 120 (Increasing: n=6, Remaining: n=6)",,5.03,1.86,,
NCT01859949,Height Velocity,cm/year,MEAN,Standard Deviation,Dose-Increasing Group,"Month 120 to 132 (Increasing: n=5, Remaining: n=4)",,4.84,1.30,,
NCT01859949,Height Velocity,cm/year,MEAN,Standard Deviation,Dose-Remaining Group,"Month 120 to 132 (Increasing: n=5, Remaining: n=4)",,4.30,1.84,,
NCT01859949,Height Velocity,cm/year,MEAN,Standard Deviation,Dose-Increasing Group,"Month 132 to 144 (Increasing: n=4, Remaining: n=2)",,4.38,1.10,,
NCT01859949,Height Velocity,cm/year,MEAN,Standard Deviation,Dose-Remaining Group,"Month 132 to 144 (Increasing: n=4, Remaining: n=2)",,2.60,0.14,,
NCT01859949,Height Velocity,cm/year,MEAN,Standard Deviation,Dose-Increasing Group,"Month 144 to 156(Increasing: n=3, Remaining: n=0)",,3.10,1.92,,
NCT01859949,Height Velocity,cm/year,MEAN,Standard Deviation,Dose-Remaining Group,"Month 144 to 156(Increasing: n=3, Remaining: n=0)",,NA,NA,,
NCT01859949,Height SDS for Chronological Age,SDS,MEAN,Standard Deviation,Dose-Increasing Group,"Month 12 (Increasing: n=29, Remaining: n=32)",,-2.53,0.92,,
NCT01859949,Height SDS for Chronological Age,SDS,MEAN,Standard Deviation,Dose-Remaining Group,"Month 12 (Increasing: n=29, Remaining: n=32)",,-2.17,0.96,,
NCT01859949,Height SDS for Chronological Age,SDS,MEAN,Standard Deviation,Dose-Increasing Group,"Month 24 (Increasing: n=28, Remaining: n=32)",,-2.02,0.97,,
NCT01859949,Height SDS for Chronological Age,SDS,MEAN,Standard Deviation,Dose-Remaining Group,"Month 24 (Increasing: n=28, Remaining: n=32)",,-1.70,1.03,,
NCT01859949,Height SDS for Chronological Age,SDS,MEAN,Standard Deviation,Dose-Increasing Group,"Month 36 (Increasing: n=26, Remaining: n=28)",,-1.80,0.99,,
NCT01859949,Height SDS for Chronological Age,SDS,MEAN,Standard Deviation,Dose-Remaining Group,"Month 36 (Increasing: n=26, Remaining: n=28)",,-1.53,1.10,,
NCT01859949,Height SDS for Chronological Age,SDS,MEAN,Standard Deviation,Dose-Increasing Group,"Month 48 (Increasing: n=24, Remaining: n=23)",,-1.48,1.05,,
NCT01859949,Height SDS for Chronological Age,SDS,MEAN,Standard Deviation,Dose-Remaining Group,"Month 48 (Increasing: n=24, Remaining: n=23)",,-1.49,1.15,,
NCT01859949,Height SDS for Chronological Age,SDS,MEAN,Standard Deviation,Dose-Increasing Group,"Month 60 (Increasing: n=21, Remaining: n=20)",,-1.53,1.06,,
NCT01859949,Height SDS for Chronological Age,SDS,MEAN,Standard Deviation,Dose-Remaining Group,"Month 60 (Increasing: n=21, Remaining: n=20)",,-1.44,1.10,,
NCT01859949,Height SDS for Chronological Age,SDS,MEAN,Standard Deviation,Dose-Increasing Group,"Month 72 (Increasing: n=20, Remaining: n=16)",,-1.56,1.11,,
NCT01859949,Height SDS for Chronological Age,SDS,MEAN,Standard Deviation,Dose-Remaining Group,"Month 72 (Increasing: n=20, Remaining: n=16)",,-1.43,1.06,,
NCT01859949,Height SDS for Chronological Age,SDS,MEAN,Standard Deviation,Dose-Increasing Group,"Month 84 (Increasing: n=15, Remaining: n=16)",,-1.73,1.13,,
NCT01859949,Height SDS for Chronological Age,SDS,MEAN,Standard Deviation,Dose-Remaining Group,"Month 84 (Increasing: n=15, Remaining: n=16)",,-1.58,1.17,,
NCT01859949,Height SDS for Chronological Age,SDS,MEAN,Standard Deviation,Dose-Increasing Group,"Month 96 (Increasing: n=11, Remaining: n=14)",,-1.52,0.89,,
NCT01859949,Height SDS for Chronological Age,SDS,MEAN,Standard Deviation,Dose-Remaining Group,"Month 96 (Increasing: n=11, Remaining: n=14)",,-1.87,1.36,,
NCT01859949,Height SDS for Chronological Age,SDS,MEAN,Standard Deviation,Dose-Increasing Group,"Month 108 (Increasing: n=9, Remaining: n=8)",,-1.52,1.01,,
NCT01859949,Height SDS for Chronological Age,SDS,MEAN,Standard Deviation,Dose-Remaining Group,"Month 108 (Increasing: n=9, Remaining: n=8)",,-1.63,1.48,,
NCT01859949,Height SDS for Chronological Age,SDS,MEAN,Standard Deviation,Dose-Increasing Group,"Month 120 (Increasing: n=6, Remaining: n=6)",,-1.52,1.20,,
NCT01859949,Height SDS for Chronological Age,SDS,MEAN,Standard Deviation,Dose-Remaining Group,"Month 120 (Increasing: n=6, Remaining: n=6)",,-1.25,0.59,,
NCT01859949,Height SDS for Chronological Age,SDS,MEAN,Standard Deviation,Dose-Increasing Group,"Month 132 (Increasing: n=5, Remaining: n=4)",,-1.96,1.11,,
NCT01859949,Height SDS for Chronological Age,SDS,MEAN,Standard Deviation,Dose-Remaining Group,"Month 132 (Increasing: n=5, Remaining: n=4)",,-0.98,0.51,,
NCT01859949,Height SDS for Chronological Age,SDS,MEAN,Standard Deviation,Dose-Increasing Group,"Month 144 (Increasing: n=4, Remaining: n=2)",,-1.73,0.87,,
NCT01859949,Height SDS for Chronological Age,SDS,MEAN,Standard Deviation,Dose-Remaining Group,"Month 144 (Increasing: n=4, Remaining: n=2)",,-0.70,0.42,,
NCT01859949,Height SDS for Chronological Age,SDS,MEAN,Standard Deviation,Dose-Increasing Group,"Month 156 (Increasing: n=3, Remaining: n=0)",,-1.77,0.76,,
NCT01859949,Height SDS for Chronological Age,SDS,MEAN,Standard Deviation,Dose-Remaining Group,"Month 156 (Increasing: n=3, Remaining: n=0)",,NA,NA,,
NCT01859949,Height Velocity SDS for Bone Age,SDS,MEAN,Standard Deviation,Dose-Increasing Group,"Month 12 to 24 (Increasing: n=26, Remaining: n=31)",,2.586,2.268,,
NCT01859949,Height Velocity SDS for Bone Age,SDS,MEAN,Standard Deviation,Dose-Remaining Group,"Month 12 to 24 (Increasing: n=26, Remaining: n=31)",,2.461,1.990,,
NCT01859949,Height Velocity SDS for Bone Age,SDS,MEAN,Standard Deviation,Dose-Increasing Group,"Month 24 to 36 (Increasing: n=24, Remaining: n=27)",,1.503,1.830,,
NCT01859949,Height Velocity SDS for Bone Age,SDS,MEAN,Standard Deviation,Dose-Remaining Group,"Month 24 to 36 (Increasing: n=24, Remaining: n=27)",,1.091,1.852,,
NCT01859949,Height Velocity SDS for Bone Age,SDS,MEAN,Standard Deviation,Dose-Increasing Group,"Month 36 to 48 (Increasing: n=22, Remaining: n=22)",,1.196,1.409,,
NCT01859949,Height Velocity SDS for Bone Age,SDS,MEAN,Standard Deviation,Dose-Remaining Group,"Month 36 to 48 (Increasing: n=22, Remaining: n=22)",,0.510,1.809,,
NCT01859949,Height Velocity SDS for Bone Age,SDS,MEAN,Standard Deviation,Dose-Increasing Group,"Month 48 to 60 (Increasing: n=20, Remaining: n=19)",,-0.062,1.775,,
NCT01859949,Height Velocity SDS for Bone Age,SDS,MEAN,Standard Deviation,Dose-Remaining Group,"Month 48 to 60 (Increasing: n=20, Remaining: n=19)",,0.913,2.146,,
NCT01859949,Height Velocity SDS for Bone Age,SDS,MEAN,Standard Deviation,Dose-Increasing Group,"Month 60 to 72 (Increasing: n=16, Remaining: n=14)",,0.281,2.814,,
NCT01859949,Height Velocity SDS for Bone Age,SDS,MEAN,Standard Deviation,Dose-Remaining Group,"Month 60 to 72 (Increasing: n=16, Remaining: n=14)",,0.949,2.729,,
NCT01859949,Height Velocity SDS for Bone Age,SDS,MEAN,Standard Deviation,Dose-Increasing Group,"Month 72 to 84 (Increasing: n=13, Remaining: n=13)",,-1.249,2.558,,
NCT01859949,Height Velocity SDS for Bone Age,SDS,MEAN,Standard Deviation,Dose-Remaining Group,"Month 72 to 84 (Increasing: n=13, Remaining: n=13)",,0.932,2.545,,
NCT01859949,Height Velocity SDS for Bone Age,SDS,MEAN,Standard Deviation,Dose-Increasing Group,"Month 84 to 96 (Increasing: n=10, Remaining: n=13)",,0.804,3.440,,
NCT01859949,Height Velocity SDS for Bone Age,SDS,MEAN,Standard Deviation,Dose-Remaining Group,"Month 84 to 96 (Increasing: n=10, Remaining: n=13)",,0.286,2.351,,
NCT01859949,Height Velocity SDS for Bone Age,SDS,MEAN,Standard Deviation,Dose-Increasing Group,"Month 96 to 108 (Increasing: n=8, Remaining: n=7)",,-0.634,2.419,,
NCT01859949,Height Velocity SDS for Bone Age,SDS,MEAN,Standard Deviation,Dose-Remaining Group,"Month 96 to 108 (Increasing: n=8, Remaining: n=7)",,-0.223,1.352,,
NCT01859949,Height Velocity SDS for Bone Age,SDS,MEAN,Standard Deviation,Dose-Increasing Group,"Month 108 to 120 (Increasing: n=5, Remaining: n=5)",,0.070,4.120,,
NCT01859949,Height Velocity SDS for Bone Age,SDS,MEAN,Standard Deviation,Dose-Remaining Group,"Month 108 to 120 (Increasing: n=5, Remaining: n=5)",,0.532,1.809,,
NCT01859949,Height Velocity SDS for Bone Age,SDS,MEAN,Standard Deviation,Dose-Increasing Group,"Month 120 to 132 (Increasing: n=4, Remaining: n=4)",,1.553,3.019,,
NCT01859949,Height Velocity SDS for Bone Age,SDS,MEAN,Standard Deviation,Dose-Remaining Group,"Month 120 to 132 (Increasing: n=4, Remaining: n=4)",,2.718,0.864,,
NCT01859949,Height Velocity SDS for Bone Age,SDS,MEAN,Standard Deviation,Dose-Increasing Group,"Month 132 to 144 (Increasing: n=3, Remaining: n=2)",,2.310,1.711,,
NCT01859949,Height Velocity SDS for Bone Age,SDS,MEAN,Standard Deviation,Dose-Remaining Group,"Month 132 to 144 (Increasing: n=3, Remaining: n=2)",,2.185,0.304,,
NCT01859949,Height Velocity SDS for Bone Age,SDS,MEAN,Standard Deviation,Dose-Increasing Group,"Month 144 to 156 (Increasing: n=2, Remaining: n=0)",,2.710,2.942,,
NCT01859949,Height Velocity SDS for Bone Age,SDS,MEAN,Standard Deviation,Dose-Remaining Group,"Month 144 to 156 (Increasing: n=2, Remaining: n=0)",,NA,NA,,
NCT01859949,Height SDS for Bone Age,SDS,MEAN,Standard Deviation,Dose-Increasing Group,"Month 12 (Increasing: n=27, Remaining: n=31)",,-1.19,1.20,,
NCT01859949,Height SDS for Bone Age,SDS,MEAN,Standard Deviation,Dose-Remaining Group,"Month 12 (Increasing: n=27, Remaining: n=31)",,-0.68,1.54,,
NCT01859949,Height SDS for Bone Age,SDS,MEAN,Standard Deviation,Dose-Increasing Group,"Month 24 (Increasing: n=26, Remaining: n=31)",,-1.15,1.15,,
NCT01859949,Height SDS for Bone Age,SDS,MEAN,Standard Deviation,Dose-Remaining Group,"Month 24 (Increasing: n=26, Remaining: n=31)",,-0.88,1.79,,
NCT01859949,Height SDS for Bone Age,SDS,MEAN,Standard Deviation,Dose-Increasing Group,"Month 36 (Increasing: n=24, Remaining: n=27)",,-1.20,1.35,,
NCT01859949,Height SDS for Bone Age,SDS,MEAN,Standard Deviation,Dose-Remaining Group,"Month 36 (Increasing: n=24, Remaining: n=27)",,-1.17,1.62,,
NCT01859949,Height SDS for Bone Age,SDS,MEAN,Standard Deviation,Dose-Increasing Group,"Month 48 (Increasing: n=22, Remaining: n=22)",,-0.74,1.32,,
NCT01859949,Height SDS for Bone Age,SDS,MEAN,Standard Deviation,Dose-Remaining Group,"Month 48 (Increasing: n=22, Remaining: n=22)",,-1.46,1.01,,
NCT01859949,Height SDS for Bone Age,SDS,MEAN,Standard Deviation,Dose-Increasing Group,"Month 60 (Increasing: n=20, Remaining: n=19)",,-1.16,1.21,,
NCT01859949,Height SDS for Bone Age,SDS,MEAN,Standard Deviation,Dose-Remaining Group,"Month 60 (Increasing: n=20, Remaining: n=19)",,-1.80,0.97,,
NCT01859949,Height SDS for Bone Age,SDS,MEAN,Standard Deviation,Dose-Increasing Group,"Month 72 (Increasing: n=16, Remaining: n=14)",,-1.78,1.02,,
NCT01859949,Height SDS for Bone Age,SDS,MEAN,Standard Deviation,Dose-Remaining Group,"Month 72 (Increasing: n=16, Remaining: n=14)",,-1.70,0.77,,
NCT01859949,Height SDS for Bone Age,SDS,MEAN,Standard Deviation,Dose-Increasing Group,"Month 84 (Increasing: n=13, Remaining: n=13)",,-1.85,1.17,,
NCT01859949,Height SDS for Bone Age,SDS,MEAN,Standard Deviation,Dose-Remaining Group,"Month 84 (Increasing: n=13, Remaining: n=13)",,-2.15,0.92,,
NCT01859949,Height SDS for Bone Age,SDS,MEAN,Standard Deviation,Dose-Increasing Group,"Month 96 (Increasing: n=10, Remaining: n=13)",,-1.77,1.12,,
NCT01859949,Height SDS for Bone Age,SDS,MEAN,Standard Deviation,Dose-Remaining Group,"Month 96 (Increasing: n=10, Remaining: n=13)",,-2.27,1.06,,
NCT01859949,Height SDS for Bone Age,SDS,MEAN,Standard Deviation,Dose-Increasing Group,"Month 108 (Increasing: n=8, Remaining: n=7)",,-1.41,0.97,,
NCT01859949,Height SDS for Bone Age,SDS,MEAN,Standard Deviation,Dose-Remaining Group,"Month 108 (Increasing: n=8, Remaining: n=7)",,-1.94,1.37,,
NCT01859949,Height SDS for Bone Age,SDS,MEAN,Standard Deviation,Dose-Increasing Group,"Month 120 (Increasing: n=5, Remaining: n=5)",,-1.58,1.50,,
NCT01859949,Height SDS for Bone Age,SDS,MEAN,Standard Deviation,Dose-Remaining Group,"Month 120 (Increasing: n=5, Remaining: n=5)",,-1.38,0.98,,
NCT01859949,Height SDS for Bone Age,SDS,MEAN,Standard Deviation,Dose-Increasing Group,"Month 132 (Increasing: n=4, Remaining: n=4)",,-2.10,1.21,,
NCT01859949,Height SDS for Bone Age,SDS,MEAN,Standard Deviation,Dose-Remaining Group,"Month 132 (Increasing: n=4, Remaining: n=4)",,-0.98,0.74,,
NCT01859949,Height SDS for Bone Age,SDS,MEAN,Standard Deviation,Dose-Increasing Group,"Month 144 (Increasing: n=3, Remaining: n=2)",,-1.40,0.17,,
NCT01859949,Height SDS for Bone Age,SDS,MEAN,Standard Deviation,Dose-Remaining Group,"Month 144 (Increasing: n=3, Remaining: n=2)",,-0.65,0.64,,
NCT01859949,Height SDS for Bone Age,SDS,MEAN,Standard Deviation,Dose-Increasing Group,"Month 156 (Increasing: n=2, Remaining: n=0)",,-1.55,0.92,,
NCT01859949,Height SDS for Bone Age,SDS,MEAN,Standard Deviation,Dose-Remaining Group,"Month 156 (Increasing: n=2, Remaining: n=0)",,NA,NA,,
NCT01871519,"Vertebral Body Height Restoration (Absolute Height Restored as Percent, AHRP)",percentage of pre-fracture height,MEAN,Standard Deviation,Balloon Kyphoplasty,Anterior height Loss from EP at baseline,,-26.438,22.008,,
NCT01871519,"Vertebral Body Height Restoration (Absolute Height Restored as Percent, AHRP)",percentage of pre-fracture height,MEAN,Standard Deviation,Balloon Kyphoplasty,Middle height loss from EP at baseline,,-27.719,20.861,,
NCT01871519,"Vertebral Body Height Restoration (Absolute Height Restored as Percent, AHRP)",percentage of pre-fracture height,MEAN,Standard Deviation,Balloon Kyphoplasty,Posterior height loss from EP at baseline,,-8.228,10.966,,
NCT01871519,"Vertebral Body Height Restoration (Absolute Height Restored as Percent, AHRP)",percentage of pre-fracture height,MEAN,Standard Deviation,Balloon Kyphoplasty,Anterior AHRP at pre-discharge,,3.897,9.822,,
NCT01871519,"Vertebral Body Height Restoration (Absolute Height Restored as Percent, AHRP)",percentage of pre-fracture height,MEAN,Standard Deviation,Balloon Kyphoplasty,Middle AHRP at pre-discharge,,4.205,9.783,,
NCT01871519,"Vertebral Body Height Restoration (Absolute Height Restored as Percent, AHRP)",percentage of pre-fracture height,MEAN,Standard Deviation,Balloon Kyphoplasty,Posterior AHRP at pre-discharge,,1.280,7.280,,
NCT01871519,"Vertebral Body Height Restoration (Absolute Height Restored as Percent, AHRP)",percentage of pre-fracture height,MEAN,Standard Deviation,Balloon Kyphoplasty,Anterior AHRP at 3 months,,1.511,10.426,,
NCT01871519,"Vertebral Body Height Restoration (Absolute Height Restored as Percent, AHRP)",percentage of pre-fracture height,MEAN,Standard Deviation,Balloon Kyphoplasty,Middle AHRP at 3 months,,2.223,10.076,,
NCT01871519,"Vertebral Body Height Restoration (Absolute Height Restored as Percent, AHRP)",percentage of pre-fracture height,MEAN,Standard Deviation,Balloon Kyphoplasty,Posterior AHRP at 3 months,,0.101,7.474,,
NCT01871519,"Vertebral Body Height Restoration (Absolute Height Restored as Percent, AHRP)",percentage of pre-fracture height,MEAN,Standard Deviation,Balloon Kyphoplasty,Anterior AHRP at 12 months,,1.308,10.765,,
NCT01871519,"Vertebral Body Height Restoration (Absolute Height Restored as Percent, AHRP)",percentage of pre-fracture height,MEAN,Standard Deviation,Balloon Kyphoplasty,Middle AHRP at 12 months,,1.567,10.453,,
NCT01871519,"Vertebral Body Height Restoration (Absolute Height Restored as Percent, AHRP)",percentage of pre-fracture height,MEAN,Standard Deviation,Balloon Kyphoplasty,Posterior AHRP at 12 months,,-0.028,8.284,,
NCT01878084,Change in Alveolar Crestal Bone Height,mm,MEAN,Standard Deviation,All Study Participants,baseline control mesial alveolar bone height value,,0.32,0.76,,
NCT01878084,Change in Alveolar Crestal Bone Height,mm,MEAN,Standard Deviation,All Study Participants,baseline test mesial alveolar bone height value,,0.84,1.57,,
NCT01878084,Change in Alveolar Crestal Bone Height,mm,MEAN,Standard Deviation,All Study Participants,baseline control distal alveolar bone height value,,1.59,1.03,,
NCT01878084,Change in Alveolar Crestal Bone Height,mm,MEAN,Standard Deviation,All Study Participants,baseline test distal alveolar bone height value,,0.96,1.57,,
NCT01878084,Change in Alveolar Crestal Bone Height,mm,MEAN,Standard Deviation,All Study Participants,4 weeks control mesial alveolar bone height value,,-0.11,0.95,,
NCT01878084,Change in Alveolar Crestal Bone Height,mm,MEAN,Standard Deviation,All Study Participants,4 weeks test mesial alveolar bone height value,,-0.36,1.40,,
NCT01878084,Change in Alveolar Crestal Bone Height,mm,MEAN,Standard Deviation,All Study Participants,4 weeks control distal alveolar bone height value,,1,1.28,,
NCT01878084,Change in Alveolar Crestal Bone Height,mm,MEAN,Standard Deviation,All Study Participants,4 weeks test distal alveolar bone height value,,0.03,1.76,,
NCT01878084,Change in Alveolar Crestal Bone Height,mm,MEAN,Standard Deviation,All Study Participants,12 weeks control mesial alveolar bone height value,,-0.13,0.25,,
NCT01878084,Change in Alveolar Crestal Bone Height,mm,MEAN,Standard Deviation,All Study Participants,12 weeks test mesial alveolar bone height value,,0.08,1.09,,
NCT01878084,Change in Alveolar Crestal Bone Height,mm,MEAN,Standard Deviation,All Study Participants,12 weeks control distal alveolar bone height value,,0.33,0.8,,
NCT01878084,Change in Alveolar Crestal Bone Height,mm,MEAN,Standard Deviation,All Study Participants,12 weeks test distal alveolar bone height value,,0.47,0.98,,
NCT01897233,Part B: Absolute Change From Baseline in Height at Week 24,centimeter (cm),LEAST_SQUARES_MEAN,95% Confidence Interval,Part B: LUM/IVA,,,2.9,,2.6,3.2
NCT01897233,Part B: Absolute Change From Baseline in Height-for-age Z-score at Week 24,z-score,LEAST_SQUARES_MEAN,95% Confidence Interval,Part B: LUM/IVA,,,0.03,,-0.02,0.09
NCT01897766,Change in Height Velocity Standard Deviation (SD) Score for Chronological Age From Baseline At Year 1,SD score,MEAN,Standard Deviation,Genotropin [Somatropin (Genetical Recombination)],,,4.1,3.06,,
NCT01897766,Change in Height Velocity Standard Deviation (SD) Score for Chronological Age From Baseline at Year 2,SD score,MEAN,Standard Deviation,Genotropin [Somatropin (Genetical Recombination)],,,3.0,2.92,,
NCT01897766,Change in Height Velocity Standard Deviation (SD) Score for Chronological Age From Baseline at Year 3,SD score,MEAN,Standard Deviation,Genotropin [Somatropin (Genetical Recombination)],,,2.5,2.53,,
NCT01897766,Change in Height Velocity Standard Deviation (SD) Score for Chronological Age From Baseline at Year 4,SD score,MEAN,Standard Deviation,Genotropin [Somatropin (Genetical Recombination)],,,2.6,2.81,,
NCT01897766,Change in Height Velocity Standard Deviation (SD) Score for Chronological Age From Baseline at Year 5,SD score,MEAN,Standard Deviation,Genotropin [Somatropin (Genetical Recombination)],,,2.3,2.74,,
NCT01897766,Change in Height Velocity Standard Deviation (SD) Score for Chronological Age From Baseline at Year 6,SD score,MEAN,Standard Deviation,Genotropin [Somatropin (Genetical Recombination)],,,2.4,3.07,,
NCT01897766,Change in Height Velocity Standard Deviation (SD) Score for Chronological Age From Baseline at Year 7,SD score,MEAN,Standard Deviation,Genotropin [Somatropin (Genetical Recombination)],,,2.4,3.86,,
NCT01897766,Change in Height Velocity Standard Deviation (SD) Score for Chronological Age From Baseline at Year 10,SD score,MEAN,Standard Deviation,Genotropin [Somatropin (Genetical Recombination)],,,-1.6,NA,,
NCT01897766,Change in Height Standard Deviation (SD) Score for Chronological Age From Baseline at Year 1,SD score,MEAN,Standard Deviation,Genotropin [Somatropin (Genetical Recombination)],,,0.6,0.36,,
NCT01897766,Change in Height Standard Deviation (SD) Score for Chronological Age From Baseline at Year 2,SD score,MEAN,Standard Deviation,Genotropin [Somatropin (Genetical Recombination)],,,0.9,0.49,,
NCT01897766,Change in Height Standard Deviation (SD) Score for Chronological Age From Baseline at Year 3,SD score,MEAN,Standard Deviation,Genotropin [Somatropin (Genetical Recombination)],,,1.1,0.51,,
NCT01897766,Change in Height Standard Deviation (SD) Score for Chronological Age From Baseline at Year 4,SD score,MEAN,Standard Deviation,Genotropin [Somatropin (Genetical Recombination)],,,1.3,0.63,,
NCT01897766,Change in Height Standard Deviation (SD) Score for Chronological Age From Baseline at Year 5,SD score,MEAN,Standard Deviation,Genotropin [Somatropin (Genetical Recombination)],,,1.3,0.71,,
NCT01897766,Change in Height Standard Deviation (SD) Score for Chronological Age From Baseline at Year 6,SD score,MEAN,Standard Deviation,Genotropin [Somatropin (Genetical Recombination)],,,1.4,0.81,,
NCT01897766,Change in Height Standard Deviation (SD) Score for Chronological Age From Baseline at Year 7,SD score,MEAN,Standard Deviation,Genotropin [Somatropin (Genetical Recombination)],,,1.4,0.87,,
NCT01897766,Change in Height Standard Deviation (SD) Score for Chronological Age From Baseline at Year 9,SD score,MEAN,Standard Deviation,Genotropin [Somatropin (Genetical Recombination)],,,2.1,NA,,
NCT01897766,Change in Height Standard Deviation (SD) Score for Chronological Age From Baseline at Year 10,SD score,MEAN,Standard Deviation,Genotropin [Somatropin (Genetical Recombination)],,,1.8,NA,,
NCT01897766,Height Standard Deviation (SD) Score at Puberty and at Near Final Height in Participants Who Reached Near Final Height,SD score,MEAN,Standard Deviation,Genotropin [Somatropin (Genetical Recombination)],At baseline,,-3.1,0.77,,
NCT01897766,Height Standard Deviation (SD) Score at Puberty and at Near Final Height in Participants Who Reached Near Final Height,SD score,MEAN,Standard Deviation,Genotropin [Somatropin (Genetical Recombination)],At puberty,,-2.8,0.86,,
NCT01897766,Height Standard Deviation (SD) Score at Puberty and at Near Final Height in Participants Who Reached Near Final Height,SD score,MEAN,Standard Deviation,Genotropin [Somatropin (Genetical Recombination)],At near final height,,-2.5,1.16,,
NCT01897766,Change in Height Standard Deviation (SD) Score at Puberty and at Near Final Height in Participants Who Reached Near Final Height From Baseline,SD score,MEAN,Standard Deviation,Genotropin [Somatropin (Genetical Recombination)],Change at At puberty,,0.3,0.36,,
NCT01897766,Change in Height Standard Deviation (SD) Score at Puberty and at Near Final Height in Participants Who Reached Near Final Height From Baseline,SD score,MEAN,Standard Deviation,Genotropin [Somatropin (Genetical Recombination)],Change At near final height,,0.6,0.74,,
NCT01911260,Change in Height-for-Age Z-score (HAZ) From End of Supplementation to End of Follow-up Period.,Z-Score,MEAN,Standard Deviation,Growth Deficit+Zinc Amino Acid Chelate,,,0.04,0.12,,
NCT01911260,Change in Height-for-Age Z-score (HAZ) From End of Supplementation to End of Follow-up Period.,Z-Score,MEAN,Standard Deviation,Growth Deficit + Placebo,,,-0.08,0.45,,
NCT01911260,Change in Height-for-Age Z-score (HAZ) From End of Supplementation to End of Follow-up Period.,Z-Score,MEAN,Standard Deviation,Normal Height+Zinc Amino Acid Chelate,,,0.10,0.15,,
NCT01911260,Change in Height-for-Age Z-score (HAZ) From End of Supplementation to End of Follow-up Period.,Z-Score,MEAN,Standard Deviation,Normal Height + Placebo,,,0.02,0.26,,
NCT01927861,Change in Height SDS (Japanese National Reference Data),Standard deviation score,LEAST_SQUARES_MEAN,Standard Error,NN-220 0.033 mg/kg/Day,,,0.84,0.09,,
NCT01927861,Change in Height SDS (Japanese National Reference Data),Standard deviation score,LEAST_SQUARES_MEAN,Standard Error,NN-220 0.066 mg/kg/Day,,,1.47,0.09,,
NCT01927861,Height Velocity SDS,Standard deviation score,MEAN,Standard Deviation,NN-220 0.033 mg/kg/Day,,,2.80,1.13,,
NCT01927861,Height Velocity SDS,Standard deviation score,MEAN,Standard Deviation,NN-220 0.066 mg/kg/Day,,,5.01,1.92,,
NCT01927861,Height Velocity SDS,Standard deviation score,MEAN,Standard Deviation,NN-220 0.033 mg/kg/Day,,,0.58,1.59,,
NCT01927861,Height Velocity SDS,Standard deviation score,MEAN,Standard Deviation,NN-220 0.066 mg/kg/Day,,,2.65,1.76,,
NCT01927861,Height Velocity,Centimeters per year (cm/year),MEAN,Standard Deviation,NN-220 0.033 mg/kg/Day,,,7.88,0.87,,
NCT01927861,Height Velocity,Centimeters per year (cm/year),MEAN,Standard Deviation,NN-220 0.066 mg/kg/Day,,,9.90,1.49,,
NCT01927861,Height Velocity,cm/year,MEAN,Standard Deviation,NN-220 0.033 mg/kg/Day,,,6.20,0.95,,
NCT01927861,Height Velocity,cm/year,MEAN,Standard Deviation,NN-220 0.066 mg/kg/Day,,,7.99,1.20,,
NCT01927861,Change in Bone Age,Years,MEAN,Standard Deviation,NN-220 0.033 mg/kg/Day,,,2.07,0.80,,
NCT01927861,Change in Bone Age,Years,MEAN,Standard Deviation,NN-220 0.066 mg/kg/Day,,,2.63,0.94,,
NCT01927861,Change in Bone Age/Chronological Age,Ratio (bone age/chronological age),MEAN,Standard Deviation,NN-220 0.033 mg/kg/Day,,,0.047,0.127,,
NCT01927861,Change in Bone Age/Chronological Age,Ratio (bone age/chronological age),MEAN,Standard Deviation,NN-220 0.066 mg/kg/Day,,,0.133,0.127,,
NCT01927861,Yearly Change in Bone Age/Change in Chronological Age,Ratio (bone age/chronological age),MEAN,Standard Deviation,NN-220 0.033 mg/kg/Day,,,0.93,0.66,,
NCT01927861,Yearly Change in Bone Age/Change in Chronological Age,Ratio (bone age/chronological age),MEAN,Standard Deviation,NN-220 0.066 mg/kg/Day,,,1.28,0.70,,
NCT01927861,Yearly Change in Bone Age/Change in Chronological Age,Ratio (bone age/chronological age),MEAN,Standard Deviation,NN-220 0.033 mg/kg/Day,,,1.15,0.57,,
NCT01927861,Yearly Change in Bone Age/Change in Chronological Age,Ratio (bone age/chronological age),MEAN,Standard Deviation,NN-220 0.066 mg/kg/Day,,,1.38,0.91,,
NCT01927861,Change in Height SDS (Japanese National Reference Data),Standard deviation score,MEAN,Standard Deviation,NN-220 0.033 mg/kg/Day,,,0.85,0.60,,
NCT01927861,Change in Height SDS (Japanese National Reference Data),Standard deviation score,MEAN,Standard Deviation,NN-220 0.066 mg/kg/Day,,,1.84,0.70,,
NCT01927861,Change in Height SDS (Noonan Syndrome Reference Data in Japanese),Standard deviation score,MEAN,Standard Deviation,NN-220 0.033 mg/kg/Day,,,0.96,0.47,,
NCT01927861,Change in Height SDS (Noonan Syndrome Reference Data in Japanese),Standard deviation score,MEAN,Standard Deviation,NN-220 0.066 mg/kg/Day,,,1.92,0.60,,
NCT01927861,Height Velocity,cm/year,MEAN,Standard Deviation,NN-220 0.033 mg/kg/Day,,,5.77,1.26,,
NCT01927861,Height Velocity,cm/year,MEAN,Standard Deviation,NN-220 0.066 mg/kg/Day,,,7.01,1.12,,
NCT01927861,Height Velocity,cm/year,MEAN,Standard Deviation,NN-220 0.033 mg/kg/Day,,,5.64,1.23,,
NCT01927861,Height Velocity,cm/year,MEAN,Standard Deviation,NN-220 0.066 mg/kg/Day,,,6.11,1.28,,
NCT01927861,Height Velocity SDS,Standard deviation score,MEAN,Standard Deviation,NN-220 0.033 mg/kg/Day,,,-0.39,1.61,,
NCT01927861,Height Velocity SDS,Standard deviation score,MEAN,Standard Deviation,NN-220 0.066 mg/kg/Day,,,1.44,1.25,,
NCT01927861,Height Velocity SDS,Standard deviation score,MEAN,Standard Deviation,NN-220 0.033 mg/kg/Day,,,-0.73,1.52,,
NCT01927861,Height Velocity SDS,Standard deviation score,MEAN,Standard Deviation,NN-220 0.066 mg/kg/Day,,,0.92,1.69,,
NCT01927861,Change in Bone Age,Years,MEAN,Standard Deviation,NN-220 0.033 mg/kg/Day,,,3.89,1.35,,
NCT01927861,Change in Bone Age,Years,MEAN,Standard Deviation,NN-220 0.066 mg/kg/Day,,,4.68,1.11,,
NCT01927861,Change in Bone Age/Chronological Age,Ratio (bone age/chronological age),MEAN,Standard Deviation,NN-220 0.033 mg/kg/Day,,,0.049,0.159,,
NCT01927861,Change in Bone Age/Chronological Age,Ratio (bone age/chronological age),MEAN,Standard Deviation,NN-220 0.066 mg/kg/Day,,,0.149,0.151,,
NCT01927861,Yearly Change in Bone Age/Change in Chronological Age,Ratio (bone age/chronological age),MEAN,Standard Deviation,NN-220 0.033 mg/kg/Day,,,0.94,0.70,,
NCT01927861,Yearly Change in Bone Age/Change in Chronological Age,Ratio (bone age/chronological age),MEAN,Standard Deviation,NN-220 0.066 mg/kg/Day,,,0.97,0.56,,
NCT01927861,Yearly Change in Bone Age/Change in Chronological Age,Ratio (bone age/chronological age),MEAN,Standard Deviation,NN-220 0.033 mg/kg/Day,,,0.87,0.55,,
NCT01927861,Yearly Change in Bone Age/Change in Chronological Age,Ratio (bone age/chronological age),MEAN,Standard Deviation,NN-220 0.066 mg/kg/Day,,,1.05,0.51,,
NCT01946412,"Absolute Change From Baseline of Parent Study in Stature at Week 12, 24, 36, 48, 60, 72 and 84",Centimeters (cm),MEAN,Standard Deviation,Ivacaftor 50 mg,"Baseline (n=9, 24)",,89.1,4.3,,
NCT01946412,"Absolute Change From Baseline of Parent Study in Stature at Week 12, 24, 36, 48, 60, 72 and 84",Centimeters (cm),MEAN,Standard Deviation,Ivacaftor 75 mg,"Baseline (n=9, 24)",,102.3,6.4,,
NCT01946412,"Absolute Change From Baseline of Parent Study in Stature at Week 12, 24, 36, 48, 60, 72 and 84",Centimeters (cm),MEAN,Standard Deviation,Ivacaftor 50 mg,"Absolute Change in Week 12 (n=9, 23)",,4.6,1.2,,
NCT01946412,"Absolute Change From Baseline of Parent Study in Stature at Week 12, 24, 36, 48, 60, 72 and 84",Centimeters (cm),MEAN,Standard Deviation,Ivacaftor 75 mg,"Absolute Change in Week 12 (n=9, 23)",,5.4,1.1,,
NCT01946412,"Absolute Change From Baseline of Parent Study in Stature at Week 12, 24, 36, 48, 60, 72 and 84",Centimeters (cm),MEAN,Standard Deviation,Ivacaftor 50 mg,"Absolute Change in Week 24 (n=9, 23)",,6.0,1.7,,
NCT01946412,"Absolute Change From Baseline of Parent Study in Stature at Week 12, 24, 36, 48, 60, 72 and 84",Centimeters (cm),MEAN,Standard Deviation,Ivacaftor 75 mg,"Absolute Change in Week 24 (n=9, 23)",,7.7,3.3,,
NCT01946412,"Absolute Change From Baseline of Parent Study in Stature at Week 12, 24, 36, 48, 60, 72 and 84",Centimeters (cm),MEAN,Standard Deviation,Ivacaftor 50 mg,"Absolute Change in Week 36 (n=9, 23)",,7.8,1.8,,
NCT01946412,"Absolute Change From Baseline of Parent Study in Stature at Week 12, 24, 36, 48, 60, 72 and 84",Centimeters (cm),MEAN,Standard Deviation,Ivacaftor 75 mg,"Absolute Change in Week 36 (n=9, 23)",,8.8,1.4,,
NCT01946412,"Absolute Change From Baseline of Parent Study in Stature at Week 12, 24, 36, 48, 60, 72 and 84",Centimeters (cm),MEAN,Standard Deviation,Ivacaftor 50 mg,"Absolute Change in Week 48 (n=9, 21)",,9.7,2.0,,
NCT01946412,"Absolute Change From Baseline of Parent Study in Stature at Week 12, 24, 36, 48, 60, 72 and 84",Centimeters (cm),MEAN,Standard Deviation,Ivacaftor 75 mg,"Absolute Change in Week 48 (n=9, 21)",,10.4,1.7,,
NCT01946412,"Absolute Change From Baseline of Parent Study in Stature at Week 12, 24, 36, 48, 60, 72 and 84",Centimeters (cm),MEAN,Standard Deviation,Ivacaftor 50 mg,"Absolute Change in Week 60 (n=9, 22)",,11.0,2.2,,
NCT01946412,"Absolute Change From Baseline of Parent Study in Stature at Week 12, 24, 36, 48, 60, 72 and 84",Centimeters (cm),MEAN,Standard Deviation,Ivacaftor 75 mg,"Absolute Change in Week 60 (n=9, 22)",,11.6,2.0,,
NCT01946412,"Absolute Change From Baseline of Parent Study in Stature at Week 12, 24, 36, 48, 60, 72 and 84",Centimeters (cm),MEAN,Standard Deviation,Ivacaftor 50 mg,"Absolute Change in Week 72 (n=9, 20)",,12.5,2.6,,
NCT01946412,"Absolute Change From Baseline of Parent Study in Stature at Week 12, 24, 36, 48, 60, 72 and 84",Centimeters (cm),MEAN,Standard Deviation,Ivacaftor 75 mg,"Absolute Change in Week 72 (n=9, 20)",,13.4,2.0,,
NCT01946412,"Absolute Change From Baseline of Parent Study in Stature at Week 12, 24, 36, 48, 60, 72 and 84",Centimeters (cm),MEAN,Standard Deviation,Ivacaftor 50 mg,"Absolute Change in Week 84 (n=9, 19)",,13.6,2.3,,
NCT01946412,"Absolute Change From Baseline of Parent Study in Stature at Week 12, 24, 36, 48, 60, 72 and 84",Centimeters (cm),MEAN,Standard Deviation,Ivacaftor 75 mg,"Absolute Change in Week 84 (n=9, 19)",,15.0,2.3,,
NCT01946412,"Absolute Change From Baseline of Study 109 in Stature at Week 12, 24, 36, 48, 60, 72 and 84",cm,MEAN,Standard Deviation,Ivacaftor 50 mg,"Baseline (n=9, 24)",,91.7,4.3,,
NCT01946412,"Absolute Change From Baseline of Study 109 in Stature at Week 12, 24, 36, 48, 60, 72 and 84",cm,MEAN,Standard Deviation,Ivacaftor 75 mg,"Baseline (n=9, 24)",,105.8,6.6,,
NCT01946412,"Absolute Change From Baseline of Study 109 in Stature at Week 12, 24, 36, 48, 60, 72 and 84",cm,MEAN,Standard Deviation,Ivacaftor 50 mg,"Absolute Change at Week 12 (n=9, 23)",,2.0,1.1,,
NCT01946412,"Absolute Change From Baseline of Study 109 in Stature at Week 12, 24, 36, 48, 60, 72 and 84",cm,MEAN,Standard Deviation,Ivacaftor 75 mg,"Absolute Change at Week 12 (n=9, 23)",,1.8,0.9,,
NCT01946412,"Absolute Change From Baseline of Study 109 in Stature at Week 12, 24, 36, 48, 60, 72 and 84",cm,MEAN,Standard Deviation,Ivacaftor 50 mg,"Absolute Change at Week 24 (n=9, 23)",,3.4,1.2,,
NCT01946412,"Absolute Change From Baseline of Study 109 in Stature at Week 12, 24, 36, 48, 60, 72 and 84",cm,MEAN,Standard Deviation,Ivacaftor 75 mg,"Absolute Change at Week 24 (n=9, 23)",,4.1,3.2,,
NCT01946412,"Absolute Change From Baseline of Study 109 in Stature at Week 12, 24, 36, 48, 60, 72 and 84",cm,MEAN,Standard Deviation,Ivacaftor 50 mg,"Absolute Change at Week 36 (n=9, 23)",,5.2,1.5,,
NCT01946412,"Absolute Change From Baseline of Study 109 in Stature at Week 12, 24, 36, 48, 60, 72 and 84",cm,MEAN,Standard Deviation,Ivacaftor 75 mg,"Absolute Change at Week 36 (n=9, 23)",,5.2,1.1,,
NCT01946412,"Absolute Change From Baseline of Study 109 in Stature at Week 12, 24, 36, 48, 60, 72 and 84",cm,MEAN,Standard Deviation,Ivacaftor 50 mg,"Absolute Change at Week 48 (n=9, 21)",,7.2,1.3,,
NCT01946412,"Absolute Change From Baseline of Study 109 in Stature at Week 12, 24, 36, 48, 60, 72 and 84",cm,MEAN,Standard Deviation,Ivacaftor 75 mg,"Absolute Change at Week 48 (n=9, 21)",,6.8,1.3,,
NCT01946412,"Absolute Change From Baseline of Study 109 in Stature at Week 12, 24, 36, 48, 60, 72 and 84",cm,MEAN,Standard Deviation,Ivacaftor 50 mg,"Absolute Change at Week 60 (n=9, 22)",,8.4,1.4,,
NCT01946412,"Absolute Change From Baseline of Study 109 in Stature at Week 12, 24, 36, 48, 60, 72 and 84",cm,MEAN,Standard Deviation,Ivacaftor 75 mg,"Absolute Change at Week 60 (n=9, 22)",,8.0,1.5,,
NCT01946412,"Absolute Change From Baseline of Study 109 in Stature at Week 12, 24, 36, 48, 60, 72 and 84",cm,MEAN,Standard Deviation,Ivacaftor 50 mg,"Absolute Change at Week 72 (n=9, 20)",,10.0,2.1,,
NCT01946412,"Absolute Change From Baseline of Study 109 in Stature at Week 12, 24, 36, 48, 60, 72 and 84",cm,MEAN,Standard Deviation,Ivacaftor 75 mg,"Absolute Change at Week 72 (n=9, 20)",,9.8,1.6,,
NCT01946412,"Absolute Change From Baseline of Study 109 in Stature at Week 12, 24, 36, 48, 60, 72 and 84",cm,MEAN,Standard Deviation,Ivacaftor 50 mg,"Absolute Change at Week 84 (n=9, 19)",,11.1,1.7,,
NCT01946412,"Absolute Change From Baseline of Study 109 in Stature at Week 12, 24, 36, 48, 60, 72 and 84",cm,MEAN,Standard Deviation,Ivacaftor 75 mg,"Absolute Change at Week 84 (n=9, 19)",,11.4,1.9,,
NCT01947517,Tear Meniscus Height,mm,MEAN,Standard Deviation,Parasol Group,,,0.472,0.398,,
NCT01947517,Tear Meniscus Height,mm,MEAN,Standard Deviation,Superflex Group,,,0.468,0.217,,
NCT01947907,Annualized Height Velocity,cm/year,MEAN,Standard Deviation,"ACP-001, Dose-level 1",,,11.93,4.066,,
NCT01947907,Annualized Height Velocity,cm/year,MEAN,Standard Deviation,"ACP-001, Dose-level 2",,,12.89,3.464,,
NCT01947907,Annualized Height Velocity,cm/year,MEAN,Standard Deviation,"ACP-001, Dose-level 3",,,13.85,4.009,,
NCT01947907,Annualized Height Velocity,cm/year,MEAN,Standard Deviation,Human Growth Hormone,,,11.64,3.592,,
NCT01990677,Mean Change in Maximal Subretinal Fluid Height Based on Spectral Domain Optical Coherence Tomography (OCT) Measurement.,microns,MEAN,Standard Deviation,25mg Eplerenone- Chronic CSCR Diagnosis,Baseline,,139.3,58.7,,
NCT01990677,Mean Change in Maximal Subretinal Fluid Height Based on Spectral Domain Optical Coherence Tomography (OCT) Measurement.,microns,MEAN,Standard Deviation,Placebo- Chronic CSCR Diagnosis,Baseline,,135.9,21.8,,
NCT01990677,Mean Change in Maximal Subretinal Fluid Height Based on Spectral Domain Optical Coherence Tomography (OCT) Measurement.,microns,MEAN,Standard Deviation,25mg Eplerenone- Chronic CSCR Diagnosis,Month 2,,51.8,52.2,,
NCT01990677,Mean Change in Maximal Subretinal Fluid Height Based on Spectral Domain Optical Coherence Tomography (OCT) Measurement.,microns,MEAN,Standard Deviation,Placebo- Chronic CSCR Diagnosis,Month 2,,172.3,88.8,,
NCT01990677,Mean Change in Subfoveal Fluid Height Based on OCT Measurement,microns,MEAN,Standard Deviation,25mg Eplerenone- Chronic CSCR Diagnosis,Baseline,,121.4,75.0,,
NCT01990677,Mean Change in Subfoveal Fluid Height Based on OCT Measurement,microns,MEAN,Standard Deviation,Placebo- Chronic CSCR Diagnosis,Baseline,,92.1,47.4,,
NCT01990677,Mean Change in Subfoveal Fluid Height Based on OCT Measurement,microns,MEAN,Standard Deviation,25mg Eplerenone- Chronic CSCR Diagnosis,Month 2,,29.4,34.0,,
NCT01990677,Mean Change in Subfoveal Fluid Height Based on OCT Measurement,microns,MEAN,Standard Deviation,Placebo- Chronic CSCR Diagnosis,Month 2,,134.0,105.9,,
NCT02004704,Participants From Pediatric Study DFI13803: Change From Baseline in Difference Between Bone Age and Actual Age of Participants at Month 72,month,MEAN,Standard Deviation,Olipudase Alfa: Participants From DFI13803 (Pediatrics),,,28.34,24.68,,
NCT02004704,Participants From Pediatric Study DFI13803: Change From Baseline in Height Z-score at Month 72,Z-score,MEAN,Standard Deviation,Olipudase Alfa: Participants From DFI13803 (Pediatrics),,,2.31,1.34,,
NCT02020278,Change From Baseline In Growth Percentiles For Body Height And Weight At Month 6,percentile,MEAN,Standard Deviation,Core Safety Follow-up Component,Height Percentile,,19.0,40.0,,
NCT02020278,Change From Baseline In Growth Percentiles For Body Height And Weight At Month 6,percentile,MEAN,Standard Deviation,Core Safety Follow-up Component,Weight Percentile,,0.7,8.0,,
NCT02028676,"LCM vs CDM, Induction ART: Height-for-age Z-score",age-adjusted z-score,MEAN,Standard Deviation,Clinically Driven Monitoring (CDM),,,0.36,0.65,,
NCT02028676,"LCM vs CDM, Induction ART: Height-for-age Z-score",age-adjusted z-score,MEAN,Standard Deviation,Laboratory Plus Clinical Monitoring (LCM),,,0.43,0.66,,
NCT02028676,"LCM vs CDM, Induction ART: Height-for-age Z-score",age-adjusted z-score,MEAN,Standard Deviation,Arm A: ABC+3TC+NNRTI,,,0.40,0.67,,
NCT02028676,"LCM vs CDM, Induction ART: Height-for-age Z-score",age-adjusted z-score,MEAN,Standard Deviation,Arm B: ZDV+ABC+3TC+NNRTI->ABC+3TC+NNRTI Maintenance,,,0.40,0.65,,
NCT02028676,"LCM vs CDM, Induction ART: Height-for-age Z-score",age-adjusted z-score,MEAN,Standard Deviation,Arm C: ZDV+ABC+3TC+NNRTI->ZDV+ABC+3TC Maintenance,,,0.38,0.64,,
NCT02028676,Once Versus Twice Daily Abacavir+Lamivudine: Height-for-age Z-score,age-adjusted z-score,MEAN,Standard Deviation,Once-daily ABC+3TC,,,0.28,0.36,,
NCT02028676,Once Versus Twice Daily Abacavir+Lamivudine: Height-for-age Z-score,age-adjusted z-score,MEAN,Standard Deviation,Twice-daily ABC+3TC,,,0.32,0.45,,
NCT02028676,Cotrimoxazole: Height-for-age Z-score,age-adjusted z-score,MEAN,Standard Deviation,Continued Cotrimoxazole Prophylaxis,,,0.22,0.33,,
NCT02028676,Cotrimoxazole: Height-for-age Z-score,age-adjusted z-score,MEAN,Standard Deviation,Stopped Cotrimoxazole Prophylaxis,,,0.19,0.35,,
NCT02029521,Height Percentile,Percentile adjusted for age and sex,MEAN,Standard Deviation,Oral Reduced L-glutathione,,,39.3,11.9,,
NCT02029521,Height Percentile,Percentile adjusted for age and sex,MEAN,Standard Deviation,Placebo Calcium Citrate,,,38.0,13.8,,
NCT02029521,Height Percentile,Percentile adjusted for age and sex,MEAN,Standard Deviation,Oral Reduced L-glutathione,,,43.3,12.5,,
NCT02029521,Height Percentile,Percentile adjusted for age and sex,MEAN,Standard Deviation,Placebo Calcium Citrate,,,36.5,13.2,,
NCT02052752,To Assess the Percentage Change in Acne Lesion Swelling (Height) of the Target Lesion for 3% Benzoyl Peroxide (BPO) Gel Test Product Relative to the Vehicle Gel After 4 Once-daily Applications.,Percentage change,MEAN,Standard Error,Test Product,,,-57.42,6.229,,
NCT02052752,To Assess the Percentage Change in Acne Lesion Swelling (Height) of the Target Lesion for 3% Benzoyl Peroxide (BPO) Gel Test Product Relative to the Vehicle Gel After 4 Once-daily Applications.,Percentage change,MEAN,Standard Error,Vehicle Gel,,,-47.89,6.237,,
NCT02052752,To Assess the Percentage Change in Acne Lesion Swelling (Height) of the Target Lesion for 3% Benzoyl Peroxide (BPO) Gel Test Product Relative to the Vehicle Gel After 4 Once-daily Applications.,Percentage change,MEAN,Standard Error,Positive Control,,,-53.07,6.233,,
NCT02052752,To Assess the Percentage Change in Acne Lesion Swelling (Height) for the 3% Benzoyl Peroxide Gel Test Product and Positive Control Relative to the Vehicle Gel.,Percentage change,MEAN,Standard Deviation,Test Product,From baseline to hour 2,,-3.24,8.726,,
NCT02052752,To Assess the Percentage Change in Acne Lesion Swelling (Height) for the 3% Benzoyl Peroxide Gel Test Product and Positive Control Relative to the Vehicle Gel.,Percentage change,MEAN,Standard Deviation,Vehicle Gel,From baseline to hour 2,,-4.65,10.558,,
NCT02052752,To Assess the Percentage Change in Acne Lesion Swelling (Height) for the 3% Benzoyl Peroxide Gel Test Product and Positive Control Relative to the Vehicle Gel.,Percentage change,MEAN,Standard Deviation,Positive Control,From baseline to hour 2,,-4.57,10.754,,
NCT02052752,To Assess the Percentage Change in Acne Lesion Swelling (Height) for the 3% Benzoyl Peroxide Gel Test Product and Positive Control Relative to the Vehicle Gel.,Percentage change,MEAN,Standard Deviation,Test Product,From baseline to hour 4,,-6.02,9.172,,
NCT02052752,To Assess the Percentage Change in Acne Lesion Swelling (Height) for the 3% Benzoyl Peroxide Gel Test Product and Positive Control Relative to the Vehicle Gel.,Percentage change,MEAN,Standard Deviation,Vehicle Gel,From baseline to hour 4,,-7.01,11.525,,
NCT02052752,To Assess the Percentage Change in Acne Lesion Swelling (Height) for the 3% Benzoyl Peroxide Gel Test Product and Positive Control Relative to the Vehicle Gel.,Percentage change,MEAN,Standard Deviation,Positive Control,From baseline to hour 4,,-5.94,11.774,,
NCT02052752,To Assess the Percentage Change in Acne Lesion Swelling (Height) for the 3% Benzoyl Peroxide Gel Test Product and Positive Control Relative to the Vehicle Gel.,Percentage change,MEAN,Standard Deviation,Test Product,From baseline to day 1,,-21.42,25.578,,
NCT02052752,To Assess the Percentage Change in Acne Lesion Swelling (Height) for the 3% Benzoyl Peroxide Gel Test Product and Positive Control Relative to the Vehicle Gel.,Percentage change,MEAN,Standard Deviation,Vehicle Gel,From baseline to day 1,,-22.07,19.688,,
NCT02052752,To Assess the Percentage Change in Acne Lesion Swelling (Height) for the 3% Benzoyl Peroxide Gel Test Product and Positive Control Relative to the Vehicle Gel.,Percentage change,MEAN,Standard Deviation,Positive Control,From baseline to day 1,,-20.22,25.711,,
NCT02052752,To Assess the Percentage Change in Acne Lesion Swelling (Height) for the 3% Benzoyl Peroxide Gel Test Product and Positive Control Relative to the Vehicle Gel.,Percentage change,MEAN,Standard Deviation,Test Product,From baseline to day 2,,-40.30,34.011,,
NCT02052752,To Assess the Percentage Change in Acne Lesion Swelling (Height) for the 3% Benzoyl Peroxide Gel Test Product and Positive Control Relative to the Vehicle Gel.,Percentage change,MEAN,Standard Deviation,Vehicle Gel,From baseline to day 2,,-37.03,28.968,,
NCT02052752,To Assess the Percentage Change in Acne Lesion Swelling (Height) for the 3% Benzoyl Peroxide Gel Test Product and Positive Control Relative to the Vehicle Gel.,Percentage change,MEAN,Standard Deviation,Positive Control,From baseline to day 2,,-42.94,31.121,,
NCT02052752,To Assess the Percentage Change in Acne Lesion Swelling (Height) for the 3% Benzoyl Peroxide Gel Test Product and Positive Control Relative to the Vehicle Gel.,Percentage change,MEAN,Standard Deviation,Test Product,From baseline to day 4,,-57.22,36.372,,
NCT02052752,To Assess the Percentage Change in Acne Lesion Swelling (Height) for the 3% Benzoyl Peroxide Gel Test Product and Positive Control Relative to the Vehicle Gel.,Percentage change,MEAN,Standard Deviation,Vehicle Gel,From baseline to day 4,,-48.60,34.585,,
NCT02052752,To Assess the Percentage Change in Acne Lesion Swelling (Height) for the 3% Benzoyl Peroxide Gel Test Product and Positive Control Relative to the Vehicle Gel.,Percentage change,MEAN,Standard Deviation,Positive Control,From baseline to day 4,,-52.57,33.580,,
NCT02055157,Change From Baseline in Annualized Growth Velocity (AGV) During Initial 6-Month,cm/year,MEAN,Standard Deviation,Cohort 1,Baseline,,3.755,1.1094,,
NCT02055157,Change From Baseline in Annualized Growth Velocity (AGV) During Initial 6-Month,cm/year,MEAN,Standard Deviation,Cohort 2,Baseline,,2.891,1.3920,,
NCT02055157,Change From Baseline in Annualized Growth Velocity (AGV) During Initial 6-Month,cm/year,MEAN,Standard Deviation,Cohort 3,Baseline,,4.044,2.2751,,
NCT02055157,Change From Baseline in Annualized Growth Velocity (AGV) During Initial 6-Month,cm/year,MEAN,Standard Deviation,Cohort 4,Baseline,,4.492,1.1889,,
NCT02055157,Change From Baseline in Annualized Growth Velocity (AGV) During Initial 6-Month,cm/year,MEAN,Standard Deviation,Cohort 1,Change from Baseline to Day 183,,-0.371,1.5920,,
NCT02055157,Change From Baseline in Annualized Growth Velocity (AGV) During Initial 6-Month,cm/year,MEAN,Standard Deviation,Cohort 2,Change from Baseline to Day 183,,1.276,1.4387,,
NCT02055157,Change From Baseline in Annualized Growth Velocity (AGV) During Initial 6-Month,cm/year,MEAN,Standard Deviation,Cohort 3,Change from Baseline to Day 183,,2.014,1.9990,,
NCT02055157,Change From Baseline in Annualized Growth Velocity (AGV) During Initial 6-Month,cm/year,MEAN,Standard Deviation,Cohort 4,Change from Baseline to Day 183,,2.085,2.1375,,
NCT02055157,Change From Baseline in Annualized Growth Velocity (AGV) During Entire Study Period - Cohort 3 and 4,cm/year,MEAN,Standard Deviation,Cohort 3,Baseline,,4.044,2.2751,,
NCT02055157,Change From Baseline in Annualized Growth Velocity (AGV) During Entire Study Period - Cohort 3 and 4,cm/year,MEAN,Standard Deviation,Cohort 4,Baseline,,4.492,1.1889,,
NCT02055157,Change From Baseline in Annualized Growth Velocity (AGV) During Entire Study Period - Cohort 3 and 4,cm/year,MEAN,Standard Deviation,Cohort 3,Change from Baseline to Month 24,,1.744,1.7974,,
NCT02055157,Change From Baseline in Annualized Growth Velocity (AGV) During Entire Study Period - Cohort 3 and 4,cm/year,MEAN,Standard Deviation,Cohort 4,Change from Baseline to Month 24,,1.538,1.3387,,
NCT02055157,Change From Baseline in Annualized Growth Velocity (AGV) During Entire Study Period - Cohort 1 and 2 Switchers,cm/year,MEAN,Standard Deviation,Cohort 1,Baseline,,3.629,1.1586,,
NCT02055157,Change From Baseline in Annualized Growth Velocity (AGV) During Entire Study Period - Cohort 1 and 2 Switchers,cm/year,MEAN,Standard Deviation,Cohort 2,Baseline,,3.510,0.8327,,
NCT02055157,Change From Baseline in Annualized Growth Velocity (AGV) During Entire Study Period - Cohort 1 and 2 Switchers,cm/year,MEAN,Standard Deviation,Cohort 1,Change from Baseline at >=12 Months on 15μg/kg,,1.846,2.1466,,
NCT02055157,Change From Baseline in Annualized Growth Velocity (AGV) During Entire Study Period - Cohort 1 and 2 Switchers,cm/year,MEAN,Standard Deviation,Cohort 2,Change from Baseline at >=12 Months on 15μg/kg,,2.245,0.9176,,
NCT02055157,Change From Baseline in Height Z-Scores Using Centers for Disease Control and Prevention (CDC) Reference Standard During Initial 6-Months,z score,MEAN,Standard Deviation,Cohort 1,Baseline,,-6.056,0.6331,,
NCT02055157,Change From Baseline in Height Z-Scores Using Centers for Disease Control and Prevention (CDC) Reference Standard During Initial 6-Months,z score,MEAN,Standard Deviation,Cohort 2,Baseline,,-5.145,0.8530,,
NCT02055157,Change From Baseline in Height Z-Scores Using Centers for Disease Control and Prevention (CDC) Reference Standard During Initial 6-Months,z score,MEAN,Standard Deviation,Cohort 3,Baseline,,-4.613,1.1355,,
NCT02055157,Change From Baseline in Height Z-Scores Using Centers for Disease Control and Prevention (CDC) Reference Standard During Initial 6-Months,z score,MEAN,Standard Deviation,Cohort 4,Baseline,,-5.193,0.7486,,
NCT02055157,Change From Baseline in Height Z-Scores Using Centers for Disease Control and Prevention (CDC) Reference Standard During Initial 6-Months,z score,MEAN,Standard Deviation,Cohort 1,Change from Baseline to Day 183,,-0.008,0.1788,,
NCT02055157,Change From Baseline in Height Z-Scores Using Centers for Disease Control and Prevention (CDC) Reference Standard During Initial 6-Months,z score,MEAN,Standard Deviation,Cohort 2,Change from Baseline to Day 183,,0.078,0.1440,,
NCT02055157,Change From Baseline in Height Z-Scores Using Centers for Disease Control and Prevention (CDC) Reference Standard During Initial 6-Months,z score,MEAN,Standard Deviation,Cohort 3,Change from Baseline to Day 183,,0.229,0.1505,,
NCT02055157,Change From Baseline in Height Z-Scores Using Centers for Disease Control and Prevention (CDC) Reference Standard During Initial 6-Months,z score,MEAN,Standard Deviation,Cohort 4,Change from Baseline to Day 183,,0.265,0.1869,,
NCT02055157,Change From Baseline in Height Z-Scores Using CDC Reference Standard During Entire Study Period - Cohort 3 and 4,z score,MEAN,Standard Deviation,Cohort 3,Baseline,,-4.613,1.1355,,
NCT02055157,Change From Baseline in Height Z-Scores Using CDC Reference Standard During Entire Study Period - Cohort 3 and 4,z score,MEAN,Standard Deviation,Cohort 4,Baseline,,-5.193,0.7486,,
NCT02055157,Change From Baseline in Height Z-Scores Using CDC Reference Standard During Entire Study Period - Cohort 3 and 4,z score,MEAN,Standard Deviation,Cohort 3,Change from Baseline to Month 24,,0.788,0.2842,,
NCT02055157,Change From Baseline in Height Z-Scores Using CDC Reference Standard During Entire Study Period - Cohort 3 and 4,z score,MEAN,Standard Deviation,Cohort 4,Change from Baseline to Month 24,,0.896,0.3010,,
NCT02055157,Change From Baseline in Height Z-Scores Using CDC Reference Standard During Entire Study Period - Cohort 1 and 2 Switchers,z score,MEAN,Standard Deviation,Cohort 1,Baseline,,-6.064,0.6932,,
NCT02055157,Change From Baseline in Height Z-Scores Using CDC Reference Standard During Entire Study Period - Cohort 1 and 2 Switchers,z score,MEAN,Standard Deviation,Cohort 2,Baseline,,-4.912,0.7708,,
NCT02055157,Change From Baseline in Height Z-Scores Using CDC Reference Standard During Entire Study Period - Cohort 1 and 2 Switchers,z score,MEAN,Standard Deviation,Cohort 1,Change from Baseline to >=12 Months on 15ug/kg,,0.520,0.2950,,
NCT02055157,Change From Baseline in Height Z-Scores Using CDC Reference Standard During Entire Study Period - Cohort 1 and 2 Switchers,z score,MEAN,Standard Deviation,Cohort 2,Change from Baseline to >=12 Months on 15ug/kg,,0.259,0.1887,,
NCT02055157,Change From Baseline in Upper Leg Length (Thigh) to Knee to Heel Length Ratio During Initial 6-months,ratio,MEAN,Standard Deviation,Cohort 1,Baseline,,0.672,0.0600,,
NCT02055157,Change From Baseline in Upper Leg Length (Thigh) to Knee to Heel Length Ratio During Initial 6-months,ratio,MEAN,Standard Deviation,Cohort 2,Baseline,,0.662,0.0585,,
NCT02055157,Change From Baseline in Upper Leg Length (Thigh) to Knee to Heel Length Ratio During Initial 6-months,ratio,MEAN,Standard Deviation,Cohort 3,Baseline,,0.687,0.0268,,
NCT02055157,Change From Baseline in Upper Leg Length (Thigh) to Knee to Heel Length Ratio During Initial 6-months,ratio,MEAN,Standard Deviation,Cohort 4,Baseline,,0.691,0.0847,,
NCT02055157,Change From Baseline in Upper Leg Length (Thigh) to Knee to Heel Length Ratio During Initial 6-months,ratio,MEAN,Standard Deviation,Cohort 1,Change from Baseline to Day 183,,-0.002,0.0401,,
NCT02055157,Change From Baseline in Upper Leg Length (Thigh) to Knee to Heel Length Ratio During Initial 6-months,ratio,MEAN,Standard Deviation,Cohort 2,Change from Baseline to Day 183,,-0.006,0.0462,,
NCT02055157,Change From Baseline in Upper Leg Length (Thigh) to Knee to Heel Length Ratio During Initial 6-months,ratio,MEAN,Standard Deviation,Cohort 3,Change from Baseline to Day 183,,0.007,0.0411,,
NCT02055157,Change From Baseline in Upper Leg Length (Thigh) to Knee to Heel Length Ratio During Initial 6-months,ratio,MEAN,Standard Deviation,Cohort 4,Change from Baseline to Day 183,,-0.006,0.0810,,
NCT02055157,Change From Baseline in Upper Leg Length (Thigh) to Knee to Heel Length Ratio During Entire Study Period - Cohort 3 and 4,ratio,MEAN,Standard Deviation,Cohort 3,Baseline,,0.687,0.0268,,
NCT02055157,Change From Baseline in Upper Leg Length (Thigh) to Knee to Heel Length Ratio During Entire Study Period - Cohort 3 and 4,ratio,MEAN,Standard Deviation,Cohort 4,Baseline,,0.691,0.0847,,
NCT02055157,Change From Baseline in Upper Leg Length (Thigh) to Knee to Heel Length Ratio During Entire Study Period - Cohort 3 and 4,ratio,MEAN,Standard Deviation,Cohort 3,Change from Baseline to Month 24,,0.010,0.0503,,
NCT02055157,Change From Baseline in Upper Leg Length (Thigh) to Knee to Heel Length Ratio During Entire Study Period - Cohort 3 and 4,ratio,MEAN,Standard Deviation,Cohort 4,Change from Baseline to Month 24,,-0.033,0.1065,,
NCT02055157,Change From Baseline in Upper Leg Length (Thigh) to Knee to Heel Length Ratio During Entire Study Period - Cohort 1 and 2 Switchers,ratio,MEAN,Standard Deviation,Cohort 1,Baseline,,0.659,0.0541,,
NCT02055157,Change From Baseline in Upper Leg Length (Thigh) to Knee to Heel Length Ratio During Entire Study Period - Cohort 1 and 2 Switchers,ratio,MEAN,Standard Deviation,Cohort 2,Baseline,,0.673,0.0579,,
NCT02055157,Change From Baseline in Upper Leg Length (Thigh) to Knee to Heel Length Ratio During Entire Study Period - Cohort 1 and 2 Switchers,ratio,MEAN,Standard Deviation,Cohort 1,Change from Baseline to >=12 Months on 15ug/kg,,0.002,0.0228,,
NCT02055157,Change From Baseline in Upper Leg Length (Thigh) to Knee to Heel Length Ratio During Entire Study Period - Cohort 1 and 2 Switchers,ratio,MEAN,Standard Deviation,Cohort 2,Change from Baseline to >=12 Months on 15ug/kg,,0.006,0.0618,,
NCT02055157,Change From Baseline in Upper Leg Length (Thigh) to Tibial Length Ratio During Initial 6-months,ratio,MEAN,Standard Deviation,Cohort 1,Baseline,,1.089,0.1067,,
NCT02055157,Change From Baseline in Upper Leg Length (Thigh) to Tibial Length Ratio During Initial 6-months,ratio,MEAN,Standard Deviation,Cohort 2,Baseline,,1.074,0.1350,,
NCT02055157,Change From Baseline in Upper Leg Length (Thigh) to Tibial Length Ratio During Initial 6-months,ratio,MEAN,Standard Deviation,Cohort 3,Baseline,,1.107,0.0607,,
NCT02055157,Change From Baseline in Upper Leg Length (Thigh) to Tibial Length Ratio During Initial 6-months,ratio,MEAN,Standard Deviation,Cohort 4,Baseline,,1.061,0.1341,,
NCT02055157,Change From Baseline in Upper Leg Length (Thigh) to Tibial Length Ratio During Initial 6-months,ratio,MEAN,Standard Deviation,Cohort 1,Change from Baseline to Day 183,,0.001,0.0774,,
NCT02055157,Change From Baseline in Upper Leg Length (Thigh) to Tibial Length Ratio During Initial 6-months,ratio,MEAN,Standard Deviation,Cohort 2,Change from Baseline to Day 183,,0.007,0.0863,,
NCT02055157,Change From Baseline in Upper Leg Length (Thigh) to Tibial Length Ratio During Initial 6-months,ratio,MEAN,Standard Deviation,Cohort 3,Change from Baseline to Day 183,,0.034,0.1048,,
NCT02055157,Change From Baseline in Upper Leg Length (Thigh) to Tibial Length Ratio During Initial 6-months,ratio,MEAN,Standard Deviation,Cohort 4,Change from Baseline to Day 183,,0.015,0.1571,,
NCT02055157,Change From Baseline in Upper Leg Length (Thigh) to Tibial Length Ratio During Entire Study Period - Cohort 3 and 4,ratio,MEAN,Standard Deviation,Cohort 3,Baseline,,1.107,0.0607,,
NCT02055157,Change From Baseline in Upper Leg Length (Thigh) to Tibial Length Ratio During Entire Study Period - Cohort 3 and 4,ratio,MEAN,Standard Deviation,Cohort 4,Baseline,,1.061,0.1341,,
NCT02055157,Change From Baseline in Upper Leg Length (Thigh) to Tibial Length Ratio During Entire Study Period - Cohort 3 and 4,ratio,MEAN,Standard Deviation,Cohort 3,Change from Baseline to Month 24,,0.014,0.0888,,
NCT02055157,Change From Baseline in Upper Leg Length (Thigh) to Tibial Length Ratio During Entire Study Period - Cohort 3 and 4,ratio,MEAN,Standard Deviation,Cohort 4,Change from Baseline to Month 24,,-0.012,0.1477,,
NCT02055157,Change From Baseline in Upper Leg Length (Thigh) to Tibial Length Ratio During Entire Study Period - Cohort 1 and 2 Switchers,ratio,MEAN,Standard Deviation,Cohort 1,Baseline,,1.080,0.1139,,
NCT02055157,Change From Baseline in Upper Leg Length (Thigh) to Tibial Length Ratio During Entire Study Period - Cohort 1 and 2 Switchers,ratio,MEAN,Standard Deviation,Cohort 2,Baseline,,1.100,0.1447,,
NCT02055157,Change From Baseline in Upper Leg Length (Thigh) to Tibial Length Ratio During Entire Study Period - Cohort 1 and 2 Switchers,ratio,MEAN,Standard Deviation,Cohort 1,Change from Baseline to >=12 Months on 15ug/kg,,-0.020,0.0297,,
NCT02055157,Change From Baseline in Upper Leg Length (Thigh) to Tibial Length Ratio During Entire Study Period - Cohort 1 and 2 Switchers,ratio,MEAN,Standard Deviation,Cohort 2,Change from Baseline to >=12 Months on 15ug/kg,,0.018,0.1602,,
NCT02055157,Change From Baseline in Arm Span to Height Ratio During Initial 6-months,ratio,MEAN,Standard Deviation,Cohort 1,Baseline,,0.901,0.0189,,
NCT02055157,Change From Baseline in Arm Span to Height Ratio During Initial 6-months,ratio,MEAN,Standard Deviation,Cohort 2,Baseline,,0.889,0.0906,,
NCT02055157,Change From Baseline in Arm Span to Height Ratio During Initial 6-months,ratio,MEAN,Standard Deviation,Cohort 3,Baseline,,0.913,0.0123,,
NCT02055157,Change From Baseline in Arm Span to Height Ratio During Initial 6-months,ratio,MEAN,Standard Deviation,Cohort 4,Baseline,,0.893,0.0284,,
NCT02055157,Change From Baseline in Arm Span to Height Ratio During Initial 6-months,ratio,MEAN,Standard Deviation,Cohort 1,Change from Baseline to Day 183,,0.012,0.0111,,
NCT02055157,Change From Baseline in Arm Span to Height Ratio During Initial 6-months,ratio,MEAN,Standard Deviation,Cohort 2,Change from Baseline to Day 183,,-0.005,0.0079,,
NCT02055157,Change From Baseline in Arm Span to Height Ratio During Initial 6-months,ratio,MEAN,Standard Deviation,Cohort 3,Change from Baseline to Day 183,,0.007,0.0063,,
NCT02055157,Change From Baseline in Arm Span to Height Ratio During Initial 6-months,ratio,MEAN,Standard Deviation,Cohort 4,Change from Baseline to Day 183,,0.001,0.0143,,
NCT02055157,Change From Baseline in Arm Span to Height Ratio During Entire Study Period - Cohort 3 and 4,ratio,MEAN,Standard Deviation,Cohort 3,Baseline,,0.911,0.0119,,
NCT02055157,Change From Baseline in Arm Span to Height Ratio During Entire Study Period - Cohort 3 and 4,ratio,MEAN,Standard Deviation,Cohort 4,Baseline,,0.900,0.0315,,
NCT02055157,Change From Baseline in Arm Span to Height Ratio During Entire Study Period - Cohort 3 and 4,ratio,MEAN,Standard Deviation,Cohort 3,Change from Baseline to Month 24,,0.000,0.0123,,
NCT02055157,Change From Baseline in Arm Span to Height Ratio During Entire Study Period - Cohort 3 and 4,ratio,MEAN,Standard Deviation,Cohort 4,Change from Baseline to Month 24,,-0.006,0.0290,,
NCT02055157,Change From Baseline in Arm Span to Height Ratio During Entire Study Period - Cohort 1 and 2 Switchers,ratio,MEAN,Standard Deviation,Cohort 2,Baseline,,0.881,0.0480,,
NCT02055157,Change From Baseline in Arm Span to Height Ratio During Entire Study Period - Cohort 1 and 2 Switchers,ratio,MEAN,Standard Deviation,Cohort 2,Change from Baseline to >=12 Months on 15ug/kg,,-0.014,0.0179,,
NCT02060279,Waist to Height Ratio,ratio,MEAN,Standard Deviation,Lifestyle Intervention and Carotenoid Supplement,Baseline,,.69,.06,,
NCT02060279,Waist to Height Ratio,ratio,MEAN,Standard Deviation,Lifestyle Intervention and Placebo,Baseline,,.62,.06,,
NCT02060279,Waist to Height Ratio,ratio,MEAN,Standard Deviation,Lifestyle Intervention and Carotenoid Supplement,6 Months,,.65,.09,,
NCT02060279,Waist to Height Ratio,ratio,MEAN,Standard Deviation,Lifestyle Intervention and Placebo,6 Months,,.62,.08,,
NCT02064985,Safety---Vital Signs Over Time---Height,cm,MEAN,Standard Deviation,Ticagrelor 45mg,,,166.9,7.6,,
NCT02064985,Safety---Vital Signs Over Time---Height,cm,MEAN,Standard Deviation,Ticagrelor 60mg,,,168.8,8.0,,
NCT02064985,Safety---Vital Signs Over Time---Height,cm,MEAN,Standard Deviation,Ticagrelor 90mg,,,166.5,7.7,,
NCT02074358,"PD Parameter: Adjusted Mean Change in TGA Peak Height From Day 4 Pre-Infusion (PCC or Placebo) Baseline at Day 4, 30 Minutes Post Infusion of PCC or Placebo",nM,MEAN,95% Confidence Interval,Treatment A: Apixaban + Placebo,,,11.1,,5.1,17.0
NCT02074358,"PD Parameter: Adjusted Mean Change in TGA Peak Height From Day 4 Pre-Infusion (PCC or Placebo) Baseline at Day 4, 30 Minutes Post Infusion of PCC or Placebo",nM,MEAN,95% Confidence Interval,Treatment B: Apixaban + Cofact (4-Factor PCC),,,32.1,,15.2,49.1
NCT02074358,"PD Parameter: Adjusted Mean Change in TGA Peak Height From Day 4 Pre-Infusion (PCC or Placebo) Baseline at Day 4, 30 Minutes Post Infusion of PCC or Placebo",nM,MEAN,95% Confidence Interval,Treatment C: Apixaban + Beriplex P/N (4-Factor PCC),,,4.7,,-3.3,12.7
NCT02074358,"PD Parameter: Adjusted Mean Change in TGA Peak Height From Day 1 Pre-Dose Apixaban Baseline at Day 4, 30 Minutes Post Infusion of PCC or Placebo",nM,MEAN,95% Confidence Interval,Treatment A: Apixaban + Placebo,,,-196.1,,-205.6,-186.6
NCT02074358,"PD Parameter: Adjusted Mean Change in TGA Peak Height From Day 1 Pre-Dose Apixaban Baseline at Day 4, 30 Minutes Post Infusion of PCC or Placebo",nM,MEAN,95% Confidence Interval,Treatment B: Apixaban + Cofact (4-Factor PCC),,,-174.9,,-192.3,-157.5
NCT02074358,"PD Parameter: Adjusted Mean Change in TGA Peak Height From Day 1 Pre-Dose Apixaban Baseline at Day 4, 30 Minutes Post Infusion of PCC or Placebo",nM,MEAN,95% Confidence Interval,Treatment C: Apixaban + Beriplex P/N (4-Factor PCC),,,-202.7,,-211.7,-193.7
NCT02074631,"Total Body Bone Mineral Content (TBMC; Excluding Head; Adjusted for Height, Age, Sex, Tanner Stage, and Race)",Average grams,MEAN,Standard Error,Control Group,,,1231,95,,
NCT02074631,"Total Body Bone Mineral Content (TBMC; Excluding Head; Adjusted for Height, Age, Sex, Tanner Stage, and Race)",Average grams,MEAN,Standard Error,Pamidronate Group,,,1204,113,,
NCT02075554,Fusion and Disc Height Maintenance,millimetres,MEAN,Full Range,CALIBER,,,11.60,,8.62,15.60
NCT02089997,Change From Baseline in Height,Centimeter,MEAN,Standard Deviation,Sodium Risedronate 75 mg,,,-0.37,1.10,,
NCT02097420,Percentage Change in Height Percentiles From Baseline to 12 Months,Percentage of change,MEAN,Standard Deviation,Single Device Arm: Mitral Valve Replacement,,,59.4,233.0,,
NCT02104219,Change in Height Z-score From Baseline to Last Assessment,Z-score,MEDIAN,Inter-Quartile Range,Patients Diagnosed With Juvenile-onset HPP,,,-0.05,,-0.31,0.34
NCT02106442,Change From Baseline in Height at Final Assessment (up to Month 36),Centimeter,MEAN,Standard Deviation,Sodium Risedronate 75 mg,,,-0.82,1.35,,
NCT02137538,Predicted Adult Height at Year 3,cm,MEAN,Standard Deviation,Letrozole,,,167.8,5.8,,
NCT02137538,Predicted Adult Height at Year 3,cm,MEAN,Standard Deviation,Anastrozole,,,169.4,5.1,,
NCT02147184,Total Body Less Head Bone Mineral Content (TBLH BMC) Z-score (Adjusted for Age-sex-height-race),Z score (age-sex-height-race specific),MEAN,Standard Deviation,SSRI Group,Baseline,,0.35,0.84,,
NCT02147184,Total Body Less Head Bone Mineral Content (TBLH BMC) Z-score (Adjusted for Age-sex-height-race),Z score (age-sex-height-race specific),MEAN,Standard Deviation,Unmedicated Group,Baseline,,0.43,0.90,,
NCT02147184,Total Body Less Head Bone Mineral Content (TBLH BMC) Z-score (Adjusted for Age-sex-height-race),Z score (age-sex-height-race specific),MEAN,Standard Deviation,SSRI Group,8 Months,,0.36,0.84,,
NCT02147184,Total Body Less Head Bone Mineral Content (TBLH BMC) Z-score (Adjusted for Age-sex-height-race),Z score (age-sex-height-race specific),MEAN,Standard Deviation,Unmedicated Group,8 Months,,0.44,0.92,,
NCT02147184,Total Body Less Head Bone Mineral Content (TBLH BMC) Z-score (Adjusted for Age-sex-height-race),Z score (age-sex-height-race specific),MEAN,Standard Deviation,SSRI Group,16 Months,,0.32,0.87,,
NCT02147184,Total Body Less Head Bone Mineral Content (TBLH BMC) Z-score (Adjusted for Age-sex-height-race),Z score (age-sex-height-race specific),MEAN,Standard Deviation,Unmedicated Group,16 Months,,0.47,0.90,,
NCT02147184,Total Body Less Head Bone Mineral Content (TBLH BMC) Z-score (Adjusted for Age-sex-height-race),Z score (age-sex-height-race specific),MEAN,Standard Deviation,SSRI Group,24 Months,,0.32,0.90,,
NCT02147184,Total Body Less Head Bone Mineral Content (TBLH BMC) Z-score (Adjusted for Age-sex-height-race),Z score (age-sex-height-race specific),MEAN,Standard Deviation,Unmedicated Group,24 Months,,0.41,0.87,,
NCT02148263,Between-Group Difference in Tear Volume as Measured by Tear Meniscus Height (TMH),mm,MEDIAN,Standard Deviation,Full-Time Senofilcon A Contact Lens Wear,,,0.31,0.09,,
NCT02148263,Between-Group Difference in Tear Volume as Measured by Tear Meniscus Height (TMH),mm,MEDIAN,Standard Deviation,Graduated Senofilcon A Contact Lens Wear,,,0.32,0.12,,
NCT02154386,Change in Buccal Ridge Height,change in bone height (mm),MEAN,Standard Deviation,8-10 Week Healing Group,,,-1.82,2.23,,
NCT02154386,Change in Buccal Ridge Height,change in bone height (mm),MEAN,Standard Deviation,18-20 Week Healing Group,,,-1.18,1.31,,
NCT02155608,Height,cm.,LEAST_SQUARES_MEAN,Standard Error,Active TNS,Baseline,,142.82,1.78,,
NCT02155608,Height,cm.,LEAST_SQUARES_MEAN,Standard Error,Sham TNS,Baseline,,141.45,1.84,,
NCT02155608,Height,cm.,LEAST_SQUARES_MEAN,Standard Error,Active TNS,Week 1,,142.79,1.78,,
NCT02155608,Height,cm.,LEAST_SQUARES_MEAN,Standard Error,Sham TNS,Week 1,,141.57,1.84,,
NCT02155608,Height,cm.,LEAST_SQUARES_MEAN,Standard Error,Active TNS,Week 4,,143.14,1.78,,
NCT02155608,Height,cm.,LEAST_SQUARES_MEAN,Standard Error,Sham TNS,Week 4,,142.31,1.84,,
NCT02155608,Height,cm.,LEAST_SQUARES_MEAN,Standard Error,Active TNS,Week 5,,143.58,1.81,,
NCT02155608,Height,cm.,LEAST_SQUARES_MEAN,Standard Error,Sham TNS,Week 5,,142.30,1.90,,
NCT02158247,Airway Length vs Height in Male,Centimeters,MEAN,Standard Deviation,Airway Length vs Height in Male,Mouth angle to carina,,25.5,1.8,,
NCT02158247,Airway Length vs Height in Male,Centimeters,MEAN,Standard Deviation,Airway Length vs Height in Male,Mouth angle to epiglottis tip,,9.1,1.0,,
NCT02158247,Airway Length vs Height in Male,Centimeters,MEAN,Standard Deviation,Airway Length vs Height in Male,Epiglottis tip to vocal cords,,4.4,0.9,,
NCT02158247,Airway Length vs Height in Male,Centimeters,MEAN,Standard Deviation,Airway Length vs Height in Male,Vocal cords to carina,,11.9,1.3,,
NCT02158247,Airway Length vs Height in Male,Centimeters,MEAN,Standard Deviation,Airway Length vs Height in Male,Male height,,168,7.4,,
NCT02158247,Airway Length vs Height in Female,Centimeters,MEAN,Standard Deviation,Female Airway Length vs Height,Mouth angle to carina,,23.2,1.5,,
NCT02158247,Airway Length vs Height in Female,Centimeters,MEAN,Standard Deviation,Female Airway Length vs Height,Mouth angle to epiglottis tip,,8.3,1.0,,
NCT02158247,Airway Length vs Height in Female,Centimeters,MEAN,Standard Deviation,Female Airway Length vs Height,Epglottis tip to vocal cords,,3.6,0.9,,
NCT02158247,Airway Length vs Height in Female,Centimeters,MEAN,Standard Deviation,Female Airway Length vs Height,Vocal cords to carina,,11.2,1.2,,
NCT02158247,Airway Length vs Height in Female,Centimeters,MEAN,Standard Deviation,Female Airway Length vs Height,Female height,,156.4,5.2,,
NCT02160002,Growth Velocity (Weight in Grams/kg/Day) From Start of Weaning From Incubator (Following Random Assignment) to 36 Weeks Postmenstrual Age (PMA),grams/kilograms/day,MEAN,Standard Deviation,Lower Weight (1600 Grams),,,15.8,4.8,,
NCT02160002,Growth Velocity (Weight in Grams/kg/Day) From Start of Weaning From Incubator (Following Random Assignment) to 36 Weeks Postmenstrual Age (PMA),grams/kilograms/day,MEAN,Standard Deviation,Higher Weight (1800 Grams),,,15.8,4.1,,
NCT02160002,Growth Velocity (g/kg/Day) After Transfer to Crib From Incubator to Crib to 36 Weeks Postmenstural Age (PMA),grams/kilograms/day,MEAN,Standard Deviation,Lower Weight (1600 Grams),,,11.0,7.4,,
NCT02160002,Growth Velocity (g/kg/Day) After Transfer to Crib From Incubator to Crib to 36 Weeks Postmenstural Age (PMA),grams/kilograms/day,MEAN,Standard Deviation,Higher Weight (1800 Grams),,,9.6,7.0,,
NCT02161575,Change in Maximum PED Height From Baseline to Day 180,micrometer,MEDIAN,Full Range,Ranibizumab,Baseline,,236.00,,66.5,674.0
NCT02161575,Change in Maximum PED Height From Baseline to Day 180,micrometer,MEDIAN,Full Range,Ranibizumab,Day 180,,203.50,,63.5,705.0
NCT02161575,Change in Maximum PED Height From Baseline to Day 180,micrometer,MEDIAN,Full Range,Ranibizumab,Change from Baseline to Day 180,,-2.50,,-336.5,131.0
NCT02161575,Change in Maximum IRC Height From Baseline to Day 180,micrometer,MEDIAN,Full Range,Ranibizumab,Baseline,,121.50,,21.0,280.5
NCT02161575,Change in Maximum IRC Height From Baseline to Day 180,micrometer,MEDIAN,Full Range,Ranibizumab,Day 180,,105.50,,25.5,485.0
NCT02161575,Change in Maximum IRC Height From Baseline to Day 180,micrometer,MEDIAN,Full Range,Ranibizumab,Change from Baseline to Day 180,,0.00,,-223.5,235.0
NCT02163577,Change From Baseline in Growth Velocity Over Time,cm/year,MEAN,Standard Deviation,Burosumab Q2W,Week 0 to Week 40: Change from Baseline,,0.96,1.677,,
NCT02163577,Change From Baseline in Growth Velocity Over Time,cm/year,MEAN,Standard Deviation,Burosumab Q4W Then Q2W,Week 0 to Week 40: Change from Baseline,,0.39,2.559,,
NCT02163577,Change From Baseline in Growth Velocity Over Time,cm/year,MEAN,Standard Deviation,Burosumab Q2W,Week 0 to Week 64: Change from Baseline,,0.73,1.399,,
NCT02163577,Change From Baseline in Growth Velocity Over Time,cm/year,MEAN,Standard Deviation,Burosumab Q4W Then Q2W,Week 0 to Week 64: Change from Baseline,,0.37,2.164,,
NCT02163577,Change From Baseline in Growth Velocity Over Time,cm/year,MEAN,Standard Deviation,Burosumab Q2W,Week 64 to Week 112: Change from Baseline,,0.29,2.284,,
NCT02163577,Change From Baseline in Growth Velocity Over Time,cm/year,MEAN,Standard Deviation,Burosumab Q4W Then Q2W,Week 64 to Week 112: Change from Baseline,,0.09,2.523,,
NCT02163577,Change From Baseline in Growth Velocity Over Time,cm/year,MEAN,Standard Deviation,Burosumab Q2W,Week 112 to Week 160: Change from Baseline,,0.67,2.318,,
NCT02163577,Change From Baseline in Growth Velocity Over Time,cm/year,MEAN,Standard Deviation,Burosumab Q4W Then Q2W,Week 112 to Week 160: Change from Baseline,,0.54,3.158,,
NCT02163577,Change From Baseline in Standing Height Z Score Over Time,Z score,LEAST_SQUARES_MEAN,Standard Error,Burosumab Q2W,Change to Week 40,,0.17,0.042,,
NCT02163577,Change From Baseline in Standing Height Z Score Over Time,Z score,LEAST_SQUARES_MEAN,Standard Error,Burosumab Q4W Then Q2W,Change to Week 40,,0.10,0.051,,
NCT02163577,Change From Baseline in Standing Height Z Score Over Time,Z score,LEAST_SQUARES_MEAN,Standard Error,Burosumab Q2W,Change to Week 64,,0.19,0.051,,
NCT02163577,Change From Baseline in Standing Height Z Score Over Time,Z score,LEAST_SQUARES_MEAN,Standard Error,Burosumab Q4W Then Q2W,Change to Week 64,,0.12,0.061,,
NCT02163577,Change From Baseline in Standing Height Z Score Over Time,Z score,LEAST_SQUARES_MEAN,Standard Error,Burosumab Q2W,Change to Week 160,,0.35,0.084,,
NCT02163577,Change From Baseline in Standing Height Z Score Over Time,Z score,LEAST_SQUARES_MEAN,Standard Error,Burosumab Q4W Then Q2W,Change to Week 160,,0.19,0.089,,
NCT02163577,Change From Baseline in Growth (Standing Height) Over Time,cm,MEAN,Standard Deviation,Burosumab Q2W,Change at Week 40,,5.03,1.232,,
NCT02163577,Change From Baseline in Growth (Standing Height) Over Time,cm,MEAN,Standard Deviation,Burosumab Q4W Then Q2W,Change at Week 40,,4.49,1.455,,
NCT02163577,Change From Baseline in Growth (Standing Height) Over Time,cm,MEAN,Standard Deviation,Burosumab Q2W,Change at Week 64,,7.48,1.934,,
NCT02163577,Change From Baseline in Growth (Standing Height) Over Time,cm,MEAN,Standard Deviation,Burosumab Q4W Then Q2W,Change at Week 64,,6.98,1.594,,
NCT02163577,Change From Baseline in Growth (Standing Height) Over Time,cm,MEAN,Standard Deviation,Burosumab Q2W,Change at Week 160,,18.38,2.958,,
NCT02163577,Change From Baseline in Growth (Standing Height) Over Time,cm,MEAN,Standard Deviation,Burosumab Q4W Then Q2W,Change at Week 160,,17.22,2.653,,
NCT02163577,Change From Baseline in Growth (Sitting Height) Over Time,cm,MEAN,Standard Deviation,Burosumab Q2W,Change at Week 40,,2.66,5.496,,
NCT02163577,Change From Baseline in Growth (Sitting Height) Over Time,cm,MEAN,Standard Deviation,Burosumab Q4W Then Q2W,Change at Week 40,,2.39,1.486,,
NCT02163577,Change From Baseline in Growth (Sitting Height) Over Time,cm,MEAN,Standard Deviation,Burosumab Q2W,Change at Week 64,,3.08,2.405,,
NCT02163577,Change From Baseline in Growth (Sitting Height) Over Time,cm,MEAN,Standard Deviation,Burosumab Q4W Then Q2W,Change at Week 64,,3.45,1.390,,
NCT02163577,Change From Baseline in Growth (Sitting Height) Over Time,cm,MEAN,Standard Deviation,Burosumab Q2W,Change at Week 160,,8.29,2.928,,
NCT02163577,Change From Baseline in Growth (Sitting Height) Over Time,cm,MEAN,Standard Deviation,Burosumab Q4W Then Q2W,Change at Week 160,,8.62,2.163,,
NCT02163577,Change From Baseline in Growth (Leg Length) Over Time,cm,MEAN,Standard Deviation,Burosumab Q2W,Change to Week 40,,2.90,1.365,,
NCT02163577,Change From Baseline in Growth (Leg Length) Over Time,cm,MEAN,Standard Deviation,Burosumab Q4W Then Q2W,Change to Week 40,,2.82,1.270,,
NCT02163577,Change From Baseline in Growth (Leg Length) Over Time,cm,MEAN,Standard Deviation,Burosumab Q2W,Change at Week 64,,5.03,1.879,,
NCT02163577,Change From Baseline in Growth (Leg Length) Over Time,cm,MEAN,Standard Deviation,Burosumab Q4W Then Q2W,Change at Week 64,,5.16,1.283,,
NCT02163577,Change From Baseline in Growth (Leg Length) Over Time,cm,MEAN,Standard Deviation,Burosumab Q2W,Change at Week 160,,11.78,3.040,,
NCT02163577,Change From Baseline in Growth (Leg Length) Over Time,cm,MEAN,Standard Deviation,Burosumab Q4W Then Q2W,Change at Week 160,,11.67,2.338,,
NCT02175758,"For the Treatment Phase, Change From Baseline in Height",centimeters,MEAN,Standard Deviation,12 to < 18 Years Old - SOF+RBV 12 Weeks,Change at Week 1,,0.1,1.10,,
NCT02175758,"For the Treatment Phase, Change From Baseline in Height",centimeters,MEAN,Standard Deviation,12 to < 18 Years Old - SOF+RBV 24 Weeks,Change at Week 1,,0.0,0.57,,
NCT02175758,"For the Treatment Phase, Change From Baseline in Height",centimeters,MEAN,Standard Deviation,6 to < 12 Years Old - SOF+RBV 12 Weeks,Change at Week 1,,0.0,0.57,,
NCT02175758,"For the Treatment Phase, Change From Baseline in Height",centimeters,MEAN,Standard Deviation,6 to < 12 Years Old - SOF+RBV 24 Weeks,Change at Week 1,,0.0,0.73,,
NCT02175758,"For the Treatment Phase, Change From Baseline in Height",centimeters,MEAN,Standard Deviation,3 to < 6 Years Old - SOF+RBV 12 Weeks,Change at Week 1,,0.3,1.12,,
NCT02175758,"For the Treatment Phase, Change From Baseline in Height",centimeters,MEAN,Standard Deviation,3 to < 6 Years Old - SOF+RBV 24 Weeks,Change at Week 1,,0.3,0.75,,
NCT02175758,"For the Treatment Phase, Change From Baseline in Height",centimeters,MEAN,Standard Deviation,12 to < 18 Years Old - SOF+RBV 12 Weeks,Change at Week 2,,0.1,1.07,,
NCT02175758,"For the Treatment Phase, Change From Baseline in Height",centimeters,MEAN,Standard Deviation,12 to < 18 Years Old - SOF+RBV 24 Weeks,Change at Week 2,,-0.1,0.59,,
NCT02175758,"For the Treatment Phase, Change From Baseline in Height",centimeters,MEAN,Standard Deviation,6 to < 12 Years Old - SOF+RBV 12 Weeks,Change at Week 2,,0.1,0.66,,
NCT02175758,"For the Treatment Phase, Change From Baseline in Height",centimeters,MEAN,Standard Deviation,6 to < 12 Years Old - SOF+RBV 24 Weeks,Change at Week 2,,0.0,0.54,,
NCT02175758,"For the Treatment Phase, Change From Baseline in Height",centimeters,MEAN,Standard Deviation,3 to < 6 Years Old - SOF+RBV 12 Weeks,Change at Week 2,,0.7,1.09,,
NCT02175758,"For the Treatment Phase, Change From Baseline in Height",centimeters,MEAN,Standard Deviation,3 to < 6 Years Old - SOF+RBV 24 Weeks,Change at Week 2,,0.3,0.50,,
NCT02175758,"For the Treatment Phase, Change From Baseline in Height",centimeters,MEAN,Standard Deviation,12 to < 18 Years Old - SOF+RBV 12 Weeks,Change at Week 4,,0.2,1.20,,
NCT02175758,"For the Treatment Phase, Change From Baseline in Height",centimeters,MEAN,Standard Deviation,12 to < 18 Years Old - SOF+RBV 24 Weeks,Change at Week 4,,0.2,0.78,,
NCT02175758,"For the Treatment Phase, Change From Baseline in Height",centimeters,MEAN,Standard Deviation,6 to < 12 Years Old - SOF+RBV 12 Weeks,Change at Week 4,,0.3,0.67,,
NCT02175758,"For the Treatment Phase, Change From Baseline in Height",centimeters,MEAN,Standard Deviation,6 to < 12 Years Old - SOF+RBV 24 Weeks,Change at Week 4,,0.4,0.74,,
NCT02175758,"For the Treatment Phase, Change From Baseline in Height",centimeters,MEAN,Standard Deviation,3 to < 6 Years Old - SOF+RBV 12 Weeks,Change at Week 4,,0.9,0.87,,
NCT02175758,"For the Treatment Phase, Change From Baseline in Height",centimeters,MEAN,Standard Deviation,3 to < 6 Years Old - SOF+RBV 24 Weeks,Change at Week 4,,0.5,0.67,,
NCT02175758,"For the Treatment Phase, Change From Baseline in Height",centimeters,MEAN,Standard Deviation,12 to < 18 Years Old - SOF+RBV 12 Weeks,Change at Week 8,,0.3,1.27,,
NCT02175758,"For the Treatment Phase, Change From Baseline in Height",centimeters,MEAN,Standard Deviation,12 to < 18 Years Old - SOF+RBV 24 Weeks,Change at Week 8,,0.2,0.85,,
NCT02175758,"For the Treatment Phase, Change From Baseline in Height",centimeters,MEAN,Standard Deviation,6 to < 12 Years Old - SOF+RBV 12 Weeks,Change at Week 8,,1.0,1.00,,
NCT02175758,"For the Treatment Phase, Change From Baseline in Height",centimeters,MEAN,Standard Deviation,6 to < 12 Years Old - SOF+RBV 24 Weeks,Change at Week 8,,0.4,0.62,,
NCT02175758,"For the Treatment Phase, Change From Baseline in Height",centimeters,MEAN,Standard Deviation,3 to < 6 Years Old - SOF+RBV 12 Weeks,Change at Week 8,,0.9,0.72,,
NCT02175758,"For the Treatment Phase, Change From Baseline in Height",centimeters,MEAN,Standard Deviation,3 to < 6 Years Old - SOF+RBV 24 Weeks,Change at Week 8,,0.8,0.51,,
NCT02175758,"For the Treatment Phase, Change From Baseline in Height",centimeters,MEAN,Standard Deviation,12 to < 18 Years Old - SOF+RBV 12 Weeks,Change at Week 12,,0.5,1.68,,
NCT02175758,"For the Treatment Phase, Change From Baseline in Height",centimeters,MEAN,Standard Deviation,12 to < 18 Years Old - SOF+RBV 24 Weeks,Change at Week 12,,0.3,0.95,,
NCT02175758,"For the Treatment Phase, Change From Baseline in Height",centimeters,MEAN,Standard Deviation,6 to < 12 Years Old - SOF+RBV 12 Weeks,Change at Week 12,,0.8,0.81,,
NCT02175758,"For the Treatment Phase, Change From Baseline in Height",centimeters,MEAN,Standard Deviation,6 to < 12 Years Old - SOF+RBV 24 Weeks,Change at Week 12,,0.7,0.68,,
NCT02175758,"For the Treatment Phase, Change From Baseline in Height",centimeters,MEAN,Standard Deviation,3 to < 6 Years Old - SOF+RBV 12 Weeks,Change at Week 12,,1.5,0.45,,
NCT02175758,"For the Treatment Phase, Change From Baseline in Height",centimeters,MEAN,Standard Deviation,3 to < 6 Years Old - SOF+RBV 24 Weeks,Change at Week 12,,1.7,1.84,,
NCT02175758,"For the Treatment Phase, Change From Baseline in Height",centimeters,MEAN,Standard Deviation,12 to < 18 Years Old - SOF+RBV 24 Weeks,Change at Week 16,,0.4,0.91,,
NCT02175758,"For the Treatment Phase, Change From Baseline in Height",centimeters,MEAN,Standard Deviation,6 to < 12 Years Old - SOF+RBV 24 Weeks,Change at Week 16,,1.1,0.93,,
NCT02175758,"For the Treatment Phase, Change From Baseline in Height",centimeters,MEAN,Standard Deviation,3 to < 6 Years Old - SOF+RBV 24 Weeks,Change at Week 16,,1.8,0.79,,
NCT02175758,"For the Treatment Phase, Change From Baseline in Height",centimeters,MEAN,Standard Deviation,12 to < 18 Years Old - SOF+RBV 24 Weeks,Change at Week 20,,0.5,1.10,,
NCT02175758,"For the Treatment Phase, Change From Baseline in Height",centimeters,MEAN,Standard Deviation,6 to < 12 Years Old - SOF+RBV 24 Weeks,Change at Week 20,,1.6,1.15,,
NCT02175758,"For the Treatment Phase, Change From Baseline in Height",centimeters,MEAN,Standard Deviation,3 to < 6 Years Old - SOF+RBV 24 Weeks,Change at Week 20,,2.5,1.01,,
NCT02175758,"For the Treatment Phase, Change From Baseline in Height",centimeters,MEAN,Standard Deviation,12 to < 18 Years Old - SOF+RBV 24 Weeks,Change at Week 24,,0.8,1.54,,
NCT02175758,"For the Treatment Phase, Change From Baseline in Height",centimeters,MEAN,Standard Deviation,6 to < 12 Years Old - SOF+RBV 24 Weeks,Change at Week 24,,2.1,0.88,,
NCT02175758,"For the Treatment Phase, Change From Baseline in Height",centimeters,MEAN,Standard Deviation,3 to < 6 Years Old - SOF+RBV 24 Weeks,Change at Week 24,,2.7,1.05,,
NCT02175758,"For the Treatment Phase, Change From Baseline in Height",centimeters,MEAN,Standard Deviation,12 to < 18 Years Old - SOF+RBV 12 Weeks,Change at Posttreatment Week 4,,0.5,1.79,,
NCT02175758,"For the Treatment Phase, Change From Baseline in Height",centimeters,MEAN,Standard Deviation,12 to < 18 Years Old - SOF+RBV 24 Weeks,Change at Posttreatment Week 4,,0.9,1.70,,
NCT02175758,"For the Treatment Phase, Change From Baseline in Height",centimeters,MEAN,Standard Deviation,6 to < 12 Years Old - SOF+RBV 12 Weeks,Change at Posttreatment Week 4,,1.4,0.80,,
NCT02175758,"For the Treatment Phase, Change From Baseline in Height",centimeters,MEAN,Standard Deviation,6 to < 12 Years Old - SOF+RBV 24 Weeks,Change at Posttreatment Week 4,,2.6,1.17,,
NCT02175758,"For the Treatment Phase, Change From Baseline in Height",centimeters,MEAN,Standard Deviation,3 to < 6 Years Old - SOF+RBV 12 Weeks,Change at Posttreatment Week 4,,1.6,0.91,,
NCT02175758,"For the Treatment Phase, Change From Baseline in Height",centimeters,MEAN,Standard Deviation,3 to < 6 Years Old - SOF+RBV 24 Weeks,Change at Posttreatment Week 4,,3.5,0.85,,
NCT02175758,"For the Treatment Phase, Change From Baseline in Height",centimeters,MEAN,Standard Deviation,12 to < 18 Years Old - SOF+RBV 12 Weeks,Change at Posttreatment Week 12,,1.4,1.65,,
NCT02175758,"For the Treatment Phase, Change From Baseline in Height",centimeters,MEAN,Standard Deviation,12 to < 18 Years Old - SOF+RBV 24 Weeks,Change at Posttreatment Week 12,,1.3,1.90,,
NCT02175758,"For the Treatment Phase, Change From Baseline in Height",centimeters,MEAN,Standard Deviation,6 to < 12 Years Old - SOF+RBV 12 Weeks,Change at Posttreatment Week 12,,2.4,1.02,,
NCT02175758,"For the Treatment Phase, Change From Baseline in Height",centimeters,MEAN,Standard Deviation,6 to < 12 Years Old - SOF+RBV 24 Weeks,Change at Posttreatment Week 12,,3.8,1.30,,
NCT02175758,"For the Treatment Phase, Change From Baseline in Height",centimeters,MEAN,Standard Deviation,3 to < 6 Years Old - SOF+RBV 12 Weeks,Change at Posttreatment Week 12,,2.8,1.81,,
NCT02175758,"For the Treatment Phase, Change From Baseline in Height",centimeters,MEAN,Standard Deviation,3 to < 6 Years Old - SOF+RBV 24 Weeks,Change at Posttreatment Week 12,,4.0,0.95,,
NCT02175758,"For the Treatment Phase, Change From Baseline in Height",centimeters,MEAN,Standard Deviation,12 to < 18 Years Old - SOF+RBV 12 Weeks,Change at Posttreatment Week 24,,1.6,1.89,,
NCT02175758,"For the Treatment Phase, Change From Baseline in Height",centimeters,MEAN,Standard Deviation,12 to < 18 Years Old - SOF+RBV 24 Weeks,Change at Posttreatment Week 24,,1.8,2.83,,
NCT02175758,"For the Treatment Phase, Change From Baseline in Height",centimeters,MEAN,Standard Deviation,6 to < 12 Years Old - SOF+RBV 12 Weeks,Change at Posttreatment Week 24,,4.2,1.11,,
NCT02175758,"For the Treatment Phase, Change From Baseline in Height",centimeters,MEAN,Standard Deviation,6 to < 12 Years Old - SOF+RBV 24 Weeks,Change at Posttreatment Week 24,,5.1,1.59,,
NCT02175758,"For the Treatment Phase, Change From Baseline in Height",centimeters,MEAN,Standard Deviation,3 to < 6 Years Old - SOF+RBV 12 Weeks,Change at Posttreatment Week 24,,5.0,1.61,,
NCT02175758,"For the Treatment Phase, Change From Baseline in Height",centimeters,MEAN,Standard Deviation,3 to < 6 Years Old - SOF+RBV 24 Weeks,Change at Posttreatment Week 24,,5.7,1.27,,
NCT02177942,Change From Baseline in Height at 6 Months,cm,MEAN,Standard Deviation,Test,,,0.23,0.442,,
NCT02177942,Change From Baseline in Height at 6 Months,cm,MEAN,Standard Deviation,Control,,,0.20,0.368,,
NCT02188849,Rectus Femoris Cross Sectional Height,cm,MEAN,Standard Deviation,Creatine,,,17.5,2.0,,
NCT02188849,Rectus Femoris Cross Sectional Height,cm,MEAN,Standard Deviation,Placebo,,,17.6,2.8,,
NCT02201251,Change From Baseline in Height Z-score up to Month 1,Z-score,MEAN,Standard Deviation,Topiramate,,,0.004,0.0870,0.0870,
NCT02201251,Change From Baseline in Height Z-score up to Month 1,Z-score,MEAN,Standard Deviation,Levetiracetam,,,-0.015,0.1017,0.1017,
NCT02201251,Change From Baseline in Height Z-score up to Month 3,Z-score,MEAN,Standard Deviation,Topiramate,,,-0.036,0.1452,0.1452,
NCT02201251,Change From Baseline in Height Z-score up to Month 3,Z-score,MEAN,Standard Deviation,Levetiracetam,,,0.017,0.1631,0.1631,
NCT02201251,Change From Baseline in Height Z-score up to Month 6,Z-score,MEAN,Standard Deviation,Topiramate,,,-0.008,0.1753,0.1753,
NCT02201251,Change From Baseline in Height Z-score up to Month 6,Z-score,MEAN,Standard Deviation,Levetiracetam,,,0.077,0.2670,0.2670,
NCT02201251,Change From Baseline in Height Z-score up to Month 9,Z-score,MEAN,Standard Deviation,Topiramate,,,-0.059,0.2337,0.2337,
NCT02201251,Change From Baseline in Height Z-score up to Month 9,Z-score,MEAN,Standard Deviation,Levetiracetam,,,0.086,0.2929,0.2929,
NCT02201251,Change From Baseline in Height Z-score up to Month 12,Z-score,MEAN,Standard Deviation,Topiramate,,,-0.057,0.2734,0.2734,
NCT02201251,Change From Baseline in Height Z-score up to Month 12,Z-score,MEAN,Standard Deviation,Levetiracetam,,,0.088,0.3315,0.3315,
NCT02221557,Percentage Change in Radiographic Measurement of Alveolar Ridge Height,percentage of change,MEAN,Standard Deviation,New Alloplastic Bone Graft Material,,,1.2,6.2,,
NCT02223767,"Subjective Anxiety in Height Situation (BAT), Differences From Pre (Baseline) to Post Therapy (Week 4)",units on a scale,MEAN,Standard Deviation,Verum TMS,,,25.8,25.4,,
NCT02223767,"Subjective Anxiety in Height Situation (BAT), Differences From Pre (Baseline) to Post Therapy (Week 4)",units on a scale,MEAN,Standard Deviation,Sham TMS,,,16.3,13.2,,
NCT02226198,Height,cm,MEAN,Standard Deviation,Ros/Pla,Height (cm) week 0,,144.0,17.82,,
NCT02226198,Height,cm,MEAN,Standard Deviation,Pla/Ros,Height (cm) week 0,,140.9,15.70,,
NCT02226198,Height,cm,MEAN,Standard Deviation,Ros/Pla,Height (cm) week 6,,144.9,17.70,,
NCT02226198,Height,cm,MEAN,Standard Deviation,Pla/Ros,Height (cm) week 6,,141.1,16.11,,
NCT02226198,Height,cm,MEAN,Standard Deviation,Ros/Pla,Height (cm) week 12,,145.7,18.07,,
NCT02226198,Height,cm,MEAN,Standard Deviation,Pla/Ros,Height (cm) week 12,,142.0,17.17,,
NCT02226198,Height,cm,MEAN,Standard Deviation,Ros/Pla,Height (cm) week 18,,146.9,17.68,,
NCT02226198,Height,cm,MEAN,Standard Deviation,Pla/Ros,Height (cm) week 18,,142.3,16.99,,
NCT02226198,Height,cm,MEAN,Standard Deviation,Ros/Pla,Height (cm) week 24,,147.1,17.94,,
NCT02226198,Height,cm,MEAN,Standard Deviation,Pla/Ros,Height (cm) week 24,,143.5,17.58,,
NCT02226198,Height Z-score,ratio,MEAN,Standard Deviation,Ros/Pla,Height z-score week 0,,-0.42,1.697,,
NCT02226198,Height Z-score,ratio,MEAN,Standard Deviation,Pla/Ros,Height z-score week 0,,-0.75,1.555,,
NCT02226198,Height Z-score,ratio,MEAN,Standard Deviation,Ros/Pla,Height z-score week 6,,-0.29,1.703,,
NCT02226198,Height Z-score,ratio,MEAN,Standard Deviation,Pla/Ros,Height z-score week 6,,-0.71,1.644,,
NCT02226198,Height Z-score,ratio,MEAN,Standard Deviation,Ros/Pla,Height z-score week 12,,-0.18,1.742,,
NCT02226198,Height Z-score,ratio,MEAN,Standard Deviation,Pla/Ros,Height z-score week 12,,-0.70,1.776,,
NCT02226198,Height Z-score,ratio,MEAN,Standard Deviation,Ros/Pla,Height z-score week 18,,0.00,1.721,,
NCT02226198,Height Z-score,ratio,MEAN,Standard Deviation,Pla/Ros,Height z-score week 18,,-0.65,1.757,,
NCT02226198,Height Z-score,ratio,MEAN,Standard Deviation,Ros/Pla,Height z-score week 24,,0.04,1.752,,
NCT02226198,Height Z-score,ratio,MEAN,Standard Deviation,Pla/Ros,Height z-score week 24,,-0.49,1.758,,
NCT02249182,"For the Treatment Phase, Change From Baseline in Height",centimeters,MEAN,Standard Deviation,12 to < 18 Years Old - LDV/SOF 12 Weeks,Change at Week 1,,0.1,0.68,,
NCT02249182,"For the Treatment Phase, Change From Baseline in Height",centimeters,MEAN,Standard Deviation,6 to < 12 Years Old - LDV/SOF 12 Weeks,Change at Week 1,,0.1,0.83,,
NCT02249182,"For the Treatment Phase, Change From Baseline in Height",centimeters,MEAN,Standard Deviation,6 to < 12 Years Old - LDV/SOF 24 Weeks,Change at Week 1,,0.3,NA,,
NCT02249182,"For the Treatment Phase, Change From Baseline in Height",centimeters,MEAN,Standard Deviation,6 to < 12 Years Old - LDV/SOF+RBV 24 Weeks,Change at Week 1,,0.7,1.13,,
NCT02249182,"For the Treatment Phase, Change From Baseline in Height",centimeters,MEAN,Standard Deviation,3 to < 6 Years Old - LDV/SOF 12 Weeks,Change at Week 1,,0.2,1.24,,
NCT02249182,"For the Treatment Phase, Change From Baseline in Height",centimeters,MEAN,Standard Deviation,12 to < 18 Years Old - LDV/SOF 12 Weeks,Change at Week 2,,0.0,0.70,,
NCT02249182,"For the Treatment Phase, Change From Baseline in Height",centimeters,MEAN,Standard Deviation,6 to < 12 Years Old - LDV/SOF 12 Weeks,Change at Week 2,,0.3,0.73,,
NCT02249182,"For the Treatment Phase, Change From Baseline in Height",centimeters,MEAN,Standard Deviation,6 to < 12 Years Old - LDV/SOF 24 Weeks,Change at Week 2,,0.5,NA,,
NCT02249182,"For the Treatment Phase, Change From Baseline in Height",centimeters,MEAN,Standard Deviation,6 to < 12 Years Old - LDV/SOF+RBV 24 Weeks,Change at Week 2,,0.5,0.85,,
NCT02249182,"For the Treatment Phase, Change From Baseline in Height",centimeters,MEAN,Standard Deviation,3 to < 6 Years Old - LDV/SOF 12 Weeks,Change at Week 2,,0.3,0.72,,
NCT02249182,"For the Treatment Phase, Change From Baseline in Height",centimeters,MEAN,Standard Deviation,12 to < 18 Years Old - LDV/SOF 12 Weeks,Change at Week 4,,0.1,0.84,,
NCT02249182,"For the Treatment Phase, Change From Baseline in Height",centimeters,MEAN,Standard Deviation,6 to < 12 Years Old - LDV/SOF 12 Weeks,Change at Week 4,,0.5,0.79,,
NCT02249182,"For the Treatment Phase, Change From Baseline in Height",centimeters,MEAN,Standard Deviation,6 to < 12 Years Old - LDV/SOF 24 Weeks,Change at Week 4,,1.2,NA,,
NCT02249182,"For the Treatment Phase, Change From Baseline in Height",centimeters,MEAN,Standard Deviation,6 to < 12 Years Old - LDV/SOF+RBV 24 Weeks,Change at Week 4,,0.6,0.92,,
NCT02249182,"For the Treatment Phase, Change From Baseline in Height",centimeters,MEAN,Standard Deviation,3 to < 6 Years Old - LDV/SOF 12 Weeks,Change at Week 4,,0.7,0.79,,
NCT02249182,"For the Treatment Phase, Change From Baseline in Height",centimeters,MEAN,Standard Deviation,12 to < 18 Years Old - LDV/SOF 12 Weeks,Change at Week 8,,0.4,1.04,,
NCT02249182,"For the Treatment Phase, Change From Baseline in Height",centimeters,MEAN,Standard Deviation,6 to < 12 Years Old - LDV/SOF 12 Weeks,Change at Week 8,,0.8,0.79,,
NCT02249182,"For the Treatment Phase, Change From Baseline in Height",centimeters,MEAN,Standard Deviation,6 to < 12 Years Old - LDV/SOF 24 Weeks,Change at Week 8,,1.3,NA,,
NCT02249182,"For the Treatment Phase, Change From Baseline in Height",centimeters,MEAN,Standard Deviation,6 to < 12 Years Old - LDV/SOF+RBV 24 Weeks,Change at Week 8,,0.8,0.92,,
NCT02249182,"For the Treatment Phase, Change From Baseline in Height",centimeters,MEAN,Standard Deviation,3 to < 6 Years Old - LDV/SOF 12 Weeks,Change at Week 8,,1.0,0.82,,
NCT02249182,"For the Treatment Phase, Change From Baseline in Height",centimeters,MEAN,Standard Deviation,12 to < 18 Years Old - LDV/SOF 12 Weeks,Change at Week 12,,0.5,1.10,,
NCT02249182,"For the Treatment Phase, Change From Baseline in Height",centimeters,MEAN,Standard Deviation,6 to < 12 Years Old - LDV/SOF 12 Weeks,Change at Week 12,,1.3,0.83,,
NCT02249182,"For the Treatment Phase, Change From Baseline in Height",centimeters,MEAN,Standard Deviation,6 to < 12 Years Old - LDV/SOF 24 Weeks,Change at Week 12,,2.1,NA,,
NCT02249182,"For the Treatment Phase, Change From Baseline in Height",centimeters,MEAN,Standard Deviation,6 to < 12 Years Old - LDV/SOF+RBV 24 Weeks,Change at Week 12,,1.1,1.41,,
NCT02249182,"For the Treatment Phase, Change From Baseline in Height",centimeters,MEAN,Standard Deviation,3 to < 6 Years Old - LDV/SOF 12 Weeks,Change at Week 12,,1.6,0.98,,
NCT02249182,"For the Treatment Phase, Change From Baseline in Height",centimeters,MEAN,Standard Deviation,6 to < 12 Years Old - LDV/SOF 24 Weeks,Change at Week 16,,3.2,NA,,
NCT02249182,"For the Treatment Phase, Change From Baseline in Height",centimeters,MEAN,Standard Deviation,6 to < 12 Years Old - LDV/SOF+RBV 24 Weeks,Change at Week 16,,1.4,1.06,,
NCT02249182,"For the Treatment Phase, Change From Baseline in Height",centimeters,MEAN,Standard Deviation,6 to < 12 Years Old - LDV/SOF 24 Weeks,Change at Week 20,,4.3,NA,,
NCT02249182,"For the Treatment Phase, Change From Baseline in Height",centimeters,MEAN,Standard Deviation,6 to < 12 Years Old - LDV/SOF+RBV 24 Weeks,Change at Week 20,,1.6,0.85,,
NCT02249182,"For the Treatment Phase, Change From Baseline in Height",centimeters,MEAN,Standard Deviation,6 to < 12 Years Old - LDV/SOF 24 Weeks,Change at Week 24,,4.3,NA,,
NCT02249182,"For the Treatment Phase, Change From Baseline in Height",centimeters,MEAN,Standard Deviation,6 to < 12 Years Old - LDV/SOF+RBV 24 Weeks,Change at Week 24,,2.5,1.48,,
NCT02249182,"For the Treatment Phase, Change From Baseline in Height",centimeters,MEAN,Standard Deviation,12 to < 18 Years Old - LDV/SOF 12 Weeks,Change at Posttreatment Week 4,,0.8,1.46,,
NCT02249182,"For the Treatment Phase, Change From Baseline in Height",centimeters,MEAN,Standard Deviation,6 to < 12 Years Old - LDV/SOF 12 Weeks,Change at Posttreatment Week 4,,1.8,1.04,,
NCT02249182,"For the Treatment Phase, Change From Baseline in Height",centimeters,MEAN,Standard Deviation,6 to < 12 Years Old - LDV/SOF 24 Weeks,Change at Posttreatment Week 4,,4.3,NA,,
NCT02249182,"For the Treatment Phase, Change From Baseline in Height",centimeters,MEAN,Standard Deviation,6 to < 12 Years Old - LDV/SOF+RBV 24 Weeks,Change at Posttreatment Week 4,,2.4,1.27,,
NCT02249182,"For the Treatment Phase, Change From Baseline in Height",centimeters,MEAN,Standard Deviation,3 to < 6 Years Old - LDV/SOF 12 Weeks,Change at Posttreatment Week 4,,2.1,1.13,,
NCT02249182,"For the Treatment Phase, Change From Baseline in Height",centimeters,MEAN,Standard Deviation,12 to < 18 Years Old - LDV/SOF 12 Weeks,Change at Posttreatment Week 12,,1.2,1.82,,
NCT02249182,"For the Treatment Phase, Change From Baseline in Height",centimeters,MEAN,Standard Deviation,6 to < 12 Years Old - LDV/SOF 12 Weeks,Change at Posttreatment Week 12,,2.7,0.97,,
NCT02249182,"For the Treatment Phase, Change From Baseline in Height",centimeters,MEAN,Standard Deviation,6 to < 12 Years Old - LDV/SOF 24 Weeks,Change at Posttreatment Week 12,,5.0,NA,,
NCT02249182,"For the Treatment Phase, Change From Baseline in Height",centimeters,MEAN,Standard Deviation,6 to < 12 Years Old - LDV/SOF+RBV 24 Weeks,Change at Posttreatment Week 12,,3.4,1.56,,
NCT02249182,"For the Treatment Phase, Change From Baseline in Height",centimeters,MEAN,Standard Deviation,3 to < 6 Years Old - LDV/SOF 12 Weeks,Change at Posttreatment Week 12,,3.3,1.18,,
NCT02249182,"For the Treatment Phase, Change From Baseline in Height",centimeters,MEAN,Standard Deviation,12 to < 18 Years Old - LDV/SOF 12 Weeks,Change at Posttreatment Week 24,,1.8,2.31,,
NCT02249182,"For the Treatment Phase, Change From Baseline in Height",centimeters,MEAN,Standard Deviation,6 to < 12 Years Old - LDV/SOF 12 Weeks,Change at Posttreatment Week 24,,4.1,1.39,,
NCT02249182,"For the Treatment Phase, Change From Baseline in Height",centimeters,MEAN,Standard Deviation,6 to < 12 Years Old - LDV/SOF 24 Weeks,Change at Posttreatment Week 24,,7.6,NA,,
NCT02249182,"For the Treatment Phase, Change From Baseline in Height",centimeters,MEAN,Standard Deviation,6 to < 12 Years Old - LDV/SOF+RBV 24 Weeks,Change at Posttreatment Week 24,,5.6,0.85,,
NCT02249182,"For the Treatment Phase, Change From Baseline in Height",centimeters,MEAN,Standard Deviation,3 to < 6 Years Old - LDV/SOF 12 Weeks,Change at Posttreatment Week 24,,4.7,1.31,,
NCT02255149,Bone Height,millimeters,MEAN,Full Range,Bone/Mesh,,,12.2,,8.0,14.4
NCT02255409,Safety Endpoint: Number of Subjects With a Diagnosis of Failure to Thrive or Short Stature,participants,NUMBER,,aQIV,Subjects with diagnosis of failure to thrive,,0,,,
NCT02255409,Safety Endpoint: Number of Subjects With a Diagnosis of Failure to Thrive or Short Stature,participants,NUMBER,,Comparator QIV,Subjects with diagnosis of failure to thrive,,0,,,
NCT02255409,Safety Endpoint: Number of Subjects With a Diagnosis of Failure to Thrive or Short Stature,participants,NUMBER,,aQIV,Subjects with diagnosis of short stature,,0,,,
NCT02255409,Safety Endpoint: Number of Subjects With a Diagnosis of Failure to Thrive or Short Stature,participants,NUMBER,,Comparator QIV,Subjects with diagnosis of short stature,,0,,,
NCT02283853,Part 2: Change From Baseline in Height,centimeters (cm),MEAN,Standard Deviation,Part 2: BG00012/ BG00012,Baseline (Week 96),,167.5,7.09,,
NCT02283853,Part 2: Change From Baseline in Height,centimeters (cm),MEAN,Standard Deviation,Part 2: IFN β-1a/ BG00012,Baseline (Week 96),,169.0,9.37,,
NCT02283853,Part 2: Change From Baseline in Height,centimeters (cm),MEAN,Standard Deviation,Part 2: BG00012/ BG00012,Change at Week 120,,0.36,1.592,,
NCT02283853,Part 2: Change From Baseline in Height,centimeters (cm),MEAN,Standard Deviation,Part 2: IFN β-1a/ BG00012,Change at Week 120,,0.76,2.878,,
NCT02283853,Part 2: Change From Baseline in Height,centimeters (cm),MEAN,Standard Deviation,Part 2: BG00012/ BG00012,Change at Week 144,,0.72,1.916,,
NCT02283853,Part 2: Change From Baseline in Height,centimeters (cm),MEAN,Standard Deviation,Part 2: IFN β-1a/ BG00012,Change at Week 144,,1.67,4.021,,
NCT02283853,Part 2: Change From Baseline in Height,centimeters (cm),MEAN,Standard Deviation,Part 2: BG00012/ BG00012,Change at Week 168,,1.13,3.120,,
NCT02283853,Part 2: Change From Baseline in Height,centimeters (cm),MEAN,Standard Deviation,Part 2: IFN β-1a/ BG00012,Change at Week 168,,1.92,4.855,,
NCT02283853,Part 2: Change From Baseline in Height,centimeters (cm),MEAN,Standard Deviation,Part 2: BG00012/ BG00012,Change at Week 192,,1.37,3.306,,
NCT02283853,Part 2: Change From Baseline in Height,centimeters (cm),MEAN,Standard Deviation,Part 2: IFN β-1a/ BG00012,Change at Week 192,,2.14,5.407,,
NCT02283853,Part 2: Change From Baseline in Height,centimeters (cm),MEAN,Standard Deviation,Part 2: BG00012/ BG00012,Change at Week 216,,1.71,3.604,,
NCT02283853,Part 2: Change From Baseline in Height,centimeters (cm),MEAN,Standard Deviation,Part 2: IFN β-1a/ BG00012,Change at Week 216,,2.47,5.654,,
NCT02283853,Part 2: Change From Baseline in Height,centimeters (cm),MEAN,Standard Deviation,Part 2: BG00012/ BG00012,Change at Week 240,,1.85,3.862,,
NCT02283853,Part 2: Change From Baseline in Height,centimeters (cm),MEAN,Standard Deviation,Part 2: IFN β-1a/ BG00012,Change at Week 240,,2.52,5.858,,
NCT02283853,Part 2: Change From Baseline in Height,centimeters (cm),MEAN,Standard Deviation,Part 2: BG00012/ BG00012,Change at Week 264,,2.16,4.336,,
NCT02283853,Part 2: Change From Baseline in Height,centimeters (cm),MEAN,Standard Deviation,Part 2: IFN β-1a/ BG00012,Change at Week 264,,2.75,6.661,,
NCT02283853,Part 2: Change From Baseline in Height,centimeters (cm),MEAN,Standard Deviation,Part 2: BG00012/ BG00012,Change at Week 288,,2.37,4.777,,
NCT02283853,Part 2: Change From Baseline in Height,centimeters (cm),MEAN,Standard Deviation,Part 2: IFN β-1a/ BG00012,Change at Week 288,,3.09,7.743,,
NCT02283853,Part 2: Change From Baseline in Height,centimeters (cm),MEAN,Standard Deviation,Part 2: BG00012/ BG00012,Change at Week 312,,2.29,4.878,,
NCT02283853,Part 2: Change From Baseline in Height,centimeters (cm),MEAN,Standard Deviation,Part 2: IFN β-1a/ BG00012,Change at Week 312,,3.62,8.121,,
NCT02283853,Part 2: Change From Baseline in Height,centimeters (cm),MEAN,Standard Deviation,Part 2: BG00012/ BG00012,Change at Week 336,,1.94,4.830,,
NCT02283853,Part 2: Change From Baseline in Height,centimeters (cm),MEAN,Standard Deviation,Part 2: IFN β-1a/ BG00012,Change at Week 336,,3.03,7.019,,
NCT02283853,Part 2: Change From Baseline in Height,centimeters (cm),MEAN,Standard Deviation,Part 2: BG00012/ BG00012,Change at Week 340,,3.32,6.691,,
NCT02283853,Part 2: Change From Baseline in Height,centimeters (cm),MEAN,Standard Deviation,Part 2: IFN β-1a/ BG00012,Change at Week 340,,4.17,8.611,,
NCT02283853,Part 2: Change From Baseline in Bone Age,Years,MEAN,Standard Deviation,Part 2: BG00012/ BG00012,Baseline (Week 96),,14.46,0.877,,
NCT02283853,Part 2: Change From Baseline in Bone Age,Years,MEAN,Standard Deviation,Part 2: IFN β-1a/ BG00012,Baseline (Week 96),,14.17,0.983,,
NCT02283853,Part 2: Change From Baseline in Bone Age,Years,MEAN,Standard Deviation,Part 2: BG00012/ BG00012,Change at Week 144,,0.50,0.577,,
NCT02283853,Part 2: Change From Baseline in Bone Age,Years,MEAN,Standard Deviation,Part 2: IFN β-1a/ BG00012,Change at Week 144,,0.50,0.707,,
NCT02283853,Part 2: Change From Baseline in Bone Age,Years,MEAN,Standard Deviation,Part 2: BG00012/ BG00012,Change at Week 192,,2.00,0.000,,
NCT02283853,Part 2: Change From Baseline in Bone Age,Years,MEAN,Standard Deviation,Part 2: IFN β-1a/ BG00012,Change at Week 192,,1.50,0.707,,
NCT02283853,Part 2: Change From Baseline in Bone Age,Years,MEAN,Standard Deviation,Part 2: IFN β-1a/ BG00012,Change at Week 240,,2.00,NA,,
NCT02292654,Change From Baseline in Height Z-Scores at Week 52,Z-score,MEAN,Standard Deviation,Olipudase Alfa: Adolescent Cohort,,,0.606,0.290,,
NCT02292654,Change From Baseline in Height Z-Scores at Week 52,Z-score,MEAN,Standard Deviation,Olipudase Alfa: Child Cohort,,,0.371,0.344,,
NCT02292654,Change From Baseline in Height Z-Scores at Week 52,Z-score,MEAN,Standard Deviation,Olipudase Alfa: Infant/Early Child Cohort,,,0.736,0.423,,
NCT02292654,Change From Baseline in Height Z-Scores at Week 52,Z-score,MEAN,Standard Deviation,Total Participants,,,0.555,0.385,,
NCT02292654,Change From Baseline in Difference Between Actual Age and Bone Age of Participants at Week 52,months,MEAN,Standard Deviation,Olipudase Alfa: Adolescent Cohort,,,1.595,3.114,,
NCT02292654,Change From Baseline in Difference Between Actual Age and Bone Age of Participants at Week 52,months,MEAN,Standard Deviation,Olipudase Alfa: Child Cohort,,,2.876,14.048,,
NCT02292654,Change From Baseline in Difference Between Actual Age and Bone Age of Participants at Week 52,months,MEAN,Standard Deviation,Olipudase Alfa: Infant/Early Child Cohort,,,-0.702,9.573,,
NCT02292654,Change From Baseline in Difference Between Actual Age and Bone Age of Participants at Week 52,months,MEAN,Standard Deviation,Total Participants,,,1.368,10.781,,
NCT02310763,Height-adjusted Z-score of Lumbar Spine Bone Mineral Density Over Time by Week 49,Standard deviations,MEAN,Standard Deviation,Sequence 1,Screening,,-0.545151,1.2845570,,
NCT02310763,Height-adjusted Z-score of Lumbar Spine Bone Mineral Density Over Time by Week 49,Standard deviations,MEAN,Standard Deviation,Sequence 2,Screening,,-0.622784,1.0778788,,
NCT02310763,Height-adjusted Z-score of Lumbar Spine Bone Mineral Density Over Time by Week 49,Standard deviations,MEAN,Standard Deviation,Sequence 3,Screening,,-0.572650,1.0283031,,
NCT02310763,Height-adjusted Z-score of Lumbar Spine Bone Mineral Density Over Time by Week 49,Standard deviations,MEAN,Standard Deviation,Sequence 1,Week 49,,-0.683750,1.0673420,,
NCT02310763,Height-adjusted Z-score of Lumbar Spine Bone Mineral Density Over Time by Week 49,Standard deviations,MEAN,Standard Deviation,Sequence 2,Week 49,,-0.401631,1.0758951,,
NCT02310763,Height-adjusted Z-score of Lumbar Spine Bone Mineral Density Over Time by Week 49,Standard deviations,MEAN,Standard Deviation,Sequence 3,Week 49,,-0.489513,1.0057285,,
NCT02310763,Bone Age to Chronological Age Ratio by Week 49,Ratio,MEAN,Standard Deviation,Placebo,Screening,,0.809,0.1656,,
NCT02310763,Bone Age to Chronological Age Ratio by Week 49,Ratio,MEAN,Standard Deviation,Domagrozumab,Screening,,0.762,0.1650,,
NCT02310763,Bone Age to Chronological Age Ratio by Week 49,Ratio,MEAN,Standard Deviation,Placebo,Week 17,,0.805,0.1567,,
NCT02310763,Bone Age to Chronological Age Ratio by Week 49,Ratio,MEAN,Standard Deviation,Domagrozumab,Week 17,,0.749,0.1654,,
NCT02310763,Bone Age to Chronological Age Ratio by Week 49,Ratio,MEAN,Standard Deviation,Placebo,Week 33,,0.790,0.1614,,
NCT02310763,Bone Age to Chronological Age Ratio by Week 49,Ratio,MEAN,Standard Deviation,Domagrozumab,Week 33,,0.750,0.1589,,
NCT02310763,Bone Age to Chronological Age Ratio by Week 49,Ratio,MEAN,Standard Deviation,Placebo,Week 49,,0.770,0.1604,,
NCT02310763,Bone Age to Chronological Age Ratio by Week 49,Ratio,MEAN,Standard Deviation,Domagrozumab,Week 49,,0.761,0.1778,,
NCT02311894,Annualized Growth Velocity at Months 6 and 12 (Change From Baseline),cm/year,MEAN,Standard Deviation,Somatropin,6 months (Anti-GH Antibody Positive),,5.3,2.89,,
NCT02311894,Annualized Growth Velocity at Months 6 and 12 (Change From Baseline),cm/year,MEAN,Standard Deviation,Somatropin,6 months (Anti-GH Antibody Negative),,5.5,2.64,,
NCT02311894,Annualized Growth Velocity at Months 6 and 12 (Change From Baseline),cm/year,MEAN,Standard Deviation,Somatropin,12 months (Anti-GH Antibody Positive),,5.2,3.61,,
NCT02311894,Annualized Growth Velocity at Months 6 and 12 (Change From Baseline),cm/year,MEAN,Standard Deviation,Somatropin,12 months (Anti-GH Antibody Negative),,4.9,2.40,,
NCT02311894,Height Standard Deviation Score (SDS) at Months 6 and 12 (Change From Baseline),SDS,MEAN,Standard Deviation,Somatropin,6 months (Anti-GH Antibody Positive),,0.3,0.11,,
NCT02311894,Height Standard Deviation Score (SDS) at Months 6 and 12 (Change From Baseline),SDS,MEAN,Standard Deviation,Somatropin,6 months (Anti-GH Antibody Negative),,0.4,0.17,,
NCT02311894,Height Standard Deviation Score (SDS) at Months 6 and 12 (Change From Baseline),SDS,MEAN,Standard Deviation,Somatropin,12 months (Anti-GH Antibody Positive),,0.8,0.15,,
NCT02311894,Height Standard Deviation Score (SDS) at Months 6 and 12 (Change From Baseline),SDS,MEAN,Standard Deviation,Somatropin,12 months (Anti-GH Antibody Negative),,0.7,0.25,,
NCT02318264,Vertical Jump Height Immediately Post Tape Administration,centimeters,MEAN,Standard Deviation,Distal to Proximal Tape,,,41.6,18.3,,
NCT02318264,Vertical Jump Height Immediately Post Tape Administration,centimeters,MEAN,Standard Deviation,Proximal to Distal Tape,,,41.1,16.8,,
NCT02338193,Waist-to-height Ratio (WHtR),ratio,MEAN,Standard Deviation,DAPA/MET XR,,,0.58,.06,,
NCT02338193,Waist-to-height Ratio (WHtR),ratio,MEAN,Standard Deviation,Dapaglifloxin,,,0.57,.09,,
NCT02338193,Waist-to-height Ratio (WHtR),ratio,MEAN,Standard Deviation,Metformin XR,,,0.56,.06,,
NCT02338609,Number of Participants With Notably Low and Notably High Height and Body Mass Index (BMI) Standard Deviation Score (SDS),Participants,COUNT_OF_PARTICIPANTS,,Everolimus,Height SDS-notably low-Baseline,,2,,,
NCT02338609,Number of Participants With Notably Low and Notably High Height and Body Mass Index (BMI) Standard Deviation Score (SDS),Participants,COUNT_OF_PARTICIPANTS,,Everolimus,Height SDS-notably low-Year 1,,1,,,
NCT02338609,Number of Participants With Notably Low and Notably High Height and Body Mass Index (BMI) Standard Deviation Score (SDS),Participants,COUNT_OF_PARTICIPANTS,,Everolimus,Height SDS-notably low-Year 2,,2,,,
NCT02338609,Number of Participants With Notably Low and Notably High Height and Body Mass Index (BMI) Standard Deviation Score (SDS),Participants,COUNT_OF_PARTICIPANTS,,Everolimus,Height SDS-notably low-Year 3,,2,,,
NCT02338609,Number of Participants With Notably Low and Notably High Height and Body Mass Index (BMI) Standard Deviation Score (SDS),Participants,COUNT_OF_PARTICIPANTS,,Everolimus,Height SDS-notably low-Year 4,,2,,,
NCT02338609,Number of Participants With Notably Low and Notably High Height and Body Mass Index (BMI) Standard Deviation Score (SDS),Participants,COUNT_OF_PARTICIPANTS,,Everolimus,Height SDS-notably low-Year 5,,2,,,
NCT02338609,Number of Participants With Notably Low and Notably High Height and Body Mass Index (BMI) Standard Deviation Score (SDS),Participants,COUNT_OF_PARTICIPANTS,,Everolimus,Height SDS-notably low-Year 6,,1,,,
NCT02338609,Number of Participants With Notably Low and Notably High Height and Body Mass Index (BMI) Standard Deviation Score (SDS),Participants,COUNT_OF_PARTICIPANTS,,Everolimus,Height SDS-notably low-Year 7,,1,,,
NCT02338609,Number of Participants With Notably Low and Notably High Height and Body Mass Index (BMI) Standard Deviation Score (SDS),Participants,COUNT_OF_PARTICIPANTS,,Everolimus,Height SDS-notably low-Year 8,,0,,,
NCT02338609,Number of Participants With Notably Low and Notably High Height and Body Mass Index (BMI) Standard Deviation Score (SDS),Participants,COUNT_OF_PARTICIPANTS,,Everolimus,Height SDS-notably low-Year 9,,0,,,
NCT02338609,Number of Participants With Notably Low and Notably High Height and Body Mass Index (BMI) Standard Deviation Score (SDS),Participants,COUNT_OF_PARTICIPANTS,,Everolimus,Height SDS-notably low-Year 10,,0,,,
NCT02338609,Number of Participants With Notably Low and Notably High Height and Body Mass Index (BMI) Standard Deviation Score (SDS),Participants,COUNT_OF_PARTICIPANTS,,Everolimus,Height SDS-notably high-Baseline,,1,,,
NCT02338609,Number of Participants With Notably Low and Notably High Height and Body Mass Index (BMI) Standard Deviation Score (SDS),Participants,COUNT_OF_PARTICIPANTS,,Everolimus,Height SDS-notably high-Year 1,,0,,,
NCT02338609,Number of Participants With Notably Low and Notably High Height and Body Mass Index (BMI) Standard Deviation Score (SDS),Participants,COUNT_OF_PARTICIPANTS,,Everolimus,Height SDS-notably high-Year 2,,0,,,
NCT02338609,Number of Participants With Notably Low and Notably High Height and Body Mass Index (BMI) Standard Deviation Score (SDS),Participants,COUNT_OF_PARTICIPANTS,,Everolimus,Height SDS-notably high-Year 3,,0,,,
NCT02338609,Number of Participants With Notably Low and Notably High Height and Body Mass Index (BMI) Standard Deviation Score (SDS),Participants,COUNT_OF_PARTICIPANTS,,Everolimus,Height SDS-notably high-Year 4,,1,,,
NCT02338609,Number of Participants With Notably Low and Notably High Height and Body Mass Index (BMI) Standard Deviation Score (SDS),Participants,COUNT_OF_PARTICIPANTS,,Everolimus,Height SDS-notably high-Year 5,,0,,,
NCT02338609,Number of Participants With Notably Low and Notably High Height and Body Mass Index (BMI) Standard Deviation Score (SDS),Participants,COUNT_OF_PARTICIPANTS,,Everolimus,Height SDS-notably high-Year 6,,1,,,
NCT02338609,Number of Participants With Notably Low and Notably High Height and Body Mass Index (BMI) Standard Deviation Score (SDS),Participants,COUNT_OF_PARTICIPANTS,,Everolimus,Height SDS-notably high-Year 7,,1,,,
NCT02338609,Number of Participants With Notably Low and Notably High Height and Body Mass Index (BMI) Standard Deviation Score (SDS),Participants,COUNT_OF_PARTICIPANTS,,Everolimus,Height SDS-notably high-Year 8,,1,,,
NCT02338609,Number of Participants With Notably Low and Notably High Height and Body Mass Index (BMI) Standard Deviation Score (SDS),Participants,COUNT_OF_PARTICIPANTS,,Everolimus,Height SDS-notably high-Year 9,,0,,,
NCT02338609,Number of Participants With Notably Low and Notably High Height and Body Mass Index (BMI) Standard Deviation Score (SDS),Participants,COUNT_OF_PARTICIPANTS,,Everolimus,Height SDS-notably high-Year 10,,0,,,
NCT02338609,Number of Participants With Notably Low and Notably High Height and Body Mass Index (BMI) Standard Deviation Score (SDS),Participants,COUNT_OF_PARTICIPANTS,,Everolimus,BMI SDS-notably low-Baseline,,0,,,
NCT02338609,Number of Participants With Notably Low and Notably High Height and Body Mass Index (BMI) Standard Deviation Score (SDS),Participants,COUNT_OF_PARTICIPANTS,,Everolimus,BMI SDS-notably low-Year 1,,0,,,
NCT02338609,Number of Participants With Notably Low and Notably High Height and Body Mass Index (BMI) Standard Deviation Score (SDS),Participants,COUNT_OF_PARTICIPANTS,,Everolimus,BMI SDS-notably low-Year 2,,1,,,
NCT02338609,Number of Participants With Notably Low and Notably High Height and Body Mass Index (BMI) Standard Deviation Score (SDS),Participants,COUNT_OF_PARTICIPANTS,,Everolimus,BMI SDS-notably low-Year 3,,0,,,
NCT02338609,Number of Participants With Notably Low and Notably High Height and Body Mass Index (BMI) Standard Deviation Score (SDS),Participants,COUNT_OF_PARTICIPANTS,,Everolimus,BMI SDS-notably low-Year 4,,0,,,
NCT02338609,Number of Participants With Notably Low and Notably High Height and Body Mass Index (BMI) Standard Deviation Score (SDS),Participants,COUNT_OF_PARTICIPANTS,,Everolimus,BMI SDS-notably low-Year 5,,1,,,
NCT02338609,Number of Participants With Notably Low and Notably High Height and Body Mass Index (BMI) Standard Deviation Score (SDS),Participants,COUNT_OF_PARTICIPANTS,,Everolimus,BMI SDS-notably low-Year 6,,2,,,
NCT02338609,Number of Participants With Notably Low and Notably High Height and Body Mass Index (BMI) Standard Deviation Score (SDS),Participants,COUNT_OF_PARTICIPANTS,,Everolimus,BMI SDS-notably low-Year 7,,0,,,
NCT02338609,Number of Participants With Notably Low and Notably High Height and Body Mass Index (BMI) Standard Deviation Score (SDS),Participants,COUNT_OF_PARTICIPANTS,,Everolimus,BMI SDS-notably low-Year 8,,1,,,
NCT02338609,Number of Participants With Notably Low and Notably High Height and Body Mass Index (BMI) Standard Deviation Score (SDS),Participants,COUNT_OF_PARTICIPANTS,,Everolimus,BMI SDS-notably low-Year 9,,2,,,
NCT02338609,Number of Participants With Notably Low and Notably High Height and Body Mass Index (BMI) Standard Deviation Score (SDS),Participants,COUNT_OF_PARTICIPANTS,,Everolimus,BMI SDS-notably low-Year 10,,1,,,
NCT02338609,Number of Participants With Notably Low and Notably High Height and Body Mass Index (BMI) Standard Deviation Score (SDS),Participants,COUNT_OF_PARTICIPANTS,,Everolimus,BMI SDS-notably high-Baseline,,4,,,
NCT02338609,Number of Participants With Notably Low and Notably High Height and Body Mass Index (BMI) Standard Deviation Score (SDS),Participants,COUNT_OF_PARTICIPANTS,,Everolimus,BMI SDS-notably high-Year 1,,1,,,
NCT02338609,Number of Participants With Notably Low and Notably High Height and Body Mass Index (BMI) Standard Deviation Score (SDS),Participants,COUNT_OF_PARTICIPANTS,,Everolimus,BMI SDS-notably high-Year 2,,1,,,
NCT02338609,Number of Participants With Notably Low and Notably High Height and Body Mass Index (BMI) Standard Deviation Score (SDS),Participants,COUNT_OF_PARTICIPANTS,,Everolimus,BMI SDS-notably high-Year 3,,0,,,
NCT02338609,Number of Participants With Notably Low and Notably High Height and Body Mass Index (BMI) Standard Deviation Score (SDS),Participants,COUNT_OF_PARTICIPANTS,,Everolimus,BMI SDS-notably high-Year 4,,1,,,
NCT02338609,Number of Participants With Notably Low and Notably High Height and Body Mass Index (BMI) Standard Deviation Score (SDS),Participants,COUNT_OF_PARTICIPANTS,,Everolimus,BMI SDS-notably high-Year 5,,1,,,
NCT02338609,Number of Participants With Notably Low and Notably High Height and Body Mass Index (BMI) Standard Deviation Score (SDS),Participants,COUNT_OF_PARTICIPANTS,,Everolimus,BMI SDS-notably high-Year 6,,1,,,
NCT02338609,Number of Participants With Notably Low and Notably High Height and Body Mass Index (BMI) Standard Deviation Score (SDS),Participants,COUNT_OF_PARTICIPANTS,,Everolimus,BMI SDS-notably high-Year 7,,2,,,
NCT02338609,Number of Participants With Notably Low and Notably High Height and Body Mass Index (BMI) Standard Deviation Score (SDS),Participants,COUNT_OF_PARTICIPANTS,,Everolimus,BMI SDS-notably high-Year 8,,2,,,
NCT02338609,Number of Participants With Notably Low and Notably High Height and Body Mass Index (BMI) Standard Deviation Score (SDS),Participants,COUNT_OF_PARTICIPANTS,,Everolimus,BMI SDS-notably high-Year 9,,1,,,
NCT02338609,Number of Participants With Notably Low and Notably High Height and Body Mass Index (BMI) Standard Deviation Score (SDS),Participants,COUNT_OF_PARTICIPANTS,,Everolimus,BMI SDS-notably high-Year 10,,1,,,
NCT02339090,Annual Height Velocity,cm/year,LEAST_SQUARES_MEAN,Standard Error,Somavaratan,,,9.43,0.28,,
NCT02339090,Annual Height Velocity,cm/year,LEAST_SQUARES_MEAN,Standard Error,rhGH,,,10.70,0.48,,
NCT02339090,Change From Baseline in Height Standard Deviation Score (SDS) at Month 12,SD score,MEAN,Standard Deviation,Somavaratan,,,0.8,0.53,,
NCT02339090,Change From Baseline in Height Standard Deviation Score (SDS) at Month 12,SD score,MEAN,Standard Deviation,rhGH,,,1.0,0.51,,
NCT02339090,"Change From Baseline in Bone Age Relative to Chronological Age at Month 12, as Assessed by Central Reader",months,MEAN,Standard Deviation,Somavaratan,,,1.1,0.47,,
NCT02339090,"Change From Baseline in Bone Age Relative to Chronological Age at Month 12, as Assessed by Central Reader",months,MEAN,Standard Deviation,rhGH,,,1.3,0.55,,
NCT02352753,Change From Baseline in Growth Velocity at 12 Months,Z-score,MEAN,Standard Deviation,Denosumab 3-Month Dosing Regimen,Height -for-age Z-score,,-0.01,0.43,,
NCT02352753,Change From Baseline in Growth Velocity at 12 Months,Z-score,MEAN,Standard Deviation,Denosumab 3-Month Dosing Regimen,Weight-for-age Z-score,,0.01,0.53,,
NCT02352753,Change From Baseline in Growth Velocity at 12 Months,Z-score,MEAN,Standard Deviation,Denosumab 3-Month Dosing Regimen,BMI-for-age Z-score,,-0.07,0.52,,
NCT02357576,Adequacy of Growth as Evaluated by Z-scores for Height,z-score,MEDIAN,Full Range,Reduced Lipid,Birth,,-1.06,,-3.84,0.29
NCT02357576,Adequacy of Growth as Evaluated by Z-scores for Height,z-score,MEDIAN,Full Range,Standard Lipid,Birth,,-0.87,,-2.62,1.12
NCT02357576,Adequacy of Growth as Evaluated by Z-scores for Height,z-score,MEDIAN,Full Range,Reduced Lipid,Study Week 1,,-1.365,,-4.41,0
NCT02357576,Adequacy of Growth as Evaluated by Z-scores for Height,z-score,MEDIAN,Full Range,Standard Lipid,Study Week 1,,-1.22,,-3.2,0.96
NCT02357576,Adequacy of Growth as Evaluated by Z-scores for Height,z-score,MEDIAN,Full Range,Reduced Lipid,Study Week 2,,-1.53,,-4.22,-0.58
NCT02357576,Adequacy of Growth as Evaluated by Z-scores for Height,z-score,MEDIAN,Full Range,Standard Lipid,Study Week 2,,-1.55,,-3.73,0.21
NCT02357576,Adequacy of Growth as Evaluated by Z-scores for Height,z-score,MEDIAN,Full Range,Reduced Lipid,Study Week 3,,-2.19,,-4.77,-0.65
NCT02357576,Adequacy of Growth as Evaluated by Z-scores for Height,z-score,MEDIAN,Full Range,Standard Lipid,Study Week 3,,-1.775,,-2.57,0.56
NCT02357576,Adequacy of Growth as Evaluated by Z-scores for Height,z-score,MEDIAN,Full Range,Reduced Lipid,Study Week 4,,-2.15,,-4.6,-0.56
NCT02357576,Adequacy of Growth as Evaluated by Z-scores for Height,z-score,MEDIAN,Full Range,Standard Lipid,Study Week 4,,-1.91,,-2.72,0.06
NCT02357576,Adequacy of Growth as Evaluated by Z-scores for Height,z-score,MEDIAN,Full Range,Reduced Lipid,Study Week 5,,-3.21,,-4.57,-0.28
NCT02357576,Adequacy of Growth as Evaluated by Z-scores for Height,z-score,MEDIAN,Full Range,Standard Lipid,Study Week 5,,-2.11,,-3.25,-1.48
NCT02357576,Adequacy of Growth as Evaluated by Z-scores for Height,z-score,MEDIAN,Full Range,Reduced Lipid,Study Week 6,,-1.81,,-4.52,-0.13
NCT02357576,Adequacy of Growth as Evaluated by Z-scores for Height,z-score,MEDIAN,Full Range,Standard Lipid,Study Week 6,,-2.37,,-3.25,-1.14
NCT02357576,Adequacy of Growth as Evaluated by Z-scores for Height,z-score,MEDIAN,Full Range,Reduced Lipid,Study Week 7,,-1.56,,-3.37,-0.98
NCT02357576,Adequacy of Growth as Evaluated by Z-scores for Height,z-score,MEDIAN,Full Range,Standard Lipid,Study Week 7,,-2.39,,-3.47,-1.31
NCT02357576,Adequacy of Growth as Evaluated by Z-scores for Height,z-score,MEDIAN,Full Range,Reduced Lipid,Study Week 8,,-0.98,,-1.71,2.93
NCT02357576,Adequacy of Growth as Evaluated by Z-scores for Height,z-score,MEDIAN,Full Range,Standard Lipid,Study Week 8,,-2.51,,-3.29,-1.73
NCT02357576,Adequacy of Growth as Evaluated by Z-scores for Height,z-score,MEDIAN,Full Range,Reduced Lipid,Study Week 9,,-1.42,,-2.1,-0.45
NCT02357576,Adequacy of Growth as Evaluated by Z-scores for Height,z-score,MEDIAN,Full Range,Standard Lipid,Study Week 9,,-2.865,,-3.37,-2.36
NCT02357576,Adequacy of Growth as Evaluated by Z-scores for Height,z-score,MEDIAN,Full Range,Reduced Lipid,Study Week 10,,-1.58,,-2.47,-0.69
NCT02357576,Adequacy of Growth as Evaluated by Z-scores for Height,z-score,MEDIAN,Full Range,Standard Lipid,Study Week 10,,-2.62,,-3.3,-1.94
NCT02357576,Adequacy of Growth as Evaluated by Z-scores for Height,z-score,MEDIAN,Full Range,Reduced Lipid,Study Week 11,,-1.94,,-2.83,-1.05
NCT02357576,Adequacy of Growth as Evaluated by Z-scores for Height,z-score,MEDIAN,Full Range,Standard Lipid,Study Week 11,,-2.81,,-3.59,-2.03
NCT02357576,Adequacy of Growth as Evaluated by Z-scores for Height,z-score,MEDIAN,Full Range,Reduced Lipid,Study Week 12,,-0.935,,-1.7,-0.17
NCT02357576,Adequacy of Growth as Evaluated by Z-scores for Height,z-score,MEDIAN,Full Range,Standard Lipid,Study Week 12,,-2.775,,-3.19,-2.36
NCT02372136,Growth Velocity,g kg-1 day-1,MEAN,Standard Deviation,Individualized and Optimized Nutrition,,,13,2.6,,
NCT02372136,Growth Velocity,g kg-1 day-1,MEAN,Standard Deviation,Optimized Nutrition,,,13.1,2.1,,
NCT02372136,Linear Growth Velocity,cm per week,MEAN,Standard Deviation,Individualized and Optimized Nutrition,,,0.90,0.23,,
NCT02372136,Linear Growth Velocity,cm per week,MEAN,Standard Deviation,Optimized Nutrition,,,0.91,0.18,,
NCT02386839,Change From Baseline in Height Z-score,Z-Score,MEAN,Standard Deviation,Antecedent Standard of Care,Change at 6 Months CA,,6.36,1.711,,
NCT02386839,Change From Baseline in Height Z-score,Z-Score,MEAN,Standard Deviation,Antecedent rhIGF-1/rhIGFBP-3,Change at 6 Months CA,,6.19,1.215,,
NCT02386839,Change From Baseline in Height Z-score,Z-Score,MEAN,Standard Deviation,Antecedent Standard of Care,Change at 12 Months CA,,6.79,1.747,,
NCT02386839,Change From Baseline in Height Z-score,Z-Score,MEAN,Standard Deviation,Antecedent rhIGF-1/rhIGFBP-3,Change at 12 Months CA,,7.25,1.155,,
NCT02386839,Change From Baseline in Height Z-score,Z-Score,MEAN,Standard Deviation,Antecedent Standard of Care,Change at 24 Months CA,,7.30,2.029,,
NCT02386839,Change From Baseline in Height Z-score,Z-Score,MEAN,Standard Deviation,Antecedent rhIGF-1/rhIGFBP-3,Change at 24 Months CA,,7.78,1.376,,
NCT02386839,Change From Baseline in Height Z-score,Z-Score,MEAN,Standard Deviation,Antecedent Standard of Care,Change at 5 Years CA,,7.84,1.856,,
NCT02386839,Change From Baseline in Height Z-score,Z-Score,MEAN,Standard Deviation,Antecedent rhIGF-1/rhIGFBP-3,Change at 5 Years CA,,8.17,1.505,,
NCT02418455,Change From Baseline Over Time in Standing Height,cm,MEAN,Standard Deviation,UX003: Non-eIND,Change at Week 12,,1.94,1.927,,
NCT02418455,Change From Baseline Over Time in Standing Height,cm,MEAN,Standard Deviation,UX003: eIND,Change at Week 24,,15.00,NA,,
NCT02418455,Change From Baseline Over Time in Standing Height,cm,MEAN,Standard Deviation,UX003: Non-eIND,Change at Week 24,,3.71,0.994,,
NCT02418455,Change From Baseline Over Time in Standing Height,cm,MEAN,Standard Deviation,UX003: eIND,Change at Week 36,,20.00,NA,,
NCT02418455,Change From Baseline Over Time in Standing Height,cm,MEAN,Standard Deviation,UX003: Non-eIND,Change at Week 36,,5.64,1.725,,
NCT02418455,Change From Baseline Over Time in Standing Height,cm,MEAN,Standard Deviation,UX003: Non-eIND,Change at Week 48,,6.57,1.058,,
NCT02418455,Change From Baseline Over Time in Standing Height,cm,MEAN,Standard Deviation,UX003: Non-eIND,Change at Week 60,,8.59,1.318,,
NCT02418455,Change From Baseline Over Time in Standing Height,cm,MEAN,Standard Deviation,UX003: Non-eIND,Change at Week 72,,9.63,1.451,,
NCT02418455,Change From Baseline Over Time in Standing Height,cm,MEAN,Standard Deviation,UX003: Non-eIND,Change at Week 84,,10.93,2.095,,
NCT02418455,Change From Baseline Over Time in Standing Height,cm,MEAN,Standard Deviation,UX003: Non-eIND,Change at Week 96,,11.86,3.146,,
NCT02418455,Change From Baseline Over Time in Standing Height,cm,MEAN,Standard Deviation,UX003: Non-eIND,Change at Week 108,,12.17,3.329,,
NCT02418455,Change From Baseline Over Time in Standing Height,cm,MEAN,Standard Deviation,UX003: Non-eIND,Change at Week 120,,12.67,3.617,,
NCT02418455,Change From Baseline Over Time in Standing Height,cm,MEAN,Standard Deviation,UX003: Non-eIND,Change at Week 132,,14.80,NA,,
NCT02418455,Change From Baseline Over Time in Standing Height Z-Score,Z-score,MEAN,Standard Deviation,UX003: Non-eIND,Change at Week 12,,0.106,0.4938,,
NCT02418455,Change From Baseline Over Time in Standing Height Z-Score,Z-score,MEAN,Standard Deviation,UX003: eIND,Change at Week 24,,-0.481,NA,,
NCT02418455,Change From Baseline Over Time in Standing Height Z-Score,Z-score,MEAN,Standard Deviation,UX003: Non-eIND,Change at Week 24,,0.188,0.3013,,
NCT02418455,Change From Baseline Over Time in Standing Height Z-Score,Z-score,MEAN,Standard Deviation,UX003: eIND,Change at Week 36,,0.314,NA,,
NCT02418455,Change From Baseline Over Time in Standing Height Z-Score,Z-score,MEAN,Standard Deviation,UX003: Non-eIND,Change at Week 36,,0.314,0.4103,,
NCT02418455,Change From Baseline Over Time in Standing Height Z-Score,Z-score,MEAN,Standard Deviation,UX003: Non-eIND,Change at Week 48,,0.196,0.3012,,
NCT02418455,Change From Baseline Over Time in Standing Height Z-Score,Z-score,MEAN,Standard Deviation,UX003: Non-eIND,Change at Week 60,,0.333,0.3883,,
NCT02418455,Change From Baseline Over Time in Standing Height Z-Score,Z-score,MEAN,Standard Deviation,UX003: Non-eIND,Change at Week 72,,0.246,0.3299,,
NCT02418455,Change From Baseline Over Time in Standing Height Z-Score,Z-score,MEAN,Standard Deviation,UX003: Non-eIND,Change at Week 84,,0.203,0.3973,,
NCT02418455,Change From Baseline Over Time in Standing Height Z-Score,Z-score,MEAN,Standard Deviation,UX003: Non-eIND,Change at Week 96,,0.237,0.5312,,
NCT02418455,Change From Baseline Over Time in Standing Height Z-Score,Z-score,MEAN,Standard Deviation,UX003: Non-eIND,Change at Week 108,,-0.035,0.4531,,
NCT02418455,Change From Baseline Over Time in Standing Height Z-Score,Z-score,MEAN,Standard Deviation,UX003: Non-eIND,Change at Week 120,,-0.176,0.4915,,
NCT02418455,Change From Baseline Over Time in Standing Height Z-Score,Z-score,MEAN,Standard Deviation,UX003: Non-eIND,Change at Week 132,,-0.147,NA,,
NCT02418455,Post-UX003 Growth Velocity (cm/yr) for Participants With Both Historical Pre-UX003 (Within 2 Years) and Post-UX003 Data,cm/year,MEAN,Standard Deviation,UX003,,,6.20,1.954,,
NCT02418455,Change From Pre-Treatment (Within 2 Years) to Post-Treatment Growth Velocity Z-Score,Z-score,MEAN,Standard Deviation,UX003,,,2.291,3.3555,,
NCT02434497,"Safety and Tolerability in Terms of Growth, Height",cm,MEAN,Standard Deviation,Sequence A,Baseline,,142.5,23.57,,
NCT02434497,"Safety and Tolerability in Terms of Growth, Height",cm,MEAN,Standard Deviation,Sequence B,Baseline,,136.8,15.02,,
NCT02434497,"Safety and Tolerability in Terms of Growth, Height",cm,MEAN,Standard Deviation,Sequence A,Week 6,,143.5,23.57,,
NCT02434497,"Safety and Tolerability in Terms of Growth, Height",cm,MEAN,Standard Deviation,Sequence B,Week 6,,136.8,15.32,,
NCT02434497,"Safety and Tolerability in Terms of Growth, Height",cm,MEAN,Standard Deviation,Sequence A,Week 12,,144.0,23.90,,
NCT02434497,"Safety and Tolerability in Terms of Growth, Height",cm,MEAN,Standard Deviation,Sequence B,Week 12,,137.6,14.94,,
NCT02434497,"Safety and Tolerability in Terms of Growth, Height",cm,MEAN,Standard Deviation,Sequence A,Week 18,,145.3,23.56,,
NCT02434497,"Safety and Tolerability in Terms of Growth, Height",cm,MEAN,Standard Deviation,Sequence B,Week 18,,138.0,14.83,,
NCT02434497,"Safety and Tolerability in Terms of Growth, Height",cm,MEAN,Standard Deviation,Sequence A,Week 24,,145.8,24.02,,
NCT02434497,"Safety and Tolerability in Terms of Growth, Height",cm,MEAN,Standard Deviation,Sequence B,Week 24,,139.2,15.74,,
NCT02434497,"Safety and Tolerability in Terms of Growth, Height",cm,MEAN,Standard Deviation,Sequence A,Week 36,,147.0,24.15,,
NCT02434497,"Safety and Tolerability in Terms of Growth, Height",cm,MEAN,Standard Deviation,Sequence B,Week 36,,140.6,15.61,,
NCT02434497,"Safety and Tolerability in Terms of Growth, Height",cm,MEAN,Standard Deviation,Sequence A,Week 48,,148.8,24.25,,
NCT02434497,"Safety and Tolerability in Terms of Growth, Height",cm,MEAN,Standard Deviation,Sequence B,Week 48,,142.2,15.21,,
NCT02434497,"Safety and Tolerability in Terms of Growth, Height",cm,MEAN,Standard Deviation,Sequence A,Week 60,,158.0,19.47,,
NCT02434497,"Safety and Tolerability in Terms of Growth, Height",cm,MEAN,Standard Deviation,Sequence B,Week 60,,144.0,16.37,,
NCT02434497,"Safety and Tolerability in Terms of Growth, Height",cm,MEAN,Standard Deviation,Sequence A,Week 72,,159.0,20.22,,
NCT02434497,"Safety and Tolerability in Terms of Growth, Height",cm,MEAN,Standard Deviation,Sequence B,Week 72,,145.0,15.12,,
NCT02434497,"Safety and Tolerability in Terms of Growth, Height",cm,MEAN,Standard Deviation,Sequence A,Week 84,,159.7,20.43,,
NCT02434497,"Safety and Tolerability in Terms of Growth, Height",cm,MEAN,Standard Deviation,Sequence B,Week 84,,148.3,17.27,,
NCT02434497,"Safety and Tolerability in Terms of Growth, Height",cm,MEAN,Standard Deviation,Sequence A,Week 96,,165.0,25.46,,
NCT02434497,"Safety and Tolerability in Terms of Growth, Height",cm,MEAN,Standard Deviation,Sequence B,Week 96,,138.0,12.73,,
NCT02434497,"Safety and Tolerability in Terms of Growth, Height SD-score (or Z-score)",standard deviations,MEAN,Standard Deviation,Sequence A,Baseline,,-0.43,2.025,,
NCT02434497,"Safety and Tolerability in Terms of Growth, Height SD-score (or Z-score)",standard deviations,MEAN,Standard Deviation,Sequence B,Baseline,,-1.05,1.787,,
NCT02434497,"Safety and Tolerability in Terms of Growth, Height SD-score (or Z-score)",standard deviations,MEAN,Standard Deviation,Sequence A,Week 6,,-0.48,1.911,,
NCT02434497,"Safety and Tolerability in Terms of Growth, Height SD-score (or Z-score)",standard deviations,MEAN,Standard Deviation,Sequence B,Week 6,,-1.05,1.871,,
NCT02434497,"Safety and Tolerability in Terms of Growth, Height SD-score (or Z-score)",standard deviations,MEAN,Standard Deviation,Sequence A,Week 12,,-0.41,1.975,,
NCT02434497,"Safety and Tolerability in Terms of Growth, Height SD-score (or Z-score)",standard deviations,MEAN,Standard Deviation,Sequence B,Week 12,,-1.19,1.709,,
NCT02434497,"Safety and Tolerability in Terms of Growth, Height SD-score (or Z-score)",standard deviations,MEAN,Standard Deviation,Sequence A,Week 18,,-0.43,1.610,,
NCT02434497,"Safety and Tolerability in Terms of Growth, Height SD-score (or Z-score)",standard deviations,MEAN,Standard Deviation,Sequence B,Week 18,,-1.14,1.705,,
NCT02434497,"Safety and Tolerability in Terms of Growth, Height SD-score (or Z-score)",standard deviations,MEAN,Standard Deviation,Sequence A,Week 24,,-0.60,1.730,,
NCT02434497,"Safety and Tolerability in Terms of Growth, Height SD-score (or Z-score)",standard deviations,MEAN,Standard Deviation,Sequence B,Week 24,,-0.96,1.670,,
NCT02434497,"Safety and Tolerability in Terms of Growth, Height SD-score (or Z-score)",standard deviations,MEAN,Standard Deviation,Sequence A,Week 36,,-0.43,1.836,,
NCT02434497,"Safety and Tolerability in Terms of Growth, Height SD-score (or Z-score)",standard deviations,MEAN,Standard Deviation,Sequence B,Week 36,,-0.76,1.727,,
NCT02434497,"Safety and Tolerability in Terms of Growth, Height SD-score (or Z-score)",standard deviations,MEAN,Standard Deviation,Sequence A,Week 48,,-0.16,1.781,,
NCT02434497,"Safety and Tolerability in Terms of Growth, Height SD-score (or Z-score)",standard deviations,MEAN,Standard Deviation,Sequence B,Week 48,,-0.72,1.729,,
NCT02434497,"Safety and Tolerability in Terms of Growth, Height SD-score (or Z-score)",standard deviations,MEAN,Standard Deviation,Sequence A,Week 60,,0.05,1.757,,
NCT02434497,"Safety and Tolerability in Terms of Growth, Height SD-score (or Z-score)",standard deviations,MEAN,Standard Deviation,Sequence B,Week 60,,-1.04,1.604,,
NCT02434497,"Safety and Tolerability in Terms of Growth, Height SD-score (or Z-score)",standard deviations,MEAN,Standard Deviation,Sequence A,Week 72,,0.00,1.635,,
NCT02434497,"Safety and Tolerability in Terms of Growth, Height SD-score (or Z-score)",standard deviations,MEAN,Standard Deviation,Sequence B,Week 72,,-0.87,1.604,,
NCT02434497,"Safety and Tolerability in Terms of Growth, Height SD-score (or Z-score)",standard deviations,MEAN,Standard Deviation,Sequence A,Week 84,,0.08,1.734,,
NCT02434497,"Safety and Tolerability in Terms of Growth, Height SD-score (or Z-score)",standard deviations,MEAN,Standard Deviation,Sequence B,Week 84,,-0.33,1.627,,
NCT02434497,"Safety and Tolerability in Terms of Growth, Height SD-score (or Z-score)",standard deviations,MEAN,Standard Deviation,Sequence A,Week 96,,1.18,0.436,,
NCT02434497,"Safety and Tolerability in Terms of Growth, Height SD-score (or Z-score)",standard deviations,MEAN,Standard Deviation,Sequence B,Week 96,,-0.51,0.886,,
NCT02452931,Changes in Height Velocity (Growth Rate),cm/year,MEAN,Standard Deviation,Assigned Intervention,"Visit 2, Week 4",,8.89,13.128,,
NCT02452931,Changes in Height Velocity (Growth Rate),cm/year,MEAN,Standard Deviation,Assigned Intervention,"Visit 3, Week 12",,8.30,4.782,,
NCT02452931,Changes in Height Velocity (Growth Rate),cm/year,MEAN,Standard Deviation,Assigned Intervention,"Visit 4, Week 20",,6.66,3.155,,
NCT02452931,Changes in Height Velocity (Growth Rate),cm/year,MEAN,Standard Deviation,Assigned Intervention,"Visit 5, Week 24",,6.90,3.074,,
NCT02452931,Changes in Height Velocity (Growth Rate),cm/year,MEAN,Standard Deviation,Assigned Intervention,"Visit 6, Week 36",,6.48,2.272,,
NCT02452931,Changes in Height Velocity (Growth Rate),cm/year,MEAN,Standard Deviation,Assigned Intervention,"Visit 7, Week 44",,6.23,1.953,,
NCT02452931,Changes in Height Velocity (Growth Rate),cm/year,MEAN,Standard Deviation,Assigned Intervention,"End of Treatment, Week 48",,6.37,1.893,,
NCT02452931,Changes in Height Velocity (Growth Rate),cm/year,MEAN,Standard Deviation,Assigned Intervention,"End of Treatment, Week 48: Change from Week 24",,5.79,2.213,,
NCT02452931,Bone Age Ratio to Chronological Age at Time of Measurement,Ratio,MEAN,Standard Deviation,Assigned Intervention,Baseline,,1.39,0.160,,
NCT02452931,Bone Age Ratio to Chronological Age at Time of Measurement,Ratio,MEAN,Standard Deviation,Assigned Intervention,"Visit 5, Week 24",,1.34,0.138,,
NCT02452931,Bone Age Ratio to Chronological Age at Time of Measurement,Ratio,MEAN,Standard Deviation,Assigned Intervention,"End of Treatment, Week 48",,1.32,0.143,,
NCT02452931,Bone Age Ratio to Chronological Age at Time of Measurement,Ratio,MEAN,Standard Deviation,Assigned Intervention,Minimum Post-baseline Value,,1.30,0.138,,
NCT02452931,Bone Age Ratio to Chronological Age at Time of Measurement,Ratio,MEAN,Standard Deviation,Assigned Intervention,Maximum Post-baseline Value,,1.36,0.138,,
NCT02452931,Percent Change From Baseline in Height,Percent change,MEAN,Standard Deviation,Assigned Intervention,"Visit 2, Week 4",,0.5,0.78,,
NCT02452931,Percent Change From Baseline in Height,Percent change,MEAN,Standard Deviation,Assigned Intervention,"Visit 3, Week 12",,1.4,0.82,,
NCT02452931,Percent Change From Baseline in Height,Percent change,MEAN,Standard Deviation,Assigned Intervention,"Visit 4, Week 20",,1.9,0.89,,
NCT02452931,Percent Change From Baseline in Height,Percent change,MEAN,Standard Deviation,Assigned Intervention,"Visit 5, Week 24",,2.3,1.06,,
NCT02452931,Percent Change From Baseline in Height,Percent change,MEAN,Standard Deviation,Assigned Intervention,"Visit 6, Week 36",,3.3,1.17,,
NCT02452931,Percent Change From Baseline in Height,Percent change,MEAN,Standard Deviation,Assigned Intervention,"Visit 7, Week 44",,3.9,1.26,,
NCT02452931,Percent Change From Baseline in Height,Percent change,MEAN,Standard Deviation,Assigned Intervention,"End of Treatment, Week 48",,4.3,1.34,,
NCT02452931,Height,cm,MEAN,Standard Deviation,Assigned Intervention,Screening,,136.17,8.292,,
NCT02452931,Height,cm,MEAN,Standard Deviation,Assigned Intervention,Baseline,,136.61,8.071,,
NCT02452931,Height,cm,MEAN,Standard Deviation,Assigned Intervention,"Visit 2, Week 4",,137.32,8.201,,
NCT02452931,Height,cm,MEAN,Standard Deviation,Assigned Intervention,"Visit 3, Week 12",,138.52,8.284,,
NCT02452931,Height,cm,MEAN,Standard Deviation,Assigned Intervention,"Visit 4, Week 20",,138.87,8.070,,
NCT02452931,Height,cm,MEAN,Standard Deviation,Assigned Intervention,"Visit 5, Week 24",,139.78,8.206,,
NCT02452931,Height,cm,MEAN,Standard Deviation,Assigned Intervention,"Visit 6, Week 36",,140.99,8.374,,
NCT02452931,Height,cm,MEAN,Standard Deviation,Assigned Intervention,"Visit 7, Week 44",,141.81,8.268,,
NCT02452931,Height,cm,MEAN,Standard Deviation,Assigned Intervention,"End of Treatment, Week 48",,142.37,8.207,,
NCT02452931,Bone Age,years,MEAN,Standard Deviation,Assigned Intervention,Baseline,,11.01,1.307,,
NCT02452931,Bone Age,years,MEAN,Standard Deviation,Assigned Intervention,"Visit 5, Week 24",,11.30,1.238,,
NCT02452931,Bone Age,years,MEAN,Standard Deviation,Assigned Intervention,"End of Treatment, Week 48",,11.65,1.124,,
NCT02452931,Bone Age Progression,percent change,MEAN,Standard Deviation,Assigned Intervention,"Visit 5, Week 24",,2.91,4.607,,
NCT02452931,Bone Age Progression,percent change,MEAN,Standard Deviation,Assigned Intervention,"End of Treatment, Week 48",,6.81,5.741,,
NCT02452931,Bone Age Progression,percent change,MEAN,Standard Deviation,Assigned Intervention,Minimum Post-Baseline Value,,2.91,4.607,,
NCT02452931,Bone Age Progression,percent change,MEAN,Standard Deviation,Assigned Intervention,Maximum Post-Baseline Value,,6.63,5.736,,
NCT02452931,Bone Age Ratio to Chronological Age at Time of Measurement (Percent Change From Baseline),percent change,MEAN,Standard Deviation,Assigned Intervention,"Visit 5, Week 24",,-3.25,4.382,,
NCT02452931,Bone Age Ratio to Chronological Age at Time of Measurement (Percent Change From Baseline),percent change,MEAN,Standard Deviation,Assigned Intervention,"End of Treatment, Week 48",,-4.90,4.689,,
NCT02452931,Bone Age Ratio to Chronological Age at Time of Measurement (Percent Change From Baseline),percent change,MEAN,Standard Deviation,Assigned Intervention,Minimum Post-baseline Value,,-6.15,3.934,,
NCT02452931,Bone Age Ratio to Chronological Age at Time of Measurement (Percent Change From Baseline),percent change,MEAN,Standard Deviation,Assigned Intervention,Maximum Post-baseline Value,,-1.89,4.155,,
NCT02452931,Bone Age Ratio to Chronological Age at Start of Study (Percent Change From Baseline),percent change,MEAN,Standard Deviation,Assigned Intervention,"Visit 5, Week 24",,2.91,4.607,,
NCT02452931,Bone Age Ratio to Chronological Age at Start of Study (Percent Change From Baseline),percent change,MEAN,Standard Deviation,Assigned Intervention,"End of Treatment, Week 48",,6.81,5.741,,
NCT02452931,Bone Age Ratio to Chronological Age at Start of Study (Percent Change From Baseline),percent change,MEAN,Standard Deviation,Assigned Intervention,Minimum Post-baseline Value,,2.91,4.607,,
NCT02452931,Bone Age Ratio to Chronological Age at Start of Study (Percent Change From Baseline),percent change,MEAN,Standard Deviation,Assigned Intervention,Maximum Post-baseline Value,,6.63,5.736,,
NCT02452931,Bone Age Ratio to Chronological Age at Start of Study,Ratio,MEAN,Standard Deviation,Assigned Intervention,Baseline,,1.38,0.158,,
NCT02452931,Bone Age Ratio to Chronological Age at Start of Study,Ratio,MEAN,Standard Deviation,Assigned Intervention,"Visit 5, Week 24",,1.42,0.153,,
NCT02452931,Bone Age Ratio to Chronological Age at Start of Study,Ratio,MEAN,Standard Deviation,Assigned Intervention,"End of Treatment, Week 48",,1.47,0.178,,
NCT02452931,Bone Age Ratio to Chronological Age at Start of Study,Ratio,MEAN,Standard Deviation,Assigned Intervention,Minimum Post-baseline Value,,1.42,0.153,,
NCT02452931,Bone Age Ratio to Chronological Age at Start of Study,Ratio,MEAN,Standard Deviation,Assigned Intervention,Maximum Post-baseline Value,,1.47,0.176,,
NCT02455622,Height Overall,centimeter (cm),LEAST_SQUARES_MEAN,Standard Error,Combined Set,,,113.759,1.211,,
NCT02455622,Height Overall,centimeter (cm),LEAST_SQUARES_MEAN,Standard Error,HOS Untreated Set,,,108.143,1.7668,,
NCT02455622,Change From Baseline in Height Measured by Z-score,Z-score,MEAN,Standard Deviation,Combined Set,,,-1.135,1.3480,,
NCT02455622,Change From Baseline in Height Measured by Z-score,Z-score,MEAN,Standard Deviation,HOS Untreated Set,,,-4.228,1.4616,,
NCT02455622,Observed Value of Height Velocity From Baseline to End of Study,centimeters (cm)/year,MEAN,Standard Deviation,Combined Set,Overall Height Velocity: BL to < 6 Years of Age,,6.556,2.6803,,
NCT02455622,Observed Value of Height Velocity From Baseline to End of Study,centimeters (cm)/year,MEAN,Standard Deviation,Prospective Set,Overall Height Velocity: BL to < 6 Years of Age,,5.401,2.5815,,
NCT02455622,Observed Value of Height Velocity From Baseline to End of Study,centimeters (cm)/year,MEAN,Standard Deviation,HOS Untreated Set,Overall Height Velocity: BL to < 6 Years of Age,,6.557,2.5902,,
NCT02455622,Observed Value of Height Velocity From Baseline to End of Study,centimeters (cm)/year,MEAN,Standard Deviation,Combined Set,Overall Height Velocity: 6 Years of Age to EOS,,3.571,1.8064,,
NCT02455622,Observed Value of Height Velocity From Baseline to End of Study,centimeters (cm)/year,MEAN,Standard Deviation,Prospective Set,Overall Height Velocity: 6 Years of Age to EOS,,2.699,1.7610,,
NCT02455622,Observed Value of Height Velocity From Baseline to End of Study,centimeters (cm)/year,MEAN,Standard Deviation,HOS Untreated Set,Overall Height Velocity: 6 Years of Age to EOS,,1.761,1.2178,,
NCT02498678,T1 Height,percentage of T1 height,MEAN,Standard Deviation,Control Group,,,95.3,15.8,,
NCT02498678,T1 Height,percentage of T1 height,MEAN,Standard Deviation,Tetanus Group,,,69.3,8.7,,
NCT02498678,Time to Obtain T1 Height Stability,seconds,MEAN,Standard Deviation,Control Group,,,195,203,,
NCT02498678,Time to Obtain T1 Height Stability,seconds,MEAN,Standard Deviation,Tetanus Group,,,116,81.6,,
NCT02500316,Annualized Height Velocity,cm/year,MEAN,Standard Deviation,MOD-4023,OLE Year 1,,7.99,1.54,,
NCT02500316,Annualized Height Velocity,cm/year,MEAN,Standard Deviation,MOD-4023,OLE Year 2,,7.46,1.35,,
NCT02500316,Annualized Height Velocity,cm/year,MEAN,Standard Deviation,MOD-4023,OLE Year 3,,7.12,1.66,,
NCT02500316,Annualized Height Velocity,cm/year,MEAN,Standard Deviation,MOD-4023,OLE Year 4,,4.63,NA,,
NCT02500316,Annualized Height Velocity,cm/year,MEAN,Standard Deviation,MOD-4023,PEN Year 1,,6.98,1.89,,
NCT02500316,Annualized Height Velocity,cm/year,MEAN,Standard Deviation,MOD-4023,PEN Year 2,,6.37,2.12,,
NCT02500316,Annualized Height Velocity,cm/year,MEAN,Standard Deviation,MOD-4023,PEN Year 3,,5.31,1.68,,
NCT02500316,Annualized Height Velocity,cm/year,MEAN,Standard Deviation,MOD-4023,PEN Year 4,,6.05,1.74,,
NCT02500316,Annualized Height Velocity,cm/year,MEAN,Standard Deviation,MOD-4023,PEN Year 5,,6.31,0.41,,
NCT02500316,Delta Height SDS Every 12 Months,Z-score,MEAN,Standard Deviation,MOD-4023,OLE Year 1,,0.57,0.34,,
NCT02500316,Delta Height SDS Every 12 Months,Z-score,MEAN,Standard Deviation,MOD-4023,OLE Year 2,,0.40,0.28,,
NCT02500316,Delta Height SDS Every 12 Months,Z-score,MEAN,Standard Deviation,MOD-4023,OLE Year 3,,0.34,0.28,,
NCT02500316,Delta Height SDS Every 12 Months,Z-score,MEAN,Standard Deviation,MOD-4023,OLE Year 4,,0.09,NA,,
NCT02500316,Delta Height SDS Every 12 Months,Z-score,MEAN,Standard Deviation,MOD-4023,PEN Year 1,,0.27,0.25,,
NCT02500316,Delta Height SDS Every 12 Months,Z-score,MEAN,Standard Deviation,MOD-4023,PEN Year 2,,0.21,0.29,,
NCT02500316,Delta Height SDS Every 12 Months,Z-score,MEAN,Standard Deviation,MOD-4023,PEN Year 3,,0.10,0.21,,
NCT02500316,Delta Height SDS Every 12 Months,Z-score,MEAN,Standard Deviation,MOD-4023,PEN Year 4,,0.18,0.34,,
NCT02500316,Delta Height SDS Every 12 Months,Z-score,MEAN,Standard Deviation,MOD-4023,PEN Year 5,,0.07,0.13,,
NCT02509936,Change in Height/Length for Age Z Score,Z scores,MEAN,Standard Deviation,Standard of Care Arm,,,-0.02,0.45,,
NCT02509936,Change in Height/Length for Age Z Score,Z scores,MEAN,Standard Deviation,Home-based Education,,,0.05,0.48,,
NCT02514473,Absolute Change From Baseline in Height at Week 24,Centimeter (cm),LEAST_SQUARES_MEAN,Standard Error,Placebo,,,2.6,0.1,,
NCT02514473,Absolute Change From Baseline in Height at Week 24,Centimeter (cm),LEAST_SQUARES_MEAN,Standard Error,LUM/IVA,,,2.9,0.1,,
NCT02514473,Absolute Change From Baseline in Height-for-age Z-score at Week 24,Z-score,LEAST_SQUARES_MEAN,Standard Error,Placebo,,,0.00,0.02,,
NCT02514473,Absolute Change From Baseline in Height-for-age Z-score at Week 24,Z-score,LEAST_SQUARES_MEAN,Standard Error,LUM/IVA,,,0.03,0.02,,
NCT02527200,Height Velocity at Week 16,Centimeters/year (cm/yr),MEAN,Standard Deviation,Part A: Liraglutide,,,2.113,3.084,,
NCT02527200,Height Velocity at Week 16,Centimeters/year (cm/yr),MEAN,Standard Deviation,Part A: Placebo,,,2.718,4.281,,
NCT02527200,Height Velocity at Week 16,Centimeters/year (cm/yr),MEAN,Standard Deviation,Part B: Liraglutide,,,4.190,2.604,,
NCT02527200,Height Velocity at Week 16,Centimeters/year (cm/yr),MEAN,Standard Deviation,Part B: Placebo,,,6.898,2.886,,
NCT02527200,Height Velocity at Week 16,Centimeters/year (cm/yr),MEAN,Standard Deviation,Part A+B: Liraglutide,,,3.090,3.014,,
NCT02527200,Height Velocity at Week 16,Centimeters/year (cm/yr),MEAN,Standard Deviation,Part A+B: Placebo,,,4.258,4.274,,
NCT02527200,Height Velocity at Week 52,Centimeters/year (cm/yr),MEAN,Standard Deviation,Part A: Liraglutide,,,1.564,1.285,,
NCT02527200,Height Velocity at Week 52,Centimeters/year (cm/yr),MEAN,Standard Deviation,Part A: Placebo,,,1.839,1.658,,
NCT02527200,Height Velocity at Week 52,Centimeters/year (cm/yr),MEAN,Standard Deviation,Part B: Liraglutide,,,4.752,2.250,,
NCT02527200,Height Velocity at Week 52,Centimeters/year (cm/yr),MEAN,Standard Deviation,Part B: Placebo,,,5.620,1.690,,
NCT02527200,Height Velocity at Week 52,Centimeters/year (cm/yr),MEAN,Standard Deviation,Part A+B: Liraglutide,,,3.004,2.383,,
NCT02527200,Height Velocity at Week 52,Centimeters/year (cm/yr),MEAN,Standard Deviation,Part A+B: Placebo,,,3.173,2.466,,
NCT02544451,Absolute Change in Height,centimeter (cm),LEAST_SQUARES_MEAN,95% Confidence Interval,LUM/IVA to LUM/IVA,,,13.4,,12.9,14.0
NCT02544451,Absolute Change in Height,centimeter (cm),LEAST_SQUARES_MEAN,95% Confidence Interval,PBO to LUM/IVA,,,13.5,,12.8,14.1
NCT02544451,Absolute Change in Height-for-age Z-score,z-score,LEAST_SQUARES_MEAN,95% Confidence Interval,LUM/IVA to LUM/IVA,,,-0.01,,-0.08,0.07
NCT02544451,Absolute Change in Height-for-age Z-score,z-score,LEAST_SQUARES_MEAN,95% Confidence Interval,PBO to LUM/IVA,,,0.02,,-0.07,0.11
NCT02552810,"Esthetic Parameters Measured as the Changes in Mesial and Distal Papilla Height (PH) and Buccal Peri-implant Mucosa Changes at the Zenith (REC), Expressed in mm.",mm,MEAN,Standard Deviation,Plasma of Argon,PH,,0.48,0.40,,
NCT02552810,"Esthetic Parameters Measured as the Changes in Mesial and Distal Papilla Height (PH) and Buccal Peri-implant Mucosa Changes at the Zenith (REC), Expressed in mm.",mm,MEAN,Standard Deviation,Steam Clean,PH,,0.39,0.31,,
NCT02552810,"Esthetic Parameters Measured as the Changes in Mesial and Distal Papilla Height (PH) and Buccal Peri-implant Mucosa Changes at the Zenith (REC), Expressed in mm.",mm,MEAN,Standard Deviation,Plasma of Argon,REC,,0.58,0.66,,
NCT02552810,"Esthetic Parameters Measured as the Changes in Mesial and Distal Papilla Height (PH) and Buccal Peri-implant Mucosa Changes at the Zenith (REC), Expressed in mm.",mm,MEAN,Standard Deviation,Steam Clean,REC,,0.22,0.35,,
NCT02562235,Number of Subjects With Transitions From Baseline in Bone Age Compared to Chronological Age,Participants,COUNT_OF_PARTICIPANTS,,Riociguat >=6 to <18 Years,Transitioned from Delayed to In Accordance,,0,,,
NCT02562235,Number of Subjects With Transitions From Baseline in Bone Age Compared to Chronological Age,Participants,COUNT_OF_PARTICIPANTS,,Riociguat >=6 to <18 Years,Transitioned from Delayed to Advanced,,0,,,
NCT02562235,Number of Subjects With Transitions From Baseline in Bone Age Compared to Chronological Age,Participants,COUNT_OF_PARTICIPANTS,,Riociguat >=6 to <18 Years,Transitioned from In Accordance to Delayed,,1,,,
NCT02562235,Number of Subjects With Transitions From Baseline in Bone Age Compared to Chronological Age,Participants,COUNT_OF_PARTICIPANTS,,Riociguat >=6 to <18 Years,Transitioned from In Accordance to Advanced,,3,,,
NCT02562235,Number of Subjects With Transitions From Baseline in Bone Age Compared to Chronological Age,Participants,COUNT_OF_PARTICIPANTS,,Riociguat >=6 to <18 Years,Transitioned from In Accordance to Missing,,1,,,
NCT02562235,Number of Subjects With Transitions From Baseline in Bone Age Compared to Chronological Age,Participants,COUNT_OF_PARTICIPANTS,,Riociguat >=6 to <18 Years,Transitioned from Advanced to Delayed,,1,,,
NCT02562235,Number of Subjects With Transitions From Baseline in Bone Age Compared to Chronological Age,Participants,COUNT_OF_PARTICIPANTS,,Riociguat >=6 to <18 Years,Transitioned from Advanced to In Accordance,,0,,,
NCT02565914,Part A: Absolute Change in Height Z-score for 106/110 Efficacy Set,z-score,LEAST_SQUARES_MEAN,95% Confidence Interval,Part A: TEZ/IVA,Placebo-TEZ/IVA: Change at Week 96,,0.01,,-0.08,0.11
NCT02565914,Part A: Absolute Change in Height Z-score for 106/110 Efficacy Set,z-score,LEAST_SQUARES_MEAN,95% Confidence Interval,Part A: TEZ/IVA,TEZ/IVA-TEZ/IVA: Change at Week 96,,0.13,,0.04,0.22
NCT02565914,Part A: Absolute Change in Height Z-score for 108/110 Efficacy Set,z-score,LEAST_SQUARES_MEAN,95% Confidence Interval,Part A: TEZ/IVA,Placebo-TEZ/IVA: Change at Week 96,,-0.04,,-0.23,0.15
NCT02565914,Part A: Absolute Change in Height Z-score for 108/110 Efficacy Set,z-score,LEAST_SQUARES_MEAN,95% Confidence Interval,Part A: TEZ/IVA,IVA-TEZ/IVA: Change at Week 96,,0.20,,-0.05,0.45
NCT02565914,Part A: Absolute Change in Height Z-score for 108/110 Efficacy Set,z-score,LEAST_SQUARES_MEAN,95% Confidence Interval,Part A: TEZ/IVA,TEZ/IVA-TEZ/IVA: Change at Week 96,,0.23,,0.00,0.46
NCT02571972,Maximum Subretinal Fluid Height,microns,MEAN,Standard Deviation,Dorzolamide-timolol,Pre-enrollment visit,,111.5,101.3,,
NCT02571972,Maximum Subretinal Fluid Height,microns,MEAN,Standard Deviation,Dorzolamide-timolol,Enrollment visit,,126.6,78.2,,
NCT02571972,Maximum Subretinal Fluid Height,microns,MEAN,Standard Deviation,Dorzolamide-timolol,Study visit 1,,77.9,70.7,,
NCT02571972,Maximum Subretinal Fluid Height,microns,MEAN,Standard Deviation,Dorzolamide-timolol,Study visit 2,,62.0,59.7,,
NCT02571972,Maximum Subretinal Fluid Height,microns,MEAN,Standard Deviation,Dorzolamide-timolol,Study visit 3,,56.5,58.0,,
NCT02571972,Maximum Subretinal Fluid Height,microns,MEAN,Standard Deviation,Dorzolamide-timolol,Final visit,,49.5,54.1,,
NCT02571972,Maximum Pigment Epithelial Detachment Height,microns,MEAN,Standard Deviation,Dorzolamide-timolol,Pre-enrollment visit,,275.4,170.7,,
NCT02571972,Maximum Pigment Epithelial Detachment Height,microns,MEAN,Standard Deviation,Dorzolamide-timolol,Enrollment visit,,277.4,174.9,,
NCT02571972,Maximum Pigment Epithelial Detachment Height,microns,MEAN,Standard Deviation,Dorzolamide-timolol,Study visit 1,,258.9,173.7,,
NCT02571972,Maximum Pigment Epithelial Detachment Height,microns,MEAN,Standard Deviation,Dorzolamide-timolol,Study visit 2,,227.8,163.0,,
NCT02571972,Maximum Pigment Epithelial Detachment Height,microns,MEAN,Standard Deviation,Dorzolamide-timolol,Study visit 3,,275.4,160.8,,
NCT02571972,Maximum Pigment Epithelial Detachment Height,microns,MEAN,Standard Deviation,Dorzolamide-timolol,Final visit,,239.9,163.0,,
NCT02583256,Safety Endpoint: Percentage of Subjects With Diagnosis of Failure to Thrive or Short Stature,percentage of subjects,NUMBER,,aQIV/aQIV,,,0.25,,,
NCT02583256,Safety Endpoint: Percentage of Subjects With Diagnosis of Failure to Thrive or Short Stature,percentage of subjects,NUMBER,,aQIV/QIV,,,0.74,,,
NCT02583256,Safety Endpoint: Percentage of Subjects With Diagnosis of Failure to Thrive or Short Stature,percentage of subjects,NUMBER,,QIV/aQIV,,,0.25,,,
NCT02583256,Safety Endpoint: Percentage of Subjects With Diagnosis of Failure to Thrive or Short Stature,percentage of subjects,NUMBER,,QIV/QIV,,,0.76,,,
NCT02583360,Weight Growth Velocity in Grams/Day,grams/day,MEAN,Standard Deviation,Study,,,27,11.1,,
NCT02583360,Weight Growth Velocity in Grams/Day,grams/day,MEAN,Standard Deviation,Control,,,26.7,11.5,,
NCT02590562,Height,centimeters (cm),MEAN,Standard Deviation,Overall Population,,,161.6,6.56,,
NCT02602223,"Amount of Preservation of Alveolar Ridge Dimensions Following Ridge Preservation Procedures i.e., Horizontal Ridge Width Height Change in Millimeters as Assessed Through Analysis of CBCT Scans.",millimeters,MEAN,Standard Deviation,Amnion Chorion Membrane,,,1.33,0.72,,
NCT02602223,"Amount of Preservation of Alveolar Ridge Dimensions Following Ridge Preservation Procedures i.e., Horizontal Ridge Width Height Change in Millimeters as Assessed Through Analysis of CBCT Scans.",millimeters,MEAN,Standard Deviation,d-PTFE Membrane,,,2.53,3.34,,
NCT02602223,"Amount of Preservation of Alveolar Ridge Dimensions Following Ridge Preservation Procedures i.e., Vertical Ridge Height Change in Millimeters as Assessed Through Analysis of CBCT Scans.",millimeters,MEAN,Standard Deviation,Amnion Chorion Membrane,,,-0.24,0.91,,
NCT02602223,"Amount of Preservation of Alveolar Ridge Dimensions Following Ridge Preservation Procedures i.e., Vertical Ridge Height Change in Millimeters as Assessed Through Analysis of CBCT Scans.",millimeters,MEAN,Standard Deviation,d-PTFE Membrane,,,1.18,2.22,,
NCT02616562,"Height Velocity (HV) (cm/Year) During the First 26 Weeks of Treatment, Measured as Standing Height With Stadiometer",Centimetre per year (Cm/year),MEAN,Standard Deviation,Cohort I - Norditropin 0.034 mg/kg,,,11.35,3.27,,
NCT02616562,"Height Velocity (HV) (cm/Year) During the First 26 Weeks of Treatment, Measured as Standing Height With Stadiometer",Centimetre per year (Cm/year),MEAN,Standard Deviation,Cohort I - Somapacitan 0.04 mg/kg,,,7.96,2.04,,
NCT02616562,"Height Velocity (HV) (cm/Year) During the First 26 Weeks of Treatment, Measured as Standing Height With Stadiometer",Centimetre per year (Cm/year),MEAN,Standard Deviation,Cohort I - Somapacitan 0.08 mg/kg,,,10.92,1.90,,
NCT02616562,"Height Velocity (HV) (cm/Year) During the First 26 Weeks of Treatment, Measured as Standing Height With Stadiometer",Centimetre per year (Cm/year),MEAN,Standard Deviation,Cohort I - Somapcitan 0.16 mg/kg,,,12.88,3.46,,
NCT02616562,Cohort I: Change in Height Standard Deviation Score (HSDS),Score on scale,MEAN,Standard Deviation,Cohort I - Norditropin 0.034 mg/kg,Change at week 26,,0.66,0.38,,
NCT02616562,Cohort I: Change in Height Standard Deviation Score (HSDS),Score on scale,MEAN,Standard Deviation,Cohort I - Somapacitan 0.04 mg/kg,Change at week 26,,0.31,0.29,,
NCT02616562,Cohort I: Change in Height Standard Deviation Score (HSDS),Score on scale,MEAN,Standard Deviation,Cohort I - Somapacitan 0.08 mg/kg,Change at week 26,,0.63,0.29,,
NCT02616562,Cohort I: Change in Height Standard Deviation Score (HSDS),Score on scale,MEAN,Standard Deviation,Cohort I - Somapcitan 0.16 mg/kg,Change at week 26,,0.89,0.51,,
NCT02616562,Cohort I: Change in Height Standard Deviation Score (HSDS),Score on scale,MEAN,Standard Deviation,Cohort I - Norditropin 0.034 mg/kg,Change at week 52,,0.98,0.50,,
NCT02616562,Cohort I: Change in Height Standard Deviation Score (HSDS),Score on scale,MEAN,Standard Deviation,Cohort I - Somapacitan 0.04 mg/kg,Change at week 52,,0.59,0.46,,
NCT02616562,Cohort I: Change in Height Standard Deviation Score (HSDS),Score on scale,MEAN,Standard Deviation,Cohort I - Somapacitan 0.08 mg/kg,Change at week 52,,0.95,0.48,,
NCT02616562,Cohort I: Change in Height Standard Deviation Score (HSDS),Score on scale,MEAN,Standard Deviation,Cohort I - Somapcitan 0.16 mg/kg,Change at week 52,,1.45,0.86,,
NCT02616562,Cohort I: Change in Height Velocity Standard Deviation Score (HVSDS),Score on scale,MEAN,Standard Deviation,Cohort I - Norditropin 0.034 mg/kg,Change at week 26,,9.02,5.03,,
NCT02616562,Cohort I: Change in Height Velocity Standard Deviation Score (HVSDS),Score on scale,MEAN,Standard Deviation,Cohort I - Somapacitan 0.04 mg/kg,Change at week 26,,4.93,3.25,,
NCT02616562,Cohort I: Change in Height Velocity Standard Deviation Score (HVSDS),Score on scale,MEAN,Standard Deviation,Cohort I - Somapacitan 0.08 mg/kg,Change at week 26,,7.27,3.76,,
NCT02616562,Cohort I: Change in Height Velocity Standard Deviation Score (HVSDS),Score on scale,MEAN,Standard Deviation,Cohort I - Somapcitan 0.16 mg/kg,Change at week 26,,10.01,4.67,,
NCT02616562,Cohort I: Change in Height Velocity Standard Deviation Score (HVSDS),Score on scale,MEAN,Standard Deviation,Cohort I - Norditropin 0.034 mg/kg,Change at week 52,,7.41,4.08,,
NCT02616562,Cohort I: Change in Height Velocity Standard Deviation Score (HVSDS),Score on scale,MEAN,Standard Deviation,Cohort I - Somapacitan 0.04 mg/kg,Change at week 52,,4.72,2.79,,
NCT02616562,Cohort I: Change in Height Velocity Standard Deviation Score (HVSDS),Score on scale,MEAN,Standard Deviation,Cohort I - Somapacitan 0.08 mg/kg,Change at week 52,,6.14,3.36,,
NCT02616562,Cohort I: Change in Height Velocity Standard Deviation Score (HVSDS),Score on scale,MEAN,Standard Deviation,Cohort I - Somapcitan 0.16 mg/kg,Change at week 52,,8.60,3.15,,
NCT02616562,Height Velocity (HV) (cm/Year) at Weeks 52 (Derived From Standing Height),Cm/year,MEAN,Standard Deviation,Cohort I - Norditropin 0.034 mg/kg,,,9.8,2.3,,
NCT02616562,Height Velocity (HV) (cm/Year) at Weeks 52 (Derived From Standing Height),Cm/year,MEAN,Standard Deviation,Cohort I - Somapacitan 0.04 mg/kg,,,7.8,1.8,,
NCT02616562,Height Velocity (HV) (cm/Year) at Weeks 52 (Derived From Standing Height),Cm/year,MEAN,Standard Deviation,Cohort I - Somapacitan 0.08 mg/kg,,,9.7,1.8,,
NCT02616562,Height Velocity (HV) (cm/Year) at Weeks 52 (Derived From Standing Height),Cm/year,MEAN,Standard Deviation,Cohort I - Somapcitan 0.16 mg/kg,,,11.5,2.6,,
NCT02616562,Bone Age Progression vs. Chronological Age Ratio,Ratio,MEAN,Standard Deviation,Cohort I - Norditropin 0.034 mg/kg,,,0.577,0.176,,
NCT02616562,Bone Age Progression vs. Chronological Age Ratio,Ratio,MEAN,Standard Deviation,Cohort I - Somapacitan 0.04 mg/kg,,,0.570,0.147,,
NCT02616562,Bone Age Progression vs. Chronological Age Ratio,Ratio,MEAN,Standard Deviation,Cohort I - Somapacitan 0.08 mg/kg,,,0.651,0.176,,
NCT02616562,Bone Age Progression vs. Chronological Age Ratio,Ratio,MEAN,Standard Deviation,Cohort I - Somapcitan 0.16 mg/kg,,,0.705,0.207,,
NCT02617563,To Observe and Document the Patient Profile When Choosing a Particular Minimally Invasive Fusion Procedure - Height,centimeter (cm),MEAN,Standard Deviation,ALIF,,,169.4,9.0,,
NCT02617563,To Observe and Document the Patient Profile When Choosing a Particular Minimally Invasive Fusion Procedure - Height,centimeter (cm),MEAN,Standard Deviation,DLIF,,,167.5,9.6,,
NCT02617563,To Observe and Document the Patient Profile When Choosing a Particular Minimally Invasive Fusion Procedure - Height,centimeter (cm),MEAN,Standard Deviation,OLIF,,,162.3,8.7,,
NCT02617563,To Observe and Document the Patient Profile When Choosing a Particular Minimally Invasive Fusion Procedure - Height,centimeter (cm),MEAN,Standard Deviation,PLIF,,,167.3,8.1,,
NCT02617563,To Observe and Document the Patient Profile When Choosing a Particular Minimally Invasive Fusion Procedure - Height,centimeter (cm),MEAN,Standard Deviation,MIDLF,,,164.0,10.4,,
NCT02617563,To Observe and Document the Patient Profile When Choosing a Particular Minimally Invasive Fusion Procedure - Height,centimeter (cm),MEAN,Standard Deviation,TLIF,,,164.2,8.2,,
NCT02617901,Number of Participants With Observer Agreement Between Bone Age as Assessed From Left Hand and Wrist DXA Compared to Radiographs,Participants,COUNT_OF_PARTICIPANTS,,Recruited Children,,,20,,,
NCT02623348,Change in Total Body Muscle Mass (Adjusted by Height Squared),kg/m2,MEDIAN,Inter-Quartile Range,Pedometer,,,0.30,,-0.50,0.76
NCT02623348,Change in Total Body Muscle Mass (Adjusted by Height Squared),kg/m2,MEDIAN,Inter-Quartile Range,Usual Care,,,-0.47,,-0.90,0.35
NCT02624869,"Change From Baseline in Height at Weeks 24, 48, and 80",cm,MEAN,Standard Error,HeFH (Placebo in Parent Study): Evolocumab 420 mg QM,Females: Baseline,,158.1,2.3,,
NCT02624869,"Change From Baseline in Height at Weeks 24, 48, and 80",cm,MEAN,Standard Error,HeFH (Evolocumab in Parent Study): Evolocumab 420 mg QM,Females: Baseline,,157.9,1.3,,
NCT02624869,"Change From Baseline in Height at Weeks 24, 48, and 80",cm,MEAN,Standard Error,HoFH: Evolocumab 420 mg QM,Females: Baseline,,149.4,7.1,,
NCT02624869,"Change From Baseline in Height at Weeks 24, 48, and 80",cm,MEAN,Standard Error,HeFH (Placebo in Parent Study): Evolocumab 420 mg QM,Females: Change at week 24,,2.8,0.7,,
NCT02624869,"Change From Baseline in Height at Weeks 24, 48, and 80",cm,MEAN,Standard Error,HeFH (Evolocumab in Parent Study): Evolocumab 420 mg QM,Females: Change at week 24,,2.0,0.4,,
NCT02624869,"Change From Baseline in Height at Weeks 24, 48, and 80",cm,MEAN,Standard Error,HoFH: Evolocumab 420 mg QM,Females: Change at week 24,,1.6,1.1,,
NCT02624869,"Change From Baseline in Height at Weeks 24, 48, and 80",cm,MEAN,Standard Error,HeFH (Placebo in Parent Study): Evolocumab 420 mg QM,Females: Change at week 48,,4.2,1.0,,
NCT02624869,"Change From Baseline in Height at Weeks 24, 48, and 80",cm,MEAN,Standard Error,HeFH (Evolocumab in Parent Study): Evolocumab 420 mg QM,Females: Change at week 48,,2.8,0.5,,
NCT02624869,"Change From Baseline in Height at Weeks 24, 48, and 80",cm,MEAN,Standard Error,HoFH: Evolocumab 420 mg QM,Females: Change at week 48,,1.4,2.4,,
NCT02624869,"Change From Baseline in Height at Weeks 24, 48, and 80",cm,MEAN,Standard Error,HeFH (Placebo in Parent Study): Evolocumab 420 mg QM,Females: Change at week 80,,4.0,1.7,,
NCT02624869,"Change From Baseline in Height at Weeks 24, 48, and 80",cm,MEAN,Standard Error,HeFH (Evolocumab in Parent Study): Evolocumab 420 mg QM,Females: Change at week 80,,3.4,0.7,,
NCT02624869,"Change From Baseline in Height at Weeks 24, 48, and 80",cm,MEAN,Standard Error,HoFH: Evolocumab 420 mg QM,Females: Change at week 80,,2.4,3.9,,
NCT02624869,"Change From Baseline in Height at Weeks 24, 48, and 80",cm,MEAN,Standard Error,HeFH (Placebo in Parent Study): Evolocumab 420 mg QM,Males: Baseline,,158.2,3.0,,
NCT02624869,"Change From Baseline in Height at Weeks 24, 48, and 80",cm,MEAN,Standard Error,HeFH (Evolocumab in Parent Study): Evolocumab 420 mg QM,Males: Baseline,,163.7,1.9,,
NCT02624869,"Change From Baseline in Height at Weeks 24, 48, and 80",cm,MEAN,Standard Error,HoFH: Evolocumab 420 mg QM,Males: Baseline,,158.9,4.8,,
NCT02624869,"Change From Baseline in Height at Weeks 24, 48, and 80",cm,MEAN,Standard Error,HeFH (Placebo in Parent Study): Evolocumab 420 mg QM,Males: Change at week 24,,3.4,0.5,,
NCT02624869,"Change From Baseline in Height at Weeks 24, 48, and 80",cm,MEAN,Standard Error,HeFH (Evolocumab in Parent Study): Evolocumab 420 mg QM,Males: Change at week 24,,3.8,0.5,,
NCT02624869,"Change From Baseline in Height at Weeks 24, 48, and 80",cm,MEAN,Standard Error,HoFH: Evolocumab 420 mg QM,Males: Change at week 24,,3.8,0.8,,
NCT02624869,"Change From Baseline in Height at Weeks 24, 48, and 80",cm,MEAN,Standard Error,HeFH (Placebo in Parent Study): Evolocumab 420 mg QM,Males: Change at week 48,,6.2,0.8,,
NCT02624869,"Change From Baseline in Height at Weeks 24, 48, and 80",cm,MEAN,Standard Error,HeFH (Evolocumab in Parent Study): Evolocumab 420 mg QM,Males: Change at week 48,,6.2,0.7,,
NCT02624869,"Change From Baseline in Height at Weeks 24, 48, and 80",cm,MEAN,Standard Error,HoFH: Evolocumab 420 mg QM,Males: Change at week 48,,5.3,1.2,,
NCT02624869,"Change From Baseline in Height at Weeks 24, 48, and 80",cm,MEAN,Standard Error,HeFH (Placebo in Parent Study): Evolocumab 420 mg QM,Males: Change at week 80,,9.3,1.5,,
NCT02624869,"Change From Baseline in Height at Weeks 24, 48, and 80",cm,MEAN,Standard Error,HeFH (Evolocumab in Parent Study): Evolocumab 420 mg QM,Males: Change at week 80,,9.0,1.1,,
NCT02624869,"Change From Baseline in Height at Weeks 24, 48, and 80",cm,MEAN,Standard Error,HoFH: Evolocumab 420 mg QM,Males: Change at week 80,,9.2,1.6,,
NCT02628145,Muscle Mass Change: From Dual Energy X-ray Absorptiometry and Bioelectrical Impedance Analsysis - Appendicular Lean Mass (ALM in kg) Divided by Height (Meters-squared),kg/m2,MEAN,Standard Error,Resistance Training Intervention,,,0.09,0.08,,
NCT02628145,Muscle Mass Change: From Dual Energy X-ray Absorptiometry and Bioelectrical Impedance Analsysis - Appendicular Lean Mass (ALM in kg) Divided by Height (Meters-squared),kg/m2,MEAN,Standard Error,Active Control Group,,,0.10,0.09,,
NCT02628145,Body Mass Index Change: Weight in kg Divided by Height,kg/m2,MEAN,Standard Deviation,Resistance Training Intervention,,,0.428,0.423,,
NCT02628145,Body Mass Index Change: Weight in kg Divided by Height,kg/m2,MEAN,Standard Deviation,Active Control Group,,,0.007,0.472,,
NCT02628145,Height,cm,MEAN,Standard Deviation,Resistance Training Intervention,,,159.8,5.9,,
NCT02628145,Height,cm,MEAN,Standard Deviation,Active Control Group,,,159.7,5.2,,
NCT02633020,Percent Change From Baseline in Villous Height to Crypt Depth (VH:CD) Ratio,percent change,LEAST_SQUARES_MEAN,Standard Error,AMG 714,,,26.44,14.06,,
NCT02633020,Percent Change From Baseline in Villous Height to Crypt Depth (VH:CD) Ratio,percent change,LEAST_SQUARES_MEAN,Standard Error,Placebo,,,15.77,19.36,,
NCT02635386,Waist-to-Height Ratio (WHtR),ratio,MEAN,Standard Error,Exenatide Once Weekly (EQW ),,,.64,.018,,
NCT02635386,Waist-to-Height Ratio (WHtR),ratio,MEAN,Standard Error,Dapagliflozin (DAPA),,,.61,.02,,
NCT02635386,Waist-to-Height Ratio (WHtR),ratio,MEAN,Standard Error,EQW Plus DAPA,,,.65,.018,,
NCT02635386,Waist-to-Height Ratio (WHtR),ratio,MEAN,Standard Error,Dapagliflozin Plus Glucophage (MET ER),,,.61,.019,,
NCT02635386,Waist-to-Height Ratio (WHtR),ratio,MEAN,Standard Error,Phentermine /Topiramate (PHEN/ TPM) ER,,,.59,.021,,
NCT02636270,Height Velocity,cm/y,NUMBER,,Treatment With rhIGF-1,Baseline,,3.0,,,
NCT02636270,Height Velocity,cm/y,NUMBER,,Untreated Comparison,Baseline,,4.3,,,
NCT02636270,Height Velocity,cm/y,NUMBER,,Treatment With rhIGF-1,Year 1,,6.2,,,
NCT02636270,Height Velocity,cm/y,NUMBER,,Untreated Comparison,Year 1,,4.8,,,
NCT02636270,Height Velocity,cm/y,NUMBER,,Treatment With rhIGF-1,Year 2,,5.0,,,
NCT02636270,Height Velocity,cm/y,NUMBER,,Untreated Comparison,Year 2,,5.3,,,
NCT02636270,Height Velocity,cm/y,NUMBER,,Treatment With rhIGF-1,Year 3,,5.3,,,
NCT02636270,Height Velocity,cm/y,NUMBER,,Untreated Comparison,Year 3,,3.4,,,
NCT02636270,Height Velocity,cm/y,NUMBER,,Treatment With rhIGF-1,Year 4,,7.6,,,
NCT02636270,Height Velocity,cm/y,NUMBER,,Untreated Comparison,Year 4,,1.4,,,
NCT02636270,Height Velocity,cm/y,NUMBER,,Treatment With rhIGF-1,Year 5,,6.5,,,
NCT02636270,Height Standard Deviation Score,standard deviation score,NUMBER,,Treatment With rhIGF-1,Baseline,,-2.86,,,
NCT02636270,Height Standard Deviation Score,standard deviation score,NUMBER,,Untreated Comparison,Baseline,,-2.92,,,
NCT02636270,Height Standard Deviation Score,standard deviation score,NUMBER,,Treatment With rhIGF-1,Year 1,,-2.53,,,
NCT02636270,Height Standard Deviation Score,standard deviation score,NUMBER,,Untreated Comparison,Year 1,,-2.99,,,
NCT02636270,Height Standard Deviation Score,standard deviation score,NUMBER,,Treatment With rhIGF-1,Year 2,,-2.54,,,
NCT02636270,Height Standard Deviation Score,standard deviation score,NUMBER,,Untreated Comparison,Year 2,,-2.84,,,
NCT02636270,Height Standard Deviation Score,standard deviation score,NUMBER,,Treatment With rhIGF-1,Year 3,,-2.61,,,
NCT02636270,Height Standard Deviation Score,standard deviation score,NUMBER,,Untreated Comparison,Year 3,,-2.69,,,
NCT02636270,Height Standard Deviation Score,standard deviation score,NUMBER,,Treatment With rhIGF-1,Year 4,,-2.43,,,
NCT02636270,Height Standard Deviation Score,standard deviation score,NUMBER,,Untreated Comparison,Year 4,,-2.63,,,
NCT02636270,Height Standard Deviation Score,standard deviation score,NUMBER,,Treatment With rhIGF-1,Year 5,,-2.27,,,
NCT02637141,Percent Change From Baseline in Villous Height to Crypt Depth Ratio (VH:CD) at Week 12,percent change,LEAST_SQUARES_MEAN,Standard Error,AMG 714 150 mg,,,-62.66,5.39,,
NCT02637141,Percent Change From Baseline in Villous Height to Crypt Depth Ratio (VH:CD) at Week 12,percent change,LEAST_SQUARES_MEAN,Standard Error,AMG 714 300 mg,,,-53.78,4.83,,
NCT02637141,Percent Change From Baseline in Villous Height to Crypt Depth Ratio (VH:CD) at Week 12,percent change,LEAST_SQUARES_MEAN,Standard Error,Placebo,,,-60.17,5.22,,
NCT02663453,Height Gain,cm/week,MEAN,Standard Deviation,Study Group,,,0.9,0.2,,
NCT02663453,Height Gain,cm/week,MEAN,Standard Deviation,Control Group,,,0.8,0.2,,
NCT02664441,Percent Change of Body Mass Index (BMI) as Calculated by the Formula: Body Weight in kg Divided by Height in Meters².,percent change from baseline,MEAN,Standard Error,Exenatide Once Weekly Extended-release,,,1.7,0.8,,
NCT02664441,Percent Change of Body Mass Index (BMI) as Calculated by the Formula: Body Weight in kg Divided by Height in Meters².,percent change from baseline,MEAN,Standard Error,Matching Placebo,,,3.5,0.9,,
NCT02667067,Average Disc Height (Index Level),millimeters,MEAN,Standard Deviation,Anterior cervical discectomy & fusion (ACDF),,,1.46,1.24,,
NCT02667067,Average Disc Height (Index Level),millimeters,MEAN,Standard Deviation,Simplify Disc,,,0.93,0.87,,
NCT02667067,Average Disc Height (Above the Index Level),millimeters,MEAN,Standard Deviation,Anterior cervical discectomy & fusion (ACDF),,,-0.05,0.40,,
NCT02667067,Average Disc Height (Above the Index Level),millimeters,MEAN,Standard Deviation,Simplify Disc,,,0,0.23,,
NCT02667067,Average Disc Height (Below the Index Level),millimeters,MEAN,Standard Deviation,Anterior cervical discectomy & fusion (ACDF),,,-0.07,0.26,,
NCT02667067,Average Disc Height (Below the Index Level),millimeters,MEAN,Standard Deviation,Simplify Disc,,,-0.07,0.31,,
NCT02670915,Change in Height,Meter,MEAN,Standard Deviation,Faster Aspart (Meal),Baseline,,1.50,0.21,,
NCT02670915,Change in Height,Meter,MEAN,Standard Deviation,Faster Aspart (Post),Baseline,,1.50,0.21,,
NCT02670915,Change in Height,Meter,MEAN,Standard Deviation,NovoRapid (Meal),Baseline,,1.50,0.19,,
NCT02670915,Change in Height,Meter,MEAN,Standard Deviation,Faster Aspart (Meal),Change from baseline,,0.02,0.02,,
NCT02670915,Change in Height,Meter,MEAN,Standard Deviation,Faster Aspart (Post),Change from baseline,,0.02,0.02,,
NCT02670915,Change in Height,Meter,MEAN,Standard Deviation,NovoRapid (Meal),Change from baseline,,0.02,0.02,,
NCT02682381,Change From Baseline in Body Height Z-score at Week 28,Z-score,MEAN,Standard Deviation,0.025 mg/kg/Day Teduglutide,,,0,0.29,,
NCT02682381,Change From Baseline in Body Height Z-score at Week 28,Z-score,MEAN,Standard Deviation,0.05 mg/kg/Day Teduglutide,,,0.05,0.45,,
NCT02682381,Change From Baseline in Body Height Z-score at Week 28,Z-score,MEAN,Standard Deviation,Standard of Care,,,0.16,0.66,,
NCT02703480,Changes in Vertical Bone Height,millimeter,MEAN,Standard Deviation,All Study Participants - d-PTFE,,,3.7,1.2,,
NCT02703480,Changes in Vertical Bone Height,millimeter,MEAN,Standard Deviation,All Study Participants - Ti-mesh,,,3.2,1.1,,
NCT02732145,Baseline Characteristics: Height,cm,MEAN,Standard Deviation,Normal Vulva,,,169.1,6.0,,
NCT02732145,Baseline Characteristics: Height,cm,MEAN,Standard Deviation,Impaired Vulvar Skin,,,168.7,6.3,,
NCT02732145,Baseline Characteristics: Height,cm,MEAN,Standard Deviation,Vulvodynia,,,166.7,6.7,,
NCT02732145,Baseline Characteristics: Height,cm,MEAN,Standard Deviation,Vulvar Dermatosis,,,167.5,5.7,,
NCT02733367,Growth Velocity,Standard Deviation Score,MEAN,Standard Deviation,Infacort,visit 6 - 11th Month,,0.6343,2.51996,,
NCT02733367,Growth Velocity,Standard Deviation Score,MEAN,Standard Deviation,Infacort,Visit 10 - 23rd Month,,0.9214,1.88757,,
NCT02750618,Change From Baseline Over Time in Recumbent Length/Standing Height,cm,MEAN,Standard Deviation,Burosumab Q2W,Week 12,,1.44,2.009,,
NCT02750618,Change From Baseline Over Time in Recumbent Length/Standing Height,cm,MEAN,Standard Deviation,Burosumab Q2W,Week 24,,2.52,1.518,,
NCT02750618,Change From Baseline Over Time in Recumbent Length/Standing Height,cm,MEAN,Standard Deviation,Burosumab Q2W,Week 40,,4.29,2.451,,
NCT02750618,Change From Baseline Over Time in Recumbent Length/Standing Height,cm,MEAN,Standard Deviation,Burosumab Q2W,Week 64,,7.22,3.157,,
NCT02750618,Change From Baseline Over Time in Recumbent Length/Standing Height,cm,MEAN,Standard Deviation,Burosumab Q2W,Week 88,,10.30,3.400,,
NCT02750618,Change From Baseline Over Time in Recumbent Length/Standing Height,cm,MEAN,Standard Deviation,Burosumab Q2W,Week 112,,13.25,3.724,,
NCT02750618,Change From Baseline Over Time in Recumbent Length/Standing Height,cm,MEAN,Standard Deviation,Burosumab Q2W,Week 136,,15.41,3.699,,
NCT02750618,Change From Baseline Over Time in Recumbent Length/Standing Height,cm,MEAN,Standard Deviation,Burosumab Q2W,Week 160,,18.96,4.206,,
NCT02750618,Change From Baseline Over Time in Recumbent Length/Standing Height as Assessed by Height-for-Age Z-Scores,Z score,MEAN,Standard Deviation,Burosumab Q2W,Week 12,,-0.082,0.4964,,
NCT02750618,Change From Baseline Over Time in Recumbent Length/Standing Height as Assessed by Height-for-Age Z-Scores,Z score,MEAN,Standard Deviation,Burosumab Q2W,Week 24,,-0.208,0.4540,,
NCT02750618,Change From Baseline Over Time in Recumbent Length/Standing Height as Assessed by Height-for-Age Z-Scores,Z score,MEAN,Standard Deviation,Burosumab Q2W,Week 40,,-0.276,0.6647,,
NCT02750618,Change From Baseline Over Time in Recumbent Length/Standing Height as Assessed by Height-for-Age Z-Scores,Z score,MEAN,Standard Deviation,Burosumab Q2W,Week 64,,-0.264,0.8755,,
NCT02750618,Change From Baseline Over Time in Recumbent Length/Standing Height as Assessed by Height-for-Age Z-Scores,Z score,MEAN,Standard Deviation,Burosumab Q2W,Week 88,,-0.212,0.9115,,
NCT02750618,Change From Baseline Over Time in Recumbent Length/Standing Height as Assessed by Height-for-Age Z-Scores,Z score,MEAN,Standard Deviation,Burosumab Q2W,Week 112,,-0.174,0.9273,,
NCT02750618,Change From Baseline Over Time in Recumbent Length/Standing Height as Assessed by Height-for-Age Z-Scores,Z score,MEAN,Standard Deviation,Burosumab Q2W,Week 136,,-0.321,0.9123,,
NCT02750618,Change From Baseline Over Time in Recumbent Length/Standing Height as Assessed by Height-for-Age Z-Scores,Z score,MEAN,Standard Deviation,Burosumab Q2W,Week 160,,-0.172,0.9048,,
NCT02750618,Change From Baseline Over Time in Recumbent Length/Standing Height as Assessed by Percentiles,percentiles,MEAN,Standard Deviation,Burosumab Q2W,Week 12,,-0.006,11.6149,,
NCT02750618,Change From Baseline Over Time in Recumbent Length/Standing Height as Assessed by Percentiles,percentiles,MEAN,Standard Deviation,Burosumab Q2W,Week 24,,-4.940,13.1323,,
NCT02750618,Change From Baseline Over Time in Recumbent Length/Standing Height as Assessed by Percentiles,percentiles,MEAN,Standard Deviation,Burosumab Q2W,Week 40,,-5.283,20.1675,,
NCT02750618,Change From Baseline Over Time in Recumbent Length/Standing Height as Assessed by Percentiles,percentiles,MEAN,Standard Deviation,Burosumab Q2W,Week 64,,-4.980,23.4412,,
NCT02750618,Change From Baseline Over Time in Recumbent Length/Standing Height as Assessed by Percentiles,percentiles,MEAN,Standard Deviation,Burosumab Q2W,Week 88,,-4.155,23.9126,,
NCT02750618,Change From Baseline Over Time in Recumbent Length/Standing Height as Assessed by Percentiles,percentiles,MEAN,Standard Deviation,Burosumab Q2W,Week 112,,-3.000,24.7569,,
NCT02750618,Change From Baseline Over Time in Recumbent Length/Standing Height as Assessed by Percentiles,percentiles,MEAN,Standard Deviation,Burosumab Q2W,Week 136,,-7.026,24.8583,,
NCT02750618,Change From Baseline Over Time in Recumbent Length/Standing Height as Assessed by Percentiles,percentiles,MEAN,Standard Deviation,Burosumab Q2W,Week 160,,-3.628,25.5113,,
NCT02781727,Annualized Height Velocity at 52 Weeks for Weekly Lonapegsomatropin and Daily hGH Treatment Groups,cm/year,LEAST_SQUARES_MEAN,Standard Error,Lonapegsomatropin,,,11.17,0.23,,
NCT02781727,Annualized Height Velocity at 52 Weeks for Weekly Lonapegsomatropin and Daily hGH Treatment Groups,cm/year,LEAST_SQUARES_MEAN,Standard Error,Daily hGH,,,10.31,0.30,,
NCT02781727,Annualized Height Velocity Over 52 Weeks for Weekly Lonapegsomatropin and Daily hGH Treatment Groups,cm/year,LEAST_SQUARES_MEAN,Standard Error,Lonapegsomatropin,Week 5,,13.54,1.07,,
NCT02781727,Annualized Height Velocity Over 52 Weeks for Weekly Lonapegsomatropin and Daily hGH Treatment Groups,cm/year,LEAST_SQUARES_MEAN,Standard Error,Daily hGH,Week 5,,12.83,1.37,,
NCT02781727,Annualized Height Velocity Over 52 Weeks for Weekly Lonapegsomatropin and Daily hGH Treatment Groups,cm/year,LEAST_SQUARES_MEAN,Standard Error,Lonapegsomatropin,Week 13,,13.28,0.49,,
NCT02781727,Annualized Height Velocity Over 52 Weeks for Weekly Lonapegsomatropin and Daily hGH Treatment Groups,cm/year,LEAST_SQUARES_MEAN,Standard Error,Daily hGH,Week 13,,12.22,0.63,,
NCT02781727,Annualized Height Velocity Over 52 Weeks for Weekly Lonapegsomatropin and Daily hGH Treatment Groups,cm/year,LEAST_SQUARES_MEAN,Standard Error,Lonapegsomatropin,Week 26,,12.65,0.32,,
NCT02781727,Annualized Height Velocity Over 52 Weeks for Weekly Lonapegsomatropin and Daily hGH Treatment Groups,cm/year,LEAST_SQUARES_MEAN,Standard Error,Daily hGH,Week 26,,11.21,0.42,,
NCT02781727,Annualized Height Velocity Over 52 Weeks for Weekly Lonapegsomatropin and Daily hGH Treatment Groups,cm/year,LEAST_SQUARES_MEAN,Standard Error,Lonapegsomatropin,Week 39,,11.89,0.26,,
NCT02781727,Annualized Height Velocity Over 52 Weeks for Weekly Lonapegsomatropin and Daily hGH Treatment Groups,cm/year,LEAST_SQUARES_MEAN,Standard Error,Daily hGH,Week 39,,10.90,0.33,,
NCT02781727,Annualized Height Velocity Over 52 Weeks for Weekly Lonapegsomatropin and Daily hGH Treatment Groups,cm/year,LEAST_SQUARES_MEAN,Standard Error,Lonapegsomatropin,Week 52,,11.17,0.23,,
NCT02781727,Annualized Height Velocity Over 52 Weeks for Weekly Lonapegsomatropin and Daily hGH Treatment Groups,cm/year,LEAST_SQUARES_MEAN,Standard Error,Daily hGH,Week 52,,10.31,0.30,,
NCT02781727,Change in Height Standard Deviation Score Over 52 Weeks for the Weekly Lonapegsomatropin and Daily hGH Treatment Groups,standard deviation score,LEAST_SQUARES_MEAN,Standard Error,Lonapegsomatropin,Week 5,,0.13,0.02,,
NCT02781727,Change in Height Standard Deviation Score Over 52 Weeks for the Weekly Lonapegsomatropin and Daily hGH Treatment Groups,standard deviation score,LEAST_SQUARES_MEAN,Standard Error,Daily hGH,Week 5,,0.12,0.02,,
NCT02781727,Change in Height Standard Deviation Score Over 52 Weeks for the Weekly Lonapegsomatropin and Daily hGH Treatment Groups,standard deviation score,LEAST_SQUARES_MEAN,Standard Error,Lonapegsomatropin,Week 13,,0.38,0.02,,
NCT02781727,Change in Height Standard Deviation Score Over 52 Weeks for the Weekly Lonapegsomatropin and Daily hGH Treatment Groups,standard deviation score,LEAST_SQUARES_MEAN,Standard Error,Daily hGH,Week 13,,0.33,0.03,,
NCT02781727,Change in Height Standard Deviation Score Over 52 Weeks for the Weekly Lonapegsomatropin and Daily hGH Treatment Groups,standard deviation score,LEAST_SQUARES_MEAN,Standard Error,Lonapegsomatropin,Week 26,,0.68,0.03,,
NCT02781727,Change in Height Standard Deviation Score Over 52 Weeks for the Weekly Lonapegsomatropin and Daily hGH Treatment Groups,standard deviation score,LEAST_SQUARES_MEAN,Standard Error,Daily hGH,Week 26,,0.58,0.04,,
NCT02781727,Change in Height Standard Deviation Score Over 52 Weeks for the Weekly Lonapegsomatropin and Daily hGH Treatment Groups,standard deviation score,LEAST_SQUARES_MEAN,Standard Error,Lonapegsomatropin,Week 39,,0.92,0.03,,
NCT02781727,Change in Height Standard Deviation Score Over 52 Weeks for the Weekly Lonapegsomatropin and Daily hGH Treatment Groups,standard deviation score,LEAST_SQUARES_MEAN,Standard Error,Daily hGH,Week 39,,0.80,0.04,,
NCT02781727,Change in Height Standard Deviation Score Over 52 Weeks for the Weekly Lonapegsomatropin and Daily hGH Treatment Groups,standard deviation score,LEAST_SQUARES_MEAN,Standard Error,Lonapegsomatropin,Week 52,,1.10,0.04,,
NCT02781727,Change in Height Standard Deviation Score Over 52 Weeks for the Weekly Lonapegsomatropin and Daily hGH Treatment Groups,standard deviation score,LEAST_SQUARES_MEAN,Standard Error,Daily hGH,Week 52,,0.96,0.05,,
NCT02791438,"Number of Participants With TEAEs Related to Anthropometric Measurement (Weight, Height and Body Mass Index (BMI))",Participants,COUNT_OF_PARTICIPANTS,,Azilsartan 2.5 - 20 mg (Weight < 50 kg),,,0,,,
NCT02791438,"Number of Participants With TEAEs Related to Anthropometric Measurement (Weight, Height and Body Mass Index (BMI))",Participants,COUNT_OF_PARTICIPANTS,,Azilsartan 5 - 40 mg (Weight ≥ 50 kg),,,0,,,
NCT02797132,Part B: Absolute Change From Baseline in Stature (Height) at Week 24,Centimeter (cm),MEAN,Standard Deviation,Part B (<14 kg Weight): LUM 100 mg/IVA 125 mg,,,4.1,1.4,,
NCT02797132,Part B: Absolute Change From Baseline in Stature (Height) at Week 24,Centimeter (cm),MEAN,Standard Deviation,Part B (>=14 kg Weight): LUM 150 mg/IVA 188 mg,,,3.4,1.0,,
NCT02797132,Part B: Absolute Change From Baseline in Stature-for-Age Z-Score,Z-score,MEAN,Standard Deviation,Part B (<14 kg Weight): LUM 100 mg/IVA 125 mg,,,0.19,0.32,,
NCT02797132,Part B: Absolute Change From Baseline in Stature-for-Age Z-Score,Z-score,MEAN,Standard Deviation,Part B (>=14 kg Weight): LUM 150 mg/IVA 188 mg,,,0.04,0.19,,
NCT02798289,Tear Meniscus Height Captured by Optical Coherence Tomography,µm,MEAN,Standard Deviation,Active - Device,Pre-stimulation TMH,,238.4,16.7,,
NCT02798289,Tear Meniscus Height Captured by Optical Coherence Tomography,µm,MEAN,Standard Deviation,Active - Device,Post-stimulation TMH,,634.9,60.8,,
NCT02804763,Mean Change From Baseline in Height,cm,MEAN,Standard Deviation,SOC + Placebo iv Q4W (SS),,,NA,NA,,
NCT02804763,Mean Change From Baseline in Height,cm,MEAN,Standard Deviation,SOC + DZP 6mg/kg iv Q4W (SS),,,NA,NA,,
NCT02804763,Mean Change From Baseline in Height,cm,MEAN,Standard Deviation,SOC + DZP 24mg/kg iv Q4W (SS),,,NA,NA,,
NCT02804763,Mean Change From Baseline in Height,cm,MEAN,Standard Deviation,SOC + DZP 45mg/kg iv Q4W (SS),,,NA,NA,,
NCT02849626,Change From Baseline in Height (a Growth and Development Parameter) at Week 23 (Core Phase) and at Week 52 (Extension Phase A) of This Study,centimeter (cm),MEAN,Standard Deviation,Perampanel 0.5 mg/mL: POS,Baseline,,126.65,14.293,,
NCT02849626,Change From Baseline in Height (a Growth and Development Parameter) at Week 23 (Core Phase) and at Week 52 (Extension Phase A) of This Study,centimeter (cm),MEAN,Standard Deviation,Perampanel 0.5 mg/mL: PGTC Seizures,Baseline,,131.08,13.311,,
NCT02849626,Change From Baseline in Height (a Growth and Development Parameter) at Week 23 (Core Phase) and at Week 52 (Extension Phase A) of This Study,centimeter (cm),MEAN,Standard Deviation,Perampanel 0.5 mg/mL: POS,Change from Baseline Week 23,,2.57,1.926,,
NCT02849626,Change From Baseline in Height (a Growth and Development Parameter) at Week 23 (Core Phase) and at Week 52 (Extension Phase A) of This Study,centimeter (cm),MEAN,Standard Deviation,Perampanel 0.5 mg/mL: PGTC Seizures,Change from Baseline Week 23,,1.84,1.111,,
NCT02849626,Change From Baseline in Height (a Growth and Development Parameter) at Week 23 (Core Phase) and at Week 52 (Extension Phase A) of This Study,centimeter (cm),MEAN,Standard Deviation,Perampanel 0.5 mg/mL: POS,Change from Baseline Week 52,,5.97,2.580,,
NCT02849626,Change From Baseline in Height (a Growth and Development Parameter) at Week 23 (Core Phase) and at Week 52 (Extension Phase A) of This Study,centimeter (cm),MEAN,Standard Deviation,Perampanel 0.5 mg/mL: PGTC Seizures,Change from Baseline Week 52,,5.82,2.544,,
NCT02879747,The Proportion of Children Maintaining Normal Growth Velocity,Participants,COUNT_OF_PARTICIPANTS,,Decreased GH Dose,,,23,,,
NCT02879747,The Proportion of Children Maintaining Normal Growth Velocity,Participants,COUNT_OF_PARTICIPANTS,,Interventional 2,,,32,,,
NCT02879747,The Proportion of Children Maintaining Normal Growth Velocity,Participants,COUNT_OF_PARTICIPANTS,,Control Group,,,31,,,
NCT02879747,Height SDS at Start of Puberty,standard deviation scores,MEAN,Standard Deviation,Decreased GH Dose,,,-1.0,1.02,,
NCT02879747,Height SDS at Start of Puberty,standard deviation scores,MEAN,Standard Deviation,Unchanged GH Dose,,,-1.06,0.84,,
NCT02879747,Height SDS at Start of Puberty,standard deviation scores,MEAN,Standard Deviation,Control Group,,,-0.98,0.91,,
NCT02879747,Changes in Height,standard deviation scores,MEAN,Standard Deviation,Unchanged Dose,,,0.18,0.16,,
NCT02879747,Changes in Height,standard deviation scores,MEAN,Standard Deviation,Reduced Dose,,,0.57,0.36,,
NCT02879747,Changes in Height,standard deviation scores,MEAN,Standard Deviation,Control Group,,,0.55,0.26,,
NCT02889809,"Growth Velocity (Centimeter Per Year) Over the Double-blind Treatment Period, as Determined by Stadiometry",Centimeter per year,LEAST_SQUARES_MEAN,Standard Error,Placebo,,,6.065,0.1090,,
NCT02889809,"Growth Velocity (Centimeter Per Year) Over the Double-blind Treatment Period, as Determined by Stadiometry",Centimeter per year,LEAST_SQUARES_MEAN,Standard Error,FF 50 mcg,,,5.905,0.1078,,
NCT02889809,Percentage of Participants Below the Third Percentile of Growth Velocity During Double-blind Treatment Period,Percentage of participants,NUMBER,,Placebo,,,9,,,
NCT02889809,Percentage of Participants Below the Third Percentile of Growth Velocity During Double-blind Treatment Period,Percentage of participants,NUMBER,,FF 50 mcg,,,7,,,
NCT02889809,Percentage of Participants With Change in Growth Velocity Quartiles From Baseline to Endpoint,Percentage of Participants,NUMBER,,Placebo,Any increase,,33,,,
NCT02889809,Percentage of Participants With Change in Growth Velocity Quartiles From Baseline to Endpoint,Percentage of Participants,NUMBER,,FF 50 mcg,Any increase,,32,,,
NCT02889809,Percentage of Participants With Change in Growth Velocity Quartiles From Baseline to Endpoint,Percentage of Participants,NUMBER,,Placebo,Any decrease,,34,,,
NCT02889809,Percentage of Participants With Change in Growth Velocity Quartiles From Baseline to Endpoint,Percentage of Participants,NUMBER,,FF 50 mcg,Any decrease,,38,,,
NCT02889809,Growth Velocity Over the First 12 Weeks of Double-blind Treatment Period,Centimeter per year,LEAST_SQUARES_MEAN,Standard Error,Placebo,,,6.222,0.1845,,
NCT02889809,Growth Velocity Over the First 12 Weeks of Double-blind Treatment Period,Centimeter per year,LEAST_SQUARES_MEAN,Standard Error,FF 50 mcg,,,6.281,0.1841,,
NCT02889809,Change in Height Standard Deviation Scores (SDS) From Baseline to Endpoint,Standard Deviation Score,MEAN,Standard Deviation,Placebo,,,-0.02,0.281,,
NCT02889809,Change in Height Standard Deviation Scores (SDS) From Baseline to Endpoint,Standard Deviation Score,MEAN,Standard Deviation,FF 50 mcg,,,-0.04,0.281,,
NCT02907619,Bone Age to Chronological Age Ratio,Ratio,MEAN,Standard Deviation,Sequence 1,Baseline,,0.76,0.213,,
NCT02907619,Bone Age to Chronological Age Ratio,Ratio,MEAN,Standard Deviation,Sequence 2,Baseline,,0.74,0.195,,
NCT02907619,Bone Age to Chronological Age Ratio,Ratio,MEAN,Standard Deviation,Sequence 3,Baseline,,0.81,0.177,,
NCT02907619,Bone Age to Chronological Age Ratio,Ratio,MEAN,Standard Deviation,Total,Baseline,,0.77,0.194,,
NCT02907619,Bone Age to Chronological Age Ratio,Ratio,MEAN,Standard Deviation,Sequence 1,Week 49,,0.74,0.197,,
NCT02907619,Bone Age to Chronological Age Ratio,Ratio,MEAN,Standard Deviation,Sequence 2,Week 49,,0.65,0.157,,
NCT02907619,Bone Age to Chronological Age Ratio,Ratio,MEAN,Standard Deviation,Sequence 3,Week 49,,0.70,0.172,,
NCT02907619,Bone Age to Chronological Age Ratio,Ratio,MEAN,Standard Deviation,Total,Week 49,,0.70,0.172,,
NCT02907619,"Whole Body and Spine DXA: Bone Mineral Density Z-Score, Height Adjusted Over Time",Standard Deviations,MEAN,Standard Deviation,Sequence 1,Anterior Posterior Spine Total L1 to L4 -Screening,,-0.687659,0.9152662,,
NCT02907619,"Whole Body and Spine DXA: Bone Mineral Density Z-Score, Height Adjusted Over Time",Standard Deviations,MEAN,Standard Deviation,Sequence 2,Anterior Posterior Spine Total L1 to L4 -Screening,,-0.587384,1.0241266,,
NCT02907619,"Whole Body and Spine DXA: Bone Mineral Density Z-Score, Height Adjusted Over Time",Standard Deviations,MEAN,Standard Deviation,Sequence 3,Anterior Posterior Spine Total L1 to L4 -Screening,,-0.561789,1.0285799,,
NCT02907619,"Whole Body and Spine DXA: Bone Mineral Density Z-Score, Height Adjusted Over Time",Standard Deviations,MEAN,Standard Deviation,Total,Anterior Posterior Spine Total L1 to L4 -Screening,,-0.613225,0.9731687,,
NCT02907619,"Whole Body and Spine DXA: Bone Mineral Density Z-Score, Height Adjusted Over Time",Standard Deviations,MEAN,Standard Deviation,Sequence 1,Anterior Posterior Spine Total L1 to L4 - Week 49,,-0.131374,0.9251749,,
NCT02907619,"Whole Body and Spine DXA: Bone Mineral Density Z-Score, Height Adjusted Over Time",Standard Deviations,MEAN,Standard Deviation,Sequence 2,Anterior Posterior Spine Total L1 to L4 - Week 49,,-0.435384,0.5747293,,
NCT02907619,"Whole Body and Spine DXA: Bone Mineral Density Z-Score, Height Adjusted Over Time",Standard Deviations,MEAN,Standard Deviation,Sequence 3,Anterior Posterior Spine Total L1 to L4 - Week 49,,-0.152854,1.7877768,,
NCT02907619,"Whole Body and Spine DXA: Bone Mineral Density Z-Score, Height Adjusted Over Time",Standard Deviations,MEAN,Standard Deviation,Total,Anterior Posterior Spine Total L1 to L4 - Week 49,,-0.227106,1.1053887,,
NCT02907619,"Whole Body and Spine DXA: Bone Mineral Density Z-Score, Height Adjusted Over Time",Standard Deviations,MEAN,Standard Deviation,Sequence 1,Body Without Head - Screening,,-1.936367,1.1544544,,
NCT02907619,"Whole Body and Spine DXA: Bone Mineral Density Z-Score, Height Adjusted Over Time",Standard Deviations,MEAN,Standard Deviation,Sequence 2,Body Without Head - Screening,,-1.956332,1.3561294,,
NCT02907619,"Whole Body and Spine DXA: Bone Mineral Density Z-Score, Height Adjusted Over Time",Standard Deviations,MEAN,Standard Deviation,Sequence 3,Body Without Head - Screening,,-1.872619,1.4843432,,
NCT02907619,"Whole Body and Spine DXA: Bone Mineral Density Z-Score, Height Adjusted Over Time",Standard Deviations,MEAN,Standard Deviation,Total,Body Without Head - Screening,,-1.921525,1.3187696,,
NCT02907619,"Whole Body and Spine DXA: Bone Mineral Density Z-Score, Height Adjusted Over Time",Standard Deviations,MEAN,Standard Deviation,Sequence 1,Body Without Head - Week 49,,-1.789347,1.1738270,,
NCT02907619,"Whole Body and Spine DXA: Bone Mineral Density Z-Score, Height Adjusted Over Time",Standard Deviations,MEAN,Standard Deviation,Sequence 2,Body Without Head - Week 49,,-1.943538,1.6839551,,
NCT02907619,"Whole Body and Spine DXA: Bone Mineral Density Z-Score, Height Adjusted Over Time",Standard Deviations,MEAN,Standard Deviation,Sequence 3,Body Without Head - Week 49,,-1.455670,1.5655008,,
NCT02907619,"Whole Body and Spine DXA: Bone Mineral Density Z-Score, Height Adjusted Over Time",Standard Deviations,MEAN,Standard Deviation,Total,Body Without Head - Week 49,,-1.732667,1.4033563,,
NCT02909959,Least Squares Mean of Vital Signs (Height),centimeters,LEAST_SQUARES_MEAN,Standard Error,Sulforaphane,Baseline,,173.9,6.5,,
NCT02909959,Least Squares Mean of Vital Signs (Height),centimeters,LEAST_SQUARES_MEAN,Standard Error,Placebo,Baseline,,173.3,4.0,,
NCT02909959,Least Squares Mean of Vital Signs (Height),centimeters,LEAST_SQUARES_MEAN,Standard Error,Sulforaphane,Week 4,,173.9,6.5,,
NCT02909959,Least Squares Mean of Vital Signs (Height),centimeters,LEAST_SQUARES_MEAN,Standard Error,Placebo,Week 4,,173.3,4.0,,
NCT02909959,Least Squares Mean of Vital Signs (Height),centimeters,LEAST_SQUARES_MEAN,Standard Error,Sulforaphane,Week 8,,173.9,6.5,,
NCT02909959,Least Squares Mean of Vital Signs (Height),centimeters,LEAST_SQUARES_MEAN,Standard Error,Placebo,Week 8,,173.3,4.0,,
NCT02909959,Least Squares Mean of Vital Signs (Height),centimeters,LEAST_SQUARES_MEAN,Standard Error,Sulforaphane,Week 12,,173.9,6.5,,
NCT02909959,Least Squares Mean of Vital Signs (Height),centimeters,LEAST_SQUARES_MEAN,Standard Error,Placebo,Week 12,,173.3,4.0,,
NCT02909959,Least Squares Mean of Vital Signs (Height),centimeters,LEAST_SQUARES_MEAN,Standard Error,Sulforaphane,Week 16,,173.9,6.5,,
NCT02909959,Least Squares Mean of Vital Signs (Height),centimeters,LEAST_SQUARES_MEAN,Standard Error,Placebo,Week 16,,173.3,4.0,,
NCT02913482,"Part 2: Anthropometric Examination of Height, Head Circumference and Chest Circumference Measured in Centimeters",centimeter (cm),MEAN,Standard Deviation,Confirmatory Part 2 - Risdiplam,Height at Month 12,,80.47,4.00,,
NCT02913482,"Part 2: Anthropometric Examination of Height, Head Circumference and Chest Circumference Measured in Centimeters",centimeter (cm),MEAN,Standard Deviation,Confirmatory Part 2 - Risdiplam,Height at Month 24,,89.13,5.12,,
NCT02913482,"Part 2: Anthropometric Examination of Height, Head Circumference and Chest Circumference Measured in Centimeters",centimeter (cm),MEAN,Standard Deviation,Confirmatory Part 2 - Risdiplam,Head Circumference at Month 12,,47.09,1.72,,
NCT02913482,"Part 2: Anthropometric Examination of Height, Head Circumference and Chest Circumference Measured in Centimeters",centimeter (cm),MEAN,Standard Deviation,Confirmatory Part 2 - Risdiplam,Head Circumference at Month 24,,49.28,2.13,,
NCT02913482,"Part 2: Anthropometric Examination of Height, Head Circumference and Chest Circumference Measured in Centimeters",centimeter (cm),MEAN,Standard Deviation,Confirmatory Part 2 - Risdiplam,Chest Circumference at Month 12,,45.77,2.31,,
NCT02913482,"Part 2: Anthropometric Examination of Height, Head Circumference and Chest Circumference Measured in Centimeters",centimeter (cm),MEAN,Standard Deviation,Confirmatory Part 2 - Risdiplam,Chest Circumference at Month 24,,48.35,3.10,,
NCT02914314,Core Phase and Extension Phase: Mean Change From Baseline in Height,centimeters,MEAN,Standard Deviation,"Core Phase, Cohort 1, Age >=1 to <=6 Months: Perampanel",,,4.76,2.197,,
NCT02914314,Core Phase and Extension Phase: Mean Change From Baseline in Height,centimeters,MEAN,Standard Deviation,"Core Phase, Cohort 2, Age >6 to <=12 Months: Perampanel",,,5.20,2.361,,
NCT02914314,Core Phase and Extension Phase: Mean Change From Baseline in Height,centimeters,MEAN,Standard Deviation,"Core Phase, Cohort 3, Age >12 to <24 Months: Perampanel",,,5.06,1.429,,
NCT02914314,Core Phase and Extension Phase: Mean Change From Baseline in Height,centimeters,MEAN,Standard Deviation,"Core Phase, Cohort 4, Age >=24 to <48 Months: Perampanel",,,3.63,1.237,,
NCT02914314,Core Phase and Extension Phase: Mean Change From Baseline in Height,centimeters,MEAN,Standard Deviation,"Extension Phase, Cohort 1, Age >=1 to <=6 Months: Perampanel",,,17.65,3.643,,
NCT02914314,Core Phase and Extension Phase: Mean Change From Baseline in Height,centimeters,MEAN,Standard Deviation,"Extension Phase, Cohort 2, Age >6 to <=12 Months: Perampanel",,,12.78,2.548,,
NCT02914314,Core Phase and Extension Phase: Mean Change From Baseline in Height,centimeters,MEAN,Standard Deviation,"Extension Phase, Cohort 3, Age >12 to <24 Months: Perampanel",,,10.24,1.849,,
NCT02914314,Core Phase and Extension Phase: Mean Change From Baseline in Height,centimeters,MEAN,Standard Deviation,"Extension Phase, Cohort 4, Age >=24 to <48 Months: Perampanel",,,6.50,NA,,
NCT02915705,Change From Baseline in Height-For-Age Z-Scores to Week 40,Z score,LEAST_SQUARES_MEAN,Standard Error,Active Control,,,0.03,0.031,,
NCT02915705,Change From Baseline in Height-For-Age Z-Scores to Week 40,Z score,LEAST_SQUARES_MEAN,Standard Error,Burosumab,,,0.16,0.052,,
NCT02915705,Change From Baseline in Height-For-Age Z-Scores to Week 64,Z score,LEAST_SQUARES_MEAN,Standard Error,Active Control,,,0.02,0.035,,
NCT02915705,Change From Baseline in Height-For-Age Z-Scores to Week 64,Z score,LEAST_SQUARES_MEAN,Standard Error,Burosumab,,,0.17,0.066,,
NCT02915705,Change in Growth Velocity Z Score From Baseline to Week 40,Z score,LEAST_SQUARES_MEAN,Standard Error,Active Control,,,0.73,0.339,,
NCT02915705,Change in Growth Velocity Z Score From Baseline to Week 40,Z score,LEAST_SQUARES_MEAN,Standard Error,Burosumab,,,1.76,0.337,,
NCT02915705,Change in Growth Velocity Z Score From Baseline to Week 64,Z score,LEAST_SQUARES_MEAN,Standard Error,Active Control,,,0.41,0.265,,
NCT02915705,Change in Growth Velocity Z Score From Baseline to Week 64,Z score,LEAST_SQUARES_MEAN,Standard Error,Burosumab,,,1.53,0.264,,
NCT02918279,Change in Height SDS,SDS,MEAN,Standard Deviation,Liraglutide 3.0 mg,Change from week 0 to week 30,,0.11,0.17,,
NCT02918279,Change in Height SDS,SDS,MEAN,Standard Deviation,Placebo,Change from week 0 to week 30,,0.13,0.18,,
NCT02918279,Change in Height SDS,SDS,MEAN,Standard Deviation,Liraglutide 3.0 mg,Change from week 0 to week 56,,0.20,0.27,,
NCT02918279,Change in Height SDS,SDS,MEAN,Standard Deviation,Placebo,Change from week 0 to week 56,,0.24,0.30,,
NCT02918279,Change in Height SDS,SDS,MEAN,Standard Deviation,Liraglutide 3.0 mg,Change from week 56 to week 82,,0.07,0.16,,
NCT02918279,Change in Height SDS,SDS,MEAN,Standard Deviation,Placebo,Change from week 56 to week 82,,0.06,0.12,,
NCT02931565,Change From Baseline in 1 Minute Impedance Bolus Height (IBH),cm,MEAN,Standard Deviation,Placebo,Baseline,,4.60,NA,,
NCT02931565,Change From Baseline in 1 Minute Impedance Bolus Height (IBH),cm,MEAN,Standard Deviation,Olinciguat,Baseline,,15.80,3.81,,
NCT02931565,Change From Baseline in 1 Minute Impedance Bolus Height (IBH),cm,MEAN,Standard Deviation,Placebo,Change From Baseline,,10.90,NA,,
NCT02931565,Change From Baseline in 1 Minute Impedance Bolus Height (IBH),cm,MEAN,Standard Deviation,Olinciguat,Change From Baseline,,-2.76,4.66,,
NCT02949362,Change From Baseline in Height for Age Z-score up to Week 168 of Retrospective Observation Period,Z-score,MEAN,Standard Deviation,Retrospective TED/NTT Group,,,0.128,0.0505,,
NCT02949362,Change From Baseline in Height for Age Z-score up to Cycle 6 Week 12 During the End of Teduglutide Treatment Period of Prospective Study Period,Z-score,MEAN,Standard Deviation,Prospective TED/TED Group,,,0.05,1.068,,
NCT02953314,Part B: Absolute Change in Height,centimeter (cm),LEAST_SQUARES_MEAN,95% Confidence Interval,Part B,,,2.7,,2.4,2.9
NCT02953314,Part B: Absolute Change in Height-for-age z-Score,z-score,LEAST_SQUARES_MEAN,95% Confidence Interval,Part B,,,0.00,,-0.05,0.05
NCT02954458,Change From Baseline in Height Z-score at EOT of Last Cycle During Teduglutide Treatment,Z-score,MEAN,Standard Deviation,Non-teduglutide/Teduglutide Treatment (NTT/TED),,,0.118,0.968,,
NCT02954458,Change From Baseline in Height Z-score at EOT of Last Cycle During Teduglutide Treatment,Z-score,MEAN,Standard Deviation,Teduglutide/Teduglutide Treatment (TED/TED),,,-0.277,0.797,,
NCT02954458,Change From Baseline in Height Z-score at Last Visit During Non-Teduglutide Treatment,Z-score,MEAN,Standard Deviation,Non-teduglutide/Non-teduglutide Treatment (NTT/NTT),,,-0.518,0.451,,
NCT02954458,Change From Baseline in Height Z-score at Last Visit During Non-Teduglutide Treatment,Z-score,MEAN,Standard Deviation,Non-teduglutide/Teduglutide Treatment (NTT/TED),,,-0.770,NA,,
NCT02954458,Change From Baseline in Height Z-score at Last Visit During Non-Teduglutide Treatment,Z-score,MEAN,Standard Deviation,Teduglutide /Non-teduglutide Treatment (TED/NTT),,,0.220,NA,,
NCT02954458,Change From Baseline in Height Z-score at Last Visit During Non-Teduglutide Treatment,Z-score,MEAN,Standard Deviation,Teduglutide/Teduglutide Treatment (TED/TED),,,-0.132,0.466,,
NCT02954887,Change From Baseline in Height,centimeters,MEAN,Standard Deviation,GWP42003-P OS,Baseline (Day 1 of Pilot Study),,75.04,9.557,,
NCT02954887,Change From Baseline in Height,centimeters,MEAN,Standard Deviation,GWP42003-P OS,"Day 29, Open-label Extension (OLE)",,0.85,0.980,,
NCT02954887,Change From Baseline in Height,centimeters,MEAN,Standard Deviation,GWP42003-P OS,"Day 43, OLE",,0.92,1.530,,
NCT02954887,Change From Baseline in Height,centimeters,MEAN,Standard Deviation,GWP42003-P OS,"Day 71, OLE",,3.10,0.652,,
NCT02954887,Change From Baseline in Height,centimeters,MEAN,Standard Deviation,GWP42003-P OS,"Day 127, OLE",,3.38,1.377,,
NCT02954887,Change From Baseline in Height,centimeters,MEAN,Standard Deviation,GWP42003-P OS,"Day 211, OLE",,5.33,1.258,,
NCT02954887,Change From Baseline in Height,centimeters,MEAN,Standard Deviation,GWP42003-P OS,"Day 295, OLE",,8.17,1.528,,
NCT02954887,Change From Baseline in Height,centimeters,MEAN,Standard Deviation,GWP42003-P OS,"Day 379, OLE",,5.31,4.036,,
NCT02954887,Change From Baseline in Height,centimeters,MEAN,Standard Deviation,GWP42003-P OS,"Day 389, OLE",,3.55,4.085,,
NCT02959970,Change From Baseline in Height,centimeter (cm),MEAN,Standard Deviation,PK Cohort: ACZONE 7.5%,,,0.21,0.76,,
NCT02959970,Change From Baseline in Height,centimeter (cm),MEAN,Standard Deviation,Non-PK Cohort: ACZONE 7.5%,,,1.01,1.77,,
NCT02964273,Phase A: Percent Change From Phase A Baseline in Height-Adjusted Total Kidney Volume (htTKV) as Measured by Magnetic Resonance Imaging (MRI),percent change,MEAN,Standard Deviation,Phase A: Tolvaptan,,,2.28,8.75,,
NCT02964273,Phase A: Percent Change From Phase A Baseline in Height-Adjusted Total Kidney Volume (htTKV) as Measured by Magnetic Resonance Imaging (MRI),percent change,MEAN,Standard Deviation,Phase A: Placebo,,,6.11,7.48,,
NCT02968004,Annual Height Velocity in Main Study Phase,cm/year,LEAST_SQUARES_MEAN,95% Confidence Interval,MOD-4023,,,10.10,,9.58,10.63
NCT02968004,Annual Height Velocity in Main Study Phase,cm/year,LEAST_SQUARES_MEAN,95% Confidence Interval,Genotropin,,,9.78,,9.29,10.26
NCT02968004,Annual Height Velocity in OLE Phase,cm/year,MEAN,Standard Deviation,MOD-4023,OLE Month 0,,10.27,2.38,,
NCT02968004,Annual Height Velocity in OLE Phase,cm/year,MEAN,Standard Deviation,Genotropin,OLE Month 0,,9.72,2.50,,
NCT02968004,Annual Height Velocity in OLE Phase,cm/year,MEAN,Standard Deviation,MOD-4023,OLE Month 12,,8.03,1.81,,
NCT02968004,Annual Height Velocity in OLE Phase,cm/year,MEAN,Standard Deviation,Genotropin,OLE Month 12,,8.21,1.87,,
NCT02968004,Annual Height Velocity in OLE Phase,cm/year,MEAN,Standard Deviation,MOD-4023,OLE Month 24,,7.78,1.91,,
NCT02968004,Annual Height Velocity in OLE Phase,cm/year,MEAN,Standard Deviation,Genotropin,OLE Month 24,,8.05,1.77,,
NCT02968004,Annual Height Velocity in OLE Phase,cm/year,MEAN,Standard Deviation,MOD-4023,OLE Month 36,,6.90,1.80,,
NCT02968004,Annual Height Velocity in OLE Phase,cm/year,MEAN,Standard Deviation,Genotropin,OLE Month 36,,7.14,1.69,,
NCT02968004,Annual Height Velocity in OLE Phase,cm/year,MEAN,Standard Deviation,MOD-4023,OLE Month 48,,6.19,1.62,,
NCT02968004,Annual Height Velocity in OLE Phase,cm/year,MEAN,Standard Deviation,Genotropin,OLE Month 48,,6.86,2.08,,
NCT02968004,Annual Height Velocity in OLE Phase,cm/year,MEAN,Standard Deviation,Genotropin,OLE Month 60,,5.05,1.10,,
NCT02968004,Height Velocity at 6 Months in Main Study Phase,cm/year,LEAST_SQUARES_MEAN,95% Confidence Interval,MOD-4023,,,10.59,,9.96,11.22
NCT02968004,Height Velocity at 6 Months in Main Study Phase,cm/year,LEAST_SQUARES_MEAN,95% Confidence Interval,Genotropin,,,10.04,,9.47,10.62
NCT02968004,Change in Height Standard Deviation Score (SDS) in Main Study Phase,Standard Deviation Score,MEAN,95% Confidence Interval,MOD-4023,SDS at 6 months,,0.54,,0.48,0.61
NCT02968004,Change in Height Standard Deviation Score (SDS) in Main Study Phase,Standard Deviation Score,MEAN,95% Confidence Interval,Genotropin,SDS at 6 months,,0.48,,0.42,0.54
NCT02968004,Change in Height Standard Deviation Score (SDS) in Main Study Phase,Standard Deviation Score,MEAN,95% Confidence Interval,MOD-4023,SDS at 12 months,,0.92,,0.82,1.02
NCT02968004,Change in Height Standard Deviation Score (SDS) in Main Study Phase,Standard Deviation Score,MEAN,95% Confidence Interval,Genotropin,SDS at 12 months,,0.87,,0.78,0.96
NCT02968004,Change in Height Standard Deviation Score (SDS) in OLE Phase,Standard Deviation Score,MEAN,Standard Deviation,MOD-4023,Baseline (from Main Study Phase),,-2.95,1.30,,
NCT02968004,Change in Height Standard Deviation Score (SDS) in OLE Phase,Standard Deviation Score,MEAN,Standard Deviation,Genotropin,Baseline (from Main Study Phase),,-2.79,1.31,,
NCT02968004,Change in Height Standard Deviation Score (SDS) in OLE Phase,Standard Deviation Score,MEAN,Standard Deviation,MOD-4023,OLE Month 0,,0.95,0.55,,
NCT02968004,Change in Height Standard Deviation Score (SDS) in OLE Phase,Standard Deviation Score,MEAN,Standard Deviation,Genotropin,OLE Month 0,,0.85,0.52,,
NCT02968004,Change in Height Standard Deviation Score (SDS) in OLE Phase,Standard Deviation Score,MEAN,Standard Deviation,MOD-4023,OLE Month 12,,1.38,0.78,,
NCT02968004,Change in Height Standard Deviation Score (SDS) in OLE Phase,Standard Deviation Score,MEAN,Standard Deviation,Genotropin,OLE Month 12,,1.34,0.71,,
NCT02968004,Change in Height Standard Deviation Score (SDS) in OLE Phase,Standard Deviation Score,MEAN,Standard Deviation,MOD-4023,OLE Month 24,,1.57,0.77,,
NCT02968004,Change in Height Standard Deviation Score (SDS) in OLE Phase,Standard Deviation Score,MEAN,Standard Deviation,Genotropin,OLE Month 24,,1.66,0.78,,
NCT02968004,Change in Height Standard Deviation Score (SDS) in OLE Phase,Standard Deviation Score,MEAN,Standard Deviation,MOD-4023,OLE Month 36,,1.81,0.85,,
NCT02968004,Change in Height Standard Deviation Score (SDS) in OLE Phase,Standard Deviation Score,MEAN,Standard Deviation,Genotropin,OLE Month 36,,1.93,0.85,,
NCT02968004,Change in Height Standard Deviation Score (SDS) in OLE Phase,Standard Deviation Score,MEAN,Standard Deviation,MOD-4023,OLE Month 48,,1.96,0.67,,
NCT02968004,Change in Height Standard Deviation Score (SDS) in OLE Phase,Standard Deviation Score,MEAN,Standard Deviation,Genotropin,OLE Month 48,,2.04,0.81,,
NCT02968004,Change in Height Standard Deviation Score (SDS) in OLE Phase,Standard Deviation Score,MEAN,Standard Deviation,Genotropin,OLE Month 60,,2.14,0.38,,
NCT02980276,Neonatal Height,cm,MEAN,Standard Deviation,Treatment,,,51,3.2,,
NCT02980276,Neonatal Height,cm,MEAN,Standard Deviation,Control,,,51.7,3.2,,
NCT02980666,Change From Baseline in Height for Age Z-score at Week 28,Z-score,MEAN,Standard Deviation,Total Children (Aged: 1 to 15 Years),,,0.024,0.4841,,
NCT02980666,Change From Baseline in Height for Age Z-score at Week 28,Z-score,MEAN,Standard Deviation,Infants (Corrected Gestational Age: 4 to < 12 Months),,,1.056,0.6968,,
NCT02993926,Percentage of Participants With Decease of Ratio of Bone Age to Chronological Age at the End of Enantone Treatment Phase,percentage of participants,NUMBER,95% Confidence Interval,Treatment Phase: Enantone (Male),,,75.0,,19.41,99.37
NCT02993926,Percentage of Participants With Decease of Ratio of Bone Age to Chronological Age at the End of Enantone Treatment Phase,percentage of participants,NUMBER,95% Confidence Interval,Treatment Phase: Enantone (Female),,,90.2,,82.24,95.43
NCT02993926,Percentage of Participants With Decease of Ratio of Bone Age to Chronological Age at the End of Follow-up Phase,percentage of participants,NUMBER,95% Confidence Interval,Follow Up: Participants No Longer Treated for CPP (Female),,,100,,15.81,100
NCT02993926,Percentage of Participants With Decease of Ratio of Bone Age to Chronological Age at the End of Follow-up Phase,percentage of participants,NUMBER,95% Confidence Interval,FollowUp:Treated With Non-Enantone GnRHa After Enantone-Female,,,100,,29.24,100
NCT03019575,Growth Velocity at Week 36,cm/year,LEAST_SQUARES_MEAN,Standard Error,Corifollitropin Alfa (CFA)+Human Chorionic Gonadotropin (hCG),,,8.3,1.1,1.1,
NCT03019575,Growth Velocity at Week 64,cm/year,LEAST_SQUARES_MEAN,Standard Error,Corifollitropin Alfa (CFA)+Human Chorionic Gonadotropin (hCG),,,7.6,1.0,1.0,
NCT03020719,Change in Height-for-age Z-score,Z-score,MEAN,Standard Deviation,Oral Glutathione,,,-0.04,0.21,,
NCT03020719,Change in Height-for-age Z-score,Z-score,MEAN,Standard Deviation,Placebo,,,0.03,0.16,,
NCT03022981,Treatment Phase: Change From Baseline in Growth and Development as Measured by Height Percentiles,percentile,MEDIAN,Inter-Quartile Range,12 to < 18 Years Old,Baseline,,44.5,,16.2,74.1
NCT03022981,Treatment Phase: Change From Baseline in Growth and Development as Measured by Height Percentiles,percentile,MEDIAN,Inter-Quartile Range,6 to < 12 Years Old,Baseline,,41.9,,20.5,65.2
NCT03022981,Treatment Phase: Change From Baseline in Growth and Development as Measured by Height Percentiles,percentile,MEDIAN,Inter-Quartile Range,3 to < 6 Years Old,Baseline,,39.3,,13.9,70.1
NCT03022981,Treatment Phase: Change From Baseline in Growth and Development as Measured by Height Percentiles,percentile,MEDIAN,Inter-Quartile Range,12 to < 18 Years Old,Change From Baseline at Week 1,,0.0,,-0.4,0.9
NCT03022981,Treatment Phase: Change From Baseline in Growth and Development as Measured by Height Percentiles,percentile,MEDIAN,Inter-Quartile Range,6 to < 12 Years Old,Change From Baseline at Week 1,,0.1,,-0.7,2.4
NCT03022981,Treatment Phase: Change From Baseline in Growth and Development as Measured by Height Percentiles,percentile,MEDIAN,Inter-Quartile Range,3 to < 6 Years Old,Change From Baseline at Week 1,,0.5,,-1.1,3.4
NCT03022981,Treatment Phase: Change From Baseline in Growth and Development as Measured by Height Percentiles,percentile,MEDIAN,Inter-Quartile Range,12 to < 18 Years Old,Change From Baseline at Week 4,,0.0,,-0.7,1.7
NCT03022981,Treatment Phase: Change From Baseline in Growth and Development as Measured by Height Percentiles,percentile,MEDIAN,Inter-Quartile Range,6 to < 12 Years Old,Change From Baseline at Week 4,,0.2,,-1.9,1.9
NCT03022981,Treatment Phase: Change From Baseline in Growth and Development as Measured by Height Percentiles,percentile,MEDIAN,Inter-Quartile Range,3 to < 6 Years Old,Change From Baseline at Week 4,,1.4,,-0.3,3.7
NCT03022981,Treatment Phase: Change From Baseline in Growth and Development as Measured by Height Percentiles,percentile,MEDIAN,Inter-Quartile Range,12 to < 18 Years Old,Change From Baseline at Week 8,,0.0,,-1.2,1.5
NCT03022981,Treatment Phase: Change From Baseline in Growth and Development as Measured by Height Percentiles,percentile,MEDIAN,Inter-Quartile Range,6 to < 12 Years Old,Change From Baseline at Week 8,,-0.1,,-2.2,2.2
NCT03022981,Treatment Phase: Change From Baseline in Growth and Development as Measured by Height Percentiles,percentile,MEDIAN,Inter-Quartile Range,3 to < 6 Years Old,Change From Baseline at Week 8,,0.3,,-2.1,3.6
NCT03022981,Treatment Phase: Change From Baseline in Growth and Development as Measured by Height Percentiles,percentile,MEDIAN,Inter-Quartile Range,12 to < 18 Years Old,Change From Baseline at Week 12,,-0.1,,-1.4,1.0
NCT03022981,Treatment Phase: Change From Baseline in Growth and Development as Measured by Height Percentiles,percentile,MEDIAN,Inter-Quartile Range,6 to < 12 Years Old,Change From Baseline at Week 12,,0.2,,-2.6,2.8
NCT03022981,Treatment Phase: Change From Baseline in Growth and Development as Measured by Height Percentiles,percentile,MEDIAN,Inter-Quartile Range,3 to < 6 Years Old,Change From Baseline at Week 12,,0.2,,-2.0,5.1
NCT03022981,Treatment Phase: Change From Baseline in Growth and Development as Measured by Height Percentiles,percentile,MEDIAN,Inter-Quartile Range,12 to < 18 Years Old,Change From Baseline at FU-4,,0.0,,-2.0,1.3
NCT03022981,Treatment Phase: Change From Baseline in Growth and Development as Measured by Height Percentiles,percentile,MEDIAN,Inter-Quartile Range,6 to < 12 Years Old,Change From Baseline at FU-4,,0.2,,-2.3,2.5
NCT03022981,Treatment Phase: Change From Baseline in Growth and Development as Measured by Height Percentiles,percentile,MEDIAN,Inter-Quartile Range,3 to < 6 Years Old,Change From Baseline at FU-4,,1.2,,-0.7,5.6
NCT03022981,Treatment Phase: Change From Baseline in Growth and Development as Measured by Height Percentiles,percentile,MEDIAN,Inter-Quartile Range,12 to < 18 Years Old,Change From Baseline at FU-12,,-0.2,,-2.4,1.4
NCT03022981,Treatment Phase: Change From Baseline in Growth and Development as Measured by Height Percentiles,percentile,MEDIAN,Inter-Quartile Range,6 to < 12 Years Old,Change From Baseline at FU-12,,0.1,,-1.7,2.6
NCT03022981,Treatment Phase: Change From Baseline in Growth and Development as Measured by Height Percentiles,percentile,MEDIAN,Inter-Quartile Range,3 to < 6 Years Old,Change From Baseline at FU-12,,0.6,,-3.1,4.6
NCT03022981,Treatment Phase: Change From Baseline in Growth and Development as Measured by Height Percentiles,percentile,MEDIAN,Inter-Quartile Range,12 to < 18 Years Old,Change From Baseline at FU-24,,-0.6,,-2.6,1.9
NCT03022981,Treatment Phase: Change From Baseline in Growth and Development as Measured by Height Percentiles,percentile,MEDIAN,Inter-Quartile Range,6 to < 12 Years Old,Change From Baseline at FU-24,,-0.2,,-3.1,3.5
NCT03022981,Treatment Phase: Change From Baseline in Growth and Development as Measured by Height Percentiles,percentile,MEDIAN,Inter-Quartile Range,3 to < 6 Years Old,Change From Baseline at FU-24,,0.3,,-2.1,6.0
NCT03022981,Treatment Phase: Growth and Development as Measured by Parental Height,cm,MEDIAN,Inter-Quartile Range,12 to < 18 Years Old,,,170.5,,162.0,176.7
NCT03022981,Treatment Phase: Growth and Development as Measured by Parental Height,cm,MEDIAN,Inter-Quartile Range,6 to < 12 Years Old,,,170.0,,163.7,178.6
NCT03022981,Treatment Phase: Growth and Development as Measured by Parental Height,cm,MEDIAN,Inter-Quartile Range,3 to < 6 Years Old,,,168.7,,163.0,174.1
NCT03022981,Treatment Phase: Change From Baseline in Growth and Development as Measured by Bone Age,years,MEDIAN,Inter-Quartile Range,12 to < 18 Years Old,Baseline,,15.5,,13.5,17.0
NCT03022981,Treatment Phase: Change From Baseline in Growth and Development as Measured by Bone Age,years,MEDIAN,Inter-Quartile Range,6 to < 12 Years Old,Baseline,,7.8,,6.8,9.0
NCT03022981,Treatment Phase: Change From Baseline in Growth and Development as Measured by Bone Age,years,MEDIAN,Inter-Quartile Range,3 to < 6 Years Old,Baseline,,4.8,,4.2,5.5
NCT03022981,Treatment Phase: Change From Baseline in Growth and Development as Measured by Bone Age,years,MEDIAN,Inter-Quartile Range,12 to < 18 Years Old,Change From Baseline at FU-24,,0.6,,0.0,1.0
NCT03022981,Treatment Phase: Change From Baseline in Growth and Development as Measured by Bone Age,years,MEDIAN,Inter-Quartile Range,6 to < 12 Years Old,Change From Baseline at FU-24,,1.0,,0.0,1.2
NCT03022981,Treatment Phase: Change From Baseline in Growth and Development as Measured by Bone Age,years,MEDIAN,Inter-Quartile Range,3 to < 6 Years Old,Change From Baseline at FU-24,,0.5,,0.0,1.1
NCT03032172,Anthropometric Examination: Change From Baseline in Height,centimeters (cm),MEAN,Standard Deviation,RO6885247,Baseline,,171.36,8.36,,
NCT03032172,Anthropometric Examination: Change From Baseline in Height,centimeters (cm),MEAN,Standard Deviation,Nusinersen,Baseline,,141.21,26.17,,
NCT03032172,Anthropometric Examination: Change From Baseline in Height,centimeters (cm),MEAN,Standard Deviation,Olesoxime,Baseline,,161.71,13.86,,
NCT03032172,Anthropometric Examination: Change From Baseline in Height,centimeters (cm),MEAN,Standard Deviation,AVXS-101,Baseline,,92.37,11.23,,
NCT03032172,Anthropometric Examination: Change From Baseline in Height,centimeters (cm),MEAN,Standard Deviation,Nusinersen,Week 2,,0.00,0.00,,
NCT03032172,Anthropometric Examination: Change From Baseline in Height,centimeters (cm),MEAN,Standard Deviation,AVXS-101,Week 2,,0.00,0.00,,
NCT03032172,Anthropometric Examination: Change From Baseline in Height,centimeters (cm),MEAN,Standard Deviation,Nusinersen,Week 4,,1.00,1.41,,
NCT03032172,Anthropometric Examination: Change From Baseline in Height,centimeters (cm),MEAN,Standard Deviation,AVXS-101,Week 4,,0.33,0.58,,
NCT03032172,Anthropometric Examination: Change From Baseline in Height,centimeters (cm),MEAN,Standard Deviation,RO6885247,Week 13,,-0.20,1.71,,
NCT03032172,Anthropometric Examination: Change From Baseline in Height,centimeters (cm),MEAN,Standard Deviation,Nusinersen,Week 13,,1.08,4.10,,
NCT03032172,Anthropometric Examination: Change From Baseline in Height,centimeters (cm),MEAN,Standard Deviation,Olesoxime,Week 13,,1.23,5.09,,
NCT03032172,Anthropometric Examination: Change From Baseline in Height,centimeters (cm),MEAN,Standard Deviation,AVXS-101,Week 13,,2.78,2.14,,
NCT03032172,Anthropometric Examination: Change From Baseline in Height,centimeters (cm),MEAN,Standard Deviation,RO6885247,Week 17,,-0.84,3.56,,
NCT03032172,Anthropometric Examination: Change From Baseline in Height,centimeters (cm),MEAN,Standard Deviation,Nusinersen,Week 17,,-10.99,28.36,,
NCT03032172,Anthropometric Examination: Change From Baseline in Height,centimeters (cm),MEAN,Standard Deviation,Nusinersen,Week 26,,6.50,6.36,,
NCT03032172,Anthropometric Examination: Change From Baseline in Height,centimeters (cm),MEAN,Standard Deviation,AVXS-101,Week 26,,0.00,1.41,,
NCT03032172,Anthropometric Examination: Change From Baseline in Height,centimeters (cm),MEAN,Standard Deviation,RO6885247,Week 35,,-0.40,3.75,,
NCT03032172,Anthropometric Examination: Change From Baseline in Height,centimeters (cm),MEAN,Standard Deviation,Nusinersen,Week 35,,2.92,3.38,,
NCT03032172,Anthropometric Examination: Change From Baseline in Height,centimeters (cm),MEAN,Standard Deviation,Olesoxime,Week 35,,0.05,1.25,,
NCT03032172,Anthropometric Examination: Change From Baseline in Height,centimeters (cm),MEAN,Standard Deviation,Nusinersen,Week 39,,4.81,4.13,,
NCT03032172,Anthropometric Examination: Change From Baseline in Height,centimeters (cm),MEAN,Standard Deviation,Olesoxime,Week 39,,6.18,9.33,,
NCT03032172,Anthropometric Examination: Change From Baseline in Height,centimeters (cm),MEAN,Standard Deviation,AVXS-101,Week 39,,2.41,3.25,,
NCT03032172,Anthropometric Examination: Change From Baseline in Height,centimeters (cm),MEAN,Standard Deviation,Nusinersen,Week 43,,11.41,7.59,,
NCT03032172,Anthropometric Examination: Change From Baseline in Height,centimeters (cm),MEAN,Standard Deviation,Olesoxime,Week 43,,3.55,5.01,,
NCT03032172,Anthropometric Examination: Change From Baseline in Height,centimeters (cm),MEAN,Standard Deviation,AVXS-101,Week 43,,7.00,NA,,
NCT03032172,Anthropometric Examination: Change From Baseline in Height,centimeters (cm),MEAN,Standard Deviation,RO6885247,Week 52,,-0.38,2.98,,
NCT03032172,Anthropometric Examination: Change From Baseline in Height,centimeters (cm),MEAN,Standard Deviation,Nusinersen,Week 52,,6.14,5.31,,
NCT03032172,Anthropometric Examination: Change From Baseline in Height,centimeters (cm),MEAN,Standard Deviation,Olesoxime,Week 52,,2.36,5.66,,
NCT03032172,Anthropometric Examination: Change From Baseline in Height,centimeters (cm),MEAN,Standard Deviation,AVXS-101,Week 52,,6.83,3.01,,
NCT03032172,Anthropometric Examination: Change From Baseline in Height,centimeters (cm),MEAN,Standard Deviation,RO6885247,Week 61,,0.00,NA,,
NCT03032172,Anthropometric Examination: Change From Baseline in Height,centimeters (cm),MEAN,Standard Deviation,Nusinersen,Week 61,,11.41,9.06,,
NCT03032172,Anthropometric Examination: Change From Baseline in Height,centimeters (cm),MEAN,Standard Deviation,Olesoxime,Week 61,,4.61,6.33,,
NCT03032172,Anthropometric Examination: Change From Baseline in Height,centimeters (cm),MEAN,Standard Deviation,Nusinersen,Week 65,,9.80,6.91,,
NCT03032172,Anthropometric Examination: Change From Baseline in Height,centimeters (cm),MEAN,Standard Deviation,Olesoxime,Week 65,,0.88,0.76,,
NCT03032172,Anthropometric Examination: Change From Baseline in Height,centimeters (cm),MEAN,Standard Deviation,AVXS-101,Week 65,,8.00,1.73,,
NCT03032172,Anthropometric Examination: Change From Baseline in Height,centimeters (cm),MEAN,Standard Deviation,RO6885247,Week 78,,-0.71,2.16,,
NCT03032172,Anthropometric Examination: Change From Baseline in Height,centimeters (cm),MEAN,Standard Deviation,Nusinersen,Week 78,,9.92,6.32,,
NCT03032172,Anthropometric Examination: Change From Baseline in Height,centimeters (cm),MEAN,Standard Deviation,Olesoxime,Week 78,,3.90,6.80,,
NCT03032172,Anthropometric Examination: Change From Baseline in Height,centimeters (cm),MEAN,Standard Deviation,AVXS-101,Week 78,,9.09,4.04,,
NCT03032172,Anthropometric Examination: Change From Baseline in Height,centimeters (cm),MEAN,Standard Deviation,Olesoxime,Week 87,,4.77,3.05,,
NCT03032172,Anthropometric Examination: Change From Baseline in Height,centimeters (cm),MEAN,Standard Deviation,AVXS-101,Week 87,,5.78,NA,,
NCT03032172,Anthropometric Examination: Change From Baseline in Height,centimeters (cm),MEAN,Standard Deviation,Nusinersen,Week 91,,17.00,7.07,,
NCT03032172,Anthropometric Examination: Change From Baseline in Height,centimeters (cm),MEAN,Standard Deviation,AVXS-101,Week 91,,10.00,4.24,,
NCT03032172,Anthropometric Examination: Change From Baseline in Height,centimeters (cm),MEAN,Standard Deviation,Olesoxime,Week 96,,6.96,14.28,,
NCT03032172,Anthropometric Examination: Change From Baseline in Height,centimeters (cm),MEAN,Standard Deviation,RO6885247,Week 104,,-0.87,1.92,,
NCT03032172,Anthropometric Examination: Change From Baseline in Height,centimeters (cm),MEAN,Standard Deviation,Nusinersen,Week 104,,11.33,7.14,,
NCT03032172,Anthropometric Examination: Change From Baseline in Height,centimeters (cm),MEAN,Standard Deviation,Olesoxime,Week 104,,5.14,7.33,,
NCT03032172,Anthropometric Examination: Change From Baseline in Height,centimeters (cm),MEAN,Standard Deviation,AVXS-101,Week 104,,14.54,3.95,,
NCT03032172,Anthropometric Examination: Change From Baseline in Height,centimeters (cm),MEAN,Standard Deviation,Nusinersen,Week 117,,9.20,6.11,,
NCT03032172,Anthropometric Examination: Change From Baseline in Height,centimeters (cm),MEAN,Standard Deviation,Olesoxime,Week 117,,4.86,3.15,,
NCT03032172,Anthropometric Examination: Change From Baseline in Height,centimeters (cm),MEAN,Standard Deviation,RO6885247,Week 130,,-1.60,2.13,,
NCT03032172,Anthropometric Examination: Change From Baseline in Height,centimeters (cm),MEAN,Standard Deviation,Nusinersen,Week 130,,12.15,8.73,,
NCT03032172,Anthropometric Examination: Change From Baseline in Height,centimeters (cm),MEAN,Standard Deviation,Olesoxime,Week 130,,4.70,7.80,,
NCT03032172,Anthropometric Examination: Change From Baseline in Height,centimeters (cm),MEAN,Standard Deviation,AVXS-101,Week 130,,16.11,5.48,,
NCT03032172,Anthropometric Examination: Change From Baseline in Height,centimeters (cm),MEAN,Standard Deviation,RO6885247,Week 143,,0.00,NA,,
NCT03032172,Anthropometric Examination: Change From Baseline in Height,centimeters (cm),MEAN,Standard Deviation,Nusinersen,Week 143,,5.91,6.39,,
NCT03032172,Anthropometric Examination: Change From Baseline in Height,centimeters (cm),MEAN,Standard Deviation,Olesoxime,Week 143,,5.00,NA,,
NCT03032172,Anthropometric Examination: Change From Baseline in Height,centimeters (cm),MEAN,Standard Deviation,RO6885247,Week 156,,-0.20,0.45,,
NCT03032172,Anthropometric Examination: Change From Baseline in Height,centimeters (cm),MEAN,Standard Deviation,Nusinersen,Week 156,,12.90,10.31,,
NCT03032172,Anthropometric Examination: Change From Baseline in Height,centimeters (cm),MEAN,Standard Deviation,Olesoxime,Week 156,,4.43,6.80,,
NCT03032172,Anthropometric Examination: Change From Baseline in Height,centimeters (cm),MEAN,Standard Deviation,AVXS-101,Week 156,,22.02,4.97,,
NCT03032172,Anthropometric Examination: Change From Baseline in Height,centimeters (cm),MEAN,Standard Deviation,Nusinersen,Week 169,,13.46,12.09,,
NCT03032172,Anthropometric Examination: Change From Baseline in Height,centimeters (cm),MEAN,Standard Deviation,Olesoxime,Week 169,,0.00,NA,,
NCT03032172,Anthropometric Examination: Change From Baseline in Height,centimeters (cm),MEAN,Standard Deviation,RO6885247,Week 182,,-2.25,5.54,,
NCT03032172,Anthropometric Examination: Change From Baseline in Height,centimeters (cm),MEAN,Standard Deviation,Nusinersen,Week 182,,15.36,11.34,,
NCT03032172,Anthropometric Examination: Change From Baseline in Height,centimeters (cm),MEAN,Standard Deviation,Olesoxime,Week 182,,4.67,6.31,,
NCT03032172,Anthropometric Examination: Change From Baseline in Height,centimeters (cm),MEAN,Standard Deviation,AVXS-101,Week 182,,21.54,2.76,,
NCT03032172,Anthropometric Examination: Change From Baseline in Height,centimeters (cm),MEAN,Standard Deviation,AVXS-101,Week 195,,31.74,NA,,
NCT03032172,Anthropometric Examination: Change From Baseline in Height,centimeters (cm),MEAN,Standard Deviation,RO6885247,Week 208,,-2.28,5.52,,
NCT03032172,Anthropometric Examination: Change From Baseline in Height,centimeters (cm),MEAN,Standard Deviation,Nusinersen,Week 208,,16.13,11.69,,
NCT03032172,Anthropometric Examination: Change From Baseline in Height,centimeters (cm),MEAN,Standard Deviation,Olesoxime,Week 208,,4.91,8.60,,
NCT03032172,Anthropometric Examination: Change From Baseline in Height,centimeters (cm),MEAN,Standard Deviation,AVXS-101,Week 208,,26.17,6.55,,
NCT03032172,Anthropometric Examination: Change From Baseline in Height,centimeters (cm),MEAN,Standard Deviation,RO6885247,Week 221,,0.00,NA,,
NCT03032172,Anthropometric Examination: Change From Baseline in Height,centimeters (cm),MEAN,Standard Deviation,Olesoxime,Week 221,,9.77,NA,,
NCT03032172,Anthropometric Examination: Change From Baseline in Height,centimeters (cm),MEAN,Standard Deviation,RO6885247,Week 234,,-1.04,5.25,,
NCT03032172,Anthropometric Examination: Change From Baseline in Height,centimeters (cm),MEAN,Standard Deviation,Nusinersen,Week 234,,17.18,13.14,,
NCT03032172,Anthropometric Examination: Change From Baseline in Height,centimeters (cm),MEAN,Standard Deviation,Olesoxime,Week 234,,4.95,7.88,,
NCT03032172,Anthropometric Examination: Change From Baseline in Height,centimeters (cm),MEAN,Standard Deviation,AVXS-101,Week 234,,28.21,5.49,,
NCT03032172,Anthropometric Examination: Change From Baseline in Height,centimeters (cm),MEAN,Standard Deviation,Nusinersen,Week 247,,10.18,14.39,,
NCT03032172,Anthropometric Examination: Change From Baseline in Height,centimeters (cm),MEAN,Standard Deviation,Nusinersen,Week 260,,29.00,5.66,,
NCT03034772,Change in Mean Maximum Subretinal Fluid (SRF) Height,microns,MEAN,Standard Deviation,Dorzolamide-timolol,,,-49.4,55,,
NCT03034772,Change in Mean Maximum Subretinal Fluid (SRF) Height,microns,MEAN,Standard Deviation,Artificial Tears,,,-22.2,56,,
NCT03034772,Change in Mean Maximum Pigment Epithelial Detachment (PED) Height,microns,MEAN,Standard Deviation,Dorzolamide-timolol,,,-39.1,65,,
NCT03034772,Change in Mean Maximum Pigment Epithelial Detachment (PED) Height,microns,MEAN,Standard Deviation,Artificial Tears,,,1.1,16,,
NCT03044886,Alveolar Crest Height (ACH),mm,MEAN,Standard Deviation,2000IU/Day,,,7.7,2.3,,
NCT03044886,Alveolar Crest Height (ACH),mm,MEAN,Standard Deviation,1000IU/Day,,,7.7,2.2,,
NCT03044886,Alveolar Crest Height (ACH),mm,MEAN,Standard Deviation,Placebo,,,7.8,2.4,,
NCT03044886,Alveolar Crest Height (ACH),mm,MEAN,Standard Deviation,2000IU/Day,,,7.7,2.1,,
NCT03044886,Alveolar Crest Height (ACH),mm,MEAN,Standard Deviation,1000IU/Day,,,7.6,2.3,,
NCT03044886,Alveolar Crest Height (ACH),mm,MEAN,Standard Deviation,Placebo,,,7.7,2.1,,
NCT03044886,Alveolar Crest Height (ACH),mm,MEAN,Standard Deviation,2000IU/Day,,,7.7,2.3,,
NCT03044886,Alveolar Crest Height (ACH),mm,MEAN,Standard Deviation,1000IU/Day,,,7.7,2.2,,
NCT03044886,Alveolar Crest Height (ACH),mm,MEAN,Standard Deviation,Placebo,,,7.7,2.0,,
NCT03096873,Height in Meters,meters,MEAN,Standard Deviation,No Exercise (CON),,,1.58,0.15,,
NCT03096873,Height in Meters,meters,MEAN,Standard Deviation,Exercise (EX),,,1.60,0.11,,
NCT03096873,BMI in Weight (Kilograms)/Height (Meters)^2,kilograms per meter squared (kg/m^2),MEAN,Standard Deviation,No Exercise (CON),,,30,1.4,,
NCT03096873,BMI in Weight (Kilograms)/Height (Meters)^2,kilograms per meter squared (kg/m^2),MEAN,Standard Deviation,Exercise (EX),,,27,2.1,,
NCT03110003,Peak Block Height,Thoracic dermatome,MEDIAN,Inter-Quartile Range,10 mg Bupivacaine,,,5,,4,7.5
NCT03110003,Peak Block Height,Thoracic dermatome,MEDIAN,Inter-Quartile Range,5 mg Bupivacaine,,,5,,3.25,7.75
NCT03118570,"Number of Participants With Clinically Significant Changes From Baseline in Body Height, Weight and Body Mass Index (BMI) at 6 and 12 Months: Full Analysis Set",Participants,COUNT_OF_PARTICIPANTS,,Setrusumab 20 mg/kg (Blinded),Month 6: Body Height,,0,,,
NCT03118570,"Number of Participants With Clinically Significant Changes From Baseline in Body Height, Weight and Body Mass Index (BMI) at 6 and 12 Months: Full Analysis Set",Participants,COUNT_OF_PARTICIPANTS,,Setrusumab 8 mg/kg (Blinded),Month 6: Body Height,,0,,,
NCT03118570,"Number of Participants With Clinically Significant Changes From Baseline in Body Height, Weight and Body Mass Index (BMI) at 6 and 12 Months: Full Analysis Set",Participants,COUNT_OF_PARTICIPANTS,,Setrusumab 2 mg/kg (Blinded),Month 6: Body Height,,0,,,
NCT03118570,"Number of Participants With Clinically Significant Changes From Baseline in Body Height, Weight and Body Mass Index (BMI) at 6 and 12 Months: Full Analysis Set",Participants,COUNT_OF_PARTICIPANTS,,Setrusumab 20 mg/kg (Blinded),Month 6: Weight,,0,,,
NCT03118570,"Number of Participants With Clinically Significant Changes From Baseline in Body Height, Weight and Body Mass Index (BMI) at 6 and 12 Months: Full Analysis Set",Participants,COUNT_OF_PARTICIPANTS,,Setrusumab 8 mg/kg (Blinded),Month 6: Weight,,0,,,
NCT03118570,"Number of Participants With Clinically Significant Changes From Baseline in Body Height, Weight and Body Mass Index (BMI) at 6 and 12 Months: Full Analysis Set",Participants,COUNT_OF_PARTICIPANTS,,Setrusumab 2 mg/kg (Blinded),Month 6: Weight,,0,,,
NCT03118570,"Number of Participants With Clinically Significant Changes From Baseline in Body Height, Weight and Body Mass Index (BMI) at 6 and 12 Months: Full Analysis Set",Participants,COUNT_OF_PARTICIPANTS,,Setrusumab 20 mg/kg (Blinded),Month 6: BMI,,0,,,
NCT03118570,"Number of Participants With Clinically Significant Changes From Baseline in Body Height, Weight and Body Mass Index (BMI) at 6 and 12 Months: Full Analysis Set",Participants,COUNT_OF_PARTICIPANTS,,Setrusumab 8 mg/kg (Blinded),Month 6: BMI,,0,,,
NCT03118570,"Number of Participants With Clinically Significant Changes From Baseline in Body Height, Weight and Body Mass Index (BMI) at 6 and 12 Months: Full Analysis Set",Participants,COUNT_OF_PARTICIPANTS,,Setrusumab 2 mg/kg (Blinded),Month 6: BMI,,0,,,
NCT03118570,"Number of Participants With Clinically Significant Changes From Baseline in Body Height, Weight and Body Mass Index (BMI) at 6 and 12 Months: Full Analysis Set",Participants,COUNT_OF_PARTICIPANTS,,Setrusumab 20 mg/kg (Blinded),Month 12: Body Height,,0,,,
NCT03118570,"Number of Participants With Clinically Significant Changes From Baseline in Body Height, Weight and Body Mass Index (BMI) at 6 and 12 Months: Full Analysis Set",Participants,COUNT_OF_PARTICIPANTS,,Setrusumab 8 mg/kg (Blinded),Month 12: Body Height,,0,,,
NCT03118570,"Number of Participants With Clinically Significant Changes From Baseline in Body Height, Weight and Body Mass Index (BMI) at 6 and 12 Months: Full Analysis Set",Participants,COUNT_OF_PARTICIPANTS,,Setrusumab 2 mg/kg (Blinded),Month 12: Body Height,,0,,,
NCT03118570,"Number of Participants With Clinically Significant Changes From Baseline in Body Height, Weight and Body Mass Index (BMI) at 6 and 12 Months: Full Analysis Set",Participants,COUNT_OF_PARTICIPANTS,,Setrusumab 20 mg/kg (Blinded),Month 12: Weight,,0,,,
NCT03118570,"Number of Participants With Clinically Significant Changes From Baseline in Body Height, Weight and Body Mass Index (BMI) at 6 and 12 Months: Full Analysis Set",Participants,COUNT_OF_PARTICIPANTS,,Setrusumab 8 mg/kg (Blinded),Month 12: Weight,,0,,,
NCT03118570,"Number of Participants With Clinically Significant Changes From Baseline in Body Height, Weight and Body Mass Index (BMI) at 6 and 12 Months: Full Analysis Set",Participants,COUNT_OF_PARTICIPANTS,,Setrusumab 2 mg/kg (Blinded),Month 12: Weight,,0,,,
NCT03118570,"Number of Participants With Clinically Significant Changes From Baseline in Body Height, Weight and Body Mass Index (BMI) at 6 and 12 Months: Full Analysis Set",Participants,COUNT_OF_PARTICIPANTS,,Setrusumab 20 mg/kg (Blinded),Month 12: BMI,,0,,,
NCT03118570,"Number of Participants With Clinically Significant Changes From Baseline in Body Height, Weight and Body Mass Index (BMI) at 6 and 12 Months: Full Analysis Set",Participants,COUNT_OF_PARTICIPANTS,,Setrusumab 8 mg/kg (Blinded),Month 12: BMI,,0,,,
NCT03118570,"Number of Participants With Clinically Significant Changes From Baseline in Body Height, Weight and Body Mass Index (BMI) at 6 and 12 Months: Full Analysis Set",Participants,COUNT_OF_PARTICIPANTS,,Setrusumab 2 mg/kg (Blinded),Month 12: BMI,,0,,,
NCT03123549,Change in Average Disc Height (Superior Index Level),mm,MEAN,Standard Deviation,Simplify Disc,,,1.19,0.81,,
NCT03123549,Change in Average Disc Height (Inferior Index Level),mm,MEAN,Standard Deviation,Simplify Disc,,,0.84,0.96,,
NCT03125395,Absolute Change From Baseline in Stature (Height),centimeter,MEAN,Standard Deviation,LUM/IVA,,,16.1,2.3,,
NCT03125395,Absolute Change in Stature-for-age Z-score,z-score,MEAN,Standard Deviation,LUM/IVA,,,0.07,0.39,,
NCT03136913,Mean Difference in Alveolar Bone Height Change,mm,MEAN,Standard Deviation,OFT vs CFT,OFT,,7.5,1.8,,
NCT03136913,Mean Difference in Alveolar Bone Height Change,mm,MEAN,Standard Deviation,OFT vs CFT,CFT,,8.1,1.9,,
NCT03141931,Tear Meniscus Height,mm,MEAN,Standard Deviation,Lacritec,,,0.26,0.10,,
NCT03141931,Tear Meniscus Height,mm,MEAN,Standard Deviation,Placebo,,,0.27,0.19,,
NCT03164928,"Change From Baseline in Growth Velocity Z-score (Height) at 12, 24, and 36 Months",Z-score,MEAN,Standard Deviation,Denosumab/Denosumab,Month 12,,-0.18,0.46,,
NCT03164928,"Change From Baseline in Growth Velocity Z-score (Height) at 12, 24, and 36 Months",Z-score,MEAN,Standard Deviation,Placebo/Denosumab,Month 12,,-0.07,0.84,,
NCT03164928,"Change From Baseline in Growth Velocity Z-score (Height) at 12, 24, and 36 Months",Z-score,MEAN,Standard Deviation,Denosumab/Denosumab,Month 24,,-0.11,0.90,,
NCT03164928,"Change From Baseline in Growth Velocity Z-score (Height) at 12, 24, and 36 Months",Z-score,MEAN,Standard Deviation,Placebo/Denosumab,Month 24,,-0.27,1.17,,
NCT03164928,"Change From Baseline in Growth Velocity Z-score (Height) at 12, 24, and 36 Months",Z-score,MEAN,Standard Deviation,Denosumab/Denosumab,Month 36,,-0.33,0.84,,
NCT03164928,"Change From Baseline in Growth Velocity Z-score (Height) at 12, 24, and 36 Months",Z-score,MEAN,Standard Deviation,Placebo/Denosumab,Month 36,,0.01,1.35,,
NCT03164928,"Change From Baseline in Growth Velocity Z-score (Weight) at 12, 24, and 36 Months",Z-score,MEAN,Standard Deviation,Denosumab/Denosumab,Month 12,,-0.12,0.44,,
NCT03164928,"Change From Baseline in Growth Velocity Z-score (Weight) at 12, 24, and 36 Months",Z-score,MEAN,Standard Deviation,Placebo/Denosumab,Month 12,,-0.10,0.49,,
NCT03164928,"Change From Baseline in Growth Velocity Z-score (Weight) at 12, 24, and 36 Months",Z-score,MEAN,Standard Deviation,Denosumab/Denosumab,Month 24,,-0.22,0.73,,
NCT03164928,"Change From Baseline in Growth Velocity Z-score (Weight) at 12, 24, and 36 Months",Z-score,MEAN,Standard Deviation,Placebo/Denosumab,Month 24,,-0.68,0.62,,
NCT03164928,"Change From Baseline in Growth Velocity Z-score (Weight) at 12, 24, and 36 Months",Z-score,MEAN,Standard Deviation,Denosumab/Denosumab,Month 36,,-0.32,0.90,,
NCT03164928,"Change From Baseline in Growth Velocity Z-score (Weight) at 12, 24, and 36 Months",Z-score,MEAN,Standard Deviation,Placebo/Denosumab,Month 36,,-0.44,0.60,,
NCT03164928,"Change From Baseline in Growth Velocity Z-score (BMI) at 12, 24, and 36 Months",Z-score,MEAN,Standard Deviation,Denosumab/Denosumab,Month 12,,-0.03,0.53,,
NCT03164928,"Change From Baseline in Growth Velocity Z-score (BMI) at 12, 24, and 36 Months",Z-score,MEAN,Standard Deviation,Placebo/Denosumab,Month 12,,-0.14,0.54,,
NCT03164928,"Change From Baseline in Growth Velocity Z-score (BMI) at 12, 24, and 36 Months",Z-score,MEAN,Standard Deviation,Denosumab/Denosumab,Month 24,,-0.12,0.80,,
NCT03164928,"Change From Baseline in Growth Velocity Z-score (BMI) at 12, 24, and 36 Months",Z-score,MEAN,Standard Deviation,Placebo/Denosumab,Month 24,,-0.75,1.02,,
NCT03164928,"Change From Baseline in Growth Velocity Z-score (BMI) at 12, 24, and 36 Months",Z-score,MEAN,Standard Deviation,Denosumab/Denosumab,Month 36,,-0.12,0.84,,
NCT03164928,"Change From Baseline in Growth Velocity Z-score (BMI) at 12, 24, and 36 Months",Z-score,MEAN,Standard Deviation,Placebo/Denosumab,Month 36,,-0.72,0.97,,
NCT03170518,Growth Velocity at Weeks 26 and 52,Centimeter per year (cm/year),MEAN,Standard Deviation,Placebo,Week 26,,2.08,3.148,,
NCT03170518,Growth Velocity at Weeks 26 and 52,Centimeter per year (cm/year),MEAN,Standard Deviation,Canagliflozin 100 mg,Week 26,,1.94,2.791,,
NCT03170518,Growth Velocity at Weeks 26 and 52,Centimeter per year (cm/year),MEAN,Standard Deviation,Canagliflozin 300 mg,Week 26,,1.00,4.294,,
NCT03170518,Growth Velocity at Weeks 26 and 52,Centimeter per year (cm/year),MEAN,Standard Deviation,Placebo,Week 52,,1.63,2.624,,
NCT03170518,Growth Velocity at Weeks 26 and 52,Centimeter per year (cm/year),MEAN,Standard Deviation,Canagliflozin 100 mg,Week 52,,1.46,1.824,,
NCT03170518,Growth Velocity at Weeks 26 and 52,Centimeter per year (cm/year),MEAN,Standard Deviation,Canagliflozin 300 mg,Week 52,,1.76,3.004,,
NCT03187834,Height-for-age Z-score,z score,MEAN,Standard Deviation,Amoxicillin,Children who received Antibiotic,,-0.80,1.19,,
NCT03187834,Height-for-age Z-score,z score,MEAN,Standard Deviation,Azithromycin,Children who received Antibiotic,,-0.92,1.13,,
NCT03187834,Height-for-age Z-score,z score,MEAN,Standard Deviation,Cotrimoxazole,Children who received Antibiotic,,-0.69,1.00,,
NCT03187834,Height-for-age Z-score,z score,MEAN,Standard Deviation,Amoxicillin,Children who received Placebo,,-0.73,1.11,,
NCT03187834,Height-for-age Z-score,z score,MEAN,Standard Deviation,Azithromycin,Children who received Placebo,,-1.16,1.34,,
NCT03187834,Height-for-age Z-score,z score,MEAN,Standard Deviation,Cotrimoxazole,Children who received Placebo,,-1.38,0.94,,
NCT03187834,Height-for-age Z-score,z score,MEAN,Standard Deviation,Placebo,Children who received Placebo,,-0.59,1.08,,
NCT03196427,Height Velocity at Week 48 and Every 48 Weeks,cm/year,MEAN,Standard Deviation,UC Participants (< 30 kg): Vedolizumab 100 mg,At Week 48,,0.02,0.006,,
NCT03196427,Height Velocity at Week 48 and Every 48 Weeks,cm/year,MEAN,Standard Deviation,UC Participants (< 30 kg): Vedolizumab 200 mg,At Week 48,,0.02,0.007,,
NCT03196427,Height Velocity at Week 48 and Every 48 Weeks,cm/year,MEAN,Standard Deviation,CD Participants (< 30 kg): Vedolizumab 100 mg,At Week 48,,0.02,0.005,,
NCT03196427,Height Velocity at Week 48 and Every 48 Weeks,cm/year,MEAN,Standard Deviation,CD Participants (< 30 kg): Vedolizumab 200 mg,At Week 48,,0.01,0.003,,
NCT03196427,Height Velocity at Week 48 and Every 48 Weeks,cm/year,MEAN,Standard Deviation,UC Participants (>=30 kg): Vedolizumab 150 mg,At Week 48,,0.01,0.008,,
NCT03196427,Height Velocity at Week 48 and Every 48 Weeks,cm/year,MEAN,Standard Deviation,UC Participants (>=30 kg): Vedolizumab 300 mg,At Week 48,,0.01,0.010,,
NCT03196427,Height Velocity at Week 48 and Every 48 Weeks,cm/year,MEAN,Standard Deviation,CD Participants (>=30 kg): Vedolizumab 150 mg,At Week 48,,0.01,0.007,,
NCT03196427,Height Velocity at Week 48 and Every 48 Weeks,cm/year,MEAN,Standard Deviation,CD Participants (>=30 kg): Vedolizumab 300 mg,At Week 48,,0.01,0.008,,
NCT03196427,Height Velocity at Week 48 and Every 48 Weeks,cm/year,MEAN,Standard Deviation,UC Participants (< 30 kg): Vedolizumab 100 mg,At Week 96,,0.02,0.003,,
NCT03196427,Height Velocity at Week 48 and Every 48 Weeks,cm/year,MEAN,Standard Deviation,UC Participants (< 30 kg): Vedolizumab 200 mg,At Week 96,,0.02,0.006,,
NCT03196427,Height Velocity at Week 48 and Every 48 Weeks,cm/year,MEAN,Standard Deviation,CD Participants (< 30 kg): Vedolizumab 100 mg,At Week 96,,0.02,0.004,,
NCT03196427,Height Velocity at Week 48 and Every 48 Weeks,cm/year,MEAN,Standard Deviation,CD Participants (< 30 kg): Vedolizumab 200 mg,At Week 96,,0.02,0.004,,
NCT03196427,Height Velocity at Week 48 and Every 48 Weeks,cm/year,MEAN,Standard Deviation,UC Participants (>=30 kg): Vedolizumab 150 mg,At Week 96,,0.01,0.007,,
NCT03196427,Height Velocity at Week 48 and Every 48 Weeks,cm/year,MEAN,Standard Deviation,UC Participants (>=30 kg): Vedolizumab 300 mg,At Week 96,,0.01,0.011,,
NCT03196427,Height Velocity at Week 48 and Every 48 Weeks,cm/year,MEAN,Standard Deviation,CD Participants (>=30 kg): Vedolizumab 150 mg,At Week 96,,0.01,0.007,,
NCT03196427,Height Velocity at Week 48 and Every 48 Weeks,cm/year,MEAN,Standard Deviation,CD Participants (>=30 kg): Vedolizumab 300 mg,At Week 96,,0.01,0.007,,
NCT03196427,Height Velocity at Week 48 and Every 48 Weeks,cm/year,MEAN,Standard Deviation,UC Participants (< 30 kg): Vedolizumab 100 mg,At Week 144,,0.02,0.003,,
NCT03196427,Height Velocity at Week 48 and Every 48 Weeks,cm/year,MEAN,Standard Deviation,UC Participants (< 30 kg): Vedolizumab 200 mg,At Week 144,,0.02,0.004,,
NCT03196427,Height Velocity at Week 48 and Every 48 Weeks,cm/year,MEAN,Standard Deviation,CD Participants (< 30 kg): Vedolizumab 100 mg,At Week 144,,0.02,0.002,,
NCT03196427,Height Velocity at Week 48 and Every 48 Weeks,cm/year,MEAN,Standard Deviation,CD Participants (< 30 kg): Vedolizumab 200 mg,At Week 144,,0.02,0.006,,
NCT03196427,Height Velocity at Week 48 and Every 48 Weeks,cm/year,MEAN,Standard Deviation,UC Participants (>=30 kg): Vedolizumab 150 mg,At Week 144,,0.01,0.008,,
NCT03196427,Height Velocity at Week 48 and Every 48 Weeks,cm/year,MEAN,Standard Deviation,UC Participants (>=30 kg): Vedolizumab 300 mg,At Week 144,,0.01,0.011,,
NCT03196427,Height Velocity at Week 48 and Every 48 Weeks,cm/year,MEAN,Standard Deviation,CD Participants (>=30 kg): Vedolizumab 150 mg,At Week 144,,0.00,0.001,,
NCT03196427,Height Velocity at Week 48 and Every 48 Weeks,cm/year,MEAN,Standard Deviation,CD Participants (>=30 kg): Vedolizumab 300 mg,At Week 144,,0.01,0.008,,
NCT03196427,Height Velocity at Week 48 and Every 48 Weeks,cm/year,MEAN,Standard Deviation,UC Participants (< 30 kg): Vedolizumab 100 mg,At Week 192,,0.02,0.003,,
NCT03196427,Height Velocity at Week 48 and Every 48 Weeks,cm/year,MEAN,Standard Deviation,UC Participants (< 30 kg): Vedolizumab 200 mg,At Week 192,,0.01,0.004,,
NCT03196427,Height Velocity at Week 48 and Every 48 Weeks,cm/year,MEAN,Standard Deviation,CD Participants (< 30 kg): Vedolizumab 100 mg,At Week 192,,0.02,0.001,,
NCT03196427,Height Velocity at Week 48 and Every 48 Weeks,cm/year,MEAN,Standard Deviation,CD Participants (< 30 kg): Vedolizumab 200 mg,At Week 192,,0.02,0.005,,
NCT03196427,Height Velocity at Week 48 and Every 48 Weeks,cm/year,MEAN,Standard Deviation,UC Participants (>=30 kg): Vedolizumab 150 mg,At Week 192,,0.01,0.008,,
NCT03196427,Height Velocity at Week 48 and Every 48 Weeks,cm/year,MEAN,Standard Deviation,UC Participants (>=30 kg): Vedolizumab 300 mg,At Week 192,,0.01,0.010,,
NCT03196427,Height Velocity at Week 48 and Every 48 Weeks,cm/year,MEAN,Standard Deviation,CD Participants (>=30 kg): Vedolizumab 150 mg,At Week 192,,0.00,0.001,,
NCT03196427,Height Velocity at Week 48 and Every 48 Weeks,cm/year,MEAN,Standard Deviation,CD Participants (>=30 kg): Vedolizumab 300 mg,At Week 192,,0.01,0.007,,
NCT03196427,Height Velocity at Week 48 and Every 48 Weeks,cm/year,MEAN,Standard Deviation,UC Participants (< 30 kg): Vedolizumab 100 mg,At Week 240,,0.02,0.003,,
NCT03196427,Height Velocity at Week 48 and Every 48 Weeks,cm/year,MEAN,Standard Deviation,UC Participants (< 30 kg): Vedolizumab 200 mg,At Week 240,,0.02,0.006,,
NCT03196427,Height Velocity at Week 48 and Every 48 Weeks,cm/year,MEAN,Standard Deviation,CD Participants (< 30 kg): Vedolizumab 100 mg,At Week 240,,0.02,0.001,,
NCT03196427,Height Velocity at Week 48 and Every 48 Weeks,cm/year,MEAN,Standard Deviation,CD Participants (< 30 kg): Vedolizumab 200 mg,At Week 240,,0.02,NA,,
NCT03196427,Height Velocity at Week 48 and Every 48 Weeks,cm/year,MEAN,Standard Deviation,UC Participants (>=30 kg): Vedolizumab 150 mg,At Week 240,,0.01,0.007,,
NCT03196427,Height Velocity at Week 48 and Every 48 Weeks,cm/year,MEAN,Standard Deviation,UC Participants (>=30 kg): Vedolizumab 300 mg,At Week 240,,0.01,0.010,,
NCT03196427,Height Velocity at Week 48 and Every 48 Weeks,cm/year,MEAN,Standard Deviation,CD Participants (>=30 kg): Vedolizumab 150 mg,At Week 240,,0.00,0.001,,
NCT03196427,Height Velocity at Week 48 and Every 48 Weeks,cm/year,MEAN,Standard Deviation,CD Participants (>=30 kg): Vedolizumab 300 mg,At Week 240,,0.01,0.007,,
NCT03196427,Height Velocity at Week 48 and Every 48 Weeks,cm/year,MEAN,Standard Deviation,UC Participants (< 30 kg): Vedolizumab 200 mg,At Week 288,,0.02,0.001,,
NCT03196427,Height Velocity at Week 48 and Every 48 Weeks,cm/year,MEAN,Standard Deviation,CD Participants (< 30 kg): Vedolizumab 100 mg,At Week 288,,0.02,NA,,
NCT03196427,Height Velocity at Week 48 and Every 48 Weeks,cm/year,MEAN,Standard Deviation,UC Participants (>=30 kg): Vedolizumab 150 mg,At Week 288,,0.01,0.004,,
NCT03196427,Height Velocity at Week 48 and Every 48 Weeks,cm/year,MEAN,Standard Deviation,UC Participants (>=30 kg): Vedolizumab 300 mg,At Week 288,,0.01,0.008,,
NCT03196427,Height Velocity at Week 48 and Every 48 Weeks,cm/year,MEAN,Standard Deviation,CD Participants (>=30 kg): Vedolizumab 150 mg,At Week 288,,0.00,NA,,
NCT03196427,Height Velocity at Week 48 and Every 48 Weeks,cm/year,MEAN,Standard Deviation,CD Participants (>=30 kg): Vedolizumab 300 mg,At Week 288,,0.01,NA,,
NCT03196427,Height Velocity at Week 48 and Every 48 Weeks,cm/year,MEAN,Standard Deviation,UC Participants (>=30 kg): Vedolizumab 150 mg,At Week 336,,0.01,NA,,
NCT03196427,Change From Baseline in Height,cm,MEAN,Standard Deviation,UC Participants (< 30 kg): Vedolizumab 100 mg,Change at Week 48,,5.80,1.878,,
NCT03196427,Change From Baseline in Height,cm,MEAN,Standard Deviation,UC Participants (< 30 kg): Vedolizumab 200 mg,Change at Week 48,,6.44,2.289,,
NCT03196427,Change From Baseline in Height,cm,MEAN,Standard Deviation,CD Participants (< 30 kg): Vedolizumab 100 mg,Change at Week 48,,8.30,1.649,,
NCT03196427,Change From Baseline in Height,cm,MEAN,Standard Deviation,CD Participants (< 30 kg): Vedolizumab 200 mg,Change at Week 48,,5.08,1.179,,
NCT03196427,Change From Baseline in Height,cm,MEAN,Standard Deviation,UC Participants (>=30 kg): Vedolizumab 150 mg,Change at Week 48,,4.64,2.741,,
NCT03196427,Change From Baseline in Height,cm,MEAN,Standard Deviation,UC Participants (>=30 kg): Vedolizumab 300 mg,Change at Week 48,,3.22,3.382,,
NCT03196427,Change From Baseline in Height,cm,MEAN,Standard Deviation,CD Participants (>=30 kg): Vedolizumab 150 mg,Change at Week 48,,4.48,2.450,,
NCT03196427,Change From Baseline in Height,cm,MEAN,Standard Deviation,CD Participants (>=30 kg): Vedolizumab 300 mg,Change at Week 48,,2.83,2.658,,
NCT03196427,Change From Baseline in Height,cm,MEAN,Standard Deviation,UC Participants (< 30 kg): Vedolizumab 100 mg,Change at Week 96,,12.80,2.339,,
NCT03196427,Change From Baseline in Height,cm,MEAN,Standard Deviation,UC Participants (< 30 kg): Vedolizumab 200 mg,Change at Week 96,,11.83,4.209,,
NCT03196427,Change From Baseline in Height,cm,MEAN,Standard Deviation,CD Participants (< 30 kg): Vedolizumab 100 mg,Change at Week 96,,15.15,2.954,,
NCT03196427,Change From Baseline in Height,cm,MEAN,Standard Deviation,CD Participants (< 30 kg): Vedolizumab 200 mg,Change at Week 96,,12.28,2.520,,
NCT03196427,Change From Baseline in Height,cm,MEAN,Standard Deviation,UC Participants (>=30 kg): Vedolizumab 150 mg,Change at Week 96,,8.78,4.687,,
NCT03196427,Change From Baseline in Height,cm,MEAN,Standard Deviation,UC Participants (>=30 kg): Vedolizumab 300 mg,Change at Week 96,,8.18,7.473,,
NCT03196427,Change From Baseline in Height,cm,MEAN,Standard Deviation,CD Participants (>=30 kg): Vedolizumab 150 mg,Change at Week 96,,5.17,4.726,,
NCT03196427,Change From Baseline in Height,cm,MEAN,Standard Deviation,CD Participants (>=30 kg): Vedolizumab 300 mg,Change at Week 96,,4.77,4.866,,
NCT03196427,Change From Baseline in Height,cm,MEAN,Standard Deviation,UC Participants (< 30 kg): Vedolizumab 100 mg,Change at Week 144,,20.65,3.323,,
NCT03196427,Change From Baseline in Height,cm,MEAN,Standard Deviation,UC Participants (< 30 kg): Vedolizumab 200 mg,Change at Week 144,,15.50,3.888,,
NCT03196427,Change From Baseline in Height,cm,MEAN,Standard Deviation,CD Participants (< 30 kg): Vedolizumab 100 mg,Change at Week 144,,20.23,2.452,,
NCT03196427,Change From Baseline in Height,cm,MEAN,Standard Deviation,CD Participants (< 30 kg): Vedolizumab 200 mg,Change at Week 144,,20.03,6.473,,
NCT03196427,Change From Baseline in Height,cm,MEAN,Standard Deviation,UC Participants (>=30 kg): Vedolizumab 150 mg,Change at Week 144,,12.46,7.791,,
NCT03196427,Change From Baseline in Height,cm,MEAN,Standard Deviation,UC Participants (>=30 kg): Vedolizumab 300 mg,Change at Week 144,,9.73,10.675,,
NCT03196427,Change From Baseline in Height,cm,MEAN,Standard Deviation,CD Participants (>=30 kg): Vedolizumab 150 mg,Change at Week 144,,4.15,0.919,,
NCT03196427,Change From Baseline in Height,cm,MEAN,Standard Deviation,CD Participants (>=30 kg): Vedolizumab 300 mg,Change at Week 144,,7.85,7.861,,
NCT03196427,Change From Baseline in Height,cm,MEAN,Standard Deviation,UC Participants (< 30 kg): Vedolizumab 100 mg,Change at Week 192,,25.90,3.394,,
NCT03196427,Change From Baseline in Height,cm,MEAN,Standard Deviation,UC Participants (< 30 kg): Vedolizumab 200 mg,Change at Week 192,,19.84,6.006,,
NCT03196427,Change From Baseline in Height,cm,MEAN,Standard Deviation,CD Participants (< 30 kg): Vedolizumab 100 mg,Change at Week 192,,24.02,1.574,,
NCT03196427,Change From Baseline in Height,cm,MEAN,Standard Deviation,CD Participants (< 30 kg): Vedolizumab 200 mg,Change at Week 192,,25.87,6.358,,
NCT03196427,Change From Baseline in Height,cm,MEAN,Standard Deviation,UC Participants (>=30 kg): Vedolizumab 150 mg,Change at Week 192,,14.26,10.938,,
NCT03196427,Change From Baseline in Height,cm,MEAN,Standard Deviation,UC Participants (>=30 kg): Vedolizumab 300 mg,Change at Week 192,,12.53,14.093,,
NCT03196427,Change From Baseline in Height,cm,MEAN,Standard Deviation,CD Participants (>=30 kg): Vedolizumab 150 mg,Change at Week 192,,4.15,0.919,,
NCT03196427,Change From Baseline in Height,cm,MEAN,Standard Deviation,CD Participants (>=30 kg): Vedolizumab 300 mg,Change at Week 192,,9.48,9.566,,
NCT03196427,Change From Baseline in Height,cm,MEAN,Standard Deviation,UC Participants (< 30 kg): Vedolizumab 100 mg,Change at Week 240,,32.00,4.243,,
NCT03196427,Change From Baseline in Height,cm,MEAN,Standard Deviation,UC Participants (< 30 kg): Vedolizumab 200 mg,Change at Week 240,,26.48,9.710,,
NCT03196427,Change From Baseline in Height,cm,MEAN,Standard Deviation,CD Participants (< 30 kg): Vedolizumab 100 mg,Change at Week 240,,29.00,2.345,,
NCT03196427,Change From Baseline in Height,cm,MEAN,Standard Deviation,CD Participants (< 30 kg): Vedolizumab 200 mg,Change at Week 240,,26.00,NA,,
NCT03196427,Change From Baseline in Height,cm,MEAN,Standard Deviation,UC Participants (>=30 kg): Vedolizumab 150 mg,Change at Week 240,,15.57,12.529,,
NCT03196427,Change From Baseline in Height,cm,MEAN,Standard Deviation,UC Participants (>=30 kg): Vedolizumab 300 mg,Change at Week 240,,18.73,16.839,,
NCT03196427,Change From Baseline in Height,cm,MEAN,Standard Deviation,CD Participants (>=30 kg): Vedolizumab 150 mg,Change at Week 240,,4.25,1.061,,
NCT03196427,Change From Baseline in Height,cm,MEAN,Standard Deviation,CD Participants (>=30 kg): Vedolizumab 300 mg,Change at Week 240,,12.70,11.801,,
NCT03196427,Change From Baseline in Height,cm,MEAN,Standard Deviation,UC Participants (< 30 kg): Vedolizumab 200 mg,Change at Week 288,,39.75,1.768,,
NCT03196427,Change From Baseline in Height,cm,MEAN,Standard Deviation,CD Participants (< 30 kg): Vedolizumab 100 mg,Change at Week 288,,33.00,NA,,
NCT03196427,Change From Baseline in Height,cm,MEAN,Standard Deviation,UC Participants (>=30 kg): Vedolizumab 150 mg,Change at Week 288,,21.60,9.002,,
NCT03196427,Change From Baseline in Height,cm,MEAN,Standard Deviation,UC Participants (>=30 kg): Vedolizumab 300 mg,Change at Week 288,,25.50,15.415,,
NCT03196427,Change From Baseline in Height,cm,MEAN,Standard Deviation,CD Participants (>=30 kg): Vedolizumab 150 mg,Change at Week 288,,3.50,NA,,
NCT03196427,Change From Baseline in Height,cm,MEAN,Standard Deviation,CD Participants (>=30 kg): Vedolizumab 300 mg,Change at Week 288,,25.80,NA,,
NCT03196427,Change From Baseline in Height,cm,MEAN,Standard Deviation,UC Participants (>=30 kg): Vedolizumab 150 mg,Change at Week 336,,29.00,NA,,
NCT03197766,Change From Baseline in Annualized Growth Velocity (AGV) at Week 52,cm/year,LEAST_SQUARES_MEAN,95% Confidence Interval,BMN 111 - 15 μg/kg,,,1.71,,1.40,2.01
NCT03197766,Change From Baseline in Annualized Growth Velocity (AGV) at Week 52,cm/year,LEAST_SQUARES_MEAN,95% Confidence Interval,Placebo,,,0.13,,-0.18,0.45
NCT03197766,Change From Baseline in Height Z-score at Week 52,Z-Score,LEAST_SQUARES_MEAN,95% Confidence Interval,BMN 111 - 15 μg/kg,,,0.27,,0.18,0.36
NCT03197766,Change From Baseline in Height Z-score at Week 52,Z-Score,LEAST_SQUARES_MEAN,95% Confidence Interval,Placebo,,,-0.01,,-0.10,0.09
NCT03198078,Mean Change From Baseline in Height,cm,MEAN,Standard Deviation,Brexpiprazole,,,0.2,1.1,,
NCT03198078,Mean Change From Baseline in Height,cm,MEAN,Standard Deviation,Aripiprazole,,,0.2,2.9,,
NCT03198078,Mean Change From Baseline in Height,cm,MEAN,Standard Deviation,Placebo,,,0.3,0.6,,
NCT03203642,Change From Baseline in Height Adjusted Total Kidney Volume (htTKV) at Month 12,milliliters per meter,LEAST_SQUARES_MEAN,Standard Error,Tesevatinib,,,0.0236,0.0059,,
NCT03203642,Change From Baseline in Height Adjusted Total Kidney Volume (htTKV) at Month 12,milliliters per meter,LEAST_SQUARES_MEAN,Standard Error,Placebo,,,0.0288,0.0057,,
NCT03203642,Change From Baseline in Height Adjusted Total Kidney Volume at Month 18,milliliters per meter,LEAST_SQUARES_MEAN,Standard Error,Tesevatinib,,,0.0383,0.0081,,
NCT03203642,Change From Baseline in Height Adjusted Total Kidney Volume at Month 18,milliliters per meter,LEAST_SQUARES_MEAN,Standard Error,Placebo,,,0.0425,0.0075,,
NCT03203642,Change From Baseline in Height Adjusted Total Kidney Volume at Month 24,milliliters per meter,LEAST_SQUARES_MEAN,Standard Error,Tesevatinib,,,0.0485,0.0103,,
NCT03203642,Change From Baseline in Height Adjusted Total Kidney Volume at Month 24,milliliters per meter,LEAST_SQUARES_MEAN,Standard Error,Placebo,,,0.0607,0.0095,,
NCT03203642,Change From Baseline in Height Adjusted Total Kidney Volume at End of Study,milliliters per meter,LEAST_SQUARES_MEAN,Standard Error,Tesevatinib,,,0.0604,0.0090,,
NCT03203642,Change From Baseline in Height Adjusted Total Kidney Volume at End of Study,milliliters per meter,LEAST_SQUARES_MEAN,Standard Error,Placebo,,,0.0589,0.0094,,
NCT03204786,Change From Baseline on Height During Treatment.,cm,MEAN,Standard Error,Vasopressin-Vasopressin,Baseline,,145,3.91,,
NCT03204786,Change From Baseline on Height During Treatment.,cm,MEAN,Standard Error,Placebo-Vasopressin,Baseline,,146,2.98,,
NCT03204786,Change From Baseline on Height During Treatment.,cm,MEAN,Standard Error,Placebo-Placebo,Baseline,,145,2.78,,
NCT03204786,Change From Baseline on Height During Treatment.,cm,MEAN,Standard Error,Vasopressin-Vasopressin,4-weeks (end of treatment period 1),,142,5.96,,
NCT03204786,Change From Baseline on Height During Treatment.,cm,MEAN,Standard Error,Placebo-Vasopressin,4-weeks (end of treatment period 1),,148,3.21,,
NCT03204786,Change From Baseline on Height During Treatment.,cm,MEAN,Standard Error,Placebo-Placebo,4-weeks (end of treatment period 1),,146,2.76,,
NCT03204786,Change From Baseline on Height During Treatment.,cm,MEAN,Standard Error,Vasopressin-Vasopressin,8-weeks (end of treatment period 2),,145,4.43,,
NCT03204786,Change From Baseline on Height During Treatment.,cm,MEAN,Standard Error,Placebo-Vasopressin,8-weeks (end of treatment period 2),,148,3.22,,
NCT03204786,Change From Baseline on Height During Treatment.,cm,MEAN,Standard Error,Placebo-Placebo,8-weeks (end of treatment period 2),,146,2.68,,
NCT03204786,Change From Baseline on Height During Treatment.,cm,MEAN,Standard Error,Placebo-Placebo,12-weeks (end of open-label extension),,145,3.26,,
NCT03260205,Change From Baseline in Height at Week 6,Centimeter,MEAN,Standard Deviation,Placebo,,,0.7,1.21,,
NCT03260205,Change From Baseline in Height at Week 6,Centimeter,MEAN,Standard Deviation,SPD489 5 mg,,,0.7,1.50,,
NCT03260205,Change From Baseline in Height at Week 6,Centimeter,MEAN,Standard Deviation,SPD489 10 mg,,,0.7,1.08,,
NCT03260205,Change From Baseline in Height at Week 6,Centimeter,MEAN,Standard Deviation,SPD489 20 mg,,,1.0,1.29,,
NCT03260205,Change From Baseline in Height at Week 6,Centimeter,MEAN,Standard Deviation,SPD489 30 mg,,,0.5,1.20,,
NCT03268811,Change From Baseline in Height For Age Z-Score at EOT of Cycle 1 During Teduglutide Treatment,Z-score,MEAN,Standard Deviation,Total Children (Aged: 1 to 15 Years),,,0.002,0.6049,,
NCT03268811,Change From Baseline in Height For Age Z-Score at EOT of Cycle 1 During Teduglutide Treatment,Z-score,MEAN,Standard Deviation,Infants (Corrected Gestational Age: 4 to < 12 Months),,,1.376,0.3363,,
NCT03268811,Change From Baseline in Height For Age Z-Score at EOT of Cycle 2 During Teduglutide Treatment,Z-score,MEAN,Standard Deviation,Total Children (Aged: 1 to 15 Years),,,0.152,0.5181,,
NCT03268811,Change From Baseline in Height For Age Z-Score at EOT of Cycle 2 During Teduglutide Treatment,Z-score,MEAN,Standard Deviation,Infants (Corrected Gestational Age: 4 to < 12 Months),,,3.114,NA,,
NCT03268811,Change From Baseline in Height For Age Z-Score at EOT of Cycle 3 During Teduglutide Treatment,Z-score,MEAN,Standard Deviation,Total Children (Aged: 1 to 15 Years),,,0.098,0.3467,,
NCT03268811,Change From Baseline in Height For Age Z-Score at EOT of Cycle 3 During Teduglutide Treatment,Z-score,MEAN,Standard Deviation,Infants (Corrected Gestational Age: 4 to < 12 Months),,,3.554,NA,,
NCT03268811,Change From Baseline in Height For Age Z-Score at EOT of Cycle 4 During Teduglutide Treatment,Z-Score,MEAN,Standard Deviation,Total Children (Aged: 1 to 15 Years),,,0.126,0.2622,,
NCT03268811,Change From Baseline in Height For Age Z-Score at EOT of Cycle 4 During Teduglutide Treatment,Z-Score,MEAN,Standard Deviation,Infants (Corrected Gestational Age: 4 to < 12 Months),,,3.542,NA,,
NCT03268811,Change From Baseline in Height For Age Z-Score at EOT of Cycle 5 During Teduglutide Treatment,Z-score,MEAN,Standard Deviation,Total Children (Aged: 1 to 15 Years),,,0.342,0.1012,,
NCT03268811,Change From Baseline in Height For Age Z-Score at EOT of Cycle 6 During Teduglutide Treatment,Z-score,MEAN,Standard Deviation,Total Children (Aged: 1 to 15 Years),,,0.276,0.2593,,
NCT03268811,Change From Baseline in Height For Age Z-Score at EOT of Cycle 7 During Teduglutide Treatment,Z-score,MEAN,Standard Deviation,Total Children (Aged: 1 to 15 Years),,,0.570,NA,,
NCT03268811,Change From Baseline in Height For Age Z-Score at EOT of Cycle 8 During Teduglutide Treatment,Z-score,MEAN,Standard Deviation,Total Children (Aged: 1 to 15 Years),,,0.851,NA,,
NCT03268811,Change From Baseline in Height For Age Z-Score at EOT of Cycle 9 During Teduglutide Treatment,Z-score,MEAN,Standard Deviation,Total Children (Aged: 1 to 15 Years),,,0.477,NA,,
NCT03274999,Change From Baseline (Pre-application) in Tear Meniscus Height (TMH) at Eye Opening and Pre-Blink,mm,MEAN,Standard Deviation,TrueTear™ Extranasal Application,"Eye-opening,Pre-application,Day 0",,0.312,0.132,,
NCT03274999,Change From Baseline (Pre-application) in Tear Meniscus Height (TMH) at Eye Opening and Pre-Blink,mm,MEAN,Standard Deviation,TrueTear™ Intranasal Application,"Eye-opening,Pre-application,Day 0",,0.310,0.143,,
NCT03274999,Change From Baseline (Pre-application) in Tear Meniscus Height (TMH) at Eye Opening and Pre-Blink,mm,MEAN,Standard Deviation,TrueTear™ Extranasal Application,"Eye-opening,Change at T0 after application,Day 0",,0.047,0.205,,
NCT03274999,Change From Baseline (Pre-application) in Tear Meniscus Height (TMH) at Eye Opening and Pre-Blink,mm,MEAN,Standard Deviation,TrueTear™ Intranasal Application,"Eye-opening,Change at T0 after application,Day 0",,0.105,0.177,,
NCT03274999,Change From Baseline (Pre-application) in Tear Meniscus Height (TMH) at Eye Opening and Pre-Blink,mm,MEAN,Standard Deviation,TrueTear™ Extranasal Application,"Eye-opening,Change at T15 after application,Day 0",,0.010,0.110,,
NCT03274999,Change From Baseline (Pre-application) in Tear Meniscus Height (TMH) at Eye Opening and Pre-Blink,mm,MEAN,Standard Deviation,TrueTear™ Intranasal Application,"Eye-opening,Change at T15 after application,Day 0",,0.002,0.096,,
NCT03274999,Change From Baseline (Pre-application) in Tear Meniscus Height (TMH) at Eye Opening and Pre-Blink,mm,MEAN,Standard Deviation,TrueTear™ Extranasal Application,"Eye-opening,Change at T30 after application,Day 0",,-0.035,0.118,,
NCT03274999,Change From Baseline (Pre-application) in Tear Meniscus Height (TMH) at Eye Opening and Pre-Blink,mm,MEAN,Standard Deviation,TrueTear™ Intranasal Application,"Eye-opening,Change at T30 after application,Day 0",,-0.003,0.100,,
NCT03274999,Change From Baseline (Pre-application) in Tear Meniscus Height (TMH) at Eye Opening and Pre-Blink,mm,MEAN,Standard Deviation,TrueTear™ Extranasal Application,"Eye-opening,Change at T60 after application,Day 0",,-0.018,0.107,,
NCT03274999,Change From Baseline (Pre-application) in Tear Meniscus Height (TMH) at Eye Opening and Pre-Blink,mm,MEAN,Standard Deviation,TrueTear™ Intranasal Application,"Eye-opening,Change at T60 after application,Day 0",,-0.038,0.092,,
NCT03274999,Change From Baseline (Pre-application) in Tear Meniscus Height (TMH) at Eye Opening and Pre-Blink,mm,MEAN,Standard Deviation,TrueTear™ Extranasal Application,"Eye-opening,Change at T120 after application,Day 0",,-0.021,0.138,,
NCT03274999,Change From Baseline (Pre-application) in Tear Meniscus Height (TMH) at Eye Opening and Pre-Blink,mm,MEAN,Standard Deviation,TrueTear™ Intranasal Application,"Eye-opening,Change at T120 after application,Day 0",,-0.039,0.101,,
NCT03274999,Change From Baseline (Pre-application) in Tear Meniscus Height (TMH) at Eye Opening and Pre-Blink,mm,MEAN,Standard Deviation,TrueTear™ Extranasal Application,"Eye-opening,Change at T180 after application,Day 0",,-0.049,0.136,,
NCT03274999,Change From Baseline (Pre-application) in Tear Meniscus Height (TMH) at Eye Opening and Pre-Blink,mm,MEAN,Standard Deviation,TrueTear™ Intranasal Application,"Eye-opening,Change at T180 after application,Day 0",,-0.032,0.103,,
NCT03274999,Change From Baseline (Pre-application) in Tear Meniscus Height (TMH) at Eye Opening and Pre-Blink,mm,MEAN,Standard Deviation,TrueTear™ Extranasal Application,"Eye-opening,Change at T240 after application,Day 0",,-0.022,0.125,,
NCT03274999,Change From Baseline (Pre-application) in Tear Meniscus Height (TMH) at Eye Opening and Pre-Blink,mm,MEAN,Standard Deviation,TrueTear™ Intranasal Application,"Eye-opening,Change at T240 after application,Day 0",,-0.033,0.137,,
NCT03274999,Change From Baseline (Pre-application) in Tear Meniscus Height (TMH) at Eye Opening and Pre-Blink,mm,MEAN,Standard Deviation,TrueTear™ Extranasal Application,"Eye-opening,Change at T300 after application,Day 0",,-0.055,0.095,,
NCT03274999,Change From Baseline (Pre-application) in Tear Meniscus Height (TMH) at Eye Opening and Pre-Blink,mm,MEAN,Standard Deviation,TrueTear™ Intranasal Application,"Eye-opening,Change at T300 after application,Day 0",,-0.065,0.110,,
NCT03274999,Change From Baseline (Pre-application) in Tear Meniscus Height (TMH) at Eye Opening and Pre-Blink,mm,MEAN,Standard Deviation,TrueTear™ Extranasal Application,"Eye-opening,Change at T360 after application,Day 0",,-0.049,0.111,,
NCT03274999,Change From Baseline (Pre-application) in Tear Meniscus Height (TMH) at Eye Opening and Pre-Blink,mm,MEAN,Standard Deviation,TrueTear™ Intranasal Application,"Eye-opening,Change at T360 after application,Day 0",,-0.060,0.126,,
NCT03274999,Change From Baseline (Pre-application) in Tear Meniscus Height (TMH) at Eye Opening and Pre-Blink,mm,MEAN,Standard Deviation,TrueTear™ Extranasal Application,"Pre-blink,Pre-application,Day 0",,0.379,0.152,,
NCT03274999,Change From Baseline (Pre-application) in Tear Meniscus Height (TMH) at Eye Opening and Pre-Blink,mm,MEAN,Standard Deviation,TrueTear™ Intranasal Application,"Pre-blink,Pre-application,Day 0",,0.350,0.143,,
NCT03274999,Change From Baseline (Pre-application) in Tear Meniscus Height (TMH) at Eye Opening and Pre-Blink,mm,MEAN,Standard Deviation,TrueTear™ Extranasal Application,"Pre-blink,Change at T0 after application,Day 0",,0.067,0.263,,
NCT03274999,Change From Baseline (Pre-application) in Tear Meniscus Height (TMH) at Eye Opening and Pre-Blink,mm,MEAN,Standard Deviation,TrueTear™ Intranasal Application,"Pre-blink,Change at T0 after application,Day 0",,0.154,0.231,,
NCT03274999,Change From Baseline (Pre-application) in Tear Meniscus Height (TMH) at Eye Opening and Pre-Blink,mm,MEAN,Standard Deviation,TrueTear™ Extranasal Application,"Pre-blink,Change at T15 after application,Day 0",,0.005,0.143,,
NCT03274999,Change From Baseline (Pre-application) in Tear Meniscus Height (TMH) at Eye Opening and Pre-Blink,mm,MEAN,Standard Deviation,TrueTear™ Intranasal Application,"Pre-blink,Change at T15 after application,Day 0",,0.027,0.097,,
NCT03274999,Change From Baseline (Pre-application) in Tear Meniscus Height (TMH) at Eye Opening and Pre-Blink,mm,MEAN,Standard Deviation,TrueTear™ Extranasal Application,"Pre-blink,Change at T30 after application,Day 0",,-0.040,0.149,,
NCT03274999,Change From Baseline (Pre-application) in Tear Meniscus Height (TMH) at Eye Opening and Pre-Blink,mm,MEAN,Standard Deviation,TrueTear™ Intranasal Application,"Pre-blink,Change at T30 after application,Day 0",,0.012,0.105,,
NCT03274999,Change From Baseline (Pre-application) in Tear Meniscus Height (TMH) at Eye Opening and Pre-Blink,mm,MEAN,Standard Deviation,TrueTear™ Extranasal Application,"Pre-blink,Change at T60 after application,Day 0",,-0.035,0.159,,
NCT03274999,Change From Baseline (Pre-application) in Tear Meniscus Height (TMH) at Eye Opening and Pre-Blink,mm,MEAN,Standard Deviation,TrueTear™ Intranasal Application,"Pre-blink,Change at T60 after application,Day 0",,-0.008,0.097,,
NCT03274999,Change From Baseline (Pre-application) in Tear Meniscus Height (TMH) at Eye Opening and Pre-Blink,mm,MEAN,Standard Deviation,TrueTear™ Extranasal Application,"Pre-blink,Change at T120 after application,Day 0",,-0.050,0.150,,
NCT03274999,Change From Baseline (Pre-application) in Tear Meniscus Height (TMH) at Eye Opening and Pre-Blink,mm,MEAN,Standard Deviation,TrueTear™ Intranasal Application,"Pre-blink,Change at T120 after application,Day 0",,-0.024,0.097,,
NCT03274999,Change From Baseline (Pre-application) in Tear Meniscus Height (TMH) at Eye Opening and Pre-Blink,mm,MEAN,Standard Deviation,TrueTear™ Extranasal Application,"Pre-blink,Change at T180 after application,Day 0",,-0.050,0.153,,
NCT03274999,Change From Baseline (Pre-application) in Tear Meniscus Height (TMH) at Eye Opening and Pre-Blink,mm,MEAN,Standard Deviation,TrueTear™ Intranasal Application,"Pre-blink,Change at T180 after application,Day 0",,-0.039,0.074,,
NCT03274999,Change From Baseline (Pre-application) in Tear Meniscus Height (TMH) at Eye Opening and Pre-Blink,mm,MEAN,Standard Deviation,TrueTear™ Extranasal Application,"Pre-blink,Change at T240 after application,Day 0",,-0.018,0.159,,
NCT03274999,Change From Baseline (Pre-application) in Tear Meniscus Height (TMH) at Eye Opening and Pre-Blink,mm,MEAN,Standard Deviation,TrueTear™ Intranasal Application,"Pre-blink,Change at T240 after application,Day 0",,-0.037,0.132,,
NCT03274999,Change From Baseline (Pre-application) in Tear Meniscus Height (TMH) at Eye Opening and Pre-Blink,mm,MEAN,Standard Deviation,TrueTear™ Extranasal Application,"Pre-blink,Change at T300 after application,Day 0",,-0.074,0.133,,
NCT03274999,Change From Baseline (Pre-application) in Tear Meniscus Height (TMH) at Eye Opening and Pre-Blink,mm,MEAN,Standard Deviation,TrueTear™ Intranasal Application,"Pre-blink,Change at T300 after application,Day 0",,-0.070,0.117,,
NCT03274999,Change From Baseline (Pre-application) in Tear Meniscus Height (TMH) at Eye Opening and Pre-Blink,mm,MEAN,Standard Deviation,TrueTear™ Extranasal Application,"Pre-blink,Change at T360 after application,Day 0",,-0.054,0.121,,
NCT03274999,Change From Baseline (Pre-application) in Tear Meniscus Height (TMH) at Eye Opening and Pre-Blink,mm,MEAN,Standard Deviation,TrueTear™ Intranasal Application,"Pre-blink,Change at T360 after application,Day 0",,-0.047,0.129,,
NCT03281200,The Demographic Baseline Characteristics - Height at the Start of Nintedanib Therapy,Centimeters (cm),MEAN,Standard Deviation,Total Patients With IPF,,,164.5,8.9,,
NCT03283241,Change in Marginal Bone Height for All Other Implants,mm(milimeter),MEAN,Standard Deviation,Zolidd One ExHex,Week 8 Mesial,,0.3,0.7,,
NCT03283241,Change in Marginal Bone Height for All Other Implants,mm(milimeter),MEAN,Standard Deviation,One ExHex,Week 8 Mesial,,0.2,0.5,,
NCT03283241,Change in Marginal Bone Height for All Other Implants,mm(milimeter),MEAN,Standard Deviation,Zolidd One ExHex,Week 8 Distal,,0.4,0.8,,
NCT03283241,Change in Marginal Bone Height for All Other Implants,mm(milimeter),MEAN,Standard Deviation,One ExHex,Week 8 Distal,,0.2,0.4,,
NCT03283241,Change in Marginal Bone Height for All Other Implants,mm(milimeter),MEAN,Standard Deviation,Zolidd One ExHex,Week 12 Mesial,,0.5,0.5,,
NCT03283241,Change in Marginal Bone Height for All Other Implants,mm(milimeter),MEAN,Standard Deviation,One ExHex,Week 12 Mesial,,0.4,0.7,,
NCT03283241,Change in Marginal Bone Height for All Other Implants,mm(milimeter),MEAN,Standard Deviation,Zolidd One ExHex,Week 12 Distal,,0.6,1.0,,
NCT03283241,Change in Marginal Bone Height for All Other Implants,mm(milimeter),MEAN,Standard Deviation,One ExHex,Week 12 Distal,,0.4,0.6,,
NCT03283241,Change in Marginal Bone Height for All Implants,mm(millimeter),MEAN,Standard Deviation,Zolidd One ExHex,Week 12 Mesial,,0.5,0.8,,
NCT03283241,Change in Marginal Bone Height for All Implants,mm(millimeter),MEAN,Standard Deviation,One ExHex,Week 12 Mesial,,0.3,0.6,,
NCT03283241,Change in Marginal Bone Height for All Implants,mm(millimeter),MEAN,Standard Deviation,Zolidd One ExHex,Week 12 Distal,,0.5,0.9,,
NCT03283241,Change in Marginal Bone Height for All Implants,mm(millimeter),MEAN,Standard Deviation,One ExHex,Week 12 Distal,,0.3,0.6,,
NCT03283241,Change in Marginal Bone Height for All Implants,mm(millimeter),MEAN,Standard Deviation,Zolidd One ExHex,Month 24 Mesial,,0.5,1.0,,
NCT03283241,Change in Marginal Bone Height for All Implants,mm(millimeter),MEAN,Standard Deviation,One ExHex,Month 24 Mesial,,0.5,1.0,,
NCT03283241,Change in Marginal Bone Height for All Implants,mm(millimeter),MEAN,Standard Deviation,Zolidd One ExHex,Month 24 Distal,,0.5,1.0,,
NCT03283241,Change in Marginal Bone Height for All Implants,mm(millimeter),MEAN,Standard Deviation,One ExHex,Month 24 Distal,,0.5,1.0,,
NCT03288103,Height Standard Deviation Score,standard deviation score,MEDIAN,Full Range,Growth Hormone Treatment for Participants With ACAN Deficiency,Baseline,,-2.52,,-4.27,-1.07
NCT03288103,Height Standard Deviation Score,standard deviation score,MEDIAN,Full Range,Growth Hormone Treatment for Participants With ACAN Deficiency,Year 1,,-1.57,,-3.89,-0.46
NCT03288103,Height Standard Deviation Score,standard deviation score,MEDIAN,Full Range,Growth Hormone Treatment for Participants With ACAN Deficiency,Year 2,,-1.19,,-3.55,-0.08
NCT03288103,Height Standard Deviation Score,standard deviation score,MEDIAN,Full Range,Growth Hormone Treatment for Participants With ACAN Deficiency,Year 3,,-1.09,,-3.45,-0.02
NCT03288103,Height Velocity After Three Years of Treatment With Recombinant Human Growth Hormone (rhGH),cm/year,MEDIAN,Full Range,Growth Hormone Treatment for Participants With ACAN Deficiency,Baseline,,5.2,,3.8,7.1
NCT03288103,Height Velocity After Three Years of Treatment With Recombinant Human Growth Hormone (rhGH),cm/year,MEDIAN,Full Range,Growth Hormone Treatment for Participants With ACAN Deficiency,Year 1,,8.3,,7.3,11.2
NCT03288103,Height Velocity After Three Years of Treatment With Recombinant Human Growth Hormone (rhGH),cm/year,MEDIAN,Full Range,Growth Hormone Treatment for Participants With ACAN Deficiency,Year 2,,7.7,,5.9,8.8
NCT03288103,Height Velocity After Three Years of Treatment With Recombinant Human Growth Hormone (rhGH),cm/year,MEDIAN,Full Range,Growth Hormone Treatment for Participants With ACAN Deficiency,Year 3,,6.8,,4.9,7.2
NCT03305016,Annualized Height Velocity (AHV) at 26 Weeks of Weekly Lonapegsomatropin Treatment,cm/year,LEAST_SQUARES_MEAN,Standard Error,Lonapegsomatropin,,,8.72,0.24,,
NCT03305016,Change in Height Standard Deviation Scores (SDS) at 26 Weeks of Weekly Lonapegsomatropin Treatment,standard deviation score,LEAST_SQUARES_MEAN,Standard Error,Lonapegsomatropin,,,0.25,0.02,,
NCT03325894,Change From Baseline in Height at Final On-Treatment Assessment (FoTA),centimeter,MEAN,Standard Deviation,Group A (Antecedent Studies),,,3.7,4.60,,
NCT03325894,Change From Baseline in Height at Final On-Treatment Assessment (FoTA),centimeter,MEAN,Standard Deviation,Group B (Direct Enrollment),,,2.9,2.49,,
NCT03327402,Change From Baseline in Height at Final On-Treatment Assessment,centimeter (cm),MEAN,Standard Deviation,SHP465,,,1.601,1.5073,,
NCT03344458,Annualized Height Velocity by Visit,cm/year,MEAN,Standard Deviation,Lonapegsomatropin,Week 13,,8.904,2.795,,
NCT03344458,Annualized Height Velocity by Visit,cm/year,MEAN,Standard Deviation,Lonapegsomatropin,Week 52,,8.560,1.801,,
NCT03344458,Annualized Height Velocity by Visit,cm/year,MEAN,Standard Deviation,Lonapegsomatropin,Week 104,,7.854,1.953,,
NCT03344458,Annualized Height Velocity by Visit,cm/year,MEAN,Standard Deviation,Lonapegsomatropin,Week 156,,7.081,1.838,,
NCT03344458,Annualized Height Velocity by Visit,cm/year,MEAN,Standard Deviation,Lonapegsomatropin,Week 208,,6.462,1.868,,
NCT03344458,Height SDS - Change From Baseline,Standard Deviation Score,MEAN,Standard Deviation,Lonapegsomatropin,Week 13,,0.141,0.125,,
NCT03344458,Height SDS - Change From Baseline,Standard Deviation Score,MEAN,Standard Deviation,Lonapegsomatropin,Week 52,,0.491,0.307,,
NCT03344458,Height SDS - Change From Baseline,Standard Deviation Score,MEAN,Standard Deviation,Lonapegsomatropin,Week 104,,0.841,0.487,,
NCT03344458,Height SDS - Change From Baseline,Standard Deviation Score,MEAN,Standard Deviation,Lonapegsomatropin,Week 156,,1.089,0.534,,
NCT03344458,Height SDS - Change From Baseline,Standard Deviation Score,MEAN,Standard Deviation,Lonapegsomatropin,Week 208,,1.242,0.652,,
NCT03350217,Mound Concentration Height,Polyps,NUMBER,,Eleview,Excellent,,67,,,
NCT03350217,Mound Concentration Height,Polyps,NUMBER,,Hetastarch,Excellent,,58,,,
NCT03350217,Mound Concentration Height,Polyps,NUMBER,,Eleview,Sufficient,,37,,,
NCT03350217,Mound Concentration Height,Polyps,NUMBER,,Hetastarch,Sufficient,,38,,,
NCT03350217,Mound Concentration Height,Polyps,NUMBER,,Eleview,Inadequate,,10,,,
NCT03350217,Mound Concentration Height,Polyps,NUMBER,,Hetastarch,Inadequate,,6,,,
NCT03356977,Number of Participants With Clinically Significant Height Values Meeting Pre-defined Criteria,Participants,COUNT_OF_PARTICIPANTS,,"Crisaborole Topical Ointment, 2 Percent",< 55 cm,,0,,,
NCT03356977,Number of Participants With Clinically Significant Height Values Meeting Pre-defined Criteria,Participants,COUNT_OF_PARTICIPANTS,,"Crisaborole Topical Ointment, 2 Percent",> 92.5 cm,,3,,,
NCT03370042,Recession Height,mm,MEAN,Standard Deviation,SCPF + FGG,,,1.0,1.05,,
NCT03370042,Recession Height,mm,MEAN,Standard Deviation,SCPF,,,0.9,0.7,,
NCT03382782,Height,inches,MEAN,Standard Deviation,Behavioral Weight Loss Intervention,,,65.38,3.65,,
NCT03382782,Height,inches,MEAN,Standard Deviation,BWLI & Peer Navigator,,,66.68,3.85,,
NCT03382782,Height,inches,MEAN,Standard Deviation,Integrated Care (Treatment as Usual),,,66.29,4.70,,
NCT03406884,Change in Somatic Growth Velocity - Length (cm),centimeters,MEAN,Standard Deviation,Open Label C-kit+ Cells Group A,Baseline,,60.33,3.82,,
NCT03406884,Change in Somatic Growth Velocity - Length (cm),centimeters,MEAN,Standard Deviation,C-kit+ Cells Group B,Baseline,,59.5,3.28,,
NCT03406884,Change in Somatic Growth Velocity - Length (cm),centimeters,MEAN,Standard Deviation,No Intervention Group,Baseline,,60.07,4.94,,
NCT03406884,Change in Somatic Growth Velocity - Length (cm),centimeters,MEAN,Standard Deviation,Open Label C-kit+ Cells Group A,Month 6,,69.72,5.57,,
NCT03406884,Change in Somatic Growth Velocity - Length (cm),centimeters,MEAN,Standard Deviation,C-kit+ Cells Group B,Month 6,,69.79,4.18,,
NCT03406884,Change in Somatic Growth Velocity - Length (cm),centimeters,MEAN,Standard Deviation,No Intervention Group,Month 6,,70.8,5.39,,
NCT03406884,Change in Somatic Growth Velocity - Length (cm),centimeters,MEAN,Standard Deviation,Open Label C-kit+ Cells Group A,Month 12,,76.98,5.87,,
NCT03406884,Change in Somatic Growth Velocity - Length (cm),centimeters,MEAN,Standard Deviation,C-kit+ Cells Group B,Month 12,,77.03,3.7,,
NCT03406884,Change in Somatic Growth Velocity - Length (cm),centimeters,MEAN,Standard Deviation,No Intervention Group,Month 12,,79.63,4.02,,
NCT03406884,Change in Somatic Growth Velocity - Weight (kg),kilograms,MEAN,Standard Deviation,Open Label C-kit+ Cells Group A,Baseline,,5.7,0.66,,
NCT03406884,Change in Somatic Growth Velocity - Weight (kg),kilograms,MEAN,Standard Deviation,C-kit+ Cells Group B,Baseline,,5.6,0.74,,
NCT03406884,Change in Somatic Growth Velocity - Weight (kg),kilograms,MEAN,Standard Deviation,No Intervention Group,Baseline,,5.65,0.69,,
NCT03406884,Change in Somatic Growth Velocity - Weight (kg),kilograms,MEAN,Standard Deviation,Open Label C-kit+ Cells Group A,Month 6,,7.67,0.84,,
NCT03406884,Change in Somatic Growth Velocity - Weight (kg),kilograms,MEAN,Standard Deviation,C-kit+ Cells Group B,Month 6,,8.39,1.21,,
NCT03406884,Change in Somatic Growth Velocity - Weight (kg),kilograms,MEAN,Standard Deviation,No Intervention Group,Month 6,,8.36,0.65,,
NCT03406884,Change in Somatic Growth Velocity - Weight (kg),kilograms,MEAN,Standard Deviation,Open Label C-kit+ Cells Group A,Month 12,,9.74,1.65,,
NCT03406884,Change in Somatic Growth Velocity - Weight (kg),kilograms,MEAN,Standard Deviation,C-kit+ Cells Group B,Month 12,,10.45,1.19,,
NCT03406884,Change in Somatic Growth Velocity - Weight (kg),kilograms,MEAN,Standard Deviation,No Intervention Group,Month 12,,10.01,0.68,,
NCT03406884,Change in Somatic Growth Velocity - Head Circumference (cm),centimeters,MEAN,Standard Deviation,Open Label C-kit+ Cells Group A,Baseline,,38.51,3.01,,
NCT03406884,Change in Somatic Growth Velocity - Head Circumference (cm),centimeters,MEAN,Standard Deviation,C-kit+ Cells Group B,Baseline,,39.58,2.69,,
NCT03406884,Change in Somatic Growth Velocity - Head Circumference (cm),centimeters,MEAN,Standard Deviation,No Intervention Group,Baseline,,38.33,3.18,,
NCT03406884,Change in Somatic Growth Velocity - Head Circumference (cm),centimeters,MEAN,Standard Deviation,Open Label C-kit+ Cells Group A,Month 6,,45.04,1.33,,
NCT03406884,Change in Somatic Growth Velocity - Head Circumference (cm),centimeters,MEAN,Standard Deviation,C-kit+ Cells Group B,Month 6,,45.18,1.62,,
NCT03406884,Change in Somatic Growth Velocity - Head Circumference (cm),centimeters,MEAN,Standard Deviation,No Intervention Group,Month 6,,45.42,2.42,,
NCT03406884,Change in Somatic Growth Velocity - Head Circumference (cm),centimeters,MEAN,Standard Deviation,Open Label C-kit+ Cells Group A,Month 12,,47.88,0.76,,
NCT03406884,Change in Somatic Growth Velocity - Head Circumference (cm),centimeters,MEAN,Standard Deviation,C-kit+ Cells Group B,Month 12,,48.48,1.57,,
NCT03406884,Change in Somatic Growth Velocity - Head Circumference (cm),centimeters,MEAN,Standard Deviation,No Intervention Group,Month 12,,46.92,2.39,,
NCT03409796,Change From Baseline in Small Intestine Histology Based on Villous Height to Crypt Depth (Vh:Cd) Ratio,ratio,MEAN,Standard Deviation,Group A: Gluten 3 Gram,Baseline,,2.10,0.697,,
NCT03409796,Change From Baseline in Small Intestine Histology Based on Villous Height to Crypt Depth (Vh:Cd) Ratio,ratio,MEAN,Standard Deviation,Group B: Gluten 10 Gram,Baseline,,2.30,0.893,,
NCT03409796,Change From Baseline in Small Intestine Histology Based on Villous Height to Crypt Depth (Vh:Cd) Ratio,ratio,MEAN,Standard Deviation,Group A: Gluten 3 Gram,Change at Day 15,,-0.06,0.516,,
NCT03409796,Change From Baseline in Small Intestine Histology Based on Villous Height to Crypt Depth (Vh:Cd) Ratio,ratio,MEAN,Standard Deviation,Group B: Gluten 10 Gram,Change at Day 15,,-1.53,0.941,,
NCT03416010,Participant Height,inches,MEAN,Standard Deviation,Control,,,63.9,3.0,,
NCT03416010,Participant Height,inches,MEAN,Standard Deviation,Intervention,,,63.9,3.0,,
NCT03436420,Absolute Change in Height,centimeters (cm),MEAN,Standard Deviation,Gemcabene,,,0.62,0.92,,
NCT03480022,Waist-to Height Ratio [WHtR]),ratio,MEAN,Standard Error,Liraglutide Pen Injector (Saxenda),,,0.62,0.014,,
NCT03480022,Waist-to Height Ratio [WHtR]),ratio,MEAN,Standard Error,Placebo Liraglutide Pen Injector,,,0.67,0.02,,
NCT03494816,Change in Venous Tumour Thrombus (VTT) Height,percentage decrease in VTT length,MEDIAN,Standard Deviation,Patients With Complete VTT Length Data at 9 Weeks,,,21.49,27.60,,
NCT03509883,Physical Measurement - Height,centimeter (cm),MEAN,Standard Deviation,Treatment A,,,173.23,5.81,,
NCT03509883,Physical Measurement - Height,centimeter (cm),MEAN,Standard Deviation,Treatment B,,,165.86,8.86,,
NCT03517111,Height,centimeters (cm.),MEAN,Standard Deviation,Nutrition/Substance Use Prevention,Baseline (T1) height- Parents,,159.1526,6.883,,
NCT03517111,Height,centimeters (cm.),MEAN,Standard Deviation,Substance Use Prevention Only,Baseline (T1) height- Parents,,157.2784,8.67363,,
NCT03517111,Height,centimeters (cm.),MEAN,Standard Deviation,Academic Success Program,Baseline (T1) height- Parents,,158.7782,7.64709,,
NCT03517111,Height,centimeters (cm.),MEAN,Standard Deviation,All Conditions,Baseline (T1) height- Parents,,158.5593,7.5656,,
NCT03517111,Height,centimeters (cm.),MEAN,Standard Deviation,Nutrition/Substance Use Prevention,Baseline (T1) height- Youth,,156.3627,7.80219,,
NCT03517111,Height,centimeters (cm.),MEAN,Standard Deviation,Substance Use Prevention Only,Baseline (T1) height- Youth,,157.8647,6.98786,,
NCT03517111,Height,centimeters (cm.),MEAN,Standard Deviation,Academic Success Program,Baseline (T1) height- Youth,,157.9218,7.1736,,
NCT03517111,Height,centimeters (cm.),MEAN,Standard Deviation,All Conditions,Baseline (T1) height- Youth,,157.3592,7.2914,,
NCT03517111,Height,centimeters (cm.),MEAN,Standard Deviation,Nutrition/Substance Use Prevention,T2 height- Parents,,159.435,5.74194,,
NCT03517111,Height,centimeters (cm.),MEAN,Standard Deviation,Substance Use Prevention Only,T2 height- Parents,,156.8854,8.85073,,
NCT03517111,Height,centimeters (cm.),MEAN,Standard Deviation,Academic Success Program,T2 height- Parents,,158.6642,7.29788,,
NCT03517111,Height,centimeters (cm.),MEAN,Standard Deviation,All Conditions,T2 height- Parents,,158.4571,7.2356,,
NCT03517111,Height,centimeters (cm.),MEAN,Standard Deviation,Nutrition/Substance Use Prevention,T2 height- Youth,,158.26,8.34932,,
NCT03517111,Height,centimeters (cm.),MEAN,Standard Deviation,Substance Use Prevention Only,T2 height- Youth,,159.7792,7.07612,,
NCT03517111,Height,centimeters (cm.),MEAN,Standard Deviation,Academic Success Program,T2 height- Youth,,159.6308,7.3811,,
NCT03517111,Height,centimeters (cm.),MEAN,Standard Deviation,All Conditions,T2 height- Youth,,158.9688,7.5309,,
NCT03517111,Height,centimeters (cm.),MEAN,Standard Deviation,Nutrition/Substance Use Prevention,T3 height- Parents,,158.4933,6.4590,,
NCT03517111,Height,centimeters (cm.),MEAN,Standard Deviation,Substance Use Prevention Only,T3 height- Parents,,158.2562,9.3633,,
NCT03517111,Height,centimeters (cm.),MEAN,Standard Deviation,Academic Success Program,T3 height- Parents,,157.9478,7.23469,,
NCT03517111,Height,centimeters (cm.),MEAN,Standard Deviation,All Conditions,T3 height- Parents,,158.1869,7.4705,,
NCT03517111,Height,centimeters (cm.),MEAN,Standard Deviation,Nutrition/Substance Use Prevention,T3 height- Youth,,158.931,8.31398,,
NCT03517111,Height,centimeters (cm.),MEAN,Standard Deviation,Substance Use Prevention Only,T3 height- Youth,,158.7942,7.17494,,
NCT03517111,Height,centimeters (cm.),MEAN,Standard Deviation,Academic Success Program,T3 height- Youth,,160.485,8.22258,,
NCT03517111,Height,centimeters (cm.),MEAN,Standard Deviation,All Conditions,T3 height- Youth,,159.609,7.8766,,
NCT03534427,Height,cm,MEAN,Standard Deviation,Control Group,,,162,4,,
NCT03534427,Height,cm,MEAN,Standard Deviation,Jump Rope Exercise Intervention,,,161,3,,
NCT03548558,Child Height,z-score length-for-age,MEAN,Standard Deviation,"Arm 1 ""Groups"" Without Fathers",,,-1.39,1.09,,
NCT03548558,Child Height,z-score length-for-age,MEAN,Standard Deviation,"Arm 1 ""Groups"" With Fathers",,,-1.42,1.00,,
NCT03548558,Child Height,z-score length-for-age,MEAN,Standard Deviation,"Arm 2 (""Group+Home"" Sessions) Without Fathers",,,-1.43,1.04,,
NCT03548558,Child Height,z-score length-for-age,MEAN,Standard Deviation,"Arm 2 ""Group + Home"" Sessions, With Fathers Invited",,,-1.46,1.14,,
NCT03548558,Child Height,z-score length-for-age,MEAN,Standard Deviation,Arm 3,,,-1.29,1.08,,
NCT03561597,Change in Waist to Height Ratio From Baseline to 6 Months,waist-height ratio,MEAN,95% Confidence Interval,Mobile Health Application,,,0.004,,-0.014,0.022
NCT03561597,Change in Waist to Height Ratio From Baseline to 3 Months,waist-height ratio,MEAN,95% Confidence Interval,Mobile Health Application,,,-0.003,,-0.20,0.015
NCT03566680,Tear Meniscus Height,Millimeters,MEAN,Standard Deviation,Orthokeratology Group,Baseline,,0.27,0.09,,
NCT03566680,Tear Meniscus Height,Millimeters,MEAN,Standard Deviation,Orthokeratology Group,1 Month,,0.26,0.07,,
NCT03568643,Length/Height-for-age Z-score (LAZ/HAZ),Z-score,MEAN,Standard Deviation,Azithromycin,,,-2.3,1.5,,
NCT03568643,Length/Height-for-age Z-score (LAZ/HAZ),Z-score,MEAN,Standard Deviation,Amoxicillin,,,-2.37,1.5,,
NCT03583697,Change From Baseline in Height Z-score at Week 52.,Z-score,LEAST_SQUARES_MEAN,95% Confidence Interval,Randomized Vosoritide,,,-0.06,,-0.26,0.15
NCT03583697,Change From Baseline in Height Z-score at Week 52.,Z-score,LEAST_SQUARES_MEAN,95% Confidence Interval,Randomized Placebo,,,-0.31,,-0.48,-0.13
NCT03583697,Change From Baseline in Height Z-score at Week 52.,Z-score,LEAST_SQUARES_MEAN,95% Confidence Interval,All Vosoritide,,,0.01,,-0.15,0.17
NCT03583697,Change From Baseline in Height Z-score at Week 52.,Z-score,LEAST_SQUARES_MEAN,95% Confidence Interval,Placebo,,,-0.30,,-0.47,-0.13
NCT03583697,Change From Baseline in Height at Week 52,cm,LEAST_SQUARES_MEAN,95% Confidence Interval,Randomized Vosoritide,,,8.15,,7.55,8.75
NCT03583697,Change From Baseline in Height at Week 52,cm,LEAST_SQUARES_MEAN,95% Confidence Interval,Randomized Placebo,,,7.38,,6.87,7.89
NCT03583697,Change From Baseline in Height at Week 52,cm,LEAST_SQUARES_MEAN,95% Confidence Interval,All Vosoritide,,,8.41,,7.93,8.89
NCT03583697,Change From Baseline in Height at Week 52,cm,LEAST_SQUARES_MEAN,95% Confidence Interval,Placebo,,,7.45,,6.95,7.95
NCT03583697,Change From Baseline in Annualized Growth Velocity (AGV) at Week 52,cm/year,LEAST_SQUARES_MEAN,95% Confidence Interval,Randomized Vosoritide,,,-2.17,,-2.76,-1.58
NCT03583697,Change From Baseline in Annualized Growth Velocity (AGV) at Week 52,cm/year,LEAST_SQUARES_MEAN,95% Confidence Interval,Randomized Placebo,,,-2.95,,-3.45,-2.45
NCT03583697,Change From Baseline in Annualized Growth Velocity (AGV) at Week 52,cm/year,LEAST_SQUARES_MEAN,95% Confidence Interval,All Vosoritide,,,-2.41,,-2.88,-1.94
NCT03583697,Change From Baseline in Annualized Growth Velocity (AGV) at Week 52,cm/year,LEAST_SQUARES_MEAN,95% Confidence Interval,Placebo,,,-3.32,,-3.81,-2.84
NCT03583697,Change From Baseline in Upper to Lower Body Segment Ratio at Week 52,Ratio,LEAST_SQUARES_MEAN,95% Confidence Interval,Randomized Vosoritide,,,-0.20,,-0.28,-0.13
NCT03583697,Change From Baseline in Upper to Lower Body Segment Ratio at Week 52,Ratio,LEAST_SQUARES_MEAN,95% Confidence Interval,Randomized Placebo,,,-0.13,,-0.21,-0.06
NCT03583697,Change From Baseline in Upper to Lower Body Segment Ratio at Week 52,Ratio,LEAST_SQUARES_MEAN,95% Confidence Interval,All Vosoritide,,,-0.19,,-0.25,-0.13
NCT03583697,Change From Baseline in Upper to Lower Body Segment Ratio at Week 52,Ratio,LEAST_SQUARES_MEAN,95% Confidence Interval,Placebo,,,-0.13,,-0.20,-0.06
NCT03583697,"Change From Baseline in Other Growth Measures (Upper Body Length, Head Circumference, Arm Span, Upper Arm Length, Lower Arm Length, Lower Body Length, Upper Leg Length, Knee to Heel Length, and Tibial Length) at Week 52",cm,MEAN,Standard Deviation,Cohort 1: Placebo,Upper body length,,3.04,1.52,,
NCT03583697,"Change From Baseline in Other Growth Measures (Upper Body Length, Head Circumference, Arm Span, Upper Arm Length, Lower Arm Length, Lower Body Length, Upper Leg Length, Knee to Heel Length, and Tibial Length) at Week 52",cm,MEAN,Standard Deviation,Cohort 1: Vosoritide,Upper body length,,3.54,1.81,,
NCT03583697,"Change From Baseline in Other Growth Measures (Upper Body Length, Head Circumference, Arm Span, Upper Arm Length, Lower Arm Length, Lower Body Length, Upper Leg Length, Knee to Heel Length, and Tibial Length) at Week 52",cm,MEAN,Standard Deviation,Cohort 2: Placebo,Upper body length,,5.45,1.75,,
NCT03583697,"Change From Baseline in Other Growth Measures (Upper Body Length, Head Circumference, Arm Span, Upper Arm Length, Lower Arm Length, Lower Body Length, Upper Leg Length, Knee to Heel Length, and Tibial Length) at Week 52",cm,MEAN,Standard Deviation,Cohort 2: Vosoritide,Upper body length,,5.20,1.50,,
NCT03583697,"Change From Baseline in Other Growth Measures (Upper Body Length, Head Circumference, Arm Span, Upper Arm Length, Lower Arm Length, Lower Body Length, Upper Leg Length, Knee to Heel Length, and Tibial Length) at Week 52",cm,MEAN,Standard Deviation,Cohort 3: Placebo,Upper body length,,6.58,0.99,,
NCT03583697,"Change From Baseline in Other Growth Measures (Upper Body Length, Head Circumference, Arm Span, Upper Arm Length, Lower Arm Length, Lower Body Length, Upper Leg Length, Knee to Heel Length, and Tibial Length) at Week 52",cm,MEAN,Standard Deviation,Cohort 3: Vosoritide,Upper body length,,6.75,0.86,,
NCT03583697,"Change From Baseline in Other Growth Measures (Upper Body Length, Head Circumference, Arm Span, Upper Arm Length, Lower Arm Length, Lower Body Length, Upper Leg Length, Knee to Heel Length, and Tibial Length) at Week 52",cm,MEAN,Standard Deviation,Cohort 1: Placebo,Head Circumference,,0.68,0.66,,
NCT03583697,"Change From Baseline in Other Growth Measures (Upper Body Length, Head Circumference, Arm Span, Upper Arm Length, Lower Arm Length, Lower Body Length, Upper Leg Length, Knee to Heel Length, and Tibial Length) at Week 52",cm,MEAN,Standard Deviation,Cohort 1: Vosoritide,Head Circumference,,0.74,0.49,,
NCT03583697,"Change From Baseline in Other Growth Measures (Upper Body Length, Head Circumference, Arm Span, Upper Arm Length, Lower Arm Length, Lower Body Length, Upper Leg Length, Knee to Heel Length, and Tibial Length) at Week 52",cm,MEAN,Standard Deviation,Cohort 2: Placebo,Head Circumference,,2.29,1.28,,
NCT03583697,"Change From Baseline in Other Growth Measures (Upper Body Length, Head Circumference, Arm Span, Upper Arm Length, Lower Arm Length, Lower Body Length, Upper Leg Length, Knee to Heel Length, and Tibial Length) at Week 52",cm,MEAN,Standard Deviation,Cohort 2: Vosoritide,Head Circumference,,3.10,1.45,,
NCT03583697,"Change From Baseline in Other Growth Measures (Upper Body Length, Head Circumference, Arm Span, Upper Arm Length, Lower Arm Length, Lower Body Length, Upper Leg Length, Knee to Heel Length, and Tibial Length) at Week 52",cm,MEAN,Standard Deviation,Cohort 3: Placebo,Head Circumference,,5.35,0.71,,
NCT03583697,"Change From Baseline in Other Growth Measures (Upper Body Length, Head Circumference, Arm Span, Upper Arm Length, Lower Arm Length, Lower Body Length, Upper Leg Length, Knee to Heel Length, and Tibial Length) at Week 52",cm,MEAN,Standard Deviation,Cohort 3: Vosoritide,Head Circumference,,6.29,0.81,,
NCT03583697,"Change From Baseline in Other Growth Measures (Upper Body Length, Head Circumference, Arm Span, Upper Arm Length, Lower Arm Length, Lower Body Length, Upper Leg Length, Knee to Heel Length, and Tibial Length) at Week 52",cm,MEAN,Standard Deviation,Cohort 1: Placebo,Arm Span,,4.86,1.99,,
NCT03583697,"Change From Baseline in Other Growth Measures (Upper Body Length, Head Circumference, Arm Span, Upper Arm Length, Lower Arm Length, Lower Body Length, Upper Leg Length, Knee to Heel Length, and Tibial Length) at Week 52",cm,MEAN,Standard Deviation,Cohort 1: Vosoritide,Arm Span,,5.82,3.65,,
NCT03583697,"Change From Baseline in Other Growth Measures (Upper Body Length, Head Circumference, Arm Span, Upper Arm Length, Lower Arm Length, Lower Body Length, Upper Leg Length, Knee to Heel Length, and Tibial Length) at Week 52",cm,MEAN,Standard Deviation,Cohort 2: Placebo,Arm Span,,7.13,1.59,,
NCT03583697,"Change From Baseline in Other Growth Measures (Upper Body Length, Head Circumference, Arm Span, Upper Arm Length, Lower Arm Length, Lower Body Length, Upper Leg Length, Knee to Heel Length, and Tibial Length) at Week 52",cm,MEAN,Standard Deviation,Cohort 2: Vosoritide,Arm Span,,7.22,1.45,,
NCT03583697,"Change From Baseline in Other Growth Measures (Upper Body Length, Head Circumference, Arm Span, Upper Arm Length, Lower Arm Length, Lower Body Length, Upper Leg Length, Knee to Heel Length, and Tibial Length) at Week 52",cm,MEAN,Standard Deviation,Cohort 3: Placebo,Arm Span,,8.22,1.93,,
NCT03583697,"Change From Baseline in Other Growth Measures (Upper Body Length, Head Circumference, Arm Span, Upper Arm Length, Lower Arm Length, Lower Body Length, Upper Leg Length, Knee to Heel Length, and Tibial Length) at Week 52",cm,MEAN,Standard Deviation,Cohort 3: Vosoritide,Arm Span,,8.99,4.77,,
NCT03583697,"Change From Baseline in Other Growth Measures (Upper Body Length, Head Circumference, Arm Span, Upper Arm Length, Lower Arm Length, Lower Body Length, Upper Leg Length, Knee to Heel Length, and Tibial Length) at Week 52",cm,MEAN,Standard Deviation,Cohort 1: Placebo,Upper Arm Length,,1.02,1.13,,
NCT03583697,"Change From Baseline in Other Growth Measures (Upper Body Length, Head Circumference, Arm Span, Upper Arm Length, Lower Arm Length, Lower Body Length, Upper Leg Length, Knee to Heel Length, and Tibial Length) at Week 52",cm,MEAN,Standard Deviation,Cohort 1: Vosoritide,Upper Arm Length,,0.77,0.96,,
NCT03583697,"Change From Baseline in Other Growth Measures (Upper Body Length, Head Circumference, Arm Span, Upper Arm Length, Lower Arm Length, Lower Body Length, Upper Leg Length, Knee to Heel Length, and Tibial Length) at Week 52",cm,MEAN,Standard Deviation,Cohort 2: Placebo,Upper Arm Length,,1.08,0.93,,
NCT03583697,"Change From Baseline in Other Growth Measures (Upper Body Length, Head Circumference, Arm Span, Upper Arm Length, Lower Arm Length, Lower Body Length, Upper Leg Length, Knee to Heel Length, and Tibial Length) at Week 52",cm,MEAN,Standard Deviation,Cohort 2: Vosoritide,Upper Arm Length,,1.44,1.26,,
NCT03583697,"Change From Baseline in Other Growth Measures (Upper Body Length, Head Circumference, Arm Span, Upper Arm Length, Lower Arm Length, Lower Body Length, Upper Leg Length, Knee to Heel Length, and Tibial Length) at Week 52",cm,MEAN,Standard Deviation,Cohort 3: Placebo,Upper Arm Length,,1.95,1.23,,
NCT03583697,"Change From Baseline in Other Growth Measures (Upper Body Length, Head Circumference, Arm Span, Upper Arm Length, Lower Arm Length, Lower Body Length, Upper Leg Length, Knee to Heel Length, and Tibial Length) at Week 52",cm,MEAN,Standard Deviation,Cohort 3: Vosoritide,Upper Arm Length,,1.44,1.33,,
NCT03583697,"Change From Baseline in Other Growth Measures (Upper Body Length, Head Circumference, Arm Span, Upper Arm Length, Lower Arm Length, Lower Body Length, Upper Leg Length, Knee to Heel Length, and Tibial Length) at Week 52",cm,MEAN,Standard Deviation,Cohort 1: Placebo,Lower Arm (Forearm) Length,,0.49,0.96,,
NCT03583697,"Change From Baseline in Other Growth Measures (Upper Body Length, Head Circumference, Arm Span, Upper Arm Length, Lower Arm Length, Lower Body Length, Upper Leg Length, Knee to Heel Length, and Tibial Length) at Week 52",cm,MEAN,Standard Deviation,Cohort 1: Vosoritide,Lower Arm (Forearm) Length,,0.79,0.90,,
NCT03583697,"Change From Baseline in Other Growth Measures (Upper Body Length, Head Circumference, Arm Span, Upper Arm Length, Lower Arm Length, Lower Body Length, Upper Leg Length, Knee to Heel Length, and Tibial Length) at Week 52",cm,MEAN,Standard Deviation,Cohort 2: Placebo,Lower Arm (Forearm) Length,,1.78,0.44,,
NCT03583697,"Change From Baseline in Other Growth Measures (Upper Body Length, Head Circumference, Arm Span, Upper Arm Length, Lower Arm Length, Lower Body Length, Upper Leg Length, Knee to Heel Length, and Tibial Length) at Week 52",cm,MEAN,Standard Deviation,Cohort 2: Vosoritide,Lower Arm (Forearm) Length,,1.57,0.98,,
NCT03583697,"Change From Baseline in Other Growth Measures (Upper Body Length, Head Circumference, Arm Span, Upper Arm Length, Lower Arm Length, Lower Body Length, Upper Leg Length, Knee to Heel Length, and Tibial Length) at Week 52",cm,MEAN,Standard Deviation,Cohort 3: Placebo,Lower Arm (Forearm) Length,,1.66,0.82,,
NCT03583697,"Change From Baseline in Other Growth Measures (Upper Body Length, Head Circumference, Arm Span, Upper Arm Length, Lower Arm Length, Lower Body Length, Upper Leg Length, Knee to Heel Length, and Tibial Length) at Week 52",cm,MEAN,Standard Deviation,Cohort 3: Vosoritide,Lower Arm (Forearm) Length,,1.49,0.79,,
NCT03583697,"Change From Baseline in Other Growth Measures (Upper Body Length, Head Circumference, Arm Span, Upper Arm Length, Lower Arm Length, Lower Body Length, Upper Leg Length, Knee to Heel Length, and Tibial Length) at Week 52",cm,MEAN,Standard Deviation,Cohort 1: Placebo,Lower Body Length,,2.41,1.31,,
NCT03583697,"Change From Baseline in Other Growth Measures (Upper Body Length, Head Circumference, Arm Span, Upper Arm Length, Lower Arm Length, Lower Body Length, Upper Leg Length, Knee to Heel Length, and Tibial Length) at Week 52",cm,MEAN,Standard Deviation,Cohort 1: Vosoritide,Lower Body Length,,2.89,1.99,,
NCT03583697,"Change From Baseline in Other Growth Measures (Upper Body Length, Head Circumference, Arm Span, Upper Arm Length, Lower Arm Length, Lower Body Length, Upper Leg Length, Knee to Heel Length, and Tibial Length) at Week 52",cm,MEAN,Standard Deviation,Cohort 2: Placebo,Lower Body Length,,2.39,1.27,,
NCT03583697,"Change From Baseline in Other Growth Measures (Upper Body Length, Head Circumference, Arm Span, Upper Arm Length, Lower Arm Length, Lower Body Length, Upper Leg Length, Knee to Heel Length, and Tibial Length) at Week 52",cm,MEAN,Standard Deviation,Cohort 2: Vosoritide,Lower Body Length,,3.79,1.56,,
NCT03583697,"Change From Baseline in Other Growth Measures (Upper Body Length, Head Circumference, Arm Span, Upper Arm Length, Lower Arm Length, Lower Body Length, Upper Leg Length, Knee to Heel Length, and Tibial Length) at Week 52",cm,MEAN,Standard Deviation,Cohort 3: Placebo,Lower Body Length,,3.86,1.55,,
NCT03583697,"Change From Baseline in Other Growth Measures (Upper Body Length, Head Circumference, Arm Span, Upper Arm Length, Lower Arm Length, Lower Body Length, Upper Leg Length, Knee to Heel Length, and Tibial Length) at Week 52",cm,MEAN,Standard Deviation,Cohort 3: Vosoritide,Lower Body Length,,4.41,1.53,,
NCT03583697,"Change From Baseline in Other Growth Measures (Upper Body Length, Head Circumference, Arm Span, Upper Arm Length, Lower Arm Length, Lower Body Length, Upper Leg Length, Knee to Heel Length, and Tibial Length) at Week 52",cm,MEAN,Standard Deviation,Cohort 1: Placebo,Upper Leg Length (Thigh),,0.82,1.75,,
NCT03583697,"Change From Baseline in Other Growth Measures (Upper Body Length, Head Circumference, Arm Span, Upper Arm Length, Lower Arm Length, Lower Body Length, Upper Leg Length, Knee to Heel Length, and Tibial Length) at Week 52",cm,MEAN,Standard Deviation,Cohort 1: Vosoritide,Upper Leg Length (Thigh),,1.55,1.46,,
NCT03583697,"Change From Baseline in Other Growth Measures (Upper Body Length, Head Circumference, Arm Span, Upper Arm Length, Lower Arm Length, Lower Body Length, Upper Leg Length, Knee to Heel Length, and Tibial Length) at Week 52",cm,MEAN,Standard Deviation,Cohort 2: Placebo,Upper Leg Length (Thigh),,0.38,1.71,,
NCT03583697,"Change From Baseline in Other Growth Measures (Upper Body Length, Head Circumference, Arm Span, Upper Arm Length, Lower Arm Length, Lower Body Length, Upper Leg Length, Knee to Heel Length, and Tibial Length) at Week 52",cm,MEAN,Standard Deviation,Cohort 2: Vosoritide,Upper Leg Length (Thigh),,1.10,1.42,,
NCT03583697,"Change From Baseline in Other Growth Measures (Upper Body Length, Head Circumference, Arm Span, Upper Arm Length, Lower Arm Length, Lower Body Length, Upper Leg Length, Knee to Heel Length, and Tibial Length) at Week 52",cm,MEAN,Standard Deviation,Cohort 3: Placebo,Upper Leg Length (Thigh),,1.98,2.21,,
NCT03583697,"Change From Baseline in Other Growth Measures (Upper Body Length, Head Circumference, Arm Span, Upper Arm Length, Lower Arm Length, Lower Body Length, Upper Leg Length, Knee to Heel Length, and Tibial Length) at Week 52",cm,MEAN,Standard Deviation,Cohort 3: Vosoritide,Upper Leg Length (Thigh),,1.93,1.65,,
NCT03583697,"Change From Baseline in Other Growth Measures (Upper Body Length, Head Circumference, Arm Span, Upper Arm Length, Lower Arm Length, Lower Body Length, Upper Leg Length, Knee to Heel Length, and Tibial Length) at Week 52",cm,MEAN,Standard Deviation,Cohort 1: Placebo,Knee to Heel Length,,1.52,0.76,,
NCT03583697,"Change From Baseline in Other Growth Measures (Upper Body Length, Head Circumference, Arm Span, Upper Arm Length, Lower Arm Length, Lower Body Length, Upper Leg Length, Knee to Heel Length, and Tibial Length) at Week 52",cm,MEAN,Standard Deviation,Cohort 1: Vosoritide,Knee to Heel Length,,2.21,0.67,,
NCT03583697,"Change From Baseline in Other Growth Measures (Upper Body Length, Head Circumference, Arm Span, Upper Arm Length, Lower Arm Length, Lower Body Length, Upper Leg Length, Knee to Heel Length, and Tibial Length) at Week 52",cm,MEAN,Standard Deviation,Cohort 2: Placebo,Knee to Heel Length,,2.70,0.75,,
NCT03583697,"Change From Baseline in Other Growth Measures (Upper Body Length, Head Circumference, Arm Span, Upper Arm Length, Lower Arm Length, Lower Body Length, Upper Leg Length, Knee to Heel Length, and Tibial Length) at Week 52",cm,MEAN,Standard Deviation,Cohort 2: Vosoritide,Knee to Heel Length,,2.29,1.91,,
NCT03583697,"Change From Baseline in Other Growth Measures (Upper Body Length, Head Circumference, Arm Span, Upper Arm Length, Lower Arm Length, Lower Body Length, Upper Leg Length, Knee to Heel Length, and Tibial Length) at Week 52",cm,MEAN,Standard Deviation,Cohort 3: Placebo,Knee to Heel Length,,2.93,0.68,,
NCT03583697,"Change From Baseline in Other Growth Measures (Upper Body Length, Head Circumference, Arm Span, Upper Arm Length, Lower Arm Length, Lower Body Length, Upper Leg Length, Knee to Heel Length, and Tibial Length) at Week 52",cm,MEAN,Standard Deviation,Cohort 3: Vosoritide,Knee to Heel Length,,3.12,0.85,,
NCT03583697,"Change From Baseline in Other Growth Measures (Upper Body Length, Head Circumference, Arm Span, Upper Arm Length, Lower Arm Length, Lower Body Length, Upper Leg Length, Knee to Heel Length, and Tibial Length) at Week 52",cm,MEAN,Standard Deviation,Cohort 1: Placebo,Tibial Length,,0.85,0.69,,
NCT03583697,"Change From Baseline in Other Growth Measures (Upper Body Length, Head Circumference, Arm Span, Upper Arm Length, Lower Arm Length, Lower Body Length, Upper Leg Length, Knee to Heel Length, and Tibial Length) at Week 52",cm,MEAN,Standard Deviation,Cohort 1: Vosoritide,Tibial Length,,1.16,1.35,,
NCT03583697,"Change From Baseline in Other Growth Measures (Upper Body Length, Head Circumference, Arm Span, Upper Arm Length, Lower Arm Length, Lower Body Length, Upper Leg Length, Knee to Heel Length, and Tibial Length) at Week 52",cm,MEAN,Standard Deviation,Cohort 2: Placebo,Tibial Length,,1.97,1.49,,
NCT03583697,"Change From Baseline in Other Growth Measures (Upper Body Length, Head Circumference, Arm Span, Upper Arm Length, Lower Arm Length, Lower Body Length, Upper Leg Length, Knee to Heel Length, and Tibial Length) at Week 52",cm,MEAN,Standard Deviation,Cohort 2: Vosoritide,Tibial Length,,1.99,0.80,,
NCT03583697,"Change From Baseline in Other Growth Measures (Upper Body Length, Head Circumference, Arm Span, Upper Arm Length, Lower Arm Length, Lower Body Length, Upper Leg Length, Knee to Heel Length, and Tibial Length) at Week 52",cm,MEAN,Standard Deviation,Cohort 3: Placebo,Tibial Length,,1.83,0.88,,
NCT03583697,"Change From Baseline in Other Growth Measures (Upper Body Length, Head Circumference, Arm Span, Upper Arm Length, Lower Arm Length, Lower Body Length, Upper Leg Length, Knee to Heel Length, and Tibial Length) at Week 52",cm,MEAN,Standard Deviation,Cohort 3: Vosoritide,Tibial Length,,1.39,0.77,,
NCT03583697,"Change From Baseline in Other Body Proportion Ratios (Arm Span to Height Ratio, Upper Arm Length to Lower Arm [Forearm] Length Ratio, Upper Leg Length [Thigh] to Knee to Heel Length Ratio, and Upper Leg Length (Thigh) to Tibial Length Ratio) at Week 52",Ratio,MEAN,Standard Deviation,Cohort 1: Placebo,Upper Arm Length to Lower Arm(Forearm)Length Ratio,,0.05,0.15,,
NCT03583697,"Change From Baseline in Other Body Proportion Ratios (Arm Span to Height Ratio, Upper Arm Length to Lower Arm [Forearm] Length Ratio, Upper Leg Length [Thigh] to Knee to Heel Length Ratio, and Upper Leg Length (Thigh) to Tibial Length Ratio) at Week 52",Ratio,MEAN,Standard Deviation,Cohort 1: Vosoritide,Upper Arm Length to Lower Arm(Forearm)Length Ratio,,0.00,0.12,,
NCT03583697,"Change From Baseline in Other Body Proportion Ratios (Arm Span to Height Ratio, Upper Arm Length to Lower Arm [Forearm] Length Ratio, Upper Leg Length [Thigh] to Knee to Heel Length Ratio, and Upper Leg Length (Thigh) to Tibial Length Ratio) at Week 52",Ratio,MEAN,Standard Deviation,Cohort 2: Placebo,Upper Arm Length to Lower Arm(Forearm)Length Ratio,,-0.09,0.06,,
NCT03583697,"Change From Baseline in Other Body Proportion Ratios (Arm Span to Height Ratio, Upper Arm Length to Lower Arm [Forearm] Length Ratio, Upper Leg Length [Thigh] to Knee to Heel Length Ratio, and Upper Leg Length (Thigh) to Tibial Length Ratio) at Week 52",Ratio,MEAN,Standard Deviation,Cohort 2: Vosoritide,Upper Arm Length to Lower Arm(Forearm)Length Ratio,,0.01,0.10,,
NCT03583697,"Change From Baseline in Other Body Proportion Ratios (Arm Span to Height Ratio, Upper Arm Length to Lower Arm [Forearm] Length Ratio, Upper Leg Length [Thigh] to Knee to Heel Length Ratio, and Upper Leg Length (Thigh) to Tibial Length Ratio) at Week 52",Ratio,MEAN,Standard Deviation,Cohort 3: Placebo,Upper Arm Length to Lower Arm(Forearm)Length Ratio,,0.02,0.11,,
NCT03583697,"Change From Baseline in Other Body Proportion Ratios (Arm Span to Height Ratio, Upper Arm Length to Lower Arm [Forearm] Length Ratio, Upper Leg Length [Thigh] to Knee to Heel Length Ratio, and Upper Leg Length (Thigh) to Tibial Length Ratio) at Week 52",Ratio,MEAN,Standard Deviation,Cohort 3: Vosoritide,Upper Arm Length to Lower Arm(Forearm)Length Ratio,,-0.01,0.12,,
NCT03583697,"Change From Baseline in Other Body Proportion Ratios (Arm Span to Height Ratio, Upper Arm Length to Lower Arm [Forearm] Length Ratio, Upper Leg Length [Thigh] to Knee to Heel Length Ratio, and Upper Leg Length (Thigh) to Tibial Length Ratio) at Week 52",Ratio,MEAN,Standard Deviation,Cohort 1: Placebo,Upper Leg Length(Thigh)-Knee to Heel Length Ratio,,-0.01,0.08,,
NCT03583697,"Change From Baseline in Other Body Proportion Ratios (Arm Span to Height Ratio, Upper Arm Length to Lower Arm [Forearm] Length Ratio, Upper Leg Length [Thigh] to Knee to Heel Length Ratio, and Upper Leg Length (Thigh) to Tibial Length Ratio) at Week 52",Ratio,MEAN,Standard Deviation,Cohort 1: Vosoritide,Upper Leg Length(Thigh)-Knee to Heel Length Ratio,,0.01,0.07,,
NCT03583697,"Change From Baseline in Other Body Proportion Ratios (Arm Span to Height Ratio, Upper Arm Length to Lower Arm [Forearm] Length Ratio, Upper Leg Length [Thigh] to Knee to Heel Length Ratio, and Upper Leg Length (Thigh) to Tibial Length Ratio) at Week 52",Ratio,MEAN,Standard Deviation,Cohort 2: Placebo,Upper Leg Length(Thigh)-Knee to Heel Length Ratio,,-0.09,0.10,,
NCT03583697,"Change From Baseline in Other Body Proportion Ratios (Arm Span to Height Ratio, Upper Arm Length to Lower Arm [Forearm] Length Ratio, Upper Leg Length [Thigh] to Knee to Heel Length Ratio, and Upper Leg Length (Thigh) to Tibial Length Ratio) at Week 52",Ratio,MEAN,Standard Deviation,Cohort 2: Vosoritide,Upper Leg Length(Thigh)-Knee to Heel Length Ratio,,-0.03,0.08,,
NCT03583697,"Change From Baseline in Other Body Proportion Ratios (Arm Span to Height Ratio, Upper Arm Length to Lower Arm [Forearm] Length Ratio, Upper Leg Length [Thigh] to Knee to Heel Length Ratio, and Upper Leg Length (Thigh) to Tibial Length Ratio) at Week 52",Ratio,MEAN,Standard Deviation,Cohort 3: Placebo,Upper Leg Length(Thigh)-Knee to Heel Length Ratio,,0.01,0.16,,
NCT03583697,"Change From Baseline in Other Body Proportion Ratios (Arm Span to Height Ratio, Upper Arm Length to Lower Arm [Forearm] Length Ratio, Upper Leg Length [Thigh] to Knee to Heel Length Ratio, and Upper Leg Length (Thigh) to Tibial Length Ratio) at Week 52",Ratio,MEAN,Standard Deviation,Cohort 3: Vosoritide,Upper Leg Length(Thigh)-Knee to Heel Length Ratio,,-0.02,0.11,,
NCT03583697,"Change From Baseline in Other Body Proportion Ratios (Arm Span to Height Ratio, Upper Arm Length to Lower Arm [Forearm] Length Ratio, Upper Leg Length [Thigh] to Knee to Heel Length Ratio, and Upper Leg Length (Thigh) to Tibial Length Ratio) at Week 52",Ratio,MEAN,Standard Deviation,Cohort 1: Placebo,Upper Leg Length (Thigh) to Tibial Length Ratio,,0.00,0.12,,
NCT03583697,"Change From Baseline in Other Body Proportion Ratios (Arm Span to Height Ratio, Upper Arm Length to Lower Arm [Forearm] Length Ratio, Upper Leg Length [Thigh] to Knee to Heel Length Ratio, and Upper Leg Length (Thigh) to Tibial Length Ratio) at Week 52",Ratio,MEAN,Standard Deviation,Cohort 1: Vosoritide,Upper Leg Length (Thigh) to Tibial Length Ratio,,0.02,0.17,,
NCT03583697,"Change From Baseline in Other Body Proportion Ratios (Arm Span to Height Ratio, Upper Arm Length to Lower Arm [Forearm] Length Ratio, Upper Leg Length [Thigh] to Knee to Heel Length Ratio, and Upper Leg Length (Thigh) to Tibial Length Ratio) at Week 52",Ratio,MEAN,Standard Deviation,Cohort 2: Placebo,Upper Leg Length (Thigh) to Tibial Length Ratio,,-0.16,0.24,,
NCT03583697,"Change From Baseline in Other Body Proportion Ratios (Arm Span to Height Ratio, Upper Arm Length to Lower Arm [Forearm] Length Ratio, Upper Leg Length [Thigh] to Knee to Heel Length Ratio, and Upper Leg Length (Thigh) to Tibial Length Ratio) at Week 52",Ratio,MEAN,Standard Deviation,Cohort 2: Vosoritide,Upper Leg Length (Thigh) to Tibial Length Ratio,,-0.10,0.07,,
NCT03583697,"Change From Baseline in Other Body Proportion Ratios (Arm Span to Height Ratio, Upper Arm Length to Lower Arm [Forearm] Length Ratio, Upper Leg Length [Thigh] to Knee to Heel Length Ratio, and Upper Leg Length (Thigh) to Tibial Length Ratio) at Week 52",Ratio,MEAN,Standard Deviation,Cohort 3: Placebo,Upper Leg Length (Thigh) to Tibial Length Ratio,,0.00,0.29,,
NCT03583697,"Change From Baseline in Other Body Proportion Ratios (Arm Span to Height Ratio, Upper Arm Length to Lower Arm [Forearm] Length Ratio, Upper Leg Length [Thigh] to Knee to Heel Length Ratio, and Upper Leg Length (Thigh) to Tibial Length Ratio) at Week 52",Ratio,MEAN,Standard Deviation,Cohort 3: Vosoritide,Upper Leg Length (Thigh) to Tibial Length Ratio,,0.04,0.22,,
NCT03583697,"Change From Baseline in Other Body Proportion Ratios (Arm Span to Height Ratio, Upper Arm Length to Lower Arm [Forearm] Length Ratio, Upper Leg Length [Thigh] to Knee to Heel Length Ratio, and Upper Leg Length (Thigh) to Tibial Length Ratio) at Week 52",Ratio,MEAN,Standard Deviation,Cohort 1: Placebo,Arm Span to Standing Height Ratio,,0.00,0.02,,
NCT03583697,"Change From Baseline in Other Body Proportion Ratios (Arm Span to Height Ratio, Upper Arm Length to Lower Arm [Forearm] Length Ratio, Upper Leg Length [Thigh] to Knee to Heel Length Ratio, and Upper Leg Length (Thigh) to Tibial Length Ratio) at Week 52",Ratio,MEAN,Standard Deviation,Cohort 1: Vosoritide,Arm Span to Standing Height Ratio,,0.00,0.06,,
NCT03583697,"Change From Baseline in Other Body Proportion Ratios (Arm Span to Height Ratio, Upper Arm Length to Lower Arm [Forearm] Length Ratio, Upper Leg Length [Thigh] to Knee to Heel Length Ratio, and Upper Leg Length (Thigh) to Tibial Length Ratio) at Week 52",Ratio,MEAN,Standard Deviation,Cohort 2: Placebo,Arm Span to Standing Height Ratio,,0.00,0.02,,
NCT03583697,"Change From Baseline in Other Body Proportion Ratios (Arm Span to Height Ratio, Upper Arm Length to Lower Arm [Forearm] Length Ratio, Upper Leg Length [Thigh] to Knee to Heel Length Ratio, and Upper Leg Length (Thigh) to Tibial Length Ratio) at Week 52",Ratio,MEAN,Standard Deviation,Cohort 2: Vosoritide,Arm Span to Standing Height Ratio,,-0.01,0.02,,
NCT03583697,"Change From Baseline in Other Body Proportion Ratios (Arm Span to Height Ratio, Upper Arm Length to Lower Arm [Forearm] Length Ratio, Upper Leg Length [Thigh] to Knee to Heel Length Ratio, and Upper Leg Length (Thigh) to Tibial Length Ratio) at Week 52",Ratio,MEAN,Standard Deviation,Cohort 3: Placebo,Arm Span to Standing Height Ratio,,-0.01,0.04,,
NCT03583697,"Change From Baseline in Other Body Proportion Ratios (Arm Span to Height Ratio, Upper Arm Length to Lower Arm [Forearm] Length Ratio, Upper Leg Length [Thigh] to Knee to Heel Length Ratio, and Upper Leg Length (Thigh) to Tibial Length Ratio) at Week 52",Ratio,MEAN,Standard Deviation,Cohort 3: Vosoritide,Arm Span to Standing Height Ratio,,-0.02,0.07,,
NCT03583697,Change From Baseline in Bilateral X-rays of Left Femur Length (cm) to Tibia Length (cm) Ratio and Right Femur Length (cm) to Tibia Length (cm) Ratio at Week 52,Ratio,MEAN,Standard Deviation,All Vosoritide,Left Femur Length (cm) to Tibia Length (cm) Ratio,,-0.03,0.06,,
NCT03583697,Change From Baseline in Bilateral X-rays of Left Femur Length (cm) to Tibia Length (cm) Ratio and Right Femur Length (cm) to Tibia Length (cm) Ratio at Week 52,Ratio,MEAN,Standard Deviation,Placebo,Left Femur Length (cm) to Tibia Length (cm) Ratio,,-0.05,0.05,,
NCT03583697,Change From Baseline in Bilateral X-rays of Left Femur Length (cm) to Tibia Length (cm) Ratio and Right Femur Length (cm) to Tibia Length (cm) Ratio at Week 52,Ratio,MEAN,Standard Deviation,All Vosoritide,Right Femur Length (cm) to Tibia Length (cm) Ratio,,-0.05,0.06,,
NCT03583697,Change From Baseline in Bilateral X-rays of Left Femur Length (cm) to Tibia Length (cm) Ratio and Right Femur Length (cm) to Tibia Length (cm) Ratio at Week 52,Ratio,MEAN,Standard Deviation,Placebo,Right Femur Length (cm) to Tibia Length (cm) Ratio,,-0.02,0.03,,
NCT03583697,Change From Baseline in Bilateral X-rays of Left Tibia Length (cm) to Fibula Length (cm) Ratio & Right Tibia Length (cm) to Fibula Length (cm) Ratio at Week 52,Ratio,MEAN,Standard Deviation,All Vosoritide,Left Tibia Length (cm) to Fibula Length (cm) Ratio,,-0.02,0.04,,
NCT03583697,Change From Baseline in Bilateral X-rays of Left Tibia Length (cm) to Fibula Length (cm) Ratio & Right Tibia Length (cm) to Fibula Length (cm) Ratio at Week 52,Ratio,MEAN,Standard Deviation,Placebo,Left Tibia Length (cm) to Fibula Length (cm) Ratio,,-0.04,0.04,,
NCT03583697,Change From Baseline in Bilateral X-rays of Left Tibia Length (cm) to Fibula Length (cm) Ratio & Right Tibia Length (cm) to Fibula Length (cm) Ratio at Week 52,Ratio,MEAN,Standard Deviation,All Vosoritide,Right Tibia Length (cm) to Fibula Length(cm) Ratio,,-0.02,0.05,,
NCT03583697,Change From Baseline in Bilateral X-rays of Left Tibia Length (cm) to Fibula Length (cm) Ratio & Right Tibia Length (cm) to Fibula Length (cm) Ratio at Week 52,Ratio,MEAN,Standard Deviation,Placebo,Right Tibia Length (cm) to Fibula Length(cm) Ratio,,-0.03,0.04,,
NCT03625466,Part 1: Absolute Change in Stature-for-age Z-score at Week 48,z-score,MEAN,95% Confidence Interval,Part 1: Placebo,,,0.10,,-0.04,0.24
NCT03625466,Part 1: Absolute Change in Stature-for-age Z-score at Week 48,z-score,MEAN,95% Confidence Interval,Part 1: LUM/IVA,,,0.09,,-0.05,0.22
NCT03635073,Number of Participants With Potentially Clinically Significant Weight and Height,Participants,COUNT_OF_PARTICIPANTS,,Soticlestat,Height,,43,,,
NCT03635073,Number of Participants With Potentially Clinically Significant Weight and Height,Participants,COUNT_OF_PARTICIPANTS,,Soticlestat,Weight,,16,,,
NCT03659916,Change From Baseline in Height Z-Scores,Z-score,MEDIAN,Full Range,Cohort 1: Placebo/Odevixibat,Week 24,,0.181,,-0.28,1.53
NCT03659916,Change From Baseline in Height Z-Scores,Z-score,MEDIAN,Full Range,Cohort 1: Odevixibat/Odevixibat,Week 24,,0.341,,-1.04,2.26
NCT03659916,Change From Baseline in Height Z-Scores,Z-score,MEDIAN,Full Range,Cohort 2: Odevixibat,Week 24,,0.089,,-1.34,1.97
NCT03659916,Change From Baseline in Height Z-Scores,Z-score,MEDIAN,Full Range,Cohort 1: Placebo/Odevixibat,Week 48,,0.485,,0.02,1.42
NCT03659916,Change From Baseline in Height Z-Scores,Z-score,MEDIAN,Full Range,Cohort 1: Odevixibat/Odevixibat,Week 48,,0.662,,-0.75,2.08
NCT03659916,Change From Baseline in Height Z-Scores,Z-score,MEDIAN,Full Range,Cohort 2: Odevixibat,Week 48,,0.095,,-1.46,2.03
NCT03659916,Change From Baseline in Height Z-Scores,Z-score,MEDIAN,Full Range,Cohort 1: Placebo/Odevixibat,Average of Weeks 70-72,,0.556,,-0.01,1.57
NCT03659916,Change From Baseline in Height Z-Scores,Z-score,MEDIAN,Full Range,Cohort 1: Odevixibat/Odevixibat,Average of Weeks 70-72,,0.543,,-0.83,2.12
NCT03659916,Change From Baseline in Height Z-Scores,Z-score,MEDIAN,Full Range,Cohort 2: Odevixibat,Average of Weeks 70-72,,0.224,,-1.42,2.62
NCT03670004,"Foot's Height During the Swing Phase of Walking (i.e., Foot Clearance) Measured in Centimeter",cm,MEAN,Standard Deviation,Unilateral Below Knee Amputation,"Non-dominant/Impaired, normal speed",,6.1,1.5,,
NCT03670004,"Foot's Height During the Swing Phase of Walking (i.e., Foot Clearance) Measured in Centimeter",cm,MEAN,Standard Deviation,Non-Impaired,"Non-dominant/Impaired, normal speed",,5.5,1.2,,
NCT03670004,"Foot's Height During the Swing Phase of Walking (i.e., Foot Clearance) Measured in Centimeter",cm,MEAN,Standard Deviation,Unilateral Below Knee Amputation,"Dominant/Sound, normal speed",,6.1,1.3,,
NCT03670004,"Foot's Height During the Swing Phase of Walking (i.e., Foot Clearance) Measured in Centimeter",cm,MEAN,Standard Deviation,Non-Impaired,"Dominant/Sound, normal speed",,5.7,1.3,,
NCT03670004,"Foot's Height During the Swing Phase of Walking (i.e., Foot Clearance) Measured in Centimeter",cm,MEAN,Standard Deviation,Unilateral Below Knee Amputation,"Non-dominant/Impaired, fast speed",,5.1,1.2,,
NCT03670004,"Foot's Height During the Swing Phase of Walking (i.e., Foot Clearance) Measured in Centimeter",cm,MEAN,Standard Deviation,Non-Impaired,"Non-dominant/Impaired, fast speed",,4.1,0.8,,
NCT03670004,"Foot's Height During the Swing Phase of Walking (i.e., Foot Clearance) Measured in Centimeter",cm,MEAN,Standard Deviation,Unilateral Below Knee Amputation,"Dominant/Sound, fast speed",,4.7,0.7,,
NCT03670004,"Foot's Height During the Swing Phase of Walking (i.e., Foot Clearance) Measured in Centimeter",cm,MEAN,Standard Deviation,Non-Impaired,"Dominant/Sound, fast speed",,4.2,0.9,,
NCT03676751,Change in Height Over Time,cm,MEAN,Standard Deviation,Azithromycin,,,91.6,11.5,,
NCT03676751,Change in Height Over Time,cm,MEAN,Standard Deviation,Placebo,,,91.3,10.6,,
NCT03676764,Height-for-age Z-score in Individually Randomized Children at Healthy Child Visits,z score,MEAN,Standard Deviation,Targeted Oral Azithromycin,,,-0.31,1.3,,
NCT03676764,Height-for-age Z-score in Individually Randomized Children at Healthy Child Visits,z score,MEAN,Standard Deviation,Targeted Oral Placebo,,,-0.31,1.3,,
NCT03683758,Percentage Change From Baseline in Squat Jump Height After an 8 Week Intervention,Percentage of change,MEAN,Standard Deviation,FIFA11+ / Intervention Group,,,11.88,6.9,,
NCT03683758,Percentage Change From Baseline in Squat Jump Height After an 8 Week Intervention,Percentage of change,MEAN,Standard Deviation,Typical Warm-up / Control Group,,,7.54,7.1,,
NCT03689504,Change in Height/Length for Age Z Score From Baseline to 6 Months,change in Z score,MEAN,Standard Deviation,Standard of Care,,,-0.21,0.49,,
NCT03689504,Change in Height/Length for Age Z Score From Baseline to 6 Months,change in Z score,MEAN,Standard Deviation,Home Garden Intervention,,,-0.07,0.51,,
NCT03691779,Part B: Absolute Change in Height,centimeters (cm),LEAST_SQUARES_MEAN,95% Confidence Interval,Part B: ELX/TEZ/IVA,,,2.3,,1.9,2.7
NCT03691779,Part B: Absolute Change in Height-for-Age Z-Score,z-score,LEAST_SQUARES_MEAN,95% Confidence Interval,Part B: ELX/TEZ/IVA,,,-0.05,,-0.12,0.01
NCT03695237,Parts 1 and 2: Change From Baseline in Incremental Growth Rate,cm/year,MEAN,Standard Deviation,Leuprolide Acetate - Previously Treated,Week 4,,-0.6,9.99,,
NCT03695237,Parts 1 and 2: Change From Baseline in Incremental Growth Rate,cm/year,MEAN,Standard Deviation,Leuprolide Acetate - Treament Naïve,Week 4,,-0.9,10.52,,
NCT03695237,Parts 1 and 2: Change From Baseline in Incremental Growth Rate,cm/year,MEAN,Standard Deviation,Leuprolide Acetate - Overall,Week 4,,-0.8,10.19,,
NCT03695237,Parts 1 and 2: Change From Baseline in Incremental Growth Rate,cm/year,MEAN,Standard Deviation,Leuprolide Acetate - Previously Treated,Week 12,,-0.6,4.09,,
NCT03695237,Parts 1 and 2: Change From Baseline in Incremental Growth Rate,cm/year,MEAN,Standard Deviation,Leuprolide Acetate - Treament Naïve,Week 12,,-2.9,5.42,,
NCT03695237,Parts 1 and 2: Change From Baseline in Incremental Growth Rate,cm/year,MEAN,Standard Deviation,Leuprolide Acetate - Overall,Week 12,,-2.0,5.02,,
NCT03695237,Parts 1 and 2: Change From Baseline in Incremental Growth Rate,cm/year,MEAN,Standard Deviation,Leuprolide Acetate - Previously Treated,Week 20,,-0.5,2.61,,
NCT03695237,Parts 1 and 2: Change From Baseline in Incremental Growth Rate,cm/year,MEAN,Standard Deviation,Leuprolide Acetate - Treament Naïve,Week 20,,-3.8,4.69,,
NCT03695237,Parts 1 and 2: Change From Baseline in Incremental Growth Rate,cm/year,MEAN,Standard Deviation,Leuprolide Acetate - Overall,Week 20,,-2.5,4.28,,
NCT03695237,Parts 1 and 2: Change From Baseline in Incremental Growth Rate,cm/year,MEAN,Standard Deviation,Leuprolide Acetate - Previously Treated,Week 24,,-0.5,2.81,,
NCT03695237,Parts 1 and 2: Change From Baseline in Incremental Growth Rate,cm/year,MEAN,Standard Deviation,Leuprolide Acetate - Treament Naïve,Week 24,,-3.7,4.28,,
NCT03695237,Parts 1 and 2: Change From Baseline in Incremental Growth Rate,cm/year,MEAN,Standard Deviation,Leuprolide Acetate - Overall,Week 24,,-2.4,4.03,,
NCT03695237,Parts 1 and 2: Change From Baseline in Incremental Growth Rate,cm/year,MEAN,Standard Deviation,Leuprolide Acetate - Previously Treated,Week 44,,-0.4,2.48,,
NCT03695237,Parts 1 and 2: Change From Baseline in Incremental Growth Rate,cm/year,MEAN,Standard Deviation,Leuprolide Acetate - Treament Naïve,Week 44,,-4.1,3.77,,
NCT03695237,Parts 1 and 2: Change From Baseline in Incremental Growth Rate,cm/year,MEAN,Standard Deviation,Leuprolide Acetate - Overall,Week 44,,-2.6,3.76,,
NCT03695237,Parts 1 and 2: Change From Baseline in Incremental Growth Rate,cm/year,MEAN,Standard Deviation,Leuprolide Acetate - Previously Treated,Week 48,,-0.3,2.67,,
NCT03695237,Parts 1 and 2: Change From Baseline in Incremental Growth Rate,cm/year,MEAN,Standard Deviation,Leuprolide Acetate - Treament Naïve,Week 48,,-3.5,4.71,,
NCT03695237,Parts 1 and 2: Change From Baseline in Incremental Growth Rate,cm/year,MEAN,Standard Deviation,Leuprolide Acetate - Overall,Week 48,,-2.3,4.32,,
NCT03695237,Parts 1 and 2: Change From Baseline in Incremental Growth Rate,cm/year,MEAN,Standard Deviation,Leuprolide Acetate - Previously Treated,Week 72,,-0.5,2.09,,
NCT03695237,Parts 1 and 2: Change From Baseline in Incremental Growth Rate,cm/year,MEAN,Standard Deviation,Leuprolide Acetate - Treament Naïve,Week 72,,-4.3,3.53,,
NCT03695237,Parts 1 and 2: Change From Baseline in Incremental Growth Rate,cm/year,MEAN,Standard Deviation,Leuprolide Acetate - Overall,Week 72,,-2.8,3.55,,
NCT03695237,Parts 1 and 2: Change From Baseline in Incremental Growth Rate,cm/year,MEAN,Standard Deviation,Leuprolide Acetate - Previously Treated,Week 96,,-0.6,2.29,,
NCT03695237,Parts 1 and 2: Change From Baseline in Incremental Growth Rate,cm/year,MEAN,Standard Deviation,Leuprolide Acetate - Treament Naïve,Week 96,,-4.9,3.43,,
NCT03695237,Parts 1 and 2: Change From Baseline in Incremental Growth Rate,cm/year,MEAN,Standard Deviation,Leuprolide Acetate - Overall,Week 96,,-3.2,3.68,,
NCT03695237,Parts 1 and 2: Change From Baseline in Incremental Growth Rate,cm/year,MEAN,Standard Deviation,Leuprolide Acetate - Previously Treated,Week 120,,-1.2,1.96,,
NCT03695237,Parts 1 and 2: Change From Baseline in Incremental Growth Rate,cm/year,MEAN,Standard Deviation,Leuprolide Acetate - Treament Naïve,Week 120,,-5.6,3.27,,
NCT03695237,Parts 1 and 2: Change From Baseline in Incremental Growth Rate,cm/year,MEAN,Standard Deviation,Leuprolide Acetate - Overall,Week 120,,-3.9,3.54,,
NCT03695237,Parts 1 and 2: Change From Baseline in Incremental Growth Rate,cm/year,MEAN,Standard Deviation,Leuprolide Acetate - Previously Treated,Week 144,,-1.0,1.63,,
NCT03695237,Parts 1 and 2: Change From Baseline in Incremental Growth Rate,cm/year,MEAN,Standard Deviation,Leuprolide Acetate - Treament Naïve,Week 144,,-5.3,2.76,,
NCT03695237,Parts 1 and 2: Change From Baseline in Incremental Growth Rate,cm/year,MEAN,Standard Deviation,Leuprolide Acetate - Overall,Week 144,,-4.0,3.19,,
NCT03695237,Parts 1 and 2: Ratio of Change From Baseline in Bone Age to Change From Baseline in Chronological Age,ratio,MEAN,Standard Deviation,Leuprolide Acetate - Previously Treated,Week 24,,0.5,0.80,,
NCT03695237,Parts 1 and 2: Ratio of Change From Baseline in Bone Age to Change From Baseline in Chronological Age,ratio,MEAN,Standard Deviation,Leuprolide Acetate - Treament Naïve,Week 24,,0.7,0.56,,
NCT03695237,Parts 1 and 2: Ratio of Change From Baseline in Bone Age to Change From Baseline in Chronological Age,ratio,MEAN,Standard Deviation,Leuprolide Acetate - Overall,Week 24,,0.6,0.66,,
NCT03695237,Parts 1 and 2: Ratio of Change From Baseline in Bone Age to Change From Baseline in Chronological Age,ratio,MEAN,Standard Deviation,Leuprolide Acetate - Previously Treated,Week 48,,0.2,1.36,,
NCT03695237,Parts 1 and 2: Ratio of Change From Baseline in Bone Age to Change From Baseline in Chronological Age,ratio,MEAN,Standard Deviation,Leuprolide Acetate - Treament Naïve,Week 48,,0.6,0.41,,
NCT03695237,Parts 1 and 2: Ratio of Change From Baseline in Bone Age to Change From Baseline in Chronological Age,ratio,MEAN,Standard Deviation,Leuprolide Acetate - Overall,Week 48,,0.5,0.93,,
NCT03695237,Parts 1 and 2: Ratio of Change From Baseline in Bone Age to Change From Baseline in Chronological Age,ratio,MEAN,Standard Deviation,Leuprolide Acetate - Previously Treated,Week 72,,0.6,0.31,,
NCT03695237,Parts 1 and 2: Ratio of Change From Baseline in Bone Age to Change From Baseline in Chronological Age,ratio,MEAN,Standard Deviation,Leuprolide Acetate - Treament Naïve,Week 72,,0.6,0.38,,
NCT03695237,Parts 1 and 2: Ratio of Change From Baseline in Bone Age to Change From Baseline in Chronological Age,ratio,MEAN,Standard Deviation,Leuprolide Acetate - Overall,Week 72,,0.6,0.35,,
NCT03695237,Parts 1 and 2: Ratio of Change From Baseline in Bone Age to Change From Baseline in Chronological Age,ratio,MEAN,Standard Deviation,Leuprolide Acetate - Previously Treated,Week 96,,0.6,0.32,,
NCT03695237,Parts 1 and 2: Ratio of Change From Baseline in Bone Age to Change From Baseline in Chronological Age,ratio,MEAN,Standard Deviation,Leuprolide Acetate - Treament Naïve,Week 96,,0.7,0.28,,
NCT03695237,Parts 1 and 2: Ratio of Change From Baseline in Bone Age to Change From Baseline in Chronological Age,ratio,MEAN,Standard Deviation,Leuprolide Acetate - Overall,Week 96,,0.6,0.29,,
NCT03695237,Parts 1 and 2: Ratio of Change From Baseline in Bone Age to Change From Baseline in Chronological Age,ratio,MEAN,Standard Deviation,Leuprolide Acetate - Previously Treated,Week 120,,0.5,0.28,,
NCT03695237,Parts 1 and 2: Ratio of Change From Baseline in Bone Age to Change From Baseline in Chronological Age,ratio,MEAN,Standard Deviation,Leuprolide Acetate - Treament Naïve,Week 120,,0.6,0.34,,
NCT03695237,Parts 1 and 2: Ratio of Change From Baseline in Bone Age to Change From Baseline in Chronological Age,ratio,MEAN,Standard Deviation,Leuprolide Acetate - Overall,Week 120,,0.6,0.32,,
NCT03695237,Parts 1 and 2: Ratio of Change From Baseline in Bone Age to Change From Baseline in Chronological Age,ratio,MEAN,Standard Deviation,Leuprolide Acetate - Previously Treated,Week 144,,0.6,0.26,,
NCT03695237,Parts 1 and 2: Ratio of Change From Baseline in Bone Age to Change From Baseline in Chronological Age,ratio,MEAN,Standard Deviation,Leuprolide Acetate - Treament Naïve,Week 144,,0.6,0.24,,
NCT03695237,Parts 1 and 2: Ratio of Change From Baseline in Bone Age to Change From Baseline in Chronological Age,ratio,MEAN,Standard Deviation,Leuprolide Acetate - Overall,Week 144,,0.6,0.24,,
NCT03707977,Height Z-scores of Virally Suppressed Children Receiving bNAbs,change in score on a scale,MEAN,95% Confidence Interval,Steps 1-3 Participants (ART + 10-1074 + VRC01LS),,,0.18,,0.07,0.30
NCT03720938,"BMI Calculated as ""Weight (kg) / Height (m^2)""",kg/ m^2,MEAN,Standard Deviation,Control Group,At the beginning of games,,18.20,3.29,,
NCT03720938,"BMI Calculated as ""Weight (kg) / Height (m^2)""",kg/ m^2,MEAN,Standard Deviation,Intervention Group,At the beginning of games,,17.97,3.34,,
NCT03720938,"BMI Calculated as ""Weight (kg) / Height (m^2)""",kg/ m^2,MEAN,Standard Deviation,Control Group,At the end of the games,,18.86,3.57,,
NCT03720938,"BMI Calculated as ""Weight (kg) / Height (m^2)""",kg/ m^2,MEAN,Standard Deviation,Intervention Group,At the end of the games,,17.64,3.36,,
NCT03730207,"Change in Vertebral Body Height at 1 Day, 3 Months, and 6 Months",millimetre,LEAST_SQUARES_MEAN,95% Confidence Interval,Xpede™ Bone Cement,Change in vertebral body height (Anterior height) restoration at 6 months,,-4.271,,-5.348,-3.195
NCT03730207,"Change in Vertebral Body Height at 1 Day, 3 Months, and 6 Months",millimetre,LEAST_SQUARES_MEAN,95% Confidence Interval,Mendec Spine Bone Cement,Change in vertebral body height (Anterior height) restoration at 6 months,,-4.429,,-5.492,-3.366
NCT03730207,"Change in Vertebral Body Height at 1 Day, 3 Months, and 6 Months",millimetre,LEAST_SQUARES_MEAN,95% Confidence Interval,Xpede™ Bone Cement,Change in vertebral body height (Anterior height) restoration at 3 months,,-3.949,,-5.040,-2.859
NCT03730207,"Change in Vertebral Body Height at 1 Day, 3 Months, and 6 Months",millimetre,LEAST_SQUARES_MEAN,95% Confidence Interval,Mendec Spine Bone Cement,Change in vertebral body height (Anterior height) restoration at 3 months,,-4.154,,-5.234,-3.074
NCT03730207,"Change in Vertebral Body Height at 1 Day, 3 Months, and 6 Months",millimetre,LEAST_SQUARES_MEAN,95% Confidence Interval,Xpede™ Bone Cement,Change in vertebral body height (Anterior height) restoration at 1 day,,-2.514,,-3.597,-1.432
NCT03730207,"Change in Vertebral Body Height at 1 Day, 3 Months, and 6 Months",millimetre,LEAST_SQUARES_MEAN,95% Confidence Interval,Mendec Spine Bone Cement,Change in vertebral body height (Anterior height) restoration at 1 day,,-2.738,,-3.809,-1.666
NCT03730207,"Change in Vertebral Body Height at 1 Day, 3 Months, and 6 Months",millimetre,LEAST_SQUARES_MEAN,95% Confidence Interval,Xpede™ Bone Cement,Change in vertebral body height (Mid-vertebral height) restoration at 1 day,,-2.375,,-2.375,-1.531
NCT03730207,"Change in Vertebral Body Height at 1 Day, 3 Months, and 6 Months",millimetre,LEAST_SQUARES_MEAN,95% Confidence Interval,Mendec Spine Bone Cement,Change in vertebral body height (Mid-vertebral height) restoration at 1 day,,-2.845,,-3.679,-2.011
NCT03730207,"Change in Vertebral Body Height at 1 Day, 3 Months, and 6 Months",millimetre,LEAST_SQUARES_MEAN,95% Confidence Interval,Xpede™ Bone Cement,Change in vertebral body height (Mid-vertebral height) restoration at 3 months,,-3.727,,-4.610,-2.844
NCT03730207,"Change in Vertebral Body Height at 1 Day, 3 Months, and 6 Months",millimetre,LEAST_SQUARES_MEAN,95% Confidence Interval,Mendec Spine Bone Cement,Change in vertebral body height (Mid-vertebral height) restoration at 3 months,,-3.979,,-4.850,-3.108
NCT03730207,"Change in Vertebral Body Height at 1 Day, 3 Months, and 6 Months",millimetre,LEAST_SQUARES_MEAN,95% Confidence Interval,Xpede™ Bone Cement,Change in vertebral body height (Mid-vertebral height) restoration at 6 months,,-3.426,,-4.255,-2.597
NCT03730207,"Change in Vertebral Body Height at 1 Day, 3 Months, and 6 Months",millimetre,LEAST_SQUARES_MEAN,95% Confidence Interval,Mendec Spine Bone Cement,Change in vertebral body height (Mid-vertebral height) restoration at 6 months,,-3.603,,-4.418,-2.788
NCT03730207,"Change in Vertebral Body Height at 1 Day, 3 Months, and 6 Months",millimetre,LEAST_SQUARES_MEAN,95% Confidence Interval,Xpede™ Bone Cement,Change in vertebral body height (Posterior height) restoration at 1 day,,-0.128,,-0.912,0.656
NCT03730207,"Change in Vertebral Body Height at 1 Day, 3 Months, and 6 Months",millimetre,LEAST_SQUARES_MEAN,95% Confidence Interval,Mendec Spine Bone Cement,Change in vertebral body height (Posterior height) restoration at 1 day,,-0.613,,-1.387,0.160
NCT03730207,"Change in Vertebral Body Height at 1 Day, 3 Months, and 6 Months",millimetre,LEAST_SQUARES_MEAN,95% Confidence Interval,Xpede™ Bone Cement,Change in vertebral body height (Posterior height) restoration at 3 months,,-0.821,,-1.682,0.041
NCT03730207,"Change in Vertebral Body Height at 1 Day, 3 Months, and 6 Months",millimetre,LEAST_SQUARES_MEAN,95% Confidence Interval,Mendec Spine Bone Cement,Change in vertebral body height (Posterior height) restoration at 3 months,,-1.579,,-2.426,-0.732
NCT03730207,"Change in Vertebral Body Height at 1 Day, 3 Months, and 6 Months",millimetre,LEAST_SQUARES_MEAN,95% Confidence Interval,Xpede™ Bone Cement,Change in vertebral body height (Posterior height) restoration at 6 months,,-0.862,,-1.628,-0.096
NCT03730207,"Change in Vertebral Body Height at 1 Day, 3 Months, and 6 Months",millimetre,LEAST_SQUARES_MEAN,95% Confidence Interval,Mendec Spine Bone Cement,Change in vertebral body height (Posterior height) restoration at 6 months,,-1.451,,-2.201,-0.702
NCT03738475,Change From Baseline in Ratio of Villus Height to Crypt Depth (Vh:Cd) at Day 29,ratio,MEAN,Standard Deviation,TIMP-GLIA 8 mg/kg,Baseline (Screening): Vh:Cd,,2.82,0.306,,
NCT03738475,Change From Baseline in Ratio of Villus Height to Crypt Depth (Vh:Cd) at Day 29,ratio,MEAN,Standard Deviation,Placebo,Baseline (Screening): Vh:Cd,,3.01,0.451,,
NCT03738475,Change From Baseline in Ratio of Villus Height to Crypt Depth (Vh:Cd) at Day 29,ratio,MEAN,Standard Deviation,TIMP-GLIA 8 mg/kg,Change at Day 29: Vh:Cd:,,-0.18,0.381,,
NCT03738475,Change From Baseline in Ratio of Villus Height to Crypt Depth (Vh:Cd) at Day 29,ratio,MEAN,Standard Deviation,Placebo,Change at Day 29: Vh:Cd:,,-0.63,0.657,,
NCT03768726,"Change From Baseline in Height and Waist Circumference at Week 6, 26 and Follow-up Visit",cm,MEAN,Standard Deviation,Ziprasidone in A1281198 and A1281201,"Height, Baseline",,159.82,10.182,,
NCT03768726,"Change From Baseline in Height and Waist Circumference at Week 6, 26 and Follow-up Visit",cm,MEAN,Standard Deviation,Placebo in A1281198 Then Ziprasidone in A1281201,"Height, Baseline",,161.69,11.996,,
NCT03768726,"Change From Baseline in Height and Waist Circumference at Week 6, 26 and Follow-up Visit",cm,MEAN,Standard Deviation,Ziprasidone in A1281198 and A1281201,"Height, Change at Week 6",,0.27,0.455,,
NCT03768726,"Change From Baseline in Height and Waist Circumference at Week 6, 26 and Follow-up Visit",cm,MEAN,Standard Deviation,Placebo in A1281198 Then Ziprasidone in A1281201,"Height, Change at Week 6",,0.77,0.984,,
NCT03768726,"Change From Baseline in Height and Waist Circumference at Week 6, 26 and Follow-up Visit",cm,MEAN,Standard Deviation,Ziprasidone in A1281198 and A1281201,"Height, Change at Week 26",,2.04,1.938,,
NCT03768726,"Change From Baseline in Height and Waist Circumference at Week 6, 26 and Follow-up Visit",cm,MEAN,Standard Deviation,Placebo in A1281198 Then Ziprasidone in A1281201,"Height, Change at Week 26",,0.55,1.535,,
NCT03768726,"Change From Baseline in Height and Waist Circumference at Week 6, 26 and Follow-up Visit",cm,MEAN,Standard Deviation,Ziprasidone in A1281198 and A1281201,"Height, Change at Follow-up Visit",,0.90,1.562,,
NCT03768726,"Change From Baseline in Height and Waist Circumference at Week 6, 26 and Follow-up Visit",cm,MEAN,Standard Deviation,Placebo in A1281198 Then Ziprasidone in A1281201,"Height, Change at Follow-up Visit",,2.42,1.413,,
NCT03768726,"Change From Baseline in Height and Waist Circumference at Week 6, 26 and Follow-up Visit",cm,MEAN,Standard Deviation,Ziprasidone in A1281198 and A1281201,"Waist Circumference, Baseline",,78.89,11.278,,
NCT03768726,"Change From Baseline in Height and Waist Circumference at Week 6, 26 and Follow-up Visit",cm,MEAN,Standard Deviation,Placebo in A1281198 Then Ziprasidone in A1281201,"Waist Circumference, Baseline",,80.23,13.981,,
NCT03768726,"Change From Baseline in Height and Waist Circumference at Week 6, 26 and Follow-up Visit",cm,MEAN,Standard Deviation,Ziprasidone in A1281198 and A1281201,"Waist Circumference, Change at Week 6",,-0.94,2.483,,
NCT03768726,"Change From Baseline in Height and Waist Circumference at Week 6, 26 and Follow-up Visit",cm,MEAN,Standard Deviation,Placebo in A1281198 Then Ziprasidone in A1281201,"Waist Circumference, Change at Week 6",,2.23,7.527,,
NCT03768726,"Change From Baseline in Height and Waist Circumference at Week 6, 26 and Follow-up Visit",cm,MEAN,Standard Deviation,Ziprasidone in A1281198 and A1281201,"Waist Circumference, Change at Week 26",,-1.02,2.278,,
NCT03768726,"Change From Baseline in Height and Waist Circumference at Week 6, 26 and Follow-up Visit",cm,MEAN,Standard Deviation,Placebo in A1281198 Then Ziprasidone in A1281201,"Waist Circumference, Change at Week 26",,1.29,4.210,,
NCT03768726,"Change From Baseline in Height and Waist Circumference at Week 6, 26 and Follow-up Visit",cm,MEAN,Standard Deviation,Ziprasidone in A1281198 and A1281201,"Waist Circumference, Change at Follow-up Visit",,-6.40,13.777,,
NCT03768726,"Change From Baseline in Height and Waist Circumference at Week 6, 26 and Follow-up Visit",cm,MEAN,Standard Deviation,Placebo in A1281198 Then Ziprasidone in A1281201,"Waist Circumference, Change at Follow-up Visit",,2.01,3.778,,
NCT03769675,Height,cm,MEDIAN,Inter-Quartile Range,Spinal Cord Stimulator Implant (SCS),baseline,,173,,160,185
NCT03769675,Height,cm,MEDIAN,Inter-Quartile Range,Spinal Cord Stimulator Implant (SCS),12 months,,175,,159,186
NCT03782701,Palpebral Fissure Height,milimeter,MEAN,Standard Deviation,Lumify Eye Drop,Baseline,,9.64,1.71,,
NCT03782701,Palpebral Fissure Height,milimeter,MEAN,Standard Deviation,Saline Solution Eye Drop,Baseline,,9.66,1.62,,
NCT03782701,Palpebral Fissure Height,milimeter,MEAN,Standard Deviation,Lumify Eye Drop,5 minutes after application,,9.92,1.33,,
NCT03782701,Palpebral Fissure Height,milimeter,MEAN,Standard Deviation,Saline Solution Eye Drop,5 minutes after application,,9.96,1.35,,
NCT03782701,Palpebral Fissure Height,milimeter,MEAN,Standard Deviation,Lumify Eye Drop,15 minutes after application,,9.85,1.42,,
NCT03782701,Palpebral Fissure Height,milimeter,MEAN,Standard Deviation,Saline Solution Eye Drop,15 minutes after application,,9.96,1.40,,
NCT03782701,Palpebral Fissure Height,milimeter,MEAN,Standard Deviation,Lumify Eye Drop,30 minutes after application,,9.86,1.32,,
NCT03782701,Palpebral Fissure Height,milimeter,MEAN,Standard Deviation,Saline Solution Eye Drop,30 minutes after application,,9.84,1.26,,
NCT03794609,Change From Baseline in Standing Height,centimeter (cm),MEAN,Standard Deviation,Male (Aged <2 Years),Baseline,,64.1,6.50,,
NCT03794609,Change From Baseline in Standing Height,centimeter (cm),MEAN,Standard Deviation,Female (Aged <2 Years),Baseline,,61.8,5.27,,
NCT03794609,Change From Baseline in Standing Height,centimeter (cm),MEAN,Standard Deviation,Male (Aged ≥2 Years),Baseline,,90.7,12.26,,
NCT03794609,Change From Baseline in Standing Height,centimeter (cm),MEAN,Standard Deviation,Female (Aged ≥2 Years),Baseline,,88.8,11.52,,
NCT03794609,Change From Baseline in Standing Height,centimeter (cm),MEAN,Standard Deviation,Male (Aged <2 Years),Change at 1 year,,8.4,5.74,,
NCT03794609,Change From Baseline in Standing Height,centimeter (cm),MEAN,Standard Deviation,Female (Aged <2 Years),Change at 1 year,,9.6,2.53,,
NCT03794609,Change From Baseline in Standing Height,centimeter (cm),MEAN,Standard Deviation,Male (Aged ≥2 Years),Change at 1 year,,4.6,1.30,,
NCT03794609,Change From Baseline in Standing Height,centimeter (cm),MEAN,Standard Deviation,Female (Aged ≥2 Years),Change at 1 year,,4.8,1.44,,
NCT03794609,Change From Baseline in Standing Height,centimeter (cm),MEAN,Standard Deviation,Male (Aged <2 Years),Change at 2 years,,18.8,1.72,,
NCT03794609,Change From Baseline in Standing Height,centimeter (cm),MEAN,Standard Deviation,Female (Aged <2 Years),Change at 2 years,,15.7,4.94,,
NCT03794609,Change From Baseline in Standing Height,centimeter (cm),MEAN,Standard Deviation,Male (Aged ≥2 Years),Change at 2 years,,8.8,2.03,,
NCT03794609,Change From Baseline in Standing Height,centimeter (cm),MEAN,Standard Deviation,Female (Aged ≥2 Years),Change at 2 years,,9.0,2.01,,
NCT03794609,Change From Baseline in Standing Height,centimeter (cm),MEAN,Standard Deviation,Male (Aged ≥2 Years),Change at 3 years,,12.5,2.69,,
NCT03794609,Change From Baseline in Standing Height,centimeter (cm),MEAN,Standard Deviation,Female (Aged ≥2 Years),Change at 3 years,,13.4,2.79,,
NCT03794609,Change From Baseline in Standing Height,centimeter (cm),MEAN,Standard Deviation,Male (Aged ≥2 Years),Change at 4 years,,11.6,2.03,,
NCT03794609,Change From Baseline in Sitting Height,cm,MEAN,Standard Deviation,Male (Aged <2 Years),Baseline,,46.2,4.39,,
NCT03794609,Change From Baseline in Sitting Height,cm,MEAN,Standard Deviation,Female (Aged <2 Years),Baseline,,44.8,3.54,,
NCT03794609,Change From Baseline in Sitting Height,cm,MEAN,Standard Deviation,Male (Aged ≥2 Years),Baseline,,61.3,6.78,,
NCT03794609,Change From Baseline in Sitting Height,cm,MEAN,Standard Deviation,Female (Aged ≥2 Years),Baseline,,59.9,6.64,,
NCT03794609,Change From Baseline in Sitting Height,cm,MEAN,Standard Deviation,Male (Aged <2 Years),Change at 1 year,,7.5,5.66,,
NCT03794609,Change From Baseline in Sitting Height,cm,MEAN,Standard Deviation,Female (Aged <2 Years),Change at 1 year,,6.7,1.49,,
NCT03794609,Change From Baseline in Sitting Height,cm,MEAN,Standard Deviation,Male (Aged ≥2 Years),Change at 1 year,,2.6,1.06,,
NCT03794609,Change From Baseline in Sitting Height,cm,MEAN,Standard Deviation,Female (Aged ≥2 Years),Change at 1 year,,2.9,1.11,,
NCT03794609,Change From Baseline in Sitting Height,cm,MEAN,Standard Deviation,Male (Aged <2 Years),Change at 2 years,,14.3,1.11,,
NCT03794609,Change From Baseline in Sitting Height,cm,MEAN,Standard Deviation,Female (Aged <2 Years),Change at 2 years,,10.8,3.41,,
NCT03794609,Change From Baseline in Sitting Height,cm,MEAN,Standard Deviation,Male (Aged ≥2 Years),Change at 2 years,,4.9,1.49,,
NCT03794609,Change From Baseline in Sitting Height,cm,MEAN,Standard Deviation,Female (Aged ≥2 Years),Change at 2 years,,5.6,1.27,,
NCT03794609,Change From Baseline in Sitting Height,cm,MEAN,Standard Deviation,Male (Aged ≥2 Years),Change at 3 years,,7.0,1.74,,
NCT03794609,Change From Baseline in Sitting Height,cm,MEAN,Standard Deviation,Female (Aged ≥2 Years),Change at 3 years,,7.8,1.85,,
NCT03794609,Change From Baseline in Sitting Height,cm,MEAN,Standard Deviation,Male (Aged ≥2 Years),Change at 4 years,,6.3,1.65,,
NCT03794609,Change From Baseline in Knee Height,cm,MEAN,Standard Deviation,Male (Aged <2 Years),Baseline,,15.0,2.16,,
NCT03794609,Change From Baseline in Knee Height,cm,MEAN,Standard Deviation,Female (Aged <2 Years),Baseline,,14.0,1.92,,
NCT03794609,Change From Baseline in Knee Height,cm,MEAN,Standard Deviation,Male (Aged 2-10 Years),Baseline,,22.5,3.91,,
NCT03794609,Change From Baseline in Knee Height,cm,MEAN,Standard Deviation,Female (Aged 2-10 Years),Baseline,,21.9,3.69,,
NCT03794609,Change From Baseline in Knee Height,cm,MEAN,Standard Deviation,Male (Aged ≥10 Years),Baseline,,29.1,3.64,,
NCT03794609,Change From Baseline in Knee Height,cm,MEAN,Standard Deviation,Female (Aged ≥10 Years),Baseline,,27.8,2.70,,
NCT03794609,Change From Baseline in Knee Height,cm,MEAN,Standard Deviation,Male (Aged <2 Years),Change at 1 year,,2.3,1.39,,
NCT03794609,Change From Baseline in Knee Height,cm,MEAN,Standard Deviation,Female (Aged <2 Years),Change at 1 year,,2.7,0.95,,
NCT03794609,Change From Baseline in Knee Height,cm,MEAN,Standard Deviation,Male (Aged 2-10 Years),Change at 1 year,,1.6,1.00,,
NCT03794609,Change From Baseline in Knee Height,cm,MEAN,Standard Deviation,Female (Aged 2-10 Years),Change at 1 year,,1.5,0.93,,
NCT03794609,Change From Baseline in Knee Height,cm,MEAN,Standard Deviation,Male (Aged ≥10 Years),Change at 1 year,,1.3,0.83,,
NCT03794609,Change From Baseline in Knee Height,cm,MEAN,Standard Deviation,Female (Aged ≥10 Years),Change at 1 year,,1.4,0.16,,
NCT03794609,Change From Baseline in Knee Height,cm,MEAN,Standard Deviation,Male (Aged <2 Years),Change at 2 years,,4.6,1.03,,
NCT03794609,Change From Baseline in Knee Height,cm,MEAN,Standard Deviation,Female (Aged <2 Years),Change at 2 years,,4.8,1.44,,
NCT03794609,Change From Baseline in Knee Height,cm,MEAN,Standard Deviation,Male (Aged 2-10 Years),Change at 2 years,,3.2,1.96,,
NCT03794609,Change From Baseline in Knee Height,cm,MEAN,Standard Deviation,Female (Aged 2-10 Years),Change at 2 years,,3.4,1.44,,
NCT03794609,Change From Baseline in Knee Height,cm,MEAN,Standard Deviation,Male (Aged ≥10 Years),Change at 2 years,,2.0,0.41,,
NCT03794609,Change From Baseline in Knee Height,cm,MEAN,Standard Deviation,Male (Aged <2 Years),Change at 3 years,,6.2,0.95,,
NCT03794609,Change From Baseline in Knee Height,cm,MEAN,Standard Deviation,Female (Aged <2 Years),Change at 3 years,,6.4,1.85,,
NCT03794609,Change From Baseline in Knee Height,cm,MEAN,Standard Deviation,Male (Aged 2-10 Years),Change at 3 years,,4.5,2.31,,
NCT03794609,Change From Baseline in Knee Height,cm,MEAN,Standard Deviation,Female (Aged 2-10 Years),Change at 3 years,,5.0,1.99,,
NCT03794609,Change From Baseline in Knee Height,cm,MEAN,Standard Deviation,Male (Aged ≥10 Years),Change at 3 years,,3.4,0.99,,
NCT03794609,Change From Baseline in Knee Height,cm,MEAN,Standard Deviation,Male (Aged 2-10 Years),Change at 4 years,,3.5,1.25,,
NCT03794609,Change From Baseline in Arm Span,cm,MEAN,Standard Deviation,Male (Aged <2 Years),Baseline,,56.5,6.13,,
NCT03794609,Change From Baseline in Arm Span,cm,MEAN,Standard Deviation,Female (Aged <2 Years),Baseline,,55.2,5.89,,
NCT03794609,Change From Baseline in Arm Span,cm,MEAN,Standard Deviation,Male (Aged 2-10 Years),Baseline,,80.5,11.07,,
NCT03794609,Change From Baseline in Arm Span,cm,MEAN,Standard Deviation,Female (Aged 2-10 Years),Baseline,,79.4,11.51,,
NCT03794609,Change From Baseline in Arm Span,cm,MEAN,Standard Deviation,Male (Aged ≥10 Years),Baseline,,99.3,10.09,,
NCT03794609,Change From Baseline in Arm Span,cm,MEAN,Standard Deviation,Female (Aged ≥10 Years),Baseline,,99.3,3.54,,
NCT03794609,Change From Baseline in Arm Span,cm,MEAN,Standard Deviation,Male (Aged <2 Years),Change at 1 year,,7.7,1.94,,
NCT03794609,Change From Baseline in Arm Span,cm,MEAN,Standard Deviation,Female (Aged <2 Years),Change at 1 year,,8.6,2.02,,
NCT03794609,Change From Baseline in Arm Span,cm,MEAN,Standard Deviation,Male (Aged 2-10 Years),Change at 1 year,,4.2,1.63,,
NCT03794609,Change From Baseline in Arm Span,cm,MEAN,Standard Deviation,Female (Aged 2-10 Years),Change at 1 year,,4.4,1.76,,
NCT03794609,Change From Baseline in Arm Span,cm,MEAN,Standard Deviation,Male (Aged ≥10 Years),Change at 1 year,,-1.1,10.93,,
NCT03794609,Change From Baseline in Arm Span,cm,MEAN,Standard Deviation,Female (Aged ≥10 Years),Change at 1 year,,4.2,1.16,,
NCT03794609,Change From Baseline in Arm Span,cm,MEAN,Standard Deviation,Male (Aged <2 Years),Change at 2 years,,12.8,2.40,,
NCT03794609,Change From Baseline in Arm Span,cm,MEAN,Standard Deviation,Female (Aged <2 Years),Change at 2 years,,14.3,3.16,,
NCT03794609,Change From Baseline in Arm Span,cm,MEAN,Standard Deviation,Male (Aged 2-10 Years),Change at 2 years,,8.6,2.24,,
NCT03794609,Change From Baseline in Arm Span,cm,MEAN,Standard Deviation,Female (Aged 2-10 Years),Change at 2 years,,8.7,2.41,,
NCT03794609,Change From Baseline in Arm Span,cm,MEAN,Standard Deviation,Male (Aged ≥10 Years),Change at 2 years,,7.2,0.88,,
NCT03794609,Change From Baseline in Arm Span,cm,MEAN,Standard Deviation,Male (Aged <2 Years),Change at 3 years,,17.0,2.16,,
NCT03794609,Change From Baseline in Arm Span,cm,MEAN,Standard Deviation,Female (Aged <2 Years),Change at 3 years,,17.9,4.29,,
NCT03794609,Change From Baseline in Arm Span,cm,MEAN,Standard Deviation,Male (Aged 2-10 Years),Change at 3 years,,11.6,2.71,,
NCT03794609,Change From Baseline in Arm Span,cm,MEAN,Standard Deviation,Female (Aged 2-10 Years),Change at 3 years,,12.4,2.69,,
NCT03794609,Change From Baseline in Arm Span,cm,MEAN,Standard Deviation,Male (Aged ≥10 Years),Change at 3 years,,10.7,0.96,,
NCT03794609,Change From Baseline in Arm Span,cm,MEAN,Standard Deviation,Male (Aged 2-10 Years),Change at 4 years,,10.1,2.19,,
NCT03811535,Height Velocity: In-trial Observation Period,centimeters per year (cm/year),MEAN,Standard Deviation,Norditropin,,,11.8,2.9,,
NCT03811535,Height Velocity: In-trial Observation Period,centimeters per year (cm/year),MEAN,Standard Deviation,Somapacitan,,,11.2,2.5,,
NCT03811535,Height Velocity: On-treatment Observation Period,cm/year,MEAN,Standard Deviation,Norditropin,,,11.8,2.9,,
NCT03811535,Height Velocity: On-treatment Observation Period,cm/year,MEAN,Standard Deviation,Somapacitan,,,11.2,2.5,,
NCT03811535,Change in Bone Age,Years,MEAN,Standard Deviation,Norditropin,,,1.28,0.76,,
NCT03811535,Change in Bone Age,Years,MEAN,Standard Deviation,Somapacitan,,,1.13,0.78,,
NCT03811535,Change in Height Standard Deviation Score (HSDS),Score on a scale,MEAN,Standard Deviation,Norditropin,,,1.37,0.69,,
NCT03811535,Change in Height Standard Deviation Score (HSDS),Score on a scale,MEAN,Standard Deviation,Somapacitan,,,1.21,0.54,,
NCT03811535,Change in Height Velocity Standard Deviation Score (HV SDS),Score on a scale,MEAN,Standard Deviation,Norditropin,,,8.97,4.38,,
NCT03811535,Change in Height Velocity Standard Deviation Score (HV SDS),Score on a scale,MEAN,Standard Deviation,Somapacitan,,,7.97,3.36,,
NCT03820258,Change From Baseline in Height Percentiles as a Measurement of Growth and Development,percentile,MEDIAN,Inter-Quartile Range,SOF/VEL/VOX FDC,Baseline,,47.9,,32.4,63.2
NCT03820258,Change From Baseline in Height Percentiles as a Measurement of Growth and Development,percentile,MEDIAN,Inter-Quartile Range,SOF/VEL/VOX FDC,Change at Week 8,,0.0,,-3.0,1.3
NCT03820258,Change From Baseline in Height Percentiles as a Measurement of Growth and Development,percentile,MEDIAN,Inter-Quartile Range,SOF/VEL/VOX FDC,Change at FU-12,,0.0,,-2.2,3.8
NCT03820258,Change From Baseline in Height Percentiles as a Measurement of Growth and Development,percentile,MEDIAN,Inter-Quartile Range,SOF/VEL/VOX FDC,Change at FU-24,,-0.2,,-3.1,4.3
NCT03820258,Change From Baseline in Radiographic Bone Age Assessment as a Measurement of Growth and Development,years,MEDIAN,Inter-Quartile Range,SOF/VEL/VOX FDC,Baseline,,14.5,,13.7,16.0
NCT03820258,Change From Baseline in Radiographic Bone Age Assessment as a Measurement of Growth and Development,years,MEDIAN,Inter-Quartile Range,SOF/VEL/VOX FDC,Change at Week 8,,0.0,,0.0,0.5
NCT03846219,Vital Signs: Height,cm,MEDIAN,Full Range,IMU-838 (30 mg/Day),,,170.0,,154,198
NCT03846219,Vital Signs: Height,cm,MEDIAN,Full Range,IMU-838 (45 mg/Day),,,167.0,,154,188
NCT03846219,Vital Signs: Height,cm,MEDIAN,Full Range,Placebo,,,168.0,,149,192
NCT03847909,Change From Baseline in Vital Signs: Height,centimetres (cm),MEAN,Standard Deviation,DCR-PHXC,,,0.70,2.383,,
NCT03847909,Change From Baseline in Vital Signs: Height,centimetres (cm),MEAN,Standard Deviation,Placebo,,,1.08,1.446,,
NCT03862482,Comparison of Soft Tissue Healing: Height (mm) of Keratinized Tissue After 25 Years of Function,mm.,MEAN,Standard Error,"All Participants (Configurations 1, 2, and 3)",Total 35 Brånemark® dental implant units analyzed for all three Configurations,,0.67,0.08,,
NCT03862482,Comparison of Soft Tissue Healing: Height (mm) of Keratinized Tissue After 25 Years of Function,mm.,MEAN,Standard Error,"All Participants (Configurations 1, 2, and 3)",Total 36 Swede-Vent® dental implant units analyzed for all three Configurations,,0.51,0.08,,
NCT03862482,Comparison of Soft Tissue Healing: Height (mm) of Keratinized Tissue After 25 Years of Function,mm.,MEAN,Standard Error,"All Participants (Configurations 1, 2, and 3)",Total 36 Screw-Vent® dental implant units analyzed for all three Configurations,,0.74,0.10,,
NCT03866902,Change in Mother's Height From Baseline (Time 1) to Time 2,Centimeters,MEAN,Standard Deviation,Nutrition and Physical Activity Intervention,,,-0.00977,0.485,,
NCT03866902,Change in Mother's Height From Baseline (Time 1) to Time 2,Centimeters,MEAN,Standard Deviation,English for Second Language Intervention,,,0.000505,0.00503,,
NCT03866902,Change in Mother's Height From Baseline (Time 1) to Time 3,Centimeters,MEAN,Standard Deviation,Nutrition and Physical Activity Intervention,,,-0.00116,0.0108,,
NCT03866902,Change in Mother's Height From Baseline (Time 1) to Time 3,Centimeters,MEAN,Standard Deviation,English for Second Language Intervention,,,0,0,,
NCT03866902,Change in Children's Height From Baseline (Time 1) to Time 2,Centimeters,MEAN,Standard Deviation,Nutrition and Physical Activity Intervention,,,8.62,3.38,,
NCT03866902,Change in Children's Height From Baseline (Time 1) to Time 2,Centimeters,MEAN,Standard Deviation,English for Second Language Intervention,,,7.86,3.20,,
NCT03866902,Change in Children's Height From Baseline (Time 1) to Time 3,Centimeters,MEAN,Standard Deviation,Nutrition and Physical Activity Intervention,,,11.5,3.39,,
NCT03866902,Change in Children's Height From Baseline (Time 1) to Time 3,Centimeters,MEAN,Standard Deviation,English for Second Language Intervention,,,10.7,3.65,,
NCT03870737,Height,cm.,LEAST_SQUARES_MEAN,Standard Error,Active TNS,Baseline,,140.19,2.02,,
NCT03870737,Height,cm.,LEAST_SQUARES_MEAN,Standard Error,Active TNS,Week 2,,140.49,2.02,,
NCT03870737,Height,cm.,LEAST_SQUARES_MEAN,Standard Error,Active TNS,Week 4,,140.92,2.02,,
NCT03871543,Tear Meniscus Height (Part1: Dailies Aqua Comfort Plus),mm,MEAN,Standard Deviation,Asymptomatic,,,0.20,0.058,,
NCT03871543,Tear Meniscus Height (Part1: Dailies Aqua Comfort Plus),mm,MEAN,Standard Deviation,Symptomatic,,,0.19,0.069,,
NCT03871543,Relationship Between End of Day Comfort Scores and Tear Meniscus Height (Part1: Dailies Aqua Comfort Plus),Units on a Scale,MEAN,Standard Deviation,Test 1 (Dailies Aqua Comfort Plus),,,76.24,23.999,,
NCT03871543,Relationship Between End of Day Comfort Scores and Tear Meniscus Height (Part2: Acuvue Oasys 1-Day),Units on a Scale,MEAN,Standard Deviation,Test 2 (Acuvue Oasys 1-Day),,,85.28,18.439,,
NCT03874013,Annual Height Velocity (HV) After 12 Months,cm/year,MEAN,Standard Deviation,MOD-4023 Treatment Arm,,,9.78,1.59,,
NCT03874013,Annual Height Velocity (HV) After 12 Months,cm/year,MEAN,Standard Deviation,Genotropin Treatment Arm,,,7.78,1.14,,
NCT03874013,Height Velocity at 6 Months,cm/year,MEAN,Standard Deviation,MOD-4023 Treatment Arm,,,10.54,2.04,,
NCT03874013,Height Velocity at 6 Months,cm/year,MEAN,Standard Deviation,Genotropin Treatment Arm,,,8.34,1.84,,
NCT03874013,Change in Height Standard Deviation Score (SDS) Compared to Baseline After 12 Months,Standard Deviation Score (SDS),MEAN,Standard Deviation,MOD-4023 Treatment Arm,,,0.97,0.41,,
NCT03874013,Change in Height Standard Deviation Score (SDS) Compared to Baseline After 12 Months,Standard Deviation Score (SDS),MEAN,Standard Deviation,Genotropin Treatment Arm,,,0.50,0.23,,
NCT03878446,Height Velocity,centimeter per year (cm/year),MEAN,Standard Deviation,Norditropin 0.035 mg/kg/Day,,,10.5,2.0,,
NCT03878446,Height Velocity,centimeter per year (cm/year),MEAN,Standard Deviation,Norditropin 0.067 mg/kg/Day,,,11.9,2.4,,
NCT03878446,Height Velocity,centimeter per year (cm/year),MEAN,Standard Deviation,Somapacitan 0.16 mg/kg/Week,,,8.9,1.8,,
NCT03878446,Height Velocity,centimeter per year (cm/year),MEAN,Standard Deviation,Somapacitan 0.20 mg/kg/Week,,,11.1,2.6,,
NCT03878446,Height Velocity,centimeter per year (cm/year),MEAN,Standard Deviation,Somapacitan 0.24 mg/kg/Week,,,11.2,3.4,,
NCT03878446,Change in Ratio of Bone Age Versus Chronological Age,ratio (bone age/chronological age),MEAN,Standard Deviation,Norditropin 0.035 mg/kg/Day,,,-0.02,0.13,,
NCT03878446,Change in Ratio of Bone Age Versus Chronological Age,ratio (bone age/chronological age),MEAN,Standard Deviation,Norditropin 0.067 mg/kg/Day,,,0.07,0.16,,
NCT03878446,Change in Ratio of Bone Age Versus Chronological Age,ratio (bone age/chronological age),MEAN,Standard Deviation,Somapacitan 0.16 mg/kg/Week,,,0.07,0.08,,
NCT03878446,Change in Ratio of Bone Age Versus Chronological Age,ratio (bone age/chronological age),MEAN,Standard Deviation,Somapacitan 0.20 mg/kg/Week,,,0.03,0.12,,
NCT03878446,Change in Ratio of Bone Age Versus Chronological Age,ratio (bone age/chronological age),MEAN,Standard Deviation,Somapacitan 0.24 mg/kg/Week,,,-0.00,0.10,,
NCT03878446,Change in Height Standard Deviation Score (HSDS),score on a scale,MEAN,Standard Deviation,Norditropin 0.035 mg/kg/Day,,,0.61,0.19,,
NCT03878446,Change in Height Standard Deviation Score (HSDS),score on a scale,MEAN,Standard Deviation,Norditropin 0.067 mg/kg/Day,,,0.73,0.30,,
NCT03878446,Change in Height Standard Deviation Score (HSDS),score on a scale,MEAN,Standard Deviation,Somapacitan 0.16 mg/kg/Week,,,0.41,0.20,,
NCT03878446,Change in Height Standard Deviation Score (HSDS),score on a scale,MEAN,Standard Deviation,Somapacitan 0.20 mg/kg/Week,,,0.66,0.29,,
NCT03878446,Change in Height Standard Deviation Score (HSDS),score on a scale,MEAN,Standard Deviation,Somapacitan 0.24 mg/kg/Week,,,0.66,0.37,,
NCT03878446,Change in Height Velocity Standard Deviation Score (HVSDS),score on a scale,MEAN,Standard Deviation,Norditropin 0.035 mg/kg/Day,,,6.37,3.05,,
NCT03878446,Change in Height Velocity Standard Deviation Score (HVSDS),score on a scale,MEAN,Standard Deviation,Norditropin 0.067 mg/kg/Day,,,7.86,1.88,,
NCT03878446,Change in Height Velocity Standard Deviation Score (HVSDS),score on a scale,MEAN,Standard Deviation,Somapacitan 0.16 mg/kg/Week,,,4.03,2.68,,
NCT03878446,Change in Height Velocity Standard Deviation Score (HVSDS),score on a scale,MEAN,Standard Deviation,Somapacitan 0.20 mg/kg/Week,,,6.77,3.35,,
NCT03878446,Change in Height Velocity Standard Deviation Score (HVSDS),score on a scale,MEAN,Standard Deviation,Somapacitan 0.24 mg/kg/Week,,,7.24,3.80,,
NCT03888391,Height,cm.,LEAST_SQUARES_MEAN,Standard Error,Active TNS,Baseline,,140.45,2.12,,
NCT03888391,Height,cm.,LEAST_SQUARES_MEAN,Standard Error,Active TNS,Month 3,,143.09,2.11,,
NCT03888391,Height,cm.,LEAST_SQUARES_MEAN,Standard Error,Active TNS,Month 6,,144.20,2.25,,
NCT03888391,Height,cm.,LEAST_SQUARES_MEAN,Standard Error,Active TNS,Month 9,,147.27,2.32,,
NCT03888391,Height,cm.,LEAST_SQUARES_MEAN,Standard Error,Active TNS,Month 12,,148.37,2.56,,
NCT04004611,Height Velocity (in Centimeters/Year),centimeter per year (cm/year),MEAN,Standard Deviation,OL Induction and Maintenance Period: 5 mg/kg Miri IV,Female: 2 - <8 years,,NA,NA,,
NCT04004611,Height Velocity (in Centimeters/Year),centimeter per year (cm/year),MEAN,Standard Deviation,OL Induction and Maintenance Period: 5 mg/kg Miri IV,Female: 8 - <12 years,,8.65,3.2,,
NCT04004611,Height Velocity (in Centimeters/Year),centimeter per year (cm/year),MEAN,Standard Deviation,OL Induction and Maintenance Period: 5 mg/kg Miri IV,Female: 12 - <18 years,,4.54,4.2,,
NCT04004611,Height Velocity (in Centimeters/Year),centimeter per year (cm/year),MEAN,Standard Deviation,OL Induction and Maintenance Period: 10 mg/kg Miri IV,Female: 12 - <18 years,,4.14,1.3,,
NCT04004611,Height Velocity (in Centimeters/Year),centimeter per year (cm/year),MEAN,Standard Deviation,OL Induction and Maintenance Period: 300 mg Miri IV,Female: 12 - <18 years,,2.97,0.2,,
NCT04004611,Height Velocity (in Centimeters/Year),centimeter per year (cm/year),MEAN,Standard Deviation,OL Induction and Maintenance Period: 5 mg/kg Miri IV,Male: 2 - <8 years,,NA,NA,,
NCT04004611,Height Velocity (in Centimeters/Year),centimeter per year (cm/year),MEAN,Standard Deviation,OL Induction and Maintenance Period: 10 mg/kg Miri IV,Male: 8 - <12 years,,NA,NA,,
NCT04004611,Height Velocity (in Centimeters/Year),centimeter per year (cm/year),MEAN,Standard Deviation,OL Induction and Maintenance Period: 5 mg/kg Miri IV,Male: 12 - <18 years,,12.67,1.0,,
NCT04004611,Height Velocity (in Centimeters/Year),centimeter per year (cm/year),MEAN,Standard Deviation,OL Induction and Maintenance Period: 10 mg/kg Miri IV,Male: 12 - <18 years,,NA,NA,,
NCT04004611,Height Velocity (in Centimeters/Year),centimeter per year (cm/year),MEAN,Standard Deviation,OL Induction and Maintenance Period: 300 mg Miri IV,Male: 12 - <18 years,,3.65,4.3,,
NCT04032041,Foot Height (Minimal Detectable Change [MDC]),mm,NUMBER,,Group 1: Healthy Able-Bodied Individuals,Caliper Intrarater intersession,,2.1,,,
NCT04032041,Foot Height (Minimal Detectable Change [MDC]),mm,NUMBER,,Group 1: Healthy Able-Bodied Individuals,Scan intrarater intersession,,2.8,,,
NCT04032041,Foot Height (Minimal Detectable Change [MDC]),mm,NUMBER,,Group 1: Healthy Able-Bodied Individuals,Scan Interrater intrasession,,4.9,,,
NCT04032041,Foot Height (Minimal Detectable Change [MDC]),mm,NUMBER,,Group 1: Healthy Able-Bodied Individuals,Scan Interrater intersession,,5.9,,,
NCT04032041,Foot Height (Pearson's Correlation Coefficient),correlation coefficient,NUMBER,,Group 1: Healthy Able-Bodied Individuals,,,.8,,,
NCT04032041,Foot Height (Mean Root Mean Square [RMS] Difference),mm,NUMBER,,Group 1: Healthy Able-Bodied Individuals,,,3.4,,,
NCT04032041,Arch Height (Minimal Detectable Change [MDC]),mm,NUMBER,,Group 1: Healthy Able-Bodied Individuals,Caliper Intrarater intersession,,2.3,,,
NCT04032041,Arch Height (Minimal Detectable Change [MDC]),mm,NUMBER,,Group 1: Healthy Able-Bodied Individuals,Scan intrarater intersession,,3.6,,,
NCT04032041,Arch Height (Minimal Detectable Change [MDC]),mm,NUMBER,,Group 1: Healthy Able-Bodied Individuals,Scan Interrater intrasession,,3.4,,,
NCT04032041,Arch Height (Minimal Detectable Change [MDC]),mm,NUMBER,,Group 1: Healthy Able-Bodied Individuals,Scan Interrater intersession,,5.8,,,
NCT04032041,Arch Height (Pearson's Correlation Coefficient),correlation coefficient,NUMBER,,Group 1: Healthy Able-Bodied Individuals,,,.85,,,
NCT04032041,Arch Height (Mean Root Mean Square [RMS] Difference),mm,NUMBER,,Group 1: Healthy Able-Bodied Individuals,,,3.2,,,
NCT04032041,Tibial Tubercle Height (Minimal Detectable Change [MDC]),mm,NUMBER,,Group 1: Healthy Able-Bodied Individuals,Caliper Intrarater intersession,,3.6,,,
NCT04032041,Tibial Tubercle Height (Minimal Detectable Change [MDC]),mm,NUMBER,,Group 1: Healthy Able-Bodied Individuals,Scan intrarater intersession,,5.2,,,
NCT04032041,Tibial Tubercle Height (Minimal Detectable Change [MDC]),mm,NUMBER,,Group 1: Healthy Able-Bodied Individuals,Scan Interrater intrasession,,6.3,,,
NCT04032041,Tibial Tubercle Height (Minimal Detectable Change [MDC]),mm,NUMBER,,Group 1: Healthy Able-Bodied Individuals,Scan Interrater intersession,,7.9,,,
NCT04032041,Tibial Tubercle Height (Pearson's Correlation Coefficient),correlation coefficient,NUMBER,,Group 1: Healthy Able-Bodied Individuals,,,.97,,,
NCT04032041,Tibial Tubercle Height (Mean Root Mean Square [RMS] Difference),mm,NUMBER,,Group 1: Healthy Able-Bodied Individuals,,,5.8,,,
NCT04048616,Appendicular Lean Body Mass/Height Squared,kg/m^2,MEAN,95% Confidence Interval,Whey Protein (WP),,,7.0,,6.9,7.1
NCT04048616,Appendicular Lean Body Mass/Height Squared,kg/m^2,MEAN,95% Confidence Interval,Placebo-WP,,,7.1,,7.0,7.1
NCT04048616,Appendicular Lean Body Mass/Height Squared,kg/m^2,MEAN,95% Confidence Interval,Potassium Bicarbonate (KHCO3),,,7.0,,6.9,7.1
NCT04048616,Appendicular Lean Body Mass/Height Squared,kg/m^2,MEAN,95% Confidence Interval,Placebo-KHCO3,,,7.1,,7.0,7.2
NCT04049552,Change in Keloid Height,millimeters,MEAN,Full Range,RAPA Intervention,Baseline,,1.5,,1.08,2.04
NCT04049552,Change in Keloid Height,millimeters,MEAN,Full Range,Placebo,Baseline,,1.55,,1.29,1.93
NCT04049552,Change in Keloid Height,millimeters,MEAN,Full Range,RAPA Intervention,6 months,,1.056,,0.4,1.54
NCT04049552,Change in Keloid Height,millimeters,MEAN,Full Range,Placebo,6 months,,0.93,,0.33,1.30
NCT04085172,Parts A and B: Change From Baseline in Height,cm,MEAN,Standard Deviation,Double-Blinded Period (Part A): Placebo,Baseline,,151.09,15.843,,
NCT04085172,Parts A and B: Change From Baseline in Height,cm,MEAN,Standard Deviation,Double-Blinded Period (Part A): TAK-503,Baseline,,150.77,18.462,,
NCT04085172,Parts A and B: Change From Baseline in Height,cm,MEAN,Standard Deviation,Double-Blinded Period (Part A): Atomoxetine,Baseline,,149.69,17.467,,
NCT04085172,Parts A and B: Change From Baseline in Height,cm,MEAN,Standard Deviation,Open-Label Period (Part B): Part A (Placebo) - Part B (TAK-503),Baseline,,151.39,16.459,,
NCT04085172,Parts A and B: Change From Baseline in Height,cm,MEAN,Standard Deviation,Open-Label Period (Part B): Part A (TAK-503) - Part B (TAK-503),Baseline,,151.98,15.550,,
NCT04085172,Parts A and B: Change From Baseline in Height,cm,MEAN,Standard Deviation,Open-Label Period (Part B): Part A (Atomoxetine) - Part B (TAK-503),Baseline,,153.62,16.792,,
NCT04085172,Parts A and B: Change From Baseline in Height,cm,MEAN,Standard Deviation,Double-Blinded Period (Part A): Placebo,Change at Week 18,,1.54,1.756,,
NCT04085172,Parts A and B: Change From Baseline in Height,cm,MEAN,Standard Deviation,Double-Blinded Period (Part A): TAK-503,Change at Week 18,,1.42,1.505,,
NCT04085172,Parts A and B: Change From Baseline in Height,cm,MEAN,Standard Deviation,Double-Blinded Period (Part A): Atomoxetine,Change at Week 18,,1.25,1.434,,
NCT04085172,Parts A and B: Change From Baseline in Height,cm,MEAN,Standard Deviation,Double-Blinded Period (Part A): TAK-503,Change at Week 49,,2.63,2.838,,
NCT04085172,Parts A and B: Change From Baseline in Height,cm,MEAN,Standard Deviation,Double-Blinded Period (Part A): Atomoxetine,Change at Week 49,,2.71,2.219,,
NCT04085172,Parts A and B: Change From Baseline in Height,cm,MEAN,Standard Deviation,Open-Label Period (Part B): Part A (Placebo) - Part B (TAK-503),Change at Week 49,,2.74,2.469,,
NCT04085172,Parts A and B: Change From Baseline in Height,cm,MEAN,Standard Deviation,Open-Label Period (Part B): Part A (TAK-503) - Part B (TAK-503),Change at Week 49,,3.07,3.099,,
NCT04085172,Parts A and B: Change From Baseline in Height,cm,MEAN,Standard Deviation,Open-Label Period (Part B): Part A (Atomoxetine) - Part B (TAK-503),Change at Week 49,,3.52,3.243,,
NCT04085523,Annualized Height Velocity (cm/Year) After 52 Weeks of Double-blind Treatment,cm/year,LEAST_SQUARES_MEAN,95% Confidence Interval,TransCon CNP 6 mcg,,,4.09,,3.34,4.84
NCT04085523,Annualized Height Velocity (cm/Year) After 52 Weeks of Double-blind Treatment,cm/year,LEAST_SQUARES_MEAN,95% Confidence Interval,TransCon CNP 20 mcg,,,4.52,,3.82,5.22
NCT04085523,Annualized Height Velocity (cm/Year) After 52 Weeks of Double-blind Treatment,cm/year,LEAST_SQUARES_MEAN,95% Confidence Interval,TransCon CNP 50 mcg,,,5.16,,4.43,5.90
NCT04085523,Annualized Height Velocity (cm/Year) After 52 Weeks of Double-blind Treatment,cm/year,LEAST_SQUARES_MEAN,95% Confidence Interval,TransCon CNP 100 mcg,,,5.42,,4.74,6.11
NCT04085523,Annualized Height Velocity (cm/Year) After 52 Weeks of Double-blind Treatment,cm/year,LEAST_SQUARES_MEAN,95% Confidence Interval,Placebo,,,4.35,,3.75,4.94
NCT04089566,Parts A and C: Change From Baseline in Growth Parameters (Body Height),centimeter (cm),MEAN,Standard Deviation,Part A: Nusinersen 28/28 mg,,,7.2,1.70,,
NCT04089566,Parts A and C: Change From Baseline in Growth Parameters (Body Height),centimeter (cm),MEAN,Standard Deviation,Part C: 50/28 mg Nusinersen,,,0.8,3.12,,
NCT04089566,Part B: Change From Baseline in Growth Parameters (Body Height),cm,MEAN,Standard Deviation,Part B: Infantile-Onset SMA: 12/12 mg Nusinersen,,,8.0,NA,,
NCT04089566,Part B: Change From Baseline in Growth Parameters (Body Height),cm,MEAN,Standard Deviation,Part B: Infantile-Onset SMA: 50/28 mg Nusinersen,,,10.25,2.217,,
NCT04089566,Part B: Change From Baseline in Growth Parameters (Body Height),cm,MEAN,Standard Deviation,Part B: Later-Onset SMA: 12/12 mg Nusinersen,,,11.2,NA,,
NCT04089566,Part B: Change From Baseline in Growth Parameters (Body Height),cm,MEAN,Standard Deviation,Part B: Later-Onset SMA: 50/28 mg Nusinersen,,,6.9,3.65,,
NCT04093024,Absolute Change From Baseline in Height at Week 24,Centimeter,LEAST_SQUARES_MEAN,95% Confidence Interval,DBP: Randomised to Placebo,,,1.3,,0.6,1.9
NCT04093024,Absolute Change From Baseline in Height at Week 24,Centimeter,LEAST_SQUARES_MEAN,95% Confidence Interval,DBP: Randomised to Nintedanib,,,1.3,,0.8,1.8
NCT04093024,Absolute Change From Baseline in Height at Week 52,Centimeter,LEAST_SQUARES_MEAN,95% Confidence Interval,DBP+OLNP: Randomised to Placebo,,,2.8,,1.5,4.2
NCT04093024,Absolute Change From Baseline in Height at Week 52,Centimeter,LEAST_SQUARES_MEAN,95% Confidence Interval,DBP+OLNP: Randomised to Nintedanib,,,2.8,,1.8,3.8
NCT04093024,Absolute Change From Baseline in Height at Week 76,Centimeter,MEAN,Standard Deviation,DBP+OLNP: Randomised to Placebo,At Baseline,,143.7,11.2,,
NCT04093024,Absolute Change From Baseline in Height at Week 76,Centimeter,MEAN,Standard Deviation,DBP+OLNP: Randomised to Nintedanib,At Baseline,,162.5,15.8,,
NCT04093024,Absolute Change From Baseline in Height at Week 76,Centimeter,MEAN,Standard Deviation,DBP+OLNP: Randomised to Placebo,At Week 76,,150.0,15.7,,
NCT04093024,Absolute Change From Baseline in Height at Week 76,Centimeter,MEAN,Standard Deviation,DBP+OLNP: Randomised to Nintedanib,At Week 76,,165.5,13.0,,
NCT04093024,Absolute Change From Baseline in Sitting Height at Week 24,Centimeters,LEAST_SQUARES_MEAN,95% Confidence Interval,DBP: Randomised to Placebo,,,1.0,,-1.3,3.4
NCT04093024,Absolute Change From Baseline in Sitting Height at Week 24,Centimeters,LEAST_SQUARES_MEAN,95% Confidence Interval,DBP: Randomised to Nintedanib,,,2.1,,0.6,3.6
NCT04093024,Absolute Change From Baseline in Sitting Height at Week 52,Centimeters,MEAN,Standard Deviation,DBP + OLNP: Randomised to Placebo,At Baseline,,78.7,11.8,,
NCT04093024,Absolute Change From Baseline in Sitting Height at Week 52,Centimeters,MEAN,Standard Deviation,DBP + OLNP: Randomised to Nintedanib,At Baseline,,77.6,9.4,,
NCT04093024,Absolute Change From Baseline in Sitting Height at Week 52,Centimeters,MEAN,Standard Deviation,DBP + OLNP: Randomised to Placebo,At Week 52,,79.0,12.2,,
NCT04093024,Absolute Change From Baseline in Sitting Height at Week 52,Centimeters,MEAN,Standard Deviation,DBP + OLNP: Randomised to Nintedanib,At Week 52,,79.3,8.6,,
NCT04093024,Absolute Change From Baseline in Sitting Height at Week 76,Centimeters,MEAN,Standard Deviation,DBP + OLNP: Randomised to Placebo,At Baseline,,65.0,NA,,
NCT04093024,Absolute Change From Baseline in Sitting Height at Week 76,Centimeters,MEAN,Standard Deviation,DBP+OLNP: Randomised to Nintedanib,At Baseline,,83.0,4.2,,
NCT04093024,Absolute Change From Baseline in Sitting Height at Week 76,Centimeters,MEAN,Standard Deviation,DBP + OLNP: Randomised to Placebo,At Week 76,,65.0,NA,,
NCT04093024,Absolute Change From Baseline in Sitting Height at Week 76,Centimeters,MEAN,Standard Deviation,DBP+OLNP: Randomised to Nintedanib,At Week 76,,84.5,3.5,,
NCT04093024,Absolute Change From Baseline in Leg Length at Week 24 - Left,Centimeters,LEAST_SQUARES_MEAN,95% Confidence Interval,DBP: Randomised to Placebo,,,1.6,,0.3,2.9
NCT04093024,Absolute Change From Baseline in Leg Length at Week 24 - Left,Centimeters,LEAST_SQUARES_MEAN,95% Confidence Interval,DBP: Randomised to Nintedanib,,,1.7,,0.8,2.7
NCT04093024,Absolute Change From Baseline in Leg Length at Week 52 - Left,Centimeter,LEAST_SQUARES_MEAN,95% Confidence Interval,DBP+OLNP: Randomised to Placebo,,,2.8,,0.3,5.4
NCT04093024,Absolute Change From Baseline in Leg Length at Week 52 - Left,Centimeter,LEAST_SQUARES_MEAN,95% Confidence Interval,DBP+OLNP: Randomised to Nintedanib,,,2.9,,0.9,4.9
NCT04093024,Absolute Change From Baseline in Leg Length at Week 76 - Left,Centimeter,LEAST_SQUARES_MEAN,95% Confidence Interval,DBP+OLNP: Randomised to Placebo,,,5.2,,-0.0,10.5
NCT04093024,Absolute Change From Baseline in Leg Length at Week 76 - Left,Centimeter,LEAST_SQUARES_MEAN,95% Confidence Interval,DBP+OLNP: Randomised to Nintedanib,,,2.6,,-1.5,6.7
NCT04093024,Absolute Change From Baseline in Leg Length at Week 24 - Right,Centimeters,LEAST_SQUARES_MEAN,95% Confidence Interval,DBP: Randomised to Placebo,,,1.6,,0.3,2.9
NCT04093024,Absolute Change From Baseline in Leg Length at Week 24 - Right,Centimeters,LEAST_SQUARES_MEAN,95% Confidence Interval,DBP: Randomised to Nintedanib,,,1.6,,0.6,2.6
NCT04093024,Absolute Change From Baseline in Leg Length at Week 52 - Right,Centimeter,LEAST_SQUARES_MEAN,95% Confidence Interval,DBP+OLNP: Randomised to Placebo,,,2.8,,0.4,5.1
NCT04093024,Absolute Change From Baseline in Leg Length at Week 52 - Right,Centimeter,LEAST_SQUARES_MEAN,95% Confidence Interval,DBP+OLNP: Randomised to Nintedanib,,,3.4,,1.6,5.2
NCT04093024,Absolute Change From Baseline in Leg Length at Week 76 - Right,Centimeter,LEAST_SQUARES_MEAN,95% Confidence Interval,DBP+OLNP: Randomised to Placebo,,,3.9,,-0.5,8.3
NCT04093024,Absolute Change From Baseline in Leg Length at Week 76 - Right,Centimeter,LEAST_SQUARES_MEAN,95% Confidence Interval,DBP+OLNP: Randomised to Nintedanib,,,4.3,,0.8,7.7
NCT04114539,Change From Baseline in Vital Signs Parameter: Height,centimeter (cm),MEAN,Standard Deviation,Ecopipam HCI 2 mg/kg/Day,,,4.0,3.90,,
NCT04115189,Demographic Characteristic of Participants: Height,Centimeter,MEAN,Standard Deviation,Sunitinib: Switched From 4/2 to 2/1 Schedule,,,164.4,10.4,,
NCT04115189,Demographic Characteristic of Participants: Height,Centimeter,MEAN,Standard Deviation,Sunitinib 2/1 Schedule,,,168.9,6.6,,
NCT04120363,Vertical Jump Height,cm,LEAST_SQUARES_MEAN,Standard Error,Testosterone,"Vertical Jump Height, Phase 1",,54.5,2.5,,
NCT04120363,Vertical Jump Height,cm,LEAST_SQUARES_MEAN,Standard Error,Placebo,"Vertical Jump Height, Phase 1",,53.6,2.4,,
NCT04120363,Vertical Jump Height,cm,LEAST_SQUARES_MEAN,Standard Error,Testosterone,"Vertical Jump Height, Phase 2",,49.1,2.5,,
NCT04120363,Vertical Jump Height,cm,LEAST_SQUARES_MEAN,Standard Error,Placebo,"Vertical Jump Height, Phase 2",,50.0,2.5,,
NCT04120363,Vertical Jump Height,cm,LEAST_SQUARES_MEAN,Standard Error,Testosterone,"Vertical Jump Height, Phase 3",,54.0,2.5,,
NCT04120363,Vertical Jump Height,cm,LEAST_SQUARES_MEAN,Standard Error,Placebo,"Vertical Jump Height, Phase 3",,50.5,2.5,,
NCT04161079,"Performance: Change in Mitral Regurgitation Parameters (Coaptation Height), as Measured by TTE",millimeters,MEAN,Standard Deviation,Clinical Investigation 2010-040 2-year Follow-up,,,7.4,2.3,,
NCT04161079,"Performance: Change in Mitral Regurgitation Parameters (Coaptation Height), as Measured by TTE",millimeters,MEAN,Standard Deviation,2010-040FU5 >5 Years Follow-up,,,3.9,5.4,,
NCT04175600,Double-blind Period: Change From Baseline in Growth Parameter: Height,Centimeters,LEAST_SQUARES_MEAN,Standard Error,DB Period: Placebo,Week 24,,1.9,0.51,,
NCT04175600,Double-blind Period: Change From Baseline in Growth Parameter: Height,Centimeters,LEAST_SQUARES_MEAN,Standard Error,DB Period: Selexipag,Week 24,,1.1,0.52,,
NCT04175600,Double-blind Period: Change From Baseline in Growth Parameter: Height,Centimeters,LEAST_SQUARES_MEAN,Standard Error,DB Period: Placebo,Week 48,,3.8,0.51,,
NCT04175600,Double-blind Period: Change From Baseline in Growth Parameter: Height,Centimeters,LEAST_SQUARES_MEAN,Standard Error,DB Period: Selexipag,Week 48,,2.8,0.53,,
NCT04175600,Double-blind Period: Change From Baseline in Growth Parameter: Height,Centimeters,LEAST_SQUARES_MEAN,Standard Error,DB Period: Placebo,Week 72,,5.8,0.52,,
NCT04175600,Double-blind Period: Change From Baseline in Growth Parameter: Height,Centimeters,LEAST_SQUARES_MEAN,Standard Error,DB Period: Selexipag,Week 72,,4.4,0.54,,
NCT04175600,Double-blind Period: Change From Baseline in Growth Parameter: Height,Centimeters,LEAST_SQUARES_MEAN,Standard Error,DB Period: Placebo,Week 96,,7.3,0.54,,
NCT04175600,Double-blind Period: Change From Baseline in Growth Parameter: Height,Centimeters,LEAST_SQUARES_MEAN,Standard Error,DB Period: Selexipag,Week 96,,5.6,0.57,,
NCT04183790,Absolute Change in Height,centimeters (cm),LEAST_SQUARES_MEAN,95% Confidence Interval,ELX/TEZ/IVA,,,23.1,,21.6,24.6
NCT04183790,Absolute Change in Height-for-age Z-score,z-score,LEAST_SQUARES_MEAN,95% Confidence Interval,ELX/TEZ/IVA,,,0.04,,-0.12,0.19
NCT04185363,Change From Baseline in Height Z-score,Z-Score,MEAN,Standard Deviation,The Primary Cohort,,,0.486,0.6665,,
NCT04185363,Change From Baseline in Height Z-score,Z-Score,MEAN,Standard Deviation,PFIC Cohort,,,0.335,0.6229,,
NCT04209634,Change From Baseline in Height Z-Score,z-score,MEAN,Standard Deviation,Pozelimab Injection,,,1.079,0.6469,,
NCT04376060,Change From Baseline in Radiological Bone Height Augmentation in mm Measured Buccally,mm,MEAN,Standard Deviation,Study Population,,,2.776,2.445,,
NCT04376060,Change From Baseline in Radiological Bone Height Augmentation in mm Measured Medially,mm,MEAN,Standard Deviation,Study Population,,,0.812,0.905,,
NCT04376060,Change From Baseline in Radiological Bone Height Augmentation in mm Measured Lingually,mm,MEAN,Standard Deviation,Study Population,,,0.734,0.812,,
NCT04379271,Vital Signs: Height,centimeters,MEAN,Standard Deviation,IMU-838,Male,,178.1,5.7,,
NCT04379271,Vital Signs: Height,centimeters,MEAN,Standard Deviation,Placebo,Male,,175.6,6.8,,
NCT04379271,Vital Signs: Height,centimeters,MEAN,Standard Deviation,IMU-838,Female,,163.0,5.5,,
NCT04379271,Vital Signs: Height,centimeters,MEAN,Standard Deviation,Placebo,Female,,163.9,4.4,,
NCT04394351,Part B: Change From Baseline in Body Weight From Height Z-score at Week 52,z-score,MEAN,Standard Deviation,Part B: Placebo to Dupilumab Low Dose,,,0.0962,0.48902,,
NCT04394351,Part B: Change From Baseline in Body Weight From Height Z-score at Week 52,z-score,MEAN,Standard Deviation,Part B: Placebo to Dupilumab High Dose,,,-0.0100,0.51706,,
NCT04394351,Part B: Change From Baseline in Body Weight From Height Z-score at Week 52,z-score,MEAN,Standard Deviation,Part B: Dupilumab Low Dose to Dupilumab Low Dose,,,-0.2700,1.04895,,
NCT04394351,Part B: Change From Baseline in Body Weight From Height Z-score at Week 52,z-score,MEAN,Standard Deviation,Part B: Dupilumab High Dose to Dupilumab High Dose,,,-0.0151,0.67968,,
NCT04420949,Multisensory Balance Evaluation (MBE) as Measured by the Intersection Point Height,meters,MEAN,Standard Deviation,Healthy,Visit 1,,0.5,0.23,,
NCT04420949,Multisensory Balance Evaluation (MBE) as Measured by the Intersection Point Height,meters,MEAN,Standard Deviation,Vestibular-impaired,Visit 1,,0.53,0.17,,
NCT04420949,Multisensory Balance Evaluation (MBE) as Measured by the Intersection Point Height,meters,MEAN,Standard Deviation,Healthy,Visit 2,,0.42,0.18,,
NCT04420949,Multisensory Balance Evaluation (MBE) as Measured by the Intersection Point Height,meters,MEAN,Standard Deviation,Vestibular-impaired,Visit 2,,0.52,0.15,,
NCT04420949,Multisensory Balance Evaluation (MBE) as Measured by the Intersection Point Height,meters,MEAN,Standard Deviation,Healthy,Visit 7,,0.37,0.17,,
NCT04420949,Multisensory Balance Evaluation (MBE) as Measured by the Intersection Point Height,meters,MEAN,Standard Deviation,Vestibular-impaired,Visit 7,,0.39,0.08,,
NCT04420949,Multisensory Balance Evaluation (MBE) as Measured by the Intersection Point Height,meters,MEAN,Standard Deviation,Healthy,Visit 8,,0.46,0.15,,
NCT04420949,Multisensory Balance Evaluation (MBE) as Measured by the Intersection Point Height,meters,MEAN,Standard Deviation,Vestibular-impaired,Visit 8,,0.37,0.11,,
NCT04463069,Waist-to-height Ratio Change,ratio,MEAN,95% Confidence Interval,Intervention Group,Mean change from baseline to 4,,-0.01,,-0.02,-0.00
NCT04463069,Waist-to-height Ratio Change,ratio,MEAN,95% Confidence Interval,Control Group,Mean change from baseline to 4,,0.01,,-0.00,0.02
NCT04463069,Waist-to-height Ratio Change,ratio,MEAN,95% Confidence Interval,Intervention Group,Mean change from baseline to 9,,-0.02,,-0.03,-0.01
NCT04463069,Waist-to-height Ratio Change,ratio,MEAN,95% Confidence Interval,Control Group,Mean change from baseline to 9,,0.01,,-0.01,0.02
NCT04485104,Mean Change From Baseline in Height,centimeters,MEAN,Standard Deviation,Tuberous Sclerosis Complex,,,1.95,1.344,,
NCT04485104,Mean Change From Baseline in Height,centimeters,MEAN,Standard Deviation,Dravet Syndrome,,,4.20,NA,,
NCT04517253,Change From Baseline in Growth Velocity (Height and Weight Z Score) (Primary Treatment and Maintenance Period),Z-score,MEAN,Standard Deviation,CANDLE,Height,,3.03,NA,,
NCT04517253,Change From Baseline in Growth Velocity (Height and Weight Z Score) (Primary Treatment and Maintenance Period),Z-score,MEAN,Standard Deviation,SAVI,Height,,0.75,0.88,,
NCT04517253,Change From Baseline in Growth Velocity (Height and Weight Z Score) (Primary Treatment and Maintenance Period),Z-score,MEAN,Standard Deviation,Aicardi-Goutières Syndrome (AGS),Height,,0.13,1.17,,
NCT04517253,Change From Baseline in Growth Velocity (Height and Weight Z Score) (Primary Treatment and Maintenance Period),Z-score,MEAN,Standard Deviation,CANDLE,Weight,,0.92,NA,,
NCT04517253,Change From Baseline in Growth Velocity (Height and Weight Z Score) (Primary Treatment and Maintenance Period),Z-score,MEAN,Standard Deviation,SAVI,Weight,,1.17,0.03,,
NCT04517253,Change From Baseline in Growth Velocity (Height and Weight Z Score) (Primary Treatment and Maintenance Period),Z-score,MEAN,Standard Deviation,Aicardi-Goutières Syndrome (AGS),Weight,,0.46,1.16,,
NCT04522921,Body Height (m),Meter,MEAN,95% Confidence Interval,Control Group,,,0.01,,0.01,0.02
NCT04522921,Body Height (m),Meter,MEAN,95% Confidence Interval,Intervention Group,,,0.02,,0.01,0.02
NCT04522921,Body Height (m),Meter,MEAN,95% Confidence Interval,SARS CoV-group,,,0.02,,0.01,0.03
NCT04555044,Change in Length or Height (and Head Circumference for Infants <1 Year of Age) From Baseline,mm/week,MEAN,Standard Deviation,Clinolipid (Lipid Injectable Emulsion) 20%,Change in Length or Height from Baseline to Day 90/EOT,,13.298,15.4004,,
NCT04555044,Change in Length or Height (and Head Circumference for Infants <1 Year of Age) From Baseline,mm/week,MEAN,Standard Deviation,Intralipid (SOC Soybean Oil-based Lipid Emulsion),Change in Length or Height from Baseline to Day 90/EOT,,6.406,8.6426,,
NCT04555044,Change in Length or Height (and Head Circumference for Infants <1 Year of Age) From Baseline,mm/week,MEAN,Standard Deviation,Clinolipid (Lipid Injectable Emulsion) 20%,Change in Head Circumference from Baseline to Day 90/EOT for Infants < 1 Year of Age,,0.918,6.5248,,
NCT04555044,Change in Length or Height (and Head Circumference for Infants <1 Year of Age) From Baseline,mm/week,MEAN,Standard Deviation,Intralipid (SOC Soybean Oil-based Lipid Emulsion),Change in Head Circumference from Baseline to Day 90/EOT for Infants < 1 Year of Age,,-0.218,5.6635,,
NCT04587271,Change in Infant Height,cm,MEAN,Standard Deviation,Breastfeeding Infants (Moringa),,,9.1,2.1,,
NCT04587271,Change in Infant Height,cm,MEAN,Standard Deviation,Breastfeeding Infants (Placebo),,,9.3,1.7,,
NCT04606823,"IPS (Inflammation, Pain, Skin Height) Scores",Visits,COUNT_OF_UNITS,,Single-arm,All study visits : I-score 0,,195,,,
NCT04606823,"IPS (Inflammation, Pain, Skin Height) Scores",Visits,COUNT_OF_UNITS,,Single-arm,All study visits : I-score 1,,55,,,
NCT04606823,"IPS (Inflammation, Pain, Skin Height) Scores",Visits,COUNT_OF_UNITS,,Single-arm,All study visits : I-score 2,,13,,,
NCT04606823,"IPS (Inflammation, Pain, Skin Height) Scores",Visits,COUNT_OF_UNITS,,Single-arm,All study visits : I-score 3,,2,,,
NCT04606823,"IPS (Inflammation, Pain, Skin Height) Scores",Visits,COUNT_OF_UNITS,,Single-arm,All study visits : I-score 4,,0,,,
NCT04606823,"IPS (Inflammation, Pain, Skin Height) Scores",Visits,COUNT_OF_UNITS,,Single-arm,All study visits : P-score 0,,209,,,
NCT04606823,"IPS (Inflammation, Pain, Skin Height) Scores",Visits,COUNT_OF_UNITS,,Single-arm,All study visits : P-score 1,,38,,,
NCT04606823,"IPS (Inflammation, Pain, Skin Height) Scores",Visits,COUNT_OF_UNITS,,Single-arm,All study visits : P-score 2,,18,,,
NCT04606823,"IPS (Inflammation, Pain, Skin Height) Scores",Visits,COUNT_OF_UNITS,,Single-arm,All study visits : S-score 0,,243,,,
NCT04606823,"IPS (Inflammation, Pain, Skin Height) Scores",Visits,COUNT_OF_UNITS,,Single-arm,All study visits : S-score 1,,21,,,
NCT04606823,"IPS (Inflammation, Pain, Skin Height) Scores",Visits,COUNT_OF_UNITS,,Single-arm,All study visits : S-score 2,,0,,,
NCT04606823,"IPS (Inflammation, Pain, Skin Height) Scores",Visits,COUNT_OF_UNITS,,Single-arm,9 days : I-score 0,,29,,,
NCT04606823,"IPS (Inflammation, Pain, Skin Height) Scores",Visits,COUNT_OF_UNITS,,Single-arm,9 days : I-score 1,,18,,,
NCT04606823,"IPS (Inflammation, Pain, Skin Height) Scores",Visits,COUNT_OF_UNITS,,Single-arm,9 days : I-score 2,,5,,,
NCT04606823,"IPS (Inflammation, Pain, Skin Height) Scores",Visits,COUNT_OF_UNITS,,Single-arm,9 days : I-score 3,,0,,,
NCT04606823,"IPS (Inflammation, Pain, Skin Height) Scores",Visits,COUNT_OF_UNITS,,Single-arm,9 days : I-score 4,,0,,,
NCT04606823,"IPS (Inflammation, Pain, Skin Height) Scores",Visits,COUNT_OF_UNITS,,Single-arm,9 days : P-score 0,,31,,,
NCT04606823,"IPS (Inflammation, Pain, Skin Height) Scores",Visits,COUNT_OF_UNITS,,Single-arm,9 days : P-score 1,,14,,,
NCT04606823,"IPS (Inflammation, Pain, Skin Height) Scores",Visits,COUNT_OF_UNITS,,Single-arm,9 days : P-score 2,,7,,,
NCT04606823,"IPS (Inflammation, Pain, Skin Height) Scores",Visits,COUNT_OF_UNITS,,Single-arm,9 days : S-score 0,,51,,,
NCT04606823,"IPS (Inflammation, Pain, Skin Height) Scores",Visits,COUNT_OF_UNITS,,Single-arm,9 days : S-score 1,,1,,,
NCT04606823,"IPS (Inflammation, Pain, Skin Height) Scores",Visits,COUNT_OF_UNITS,,Single-arm,9 days : S-score 2,,0,,,
NCT04606823,"IPS (Inflammation, Pain, Skin Height) Scores",Visits,COUNT_OF_UNITS,,Single-arm,5 weeks : I-score 0,,39,,,
NCT04606823,"IPS (Inflammation, Pain, Skin Height) Scores",Visits,COUNT_OF_UNITS,,Single-arm,5 weeks : I-score 1,,8,,,
NCT04606823,"IPS (Inflammation, Pain, Skin Height) Scores",Visits,COUNT_OF_UNITS,,Single-arm,5 weeks : I-score 2,,1,,,
NCT04606823,"IPS (Inflammation, Pain, Skin Height) Scores",Visits,COUNT_OF_UNITS,,Single-arm,5 weeks : I-score 3,,1,,,
NCT04606823,"IPS (Inflammation, Pain, Skin Height) Scores",Visits,COUNT_OF_UNITS,,Single-arm,5 weeks : I-score 4,,0,,,
NCT04606823,"IPS (Inflammation, Pain, Skin Height) Scores",Visits,COUNT_OF_UNITS,,Single-arm,5 weeks : P-score 0,,39,,,
NCT04606823,"IPS (Inflammation, Pain, Skin Height) Scores",Visits,COUNT_OF_UNITS,,Single-arm,5 weeks : P-score 1,,10,,,
NCT04606823,"IPS (Inflammation, Pain, Skin Height) Scores",Visits,COUNT_OF_UNITS,,Single-arm,5 weeks : P-score 2,,0,,,
NCT04606823,"IPS (Inflammation, Pain, Skin Height) Scores",Visits,COUNT_OF_UNITS,,Single-arm,5 weeks : S-score 0,,45,,,
NCT04606823,"IPS (Inflammation, Pain, Skin Height) Scores",Visits,COUNT_OF_UNITS,,Single-arm,5 weeks : S-score 1,,4,,,
NCT04606823,"IPS (Inflammation, Pain, Skin Height) Scores",Visits,COUNT_OF_UNITS,,Single-arm,5 weeks : S-score 2,,0,,,
NCT04606823,"IPS (Inflammation, Pain, Skin Height) Scores",Visits,COUNT_OF_UNITS,,Single-arm,3 months : I-score 0,,37,,,
NCT04606823,"IPS (Inflammation, Pain, Skin Height) Scores",Visits,COUNT_OF_UNITS,,Single-arm,3 months : I-score 1,,10,,,
NCT04606823,"IPS (Inflammation, Pain, Skin Height) Scores",Visits,COUNT_OF_UNITS,,Single-arm,3 months : I-score 2,,2,,,
NCT04606823,"IPS (Inflammation, Pain, Skin Height) Scores",Visits,COUNT_OF_UNITS,,Single-arm,3 months : I-score 3,,0,,,
NCT04606823,"IPS (Inflammation, Pain, Skin Height) Scores",Visits,COUNT_OF_UNITS,,Single-arm,3 months : I-score 4,,0,,,
NCT04606823,"IPS (Inflammation, Pain, Skin Height) Scores",Visits,COUNT_OF_UNITS,,Single-arm,3 months : P-score 0,,38,,,
NCT04606823,"IPS (Inflammation, Pain, Skin Height) Scores",Visits,COUNT_OF_UNITS,,Single-arm,3 months : P-score 1,,7,,,
NCT04606823,"IPS (Inflammation, Pain, Skin Height) Scores",Visits,COUNT_OF_UNITS,,Single-arm,3 months : P-score 2,,4,,,
NCT04606823,"IPS (Inflammation, Pain, Skin Height) Scores",Visits,COUNT_OF_UNITS,,Single-arm,3 months : S-score 0,,42,,,
NCT04606823,"IPS (Inflammation, Pain, Skin Height) Scores",Visits,COUNT_OF_UNITS,,Single-arm,3 months : S-score 1,,7,,,
NCT04606823,"IPS (Inflammation, Pain, Skin Height) Scores",Visits,COUNT_OF_UNITS,,Single-arm,3 months : S-score 2,,0,,,
NCT04606823,"IPS (Inflammation, Pain, Skin Height) Scores",Visits,COUNT_OF_UNITS,,Single-arm,6 months : I-score 0,,37,,,
NCT04606823,"IPS (Inflammation, Pain, Skin Height) Scores",Visits,COUNT_OF_UNITS,,Single-arm,6 months : I-score 1,,6,,,
NCT04606823,"IPS (Inflammation, Pain, Skin Height) Scores",Visits,COUNT_OF_UNITS,,Single-arm,6 months : I-score 2,,1,,,
NCT04606823,"IPS (Inflammation, Pain, Skin Height) Scores",Visits,COUNT_OF_UNITS,,Single-arm,6 months : I-score 3,,1,,,
NCT04606823,"IPS (Inflammation, Pain, Skin Height) Scores",Visits,COUNT_OF_UNITS,,Single-arm,6 months : I-score 4,,0,,,
NCT04606823,"IPS (Inflammation, Pain, Skin Height) Scores",Visits,COUNT_OF_UNITS,,Single-arm,6 months : P-score 0,,41,,,
NCT04606823,"IPS (Inflammation, Pain, Skin Height) Scores",Visits,COUNT_OF_UNITS,,Single-arm,6 months : P-score 1,,1,,,
NCT04606823,"IPS (Inflammation, Pain, Skin Height) Scores",Visits,COUNT_OF_UNITS,,Single-arm,6 months : P-score 2,,3,,,
NCT04606823,"IPS (Inflammation, Pain, Skin Height) Scores",Visits,COUNT_OF_UNITS,,Single-arm,6 months : S-score 0,,41,,,
NCT04606823,"IPS (Inflammation, Pain, Skin Height) Scores",Visits,COUNT_OF_UNITS,,Single-arm,6 months : S-score 1,,4,,,
NCT04606823,"IPS (Inflammation, Pain, Skin Height) Scores",Visits,COUNT_OF_UNITS,,Single-arm,6 months : S-score 2,,0,,,
NCT04606823,"IPS (Inflammation, Pain, Skin Height) Scores",Visits,COUNT_OF_UNITS,,Single-arm,12 months : I-score 0,,41,,,
NCT04606823,"IPS (Inflammation, Pain, Skin Height) Scores",Visits,COUNT_OF_UNITS,,Single-arm,12 months : I-score 1,,5,,,
NCT04606823,"IPS (Inflammation, Pain, Skin Height) Scores",Visits,COUNT_OF_UNITS,,Single-arm,12 months : I-score 2,,2,,,
NCT04606823,"IPS (Inflammation, Pain, Skin Height) Scores",Visits,COUNT_OF_UNITS,,Single-arm,12 months : I-score 3,,0,,,
NCT04606823,"IPS (Inflammation, Pain, Skin Height) Scores",Visits,COUNT_OF_UNITS,,Single-arm,12 months : I-score 4,,0,,,
NCT04606823,"IPS (Inflammation, Pain, Skin Height) Scores",Visits,COUNT_OF_UNITS,,Single-arm,12 months : P-score 0,,40,,,
NCT04606823,"IPS (Inflammation, Pain, Skin Height) Scores",Visits,COUNT_OF_UNITS,,Single-arm,12 months : P-score 1,,5,,,
NCT04606823,"IPS (Inflammation, Pain, Skin Height) Scores",Visits,COUNT_OF_UNITS,,Single-arm,12 months : P-score 2,,3,,,
NCT04606823,"IPS (Inflammation, Pain, Skin Height) Scores",Visits,COUNT_OF_UNITS,,Single-arm,12 months : S-score 0,,45,,,
NCT04606823,"IPS (Inflammation, Pain, Skin Height) Scores",Visits,COUNT_OF_UNITS,,Single-arm,12 months : S-score 1,,3,,,
NCT04606823,"IPS (Inflammation, Pain, Skin Height) Scores",Visits,COUNT_OF_UNITS,,Single-arm,12 months : S-score 2,,0,,,
NCT04606823,"IPS (Inflammation, Pain, Skin Height) Scores",Visits,COUNT_OF_UNITS,,Single-arm,Unplanned visits : I-score 0,,12,,,
NCT04606823,"IPS (Inflammation, Pain, Skin Height) Scores",Visits,COUNT_OF_UNITS,,Single-arm,Unplanned visits : I-score 1,,8,,,
NCT04606823,"IPS (Inflammation, Pain, Skin Height) Scores",Visits,COUNT_OF_UNITS,,Single-arm,Unplanned visits : I-score 2,,2,,,
NCT04606823,"IPS (Inflammation, Pain, Skin Height) Scores",Visits,COUNT_OF_UNITS,,Single-arm,Unplanned visits : I-score 3,,0,,,
NCT04606823,"IPS (Inflammation, Pain, Skin Height) Scores",Visits,COUNT_OF_UNITS,,Single-arm,Unplanned visits : I-score 4,,0,,,
NCT04606823,"IPS (Inflammation, Pain, Skin Height) Scores",Visits,COUNT_OF_UNITS,,Single-arm,Unplanned visits : P-score 0,,20,,,
NCT04606823,"IPS (Inflammation, Pain, Skin Height) Scores",Visits,COUNT_OF_UNITS,,Single-arm,Unplanned visits : P-score 1,,1,,,
NCT04606823,"IPS (Inflammation, Pain, Skin Height) Scores",Visits,COUNT_OF_UNITS,,Single-arm,Unplanned visits : P-score 2,,1,,,
NCT04606823,"IPS (Inflammation, Pain, Skin Height) Scores",Visits,COUNT_OF_UNITS,,Single-arm,Unplanned visits : S-score 0,,19,,,
NCT04606823,"IPS (Inflammation, Pain, Skin Height) Scores",Visits,COUNT_OF_UNITS,,Single-arm,Unplanned visits : S-score 1,,2,,,
NCT04606823,"IPS (Inflammation, Pain, Skin Height) Scores",Visits,COUNT_OF_UNITS,,Single-arm,Unplanned visits : S-score 2,,0,,,
NCT04614337,Change in Height Standard Deviation Score (SDS),Standard Deviation Score,MEAN,Standard Deviation,LUM-201 (0.8 mg/kg/Day),,,0.108,0.1230,,
NCT04614337,Change in Height Standard Deviation Score (SDS),Standard Deviation Score,MEAN,Standard Deviation,LUM-201 (1.6 mg/kg/Day),,,0.238,0.1767,,
NCT04614337,Change in Height Standard Deviation Score (SDS),Standard Deviation Score,MEAN,Standard Deviation,LUM-201 (3.2 mg/kg/Day),,,0.215,0.1716,,
NCT04614337,Change in Height Standard Deviation Score (SDS),Standard Deviation Score,MEAN,Standard Deviation,rhGH (34 µg/kg/Day),,,0.444,0.1810,,
NCT04614337,Change in Height Standard Deviation Score (SDS),Standard Deviation Score,MEAN,Standard Deviation,LUM-201 (0.8 mg/kg/Day),,,0.207,0.2359,,
NCT04614337,Change in Height Standard Deviation Score (SDS),Standard Deviation Score,MEAN,Standard Deviation,LUM-201 (1.6 mg/kg/Day),,,0.370,0.2786,,
NCT04614337,Change in Height Standard Deviation Score (SDS),Standard Deviation Score,MEAN,Standard Deviation,LUM-201 (3.2 mg/kg/Day),,,0.369,0.2514,,
NCT04614337,Change in Height Standard Deviation Score (SDS),Standard Deviation Score,MEAN,Standard Deviation,rhGH (34 µg/kg/Day),,,0.732,0.2424,,
NCT04614337,Bone Age,Years,MEAN,Standard Deviation,LUM-201 (0.8 mg/kg/Day),,,0.455,0.2002,,
NCT04614337,Bone Age,Years,MEAN,Standard Deviation,LUM-201 (1.6 mg/kg/Day),,,0.485,0.3708,,
NCT04614337,Bone Age,Years,MEAN,Standard Deviation,LUM-201 (3.2 mg/kg/Day),,,0.439,0.2149,,
NCT04614337,Bone Age,Years,MEAN,Standard Deviation,rhGH (34 µg/kg):,,,0.539,0.2735,,
NCT04614337,Bone Age,Years,MEAN,Standard Deviation,LUM-201 (0.8 mg/kg/Day),,,1.1515,0.5647,,
NCT04614337,Bone Age,Years,MEAN,Standard Deviation,LUM-201 (1.6 mg/kg/Day),,,1.862,0.4799,,
NCT04614337,Bone Age,Years,MEAN,Standard Deviation,LUM-201 (3.2 mg/kg/Day),,,1.585,0.4960,,
NCT04630626,"Participants Average Disc Height, Parent IDE Study + Post Approval Study (PAS)",mm,MEAN,Standard Deviation,Simplify Disc,,,4.06,1.00,,
NCT04630626,"Participants Average Disc Height, Parent IDE Study + Post Approval Study (PAS)",mm,MEAN,Standard Deviation,Historical ACDF Control,,,4.81,1.17,,
NCT04638153,"Least Square Mean of Change From Baseline Height Growth at Month 3, Month 6, Month 9, and Month 12",Ratio,LEAST_SQUARES_MEAN,95% Confidence Interval,Recifercept 1 mg/kg QW,Month 3,,1.1,,0.8,1.4
NCT04638153,"Least Square Mean of Change From Baseline Height Growth at Month 3, Month 6, Month 9, and Month 12",Ratio,LEAST_SQUARES_MEAN,95% Confidence Interval,Recifercept 2 mg/kg BIW,Month 3,,0.9,,0.6,1.2
NCT04638153,"Least Square Mean of Change From Baseline Height Growth at Month 3, Month 6, Month 9, and Month 12",Ratio,LEAST_SQUARES_MEAN,95% Confidence Interval,Recifercept 1.5 mg/kg QD,Month 3,,0.6,,0.3,0.9
NCT04638153,"Least Square Mean of Change From Baseline Height Growth at Month 3, Month 6, Month 9, and Month 12",Ratio,LEAST_SQUARES_MEAN,95% Confidence Interval,Recifercept 1 mg/kg QW,Month 6,,0.9,,0.7,1.1
NCT04638153,"Least Square Mean of Change From Baseline Height Growth at Month 3, Month 6, Month 9, and Month 12",Ratio,LEAST_SQUARES_MEAN,95% Confidence Interval,Recifercept 2 mg/kg BIW,Month 6,,1.1,,0.9,1.3
NCT04638153,"Least Square Mean of Change From Baseline Height Growth at Month 3, Month 6, Month 9, and Month 12",Ratio,LEAST_SQUARES_MEAN,95% Confidence Interval,Recifercept 1.5 mg/kg QD,Month 6,,1.0,,0.8,1.2
NCT04638153,"Least Square Mean of Change From Baseline Height Growth at Month 3, Month 6, Month 9, and Month 12",Ratio,LEAST_SQUARES_MEAN,95% Confidence Interval,Recifercept 1 mg/kg QW,Month 9,,1.0,,0.8,1.1
NCT04638153,"Least Square Mean of Change From Baseline Height Growth at Month 3, Month 6, Month 9, and Month 12",Ratio,LEAST_SQUARES_MEAN,95% Confidence Interval,Recifercept 2 mg/kg BIW,Month 9,,1.0,,0.8,1.1
NCT04638153,"Least Square Mean of Change From Baseline Height Growth at Month 3, Month 6, Month 9, and Month 12",Ratio,LEAST_SQUARES_MEAN,95% Confidence Interval,Recifercept 1.5 mg/kg QD,Month 9,,1.0,,0.8,1.1
NCT04638153,"Least Square Mean of Change From Baseline Height Growth at Month 3, Month 6, Month 9, and Month 12",Ratio,LEAST_SQUARES_MEAN,95% Confidence Interval,Recifercept 1 mg/kg QW,Month 12,,1.0,,0.8,1.1
NCT04638153,"Least Square Mean of Change From Baseline Height Growth at Month 3, Month 6, Month 9, and Month 12",Ratio,LEAST_SQUARES_MEAN,95% Confidence Interval,Recifercept 2 mg/kg BIW,Month 12,,1.0,,0.9,1.1
NCT04638153,"Least Square Mean of Change From Baseline Height Growth at Month 3, Month 6, Month 9, and Month 12",Ratio,LEAST_SQUARES_MEAN,95% Confidence Interval,Recifercept 1.5 mg/kg QD,Month 12,,0.9,,0.7,1.1
NCT04638153,"Change From Baseline in Sitting/Standing Height Ratio at Month 3, Month 6, Month 9, and Month 12",Ratio,MEAN,Standard Deviation,Recifercept 1 mg/kg QW,Baseline,,0.7,0.02,,
NCT04638153,"Change From Baseline in Sitting/Standing Height Ratio at Month 3, Month 6, Month 9, and Month 12",Ratio,MEAN,Standard Deviation,Recifercept 2 mg/kg BIW,Baseline,,0.7,0.02,,
NCT04638153,"Change From Baseline in Sitting/Standing Height Ratio at Month 3, Month 6, Month 9, and Month 12",Ratio,MEAN,Standard Deviation,Recifercept 1.5 mg/kg QD,Baseline,,0.7,0.02,,
NCT04638153,"Change From Baseline in Sitting/Standing Height Ratio at Month 3, Month 6, Month 9, and Month 12",Ratio,MEAN,Standard Deviation,Recifercept 1 mg/kg QW,Change at Month 3,,0.0,0.01,,
NCT04638153,"Change From Baseline in Sitting/Standing Height Ratio at Month 3, Month 6, Month 9, and Month 12",Ratio,MEAN,Standard Deviation,Recifercept 2 mg/kg BIW,Change at Month 3,,-0.0,0.01,,
NCT04638153,"Change From Baseline in Sitting/Standing Height Ratio at Month 3, Month 6, Month 9, and Month 12",Ratio,MEAN,Standard Deviation,Recifercept 1.5 mg/kg QD,Change at Month 3,,0.0,0.01,,
NCT04638153,"Change From Baseline in Sitting/Standing Height Ratio at Month 3, Month 6, Month 9, and Month 12",Ratio,MEAN,Standard Deviation,Recifercept 1 mg/kg QW,Change at Month 6,,0.0,0.01,,
NCT04638153,"Change From Baseline in Sitting/Standing Height Ratio at Month 3, Month 6, Month 9, and Month 12",Ratio,MEAN,Standard Deviation,Recifercept 2 mg/kg BIW,Change at Month 6,,-0.0,0.01,,
NCT04638153,"Change From Baseline in Sitting/Standing Height Ratio at Month 3, Month 6, Month 9, and Month 12",Ratio,MEAN,Standard Deviation,Recifercept 1.5 mg/kg QD,Change at Month 6,,-0.0,0.01,,
NCT04638153,"Change From Baseline in Sitting/Standing Height Ratio at Month 3, Month 6, Month 9, and Month 12",Ratio,MEAN,Standard Deviation,Recifercept 1 mg/kg QW,Change at Month 9,,-0.0,0.01,,
NCT04638153,"Change From Baseline in Sitting/Standing Height Ratio at Month 3, Month 6, Month 9, and Month 12",Ratio,MEAN,Standard Deviation,Recifercept 2 mg/kg BIW,Change at Month 9,,-0.0,0.01,,
NCT04638153,"Change From Baseline in Sitting/Standing Height Ratio at Month 3, Month 6, Month 9, and Month 12",Ratio,MEAN,Standard Deviation,Recifercept 1.5 mg/kg QD,Change at Month 9,,-0.0,0.01,,
NCT04638153,"Change From Baseline in Sitting/Standing Height Ratio at Month 3, Month 6, Month 9, and Month 12",Ratio,MEAN,Standard Deviation,Recifercept 1 mg/kg QW,Change at Month 12,,-0.0,0.01,,
NCT04638153,"Change From Baseline in Sitting/Standing Height Ratio at Month 3, Month 6, Month 9, and Month 12",Ratio,MEAN,Standard Deviation,Recifercept 2 mg/kg BIW,Change at Month 12,,-0.0,0.01,,
NCT04638153,"Change From Baseline in Sitting/Standing Height Ratio at Month 3, Month 6, Month 9, and Month 12",Ratio,MEAN,Standard Deviation,Recifercept 1.5 mg/kg QD,Change at Month 12,,0.0,0.00,,
NCT04638153,"Least Square Mean of Change From Baseline Arm Span to Standing Height/Length Difference at Month 3, Month 6, Month 9, and Month 12",centimeter (cm),LEAST_SQUARES_MEAN,95% Confidence Interval,Recifercept 1 mg/kg QW,Month 3,,0.4,,-0.2,1.0
NCT04638153,"Least Square Mean of Change From Baseline Arm Span to Standing Height/Length Difference at Month 3, Month 6, Month 9, and Month 12",centimeter (cm),LEAST_SQUARES_MEAN,95% Confidence Interval,Recifercept 2 mg/kg BIW,Month 3,,0.0,,-0.5,0.6
NCT04638153,"Least Square Mean of Change From Baseline Arm Span to Standing Height/Length Difference at Month 3, Month 6, Month 9, and Month 12",centimeter (cm),LEAST_SQUARES_MEAN,95% Confidence Interval,Recifercept 1.5 mg/kg QD,Month 3,,-0.6,,-1.2,-0.0
NCT04638153,"Least Square Mean of Change From Baseline Arm Span to Standing Height/Length Difference at Month 3, Month 6, Month 9, and Month 12",centimeter (cm),LEAST_SQUARES_MEAN,95% Confidence Interval,Recifercept 1 mg/kg QW,Month 6,,0.2,,-0.6,1.0
NCT04638153,"Least Square Mean of Change From Baseline Arm Span to Standing Height/Length Difference at Month 3, Month 6, Month 9, and Month 12",centimeter (cm),LEAST_SQUARES_MEAN,95% Confidence Interval,Recifercept 2 mg/kg BIW,Month 6,,0.7,,-0.1,1.5
NCT04638153,"Least Square Mean of Change From Baseline Arm Span to Standing Height/Length Difference at Month 3, Month 6, Month 9, and Month 12",centimeter (cm),LEAST_SQUARES_MEAN,95% Confidence Interval,Recifercept 1.5 mg/kg QD,Month 6,,-0.5,,-1.3,0.3
NCT04638153,"Least Square Mean of Change From Baseline Arm Span to Standing Height/Length Difference at Month 3, Month 6, Month 9, and Month 12",centimeter (cm),LEAST_SQUARES_MEAN,95% Confidence Interval,Recifercept 1 mg/kg QW,Month 9,,0.7,,0.1,1.2
NCT04638153,"Least Square Mean of Change From Baseline Arm Span to Standing Height/Length Difference at Month 3, Month 6, Month 9, and Month 12",centimeter (cm),LEAST_SQUARES_MEAN,95% Confidence Interval,Recifercept 2 mg/kg BIW,Month 9,,0.7,,0.2,1.2
NCT04638153,"Least Square Mean of Change From Baseline Arm Span to Standing Height/Length Difference at Month 3, Month 6, Month 9, and Month 12",centimeter (cm),LEAST_SQUARES_MEAN,95% Confidence Interval,Recifercept 1.5 mg/kg QD,Month 9,,0.0,,-0.6,0.6
NCT04638153,"Least Square Mean of Change From Baseline Arm Span to Standing Height/Length Difference at Month 3, Month 6, Month 9, and Month 12",centimeter (cm),LEAST_SQUARES_MEAN,95% Confidence Interval,Recifercept 1 mg/kg QW,Month 12,,1.0,,-0.0,2.1
NCT04638153,"Least Square Mean of Change From Baseline Arm Span to Standing Height/Length Difference at Month 3, Month 6, Month 9, and Month 12",centimeter (cm),LEAST_SQUARES_MEAN,95% Confidence Interval,Recifercept 2 mg/kg BIW,Month 12,,0.9,,-0.0,1.9
NCT04638153,"Least Square Mean of Change From Baseline Arm Span to Standing Height/Length Difference at Month 3, Month 6, Month 9, and Month 12",centimeter (cm),LEAST_SQUARES_MEAN,95% Confidence Interval,Recifercept 1.5 mg/kg QD,Month 12,,0.3,,-1.4,2.1
NCT04638153,"Change From Baseline in Knee Height : Lower Segment Ratio at Month 3, Month 6, Month 9, and Month 12",Ratio,MEAN,Standard Deviation,Recifercept 1 mg/kg QW,Baseline,,0.81,0.052,,
NCT04638153,"Change From Baseline in Knee Height : Lower Segment Ratio at Month 3, Month 6, Month 9, and Month 12",Ratio,MEAN,Standard Deviation,Recifercept 2 mg/kg BIW,Baseline,,0.84,0.058,,
NCT04638153,"Change From Baseline in Knee Height : Lower Segment Ratio at Month 3, Month 6, Month 9, and Month 12",Ratio,MEAN,Standard Deviation,Recifercept 1.5 mg/kg QD,Baseline,,0.80,0.035,,
NCT04638153,"Change From Baseline in Knee Height : Lower Segment Ratio at Month 3, Month 6, Month 9, and Month 12",Ratio,MEAN,Standard Deviation,Recifercept 1 mg/kg QW,Change at Month 3,,-0.00,0.020,,
NCT04638153,"Change From Baseline in Knee Height : Lower Segment Ratio at Month 3, Month 6, Month 9, and Month 12",Ratio,MEAN,Standard Deviation,Recifercept 2 mg/kg BIW,Change at Month 3,,-0.01,0.052,,
NCT04638153,"Change From Baseline in Knee Height : Lower Segment Ratio at Month 3, Month 6, Month 9, and Month 12",Ratio,MEAN,Standard Deviation,Recifercept 1.5 mg/kg QD,Change at Month 3,,0.02,0.035,,
NCT04638153,"Change From Baseline in Knee Height : Lower Segment Ratio at Month 3, Month 6, Month 9, and Month 12",Ratio,MEAN,Standard Deviation,Recifercept 1 mg/kg QW,Change at Month 6,,-0.00,0.028,,
NCT04638153,"Change From Baseline in Knee Height : Lower Segment Ratio at Month 3, Month 6, Month 9, and Month 12",Ratio,MEAN,Standard Deviation,Recifercept 2 mg/kg BIW,Change at Month 6,,-0.02,0.062,,
NCT04638153,"Change From Baseline in Knee Height : Lower Segment Ratio at Month 3, Month 6, Month 9, and Month 12",Ratio,MEAN,Standard Deviation,Recifercept 1.5 mg/kg QD,Change at Month 6,,0.00,0.026,,
NCT04638153,"Change From Baseline in Knee Height : Lower Segment Ratio at Month 3, Month 6, Month 9, and Month 12",Ratio,MEAN,Standard Deviation,Recifercept 1 mg/kg QW,Change at Month 9,,-0.00,0.027,,
NCT04638153,"Change From Baseline in Knee Height : Lower Segment Ratio at Month 3, Month 6, Month 9, and Month 12",Ratio,MEAN,Standard Deviation,Recifercept 2 mg/kg BIW,Change at Month 9,,-0.02,0.065,,
NCT04638153,"Change From Baseline in Knee Height : Lower Segment Ratio at Month 3, Month 6, Month 9, and Month 12",Ratio,MEAN,Standard Deviation,Recifercept 1.5 mg/kg QD,Change at Month 9,,0.01,0.026,,
NCT04638153,"Change From Baseline in Knee Height : Lower Segment Ratio at Month 3, Month 6, Month 9, and Month 12",Ratio,MEAN,Standard Deviation,Recifercept 1 mg/kg QW,Change at Month 12,,0.00,0.028,,
NCT04638153,"Change From Baseline in Knee Height : Lower Segment Ratio at Month 3, Month 6, Month 9, and Month 12",Ratio,MEAN,Standard Deviation,Recifercept 2 mg/kg BIW,Change at Month 12,,-0.02,0.081,,
NCT04638153,"Change From Baseline in Knee Height : Lower Segment Ratio at Month 3, Month 6, Month 9, and Month 12",Ratio,MEAN,Standard Deviation,Recifercept 1.5 mg/kg QD,Change at Month 12,,0.02,0.023,,
NCT04638153,"Change From Baseline in Height Standard Deviation Score (Z-Score) at Month 3, Month 6, Month 9, and Month 12",SDS,MEAN,Standard Deviation,Recifercept 1 mg/kg QW,Baseline,,-0.2,0.91,,
NCT04638153,"Change From Baseline in Height Standard Deviation Score (Z-Score) at Month 3, Month 6, Month 9, and Month 12",SDS,MEAN,Standard Deviation,Recifercept 2 mg/kg BIW,Baseline,,0.1,0.91,,
NCT04638153,"Change From Baseline in Height Standard Deviation Score (Z-Score) at Month 3, Month 6, Month 9, and Month 12",SDS,MEAN,Standard Deviation,Recifercept 1.5 mg/kg QD,Baseline,,0.2,1.26,,
NCT04638153,"Change From Baseline in Height Standard Deviation Score (Z-Score) at Month 3, Month 6, Month 9, and Month 12",SDS,MEAN,Standard Deviation,Recifercept 1 mg/kg QW,Change at Month 3,,0.0,0.13,,
NCT04638153,"Change From Baseline in Height Standard Deviation Score (Z-Score) at Month 3, Month 6, Month 9, and Month 12",SDS,MEAN,Standard Deviation,Recifercept 2 mg/kg BIW,Change at Month 3,,-0.0,0.17,,
NCT04638153,"Change From Baseline in Height Standard Deviation Score (Z-Score) at Month 3, Month 6, Month 9, and Month 12",SDS,MEAN,Standard Deviation,Recifercept 1.5 mg/kg QD,Change at Month 3,,0.0,0.26,,
NCT04638153,"Change From Baseline in Height Standard Deviation Score (Z-Score) at Month 3, Month 6, Month 9, and Month 12",SDS,MEAN,Standard Deviation,Recifercept 1 mg/kg QW,Change at Month 6,,0.0,0.21,,
NCT04638153,"Change From Baseline in Height Standard Deviation Score (Z-Score) at Month 3, Month 6, Month 9, and Month 12",SDS,MEAN,Standard Deviation,Recifercept 2 mg/kg BIW,Change at Month 6,,0.0,0.21,,
NCT04638153,"Change From Baseline in Height Standard Deviation Score (Z-Score) at Month 3, Month 6, Month 9, and Month 12",SDS,MEAN,Standard Deviation,Recifercept 1.5 mg/kg QD,Change at Month 6,,0.0,0.24,,
NCT04638153,"Change From Baseline in Height Standard Deviation Score (Z-Score) at Month 3, Month 6, Month 9, and Month 12",SDS,MEAN,Standard Deviation,Recifercept 1 mg/kg QW,Change at Month 9,,0.0,0.26,,
NCT04638153,"Change From Baseline in Height Standard Deviation Score (Z-Score) at Month 3, Month 6, Month 9, and Month 12",SDS,MEAN,Standard Deviation,Recifercept 2 mg/kg BIW,Change at Month 9,,0.0,0.21,,
NCT04638153,"Change From Baseline in Height Standard Deviation Score (Z-Score) at Month 3, Month 6, Month 9, and Month 12",SDS,MEAN,Standard Deviation,Recifercept 1.5 mg/kg QD,Change at Month 9,,0.0,0.20,,
NCT04638153,"Change From Baseline in Height Standard Deviation Score (Z-Score) at Month 3, Month 6, Month 9, and Month 12",SDS,MEAN,Standard Deviation,Recifercept 1 mg/kg QW,Change at Month 12,,0.0,0.33,,
NCT04638153,"Change From Baseline in Height Standard Deviation Score (Z-Score) at Month 3, Month 6, Month 9, and Month 12",SDS,MEAN,Standard Deviation,Recifercept 2 mg/kg BIW,Change at Month 12,,0.1,0.26,,
NCT04638153,"Change From Baseline in Height Standard Deviation Score (Z-Score) at Month 3, Month 6, Month 9, and Month 12",SDS,MEAN,Standard Deviation,Recifercept 1.5 mg/kg QD,Change at Month 12,,-0.2,0.17,,
NCT04718896,Change From Baseline in Height,centimeter (cm),MEAN,Standard Deviation,BKZ Dose A (320/160 mg),Week 16,,0.61,1.59,,
NCT04718896,Change From Baseline in Height,centimeter (cm),MEAN,Standard Deviation,BKZ Dose B (64/32 mg),Week 16,,0.56,1.67,,
NCT04718896,Change From Baseline in Height,centimeter (cm),MEAN,Standard Deviation,BKZ Dose A (320/160 mg),Week 124,,4.01,6.53,,
NCT04718896,Change From Baseline in Height,centimeter (cm),MEAN,Standard Deviation,BKZ Dose B (64/32 mg),Week 124,,3.04,5.34,,
NCT04736602,Change From Baseline in Auxological Parameter: Height,centimeter (cm),MEAN,Standard Deviation,All Participants,Month 3,,2.24,0.62,,
NCT04736602,Change From Baseline in Auxological Parameter: Height,centimeter (cm),MEAN,Standard Deviation,All Participants,Month 6,,3.55,0.69,,
NCT04736602,Change From Baseline in Auxological Parameter: Height,centimeter (cm),MEAN,Standard Deviation,All Participants,Month 9,,4.63,0.81,,
NCT04736602,Change From Baseline in Auxological Parameter: Height,centimeter (cm),MEAN,Standard Deviation,All Participants,Month 12,,6.54,0.88,,
NCT04736602,Change From Baseline in Auxological Parameter: Growth Velocity,cm/year,MEAN,Standard Deviation,All Participants,Month 3,,-0.895,3.637,,
NCT04736602,Change From Baseline in Auxological Parameter: Growth Velocity,cm/year,MEAN,Standard Deviation,All Participants,Month 6,,-3.769,2.806,,
NCT04736602,Change From Baseline in Auxological Parameter: Growth Velocity,cm/year,MEAN,Standard Deviation,All Participants,Month 9,,-4.804,2.927,,
NCT04736602,Change From Baseline in Auxological Parameter: Growth Velocity,cm/year,MEAN,Standard Deviation,All Participants,Month 12,,-2.052,3.089,,
NCT04736602,Change From Baseline in Bone Age (BA),years,MEAN,Standard Deviation,All Participants,Month 6,,0.233,0.307,,
NCT04736602,Change From Baseline in Bone Age (BA),years,MEAN,Standard Deviation,All Participants,Month 12,,0.586,0.544,,
NCT04753697,Change From Baseline in Physical Parameters - Height at Week 24,cm,MEAN,Standard Deviation,Induction Phase - CC-93538 360 mg QW,,,0.30,1.479,,
NCT04753697,Change From Baseline in Physical Parameters - Height at Week 24,cm,MEAN,Standard Deviation,Induction Phase - Placebo,,,-0.08,0.932,,
NCT04753697,Change From Baseline in Physical Parameters - Height at Week 48,cm,MEAN,Standard Deviation,Maintenance Phase - CC-93538 360 mg QW,,,0.42,1.929,,
NCT04753697,Change From Baseline in Physical Parameters - Height at Week 48,cm,MEAN,Standard Deviation,Maintenance Phase - CC-93538 360 mg Q2W,,,0.42,1.973,,
NCT04753697,Change From Baseline in Physical Parameters - Height at Week 48,cm,MEAN,Standard Deviation,Maintenance Phase - Placebo,,,0.12,1.114,,
NCT04764448,Vital Signs: Height at Baseline,Centimeter (cm),MEAN,Standard Deviation,Pooled Placebo,,,178.0,11.07,,
NCT04764448,Vital Signs: Height at Baseline,Centimeter (cm),MEAN,Standard Deviation,Cohort 1: Belcesiran,,,167.8,9.93,,
NCT04764448,Vital Signs: Height at Baseline,Centimeter (cm),MEAN,Standard Deviation,Cohort 2: Belcesiran,,,173.0,13.48,,
NCT04779307,Change From Baseline in Height,centimeters (cm),MEAN,Standard Deviation,Participants With All Weight Groups Combined: Vedolizumab Low Dose,Change at Week 2,,0.20,0.448,,
NCT04779307,Change From Baseline in Height,centimeters (cm),MEAN,Standard Deviation,Participants With All Weight Groups Combined: Vedolizumab High Dose,Change at Week 2,,0.27,0.699,,
NCT04779307,Change From Baseline in Height,centimeters (cm),MEAN,Standard Deviation,Participants With All Weight Groups Combined: Vedolizumab Low Dose,Change at Week 6,,0.45,0.645,,
NCT04779307,Change From Baseline in Height,centimeters (cm),MEAN,Standard Deviation,Participants With All Weight Groups Combined: Vedolizumab High Dose,Change at Week 6,,0.39,1.051,,
NCT04779307,Change From Baseline in Height,centimeters (cm),MEAN,Standard Deviation,Participants With All Weight Groups Combined: Vedolizumab Low Dose,Change at Week 10,,0.65,0.866,,
NCT04779307,Change From Baseline in Height,centimeters (cm),MEAN,Standard Deviation,Participants With All Weight Groups Combined: Vedolizumab High Dose,Change at Week 10,,0.85,1.317,,
NCT04779307,Change From Baseline in Height,centimeters (cm),MEAN,Standard Deviation,Participants With All Weight Groups Combined: Vedolizumab Low Dose,Change at Week 14,,1.08,1.087,,
NCT04779307,Change From Baseline in Height,centimeters (cm),MEAN,Standard Deviation,Participants With All Weight Groups Combined: Vedolizumab High Dose,Change at Week 14,,1.14,1.492,,
NCT04779307,Change From Baseline in Height,centimeters (cm),MEAN,Standard Deviation,Participants With All Weight Groups Combined: Vedolizumab Low Dose,Change at Week 22,,1.80,1.617,,
NCT04779307,Change From Baseline in Height,centimeters (cm),MEAN,Standard Deviation,Participants With All Weight Groups Combined: Vedolizumab High Dose,Change at Week 22,,1.82,2.007,,
NCT04779307,Change From Baseline in Height,centimeters (cm),MEAN,Standard Deviation,Participants With All Weight Groups Combined: Vedolizumab Low Dose,Change at Week 30,,2.45,1.996,,
NCT04779307,Change From Baseline in Height,centimeters (cm),MEAN,Standard Deviation,Participants With All Weight Groups Combined: Vedolizumab High Dose,Change at Week 30,,2.59,2.064,,
NCT04779307,Change From Baseline in Height,centimeters (cm),MEAN,Standard Deviation,Participants With All Weight Groups Combined: Vedolizumab Low Dose,Change at Week 38,,3.30,2.359,,
NCT04779307,Change From Baseline in Height,centimeters (cm),MEAN,Standard Deviation,Participants With All Weight Groups Combined: Vedolizumab High Dose,Change at Week 38,,3.07,2.433,,
NCT04779307,Change From Baseline in Height,centimeters (cm),MEAN,Standard Deviation,Participants With All Weight Groups Combined: Vedolizumab Low Dose,Change at Week 46,,3.93,2.893,,
NCT04779307,Change From Baseline in Height,centimeters (cm),MEAN,Standard Deviation,Participants With All Weight Groups Combined: Vedolizumab High Dose,Change at Week 46,,3.76,2.748,,
NCT04779307,Change From Baseline in Height,centimeters (cm),MEAN,Standard Deviation,Participants With All Weight Groups Combined: Vedolizumab Low Dose,Change at Week 54,,4.64,3.274,,
NCT04779307,Change From Baseline in Height,centimeters (cm),MEAN,Standard Deviation,Participants With All Weight Groups Combined: Vedolizumab High Dose,Change at Week 54,,3.99,3.227,,
NCT04831047,Change in Palpebral Fissure Height,mm,MEAN,Standard Deviation,Upneeq Group,,,1.1,1.1,,
NCT04831047,Change in Palpebral Fissure Height,mm,MEAN,Standard Deviation,Control Group,,,-0.4,0.8,,
NCT04929678,Change From Baseline in Total Vertical Thoracic Spine Height (T1-T12) at All Available Postoperative Timepoints.,Centimeters,MEAN,Standard Deviation,Braive™ Growth Modulation System (Braive™ GMS),PostOp Change from PreOp (Baseline),,1.0,1.9,,
NCT04929678,Change From Baseline in Total Vertical Thoracic Spine Height (T1-T12) at All Available Postoperative Timepoints.,Centimeters,MEAN,Standard Deviation,Braive™ Growth Modulation System (Braive™ GMS),3M Change from PreOp (Baseline),,0,1.6,,
NCT04929678,Change From Baseline in Total Vertical Thoracic Spine Height (T1-T12) at All Available Postoperative Timepoints.,Centimeters,MEAN,Standard Deviation,Braive™ Growth Modulation System (Braive™ GMS),6M Change from PreOp (Baseline),,0.1,1.7,,
NCT04929678,Change From Baseline in Total Vertical Thoracic Spine Height (T1-T12) at All Available Postoperative Timepoints.,Centimeters,MEAN,Standard Deviation,Braive™ Growth Modulation System (Braive™ GMS),12M Change from PreOp (Baseline),,1.2,1.8,,
NCT04929678,Change From Baseline in Total Vertical Thoracic Spine Height (T1-T12) at All Available Postoperative Timepoints.,Centimeters,MEAN,Standard Deviation,Braive™ Growth Modulation System (Braive™ GMS),18M Change from PreOp (Baseline),,1.3,2.0,,
NCT04929678,Change From Baseline in Total Vertical Thoracic Spine Height (T1-T12) at All Available Postoperative Timepoints.,Centimeters,MEAN,Standard Deviation,Braive™ Growth Modulation System (Braive™ GMS),24M Change from PreOp (Baseline),,1.4,2.4,,
NCT04929678,Change From Baseline in Total Vertical Spine Height (T1-S1) at All Available Postoperative Timepoints,Centimeters,MEAN,Standard Deviation,Braive™ Growth Modulation System (Braive™ GMS),PostOp Change from PreOp (Baseline),,1.3,2.0,,
NCT04929678,Change From Baseline in Total Vertical Spine Height (T1-S1) at All Available Postoperative Timepoints,Centimeters,MEAN,Standard Deviation,Braive™ Growth Modulation System (Braive™ GMS),3M Change from PreOp (Baseline),,0.3,2.2,,
NCT04929678,Change From Baseline in Total Vertical Spine Height (T1-S1) at All Available Postoperative Timepoints,Centimeters,MEAN,Standard Deviation,Braive™ Growth Modulation System (Braive™ GMS),6M Change from PreOp (Baseline),,1.1,2.5,,
NCT04929678,Change From Baseline in Total Vertical Spine Height (T1-S1) at All Available Postoperative Timepoints,Centimeters,MEAN,Standard Deviation,Braive™ Growth Modulation System (Braive™ GMS),12M Change from PreOp (Baseline),,2.0,3.5,,
NCT04929678,Change From Baseline in Total Vertical Spine Height (T1-S1) at All Available Postoperative Timepoints,Centimeters,MEAN,Standard Deviation,Braive™ Growth Modulation System (Braive™ GMS),18M Change from PreOp (Baseline),,2.2,3.4,,
NCT04929678,Change From Baseline in Total Vertical Spine Height (T1-S1) at All Available Postoperative Timepoints,Centimeters,MEAN,Standard Deviation,Braive™ Growth Modulation System (Braive™ GMS),24M Change from PreOp (Baseline),,2.5,3.4,,
NCT04965116,Change in Infant Height,Percent difference,MEAN,Standard Deviation,Early Initiation d-POPs,,,7.2,2.6,,
NCT04965116,Change in Infant Height,Percent difference,MEAN,Standard Deviation,Early Initiation n-POPs,,,3.6,4.0,,
NCT04965116,Change in Infant Height,Percent difference,MEAN,Standard Deviation,Interval Initiation of d-POPs,,,6.8,6.1,,
NCT04966741,Mean Change From Baseline in Bone Age,years,MEAN,Standard Deviation,Setmelanotide: PPL Group,,,1.020,1.0733,,
NCT04966741,Mean Change From Baseline in Bone Age,years,MEAN,Standard Deviation,Setmelanotide: BBS Group,,,0.700,0.8367,,
NCT04970654,Height Velocity,Cm/year (centimeter per year),MEAN,Standard Deviation,Norditropin,,,10.5,2.3,,
NCT04970654,Height Velocity,Cm/year (centimeter per year),MEAN,Standard Deviation,Somapacitan,,,11.0,2.1,,
NCT04970654,Change in Bone Age,Years,MEAN,Standard Deviation,Norditropin,,,5.6,2.2,,
NCT04970654,Change in Bone Age,Years,MEAN,Standard Deviation,Somapacitan,,,5.5,2.1,,
NCT04970654,Change in Height Standard Deviation Score,Score on a scale,MEAN,Standard Deviation,Norditropin,,,1.13,0.48,,
NCT04970654,Change in Height Standard Deviation Score,Score on a scale,MEAN,Standard Deviation,Somapacitan,,,1.21,0.46,,
NCT04970654,Change in Height Velocity Standard Deviation Score,Score on a scale,MEAN,Standard Deviation,Norditropin,,,8.34,3.01,,
NCT04970654,Change in Height Velocity Standard Deviation Score,Score on a scale,MEAN,Standard Deviation,Somapacitan,,,8.96,3.53,,
NCT04979988,Height at Start of Alectinib Treatment,Centimeter,MEAN,Standard Deviation,Lorlatinib 2L,,,165.44,7.16,,
NCT04979988,Height at Start of Alectinib Treatment,Centimeter,MEAN,Standard Deviation,Lorlatinib 3L or Later,,,160.40,9.23,,
NCT04979988,Height at Start of Lorlatinib Treatment,Centimeter,MEAN,Standard Deviation,Lorlatinib 2L,,,163.16,7.51,,
NCT04979988,Height at Start of Lorlatinib Treatment,Centimeter,MEAN,Standard Deviation,Lorlatinib 3L or Later,,,159.01,8.81,,
NCT04980378,Change in Average Disc Height (Superior Index Level),mm,MEAN,Standard Deviation,Simplify Disc,,,1.10,0.84,,
NCT04980378,Change in Average Disc Height (Inferior Index Level),mm,MEAN,Standard Deviation,Simplify Disc,,,0.81,0.94,,
NCT05001269,Change From Baseline in Vital Sign Assessment- Height,centimeters,MEAN,Standard Deviation,Children 0 to <2 Years,,,6.24,2.220,,
NCT05001269,Change From Baseline in Vital Sign Assessment- Height,centimeters,MEAN,Standard Deviation,Children 2 to <6 Years,,,4.01,1.237,,
NCT05001269,Change From Baseline in Vital Sign Assessment- Height,centimeters,MEAN,Standard Deviation,Children 6 to 11 Years,,,2.76,1.548,,
NCT05005845,Percentage of Participants With At Least 50% of Target Lesions With 50% Reduction in cNF Height Above the Surrounding Non-tumor Skin,percentage of participants,NUMBER,,NFX-179 Topical Gel Vehicle,,,10.3,,,
NCT05005845,Percentage of Participants With At Least 50% of Target Lesions With 50% Reduction in cNF Height Above the Surrounding Non-tumor Skin,percentage of participants,NUMBER,,NFX-179 Topical Gel 0.5%,,,23.1,,,
NCT05005845,Percentage of Participants With At Least 50% of Target Lesions With 50% Reduction in cNF Height Above the Surrounding Non-tumor Skin,percentage of participants,NUMBER,,NFX-179 Topical Gel 1.5%,,,39.5,,,
NCT05020366,Change in Child Height From Baseline to 6 Months,inches,MEAN,Standard Deviation,Pro-PEAR,,,3.78,4.13,,
NCT05020366,Change in Child Height From Baseline to 6 Months,inches,MEAN,Standard Deviation,Enhanced Usual Care,,,4.84,2.64,,
NCT05027308,Change From Baseline in Height Z-Score at EOT,Z score,MEAN,Standard Deviation,Teduglutide,,,0.590,1.9949,,
NCT05029622,Change From Baseline in Mean Height for Age (Z-Score),Z-score,MEAN,Standard Deviation,All Participants,Month 6,,0.0734,0.1433,,
NCT05029622,Change From Baseline in Mean Height for Age (Z-Score),Z-score,MEAN,Standard Deviation,All Participants,Month 12,,0.0204,0.1567,,
NCT05029622,Change From Baseline in Percentile for Height for Age,percentiles of Z-score,MEAN,Standard Deviation,All Participants,Month 6,,1.4675,2.8638,,
NCT05029622,Change From Baseline in Percentile for Height for Age,percentiles of Z-score,MEAN,Standard Deviation,All Participants,Month 12,,0.2810,3.2237,,
NCT05029622,Change From Baseline in Growth Velocity,centimeter (cm)/year,MEAN,Standard Deviation,All Participants,Month 6,,-3.938,6.075,,
NCT05029622,Change From Baseline in Growth Velocity,centimeter (cm)/year,MEAN,Standard Deviation,All Participants,Month 12,,-4.798,5.577,,
NCT05029622,Percentage of Participants With Bone Age (BA)/Chronological Age (CA) Ratio Not Risen,percentage of participants,NUMBER,95% Confidence Interval,All Participants,Month 6,,95.5,,87.3,99.1
NCT05029622,Percentage of Participants With Bone Age (BA)/Chronological Age (CA) Ratio Not Risen,percentage of participants,NUMBER,95% Confidence Interval,All Participants,Month 12,,92.4,,83.2,97.5
NCT05058391,Change From Baseline in Anthropometric Parameter: Height at Weeks 27 and 53,cm,MEAN,Standard Deviation,Elaprase 0.5 mg/kg,Week 27,,3.0,2.34,,
NCT05058391,Change From Baseline in Anthropometric Parameter: Height at Weeks 27 and 53,cm,MEAN,Standard Deviation,Elaprase 0.5 mg/kg,Week 53,,3.7,3.08,,
NCT05116540,Baseline Vitals Values - Height,cm,MEAN,Standard Error,Treatment,,,166.17,3.151,,
NCT05116540,Baseline Vitals Values - Height,cm,MEAN,Standard Error,Placebo,,,167.86,2.626,,
NCT05163314,Change From Baseline in Height for All Age Groups,centimeter (cm),MEAN,Standard Deviation,Soticlestat,CFB at Week 104: Age: 2 Years,,16.33,5.508,,
NCT05163314,Change From Baseline in Height for All Age Groups,centimeter (cm),MEAN,Standard Deviation,Soticlestat,CFB at Week 104: Age: 3 Years,,13.80,3.194,,
NCT05163314,Change From Baseline in Height for All Age Groups,centimeter (cm),MEAN,Standard Deviation,Soticlestat,CFB at Week 104: Age: 4 Years,,16.47,2.335,,
NCT05163314,Change From Baseline in Height for All Age Groups,centimeter (cm),MEAN,Standard Deviation,Soticlestat,CFB at Week 104: Age: 5 Years,,13.43,4.046,,
NCT05163314,Change From Baseline in Height for All Age Groups,centimeter (cm),MEAN,Standard Deviation,Soticlestat,CFB at Week 104: Age: 6 Years,,12.64,2.926,,
NCT05163314,Change From Baseline in Height for All Age Groups,centimeter (cm),MEAN,Standard Deviation,Soticlestat,CFB at Week 104: Age: 7 Years,,10.00,5.451,,
NCT05163314,Change From Baseline in Height for All Age Groups,centimeter (cm),MEAN,Standard Deviation,Soticlestat,CFB at Week 104: Age: 8 Years,,12.70,5.555,,
NCT05163314,Change From Baseline in Height for All Age Groups,centimeter (cm),MEAN,Standard Deviation,Soticlestat,CFB at Week 104: Age: 9 Years,,13.98,2.989,,
NCT05163314,Change From Baseline in Height for All Age Groups,centimeter (cm),MEAN,Standard Deviation,Soticlestat,CFB at Week 104: Age: 10 Years,,12.90,6.411,,
NCT05163314,Change From Baseline in Height for All Age Groups,centimeter (cm),MEAN,Standard Deviation,Soticlestat,CFB at Week 104: Age: 11 Years,,13.10,5.311,,
NCT05163314,Change From Baseline in Height for All Age Groups,centimeter (cm),MEAN,Standard Deviation,Soticlestat,CFB at Week 104: Age: 12 Years,,10.00,5.292,,
NCT05163314,Change From Baseline in Height for All Age Groups,centimeter (cm),MEAN,Standard Deviation,Soticlestat,CFB at Week 104: Age: 13 Years,,9.50,5.115,,
NCT05163314,Change From Baseline in Height for All Age Groups,centimeter (cm),MEAN,Standard Deviation,Soticlestat,CFB at Week 104: Age: 14 Years,,6.96,5.393,,
NCT05163314,Change From Baseline in Height for All Age Groups,centimeter (cm),MEAN,Standard Deviation,Soticlestat,CFB at Week 104: Age: 15 Years,,1.20,1.131,,
NCT05163314,Change From Baseline in Height for All Age Groups,centimeter (cm),MEAN,Standard Deviation,Soticlestat,CFB at Week 104: Age: 16 Years,,7.33,5.859,,
NCT05163314,Change From Baseline in Height for All Age Groups,centimeter (cm),MEAN,Standard Deviation,Soticlestat,CFB at Week 104: Age: 17 Years,,1.70,1.992,,
NCT05163314,Change From Baseline in Height for All Age Groups,centimeter (cm),MEAN,Standard Deviation,Soticlestat,CFB at Week 104: Age: 18 Years,,3.55,2.616,,
NCT05163314,Change From Baseline in Height for All Age Groups,centimeter (cm),MEAN,Standard Deviation,Soticlestat,CFB at Week 104: Age: 19 Years,,-0.03,1.002,,
NCT05163314,Change From Baseline in Height for All Age Groups,centimeter (cm),MEAN,Standard Deviation,Soticlestat,CFB at Week 104: Age: 20 Years,,5.30,NA,,
NCT05163314,Change From Baseline in Height for All Age Groups,centimeter (cm),MEAN,Standard Deviation,Soticlestat,CFB at Week 104: Age: 21 Years,,0.00,0.00,,
NCT05163314,Change From Baseline in Height for All Age Groups,centimeter (cm),MEAN,Standard Deviation,Soticlestat,CFB at Week 104: Age: 22 Years,,0.00,NA,,
NCT05163314,Change From Baseline in Height for All Age Groups,centimeter (cm),MEAN,Standard Deviation,Soticlestat,CFB at Week 104: Age: 23 Years,,0.00,NA,,
NCT05163314,Change From Baseline in Height for All Age Groups,centimeter (cm),MEAN,Standard Deviation,Soticlestat,CFB at Week 104: Age 25 Years,,0.00,NA,,
NCT05163314,Change From Baseline in Height for All Age Groups,centimeter (cm),MEAN,Standard Deviation,Soticlestat,CFB at Week 52: Age 26 Years,,0.83,1.041,,
NCT05163314,Change From Baseline in Height for All Age Groups,centimeter (cm),MEAN,Standard Deviation,Soticlestat,CFB at Week 78: Age 28 Years,,0.50,NA,,
NCT05163314,Change From Baseline in Height for All Age Groups,centimeter (cm),MEAN,Standard Deviation,Soticlestat,CFB at Week 104: Age 29 Years,,2.20,NA,,
NCT05163314,Change From Baseline in Height for All Age Groups,centimeter (cm),MEAN,Standard Deviation,Soticlestat,CFB at Week 52: Age: 30 Years,,0.00,NA,,
NCT05163314,Change From Baseline in Height for All Age Groups,centimeter (cm),MEAN,Standard Deviation,Soticlestat,CFB at Day 1: Age 33 Years,,0.00,NA,,
NCT05163314,Change From Baseline in Height for All Age Groups,centimeter (cm),MEAN,Standard Deviation,Soticlestat,CFB at Week 104 : Age 34 Years,,0.40,0.566,,
NCT05163314,Change From Baseline in Height for All Age Groups,centimeter (cm),MEAN,Standard Deviation,Soticlestat,CFB at Week 78 : Age 35 Years,,0.00,NA,,
NCT05163314,Change From Baseline in Height for All Age Groups,centimeter (cm),MEAN,Standard Deviation,Soticlestat,CFB at Day 1: Age 39 Years,,0.00,NA,,
NCT05163314,Change From Baseline in Height for All Age Groups,centimeter (cm),MEAN,Standard Deviation,Soticlestat,CFB at Week 52: Age 41 Years,,0.00,NA,,
NCT05163314,Change From Baseline in Height for All Age Groups,centimeter (cm),MEAN,Standard Deviation,Soticlestat,CFB at Week 52: Age 48 Years,,0.00,NA,,
NCT05163314,Change From Baseline in Height for All Age Groups,centimeter (cm),MEAN,Standard Deviation,Soticlestat,CFB at Week 52: Age 52 Years,,2.00,NA,,
NCT05185622,Change in Height (Absolute) From Baseline to Week 12,cm,MEAN,Standard Deviation,Treatment Group 1,,,1.98,1.146,,
NCT05185622,Change in Height (Absolute) From Baseline to Week 12,cm,MEAN,Standard Deviation,Treatment Group 2,,,2.35,0.568,,
NCT05185622,Change in Height (Absolute) From Baseline to Week 12,cm,MEAN,Standard Deviation,Treatment Group 3,,,0.55,0.557,,
NCT05185622,Change in Height (Absolute) From Baseline to Week 12,cm,MEAN,Standard Deviation,Treatment Group 4,,,2.29,1.609,,
NCT05185622,Change in Height (Absolute) From Baseline to Week 12,cm,MEAN,Standard Deviation,Treatment Group 5,,,0.60,0.594,,
NCT05185622,Change in Height (Absolute) From Baseline to Week 12,cm,MEAN,Standard Deviation,Treatment Group 6,,,1.27,1.313,,
NCT05185622,Change in Height (Percentile) From Baseline to Week 12,percentile,MEAN,Standard Deviation,Treatment Group 1,,,1.17,11.538,,
NCT05185622,Change in Height (Percentile) From Baseline to Week 12,percentile,MEAN,Standard Deviation,Treatment Group 2,,,2.09,5.634,,
NCT05185622,Change in Height (Percentile) From Baseline to Week 12,percentile,MEAN,Standard Deviation,Treatment Group 3,,,-3.89,3.907,,
NCT05185622,Change in Height (Percentile) From Baseline to Week 12,percentile,MEAN,Standard Deviation,Treatment Group 4,,,2.02,8.338,,
NCT05185622,Change in Height (Percentile) From Baseline to Week 12,percentile,MEAN,Standard Deviation,Treatment Group 5,,,-3.69,3.408,,
NCT05185622,Change in Height (Percentile) From Baseline to Week 12,percentile,MEAN,Standard Deviation,Treatment Group 6,,,-0.30,1.390,,
NCT05185622,Change in Height (Z-score) From Baseline to Week 12,Z-score (score on a scale),MEAN,Standard Deviation,Treatment Group 1,,,0.04,0.361,,
NCT05185622,Change in Height (Z-score) From Baseline to Week 12,Z-score (score on a scale),MEAN,Standard Deviation,Treatment Group 2,,,0.14,0.201,,
NCT05185622,Change in Height (Z-score) From Baseline to Week 12,Z-score (score on a scale),MEAN,Standard Deviation,Treatment Group 3,,,-0.12,0.111,,
NCT05185622,Change in Height (Z-score) From Baseline to Week 12,Z-score (score on a scale),MEAN,Standard Deviation,Treatment Group 4,,,0.07,0.253,,
NCT05185622,Change in Height (Z-score) From Baseline to Week 12,Z-score (score on a scale),MEAN,Standard Deviation,Treatment Group 5,,,-0.13,0.159,,
NCT05185622,Change in Height (Z-score) From Baseline to Week 12,Z-score (score on a scale),MEAN,Standard Deviation,Treatment Group 6,,,0.00,0.194,,
NCT05194345,"Change in Child's Weight-for-length/BMI Percentile (Calculated With Height & Weight), as Measured by Percentile on the CDC Weight-for-length/BMI-for-age Growth Chart.",Weight-for-length/BMI percentiles,LEAST_SQUARES_MEAN,95% Confidence Interval,Autism Eats Nutrition Intervention,,,-10.475,,-29.742,8.793
NCT05194345,"Change in Child's Weight-for-length/BMI Percentile (Calculated With Height & Weight), as Measured by Percentile on the CDC Weight-for-length/BMI-for-age Growth Chart.",Weight-for-length/BMI percentiles,LEAST_SQUARES_MEAN,95% Confidence Interval,We Can! Enhanced Usual Care Control,,,-2.653,,-23.469,18.163
NCT05194345,"Parent BMI, as Measured in kg/m² Calculated From Height (m) and Weight (kg).",kg/m^2,LEAST_SQUARES_MEAN,95% Confidence Interval,Autism Eats Nutrition Intervention,,,.908,,-5.670,7.487
NCT05194345,"Parent BMI, as Measured in kg/m² Calculated From Height (m) and Weight (kg).",kg/m^2,LEAST_SQUARES_MEAN,95% Confidence Interval,We Can! Enhanced Usual Care Control,,,-.987,,-8.259,6.285
NCT05205486,Vital Signs: Height,cm,MEAN,Standard Deviation,Cefazolin 3gm Injection,,,173.4,9.62,,
NCT05247034,Waist-to-Height Ratio,Ratio,MEAN,Standard Deviation,Intervention Group,Change from baseline at Week 12,,-0.00,0.01,,
NCT05247034,Waist-to-Height Ratio,Ratio,MEAN,Standard Deviation,Control Group,Change from baseline at Week 12,,-0.00,0.02,,
NCT05247034,Waist-to-Height Ratio,Ratio,MEAN,Standard Deviation,Intervention Group,Baseline,,0.6,0.04,,
NCT05247034,Waist-to-Height Ratio,Ratio,MEAN,Standard Deviation,Control Group,Baseline,,0.64,0.09,,
NCT05247034,Waist-to-Height Ratio,Ratio,MEAN,Standard Deviation,Intervention Group,Week 4,,0.6,0.04,,
NCT05247034,Waist-to-Height Ratio,Ratio,MEAN,Standard Deviation,Control Group,Week 4,,0.64,0.08,,
NCT05247034,Waist-to-Height Ratio,Ratio,MEAN,Standard Deviation,Intervention Group,Week 8,,0.6,0.04,,
NCT05247034,Waist-to-Height Ratio,Ratio,MEAN,Standard Deviation,Control Group,Week 8,,0.64,0.09,,
NCT05247034,Waist-to-Height Ratio,Ratio,MEAN,Standard Deviation,Intervention Group,Final,,0.6,0.04,,
NCT05247034,Waist-to-Height Ratio,Ratio,MEAN,Standard Deviation,Control Group,Final,,0.63,0.09,,
NCT05250063,Annualized Height Velocity (AHV) Measured as Standing Height With Stadiometer,cm/year,MEAN,Standard Deviation,LUM-201 (3.2 mg/kg/Day),,,0.098,0.775,,
NCT05250063,Height (HT) Standard Deviation Score (SDS),Standard Deviation Score,MEAN,Standard Deviation,LUM-201 (3.2 mg/kg/Day),,,0.08229,0.20574,,
NCT05250063,Change in Bone Age,year,MEAN,Standard Deviation,LUM-201 (3.2 mg/kg/Day),,,2.01,0.81,,
NCT05260021,Change From Baseline in Height Standard Deviation Score (SDS),Z-score,LEAST_SQUARES_MEAN,Standard Error,5 mg Tirzepatide,,,-0.092,0.0275,,
NCT05260021,Change From Baseline in Height Standard Deviation Score (SDS),Z-score,LEAST_SQUARES_MEAN,Standard Error,10 mg Tirzepatide,,,-0.11,0.0274,,
NCT05260021,Change From Baseline in Height Standard Deviation Score (SDS),Z-score,LEAST_SQUARES_MEAN,Standard Error,"Pooled Doses of Tirzepatide (5mg,10mg)",,,-0.100,0.0194,,
NCT05260021,Change From Baseline in Height Standard Deviation Score (SDS),Z-score,LEAST_SQUARES_MEAN,Standard Error,Placebo,,,-0.11,0.0259,,
NCT05281328,Height-adjusted Total Liver Volume (htTLV),percentage,LEAST_SQUARES_MEAN,95% Confidence Interval,CAM2029,,,-0.7,,-2.9,1.6
NCT05281328,Height-adjusted Total Liver Volume (htTLV),percentage,LEAST_SQUARES_MEAN,95% Confidence Interval,Placebo,,,3.9,,0.1,7.7
NCT05286762,Safety - Number of Subjects With Clinically Significant Changes in Height and Weight BMI That Resulted in an Adverse Event.,Participants,COUNT_OF_PARTICIPANTS,,18.75 mg CTx-1301 (Dexmethylphenidate Tablet),,,0,,,
NCT05286762,Safety - Number of Subjects With Clinically Significant Changes in Height and Weight BMI That Resulted in an Adverse Event.,Participants,COUNT_OF_PARTICIPANTS,,25 mg CTx-1301 (Dexmethylphenidate Tablet),,,0,,,
NCT05286762,Safety - Number of Subjects With Clinically Significant Changes in Height and Weight BMI That Resulted in an Adverse Event.,Participants,COUNT_OF_PARTICIPANTS,,37.5 mg CTx-1301 (Dexmethylphenidate Tablet),,,2,,,
NCT05286762,Safety - Number of Subjects With Clinically Significant Changes in Height and Weight BMI That Resulted in an Adverse Event.,Participants,COUNT_OF_PARTICIPANTS,,Placebo,,,0,,,
NCT05337696,Vertebral Height,percentage of height restoration,MEAN,Standard Deviation,Participants With Vertebral Compression Fractures,,,2.24,6.61,,
NCT05341115,Percentage of Participants With Decreased Ratio of Bone Age Over Chronological Age at Week 24,percentage of participants,NUMBER,95% Confidence Interval,Leuprorelin Acetate Depot 3M 11.25 mg,,,83.54,,73.51,90.94
NCT05353985,Change in Villous Height to Crypt Depth Ratio (Vh:Cd) From Baseline to Week 24,unitless ratio,LEAST_SQUARES_MEAN,Standard Error,Placebo + SIGE Gluten-Bar,,,-0.006,0.100,,
NCT05353985,Change in Villous Height to Crypt Depth Ratio (Vh:Cd) From Baseline to Week 24,unitless ratio,LEAST_SQUARES_MEAN,Standard Error,TAK-062 + SIGE Gluten-Bar,,,-0.338,0.099,,
NCT05367674,Height,cm,MEAN,Standard Deviation,Summer Harvest Adventure (SHA),,,1.5,0.8,,
NCT05367674,Height,cm,MEAN,Standard Deviation,My Summer Plate (MSP),,,1.4,0.7,,
NCT05382637,Growth Velocity,cm/year,NUMBER,,Growth Hormone,,,8.7,,,
NCT05382637,Height Standard Deviation Score Using Center for Disease Control (CDC) Growth Chart,Standard deviations,NUMBER,,Growth Hormone,,,0.81,,,
NCT05400213,Change in Buccal Ridge Height (Clinical Measurement),mm,MEAN,Standard Deviation,Group 1 Vallos (DCP),,,-1.67,1.99,,
NCT05400213,Change in Buccal Ridge Height (Clinical Measurement),mm,MEAN,Standard Deviation,Group 2 Vallos-F (DPX),,,-0.85,1.33,,
NCT05400213,Change in Buccal Ridge Height (Clinical Measurement),mm,MEAN,Standard Deviation,Group 3 Vallomix (DCF),,,-0.41,2.19,,
NCT05400213,Change in Buccal Ridge Height (Clinical Measurement),mm,MEAN,Standard Deviation,Group 4 Vallomix-F,,,-1.08,1.37,,
NCT05400213,Change in Lingual Ridge Height (Clinical Measurement),mm,MEAN,Standard Deviation,Group 1 Vallos (DCP),,,-1.85,1.63,,
NCT05400213,Change in Lingual Ridge Height (Clinical Measurement),mm,MEAN,Standard Deviation,Group 2 Vallos-F (DPX),,,-0.75,1.76,,
NCT05400213,Change in Lingual Ridge Height (Clinical Measurement),mm,MEAN,Standard Deviation,Group 3 Vallomix (DCF),,,-1.17,1.72,,
NCT05400213,Change in Lingual Ridge Height (Clinical Measurement),mm,MEAN,Standard Deviation,Group 4 Vallomix-F,,,-1.75,1.80,,
NCT05441683,Vertical Bone Height (VBL),millimeter,MEAN,Standard Deviation,HEI Group,baseline,,4.28,2.99,,
NCT05441683,Vertical Bone Height (VBL),millimeter,MEAN,Standard Deviation,VRI Group,baseline,,5.06,3.00,,
NCT05441683,Vertical Bone Height (VBL),millimeter,MEAN,Standard Deviation,HEI Group,6 months change,,-2.95,2.75,,
NCT05441683,Vertical Bone Height (VBL),millimeter,MEAN,Standard Deviation,VRI Group,6 months change,,-3.17,2.76,,
NCT05441683,Vertical Bone Height (VBL),millimeter,MEAN,Standard Deviation,HEI Group,12 months change,,-2.69,2.96,,
NCT05441683,Vertical Bone Height (VBL),millimeter,MEAN,Standard Deviation,VRI Group,12 months change,,-2.94,2.79,,
NCT05456529,Change From Baseline in Height at Weeks 8 and 52,centimeters,MEAN,Standard Deviation,Ruxolitinib 1.5% Cream BID,Baseline,,165.1,9.88,,
NCT05456529,Change From Baseline in Height at Weeks 8 and 52,centimeters,MEAN,Standard Deviation,Ruxolitinib 1.5% Cream BID,Change from Baseline at Week 8,,0.7,1.20,,
NCT05456529,Change From Baseline in Height at Weeks 8 and 52,centimeters,MEAN,Standard Deviation,Ruxolitinib 1.5% Cream BID,Change from Baseline at Week 52,,3.1,3.31,,
NCT05479435,Height,meter,MEAN,Standard Deviation,Blue Prescription Group,,,1.57,0.06,,
NCT05479435,Height,meter,MEAN,Standard Deviation,Video Based Home Exercise Group,,,1.58,0.05,,
NCT05479435,Height,meter,MEAN,Standard Deviation,Supervised Exercise Group,,,1.59,0.05,,
NCT05523362,Change in Body Mass Index From Height and Weight,kg/m2,MEAN,Standard Deviation,Blinded Followed by Unblinded,Day 0,,37.7,6.1,,
NCT05523362,Change in Body Mass Index From Height and Weight,kg/m2,MEAN,Standard Deviation,Blinded Followed by Unblinded,Day 90,,34.9,5.9,,
NCT05551637,Change in Height (cm),centimeters,MEAN,Standard Deviation,Control Group,Before intervention (T0),,98.34,7.86,,
NCT05551637,Change in Height (cm),centimeters,MEAN,Standard Deviation,Specific Intervention Group,Before intervention (T0),,98.62,7.86,,
NCT05551637,Change in Height (cm),centimeters,MEAN,Standard Deviation,Control Group,After 1 month (T1),,98.88,7.89,,
NCT05551637,Change in Height (cm),centimeters,MEAN,Standard Deviation,Specific Intervention Group,After 1 month (T1),,99.14,7.88,,
NCT05551637,Change in Height (cm),centimeters,MEAN,Standard Deviation,Control Group,After 2 months (T2),,99.68,7.72,,
NCT05551637,Change in Height (cm),centimeters,MEAN,Standard Deviation,Specific Intervention Group,After 2 months (T2),,99.96,7.92,,
NCT05551637,Change in Height (cm),centimeters,MEAN,Standard Deviation,Control Group,After 3 months (T3),,99.95,7.77,,
NCT05551637,Change in Height (cm),centimeters,MEAN,Standard Deviation,Specific Intervention Group,After 3 months (T3),,100.35,7.88,,
NCT05551637,Change in Height (cm),centimeters,MEAN,Standard Deviation,Control Group,Difference between T1 - T0,,0.54,0.72,,
NCT05551637,Change in Height (cm),centimeters,MEAN,Standard Deviation,Specific Intervention Group,Difference between T1 - T0,,0.52,0.69,,
NCT05551637,Change in Height (cm),centimeters,MEAN,Standard Deviation,Control Group,Difference between T2 - T0,,1.32,0.82,,
NCT05551637,Change in Height (cm),centimeters,MEAN,Standard Deviation,Specific Intervention Group,Difference between T2 - T0,,1.34,0.75,,
NCT05551637,Change in Height (cm),centimeters,MEAN,Standard Deviation,Control Group,Difference between T3 - T0,,1.61,0.84,,
NCT05551637,Change in Height (cm),centimeters,MEAN,Standard Deviation,Specific Intervention Group,Difference between T3 - T0,,1.73,0.85,,
NCT05551637,Change of Height for Age Z-score,Z-score,MEDIAN,Standard Deviation,Control Group,Before intervention (T0),,-1.31,0.86,,
NCT05551637,Change of Height for Age Z-score,Z-score,MEDIAN,Standard Deviation,Specific Intervention Group,Before intervention (T0),,-1.24,0.94,,
NCT05551637,Change of Height for Age Z-score,Z-score,MEDIAN,Standard Deviation,Control Group,After 1 month (T1),,-1.38,0.85,,
NCT05551637,Change of Height for Age Z-score,Z-score,MEDIAN,Standard Deviation,Specific Intervention Group,After 1 month (T1),,-1.32,0.93,,
NCT05551637,Change of Height for Age Z-score,Z-score,MEDIAN,Standard Deviation,Control Group,After 2 months (T2),,-1.30,0.84,,
NCT05551637,Change of Height for Age Z-score,Z-score,MEDIAN,Standard Deviation,Specific Intervention Group,After 2 months (T2),,-1.24,0.93,,
NCT05551637,Change of Height for Age Z-score,Z-score,MEDIAN,Standard Deviation,Control Group,After 3 months (T3),,-1.36,0.85,,
NCT05551637,Change of Height for Age Z-score,Z-score,MEDIAN,Standard Deviation,Specific Intervention Group,After 3 months (T3),,-1.27,0.94,,
NCT05551637,Change of Height for Age Z-score,Z-score,MEDIAN,Standard Deviation,Control Group,Difference between T1 - T0,,-0.07,0.18,,
NCT05551637,Change of Height for Age Z-score,Z-score,MEDIAN,Standard Deviation,Specific Intervention Group,Difference between T1 - T0,,-0.07,0.17,,
NCT05551637,Change of Height for Age Z-score,Z-score,MEDIAN,Standard Deviation,Control Group,Difference between T2 - T0,,0.01,0.19,,
NCT05551637,Change of Height for Age Z-score,Z-score,MEDIAN,Standard Deviation,Specific Intervention Group,Difference between T2 - T0,,0.00,0.19,,
NCT05551637,Change of Height for Age Z-score,Z-score,MEDIAN,Standard Deviation,Control Group,Difference between T3 - T0,,-0.05,0.20,,
NCT05551637,Change of Height for Age Z-score,Z-score,MEDIAN,Standard Deviation,Specific Intervention Group,Difference between T3 - T0,,-0.03,0.21,,
NCT05598320,Annualized Growth Velocity (AGV) at Week 52,centimeters per year,LEAST_SQUARES_MEAN,95% Confidence Interval,Navepegritide,,,5.89,,5.66,6.13
NCT05598320,Annualized Growth Velocity (AGV) at Week 52,centimeters per year,LEAST_SQUARES_MEAN,95% Confidence Interval,Placebo for Navepegritide,,,4.41,,4.04,4.77
NCT05598320,Change From Baseline in Height Z-score (ACH-specific) at Week 52,Z-score,LEAST_SQUARES_MEAN,95% Confidence Interval,Navepegritide,,,0.30,,0.24,0.35
NCT05598320,Change From Baseline in Height Z-score (ACH-specific) at Week 52,Z-score,LEAST_SQUARES_MEAN,95% Confidence Interval,Placebo for Navepegritide,,,0.01,,-0.07,0.10
NCT05598320,Change From Baseline in Height Z-score (CDC-Based) at Week 52,Z-score,LEAST_SQUARES_MEAN,95% Confidence Interval,Navepegritide,,,0.15,,0.05,0.25
NCT05598320,Change From Baseline in Height Z-score (CDC-Based) at Week 52,Z-score,LEAST_SQUARES_MEAN,95% Confidence Interval,Placebo for Navepegritide,,,-0.15,,-0.27,-0.03
NCT05616013,Percentage of Participants With Baseline WtHR Category of 0.5-0.59 Having Change From Baseline in Waist-to-Height Ratio (WHtR Ratio) Categories at Week 48,percentage of participants,NUMBER,,Placebo/30 mg/kg Bimagrumab,WtHR Category: <0.5,,0,,,
NCT05616013,Percentage of Participants With Baseline WtHR Category of 0.5-0.59 Having Change From Baseline in Waist-to-Height Ratio (WHtR Ratio) Categories at Week 48,percentage of participants,NUMBER,,10/30 mg/kg Bimagrumab,WtHR Category: <0.5,,0,,,
NCT05616013,Percentage of Participants With Baseline WtHR Category of 0.5-0.59 Having Change From Baseline in Waist-to-Height Ratio (WHtR Ratio) Categories at Week 48,percentage of participants,NUMBER,,Placebo + 1.0 mg Semaglutide,WtHR Category: <0.5,,50.0,,,
NCT05616013,Percentage of Participants With Baseline WtHR Category of 0.5-0.59 Having Change From Baseline in Waist-to-Height Ratio (WHtR Ratio) Categories at Week 48,percentage of participants,NUMBER,,Placebo + 2.4 mg Semaglutide,WtHR Category: <0.5,,0,,,
NCT05616013,Percentage of Participants With Baseline WtHR Category of 0.5-0.59 Having Change From Baseline in Waist-to-Height Ratio (WHtR Ratio) Categories at Week 48,percentage of participants,NUMBER,,10 mg/kg Bimagrumab + 1.0 mg Semaglutide,WtHR Category: <0.5,,0,,,
NCT05616013,Percentage of Participants With Baseline WtHR Category of 0.5-0.59 Having Change From Baseline in Waist-to-Height Ratio (WHtR Ratio) Categories at Week 48,percentage of participants,NUMBER,,30 mg/kg Bimagrumab + 2.4 mg Semaglutide,WtHR Category: <0.5,,25.0,,,
NCT05616013,Percentage of Participants With Baseline WtHR Category of 0.5-0.59 Having Change From Baseline in Waist-to-Height Ratio (WHtR Ratio) Categories at Week 48,percentage of participants,NUMBER,,Placebo/30 mg/kg Bimagrumab,WtHR Category: 0.5-0.59,,60.0,,,
NCT05616013,Percentage of Participants With Baseline WtHR Category of 0.5-0.59 Having Change From Baseline in Waist-to-Height Ratio (WHtR Ratio) Categories at Week 48,percentage of participants,NUMBER,,10/30 mg/kg Bimagrumab,WtHR Category: 0.5-0.59,,100.0,,,
NCT05616013,Percentage of Participants With Baseline WtHR Category of 0.5-0.59 Having Change From Baseline in Waist-to-Height Ratio (WHtR Ratio) Categories at Week 48,percentage of participants,NUMBER,,Placebo + 1.0 mg Semaglutide,WtHR Category: 0.5-0.59,,50.0,,,
NCT05616013,Percentage of Participants With Baseline WtHR Category of 0.5-0.59 Having Change From Baseline in Waist-to-Height Ratio (WHtR Ratio) Categories at Week 48,percentage of participants,NUMBER,,Placebo + 2.4 mg Semaglutide,WtHR Category: 0.5-0.59,,66.7,,,
NCT05616013,Percentage of Participants With Baseline WtHR Category of 0.5-0.59 Having Change From Baseline in Waist-to-Height Ratio (WHtR Ratio) Categories at Week 48,percentage of participants,NUMBER,,10 mg/kg Bimagrumab + 1.0 mg Semaglutide,WtHR Category: 0.5-0.59,,100.0,,,
NCT05616013,Percentage of Participants With Baseline WtHR Category of 0.5-0.59 Having Change From Baseline in Waist-to-Height Ratio (WHtR Ratio) Categories at Week 48,percentage of participants,NUMBER,,30 mg/kg Bimagrumab + 2.4 mg Semaglutide,WtHR Category: 0.5-0.59,,75.0,,,
NCT05616013,Percentage of Participants With Baseline WtHR Category of 0.5-0.59 Having Change From Baseline in Waist-to-Height Ratio (WHtR Ratio) Categories at Week 48,percentage of participants,NUMBER,,Placebo/30 mg/kg Bimagrumab,WtHR Category: ≥0.6,,40.0,,,
NCT05616013,Percentage of Participants With Baseline WtHR Category of 0.5-0.59 Having Change From Baseline in Waist-to-Height Ratio (WHtR Ratio) Categories at Week 48,percentage of participants,NUMBER,,10/30 mg/kg Bimagrumab,WtHR Category: ≥0.6,,0,,,
NCT05616013,Percentage of Participants With Baseline WtHR Category of 0.5-0.59 Having Change From Baseline in Waist-to-Height Ratio (WHtR Ratio) Categories at Week 48,percentage of participants,NUMBER,,Placebo + 1.0 mg Semaglutide,WtHR Category: ≥0.6,,0,,,
NCT05616013,Percentage of Participants With Baseline WtHR Category of 0.5-0.59 Having Change From Baseline in Waist-to-Height Ratio (WHtR Ratio) Categories at Week 48,percentage of participants,NUMBER,,Placebo + 2.4 mg Semaglutide,WtHR Category: ≥0.6,,33.3,,,
NCT05616013,Percentage of Participants With Baseline WtHR Category of 0.5-0.59 Having Change From Baseline in Waist-to-Height Ratio (WHtR Ratio) Categories at Week 48,percentage of participants,NUMBER,,10 mg/kg Bimagrumab + 1.0 mg Semaglutide,WtHR Category: ≥0.6,,0,,,
NCT05616013,Percentage of Participants With Baseline WtHR Category of 0.5-0.59 Having Change From Baseline in Waist-to-Height Ratio (WHtR Ratio) Categories at Week 48,percentage of participants,NUMBER,,30 mg/kg Bimagrumab + 2.4 mg Semaglutide,WtHR Category: ≥0.6,,0,,,
NCT05616013,Percentage of Participants With Baseline WtHR Category ≥0.6 Having Change From Baseline in Waist-to-Height Ratio (WHtR Ratio) Categories at Week 48,percentage of participants,NUMBER,,Placebo/30 mg/kg Bimagrumab,WtHR Category: <0.5,,0,,,
NCT05616013,Percentage of Participants With Baseline WtHR Category ≥0.6 Having Change From Baseline in Waist-to-Height Ratio (WHtR Ratio) Categories at Week 48,percentage of participants,NUMBER,,10/30 mg/kg Bimagrumab,WtHR Category: <0.5,,0,,,
NCT05616013,Percentage of Participants With Baseline WtHR Category ≥0.6 Having Change From Baseline in Waist-to-Height Ratio (WHtR Ratio) Categories at Week 48,percentage of participants,NUMBER,,30 mg/kg Bimagrumab,WtHR Category: <0.5,,5.4,,,
NCT05616013,Percentage of Participants With Baseline WtHR Category ≥0.6 Having Change From Baseline in Waist-to-Height Ratio (WHtR Ratio) Categories at Week 48,percentage of participants,NUMBER,,Placebo + 1.0 mg Semaglutide,WtHR Category: <0.5,,2.6,,,
NCT05616013,Percentage of Participants With Baseline WtHR Category ≥0.6 Having Change From Baseline in Waist-to-Height Ratio (WHtR Ratio) Categories at Week 48,percentage of participants,NUMBER,,Placebo + 2.4 mg Semaglutide,WtHR Category: <0.5,,2.1,,,
NCT05616013,Percentage of Participants With Baseline WtHR Category ≥0.6 Having Change From Baseline in Waist-to-Height Ratio (WHtR Ratio) Categories at Week 48,percentage of participants,NUMBER,,10 mg/kg Bimagrumab + 1.0 mg Semaglutide,WtHR Category: <0.5,,0,,,
NCT05616013,Percentage of Participants With Baseline WtHR Category ≥0.6 Having Change From Baseline in Waist-to-Height Ratio (WHtR Ratio) Categories at Week 48,percentage of participants,NUMBER,,10 mg/kg Bimagrumab + 2.4 mg Semaglutide,WtHR Category: <0.5,,7.7,,,
NCT05616013,Percentage of Participants With Baseline WtHR Category ≥0.6 Having Change From Baseline in Waist-to-Height Ratio (WHtR Ratio) Categories at Week 48,percentage of participants,NUMBER,,30 mg/kg Bimagrumab + 1.0 mg Semaglutide,WtHR Category: <0.5,,2.3,,,
NCT05616013,Percentage of Participants With Baseline WtHR Category ≥0.6 Having Change From Baseline in Waist-to-Height Ratio (WHtR Ratio) Categories at Week 48,percentage of participants,NUMBER,,30 mg/kg Bimagrumab + 2.4 mg Semaglutide,WtHR Category: <0.5,,15.4,,,
NCT05616013,Percentage of Participants With Baseline WtHR Category ≥0.6 Having Change From Baseline in Waist-to-Height Ratio (WHtR Ratio) Categories at Week 48,percentage of participants,NUMBER,,Placebo/30 mg/kg Bimagrumab,WtHR Category: 0.5-0.59,,20.0,,,
NCT05616013,Percentage of Participants With Baseline WtHR Category ≥0.6 Having Change From Baseline in Waist-to-Height Ratio (WHtR Ratio) Categories at Week 48,percentage of participants,NUMBER,,10/30 mg/kg Bimagrumab,WtHR Category: 0.5-0.59,,17.9,,,
NCT05616013,Percentage of Participants With Baseline WtHR Category ≥0.6 Having Change From Baseline in Waist-to-Height Ratio (WHtR Ratio) Categories at Week 48,percentage of participants,NUMBER,,30 mg/kg Bimagrumab,WtHR Category: 0.5-0.59,,21.6,,,
NCT05616013,Percentage of Participants With Baseline WtHR Category ≥0.6 Having Change From Baseline in Waist-to-Height Ratio (WHtR Ratio) Categories at Week 48,percentage of participants,NUMBER,,Placebo + 1.0 mg Semaglutide,WtHR Category: 0.5-0.59,,25.6,,,
NCT05616013,Percentage of Participants With Baseline WtHR Category ≥0.6 Having Change From Baseline in Waist-to-Height Ratio (WHtR Ratio) Categories at Week 48,percentage of participants,NUMBER,,Placebo + 2.4 mg Semaglutide,WtHR Category: 0.5-0.59,,31.3,,,
NCT05616013,Percentage of Participants With Baseline WtHR Category ≥0.6 Having Change From Baseline in Waist-to-Height Ratio (WHtR Ratio) Categories at Week 48,percentage of participants,NUMBER,,10 mg/kg Bimagrumab + 1.0 mg Semaglutide,WtHR Category: 0.5-0.59,,38.5,,,
NCT05616013,Percentage of Participants With Baseline WtHR Category ≥0.6 Having Change From Baseline in Waist-to-Height Ratio (WHtR Ratio) Categories at Week 48,percentage of participants,NUMBER,,10 mg/kg Bimagrumab + 2.4 mg Semaglutide,WtHR Category: 0.5-0.59,,38.5,,,
NCT05616013,Percentage of Participants With Baseline WtHR Category ≥0.6 Having Change From Baseline in Waist-to-Height Ratio (WHtR Ratio) Categories at Week 48,percentage of participants,NUMBER,,30 mg/kg Bimagrumab + 1.0 mg Semaglutide,WtHR Category: 0.5-0.59,,51.2,,,
NCT05616013,Percentage of Participants With Baseline WtHR Category ≥0.6 Having Change From Baseline in Waist-to-Height Ratio (WHtR Ratio) Categories at Week 48,percentage of participants,NUMBER,,30 mg/kg Bimagrumab + 2.4 mg Semaglutide,WtHR Category: 0.5-0.59,,35.9,,,
NCT05616013,Percentage of Participants With Baseline WtHR Category ≥0.6 Having Change From Baseline in Waist-to-Height Ratio (WHtR Ratio) Categories at Week 48,percentage of participants,NUMBER,,Placebo/30 mg/kg Bimagrumab,WtHR Category: ≥0.6,,80.0,,,
NCT05616013,Percentage of Participants With Baseline WtHR Category ≥0.6 Having Change From Baseline in Waist-to-Height Ratio (WHtR Ratio) Categories at Week 48,percentage of participants,NUMBER,,10/30 mg/kg Bimagrumab,WtHR Category: ≥0.6,,82.1,,,
NCT05616013,Percentage of Participants With Baseline WtHR Category ≥0.6 Having Change From Baseline in Waist-to-Height Ratio (WHtR Ratio) Categories at Week 48,percentage of participants,NUMBER,,30 mg/kg Bimagrumab,WtHR Category: ≥0.6,,73.0,,,
NCT05616013,Percentage of Participants With Baseline WtHR Category ≥0.6 Having Change From Baseline in Waist-to-Height Ratio (WHtR Ratio) Categories at Week 48,percentage of participants,NUMBER,,Placebo + 1.0 mg Semaglutide,WtHR Category: ≥0.6,,71.8,,,
NCT05616013,Percentage of Participants With Baseline WtHR Category ≥0.6 Having Change From Baseline in Waist-to-Height Ratio (WHtR Ratio) Categories at Week 48,percentage of participants,NUMBER,,Placebo + 2.4 mg Semaglutide,WtHR Category: ≥0.6,,66.7,,,
NCT05616013,Percentage of Participants With Baseline WtHR Category ≥0.6 Having Change From Baseline in Waist-to-Height Ratio (WHtR Ratio) Categories at Week 48,percentage of participants,NUMBER,,10 mg/kg Bimagrumab + 1.0 mg Semaglutide,WtHR Category: ≥0.6,,61.5,,,
NCT05616013,Percentage of Participants With Baseline WtHR Category ≥0.6 Having Change From Baseline in Waist-to-Height Ratio (WHtR Ratio) Categories at Week 48,percentage of participants,NUMBER,,10 mg/kg Bimagrumab + 2.4 mg Semaglutide,WtHR Category: ≥0.6,,53.8,,,
NCT05616013,Percentage of Participants With Baseline WtHR Category ≥0.6 Having Change From Baseline in Waist-to-Height Ratio (WHtR Ratio) Categories at Week 48,percentage of participants,NUMBER,,30 mg/kg Bimagrumab + 1.0 mg Semaglutide,WtHR Category: ≥0.6,,46.5,,,
NCT05616013,Percentage of Participants With Baseline WtHR Category ≥0.6 Having Change From Baseline in Waist-to-Height Ratio (WHtR Ratio) Categories at Week 48,percentage of participants,NUMBER,,30 mg/kg Bimagrumab + 2.4 mg Semaglutide,WtHR Category: ≥0.6,,48.7,,,
NCT05659719,Mean Height Growth at Month 3,Ratio,MEAN,Standard Deviation,C4181005 Cohort: Recifercept 1 mg/kg QW,,,1.11,0.487,,
NCT05659719,Mean Height Growth at Month 3,Ratio,MEAN,Standard Deviation,C4181005 Cohort: Recifercept 2 mg/kg BIW,,,0.84,0.548,,
NCT05659719,Mean Height Growth at Month 3,Ratio,MEAN,Standard Deviation,C4181005 Cohort: Recifercept 1.5 mg/kg QD,,,0.75,0.707,,
NCT05659719,Mean Height Growth at Month 3,Ratio,MEAN,Standard Deviation,C4181001 Cohort,,,1.07,0.820,,
NCT05659719,Mean Height Growth at Month 6,Ratio,MEAN,Standard Deviation,C4181005 Cohort: Recifercept 1 mg/kg QW,,,0.94,0.429,,
NCT05659719,Mean Height Growth at Month 6,Ratio,MEAN,Standard Deviation,C4181005 Cohort: Recifercept 2 mg/kg BIW,,,1.06,0.440,,
NCT05659719,Mean Height Growth at Month 6,Ratio,MEAN,Standard Deviation,C4181005 Cohort: Recifercept 1.5 mg/kg QD,,,1.01,0.453,,
NCT05659719,Mean Height Growth at Month 6,Ratio,MEAN,Standard Deviation,C4181001 Cohort,,,1.11,0.567,,
NCT05659719,Mean Height Growth at Month 9,Ratio,MEAN,Standard Deviation,C4181005 Cohort: Recifercept 1 mg/kg QW,,,1.01,0.374,,
NCT05659719,Mean Height Growth at Month 9,Ratio,MEAN,Standard Deviation,C4181005 Cohort: Recifercept 2 mg/kg BIW,,,0.97,0.242,,
NCT05659719,Mean Height Growth at Month 9,Ratio,MEAN,Standard Deviation,C4181005 Cohort: Recifercept 1.5 mg/kg QD,,,1.03,0.285,,
NCT05659719,Mean Height Growth at Month 9,Ratio,MEAN,Standard Deviation,C4181001 Cohort,,,1.10,0.419,,
NCT05659719,Mean Height Growth at Month 12,Ratio,MEAN,Standard Deviation,C4181005 Cohort: Recifercept 1 mg/kg QW,,,0.94,0.298,,
NCT05659719,Mean Height Growth at Month 12,Ratio,MEAN,Standard Deviation,C4181005 Cohort: Recifercept 2 mg/kg BIW,,,1.06,0.217,,
NCT05659719,Mean Height Growth at Month 12,Ratio,MEAN,Standard Deviation,C4181005 Cohort: Recifercept 1.5 mg/kg QD,,,0.84,0.036,,
NCT05659719,Mean Height Growth at Month 12,Ratio,MEAN,Standard Deviation,C4181001 Cohort,,,1.10,0.376,,
NCT05659719,"Mean Change From Baseline in Arm Span to Height/Length Difference at Months 3, 6, 9 and 12",Centimeter,MEAN,Standard Deviation,C4181005 Cohort: Recifercept 1 mg/kg QW,Month 3,,0.46,0.956,,
NCT05659719,"Mean Change From Baseline in Arm Span to Height/Length Difference at Months 3, 6, 9 and 12",Centimeter,MEAN,Standard Deviation,C4181005 Cohort: Recifercept 2 mg/kg BIW,Month 3,,0.02,0.879,,
NCT05659719,"Mean Change From Baseline in Arm Span to Height/Length Difference at Months 3, 6, 9 and 12",Centimeter,MEAN,Standard Deviation,C4181005 Cohort: Recifercept 1.5 mg/kg QD,Month 3,,-0.61,1.705,,
NCT05659719,"Mean Change From Baseline in Arm Span to Height/Length Difference at Months 3, 6, 9 and 12",Centimeter,MEAN,Standard Deviation,C4181001 Cohort,Month 3,,0.09,1.180,,
NCT05659719,"Mean Change From Baseline in Arm Span to Height/Length Difference at Months 3, 6, 9 and 12",Centimeter,MEAN,Standard Deviation,C4181005 Cohort: Recifercept 1 mg/kg QW,Month 6,,0.19,1.863,,
NCT05659719,"Mean Change From Baseline in Arm Span to Height/Length Difference at Months 3, 6, 9 and 12",Centimeter,MEAN,Standard Deviation,C4181005 Cohort: Recifercept 2 mg/kg BIW,Month 6,,0.72,1.028,,
NCT05659719,"Mean Change From Baseline in Arm Span to Height/Length Difference at Months 3, 6, 9 and 12",Centimeter,MEAN,Standard Deviation,C4181005 Cohort: Recifercept 1.5 mg/kg QD,Month 6,,-0.47,1.927,,
NCT05659719,"Mean Change From Baseline in Arm Span to Height/Length Difference at Months 3, 6, 9 and 12",Centimeter,MEAN,Standard Deviation,C4181001 Cohort,Month 6,,0.31,1.706,,
NCT05659719,"Mean Change From Baseline in Arm Span to Height/Length Difference at Months 3, 6, 9 and 12",Centimeter,MEAN,Standard Deviation,C4181005 Cohort: Recifercept 1 mg/kg QW,Month 9,,0.64,0.890,,
NCT05659719,"Mean Change From Baseline in Arm Span to Height/Length Difference at Months 3, 6, 9 and 12",Centimeter,MEAN,Standard Deviation,C4181005 Cohort: Recifercept 2 mg/kg BIW,Month 9,,0.69,1.394,,
NCT05659719,"Mean Change From Baseline in Arm Span to Height/Length Difference at Months 3, 6, 9 and 12",Centimeter,MEAN,Standard Deviation,C4181005 Cohort: Recifercept 1.5 mg/kg QD,Month 9,,0.15,0.781,,
NCT05659719,"Mean Change From Baseline in Arm Span to Height/Length Difference at Months 3, 6, 9 and 12",Centimeter,MEAN,Standard Deviation,C4181001 Cohort,Month 9,,0.53,1.705,,
NCT05659719,"Mean Change From Baseline in Arm Span to Height/Length Difference at Months 3, 6, 9 and 12",Centimeter,MEAN,Standard Deviation,C4181005 Cohort: Recifercept 1 mg/kg QW,Month 12,,0.47,1.220,,
NCT05659719,"Mean Change From Baseline in Arm Span to Height/Length Difference at Months 3, 6, 9 and 12",Centimeter,MEAN,Standard Deviation,C4181005 Cohort: Recifercept 2 mg/kg BIW,Month 12,,1.12,1.754,,
NCT05659719,"Mean Change From Baseline in Arm Span to Height/Length Difference at Months 3, 6, 9 and 12",Centimeter,MEAN,Standard Deviation,C4181005 Cohort: Recifercept 1.5 mg/kg QD,Month 12,,0.20,0.707,,
NCT05659719,"Mean Change From Baseline in Arm Span to Height/Length Difference at Months 3, 6, 9 and 12",Centimeter,MEAN,Standard Deviation,C4181001 Cohort,Month 12,,1.29,3.745,,
NCT05659719,"Mean Change From Baseline in Knee Height: Lower Segment Ratio at Months 3, 6, 9 and 12",Ratio,MEAN,Standard Deviation,C4181005 Cohort: Recifercept 1 mg/kg QW,Month 3,,-0.00,0.020,,
NCT05659719,"Mean Change From Baseline in Knee Height: Lower Segment Ratio at Months 3, 6, 9 and 12",Ratio,MEAN,Standard Deviation,C4181005 Cohort: Recifercept 2 mg/kg BIW,Month 3,,-0.01,0.052,,
NCT05659719,"Mean Change From Baseline in Knee Height: Lower Segment Ratio at Months 3, 6, 9 and 12",Ratio,MEAN,Standard Deviation,C4181005 Cohort: Recifercept 1.5 mg/kg QD,Month 3,,0.02,0.037,,
NCT05659719,"Mean Change From Baseline in Knee Height: Lower Segment Ratio at Months 3, 6, 9 and 12",Ratio,MEAN,Standard Deviation,C4181001 Cohort,Month 3,,-0.09,0.864,,
NCT05659719,"Mean Change From Baseline in Knee Height: Lower Segment Ratio at Months 3, 6, 9 and 12",Ratio,MEAN,Standard Deviation,C4181005 Cohort: Recifercept 1 mg/kg QW,Month 6,,-0.00,0.028,,
NCT05659719,"Mean Change From Baseline in Knee Height: Lower Segment Ratio at Months 3, 6, 9 and 12",Ratio,MEAN,Standard Deviation,C4181005 Cohort: Recifercept 2 mg/kg BIW,Month 6,,-0.02,0.062,,
NCT05659719,"Mean Change From Baseline in Knee Height: Lower Segment Ratio at Months 3, 6, 9 and 12",Ratio,MEAN,Standard Deviation,C4181005 Cohort: Recifercept 1.5 mg/kg QD,Month 6,,0.00,0.026,,
NCT05659719,"Mean Change From Baseline in Knee Height: Lower Segment Ratio at Months 3, 6, 9 and 12",Ratio,MEAN,Standard Deviation,C4181001 Cohort,Month 6,,-0.01,0.048,,
NCT05659719,"Mean Change From Baseline in Knee Height: Lower Segment Ratio at Months 3, 6, 9 and 12",Ratio,MEAN,Standard Deviation,C4181005 Cohort: Recifercept 1 mg/kg QW,Month 9,,-0.00,0.027,,
NCT05659719,"Mean Change From Baseline in Knee Height: Lower Segment Ratio at Months 3, 6, 9 and 12",Ratio,MEAN,Standard Deviation,C4181005 Cohort: Recifercept 2 mg/kg BIW,Month 9,,-0.02,0.065,,
NCT05659719,"Mean Change From Baseline in Knee Height: Lower Segment Ratio at Months 3, 6, 9 and 12",Ratio,MEAN,Standard Deviation,C4181005 Cohort: Recifercept 1.5 mg/kg QD,Month 9,,0.01,0.026,,
NCT05659719,"Mean Change From Baseline in Knee Height: Lower Segment Ratio at Months 3, 6, 9 and 12",Ratio,MEAN,Standard Deviation,C4181001 Cohort,Month 9,,-0.01,0.050,,
NCT05659719,"Mean Change From Baseline in Knee Height: Lower Segment Ratio at Months 3, 6, 9 and 12",Ratio,MEAN,Standard Deviation,C4181005 Cohort: Recifercept 1 mg/kg QW,Month 12,,0.00,0.028,,
NCT05659719,"Mean Change From Baseline in Knee Height: Lower Segment Ratio at Months 3, 6, 9 and 12",Ratio,MEAN,Standard Deviation,C4181005 Cohort: Recifercept 2 mg/kg BIW,Month 12,,-0.02,0.081,,
NCT05659719,"Mean Change From Baseline in Knee Height: Lower Segment Ratio at Months 3, 6, 9 and 12",Ratio,MEAN,Standard Deviation,C4181005 Cohort: Recifercept 1.5 mg/kg QD,Month 12,,0.02,0.023,,
NCT05659719,"Mean Change From Baseline in Knee Height: Lower Segment Ratio at Months 3, 6, 9 and 12",Ratio,MEAN,Standard Deviation,C4181001 Cohort,Month 12,,-0.01,0.049,,
NCT05659719,"Mean Change From Baseline in Height Standard Deviation Score (Z-Score) at Months 3, 6, 9, 12",Z-score,MEAN,Standard Deviation,C4181005 Cohort: Recifercept 1 mg/kg QW,Month 3,,0.03,0.134,,
NCT05659719,"Mean Change From Baseline in Height Standard Deviation Score (Z-Score) at Months 3, 6, 9, 12",Z-score,MEAN,Standard Deviation,C4181005 Cohort: Recifercept 2 mg/kg BIW,Month 3,,-0.04,0.173,,
NCT05659719,"Mean Change From Baseline in Height Standard Deviation Score (Z-Score) at Months 3, 6, 9, 12",Z-score,MEAN,Standard Deviation,C4181005 Cohort: Recifercept 1.5 mg/kg QD,Month 3,,-0.02,0.266,,
NCT05659719,"Mean Change From Baseline in Height Standard Deviation Score (Z-Score) at Months 3, 6, 9, 12",Z-score,MEAN,Standard Deviation,C4181001 Cohort,Month 3,,0.03,0.289,,
NCT05659719,"Mean Change From Baseline in Height Standard Deviation Score (Z-Score) at Months 3, 6, 9, 12",Z-score,MEAN,Standard Deviation,C4181005 Cohort: Recifercept 1 mg/kg QW,Month 6,,-0.03,0.205,,
NCT05659719,"Mean Change From Baseline in Height Standard Deviation Score (Z-Score) at Months 3, 6, 9, 12",Z-score,MEAN,Standard Deviation,C4181005 Cohort: Recifercept 2 mg/kg BIW,Month 6,,0.03,0.211,,
NCT05659719,"Mean Change From Baseline in Height Standard Deviation Score (Z-Score) at Months 3, 6, 9, 12",Z-score,MEAN,Standard Deviation,C4181005 Cohort: Recifercept 1.5 mg/kg QD,Month 6,,-0.00,0.236,,
NCT05659719,"Mean Change From Baseline in Height Standard Deviation Score (Z-Score) at Months 3, 6, 9, 12",Z-score,MEAN,Standard Deviation,C4181001 Cohort,Month 6,,0.06,0.355,,
NCT05659719,"Mean Change From Baseline in Height Standard Deviation Score (Z-Score) at Months 3, 6, 9, 12",Z-score,MEAN,Standard Deviation,C4181005 Cohort: Recifercept 1 mg/kg QW,Month 9,,0.00,0.258,,
NCT05659719,"Mean Change From Baseline in Height Standard Deviation Score (Z-Score) at Months 3, 6, 9, 12",Z-score,MEAN,Standard Deviation,C4181005 Cohort: Recifercept 2 mg/kg BIW,Month 9,,-0.02,0.214,,
NCT05659719,"Mean Change From Baseline in Height Standard Deviation Score (Z-Score) at Months 3, 6, 9, 12",Z-score,MEAN,Standard Deviation,C4181005 Cohort: Recifercept 1.5 mg/kg QD,Month 9,,0.02,0.205,,
NCT05659719,"Mean Change From Baseline in Height Standard Deviation Score (Z-Score) at Months 3, 6, 9, 12",Z-score,MEAN,Standard Deviation,C4181001 Cohort,Month 9,,0.07,0.412,,
NCT05659719,"Mean Change From Baseline in Height Standard Deviation Score (Z-Score) at Months 3, 6, 9, 12",Z-score,MEAN,Standard Deviation,C4181005 Cohort: Recifercept 1 mg/kg QW,Month 12,,-0.03,0.327,,
NCT05659719,"Mean Change From Baseline in Height Standard Deviation Score (Z-Score) at Months 3, 6, 9, 12",Z-score,MEAN,Standard Deviation,C4181005 Cohort: Recifercept 2 mg/kg BIW,Month 12,,0.07,0.257,,
NCT05659719,"Mean Change From Baseline in Height Standard Deviation Score (Z-Score) at Months 3, 6, 9, 12",Z-score,MEAN,Standard Deviation,C4181005 Cohort: Recifercept 1.5 mg/kg QD,Month 12,,-0.24,0.169,,
NCT05659719,"Mean Change From Baseline in Height Standard Deviation Score (Z-Score) at Months 3, 6, 9, 12",Z-score,MEAN,Standard Deviation,C4181001 Cohort,Month 12,,0.12,0.439,,
NCT05682326,Change From Baseline in Height,centimeters (cm),MEAN,Standard Deviation,Participants Requiring Dialysis (D),Week 2,,-1.50,2.121,,
NCT05682326,Change From Baseline in Height,centimeters (cm),MEAN,Standard Deviation,Participants Not Yet Requiring Dialysis (ND),Week 2,,0.85,1.202,,
NCT05682326,Change From Baseline in Height,centimeters (cm),MEAN,Standard Deviation,Participants Requiring Dialysis (D),Week 4,,0.00,NA,,
NCT05682326,Change From Baseline in Height,centimeters (cm),MEAN,Standard Deviation,Participants Not Yet Requiring Dialysis (ND),Week 4,,0.95,0.495,,
NCT05682326,Change From Baseline in Height,centimeters (cm),MEAN,Standard Deviation,Participants Requiring Dialysis (D),Week 8,,0.00,NA,,
NCT05682326,Change From Baseline in Height,centimeters (cm),MEAN,Standard Deviation,Participants Not Yet Requiring Dialysis (ND),Week 8,,1.20,0.707,,
NCT05682326,Change From Baseline in Height,centimeters (cm),MEAN,Standard Deviation,Participants Requiring Dialysis (D),Week 12,,0.00,NA,,
NCT05682326,Change From Baseline in Height,centimeters (cm),MEAN,Standard Deviation,Participants Not Yet Requiring Dialysis (ND),Week 12,,2.65,0.071,,
NCT05682326,Change From Baseline in Height,centimeters (cm),MEAN,Standard Deviation,Participants Requiring Dialysis (D),Week 16,,0.10,NA,,
NCT05682326,Change From Baseline in Height,centimeters (cm),MEAN,Standard Deviation,Participants Not Yet Requiring Dialysis (ND),Week 16,,1.85,1.485,,
NCT05682326,Change From Baseline in Height,centimeters (cm),MEAN,Standard Deviation,Participants Requiring Dialysis (D),Week 20,,0.30,NA,,
NCT05682326,Change From Baseline in Height,centimeters (cm),MEAN,Standard Deviation,Participants Not Yet Requiring Dialysis (ND),Week 20,,3.35,0.495,,
NCT05682326,Change From Baseline in Height,centimeters (cm),MEAN,Standard Deviation,Participants Requiring Dialysis (D),Week 24,,0.30,NA,,
NCT05682326,Change From Baseline in Height,centimeters (cm),MEAN,Standard Deviation,Participants Not Yet Requiring Dialysis (ND),Week 24,,3.70,0.707,,
NCT05682326,Change From Baseline in Height,centimeters (cm),MEAN,Standard Deviation,Participants Requiring Dialysis (D),Week 28,,1.00,NA,,
NCT05682326,Change From Baseline in Height,centimeters (cm),MEAN,Standard Deviation,Participants Not Yet Requiring Dialysis (ND),Week 28,,4.60,0.141,,
NCT05682326,Change From Baseline in Height,centimeters (cm),MEAN,Standard Deviation,Participants Requiring Dialysis (D),Week 32,,0.80,NA,,
NCT05682326,Change From Baseline in Height,centimeters (cm),MEAN,Standard Deviation,Participants Not Yet Requiring Dialysis (ND),Week 32,,5.30,NA,,
NCT05682326,Change From Baseline in Height,centimeters (cm),MEAN,Standard Deviation,Participants Requiring Dialysis (D),Week 36,,0.50,NA,,
NCT05682326,Change From Baseline in Height,centimeters (cm),MEAN,Standard Deviation,Participants Not Yet Requiring Dialysis (ND),Week 36,,5.00,1.131,,
NCT05682326,Change From Baseline in Height,centimeters (cm),MEAN,Standard Deviation,Participants Requiring Dialysis (D),Week 40,,0.20,NA,,
NCT05682326,Change From Baseline in Height,centimeters (cm),MEAN,Standard Deviation,Participants Not Yet Requiring Dialysis (ND),Week 40,,4.50,2.546,,
NCT05682326,Change From Baseline in Height,centimeters (cm),MEAN,Standard Deviation,Participants Requiring Dialysis (D),Week 44,,0.20,NA,,
NCT05682326,Change From Baseline in Height,centimeters (cm),MEAN,Standard Deviation,Participants Not Yet Requiring Dialysis (ND),Week 44,,5.65,2.192,,
NCT05682326,Change From Baseline in Height,centimeters (cm),MEAN,Standard Deviation,Participants Not Yet Requiring Dialysis (ND),Week 48,,5.65,2.192,,
NCT05682326,Change From Baseline in Height,centimeters (cm),MEAN,Standard Deviation,Participants Requiring Dialysis (D),Week 52,,-0.70,NA,,
NCT05682326,Change From Baseline in Height,centimeters (cm),MEAN,Standard Deviation,Participants Not Yet Requiring Dialysis (ND),Week 52,,6.25,2.333,,
NCT05715346,Upper Eyelid Height,Participants,COUNT_OF_PARTICIPANTS,,"LEV102 Topical Gel, 2.0%",,,7,,,
NCT05715346,Upper Eyelid Height,Participants,COUNT_OF_PARTICIPANTS,,"LEV102 Topical Gel, 1.0%",,,4,,,
NCT05715346,Upper Eyelid Height,Participants,COUNT_OF_PARTICIPANTS,,Vehicle,,,2,,,
NCT05721235,Percentile Change in Body Height,Percentile Change of Body Height,MEAN,Standard Deviation,Open Label,,,-10.77,12.990,,
NCT05721235,Percent Change in Body Height,Percent Change of Body Height,MEAN,Standard Deviation,Open Label,,,4.72,2.227,,
NCT05723835,Number of Adverse Events Reported for Idiopathic Short Stature (ISS)- Weeks 0 to 26,Events,NUMBER,,ISS_somapacitan (GH Treatment Naïve),,,9,,,
NCT05723835,Number of Adverse Events Reported for Idiopathic Short Stature (ISS)- Weeks 0 to 26,Events,NUMBER,,ISS_somapacitan (Previously Treated With GH),,,22,,,
NCT05723835,Number of Adverse Events Possibly or Probably Related to Somapacitan Reported for Idiopathic Short Stature,Events,NUMBER,,ISS_somapacitan (GH Treatment Naïve),,,0,,,
NCT05723835,Number of Adverse Events Possibly or Probably Related to Somapacitan Reported for Idiopathic Short Stature,Events,NUMBER,,ISS_somapacitan (Previously Treated With GH),,,1,,,
NCT05723835,Height Velocity Reported Children Born Small for Gestational Age,centimeters per year (cm/year),MEAN,Standard Deviation,SGA_somapacitan (GH Treatment Naïve),,,11.3,3.8,,
NCT05723835,Height Velocity Reported Children Born Small for Gestational Age,centimeters per year (cm/year),MEAN,Standard Deviation,SGA_somapacitan (Previously Treated With GH),,,9.5,2.0,,
NCT05723835,Height Velocity Reported for Turner Syndrome,cm/year,MEAN,Standard Deviation,TS_somapacitan (GH Treatment Naïve),,,10.2,2.2,,
NCT05723835,Height Velocity Reported for Turner Syndrome,cm/year,MEAN,Standard Deviation,TS_somapacitan (Previously Treated With GH),,,5.8,2.0,,
NCT05723835,Height Velocity Reported for Noonan Syndrome,cm/year,MEAN,Standard Deviation,NS_somapacitan (GH Treatment Naïve),,,9.1,2.3,,
NCT05723835,Height Velocity Reported for Noonan Syndrome,cm/year,MEAN,Standard Deviation,NS_somapacitan (Previously Treated With GH),,,6.4,2.0,,
NCT05723835,Height Velocity Reported for Idiopathic Short Stature,cm/year,MEAN,Standard Deviation,ISS_somapacitan (GH Treatment Naïve),,,9.2,3.5,,
NCT05723835,Height Velocity Reported for Idiopathic Short Stature,cm/year,MEAN,Standard Deviation,ISS_somapacitan (Previously Treated With GH),,,7.9,2.4,,
NCT05723835,Change in Height Standard Deviation Scores (SDS) Reported for Children Born Small for Gestational Age,standard deviation score,MEAN,Standard Deviation,SGA_somapacitan (GH Treatment Naïve),,,0.50,0.21,,
NCT05723835,Change in Height Standard Deviation Scores (SDS) Reported for Children Born Small for Gestational Age,standard deviation score,MEAN,Standard Deviation,SGA_somapacitan (Previously Treated With GH),,,0.24,0.13,,
NCT05723835,Change in Height Standard Deviation Scores Reported for Turner Syndrome,standard deviation score,MEAN,Standard Deviation,TS_somapacitan (GH Treatment Naïve),,,0.40,0.30,,
NCT05723835,Change in Height Standard Deviation Scores Reported for Turner Syndrome,standard deviation score,MEAN,Standard Deviation,TS_somapacitan (Previously Treated With GH),,,0.00,0.23,,
NCT05723835,Change in Height Standard Deviation Scores Reported for Noonan Syndrome,standard deviation score,MEAN,Standard Deviation,NS_somapacitan (GH Treatment Naïve),,,0.35,0.26,,
NCT05723835,Change in Height Standard Deviation Scores Reported for Noonan Syndrome,standard deviation score,MEAN,Standard Deviation,NS_somapacitan (Previously Treated With GH),,,0.11,0.14,,
NCT05723835,Change in Height Standard Deviation Scores Reported for Idiopathic Short Stature,standard deviation score,MEAN,Standard Deviation,ISS_somapacitan (GH Treatment Naïve),,,0.22,0.15,,
NCT05723835,Change in Height Standard Deviation Scores Reported for Idiopathic Short Stature,standard deviation score,MEAN,Standard Deviation,ISS_somapacitan (Previously Treated With GH),,,0.14,0.18,,
NCT05723835,Change in Height Velocity Standard Deviation Scores Reported Separately for Children Born Small for Gestational Age,standard deviation score,MEAN,Standard Deviation,SGA_somapacitan (GH Treatment Naïve),,,3.53,2.49,,
NCT05723835,Change in Height Velocity Standard Deviation Scores Reported Separately for Children Born Small for Gestational Age,standard deviation score,MEAN,Standard Deviation,SGA_somapacitan (Previously Treated With GH),,,1.04,1.18,,
NCT05723835,Change in Height Velocity Standard Deviation Scores Reported Separately for Turner Syndrome,standard deviation score,MEAN,Standard Deviation,TS_somapacitan (GH Treatment Naïve),,,3.45,1.41,,
NCT05723835,Change in Height Velocity Standard Deviation Scores Reported Separately for Turner Syndrome,standard deviation score,MEAN,Standard Deviation,TS_somapacitan (Previously Treated With GH),,,-0.48,1.84,,
NCT05723835,Change in Height Velocity Standard Deviation Scores Reported for Noonan Syndrome,standard deviation score,MEAN,Standard Deviation,NS_somapacitan (GH Treatment Naïve),,,3.43,2.75,,
NCT05723835,Change in Height Velocity Standard Deviation Scores Reported for Noonan Syndrome,standard deviation score,MEAN,Standard Deviation,NS_somapacitan (Previously Treated With GH),,,0.22,0.93,,
NCT05723835,Change in Height Velocity Standard Deviation Scores Reported Separately for Idiopathic Short Stature,standard deviation score,MEAN,Standard Deviation,ISS_somapacitan (GH Treatment Naïve),,,2.89,0.85,,
NCT05723835,Change in Height Velocity Standard Deviation Scores Reported Separately for Idiopathic Short Stature,standard deviation score,MEAN,Standard Deviation,ISS_somapacitan (Previously Treated With GH),,,-0.32,1.90,,
NCT05723835,Weekly Average Somapacitan Concentration (Cavg) Reported for Idiopathic Short Stature,nanograms per milliliter (ng/mL),MEAN,Standard Deviation,ISS_somapacitan (GH Treatment Naïve),Week 4,,344.415,313.128,,
NCT05723835,Weekly Average Somapacitan Concentration (Cavg) Reported for Idiopathic Short Stature,nanograms per milliliter (ng/mL),MEAN,Standard Deviation,ISS_somapacitan (Previously Treated With GH),Week 4,,401.444,178.512,,
NCT05723835,Weekly Average Somapacitan Concentration (Cavg) Reported for Idiopathic Short Stature,nanograms per milliliter (ng/mL),MEAN,Standard Deviation,ISS_somapacitan (GH Treatment Naïve),Week 8,,9.535,0.940,,
NCT05723835,Weekly Average Somapacitan Concentration (Cavg) Reported for Idiopathic Short Stature,nanograms per milliliter (ng/mL),MEAN,Standard Deviation,ISS_somapacitan (Previously Treated With GH),Week 8,,57.152,145.426,,
NCT05723835,Weekly Average Somapacitan Concentration (Cavg) Reported for Idiopathic Short Stature,nanograms per milliliter (ng/mL),MEAN,Standard Deviation,ISS_somapacitan (GH Treatment Naïve),Week 13,,403.525,156.235,,
NCT05723835,Weekly Average Somapacitan Concentration (Cavg) Reported for Idiopathic Short Stature,nanograms per milliliter (ng/mL),MEAN,Standard Deviation,ISS_somapacitan (Previously Treated With GH),Week 13,,74.361,65.211,,
NCT05723835,Weekly Average Somapacitan Concentration (Cavg) Reported for Idiopathic Short Stature,nanograms per milliliter (ng/mL),MEAN,Standard Deviation,ISS_somapacitan (GH Treatment Naïve),Week 20,,7.070,3.564,,
NCT05723835,Weekly Average Somapacitan Concentration (Cavg) Reported for Idiopathic Short Stature,nanograms per milliliter (ng/mL),MEAN,Standard Deviation,ISS_somapacitan (Previously Treated With GH),Week 20,,4.876,4.495,,
NCT05723835,Weekly Average Somapacitan Concentration (Cavg) Reported for Idiopathic Short Stature,nanograms per milliliter (ng/mL),MEAN,Standard Deviation,ISS_somapacitan (GH Treatment Naïve),Week 26,,16.630,NA,,
NCT05723835,Weekly Average Somapacitan Concentration (Cavg) Reported for Idiopathic Short Stature,nanograms per milliliter (ng/mL),MEAN,Standard Deviation,ISS_somapacitan (Previously Treated With GH),Week 26,,16.461,15.509,,
NCT05734443,Sacrum Height at Touchdown of the First Recovery Step,% of sacrum height while standing,MEAN,Standard Deviation,Step Training,,,97.4,7.3,,
NCT05734443,Sacrum Height at Touchdown of the First Recovery Step,% of sacrum height while standing,MEAN,Standard Deviation,Treadmill Training,,,96.7,10.1,,
NCT05734443,Sacrum Height at Touchdown of the First Recovery Step,% of sacrum height while standing,MEAN,Standard Deviation,Control,,,97.7,13.0,,
NCT05932992,Height-for-age Z-score (HAZ),z-score,MEAN,Standard Deviation,Mother Screening,,,-2.17,1.5,,
NCT05932992,Height-for-age Z-score (HAZ),z-score,MEAN,Standard Deviation,Standard of Care,,,-2.28,1.4,,
NCT05989815,Squat Jump (SJ) Height,cm,MEAN,Standard Deviation,PBMT Post Muscle Damage Protocol (PBMT-post),,,37.38,5.22,,
NCT05989815,Squat Jump (SJ) Height,cm,MEAN,Standard Deviation,PBMT Pre (PBMT-pre),,,38.91,5.45,,
NCT05989815,Squat Jump (SJ) Height,cm,MEAN,Standard Deviation,PBMT Placebo (PBMT-sham),,,38.56,4.09,,
NCT05989815,Countermovement Jump (CMJ) Height,cm,MEAN,Standard Deviation,PBMT Post Muscle Damage Protocol (PBMT-post),,,39.36,4.27,,
NCT05989815,Countermovement Jump (CMJ) Height,cm,MEAN,Standard Deviation,PBMT Pre (PBMT-pre),,,41.56,6.73,,
NCT05989815,Countermovement Jump (CMJ) Height,cm,MEAN,Standard Deviation,PBMT Placebo (PBMT-sham),,,40.55,4.28,,
NCT06001177,Changes From Baseline in Villous Height to Crypt Depth (Vh:Cd) as Assessed by Esophagogastroduodenoscopy With Biopsy After 2-week Gluten Challenge (GC),ratio,MEAN,Standard Deviation,0.6 mg/kg KAN-101,,,-0.85,0.707,,
NCT06001177,Changes From Baseline in Villous Height to Crypt Depth (Vh:Cd) as Assessed by Esophagogastroduodenoscopy With Biopsy After 2-week Gluten Challenge (GC),ratio,MEAN,Standard Deviation,Placebo,,,-0.61,0.614,,
NCT06004895,Change From Baseline in Tear Meniscus Height to the Final Follow-up 3 Months After Final Treatment Session,mm,MEAN,95% Confidence Interval,Actual IPL and LLLT,,,0.03,,-0.77,0.07
NCT06004895,Change From Baseline in Tear Meniscus Height to the Final Follow-up 3 Months After Final Treatment Session,mm,MEAN,95% Confidence Interval,Sham IPL and LLLT,,,0.05,,-0.008,0.10
NCT06016556,Height at Index Date,Meters,MEAN,Standard Deviation,All Participants,,,1.62,0.10,,
NCT06016725,Anthropometry Height in Inches,cm,MEAN,Standard Deviation,"Arm 1 (nutritional counseling, resistance training)",,,165.2,5.2,,
NCT06016725,Anthropometry Height in Inches,cm,MEAN,Standard Deviation,Arm 2 (educational materials),,,166.1,4.8,,
NCT06041217,Change in Waist-height Ratio (WtHR),Ratio of waist-height,MEAN,Standard Deviation,Semaglutide 2.4 mg,,,-0.05,0.04,,
NCT06041217,Change in Waist-height Ratio (WtHR),Ratio of waist-height,MEAN,Standard Deviation,Placebo,,,-0.01,0.03,,
NCT06067425,Stage 1: Change From Baseline to Weeks 26 and 52 in Growth Velocity Z-Score,Z-score,MEAN,Standard Deviation,Stage 1: SAR442501 Dose A (Low Dose),Week 26,,2.89,3.75,,
NCT06067425,Stage 1: Change From Baseline to Weeks 26 and 52 in Growth Velocity Z-Score,Z-score,MEAN,Standard Deviation,Stage 1: SAR442501 Dose B (High Dose),Week 26,,4.58,4.96,,
NCT06067425,Stage 1: Change From Baseline to Weeks 26 and 52 in Growth Velocity Z-Score,Z-score,MEAN,Standard Deviation,Stage 1: SAR442501 Dose A (Low Dose),Week 52,,1.45,2.56,,
NCT06067425,Stage 1: Change From Baseline to Weeks 26 and 52 in Growth Velocity Z-Score,Z-score,MEAN,Standard Deviation,Stage 1: SAR442501 Dose B (High Dose),Week 52,,1.92,2.83,,
NCT06067425,Stage 1: Change From Baseline to Weeks 26 and 52 in Annualized Growth Velocity,centimeter per year,MEAN,Standard Deviation,Stage 1: SAR442501 Dose A (Low Dose),Week 26,,1.34,1.83,,
NCT06067425,Stage 1: Change From Baseline to Weeks 26 and 52 in Annualized Growth Velocity,centimeter per year,MEAN,Standard Deviation,Stage 1: SAR442501 Dose B (High Dose),Week 26,,2.63,2.36,,
NCT06067425,Stage 1: Change From Baseline to Weeks 26 and 52 in Annualized Growth Velocity,centimeter per year,MEAN,Standard Deviation,Stage 1: SAR442501 Dose A (Low Dose),Week 52,,0.53,1.21,,
NCT06067425,Stage 1: Change From Baseline to Weeks 26 and 52 in Annualized Growth Velocity,centimeter per year,MEAN,Standard Deviation,Stage 1: SAR442501 Dose B (High Dose),Week 52,,1.29,1.49,,
NCT06067425,Stage 1: Change From Baseline to Weeks 26 and 52 in Height Z-Score,Z-score,MEAN,Standard Deviation,Stage 1: SAR442501 Dose A (Low Dose),Week 26,,0.07,0.06,,
NCT06067425,Stage 1: Change From Baseline to Weeks 26 and 52 in Height Z-Score,Z-score,MEAN,Standard Deviation,Stage 1: SAR442501 Dose B (High Dose),Week 26,,0.13,0.15,,
NCT06067425,Stage 1: Change From Baseline to Weeks 26 and 52 in Height Z-Score,Z-score,MEAN,Standard Deviation,Stage 1: SAR442501 Dose A (Low Dose),Week 52,,0.01,0.13,,
NCT06067425,Stage 1: Change From Baseline to Weeks 26 and 52 in Height Z-Score,Z-score,MEAN,Standard Deviation,Stage 1: SAR442501 Dose B (High Dose),Week 52,,0.02,0.30,,
NCT06067425,Stage 1: Change From Baseline to Weeks 26 and 52 in Upper to Lower Body Segment Ratio,ratio,MEAN,Standard Deviation,Stage 1: SAR442501 Dose A (Low Dose),Week 26,,-0.037,0.060,,
NCT06067425,Stage 1: Change From Baseline to Weeks 26 and 52 in Upper to Lower Body Segment Ratio,ratio,MEAN,Standard Deviation,Stage 1: SAR442501 Dose B (High Dose),Week 26,,-0.047,0.038,,
NCT06067425,Stage 1: Change From Baseline to Weeks 26 and 52 in Upper to Lower Body Segment Ratio,ratio,MEAN,Standard Deviation,Stage 1: SAR442501 Dose A (Low Dose),Week 52,,-0.060,NA,,
NCT06067425,Stage 1: Change From Baseline to Weeks 26 and 52 in Sitting to Standing Height Ratio,ratio,MEAN,Standard Deviation,Stage 1: SAR442501 Dose A (Low Dose),Week 26,,-0.006,0.013,,
NCT06067425,Stage 1: Change From Baseline to Weeks 26 and 52 in Sitting to Standing Height Ratio,ratio,MEAN,Standard Deviation,Stage 1: SAR442501 Dose B (High Dose),Week 26,,0.003,0.010,,
NCT06067425,Stage 1: Change From Baseline to Weeks 26 and 52 in Sitting to Standing Height Ratio,ratio,MEAN,Standard Deviation,Stage 1: SAR442501 Dose A (Low Dose),Week 52,,0.000,NA,,
NCT06067425,Stage 1: Change From Baseline to Weeks 26 and 52 in Arm Span to Height Ratio,ratio,MEAN,Standard Deviation,Stage 1: SAR442501 Dose A (Low Dose),Week 26,,-0.009,0.013,,
NCT06067425,Stage 1: Change From Baseline to Weeks 26 and 52 in Arm Span to Height Ratio,ratio,MEAN,Standard Deviation,Stage 1: SAR442501 Dose B (High Dose),Week 26,,-0.005,0.014,,
NCT06067425,Stage 1: Change From Baseline to Weeks 26 and 52 in Arm Span to Height Ratio,ratio,MEAN,Standard Deviation,Stage 1: SAR442501 Dose A (Low Dose),Week 52,,0.020,NA,,
NCT06067425,Stage 1: Change From Baseline to Weeks 26 and 52 in Head Circumference to Height Ratio,ratio,MEAN,Standard Deviation,Stage 1: SAR442501 Dose A (Low Dose),Week 26,,-0.016,0.005,,
NCT06067425,Stage 1: Change From Baseline to Weeks 26 and 52 in Head Circumference to Height Ratio,ratio,MEAN,Standard Deviation,Stage 1: SAR442501 Dose B (High Dose),Week 26,,-0.013,0.010,,
NCT06067425,Stage 1: Change From Baseline to Weeks 26 and 52 in Head Circumference to Height Ratio,ratio,MEAN,Standard Deviation,Stage 1: SAR442501 Dose A (Low Dose),Week 52,,-0.030,NA,,
NCT06080438,Change in Palpebral Fissure Height,mm,MEAN,Standard Deviation,Botulinum Toxin Group,,,-0.5,0.69,,
NCT06366022,GR Change (Gingival Recession Height Change) GT Change (Gingival Thickness) KTW Change (Keratinized Tissue Width),millimetres (mm),MEAN,Standard Error,Modified Coronally Advanced Tunnel With Connective Tissue Graft With Inner Side of the Graft,GR change 6 months after surgery,,2.97,0.90,,
NCT06366022,GR Change (Gingival Recession Height Change) GT Change (Gingival Thickness) KTW Change (Keratinized Tissue Width),millimetres (mm),MEAN,Standard Error,Modified Coronally Advanced Tunnel With Connective Tissue Graft With Outer Side of the Graft,GR change 6 months after surgery,,2.94,0.95,,
NCT06366022,GR Change (Gingival Recession Height Change) GT Change (Gingival Thickness) KTW Change (Keratinized Tissue Width),millimetres (mm),MEAN,Standard Error,Modified Coronally Advanced Tunnel With Connective Tissue Graft With Inner Side of the Graft,GT change 6 months after surgery,,1.00,0.40,,
NCT06366022,GR Change (Gingival Recession Height Change) GT Change (Gingival Thickness) KTW Change (Keratinized Tissue Width),millimetres (mm),MEAN,Standard Error,Modified Coronally Advanced Tunnel With Connective Tissue Graft With Outer Side of the Graft,GT change 6 months after surgery,,1.03,0.45,,
NCT06366022,GR Change (Gingival Recession Height Change) GT Change (Gingival Thickness) KTW Change (Keratinized Tissue Width),millimetres (mm),MEAN,Standard Error,Modified Coronally Advanced Tunnel With Connective Tissue Graft With Inner Side of the Graft,KTW change 6 months after surgery,,1.88,1.19,,
NCT06366022,GR Change (Gingival Recession Height Change) GT Change (Gingival Thickness) KTW Change (Keratinized Tissue Width),millimetres (mm),MEAN,Standard Error,Modified Coronally Advanced Tunnel With Connective Tissue Graft With Outer Side of the Graft,KTW change 6 months after surgery,,1.89,1.15,,
NCT06380179,Body Measurements: Height (Inches),inches,MEAN,Standard Deviation,Photobiomodulation Treatment (PBMT),,,71.08,2.13,,
NCT06380179,Body Measurements: Height (Inches),inches,MEAN,Standard Deviation,Sham PBMT,,,69.83,1.40,,
NCT06544707,Mean Change From Baseline in Tear Meniscus Height (TMH) at Minute 3 - Stage 1,micrometers,MEAN,Standard Deviation,0.003% AR-15512 - Stage 1,,,519.65,515.561,,
NCT06544707,Mean Change From Baseline in Tear Meniscus Height (TMH) at Minute 3 - Stage 2,micrometers,MEAN,Standard Deviation,0.003% AR-15512 - Stage 2,,,503.80,559.552,,
NCT06704178,Increase in Height,percent change from baseline,MEAN,Standard Deviation,Intervention Arm,Month 2,,0.89,4.01,,
NCT06704178,Increase in Height,percent change from baseline,MEAN,Standard Deviation,Placebo Arm,Month 2,,1.16,6.29,,
NCT06704178,Increase in Height,percent change from baseline,MEAN,Standard Deviation,Intervention Arm,Month 4,,3.25,4.19,,
NCT06704178,Increase in Height,percent change from baseline,MEAN,Standard Deviation,Placebo Arm,Month 4,,1.67,4.47,,
NCT06704178,Increase in Height,percent change from baseline,MEAN,Standard Deviation,Intervention Arm,Month 6,,3.47,5.68,,
NCT06704178,Increase in Height,percent change from baseline,MEAN,Standard Deviation,Placebo Arm,Month 6,,3.49,4.54,,
NCT06704178,Increase in Height - Nubest Group Only (Within-Group Analysis),inches,MEAN,Standard Deviation,Intervention Arm,Baseline,,61.69,5.50,,
NCT06704178,Increase in Height - Nubest Group Only (Within-Group Analysis),inches,MEAN,Standard Deviation,Intervention Arm,Month 2,,62.01,5.82,,
NCT06704178,Increase in Height - Nubest Group Only (Within-Group Analysis),inches,MEAN,Standard Deviation,Intervention Arm,Month 4,,63.33,5.81,,
NCT06704178,Increase in Height - Nubest Group Only (Within-Group Analysis),inches,MEAN,Standard Deviation,Intervention Arm,Month 6,,63.24,4.54,,
NCT06704178,Increase in Height - Placebo Group Only (Within-Group Analysis),inches,MEAN,Standard Deviation,Placebo Arm,Baseline,,60.66,7.07,,
NCT06704178,Increase in Height - Placebo Group Only (Within-Group Analysis),inches,MEAN,Standard Deviation,Placebo Arm,Month 2,,62.41,5.88,,
NCT06704178,Increase in Height - Placebo Group Only (Within-Group Analysis),inches,MEAN,Standard Deviation,Placebo Arm,Month 4,,62.71,5.29,,
NCT06704178,Increase in Height - Placebo Group Only (Within-Group Analysis),inches,MEAN,Standard Deviation,Placebo Arm,Month 6,,63.05,5.24,,
NCT06982937,Jump Height 4 Minute,cm,MEAN,Standard Deviation,High-Intensity Half-Squat,,,45.34,5.28,,
NCT06982937,Jump Height 4 Minute,cm,MEAN,Standard Deviation,Treadmill Running,,,47.41,5.13,,
NCT06982937,Jump Height 6 Minute,cm,MEAN,Standard Deviation,High-Intensity Half-Squat,,,48.01,5.13,,
NCT06982937,Jump Height 6 Minute,cm,MEAN,Standard Deviation,Treadmill Running,,,47.41,3.92,,
NCT06982937,Jump Height 8 Minute,cm,MEAN,Standard Deviation,High-Intensity Half-Squat,,,47.08,5.31,,
NCT06982937,Jump Height 8 Minute,cm,MEAN,Standard Deviation,Treadmill Running,,,48.10,4.60,,
NCT06982937,Jump Height 10 Minute,cm,MEAN,Standard Deviation,High-Intensity Half-Squat,,,46.17,5.17,,
NCT06982937,Jump Height 10 Minute,cm,MEAN,Standard Deviation,Treadmill Running,,,47.59,3.90,,
NCT06982937,Jump Height 12 Minute,cm,MEAN,Standard Deviation,High-Intensity Half-Squat,,,45.27,5.14,,
NCT06982937,Jump Height 12 Minute,cm,MEAN,Standard Deviation,Treadmill Running,,,47.91,4.27,,
