score,stake,suspicion,param_id,node_id,layer,parameter,value,unit,species,source_ref,self_declared,signals
56,8,7,p_61f79e4fdb,distal_femur_plate,L1,derived mean proliferative cell cycle time,20,days,human,kember1976,False,contradiction|flow_model|grade_A_B|derivation_word|no_dispersion|unread_source|sole_source
56,8,7,p_1c34689beb,growth_velocity_longitudinal,L1,mean distal femoral growth rate expressed per day,38,um/day,human,kember1976,False,contradiction|flow_model|grade_A_B|derivation_word|no_dispersion|unread_source|sole_source
48,8,6,p_d7200148be,distal_femur_plate,L1,cells per proliferative column,24,cells,human,kember1976,False,contradiction|flow_model|grade_A_B|derivation_word|no_dispersion|unread_source
42,6,7,p_677f954703,elongation_budget,L1,contribution of cell division to elongation,9,% of elongation,rat,wilsman1996,False,contradiction|flow_model|derivation_word|no_dispersion|unread_source|sole_source
42,6,7,p_a3e8623837,elongation_budget,L1,cell share of the volume removed at the chondro-osseous junction,"68.5, 67.8, 59.3, 51.4",% of elongation,rat,wilsman1996,False,contradiction|flow_model|derivation_word|no_dispersion|unread_source|sole_source
42,6,7,p_50c13feaeb,fgfr3_receptor,L3,change in unliganded FGFR3 dimerisation free energy due to G380R,-1.8,kcal/mol,in_vitro_human_cell,sarabipour2016,False,contradiction|grade_A_B|screen|derivation_word|no_dispersion|unread_source|sole_source
42,7,6,p_dea1787acd,physeal_stress_in_vivo,L6,applied stress range in the animal stress-growth experiments,approximately 0.02-0.2,MPa,multiple,stokes2006,False,contradiction|flow_model|screen|derivation_word|no_dispersion|sole_source
36,9,4,p_ac972fbc3f,clonal_column,L1,cells lost per column per day,8,cells/day,rat,hunziker1987,False,contradiction|flow_model|grade_A_B|screen|no_dispersion|unread_source|sole_source
36,6,6,p_87b51c80c9,scoliosis_vertebral_growth,L6,growth-rate sensitivity used to simulate curve progression,15.0,% per 0.1 MPa (vertebral,multiple,stokes2006,False,contradiction|grade_A_B|screen|derivation_word|no_dispersion|sole_source
35,7,5,p_206d079d10,cell_cycle_time_pz,L1,"total cell cycle time, proliferative zone",30.9,h,rat,wilsman1996a,False,contradiction|flow_model|screen|derivation_word|unread_source|sole_source
35,5,7,p_9aa4e5d091,distal_femur_plate,L1,mean growth rate expressed per day,38,um/day,human,kember1976,False,contradiction|grade_A_B|derivation_word|no_dispersion|unread_source|sole_source
35,5,7,p_5ab21b3296,distal_femur_plate,L1,maturing plus proliferating cells per column (directly counted),36,cells,human,kember1976,False,contradiction|grade_A_B|derivation_word|no_dispersion|unread_source|sole_source
35,5,7,p_222ce6bca9,growth_plate_drug_exposure,L12,navepegritide-released CNP plasma half-life used as the exposure surrogate,5.3,days,human,fda_yuviwel_label_2026,False,contradiction|grade_A_B|derivation_word|no_dispersion|unread_source|sole_source
35,5,7,p_f37fc4c23b,seasonality_growth_velocity,L4,seasonal amplitude as a fraction of mean linear growth velocity,13,%,human,narumi2020,False,contradiction|grade_A_B|derivation_word|no_dispersion|unread_source|sole_source
32,8,4,p_f6aa43187f,distal_femur_plate,L1,terminal hypertrophic cell height along the growth axis,33,um,human,kember1976,False,contradiction|flow_model|grade_A_B|derivation_word|unread_source
32,8,4,p_456dd2428e,growth_velocity_longitudinal,L1,mean distal femoral growth rate,1.4,cm/year,human,kember1976,False,contradiction|flow_model|grade_A_B|no_dispersion|unread_source|sole_source
32,8,4,p_ceb7164801,seasonality_growth_velocity,L4,"mean annual height velocity in Danish 8-11 year olds, with above-average velocity in Janua",6.10,cm/yr,human,dalskov2016,False,contradiction|flow_model|grade_A_B|no_dispersion|unread_source|sole_source
30,6,5,p_48c9180977,achondroplasia,L11,"adult height, males",132,cm,human,merker2018,False,contradiction|grade_A_B|screen|derivation_word|unread_source|sole_source
30,6,5,p_d4c479df7d,pi_ppi_ratio,L5,Circulating Pi:PPi ratio in healthy humans,~300-600,mol:mol (serum Pi 1-2 mm,human,russell1971,False,contradiction|grade_A_B|screen|derivation_word|unread_source|sole_source
28,4,7,p_670ae47652,clonal_exhaustion,L2,Long-term self-renewing fraction among PTHrP+ colony-forming cells,2-3,%,mouse,mizuhashi2018,False,contradiction|screen|derivation_word|no_dispersion|unread_source|sole_source
28,4,7,p_a2550ea4bf,hypertrophic_chondrocyte,L1,total fold volume increase,23,fold,mouse,cooper2013,False,contradiction|screen|derivation_word|no_dispersion|unread_source|sole_source
28,7,4,p_9137beb338,hypertrophic_chondrocyte,L1,"mean cell height increase, proliferative to late hypertrophic",4,fold,rat,hunziker1987,False,contradiction|flow_model|screen|no_dispersion|unread_source|sole_source
28,7,4,p_ebe9a640c0,hypertrophic_volume_increase,L1,"final volume, fast plate",14000,fl,mouse,cooper2013,False,contradiction|flow_model|screen|no_dispersion|unread_source|sole_source
28,7,4,p_be99ba5726,hypertrophic_volume_increase,L1,"final volume, slow plate",5000,fl,mouse,cooper2013,False,contradiction|flow_model|screen|no_dispersion|unread_source|sole_source
28,7,4,p_89512304c6,hypertrophic_volume_increase,L1,"final volume, jerboa distal metatarsal",23000,fl,multiple,cooper2013,False,contradiction|flow_model|screen|no_dispersion|unread_source|sole_source
28,4,7,p_890fcf5178,hypertrophic_volume_increase,L1,correlation of final hypertrophic volume with elongation rate,0.83,Pearson r,porcine,breur1991,False,contradiction|screen|derivation_word|no_dispersion|unread_source|sole_source
28,7,4,p_15641b1682,physeal_stress_in_vivo,L6,in vivo human physeal stress during gait,not measured,MPa,human,hucke2023,False,contradiction|flow_model|screen|no_dispersion|unread_source|sole_source
28,4,7,p_4d865124f3,statin_ipsc_achondroplasia,L12,genotypes rescued in the iPSC chondrogenic model,2,genotypes,ipsc_derived,yamashita2014,False,contradiction|screen|derivation_word|no_dispersion|unread_source|sole_source
25,5,5,p_ef178c41cf,automated_bone_age_ai,L7,BoneXpert precision on repeat radiograph,0.17,years SD on a single det,human,thodberg2009,False,contradiction|grade_A_B|derivation_word|unread_source|sole_source
25,5,5,p_c6e0cbdad2,bone_age_measurement_error,L7,automated precision on repeat radiograph,0.17,years SD,human,thodberg2009,False,contradiction|grade_A_B|derivation_word|unread_source|sole_source
25,5,5,p_6eb5c2f7de,navepegritide,L12,"apparent elimination half-life, released CNP",5.3,days,human,fda_yuviwel_label_2026,False,contradiction|grade_A_B|derivation_word|unread_source|sole_source
25,5,5,p_b1ae7b09d2,navepegritide,L12,"apparent elimination half-life, navepegritide prodrug",6.7,days,human,fda_yuviwel_label_2026,False,contradiction|grade_A_B|derivation_word|unread_source|sole_source
24,6,4,p_43e2417e4d,achondroplasia,L11,"adult height, females",124,cm,human,merker2018,False,contradiction|grade_A_B|screen|no_dispersion|unread_source|sole_source
24,6,4,p_05f1192d02,achondroplasia,L11,cohort size for the European growth reference,466,children,human,merker2018,False,contradiction|grade_A_B|screen|no_dispersion|unread_source|sole_source
24,6,4,p_26a5a19df4,achondroplasia,L11,individuals measured for the first achondroplasia growth standards,400,individuals,human,horton1978,False,contradiction|grade_A_B|screen|no_dispersion|unread_source|sole_source
24,6,4,p_99d477e999,aggrecan_acan,L5,Fraction of newly synthesised growth plate proteoglycan competent to aggregate,~90,%,bovine,shapses1994,False,contradiction|grade_A_B|screen|no_dispersion|unread_source|sole_source
24,6,4,p_6c245f7af9,aggrecan_acan,L5,Zonal rank order of aggrecan synthesis and breakdown rate,RZ/PZ > upper HZ > lower HZ,rank order of 35S-sulpha,bovine,shapses1994,False,contradiction|grade_A_B|screen|no_dispersion|unread_source|sole_source
24,6,4,p_6acbeb8edd,aggrecan_acan,L5,Aggrecan large-monomer half-life,3.4,years,human,maroudas1998,False,contradiction|grade_A_B|screen|no_dispersion|unread_source|sole_source
24,6,4,p_f3ab9ef53d,aggrecan_acan,L5,Free G1 (hyaluronan-binding region) half-life,25,years,human,maroudas1998,False,contradiction|grade_A_B|screen|no_dispersion|unread_source|sole_source
24,4,6,p_1071db383e,cell_cycle_time_pz,L1,"mean cell cycle time, proliferative zone (derived, not measured)",20,days,human,kember1976,False,contradiction|screen|derivation_word|no_dispersion|unread_source
24,4,6,p_57e0b15a1a,cell_cycle_time_pz,L1,"S phase duration (derived, not measured)",22,h,human,thurston1985,False,contradiction|screen|derivation_word|no_dispersion|sole_source
24,6,4,p_5a5f5974c7,clonal_column,L1,"cells per column, proliferative zone",24,cells,human,kember1976,False,contradiction|grade_A_B|screen|no_dispersion|unread_source|sole_source
24,6,4,p_6b2eaabedf,clonal_column,L1,clonality of postnatal columns,monoclonal,qualitative,mouse,mizuhashi2018,False,contradiction|grade_A_B|screen|no_dispersion|unread_source|sole_source
24,6,4,p_660c9ec309,clonal_column,L1,number of columns analysed in 3D at P40,"737 (distal femur), 512 (proximal tibia)",columns,mouse,rubin2024,False,contradiction|grade_A_B|screen|no_dispersion|unread_source|sole_source
24,6,4,p_fddcb024b6,cnp_protein,L3,"NPPC transcript detection, human growth plate, percentile within array",60-70,percentile,human,gse9160,False,contradiction|grade_A_B|screen|no_dispersion|unread_source|sole_source
24,8,3,p_7fe2e26d6c,distal_femur_plate,L1,cells per proliferative column,28,cells,human,thurston1985,False,contradiction|flow_model|grade_A_B|derivation_word
24,6,4,p_def18e2a21,elongation_budget,L1,contribution of matrix synthesis to elongation,32,% of elongation,rat,wilsman1996,False,contradiction|flow_model|no_dispersion|unread_source|sole_source
24,6,4,p_53c796311c,elongation_budget,L1,contribution of hypertrophic cell enlargement to elongation,59,% of elongation,rat,wilsman1996,False,contradiction|flow_model|no_dispersion|unread_source|sole_source
24,6,4,p_03591cde3d,elongation_budget,L1,contribution of hypertrophic cell enlargement to elongation,44,% of elongation,rat,wilsman1996,False,contradiction|flow_model|no_dispersion|unread_source|sole_source
24,6,4,p_30bbb4b516,elongation_budget,L1,contribution of matrix synthesis to elongation,49,% of elongation,rat,wilsman1996,False,contradiction|flow_model|no_dispersion|unread_source|sole_source
24,6,4,p_dca0355e09,elongation_budget,L1,new chondrocytes produced per day per growth plate,16400,cells/day,rat,wilsman1996,False,contradiction|flow_model|no_dispersion|unread_source|sole_source
24,6,4,p_84a65d40e1,elongation_budget,L1,new chondrocytes produced per day per growth plate,3700,cells/day,rat,wilsman1996,False,contradiction|flow_model|no_dispersion|unread_source|sole_source
24,6,4,p_fbc222dbed,epiphyseal_fusion,L7,number of human growth plates reported histologically at the moment of fusion,1,specimens,human,emons2009,False,contradiction|grade_A_B|screen|no_dispersion|unread_source|sole_source
24,6,4,p_20dc43fa7b,fgfr3_tyrosine_kinase_inhibitor,L12,"infigratinib IC50, FGFR3 K650E (thanatophoric dysplasia type II allele)",0.5,nM,in_vitro_human_cell,ryu2022,False,contradiction|grade_A_B|screen|no_dispersion|unread_source|sole_source
24,6,4,p_1cc0ce860f,fgfr3_tyrosine_kinase_inhibitor,L12,"infigratinib IC50, FGFR3 K650M (SADDAN allele)",44.4,nM,in_vitro_human_cell,ryu2022,False,contradiction|grade_A_B|screen|no_dispersion|unread_source|sole_source
24,6,4,p_fa5414c6ff,fgfr3_tyrosine_kinase_inhibitor,L12,"infigratinib IC50, FGFR3 V555M gatekeeper mutant",505.9,nM,in_vitro_human_cell,ryu2022,False,contradiction|grade_A_B|screen|no_dispersion|unread_source|sole_source
24,6,4,p_d25c0b63b2,fgfr3_tyrosine_kinase_inhibitor,L12,"infigratinib IC50, FGFR3, microfluidic mobility shift assay",1.0,nM,in_vitro_human_cell,chembl_infigratinib,False,contradiction|grade_A_B|screen|no_dispersion|unread_source|sole_source
24,6,4,p_bd4172cdb5,glucocorticoid_cortisol,L4,local dexamethasone dose rate used,80,ng/uL at 1 uL/h,rabbit,baron1992,False,contradiction|grade_A_B|screen|no_dispersion|unread_source|sole_source
24,6,4,p_a6d22c757d,glucocorticoid_cortisol,L4,effect of chondrocyte-specific inducible GR deletion on long bone length and growth plate ,0,% (no detectable differe,mouse,tu2014,False,contradiction|grade_A_B|screen|no_dispersion|unread_source|sole_source
24,6,4,p_b512e646ec,igf1_systemic,L4,reduction in serum IGF-1 after hepatocyte-specific Igf1 deletion,75,%,mouse,sjgren1999,False,contradiction|grade_A_B|screen|no_dispersion|unread_source|sole_source
24,6,4,p_84272cbb65,meclizine_repurposing,L12,effective dose in the achondroplasia mouse model,2,mg/kg/day,mouse,funahashi2024,False,contradiction|grade_A_B|screen|no_dispersion|unread_source|sole_source
24,6,4,p_3bf5617f60,npr2_receptor,L3,"BrdU-positive chondrocyte index, cartilage-specific Npr2 knockout vs control",significantly reduced,% of nuclei in prolifera,mouse,nakao2015,False,contradiction|grade_A_B|screen|no_dispersion|unread_source|sole_source
24,6,4,p_64f90a1b4c,npr2_receptor,L3,"Npr3 (clearance receptor) mRNA induction by CNP, hypertrophic zone",16,fold,mouse,agoston2007,False,contradiction|grade_A_B|screen|no_dispersion|unread_source|sole_source
24,6,4,p_420a39dd17,npr2_receptor,L3,"femur length, cartilage-specific Npr2 knockout vs control",45.3,% of control,mouse,nakao2015,False,contradiction|grade_A_B|screen|no_dispersion|unread_source|sole_source
24,6,4,p_5e5082d3ac,npr2_receptor,L3,"adult height, untreated biallelic NPR2 loss of function (AMDM), literature average",120,cm,human,arya2020,False,contradiction|grade_A_B|screen|no_dispersion|unread_source|sole_source
24,6,4,p_d9010f4fb4,npr2_receptor,L3,prevalence of heterozygous NPR2 loss of function among idiopathic short stature,6,%,human,vasques2013,False,contradiction|grade_A_B|screen|no_dispersion|unread_source|sole_source
24,6,4,p_d53c18ef96,npr2_receptor,L3,prevalence of NPR2 haploinsufficiency among idiopathic short stature,0 to 3.8,%,human,wang2015,False,contradiction|grade_A_B|screen|no_dispersion|unread_source|sole_source
24,6,4,p_13aaeefc45,oxygen_gradient_growth_plate,L1,measured oxygen tension in human growth plate zones,not measured,mmHg,human,brighton1971,False,contradiction|flow_model|no_dispersion|unread_source|sole_source
24,6,4,p_10a959d657,pi_ppi_ratio,L5,Ca x P ion product needed for in vitro mineralization of connective tissue,2,mM^2,not_applicable,althoff1982,False,contradiction|grade_A_B|screen|no_dispersion|unread_source|sole_source
24,6,4,p_bb7bb47f1d,pi_ppi_ratio,L5,Growth plate extracellular Ca x P ion product relative to that threshold,much greater than 1,"fold above threshold, in",porcine,althoff1982,False,contradiction|grade_A_B|screen|no_dispersion|unread_source|sole_source
24,6,4,p_edf346dc64,pi_ppi_ratio,L5,Relative Pi requirement for terminal differentiation versus apoptosis of growth plate chon,apoptosis requires higher Pi than differ,rank order of concentrat,rat,kim2010,False,contradiction|grade_A_B|screen|no_dispersion|unread_source|sole_source
24,6,4,p_54be818d14,runx2_tf,L3,Limb length reduction with Runx2/Runx3 gene dose,dose-dependent,qualitative ordering acr,mouse,yoshida2004,False,contradiction|grade_A_B|screen|no_dispersion|unread_source|sole_source
24,6,4,p_180f902099,soluble_fgfr3_decoy,L12,"participants enrolled before termination, phase 2 plus extension",95,participants,human,nct05116046,False,contradiction|grade_A_B|screen|no_dispersion|unread_source|sole_source
24,6,4,p_6c95d2501e,soluble_fgfr3_decoy,L12,recifercept concentration achieved in growth plate cartilage,not measured,not applicable,not_applicable,nct04638153,False,contradiction|grade_A_B|screen|no_dispersion|unread_source|sole_source
24,6,4,p_ed2678d152,thyroid_hormone_t3,L4,"time to induction of alkaline phosphatase, collagen X mRNA and matrix by T3",7,days,rat,robson2000,False,contradiction|grade_A_B|screen|no_dispersion|unread_source|sole_source
24,6,4,p_5c6521cbed,tnap_alpl,L5,Plasma TNAP activity in Alpl-/- mice,<1,% of wild type,mouse,fedde1999,False,contradiction|grade_A_B|screen|no_dispersion|unread_source|sole_source
24,6,4,p_2fbb4d030f,tnap_alpl,L5,Age at radiographic onset of skeletal disease in Alpl-/- mice,~10,days,mouse,fedde1999,False,contradiction|grade_A_B|screen|no_dispersion|unread_source|sole_source
24,6,4,p_d7a5582982,tnap_alpl,L5,"Survival of ventilator-dependent infants, treated vs historical",76 (16/21) vs 5 (1/20),%,human,whyte2016,False,contradiction|grade_A_B|screen|no_dispersion|unread_source|sole_source
21,3,7,p_d9e97ca829,appositional_growth,L1,expansion-to-elongation ratio,0.18,dimensionless ratio,mouse,rubin2024,False,contradiction|derivation_word|no_dispersion|unread_source|sole_source
21,3,7,p_33314957b9,blomstrand_chondrodysplasia,L11,PTH-induced inositol phosphate accumulation in the exon M5 splice mutant,not detectable,not_applicable,in_vitro_animal_cell,jobert1998,False,grade_A_B|screen|derivation_word|no_dispersion|unread_source|sole_source
21,7,3,p_ab0e23b3fc,cell_cycle_time_pz,L1,"mean cell cycle time, proliferative zone (derived, not measured)",15,days,human,thurston1985,False,contradiction|flow_model|screen|derivation_word
21,3,7,p_eeef37917e,cnp_analog_pk_challenge,L12,"mean apparent plasma half-life, CNP released from navepegritide",5.3,days,human,fda_yuviwel_label_2026,False,contradiction|derivation_word|no_dispersion|unread_source|sole_source
21,3,7,p_f23eb84f09,elongation_budget,L1,contribution of cell division to elongation,7,% of elongation,rat,wilsman1996,False,contradiction|derivation_word|no_dispersion|unread_source|sole_source
21,3,7,p_314b568edd,gymnastics_stature_effect,L6,peak height velocity in competitive gymnasts (advanced and intermediate),6.2-6.4,cm/yr,human,daly2005,False,contradiction|derivation_word|no_dispersion|unread_source|sole_source
21,3,7,p_b373cf8ff8,human_growth_plate_tissue_scarcity,L13,ratio of mouse to human GEO growth plate records,6.5,ratio,multiple,geo_census_20260805,False,grade_A_B|screen|derivation_word|no_dispersion|unread_source|sole_source
21,3,7,p_6612661fac,human_skeletal_stem_cell,L2,mSSC/mBCSP-specific genes used to build the human orthologue score,76,genes,human,chan2018,False,contradiction|derivation_word|no_dispersion|unread_source|sole_source
21,3,7,p_6533aaa0e4,mouse_model_translation_risk,L13,"proliferative chondrocyte cycle time, rodent vs human",2 vs 20,days,multiple,kember1976,False,grade_A_B|screen|derivation_word|no_dispersion|unread_source|sole_source
21,3,7,p_2e444f3747,testosterone_hormone,L4,morning testosterone in boys with <4% of pubertal growth remaining,>10,nmol/L,human,albin2013,False,grade_A_B|screen|derivation_word|no_dispersion|unread_source|sole_source
20,5,4,p_ee548aa4cd,ankh_transporter,L5,Extracellular PPi increase on ANKH expression in ENPP1-deficient HEK293 cells,0,detectable increase,in_vitro_human_cell,szeri2022,False,contradiction|grade_A_B|no_dispersion|unread_source|sole_source
20,5,4,p_965d4e1017,ankh_transporter,L5,Fraction of mouse bone PPi attributable to Ank activity (older estimate),~75,%,mouse,szeri2022,False,contradiction|grade_A_B|no_dispersion|unread_source|sole_source
20,5,4,p_2d1973b2ff,ankh_transporter,L5,Fraction of plasma PPi from ANKH,~25,%,mouse,szeri2022,False,contradiction|grade_A_B|no_dispersion|unread_source|sole_source
20,5,4,p_fa539a0b22,automated_bone_age_ai,L7,"best deep-learning mean absolute deviation, RSNA challenge",4.2,months,human,halabi2019,False,contradiction|grade_A_B|no_dispersion|unread_source|sole_source
20,5,4,p_c62980389a,automated_bone_age_ai,L7,agreement of BoneXpert and VUNO Med-Bone Age with manual GP reading,0.994-0.995,intraclass correlation c,human,zmen2025,False,contradiction|grade_A_B|no_dispersion|unread_source|sole_source
20,5,4,p_349645d961,bone_age_measurement_error,L7,"interobserver spread, GP versus TW2",0.96 versus 0.74,years,human,king1994,False,contradiction|grade_A_B|no_dispersion|unread_source|sole_source
20,5,4,p_9cd9abdd2e,bone_age_measurement_error,L7,"intra-observer 95% limits of agreement, GP versus TW2",-2.46 to +2.18 versus -1.41 to +1.43,years,human,bull1999,False,contradiction|grade_A_B|no_dispersion|unread_source|sole_source
20,5,4,p_a15efd3f36,cartilage_osmotic_swelling,L5,Measured cartilage osmotic swelling pressure relative to ideal Donnan prediction,~0.33,fold,multiple,zimmerman2021,False,contradiction|grade_A_B|no_dispersion|unread_source|sole_source
20,5,4,p_7f6c7a42d7,collagen_type_ii,L5,Collagen as fraction of adult articular cartilage dry mass,~66,% dry weight,human,eyre2002,False,contradiction|grade_A_B|no_dispersion|unread_source|sole_source
20,5,4,p_f1d6f83d38,collagen_type_ii,L5,"Collagen II mass fraction of fibrillar collagen, adult articular cartilage",>=90,%,human,eyre2002,False,contradiction|grade_A_B|no_dispersion|unread_source|sole_source
20,5,4,p_755aa961ba,collagen_type_ix,L5,"Collagen IX mass fraction, young growth cartilage",>=10,% of fibrillar collagen,bovine,eyre2002,False,contradiction|grade_A_B|no_dispersion|unread_source|sole_source
20,5,4,p_307343dd9e,collagen_type_ix,L5,"Collagen IX mass fraction, adult articular cartilage",~1,% of fibrillar collagen,human,eyre2002,False,contradiction|grade_A_B|no_dispersion|unread_source|sole_source
20,5,4,p_64989884fd,collagen_type_ix,L5,Identified covalent crosslinking sites within the collagen IX molecule,>=6,sites per molecule,bovine,eyre2002,False,contradiction|grade_A_B|no_dispersion|unread_source|sole_source
20,5,4,p_f64204c19c,collagen_type_ix,L5,Age at onset of degenerative joint disease in Col9a1-null mice,4,months,mouse,fssler1994,False,contradiction|grade_A_B|no_dispersion|unread_source|sole_source
20,5,4,p_fec7ae242e,collagen_type_x,L5,Effect of homozygous Col10a1 deletion on long bone length in mouse,0,detectable difference re,mouse,rosati1994,False,contradiction|grade_A_B|no_dispersion|unread_source|sole_source
20,5,4,p_821e7a225f,collagen_type_x,L5,"Growth plate width, Col10a1-null vs control",-14,% of control,mouse,gress2000,False,contradiction|grade_A_B|no_dispersion|unread_source|sole_source
20,5,4,p_d7b2b99636,collagen_type_x,L5,Total lethality of Col10a1-null mice,14,%,mouse,gress2000,False,contradiction|grade_A_B|no_dispersion|unread_source|sole_source
20,5,4,p_827fc44d08,collagen_type_x,L5,Effect of COL10A1-/- on hypertrophic differentiation markers of human iPSC chondrocytes,0,detectable difference in,ipsc_derived,kamakura2023,False,contradiction|grade_A_B|no_dispersion|unread_source|sole_source
20,5,4,p_9a693366fe,collagen_type_x,L5,Bone-area fraction of transplanted proliferating-stage COL10A1-/- iPSC chondrocyte pellets,increased,proportion of tissue are,ipsc_derived,kamakura2023,False,contradiction|grade_A_B|no_dispersion|unread_source|sole_source
20,5,4,p_3aad89bf28,collagen_type_xi,L5,"Collagen XI mass fraction, young growth cartilage",>=10,% of fibrillar collagen,bovine,eyre2002,False,contradiction|grade_A_B|no_dispersion|unread_source|sole_source
20,5,4,p_d1da6f1cd1,collagen_type_xi,L5,"Collagen XI mass fraction, adult articular cartilage",~3,% of fibrillar collagen,human,eyre2002,False,contradiction|grade_A_B|no_dispersion|unread_source|sole_source
20,5,4,p_5c665928f7,collagen_type_xi,L5,Maximum collagen II:XI molar ratio preserving 20 nm fibril diameter,8,mol:mol,in_vitro_animal_cell,blaschke2000,False,contradiction|grade_A_B|no_dispersion|unread_source|sole_source
20,5,4,p_f9063cae8f,collagen_type_xi,L5,alpha1(V):alpha1(XI) ratio in the collagen XI fraction of mature articular cartilage,~1,mol:mol,human,eyre2002,False,contradiction|grade_A_B|no_dispersion|unread_source|sole_source
20,5,4,p_211315a9ad,collagen_type_xi,L5,Fibril diameter carrying collagen XI in human growth plate,<25,nm,human,keene1995,False,contradiction|grade_A_B|no_dispersion|unread_source|sole_source
20,5,4,p_ebf352bf98,distal_femur_plate,L1,mean growth rate,1.4,cm/year,human,kember1976,False,contradiction|grade_A_B|no_dispersion|unread_source|sole_source
20,5,4,p_65ce48fcb8,enpp1_enzyme,L5,"Bone PPi content, Enpp1-/- versus wild-type mouse",<2.5,% of wild type,mouse,szeri2022,False,contradiction|grade_A_B|no_dispersion|unread_source|sole_source
20,5,4,p_409c8f7929,enpp1_enzyme,L5,"Relative severity of hypermineralization, Enpp1-/- versus ank/ank",Enpp1-/- > ank/ank,rank order,mouse,harmey2004,False,contradiction|grade_A_B|no_dispersion|unread_source|sole_source
20,5,4,p_6facbf8ad7,growth_plate_drug_exposure,L12,agents in layer L12 with a published growth plate tissue concentration measurement,0,agents out of 12 audited,multiple,matsuoka2025,False,contradiction|grade_A_B|no_dispersion|unread_source|sole_source
20,5,4,p_f45f3bff19,growth_velocity_longitudinal,L1,fraction of lamb tibial elongation occurring during recumbency,90,% or more,ovine,noonan2004,False,contradiction|grade_A_B|no_dispersion|unread_source|sole_source
20,5,4,p_d09ae3adee,growth_velocity_measurement_interval,L13,conventional minimum interval for stadiometric height velocity,6,months,human,ahmed1995,False,contradiction|grade_A_B|no_dispersion|unread_source|sole_source
20,5,4,p_8a5deff4af,growth_velocity_measurement_interval,L13,temporal resolution required to test the saltation-and-stasis model,daily to sub-weekly,interval,human,lampl1992,False,contradiction|grade_A_B|no_dispersion|unread_source|sole_source
20,5,4,p_07acd8f188,guided_growth_tension_band,L6,site distribution of modulations,55.4 distal femur / 44.6 proximal tibia,%,human,tolk2026,False,contradiction|grade_A_B|no_dispersion|unread_source|sole_source
20,5,4,p_e1231e4a67,inorganic_pyrophosphate,L5,Urinary inorganic pyrophosphate,>10,umol/L,human,milln2016,False,contradiction|grade_A_B|no_dispersion|unread_source|sole_source
20,5,4,p_ace42fbfb3,inorganic_pyrophosphate,L5,Bone PPi content in Enpp1-/- mice relative to wild type,<2.5,% of wild type,mouse,szeri2022,False,contradiction|grade_A_B|no_dispersion|unread_source|sole_source
20,5,4,p_1043644aac,inorganic_pyrophosphate,L5,Fraction of plasma PPi attributable to ANKH-mediated NTP efflux,~25,%,mouse,szeri2022,False,contradiction|grade_A_B|no_dispersion|unread_source|sole_source
20,5,4,p_1343d3d0cf,inorganic_pyrophosphate,L5,Plasma PPi in Alpl-/- mice and in human hypophosphatasia,raised,"qualitative direction, m",multiple,fedde1999,False,contradiction|grade_A_B|no_dispersion|unread_source|sole_source
20,5,4,p_941928d41a,menarche_growth_remaining,L7,variance in menarcheal age explained by data available at start of pubertal growth,44,percent,human,grdstedtbergho2024,False,contradiction|grade_A_B|no_dispersion|unread_source|sole_source
20,5,4,p_f92c859455,menarche_growth_remaining,L7,narrowing of 95% adult height prediction interval with menarcheal status,"plus or minus 5 (premenarcheal, age 12) ",cm,human,tanner1975,False,contradiction|grade_A_B|no_dispersion|unread_source|sole_source
20,5,4,p_65d51a4ebc,mineralization_front,L5,Extracellular sulphur (sulphated proteoglycan proxy) across the mineralization front,3.5 -> 0.3,% dry mass,porcine,althoff1982,False,contradiction|grade_A_B|no_dispersion|unread_source|sole_source
20,5,4,p_a18eb6ba8f,mmp13_protease,L5,Hypertrophic zone size in Mmp13-null mice,markedly increased,qualitative; fold not st,mouse,inada2004,False,contradiction|grade_A_B|no_dispersion|unread_source|sole_source
20,5,4,p_ddb7f58a17,navepegritide,L12,steady-state plasma Cmax of released CNP,36.0,pmol/L,human,fda_yuviwel_label_2026,False,contradiction|grade_A_B|no_dispersion|unread_source|sole_source
20,5,4,p_4498c49403,navepegritide,L12,estimated concentration of released CNP at the growth plate,not measured,not applicable,not_applicable,fda_yuviwel_label_2026,False,contradiction|grade_A_B|no_dispersion|unread_source|sole_source
20,5,4,p_1ba6502180,npr2_agonist_class,L12,"relative risk of injection site reaction, class vs placebo",1.65,relative risk,human,kamrulhasan2026,False,contradiction|grade_A_B|no_dispersion|unread_source|sole_source
20,5,4,p_ec42ddc32f,population_variation_fusion,L7,advancement of epiphyseal union in Bosnian versus North American males,at least 2,years earlier,human,schaefer2005,False,contradiction|grade_A_B|no_dispersion|unread_source|sole_source
20,4,5,p_1605e2d9d4,pthrp_positive_resting_chondrocyte,L2,Long-term self-renewing fraction of PTHrP+ colony-forming cells,2-3,%,mouse,mizuhashi2018,False,contradiction|screen|derivation_word|unread_source|sole_source
20,5,4,p_0a0ff4a306,remaining_growth_prediction,L7,"95% prediction interval for adult height, TW Mark I, boys aged 4-12",plus or minus 7,cm,human,tanner1975,False,contradiction|grade_A_B|no_dispersion|unread_source|sole_source
20,5,4,p_abc896103a,remaining_growth_prediction,L7,"95% prediction interval for adult height, TW Mark I, postmenarcheal girls aged 13",plus or minus 3,cm,human,tanner1975,False,contradiction|grade_A_B|no_dispersion|unread_source|sole_source
20,5,4,p_eea7869d81,remaining_growth_prediction,L7,"95% prediction interval for adult height, TW Mark II, boys aged 10 and 15",plus or minus 8 at age 10; plus or minus,cm,human,tanner1983,False,contradiction|grade_A_B|no_dispersion|unread_source|sole_source
20,5,4,p_8e50b72ea7,remaining_growth_prediction,L7,increase in prediction error from omitting skeletal age entirely,only slightly larger than the skeletal-a,qualitative comparison o,human,khamis1994,False,contradiction|grade_A_B|no_dispersion|unread_source|sole_source
20,5,4,p_247339cc52,site_specific_growth_rate,L1,number of independent chondrocytic variables involved in differential growth,8,variables,rat,wilsman1996,False,contradiction|grade_A_B|no_dispersion|unread_source|sole_source
20,5,4,p_5359af0730,site_specific_growth_rate,L1,age at which differential growth first appears,postnatal,qualitative,rat,wilsman2008,False,contradiction|grade_A_B|no_dispersion|unread_source|sole_source
20,5,4,p_142907b5c3,vosoritide,L12,"randomised participants, pivotal phase 3",121,participants,human,savarirayan2020,False,contradiction|grade_A_B|no_dispersion|unread_source|sole_source
20,5,4,p_66fa45ef3a,vosoritide,L12,"dose, pivotal phase 3",15.0,ug/kg/day,human,savarirayan2020,False,contradiction|grade_A_B|no_dispersion|unread_source|sole_source
18,3,6,p_28e930a78d,terminal_cell_shape_modulation,L1,"orientation bias of the shape estimators, by zone",hypertrophic width biased HIGH and heigh,direction only,rat,cruzorive1986,False,contradiction|derivation_word|no_dispersion|sole_source
18,6,3,p_c8b35c61f3,zonal_stiffness_gradient,L5,Axial stiffness of proliferative and hypertrophic zones relative to reserve zone,0.5,"fold (PZ,HZ relative to ",porcine,sergerie2009,False,contradiction|flow_model|no_dispersion|sole_source
18,6,3,p_1fbf4533c0,zonal_stiffness_gradient,L5,Transverse stiffness of proliferative and hypertrophic zones relative to reserve zone,0.33,fold (about three times ,porcine,sergerie2009,False,contradiction|flow_model|no_dispersion|sole_source
16,4,4,p_15d5bf3745,cell_cycle_time_pz,L1,"total cell cycle time, proliferative zone",34.0,h,rat,wilsman1996a,False,contradiction|screen|no_dispersion|unread_source|sole_source
16,4,4,p_82e6b0c61f,cell_cycle_time_pz,L1,G2 phase duration,3.0,h,rat,wilsman1996a,False,contradiction|screen|no_dispersion|unread_source|sole_source
16,4,4,p_5d9608c767,cell_cycle_time_pz,L1,"mean cell cycle time, proliferative zone (lower bound, author-stated)",16,days,human,kember1976,False,contradiction|screen|no_dispersion|unread_source|sole_source
16,4,4,p_a6b14ffa02,cell_cycle_time_pz,L1,"growth fraction, proliferative zone",0.89-0.99,fraction,rat,wilsman1996,False,contradiction|screen|no_dispersion|unread_source|sole_source
16,4,4,p_c42d0fc4ca,cell_cycle_time_pz,L1,"mean cell cycle time, proliferative zone",2,days,rat,kember1976,False,contradiction|screen|no_dispersion|unread_source|sole_source
16,4,4,p_04cfeb7a63,chondrocyte_column_formation,L1,tolerance of a column for incomplete rotations,60,% of divisions,mouse,rubin2024,False,contradiction|screen|no_dispersion|unread_source|sole_source
16,4,4,p_03f0622ad2,clonal_exhaustion,L2,Time at which labelled column number plateaus after a single P6 pulse,6,months of chase,mouse,mizuhashi2018,False,contradiction|screen|no_dispersion|unread_source|sole_source
16,4,4,p_79e3d536b4,clonal_exhaustion,L2,FoxA2+ colonies surviving to passage 9+ vs PTHrP+ colonies to passage 5,8.9 vs 1.4,% of colonies,mouse,muruganandan2022,False,contradiction|screen|no_dispersion|unread_source|sole_source
16,4,4,p_d288125505,foxa2_resting_chondrocyte,L2,FoxA2+/PTHrP+ double-positive cells at P40 after P13-P17 pulse,0.1,% of sorted cells,mouse,muruganandan2022,False,contradiction|screen|no_dispersion|unread_source|sole_source
16,4,4,p_d4807304b3,foxa2_resting_chondrocyte,L2,FoxA2+ cells located within growth plate cartilage (rest inside SOC),75,%,mouse,muruganandan2022,False,contradiction|screen|no_dispersion|unread_source|sole_source
16,8,2,p_75b3d4fa3b,growth_velocity_longitudinal,L1,distal femoral contribution to femoral growth after age 7,1.3,cm/year,human,pritchett1992,False,contradiction|flow_model|grade_A_B|unread_source|sole_source
16,4,4,p_8ff89f1dc4,hueter_volkmann_law,L6,growth of distracted rat tail vertebra,113,% of control,rat,stokes2002,False,contradiction|screen|no_dispersion|unread_source|sole_source
16,4,4,p_7bf51d7401,hueter_volkmann_law,L6,hypertrophic chondrocyte height under sustained compression,85,% of control,rat,stokes2002,False,contradiction|screen|no_dispersion|unread_source|sole_source
16,4,4,p_33fc81e421,hypertrophic_chondrocyte,L1,"final volume, fast plate",14000,fl,mouse,cooper2013,False,contradiction|screen|no_dispersion|unread_source|sole_source
16,4,4,p_fd22d11d53,hypertrophic_chondrocyte,L1,"dry mass density, small prehypertrophic cells",0.183,pg/fl,mouse,cooper2013,False,contradiction|screen|no_dispersion|unread_source|sole_source
16,4,4,p_2d0362f062,hypertrophic_chondrocyte,L1,"dry mass density, largest hypertrophic cells",0.07,pg/fl,mouse,cooper2013,False,contradiction|screen|no_dispersion|unread_source|sole_source
16,4,4,p_d3886603e3,hypertrophic_chondrocyte,L1,"mean cell volume increase, proliferative to late hypertrophic",10,fold,rat,hunziker1987,False,contradiction|screen|no_dispersion|unread_source|sole_source
16,4,4,p_b8961dc0fe,hypertrophic_chondrocyte,L1,correlation of final volume with elongation rate,0.98,Pearson r,rat,breur1991,False,contradiction|screen|no_dispersion|unread_source|sole_source
16,4,4,p_b5848c69d3,hypertrophic_chondrocyte,L1,correlation of final volume with elongation rate,0.83,Pearson r,porcine,breur1991,False,contradiction|screen|no_dispersion|unread_source|sole_source
16,4,4,p_6428928e19,hypertrophic_volume_increase,L1,chondrocyte volume at start of enlargement,600,fl,mouse,cooper2013,False,contradiction|screen|no_dispersion|unread_source|sole_source
16,4,4,p_9baf611316,hypertrophic_volume_increase,L1,"dry mass density, phase 1 (true hypertrophy)",0.183,pg/fl,mouse,cooper2013,False,contradiction|screen|no_dispersion|unread_source|sole_source
16,4,4,p_2dadde9b98,hypertrophic_volume_increase,L1,volume at end of phase 1,2000,fl,mouse,cooper2013,False,contradiction|screen|no_dispersion|unread_source|sole_source
16,4,4,p_46f652dce8,hypertrophic_volume_increase,L1,volume at end of phase 2 (swelling),8000,fl,mouse,cooper2013,False,contradiction|screen|no_dispersion|unread_source|sole_source
16,4,4,p_2f18341d37,hypertrophic_volume_increase,L1,dry mass density at end of phase 2,0.07,pg/fl,mouse,cooper2013,False,contradiction|screen|no_dispersion|unread_source|sole_source
16,4,4,p_89c414f3af,hypertrophic_volume_increase,L1,fall in dry mass density in the largest cells,60,% reduction,mouse,cooper2013,False,contradiction|screen|no_dispersion|unread_source|sole_source
16,4,4,p_c45f5b01db,hypertrophic_volume_increase,L1,"final volume, mouse distal metatarsal",8000,fl,mouse,cooper2013,False,contradiction|screen|no_dispersion|unread_source|sole_source
16,4,4,p_1621d083ec,hypertrophic_volume_increase,L1,"hypertrophic cell height increase, jerboa vs mouse metatarsal",58,% taller,multiple,cooper2013,False,contradiction|screen|no_dispersion|unread_source|sole_source
16,4,4,p_b179c2b9ff,hypertrophic_volume_increase,L1,"final volume, Igf1-deficient",7000,fl,mouse,cooper2013,False,contradiction|screen|no_dispersion|unread_source|sole_source
16,4,4,p_98efb5a0a6,hypertrophic_volume_increase,L1,"reduction in hypertrophic cell height, Igf1 null",30,% shorter,mouse,cooper2013,False,contradiction|screen|no_dispersion|unread_source|sole_source
16,4,4,p_c0106ca13e,hypertrophic_volume_increase,L1,time to triple cell height after leaving the proliferative pool,12,h,mouse,cooper2013,False,contradiction|screen|no_dispersion|unread_source|sole_source
16,4,4,p_3dcf8ae517,hypertrophic_volume_increase,L1,dwell time at terminal size before chondro-osseous junction turnover,12,h,mouse,cooper2013,False,contradiction|screen|no_dispersion|unread_source|sole_source
16,4,4,p_55ee23cda8,hypertrophic_volume_increase,L1,"mean cell height increase, proliferative to late hypertrophic",4,fold,rat,hunziker1987,False,contradiction|screen|no_dispersion|unread_source|sole_source
16,4,4,p_e4f8276851,hypertrophic_volume_increase,L1,"mean cell volume increase, proliferative to late hypertrophic",10,fold,rat,hunziker1987,False,contradiction|screen|no_dispersion|unread_source|sole_source
16,4,4,p_c4863ad98d,hypertrophic_volume_increase,L1,mean matrix volume per cell increase,3,fold,rat,hunziker1987,False,contradiction|screen|no_dispersion|unread_source|sole_source
16,4,4,p_f8c7b0734c,hypertrophic_volume_increase,L1,correlation of final hypertrophic volume with elongation rate,0.98,Pearson r,rat,breur1991,False,contradiction|screen|no_dispersion|unread_source|sole_source
16,4,4,p_3d1230c3ae,infigratinib_growth,L12,daily oral dose in the phase 3 trial,0.25,mg/kg/day,human,savarirayan2026infig,False,contradiction|screen|no_dispersion|unread_source|sole_source
16,4,4,p_772b326afe,infigratinib_growth,L12,infigratinib concentration achieved within growth plate cartilage,not measured,not applicable,not_applicable,savarirayan2026infig,False,contradiction|screen|no_dispersion|unread_source|sole_source
16,4,4,p_240020bb1d,pkg2_kinase,L3,"Prkg2 mRNA enrichment, hypertrophic vs resting/proliferative zone",4.4,fold,mouse,agoston2007,False,contradiction|screen|no_dispersion|unread_source|sole_source
16,4,4,p_3ec1acfa54,pkg2_kinase,L3,"Prkg1 (cGKI) mRNA enrichment, hypertrophic vs resting/proliferative zone",5.9,fold,mouse,agoston2007,False,contradiction|screen|no_dispersion|unread_source|sole_source
16,4,4,p_0883079744,pthrp_positive_resting_chondrocyte,L2,PTHrP-creER colonies forming secondary colonies (P9 pulse),3.3,% (17/518 clones),mouse,mizuhashi2018,False,contradiction|screen|no_dispersion|unread_source|sole_source
16,4,4,p_f391bac4bf,pthrp_positive_resting_chondrocyte,L2,PTHrP-creER colonies forming secondary colonies (P12 pulse),16.3,% (16/98 clones),mouse,mizuhashi2018,False,contradiction|screen|no_dispersion|unread_source|sole_source
16,4,4,p_029cd6ae2f,pthrp_positive_resting_chondrocyte,L2,In vivo adipocyte output of PTHrP-creER lineage,0,LipidTOX+ cells / 443 sc,mouse,mizuhashi2018,False,contradiction|screen|no_dispersion|unread_source|sole_source
16,8,2,p_8a1d1c6c9c,site_specific_growth_rate,L1,distal femoral share of femoral growth,70,% of femoral length,human,pritchett1992,False,contradiction|flow_model|grade_A_B|unread_source|sole_source
16,8,2,p_9325eb32b4,site_specific_growth_rate,L1,proximal tibial share of tibial growth,57,% of tibial length,human,pritchett1992,False,contradiction|flow_model|grade_A_B|unread_source|sole_source
16,8,2,p_d2af0e126c,site_specific_growth_rate,L1,proximal humeral share of humeral growth,80,% of humeral length,human,pritchett1991,False,contradiction|flow_model|grade_A_B|unread_source|sole_source
16,8,2,p_c00ef87c0d,site_specific_growth_rate,L1,distal radial share of radial growth,80,% of radial length,human,pritchett1991,False,contradiction|flow_model|grade_A_B|unread_source|sole_source
16,4,4,p_0abddf9223,static_vs_dynamic_loading,L6,applied strain in matched static vs dynamic explant compression,10 static vs 7-13 dynamic,% compressive strain,porcine,sergerie2011,False,contradiction|screen|no_dispersion|unread_source|sole_source
16,4,4,p_5eaaa5f20b,statin_ipsc_achondroplasia,L12,human clinical trials of a statin for linear growth in FGFR3 skeletal dysplasia,0,trials with reported gro,human,yamashita2014,False,contradiction|screen|no_dispersion|unread_source|sole_source
15,3,5,p_dc4a666858,aromatase_inhibitor_anastrozole,L12,"gain in predicted adult height over 3 years, anastrozole arm",+1.3,cm,human,zegarra2024,False,grade_A_B|screen|derivation_word|unread_source|sole_source
15,3,5,p_812ecfe882,aromatase_inhibitor_letrozole,L12,"gain in predicted adult height over 3 years, letrozole and anastrozole arms combined",+1.3,cm,human,zegarra2024,False,grade_A_B|screen|derivation_word|unread_source|sole_source
15,3,5,p_7feae5998c,cnp_analog_pk_challenge,L12,"ratio of exposure duration, navepegritide-released CNP to vosoritide",~300,fold,human,fda_yuviwel_label_2026,False,contradiction|derivation_word|unread_source|sole_source
15,3,5,p_61dbb75e75,growth_hormone,L4,fraction of 24-h GH output that is pulsatile rather than basal,88,%,human,van2016,False,grade_A_B|screen|derivation_word|unread_source|sole_source
15,3,5,p_f02977fe94,infection_burden_growth,L10,serum IGF-1 difference associated with a positive malaria test,-4.7,ug/L,human,madigan2026,False,grade_A_B|screen|derivation_word|unread_source|sole_source
15,3,5,p_3a0facbb4e,inhaled_corticosteroid_growth,L12,"difference in adult height, budesonide versus placebo",-1.2,cm,human,kelly2012,False,grade_A_B|screen|derivation_word|unread_source|sole_source
15,3,5,p_da2c0da0ec,inhaled_corticosteroid_growth,L12,dose-response of adult height to inhaled glucocorticoid in the first 2 years,-0.1,cm per ug/kg/day,human,kelly2012,False,grade_A_B|screen|derivation_word|unread_source|sole_source
15,5,3,p_e0ba1f702a,proliferative_zone,L1,direction of proliferative zone height change with age,decreasing,qualitative,human,byers2000,False,flow_model|grade_A_B|no_dispersion|sole_source
15,3,5,p_d61c40330e,terminal_cell_shape_modulation,L1,correlation of mean hypertrophic cell height with mechanically modulated growth rate,0.41,Pearson r,rat,stokes2002a,False,contradiction|derivation_word|unread_source|sole_source
15,3,5,p_ff00452822,wolff_law,L6,"bone modelling threshold (mechanostat), peak strain",1000-1500,microstrain,multiple,frost2004,False,contradiction|derivation_word|unread_source|sole_source
14,7,2,p_69f9e770de,cell_cycle_time_pz,L1,"total cell cycle time, proliferative zone",76.3,h,rat,wilsman1996a,False,contradiction|flow_model|screen|unread_source|sole_source
14,2,7,p_8c246bcb89,dental_development_clock,L9,dissociation between bone age delay and dental age delay in GHD,1.68,years,human,torliskawalkow2026,False,grade_A_B|derivation_word|no_dispersion|unread_source|sole_source
14,2,7,p_8b800f531b,geo_accession_inventory,L13,mouse-to-human ratio of growth plate GEO records,6.5,ratio,multiple,geo_census_20260805,False,grade_A_B|derivation_word|no_dispersion|unread_source|sole_source
14,2,7,p_4d0b0fc4cb,gravity_posture_spinal_loading,L6,static shoulder load range over which shrinkage rate rises nonlinearly,2.5-40,kg,human,tyrrell1985,False,grade_A_B|derivation_word|no_dispersion|unread_source|sole_source
14,2,7,p_24af44f84a,greulich_pyle_method,L7,reference population birth years and location of the GP atlas,"Cleveland Ohio, 1920s-1940s, high socioe",descriptive,human,guevel2026,False,grade_A_B|derivation_word|no_dispersion|unread_source|sole_source
14,2,7,p_ce4bff8ca4,histomorphometry_physis,L13,"mean proliferative chondrocyte cycle time, human",20,days,human,kember1976,False,grade_A_B|derivation_word|no_dispersion|unread_source|sole_source
14,2,7,p_9f5ab8cccd,mid_parental_target_height,L9,underestimation of target height by the Tanner method at mid-parental height below -2 SDS,6,cm,human,luo1998,False,grade_A_B|derivation_word|no_dispersion|unread_source|sole_source
14,2,7,p_1e0e42a6b9,mid_parental_target_height,L9,"heritability of stature, uncorrected Tanner procedure",0.74,proportion,human,zeevi2024,False,grade_A_B|derivation_word|no_dispersion|unread_source|sole_source
14,2,7,p_9a883d34af,mri_physis_imaging,L13,target cellular dimension not resolvable by any in vivo MRI,10-20,um,human,white2008,False,grade_A_B|derivation_word|no_dispersion|unread_source|sole_source
14,2,7,p_016ccb64cf,scrna_seq_growth_plate,L13,"GEO growth plate single-cell records, human",18,records,human,geo_census_20260805,False,grade_A_B|derivation_word|no_dispersion|unread_source|sole_source
14,2,7,p_55bbc856ab,target_height_predictive_sd,L9,proportion of children within 1.5 SDS of mid-parental height SDS,90,percent,human,wright1999,False,grade_A_B|derivation_word|no_dispersion|unread_source|sole_source
14,2,7,p_bb493e33cb,visceral_organ_growth,L9,infant autopsies analysed for the organ weight reference,1525,cases,human,pryce2014,False,grade_A_B|derivation_word|no_dispersion|unread_source|sole_source
12,3,4,p_91a01c5bfb,acan_gene,L8,families with early-onset osteoarthritis,12,of 20 families,human,gkourogianni2017,False,grade_A_B|screen|no_dispersion|unread_source|sole_source
12,3,4,p_aba81364aa,acan_gene,L8,families with intervertebral disc disease,9,of 20 families,human,gkourogianni2017,False,grade_A_B|screen|no_dispersion|unread_source|sole_source
12,6,2,p_3ebb6cc3e7,achondroplasia,L11,frequency of the Gly380Arg substitution among achondroplasia chromosomes,16/16,chromosomes,human,shiang1994,False,contradiction|grade_A_B|screen|unread_source|sole_source
12,3,4,p_f6caf387d1,appositional_growth,L1,expansion-to-elongation ratio,0.16,dimensionless ratio,mouse,rubin2024,False,contradiction|no_dispersion|unread_source|sole_source
12,3,4,p_3bd401a691,appositional_growth,L1,expansion-to-elongation ratio,0,dimensionless ratio,mouse,rubin2024,False,contradiction|no_dispersion|unread_source|sole_source
12,3,4,p_39c4dcb633,appositional_growth,L1,expansion-to-elongation ratio,0.04,dimensionless ratio,mouse,rubin2024,False,contradiction|no_dispersion|unread_source|sole_source
12,3,4,p_1df9b82d4d,aromatase_inhibitor_anastrozole,L12,dose used in the randomised trial,1.0,mg/day,human,zegarra2024,False,grade_A_B|screen|no_dispersion|unread_source|sole_source
12,3,4,p_1f77905362,aromatase_inhibitor_letrozole,L12,persistence of the year-1 predicted-adult-height gain,not sustained,not applicable,human,zegarra2024,False,grade_A_B|screen|no_dispersion|unread_source|sole_source
12,3,4,p_0beb8442a4,aromatase_inhibitor_letrozole,L12,dose used in the randomised trial,2.5,mg/day,human,zegarra2024,False,grade_A_B|screen|no_dispersion|unread_source|sole_source
12,3,4,p_b24c2b72bf,blomstrand_chondrodysplasia,L11,PTH- and PTHrP-stimulated cAMP accumulation in P132L receptors,severely reduced to absent,not_applicable,in_vitro_animal_cell,karaplis1998,False,grade_A_B|screen|no_dispersion|unread_source|sole_source
12,3,4,p_ed30517339,brdu_edu_labeling,L13,basis of the quoted human proliferative cycle time,"inferred, not labelled",qualitative,human,kember1976,False,grade_A_B|screen|no_dispersion|unread_source|sole_source
12,3,4,p_6b99fefc30,cartilage_septum_resorption,L1,septal removal rate implied by steady state,1 per 3,cells per hour per colum,rat,hunziker1987,False,contradiction|no_dispersion|unread_source|sole_source
12,3,4,p_5498e14252,cartilage_septum_resorption,L1,matrix compartment targeted by invading endothelium,non-calcified pericellular and territori,qualitative,porcine,farnum1989,False,contradiction|no_dispersion|unread_source|sole_source
12,4,3,p_6fa5c075dd,cell_cycle_time_pz,L1,"mean cell cycle time, proliferative zone (derived, not measured)",30,days,human,kember1976,False,contradiction|screen|no_dispersion|unread_source
12,4,3,p_6b01872565,cell_cycle_time_pz,L1,"S phase duration (derived, not measured)",16,h,human,thurston1985,False,contradiction|screen|no_dispersion|sole_source
12,4,3,p_bfef277ea6,cell_cycle_time_pz,L1,"labelling index, proliferation zone",10-15,%,rat,thurston1985,False,contradiction|screen|no_dispersion|sole_source
12,3,4,p_fe4555a2d6,chondrocyte_cluster,L1,angular threshold separating clusters from columns,less than 60,degrees between clone lo,mouse,rubin2024,False,contradiction|no_dispersion|unread_source|sole_source
12,3,4,p_67a5ed32b7,chondrocyte_cluster,L1,number of clusters analysed at P40,"1129 (distal femur), 1154 (proximal tibi",clusters,mouse,rubin2024,False,contradiction|no_dispersion|unread_source|sole_source
12,3,4,p_d91108d68a,chondrocyte_cluster,L1,near-perfect rotations within postnatal clusters,"1.9 (distal femur), 3.0 (proximal tibia)",% of divisions,mouse,rubin2024,False,contradiction|no_dispersion|unread_source|sole_source
12,3,4,p_dae54a947c,chondrocyte_cluster,L1,rotation-failure fraction above which a clone becomes a cluster,60,% of divisions,mouse,rubin2024,False,contradiction|no_dispersion|unread_source|sole_source
12,3,4,p_e133675b4a,chondron,L5,Applied compression levels producing chondron bending in growth plate,"20, 30, 40",% compression (physiolog,bovine,vendra2018,False,contradiction|no_dispersion|unread_source|sole_source
12,6,2,p_823dab2ae8,cnp_protein,L3,"hypertrophic zone thickness, cartilage-specific Nppc knockout vs control",34.6,% of control,mouse,nakao2015,False,contradiction|grade_A_B|screen|unread_source|sole_source
12,6,2,p_3f59389e36,cnp_protein,L3,"non-hypertrophic (type II collagen+) layer thickness, cartilage-specific Nppc knockout",76.7,% of control,mouse,nakao2015,False,contradiction|grade_A_B|screen|unread_source|sole_source
12,6,2,p_bffe8b09fc,cnp_protein,L3,"tibia length, cartilage-specific Nppc knockout vs control",65.9,% of control,mouse,nakao2015,False,contradiction|grade_A_B|screen|unread_source|sole_source
12,6,2,p_29919a6d02,cnp_protein,L3,"plasma CNP concentration, NPPC-translocation overgrowth proband vs controls",2,fold,human,bocciardi2007,False,contradiction|grade_A_B|screen|unread_source|sole_source
12,6,2,p_d32b15c6b0,cnp_protein,L3,"annualised growth velocity gain, vosoritide (CNP analogue) vs placebo",1.57,cm/yr,human,savarirayan2020,False,contradiction|grade_A_B|screen|unread_source|sole_source
12,3,4,p_7786837468,collagen_fibril_stoichiometry,L5,"Collagen IX mass fraction, young growth cartilage",>=10,% of fibrillar collagen,bovine,eyre2002,False,contradiction|no_dispersion|unread_source|sole_source
12,3,4,p_fdc84fbf13,collagen_fibril_stoichiometry,L5,"Collagen XI mass fraction, young growth cartilage",>=10,% of fibrillar collagen,bovine,eyre2002,False,contradiction|no_dispersion|unread_source|sole_source
12,3,4,p_386fde7c83,collagen_fibril_stoichiometry,L5,"Collagen IX mass fraction, mature articular cartilage",~1,% of fibrillar collagen,human,eyre2002,False,contradiction|no_dispersion|unread_source|sole_source
12,3,4,p_778a10d569,collagen_fibril_stoichiometry,L5,"Collagen XI mass fraction, mature articular cartilage",~3,% of fibrillar collagen,human,eyre2002,False,contradiction|no_dispersion|unread_source|sole_source
12,3,4,p_4784f09a53,collagen_fibril_stoichiometry,L5,Maximum collagen II:XI molar ratio compatible with fibril diameter control,8,mol:mol (II:XI),in_vitro_animal_cell,blaschke2000,False,contradiction|no_dispersion|unread_source|sole_source
12,3,4,p_00df600b96,collagen_fibril_stoichiometry,L5,"Cartilage fibril diameter carrying collagen XI, human growth plate",<25,nm,human,keene1995,False,contradiction|no_dispersion|unread_source|sole_source
12,3,4,p_5f3fd762a4,cre_lox_lineage_tracing,L13,Cre-lox lineage tracing studies in human growth plate,0,studies,human,human_gp_donor_census_20260805,False,grade_A_B|screen|no_dispersion|unread_source|sole_source
12,3,4,p_8d750c0420,cyp19a1_gene,L8,stature phenotype of untreated aromatase deficiency,tall,qualitative,human,morishima1995,False,grade_A_B|screen|no_dispersion|unread_source|sole_source
12,3,4,p_7d2ae689e7,deflazacort,L12,approved dose in Duchenne muscular dystrophy,0.9,mg/kg/day,human,fda_emflaza_label_2025,False,grade_A_B|screen|no_dispersion|unread_source|sole_source
12,3,4,p_1bb021d19a,deflazacort,L12,size of the pivotal randomised study supporting approval,196,males aged 5-15 years,human,fda_emflaza_label_2025,False,grade_A_B|screen|no_dispersion|unread_source|sole_source
12,3,4,p_427114c24e,deflazacort,L12,growth-sparing claim in the approved US label,absent,not applicable,human,fda_emflaza_label_2025,False,grade_A_B|screen|no_dispersion|unread_source|sole_source
12,3,4,p_217342c1e2,dutch_hunger_winter,L10,Dutch Hunger Winter Families Study group sizes,283 mid-to-late gestation exposed / 145 ,individuals,human,taeubert2026,False,grade_A_B|screen|no_dispersion|unread_source|sole_source
12,3,4,p_da3c022768,elongation_budget,L1,elongation partition across all four plates (division / matrix / enlargement),"9/32/59, 9/32/58, 9/41/50, 8/49/43",% of elongation,rat,wilsman1996,True,contradiction|no_dispersion|unread_source|sole_source
12,3,4,p_4c599520e9,elongation_budget,L1,partition of PHYSIOLOGICAL growth acceleration (21 to 35 days) among cell parameters,"height +23, diameter -14, volume -13, ma",% change,rat,hunziker1989,False,contradiction|derivation_word|sole_source
12,3,4,p_b5720c892b,elongation_budget,L1,proliferative cells per column (columnar growth fraction),"27, 18, 9",cells,rat,hunziker1989,False,contradiction|derivation_word|sole_source
12,6,2,p_48944d62f2,elongation_budget,L1,range of elongation rates across the four plates compared,50-400,um/24 h,rat,wilsman1996a,False,contradiction|flow_model|unread_source|sole_source
12,3,4,p_985b91c155,elongation_budget,L1,chondrocytes lost per column at the chondro-osseous junction,8,cells/day (one every 3 h,rat,hunziker1987,False,contradiction|no_dispersion|unread_source|sole_source
12,3,4,p_b94630eb37,environmental_enteric_dysfunction,L10,prevalence of elevated EED markers in the cohort,>80,%,human,htet2026,False,grade_A_B|screen|no_dispersion|unread_source|sole_source
12,3,4,p_933f1e7da8,environmental_enteric_dysfunction,L10,studies and children in the EED-linear growth systematic review,81 studies / 31996 children,count,human,lowe2025,False,grade_A_B|screen|no_dispersion|unread_source|sole_source
12,3,4,p_5dac5cd87e,estradiol_hormone,L4,24-h mean serum estradiol across male puberty,<4 / 6 / 8 / 21 / 32,pmol/L,human,ankarberglindg2008,False,grade_A_B|screen|no_dispersion|unread_source|sole_source
12,3,4,p_0ca8b601d0,fgfr3_gene,L8,achondroplasia chromosomes carrying a Gly380 transmembrane substitution,16,of 16,human,shiang1994,False,grade_A_B|screen|no_dispersion|unread_source|sole_source
12,3,4,p_97f69f9480,fgfr3_gene,L8,FGFR3 missense substitutions raising ligand-independent signalling in human testis,9,of 10 tested,human,moura2024,False,grade_A_B|screen|no_dispersion|unread_source|sole_source
12,3,4,p_aa7f843f34,fgfr3_gene,L8,FGFR3 variants found in idiopathic short stature panel screening,2,of 102 patients,human,andrade2022,False,grade_A_B|screen|no_dispersion|unread_source|sole_source
12,6,2,p_bf35ceb7b9,fgfr3_tyrosine_kinase_inhibitor,L12,"infigratinib IC50, wild-type FGFR3",0.66,nM,in_vitro_human_cell,ryu2022,False,contradiction|grade_A_B|screen|unread_source|sole_source
12,6,2,p_79bfd4fe4b,fgfr3_tyrosine_kinase_inhibitor,L12,"constitutive FGFR3 kinase activity, K650M relative to K650E",~3,fold,in_vitro_human_cell,tavormina1999,False,contradiction|grade_A_B|screen|unread_source|sole_source
12,3,4,p_0fd893252e,finite_proliferative_capacity_model,L2,Dependence of rabbit RZ chondrocyte population doublings in vitro on donor age,none detected,population doublings vs ,rabbit,nilsson2005,False,contradiction|no_dispersion|unread_source|sole_source
12,3,4,p_5bde5e5307,finite_proliferative_capacity_model,L2,Direction of DNA methylation change with growth plate senescence,decrease,global DNA methylation,rabbit,nilsson2005,False,contradiction|no_dispersion|unread_source|sole_source
12,3,4,p_83ce7ae63e,ghr_gene,L8,Laron patients with a large GHR extracellular-domain deletion,2,of 9 patients,human,godowski1989,False,grade_A_B|screen|no_dispersion|unread_source|sole_source
12,3,4,p_85be72cddb,ghr_gene,L8,GHR coding sequence span on chromosome 5,87,kb,human,godowski1989,False,grade_A_B|screen|no_dispersion|unread_source|sole_source
12,6,2,p_58a6f6e4fc,glucocorticoid_cortisol,L4,reduction in proximal tibial growth rate by local dexamethasone infusion,77,%,rabbit,baron1992,False,contradiction|grade_A_B|screen|unread_source|sole_source
12,3,4,p_3995159a38,growth_plate_explant_culture,L13,human donors in the largest human growth plate explant loading experiment,3,donors,human,gse246390,False,grade_A_B|screen|no_dispersion|unread_source|sole_source
12,3,4,p_c9b25c7e4e,growth_plate_explant_culture,L13,human donors in the human explant shockwave experiment,5,donors,human,ramesh2022,False,grade_A_B|screen|no_dispersion|unread_source|sole_source
12,3,4,p_f8580e9c36,gymnastics_stature_effect,L6,delay in age at peak height velocity vs non-athletic girls,approximately 1,years,human,thomis2005,False,contradiction|no_dispersion|unread_source|sole_source
12,3,4,p_831bb1e21d,hdac4_gene,L8,individuals used to narrow the 2q37.3 critical region to HDAC4,6,individuals,human,williams2010,False,grade_A_B|screen|no_dispersion|unread_source|sole_source
12,3,4,p_9def347c04,hdac4_gene,L8,brachydactyly type E penetrance in 2q37 deletion syndrome,48,%,human,le2019,False,grade_A_B|screen|no_dispersion|unread_source|sole_source
12,3,4,p_e02c915c6a,hdac4_gene,L8,overweight or obesity penetrance in 2q37 deletion syndrome,34,%,human,le2019,False,grade_A_B|screen|no_dispersion|unread_source|sole_source
12,3,4,p_299d4d649a,hdac4_gene,L8,dysmorphic craniofacial feature penetrance,86,%,human,le2019,False,grade_A_B|screen|no_dispersion|unread_source|sole_source
12,3,4,p_4082e5c62c,height_gwas,L8,discovery sample size,5400000,individuals,human,yengo2022,False,contradiction|no_dispersion|unread_source|sole_source
12,3,4,p_bf5a27a4d4,height_gwas,L8,non-overlapping genomic segments containing associations,7209,segments,human,yengo2022,False,contradiction|no_dispersion|unread_source|sole_source
12,3,4,p_8ad300d0bb,height_gwas,L8,mean size of associated genomic segment,90,kb,human,yengo2022,False,contradiction|no_dispersion|unread_source|sole_source
12,3,4,p_e3af4c98fc,height_gwas,L8,fraction of genome covered by associated segments,21,%,human,yengo2022,False,contradiction|no_dispersion|unread_source|sole_source
12,3,4,p_9b2e4080db,height_gwas,L8,"phenotypic variance explained by the 12,111 SNPs, European ancestry",40,%,human,yengo2022,False,contradiction|no_dispersion|unread_source|sole_source
12,3,4,p_14da1f5a23,hox_code_limb,L0,studies reporting zone-resolved HOX expression within a growth plate,0,studies retrieved,not_applicable,rux2021,False,contradiction|no_dispersion|unread_source|sole_source
12,4,3,p_f5e615301d,hueter_volkmann_law,L6,"growth-rate sensitivity, caudal vertebral growth plates",15.0,% per 0.1 MPa,multiple,stokes2006,False,contradiction|screen|no_dispersion|sole_source
12,4,3,p_771c1b68cb,hueter_volkmann_law,L6,"growth-rate sensitivity, proximal tibial growth plates",18.6,% per 0.1 MPa,multiple,stokes2006,False,contradiction|screen|no_dispersion|sole_source
12,4,3,p_0929b8893a,hueter_volkmann_law,L6,baseline (unloaded) longitudinal growth rate range across the species/sites studied,30-366,um/day,multiple,stokes2006,False,contradiction|screen|no_dispersion|sole_source
12,4,3,p_378054688d,hueter_volkmann_law,L6,maximum growth-rate change achieved across the loading range tested,53,%,multiple,stokes2007,False,contradiction|screen|no_dispersion|sole_source
12,3,4,p_b996e335d6,human_growth_plate_biobank,L13,publicly catalogued human growth plate biobanks located,0,repositories,human,human_gp_donor_census_20260805,False,grade_A_B|screen|no_dispersion|unread_source|sole_source
12,3,4,p_af1719cc45,human_growth_plate_biobank,L13,human growth plate datasets whose raw human sequence data are withheld from the repository,1 of 1,datasets,human,gse288028,False,grade_A_B|screen|no_dispersion|unread_source|sole_source
12,3,4,p_fbdd2c3097,human_growth_plate_tissue_scarcity,L13,"distinct human donors whose growth plate tissue has been examined, studies with stated n",259,donors,human,human_gp_donor_census_20260805,False,grade_A_B|screen|no_dispersion|unread_source|sole_source
12,3,4,p_a3b28eb5c4,human_growth_plate_tissue_scarcity,L13,distinct donors contributing a POSTNATAL growing human growth plate,102,donors,human,human_gp_donor_census_20260805,False,grade_A_B|screen|no_dispersion|unread_source|sole_source
12,3,4,p_ab3c503106,human_growth_plate_tissue_scarcity,L13,largest single postnatal human growth plate biopsy series,24,donors,human,nilsson2003,False,grade_A_B|screen|no_dispersion|unread_source|sole_source
12,3,4,p_b1e35b36be,human_growth_plate_tissue_scarcity,L13,largest single human growth plate histology series of any age,125,donors,human,rodriguez1992,False,grade_A_B|screen|no_dispersion|unread_source|sole_source
12,3,4,p_a5f7958612,human_skeletal_stem_cell,L2,Gestational age of the fetal femur used for hSSC discovery,17,weeks,human,chan2018,False,contradiction|no_dispersion|unread_source|sole_source
12,3,4,p_4a7cc6da78,human_skeletal_stem_cell,L2,hSSCs transplanted for the in vivo serial self-renewal assay,>1.5e6,DiD-labelled cells,human,chan2018,False,contradiction|no_dispersion|unread_source|sole_source
12,3,4,p_e81e1e6a9e,human_skeletal_stem_cell,L2,Distinct human skeletal sites profiled for hSSC composition,10,anatomical sites,human,ambrosi2025,False,contradiction|no_dispersion|unread_source|sole_source
12,3,4,p_550d421a1d,igf1_gh_combination_therapy,L12,participants randomised before termination,106,participants,human,nct00572156,False,grade_A_B|screen|no_dispersion|unread_source|sole_source
12,6,2,p_949d5b821a,igf1_systemic,L4,serum total IGF-1 in PAPP-A2-deficient children,831-1060,ug/L,human,dauber2016,False,contradiction|grade_A_B|screen|unread_source|sole_source
12,6,2,p_f30240b244,igf1_systemic,L4,ratio of bioactive IGF to total IGF-1 in PAPP-A2 deficiency,0.09-0.32,%,human,dauber2016,False,contradiction|grade_A_B|screen|unread_source|sole_source
12,3,4,p_2b15a695b8,igf1r_gene,L8,patients screened with unexplained IUGR plus short stature,42,patients,human,abuzzahab2003,False,grade_A_B|screen|no_dispersion|unread_source|sole_source
12,3,4,p_2925f168e5,igf1r_gene,L8,additional patients screened with short stature and elevated IGF-1,50,patients,human,abuzzahab2003,False,grade_A_B|screen|no_dispersion|unread_source|sole_source
12,3,4,p_b7fe795b68,igf1r_mutation_human,L11,children screened with unexplained IUGR plus short stature,42,children,human,abuzzahab2003,False,grade_A_B|screen|no_dispersion|unread_source|sole_source
12,3,4,p_c7773aca76,igf1r_mutation_human,L11,short children screened with elevated circulating IGF-I,50,children,human,abuzzahab2003,False,grade_A_B|screen|no_dispersion|unread_source|sole_source
12,3,4,p_28fde54dd3,ihh_gene,L8,heterozygous IHH probands characterised,16,probands,human,sentchordimont2020,False,grade_A_B|screen|no_dispersion|unread_source|sole_source
12,3,4,p_a3a53bb0c2,ihh_gene,L8,IHH heterozygotes with classical brachydactyly type A-1,0,of 16 probands,human,sentchordimont2020,False,grade_A_B|screen|no_dispersion|unread_source|sole_source
12,3,4,p_f2fcc28525,ihh_gene,L8,IHH heterozygotes of normal height but with brachydactyly,5,of 16 probands,human,sentchordimont2020,False,grade_A_B|screen|no_dispersion|unread_source|sole_source
12,3,4,p_c1ee3c9fbf,ihh_gene,L8,IHH variant yield in idiopathic short stature,4,of 102 patients,human,andrade2022,False,grade_A_B|screen|no_dispersion|unread_source|sole_source
12,6,2,p_27087b38d9,immunohistochemistry_cartilage_artifact,L13,"ER-alpha positive chondrocytes, resting and proliferative zones, human",64,% of chondrocytes,human,nilsson2003,False,contradiction|grade_A_B|screen|unread_source|sole_source
12,6,2,p_9a3c3d64ff,immunohistochemistry_cartilage_artifact,L13,"ER-alpha positive chondrocytes, hypertrophic zone, human",38,% of chondrocytes,human,nilsson2003,False,contradiction|grade_A_B|screen|unread_source|sole_source
12,6,2,p_caa50aa4dc,immunohistochemistry_cartilage_artifact,L13,"androgen receptor positive chondrocytes, resting zone, human",65,% of chondrocytes,human,nilsson2003,False,contradiction|grade_A_B|screen|unread_source|sole_source
12,3,4,p_79964674bd,in_situ_hybridization_cartilage,L13,human growth plate zonal transcript maps generated by in situ hybridization,0 systematic surveys located,studies,human,geo_census_l13b_20260805,False,grade_A_B|screen|no_dispersion|unread_source|sole_source
12,3,4,p_f8a0c780d2,inflammation_growth_suppression,L10,"inhibition of IGF-I-driven chondrocyte proliferation by IL-1beta, IL-6 or TNF-alpha",50,%,in_vitro_animal_cell,choukair2014,False,grade_A_B|screen|no_dispersion|unread_source|sole_source
12,3,4,p_afccaafe29,intrauterine_growth_restriction,L10,proportion of short 18-year-olds who were short at birth,22,%,human,karlberg1995,False,grade_A_B|screen|no_dispersion|unread_source|sole_source
12,3,4,p_fe1556c7c9,iodine_deficiency_growth,L10,participants in the three iodine repletion trials with IGF-I endpoints,71 / 310 / 188,children,human,zimmermann2007,False,grade_A_B|screen|no_dispersion|unread_source|sole_source
12,3,4,p_1038366d81,laron_syndrome,L11,lower-segment/height ratio in GH-insensitive adults,lowest of four groups,ratio,human,guevaraaguirre2025,False,grade_A_B|screen|no_dispersion|unread_source|sole_source
12,3,4,p_da60354030,laron_syndrome,L11,head-circumference/height ratio in GH-insensitive adults,highest of four groups,ratio,human,guevaraaguirre2025,False,grade_A_B|screen|no_dispersion|unread_source|sole_source
12,3,4,p_e3017d92e0,leptin_hormone,L4,mortality in untreated congenital leptin deficiency,26,%,human,saeed2023,False,grade_A_B|screen|no_dispersion|unread_source|sole_source
12,3,4,p_806bf8e8f9,leptin_hormone,L4,mortality in untreated congenital leptin receptor deficiency,9,%,human,saeed2023,False,grade_A_B|screen|no_dispersion|unread_source|sole_source
12,3,4,p_7e52a60d1f,lineage_tracing_limitations,L13,published genetic lineage-tracing experiments in human growth plate,0,studies,human,human_gp_donor_census_20260805,False,grade_A_B|screen|no_dispersion|unread_source|sole_source
12,3,4,p_b8e1592978,lineage_tracing_limitations,L13,human skeletal stem cell samples clonally barcoded and traced (in mouse graft),4,samples,human,gse233188,False,grade_A_B|screen|no_dispersion|unread_source|sole_source
12,3,4,p_7bb710e2b4,matrix_water_content_zonal,L5,Assumed tissue fluid fraction used to normalise porcine growth plate microprobe data,66,% of wet weight,porcine,althoff1982,False,contradiction|no_dispersion|unread_source|sole_source
12,3,4,p_9abdeefe1a,mecasermin_rinfabate,L12,published cohorts reporting adult or near-adult height on mecasermin rinfabate for short s,0,cohorts,human,kemp2006,False,contradiction|no_dispersion|unread_source|sole_source
12,3,4,p_f700b5bc9e,mecasermin_rinfabate,L12,molar ratio of the complex,1:1,IGF-1 to IGFBP-3,human,kemp2006,False,contradiction|no_dispersion|unread_source|sole_source
12,6,2,p_83ec289eff,meclizine_repurposing,L12,"change in height velocity over 26 weeks, meclizine plus GH",+0.11,cm/yr,human,matsushita2025,False,contradiction|grade_A_B|screen|unread_source|sole_source
12,6,2,p_7b4979c6b1,meclizine_repurposing,L12,arm span velocity during treatment,6.93,cm/yr,human,matsushita2025,False,contradiction|grade_A_B|screen|unread_source|sole_source
12,6,2,p_d80e8c4afe,meclizine_repurposing,L12,"Cmax after 14-day repeated dosing, meclizine 12.5 mg/day",167,ng/mL,human,matsushita2023,False,contradiction|grade_A_B|screen|unread_source|sole_source
12,6,2,p_05009a5348,meclizine_repurposing,L12,"terminal elimination half-life, meclizine 12.5 mg/day",7.4,hours,human,matsushita2023,False,contradiction|grade_A_B|screen|unread_source|sole_source
12,6,2,p_9421f1ce1d,meclizine_repurposing,L12,"AUC0-24 after 14-day repeated dosing, meclizine 12.5 mg/day",1170,ng*h/mL,human,matsushita2023,False,contradiction|grade_A_B|screen|unread_source|sole_source
12,3,4,p_70ec0efa57,mesenchymal_condensation,L0,published measurements of condensation cell number or volume compared across skeletal elem,0,studies retrieved,not_applicable,lui2018,False,contradiction|no_dispersion|unread_source|sole_source
12,3,4,p_f1ed27d30c,metaphyseal_vasculature,L1,morphology of capillary ends at the invasion front,"variable, not uniform",qualitative,rat,yamamoto2022,False,contradiction|no_dispersion|unread_source|sole_source
12,3,4,p_487233a107,metaphyseal_vasculature,L1,matrix compartment penetrated by invading endothelium,non-calcified pericellular and territori,qualitative,porcine,farnum1989,False,contradiction|no_dispersion|unread_source|sole_source
12,3,4,p_7784088ed2,mmp14_mt1mmp,L5,Skeletal phenotype of global Mmp14 null mouse,dwarfism with osteopenia and arthritis,qualitative; magnitude n,mouse,holmbeck1999,False,contradiction|no_dispersion|unread_source|sole_source
12,3,4,p_dc1c755efd,mmp9_protease,L5,Growth plate length in Mmp9-null mice relative to wild type,~8,fold,mouse,vu1998,False,contradiction|no_dispersion|unread_source|sole_source
12,3,4,p_a79166001d,mmp9_protease,L5,Age at which compensatory remodelling normalises the Mmp9-null growth plate,>3,weeks postnatal,mouse,vu1998,False,contradiction|no_dispersion|unread_source|sole_source
12,3,4,p_242a648be3,mouse_does_not_fuse,L7,type X collagen and MMP-13 immunoreactivity in hypertrophic zone,"present at W10, absent at W55",qualitative IHC,mouse,yu2025,False,contradiction|no_dispersion|unread_source|sole_source
12,3,4,p_82608a8327,mouse_model_translation_risk,L13,"mouse translation risk score (this layer, 1-5)",4.0,score,mouse,yu2025,False,grade_A_B|screen|no_dispersion|unread_source|sole_source
12,6,2,p_aaa16ccb2d,npr2_receptor,L3,"hypertrophic zone thickness, cartilage-specific Npr2 knockout vs control",23.0,% of control,mouse,nakao2015,False,contradiction|grade_A_B|screen|unread_source|sole_source
12,6,2,p_e4ca1d9556,npr2_receptor,L3,"non-hypertrophic layer thickness, cartilage-specific Npr2 knockout vs control",71.1,% of control,mouse,nakao2015,False,contradiction|grade_A_B|screen|unread_source|sole_source
12,6,2,p_2ea4703690,npr2_receptor,L3,"adult height, biallelic NPR2 loss of function (AMDM) after 8.5 y high-dose GH",130.5-134,cm,human,arya2020,False,contradiction|grade_A_B|screen|unread_source|sole_source
12,6,2,p_210bf1d606,npr2_receptor,L3,"height z-score, heterozygous NPR2 carriers vs non-carrier relatives",-1.8 vs -0.4,SDS,human,olney2006,False,contradiction|grade_A_B|screen|unread_source|sole_source
12,6,2,p_430c2b3c86,npr2_receptor,L3,"height z-score, heterozygous NPR2 carriers vs wild-type siblings",-2.06 vs -1.37,SDS,human,hanley2020,False,contradiction|grade_A_B|screen|unread_source|sole_source
12,6,2,p_5ebef4e417,npr2_receptor,L3,"height SDS range, heterozygous NPR2 dominant-negative missense carriers",-4.5 to -1.7,SDS,human,vasques2013,False,contradiction|grade_A_B|screen|unread_source|sole_source
12,6,2,p_a0979459e1,npr2_receptor,L3,"height, heterozygous NPR2 gain-of-function (p.Met482_Leu483del) family","+2.77, +1.96, +1.30",SDS,human,lauffer2020,False,contradiction|grade_A_B|screen|unread_source|sole_source
12,3,4,p_61f14be631,nutrient_diffusion_growth_plate,L1,published measurements of glucose or lactate gradients across the growth plate,0,studies,not_applicable,brighton1971,False,contradiction|no_dispersion|unread_source|sole_source
12,3,4,p_6041c82285,nutrient_diffusion_growth_plate,L1,evidence of marginal oxygen delivery requiring intracellular storage,haemoglobin bodies with left-shifted P50,mmHg,mouse,zhang2023,False,contradiction|no_dispersion|unread_source|sole_source
12,3,4,p_d2c7f6c8e4,oxygen_gradient_growth_plate,L1,P50 of chondrocyte haemoglobin bodies (Hedy),27.58-27.85,mmHg,mouse,zhang2023,False,contradiction|no_dispersion|unread_source|sole_source
12,3,4,p_fe5401cc05,oxygen_gradient_growth_plate,L1,P50 of red blood cells from the same mice,58.2,mmHg,mouse,zhang2023,False,contradiction|no_dispersion|unread_source|sole_source
12,3,4,p_f3cddbe781,pegvisomant,L12,paediatric patients with reported final height on pegvisomant monotherapy,1,patients,human,burren2023,False,grade_A_B|screen|no_dispersion|unread_source|sole_source
12,3,4,p_344cfdafe2,perlecan_hspg2,L5,Human HSPG2 allele dose series,functional null = DDSH (perinatal lethal,qualitative allelic seri,human,arikawahirasaw2001,False,grade_A_B|screen|no_dispersion|unread_source|sole_source
12,3,4,p_67c9e1d328,pth1r_gene,L8,"constitutive ligand-independent cAMP accumulation, PTH1R H223R",present,qualitative,in_vitro_human_cell,schipani1995,False,grade_A_B|screen|no_dispersion|unread_source|sole_source
12,3,4,p_a918d8d978,pth1r_gene,L8,"PTH and PTHrP binding, Blomstrand PTH1R mutant",absent,qualitative,in_vitro_human_cell,jobert1998,False,grade_A_B|screen|no_dispersion|unread_source|sole_source
12,3,4,p_8f952e5faf,rabbit_growth_plate_model,L13,"rabbit translation risk score (this layer, 1-5)",2.25,score,rabbit,weise2001,False,grade_A_B|screen|no_dispersion|unread_source|sole_source
12,3,4,p_91605efb64,recombinant_human_gh,L12,treatment discontinuation rate,<2,percent,human,martn2026,False,grade_A_B|screen|no_dispersion|unread_source|sole_source
12,3,4,p_45c62e0a47,replicative_senescence_chondrocyte,L2,Population doublings of cultured rabbit RZ chondrocytes vs donor age,no dependence,population doublings,rabbit,nilsson2005,False,contradiction|no_dispersion|unread_source|sole_source
12,6,2,p_30322bd402,saddan_syndrome,L11,"constitutive FGFR3 kinase activity, K650M relative to K650E",~3,fold,in_vitro_human_cell,tavormina1999,False,contradiction|grade_A_B|screen|unread_source|sole_source
12,6,2,p_45a62155c4,saddan_syndrome,L11,unrelated individuals in the defining SADDAN series,4,individuals,human,tavormina1999,False,contradiction|grade_A_B|screen|unread_source|sole_source
12,3,4,p_9c4d46c222,saltation_stasis_growth,L1,proportion of days without measurable growth,90-95,% of days,human,lampl1992,False,contradiction|no_dispersion|unread_source|sole_source
12,3,4,p_6f7e8c8ae9,saltation_stasis_growth,L1,implied annualised velocity during a growth event,greater than 350,cm/year,human,klein1994,False,contradiction|no_dispersion|unread_source|sole_source
12,3,4,p_0bd7609d5b,saltation_stasis_growth,L1,precision advantage of rabbit proximal tibial measurement over human anthropometry,15,fold,rabbit,klein1994,False,contradiction|no_dispersion|unread_source|sole_source
12,3,4,p_0ae7127f2d,saltation_stasis_growth,L1,shape of the daily growth velocity distribution,single Gaussian,qualitative,rabbit,klein1994,False,contradiction|no_dispersion|unread_source|sole_source
12,3,4,p_d71caa27f7,saltation_stasis_growth,L1,fraction of elongation occurring during recumbency,90,% or more,ovine,noonan2004,False,contradiction|no_dispersion|unread_source|sole_source
12,6,2,p_27398e8eff,scoliosis_vertebral_growth,L6,"growth modulation, high vs low tether tension at 2 weeks",53 vs -1,%,porcine,halanski2026,False,contradiction|grade_A_B|screen|unread_source|sole_source
12,6,2,p_1f21b57aa6,scoliosis_vertebral_growth,L6,"growth modulation, high vs low tether tension at 2-4 weeks",14 vs 10,%,porcine,halanski2026,False,contradiction|grade_A_B|screen|unread_source|sole_source
12,3,4,p_eb1242f1f2,septoclast,L1,primary studies of septoclasts in human tissue,0,studies,human,sivaraj2022,False,contradiction|no_dispersion|unread_source|sole_source
12,3,4,p_cab091a351,snrna_seq_growth_plate,L13,human growth plate single-nucleus RNA-seq datasets located,0,datasets,human,geo_census_l13b_20260805,False,grade_A_B|screen|no_dispersion|unread_source|sole_source
12,6,2,p_2c8214b845,soluble_fgfr3_decoy,L12,"ratio of observed to expected change in standing height, month 12",1.0,ratio,human,nct04638153,False,contradiction|grade_A_B|screen|unread_source|sole_source
12,6,2,p_89fe1bceb5,soluble_fgfr3_decoy,L12,"ratio of observed to expected change in standing height, month 3, high-dose arm",0.6,ratio,human,nct04638153,False,contradiction|grade_A_B|screen|unread_source|sole_source
12,3,4,p_4a4ffaa453,somatomedin_hypothesis,L4,reduction in serum IGF-1 after liver-specific Igf1 deletion,75,%,mouse,sjgren1999,False,contradiction|no_dispersion|unread_source|sole_source
12,3,4,p_9103cba41c,somatomedin_hypothesis,L4,reduction in serum IGF-1 in ALS knockout,65,%,mouse,yakar2002,False,contradiction|no_dispersion|unread_source|sole_source
12,3,4,p_858771c514,somatomedin_hypothesis,L4,bone mineral density decrease in LID+ALSKO double mutant,10,%,mouse,yakar2002,False,contradiction|no_dispersion|unread_source|sole_source
12,3,4,p_51a9015cc2,somatomedin_hypothesis,L4,periosteal circumference and cortical thickness decrease in LID+ALSKO,>35,%,mouse,yakar2002,False,contradiction|no_dispersion|unread_source|sole_source
12,3,4,p_fbd42eade1,strain_frequency_dependence,L6,"hypertrophic chondrocyte volumetric strain, high vs low frequency dynamic compression",lower at high frequency,p=0.002,rat,zimmermann2017,False,contradiction|no_dispersion|unread_source|sole_source
12,3,4,p_2aa51e3b8b,strain_frequency_dependence,L6,distraction frequency giving best regenerate at fixed 1.0 mm/day,60,increments/day,multiple,ilizarov1989,False,contradiction|no_dispersion|unread_source|sole_source
12,3,4,p_f3497932fd,terminal_cell_shape_modulation,L1,final terminal cell height during growth acceleration,31.2 -> 38.5,um,rat,hunziker1989,False,contradiction|derivation_word|sole_source
12,3,4,p_af0d989c66,terminal_cell_shape_modulation,L1,estimator behind every terminal cell HEIGHT value in hunziker1989,X(0deg) = 5 * mean cell volume / (pi * E,um,rat,cruzorive1986,False,contradiction|derivation_word|sole_source
12,3,4,p_d1875e164a,terminal_cell_shape_modulation,L1,"coefficient of error of each estimator, one animal, five blocks",height 19.3 / 23.8; width 4.3 / 10.4; me,% (proliferative / hyper,rat,cruzorive1986,False,contradiction|derivation_word|sole_source
12,3,4,p_70dc8b1abf,terminal_cell_shape_modulation,L1,contribution of cell height vs proliferative cell number to MECHANICALLY altered growth ra,1.39 vs 0.72,standardised regression ,multiple,stokes2007,False,contradiction|derivation_word|sole_source
12,3,4,p_c046fb2dfa,terminal_cell_shape_modulation,L1,axial vs transverse compliance of growth plate matrix,~10-fold more compliant axially,ratio,bovine,cohen1998,False,contradiction|derivation_word|sole_source
12,3,4,p_1f83177f67,terminal_cell_shape_modulation,L1,volume versus height as predictors of longitudinal bone growth,volume is the better predictor,qualitative,mouse,rubin2021,False,contradiction|derivation_word|sole_source
12,6,2,p_d1262bb88f,thanatophoric_dysplasia,L11,birth prevalence of thanatophoric dysplasia,"1 in 20,000",live births,human,tavormina1995,False,contradiction|grade_A_B|screen|unread_source|sole_source
12,6,2,p_1204a17c37,thanatophoric_dysplasia,L11,K650E frequency in thanatophoric dysplasia type II,16/16,cases,human,tavormina1995,False,contradiction|grade_A_B|screen|unread_source|sole_source
12,6,2,p_23a2ca9e3f,thanatophoric_dysplasia,L11,R248C frequency in thanatophoric dysplasia type I,22/39,cases,human,tavormina1995,False,contradiction|grade_A_B|screen|unread_source|sole_source
12,6,2,p_e88333b702,thanatophoric_dysplasia,L11,"cases with matched genotype, radiology and histopathology",91,cases,human,wilcox1998,False,contradiction|grade_A_B|screen|unread_source|sole_source
12,6,2,p_0820e6712e,thanatophoric_dysplasia,L11,"relative constitutive FGFR3 kinase activity, K650M vs K650E",~3,fold,in_vitro_human_cell,tavormina1999,False,contradiction|grade_A_B|screen|unread_source|sole_source
12,6,2,p_f17d08d21a,thyroid_hormone_t3,L4,"final height in screened, treated congenital hypothyroidism",-0.1,SDS,human,delvecchio2015,False,contradiction|grade_A_B|screen|unread_source|sole_source
12,6,2,p_8087327085,thyroid_hormone_t3,L4,serum T3 during Triac treatment of MCT8 deficiency,4.58 -> 1.66,nmol/L,human,van2022,False,contradiction|grade_A_B|screen|unread_source|sole_source
12,6,2,p_07a91fbcbe,tnap_alpl,L5,"One-year survival, perinatal/infantile hypophosphatasia on asfotase alfa vs historical con",95 vs 42,% surviving,human,whyte2016,False,contradiction|grade_A_B|screen|unread_source|sole_source
12,6,2,p_0ff210b31e,tnap_alpl,L5,"Five-year survival, perinatal/infantile hypophosphatasia on asfotase alfa vs historical co",84 vs 27,% surviving,human,whyte2016,False,contradiction|grade_A_B|screen|unread_source|sole_source
12,3,4,p_9b89ae57d4,transcon_growth_hormone,L12,recommended paediatric dose,0.24,mg/kg/week,human,fda_skytrofa_label_2026,False,grade_A_B|screen|no_dispersion|unread_source|sole_source
12,3,4,p_0296c00c3e,vertebral_growth_plate,L1,number of growth plates in the human vertebral column,more than 130,growth plates,human,dimeglio2020,False,flow_model|no_dispersion|unread_source|sole_source
12,3,4,p_d83b4b691e,vertebral_growth_plate,L1,per-plate vertebral growth rate,not reported,mm/year,human,dimeglio2020,False,flow_model|no_dispersion|unread_source|sole_source
12,6,2,p_1f7d5385aa,zonal_stiffness_gradient,L5,"Hertz reduced modulus, growth plate, microindentation",380-690,kPa,rabbit,eckstein2022,False,contradiction|flow_model|unread_source|sole_source
12,6,2,p_d7e6e017fa,zonal_stiffness_gradient,L5,"Elastic modulus, resting zone, sharp-tip AFM on human growth plate",130.70,MPa,human,xie2025,False,contradiction|flow_model|unread_source|sole_source
12,6,2,p_d1d4284224,zonal_stiffness_gradient,L5,"Elastic modulus, hypertrophic zone, sharp-tip AFM on human growth plate",416.20,MPa,human,xie2025,False,contradiction|flow_model|unread_source|sole_source
12,3,4,p_f2e9adb42b,zonal_stiffness_gradient,L5,"Regional variation in bovine physeal tensile strength, lateral vs medial",+33,% (strength); tangent mo,bovine,williams2001,False,contradiction|no_dispersion|unread_source|sole_source
10,5,2,p_0a9ec9757c,adult_height_attainment,L7,proportion of distal radial growth plates completely fused at age 17 (female) and 19 (male,"75 (female, 17 y); 90 (male, 19 y)",percent,human,kvist2021,False,contradiction|grade_A_B|unread_source|sole_source
10,5,2,p_e72589b9a6,adult_height_attainment,L7,"adult height, untreated aromatase-deficient men",188-204,cm,human,singhania2022,False,contradiction|grade_A_B|unread_source|sole_source
10,5,2,p_ac94080a52,adult_height_attainment,L7,adult height in untreated constitutional delay of growth and puberty,170.4 (boys); 157.8 (girls),cm,human,brmswig1990,False,contradiction|grade_A_B|unread_source|sole_source
10,5,2,p_1ae3146105,automated_bone_age_ai,L7,BoneXpert accuracy against the Greulich-Pyle atlas,0.42,years SD,human,thodberg2009,False,contradiction|grade_A_B|unread_source|sole_source
10,5,2,p_9ae5222087,automated_bone_age_ai,L7,BoneXpert accuracy against clinical Tanner-Whitehouse ratings,0.80,years SD,human,thodberg2009,False,contradiction|grade_A_B|unread_source|sole_source
10,5,2,p_c02c074486,bone_age_measurement_error,L7,95% confidence interval for between-method difference (GP minus TW2),-1.52 to +2.28,years,human,bull1999,False,contradiction|grade_A_B|unread_source|sole_source
10,5,2,p_be13c37252,bone_age_measurement_error,L7,95% limits of agreement between GP bone age and chronological age,approximately 2,years,human,guevel2026,False,contradiction|grade_A_B|unread_source|sole_source
10,5,2,p_90ead68566,cartilage_osmotic_swelling,L5,"Aggregate modulus HA, immature bovine cartilage, hypertonic 2 M NaCl",0.420,MPa,bovine,zimmerman2021,False,contradiction|grade_A_B|unread_source|sole_source
10,5,2,p_8448208080,cartilage_osmotic_swelling,L5,"Aggregate modulus HA, immature bovine cartilage, hypotonic 0.001 M NaCl",1.266,MPa,bovine,zimmerman2021,False,contradiction|grade_A_B|unread_source|sole_source
10,5,2,p_4e6aff5f38,cartilage_osmotic_swelling,L5,"Aggregate modulus HA, mature human cartilage, hypertonic 2 M NaCl",0.499,MPa,human,zimmerman2021,False,contradiction|grade_A_B|unread_source|sole_source
10,5,2,p_5a628cf4b1,cartilage_osmotic_swelling,L5,"Aggregate modulus HA, mature human cartilage, hypotonic 0.001 M NaCl",1.597,MPa,human,zimmerman2021,False,contradiction|grade_A_B|unread_source|sole_source
10,2,5,p_0115140873,cdc_growth_reference,L9,"target-height band of +/-1.64 SDS expressed in cm, girls",+/-10.6,cm,human,zeevi2024,False,grade_A_B|derivation_word|unread_source|sole_source
10,2,5,p_fe2371afe0,cdc_growth_reference,L9,"target-height band of +/-1.64 SDS expressed in cm, boys",+/-11.7,cm,human,zeevi2024,False,grade_A_B|derivation_word|unread_source|sole_source
10,2,5,p_77bc5e0a72,cranial_base_synchondrosis,L9,odds of a more advanced fusion stage in females at the same age,1.972,odds ratio,human,kim2024,False,grade_A_B|derivation_word|unread_source|sole_source
10,5,2,p_a08cddf167,distal_femur_plate,L1,share of femoral longitudinal growth,70,% of femoral length,human,pritchett1992,False,contradiction|grade_A_B|unread_source|sole_source
10,5,2,p_2c544daf75,distal_femur_plate,L1,"share of femoral growth, girls",60 (age 7) to 90 (age 14),% of femoral length,human,pritchett1992,False,contradiction|grade_A_B|unread_source|sole_source
10,5,2,p_69b58dcf07,distal_femur_plate,L1,"share of femoral growth, boys",55 (age 7) to 90 (age 16),% of femoral length,human,pritchett1992,False,contradiction|grade_A_B|unread_source|sole_source
10,5,2,p_d3f35010dc,distal_femur_plate,L1,absolute contribution to femoral growth,1.3,cm/year,human,pritchett1992,False,contradiction|grade_A_B|unread_source|sole_source
10,5,2,p_b4773ea198,distal_radius_plate,L1,"radial growth rate, girls",0.9,cm/year,human,pritchett1988,False,flow_model|grade_A_B|unread_source|sole_source
10,5,2,p_2bf6656756,distal_radius_plate,L1,"radial growth rate, boys",1.0,cm/year,human,pritchett1988,False,flow_model|grade_A_B|unread_source|sole_source
10,2,5,p_058be54503,dominant_negative_vs_haploinsufficiency,L8,stature premium of dominant-negative over haploinsufficient COL10A1 alleles,1.63,SDS,human,meng2025,False,grade_A_B|derivation_word|unread_source|sole_source
10,5,2,p_10bb45b2bc,fusion_timing_order,L7,complete growth plate fusion at age 17 in females (radius / femur / proximal tibia / dista,75 / 85 / 97 / 98 / 98,percent of subjects,human,kvist2021,False,contradiction|grade_A_B|unread_source|sole_source
10,5,2,p_d321285f89,fusion_timing_order,L7,complete growth plate fusion at age 19 in males (radius / femur / proximal tibia / distal ,90 / 97 / 95 / 97 / 98,percent of subjects,human,kvist2021,False,contradiction|grade_A_B|unread_source|sole_source
10,5,2,p_6fa69fe02e,fusion_timing_order,L7,number of epiphyses sequenced for beginning and complete union,21,epiphyses,human,schaefer2007,False,contradiction|grade_A_B|unread_source|sole_source
10,5,2,p_65a5c0bd0e,fusion_timing_order,L7,age range of partial union of sacral secondary ossification centres,15-21,years,human,cardoso2014,False,contradiction|grade_A_B|unread_source|sole_source
10,5,2,p_56f797c28f,growth_plate_drug_exposure,L12,vosoritide plasma half-life used as the exposure surrogate,21.0-27.9,minutes,human,fda_voxzogo_label_2025,False,contradiction|grade_A_B|unread_source|sole_source
10,5,2,p_cd27c6d895,growth_velocity_longitudinal,L1,range of elongation rates across four growth plates of one animal,50-400,um/24 h,rat,wilsman1996a,False,contradiction|grade_A_B|unread_source|sole_source
10,5,2,p_70ef8837dc,guided_growth_tension_band,L6,"correction rate, distal femur (mLDFA)",0.67,degrees/month,human,tolk2026,False,contradiction|grade_A_B|unread_source|sole_source
10,5,2,p_63def6f189,guided_growth_tension_band,L6,"correction rate, proximal tibia (mMPTA)",0.43,degrees/month,human,tolk2026,False,contradiction|grade_A_B|unread_source|sole_source
10,5,2,p_926909c7e5,guided_growth_tension_band,L6,proportion achieving neutral mechanical axis,68.7,%,human,tolk2026,False,contradiction|grade_A_B|unread_source|sole_source
10,2,5,p_18919cf3c2,height_heritability,L8,variance explained by ~17M imputed variants (GREML-LDMS),56,%,human,yang2015,False,grade_A_B|derivation_word|unread_source|sole_source
10,2,5,p_6017a21883,histomorphometry_physis,L13,"cells per column, human proliferative zone",24,cells,human,kember1976,False,grade_A_B|derivation_word|unread_source|sole_source
10,2,5,p_58663ada25,icp_growth_model,L9,onset of the childhood (GH-dependent) component,6-12,months of age,human,karlberg1990,False,grade_A_B|derivation_word|unread_source|sole_source
10,5,2,p_0b5e3ea6c8,inorganic_pyrophosphate,L5,"Plasma inorganic pyrophosphate, healthy adults",3.50,umol/L,human,russell1971,False,contradiction|grade_A_B|unread_source|sole_source
10,5,2,p_9e1ce02dc5,inorganic_pyrophosphate,L5,"Plasma inorganic pyrophosphate, quoted working range",1-6,umol/L,human,milln2016,False,contradiction|grade_A_B|unread_source|sole_source
10,5,2,p_a926fb8878,menarche_growth_remaining,L7,postmenarcheal height gain,8.0,cm,human,grdstedtbergho2024,False,contradiction|grade_A_B|unread_source|sole_source
10,5,2,p_be5c615fed,menarche_growth_remaining,L7,age at menarche,13.0,years,human,grdstedtbergho2024,False,contradiction|grade_A_B|unread_source|sole_source
10,5,2,p_a0800f762b,menarche_growth_remaining,L7,proportion of the QEPS specific pubertal growth function completed at menarche,71.6,percent,human,grdstedtbergho2024,False,contradiction|grade_A_B|unread_source|sole_source
10,2,5,p_9e713edb7b,methylphenidate_growth,L12,ratio of weight Z deficit to height Z deficit,~1.9,ratio,human,cao2026,False,grade_A_B|derivation_word|unread_source|sole_source
10,5,2,p_7fd6d7db7b,mineralization_front,L5,Tissue modulus step across the human GP-epiphysis interface,130.70 -> 11920,MPa (RZ cartilage -> epi,human,xie2025,False,contradiction|grade_A_B|unread_source|sole_source
10,5,2,p_f5b4fcc4a6,mineralization_front,L5,Tissue modulus step across the human GP-metaphysis interface,416.20 -> 3220,MPa (HZ cartilage -> met,human,xie2025,False,contradiction|grade_A_B|unread_source|sole_source
10,2,5,p_baf3c92b10,missing_heritability_height,L8,residual gap between molecular and family-based heritability,4-14,percentage points,human,yang2015,False,grade_A_B|derivation_word|unread_source|sole_source
10,2,5,p_01c993902e,muscle_bone_mechanical_coupling,L9,variance in total-body peak BMC velocity explained by peak lean mass velocity,50,percent,human,rauch2004,False,grade_A_B|derivation_word|unread_source|sole_source
10,5,2,p_cc07646429,navepegritide,L12,"LS mean difference in annualised growth velocity vs placebo, week 52",1.49,cm/yr,human,nct05598320,False,contradiction|grade_A_B|unread_source|sole_source
10,5,2,p_c816e70029,navepegritide,L12,"LS mean annualised growth velocity, navepegritide arm",5.89,cm/yr,human,nct05598320,False,contradiction|grade_A_B|unread_source|sole_source
10,5,2,p_07ab3be014,navepegritide,L12,"LS mean annualised growth velocity, placebo arm",4.41,cm/yr,human,nct05598320,False,contradiction|grade_A_B|unread_source|sole_source
10,5,2,p_a6ef46a40f,npr2_agonist_class,L12,pooled placebo-controlled effect of the class on annualised growth velocity,1.36,cm/yr,human,kamrulhasan2026,False,contradiction|grade_A_B|unread_source|sole_source
10,5,2,p_5a81136887,npr2_agonist_class,L12,dose of vosoritide at which urinary cGMP response is near saturation,15,ug/kg/day,human,fda_voxzogo_label_2025,False,contradiction|grade_A_B|unread_source|sole_source
10,2,5,p_aedcfd3600,npr2_heterozygous_short_stature,L11,height difference attributable to one lost NPR2 allele,~1.4,SDS,human,olney2006,False,grade_A_B|derivation_word|unread_source|sole_source
10,2,5,p_05de19a8a3,phosphate_homeostasis,L4,"additional growth velocity on burosumab, children",0.085,height Z-score per year,human,fukumoto2026,False,grade_A_B|derivation_word|unread_source|sole_source
10,5,2,p_cbb83b37ed,population_variation_fusion,L7,"mean Greulich-Pyle bone age minus chronological age, modern US cohort",2.9,months (bone age older),human,guevel2026,False,contradiction|grade_A_B|unread_source|sole_source
10,5,2,p_568cb3d634,population_variation_fusion,L7,"mean Greulich-Pyle bone age minus chronological age, Australian children",-2.2,months (bone age younger,human,paxton2013,False,contradiction|grade_A_B|unread_source|sole_source
10,5,2,p_fe8dd165a9,population_variation_fusion,L7,Greulich-Pyle bone age deficit in underweight patients,-15.9,months,human,guevel2026,False,contradiction|grade_A_B|unread_source|sole_source
10,5,2,p_de3fd37974,proximal_humerus_plate,L1,"humeral growth rate, boys",1.3,cm/year,human,pritchett1988,False,flow_model|grade_A_B|unread_source|sole_source
10,2,5,p_2f21f2334a,pubertal_growth_spurt,L4,morning estradiol at half-maximal pubertal growth (girls),20,pmol/L,human,albin2012,False,grade_A_B|derivation_word|unread_source|sole_source
10,5,2,p_a7f8a0d6a6,remaining_growth_prediction,L7,"mean adult height prediction error by method, boys with constitutional delay",RWT -0.6; Bayley-Pinneau +3.1; TW Mark I,cm (signed mean error),human,brmswig1990,False,contradiction|grade_A_B|unread_source|sole_source
10,5,2,p_2534d16bfd,remaining_growth_prediction,L7,"mean adult height prediction error by method, girls with constitutional delay",Bayley-Pinneau -0.8; TW Mark II -1.8; TW,cm (signed mean error),human,brmswig1990,False,contradiction|grade_A_B|unread_source|sole_source
10,5,2,p_7bcd8f078b,seasonality_growth_velocity,L4,"height velocity per additional daylight hour, GH treatment year 1",0.146,cm/yr per daylight hour,human,shulman2013,False,contradiction|grade_A_B|unread_source|sole_source
10,5,2,p_8b53963978,seasonality_growth_velocity,L4,"height velocity per additional daylight hour, GH treatment years 2+",0.121,cm/yr per daylight hour,human,shulman2013,False,contradiction|grade_A_B|unread_source|sole_source
10,5,2,p_6e767f1b0c,seasonality_growth_velocity,L4,summer-winter difference in length z-score velocity in infants,0.0026,z-score/day,human,narumi2020,False,contradiction|grade_A_B|unread_source|sole_source
10,2,5,p_bb9a7c8e08,secular_trend_height,L10,implied maximum sustained secular rate,2.0,cm/decade,human,ncd2016,False,grade_A_B|derivation_word|unread_source|sole_source
10,2,5,p_fb1c23199e,sex_difference_fusion_timing,L7,sex difference in age at complete growth plate fusion,approximately 2,years earlier in females,human,kvist2021,False,grade_A_B|derivation_word|unread_source|sole_source
10,2,5,p_a3ae08d200,sex_difference_fusion_timing,L7,odds ratio for complete fusion in overweight or obese versus normal weight,2.65-8.71 (females); 1.71-4.03 (males),odds ratio,human,kvist2021,False,grade_A_B|derivation_word|unread_source|sole_source
10,5,2,p_33137bd17b,site_specific_growth_rate,L1,distal ulnar share of ulnar growth,85,% of ulnar length,human,pritchett1991,False,contradiction|grade_A_B|unread_source|sole_source
10,5,2,p_b3062725f9,site_specific_growth_rate,L1,spread in proliferative cell cycle time between plates of one animal,2.5,fold (30.9 to 76.3 h),rat,wilsman1996a,False,contradiction|grade_A_B|unread_source|sole_source
10,2,5,p_f1b62e76dc,stunting,L10,serum IGF-1 difference associated with a positive malaria test,-4.7,ug/L,human,madigan2026,False,grade_A_B|derivation_word|unread_source|sole_source
10,2,5,p_d1e0b14477,suture_fusion_timing,L9,association of sagittal closure with cephalic index,-0.8,beta,human,han2025,False,grade_A_B|derivation_word|unread_source|sole_source
10,2,5,p_ede993348d,target_height_predictive_sd,L9,"probability that a child is at least 10 cm shorter than corrected target height, boys",1.5,percent,human,zeevi2024,False,grade_A_B|derivation_word|unread_source|sole_source
10,2,5,p_40f8645fa3,target_height_predictive_sd,L9,"probability that a child is at least 10 cm shorter than corrected target height, girls",1.0,percent,human,zeevi2024,False,grade_A_B|derivation_word|unread_source|sole_source
10,2,5,p_d9ed067432,turner_syndrome,L11,extra height per unit Y-chromosome dosage over inactive-X dosage,3.1,cm,human,berry2025,False,grade_A_B|derivation_word|unread_source|sole_source
10,5,2,p_ec91040469,vosoritide,L12,adjusted mean difference in annualised growth velocity vs placebo,1.57,cm/yr,human,savarirayan2020,False,contradiction|grade_A_B|unread_source|sole_source
9,3,3,p_6136e58554,brdu_edu_labeling,L13,human growth plate studies using thymidine-analogue labelling,1 located,studies,human,thurston1985,False,grade_A_B|screen|no_dispersion|sole_source
9,3,3,p_77a3973b22,cartilage_septum_resorption,L1,direction of cartilage septal thickness change with age,increasing,qualitative,human,byers2000,False,contradiction|no_dispersion|sole_source
9,3,3,p_20f3694765,elongation_budget,L1,cell cycle time and growth fraction move together and cancel,"T_c -33, growth fraction -33, turnover 0",% change,rat,hunziker1989,False,contradiction|no_dispersion|sole_source
9,3,3,p_bca87492ca,elongation_budget,L1,partition of physiological growth deceleration (35 to 80 days),"height -53, diameter +13, volume -56, ma",% change,rat,hunziker1989,False,contradiction|no_dispersion|sole_source
9,3,3,p_f962b0258b,terminal_cell_shape_modulation,L1,aspect ratio (height/diameter) of the terminal cell,1.04 -> 1.50,dimensionless,rat,hunziker1989,True,contradiction|no_dispersion|sole_source
9,3,3,p_e11c137d9c,terminal_cell_shape_modulation,L1,growth-rate budget reconstructed from hunziker1989's own tables,rate = (PZ height / proliferative cell h,um/day,rat,hunziker1989,True,contradiction|no_dispersion|sole_source
9,3,3,p_f84ede4925,terminal_cell_shape_modulation,L1,internal consistency of hunziker1989 Table 2 under its own estimator,21 d ratio 1.140; 35 d ratio 1.098; 80 d,implied E{X^2(90deg)} di,rat,hunziker1989,True,contradiction|no_dispersion|sole_source
9,3,3,p_94c2088f33,terminal_cell_shape_modulation,L1,matrix volume produced per cell,0,% change,rat,hunziker1989,False,contradiction|no_dispersion|sole_source
9,3,3,p_038a6186a3,terminal_cell_shape_modulation,L1,hypertrophic phase duration under pharmacological rescue,6 -> 4 -> 2.8,days,rat,hunziker1994,False,contradiction|no_dispersion|sole_source
9,3,3,p_c0bafe6b06,terminal_cell_shape_modulation,L1,proliferating and stem cell cycle time under pharmacological rescue,proliferating 11 -> 4.5 -> 3; stem 50 ->,days,rat,hunziker1994,False,contradiction|no_dispersion|sole_source
9,3,3,p_09086a6b6d,terminal_cell_shape_modulation,L1,terminal cell height and volume under pharmacological rescue,restored to physiological values,qualitative,rat,hunziker1994,False,contradiction|no_dispersion|sole_source
9,3,3,p_3af6a9878b,terminal_cell_shape_modulation,L1,"chondrocyte shape index, proliferative zone",1.57,dimensionless,mouse,prein2016,False,contradiction|no_dispersion|sole_source
9,3,3,p_337979dc66,terminal_cell_shape_modulation,L1,"transverse-to-axial modulus ratio, growth plate",9.7,ratio,bovine,cohen1998,True,contradiction|no_dispersion|sole_source
9,3,3,p_2f72272bd7,terminal_cell_shape_modulation,L1,terminal hypertrophic cell height under hormone rescue,19.5 / 27.3 / 26.5 / 29.8,um,rat,hunziker1994,False,contradiction|no_dispersion|sole_source
9,3,3,p_fc405b3e62,terminal_cell_shape_modulation,L1,terminal hypertrophic cell volume under hormone rescue,6370 / 9890 / 11140 / 10246,um^3,rat,hunziker1994,False,contradiction|no_dispersion|sole_source
9,3,3,p_4decaf9683,terminal_cell_shape_modulation,L1,implied aspect ratio of the terminal cell under hormone rescue,0.96 / 1.27 / 1.15 / 1.42,dimensionless,rat,hunziker1994,True,contradiction|no_dispersion|sole_source
9,3,3,p_4c98f2ab6d,terminal_cell_shape_modulation,L1,the published height metric conflates cell elongation with cell alignment,axial extent = intrinsic long-axis lengt,none,mouse,rubin2021,False,contradiction|no_dispersion|sole_source
9,3,3,p_ec7d32974b,terminal_cell_shape_modulation,L1,orientation-free cell axis lengths were extracted and not used in the predictor comparison,"PC1, PC2, PC3 coefficients and orientati",features available,mouse,rubin2021,True,contradiction|no_dispersion|sole_source
9,3,3,p_9080b87a48,terminal_cell_shape_modulation,L1,RE-ANALYSIS of rubin2021 raw data: does the orientation confound actually bite?,"no. elongation 96.7%, realignment 15.0%,","% of log rise, resting z",mouse,rubin2021,True,contradiction|no_dispersion|sole_source
9,3,3,p_e23f65bcf6,terminal_cell_shape_modulation,L1,which principal axis of the chondrocyte points along the bone,the SHORT axis. |cos| with P-D: PC1 long,mean |cos| with the prox,mouse,rubin2021,True,contradiction|no_dispersion|sole_source
9,3,3,p_edc6c6879a,terminal_cell_shape_modulation,L1,fraction of total chondrocyte volume increase occurring BEFORE the hypertrophic zone,65,%,mouse,rubin2021,False,contradiction|no_dispersion|sole_source
9,3,3,p_d328fe79a8,terminal_cell_shape_modulation,L1,"aspect ratio, resting versus hypertrophic chondrocytes",the same,dimensionless,mouse,rubin2021,False,contradiction|no_dispersion|sole_source
9,3,3,p_780436a9e2,terminal_cell_shape_modulation,L1,human terminal cell height and diameter,not measured together,none,human,thurston1985,False,contradiction|no_dispersion|sole_source
9,3,3,p_959613321d,zonal_stiffness_gradient,L5,Radial permeability of proliferative and hypertrophic zones relative to reserve zone,3,fold higher,porcine,sergerie2009,False,contradiction|no_dispersion|sole_source
8,2,4,p_1db6b10d46,acromesomelic_dysplasia_maroteaux,L11,plasma CNP and NT-proCNP in the AMDM proband,very high (qualitative),not_applicable,human,olney2006,False,grade_A_B|no_dispersion|unread_source|sole_source
8,2,4,p_d3358a2ed1,articular_cartilage,L9,knee MRI scans contributing the paediatric articular cartilage reference,240,knees,human,sidharthan2021,False,grade_A_B|no_dispersion|unread_source|sole_source
8,2,4,p_fa853f9c27,articular_cartilage,L9,association of patellar cartilage thickness with age or skeletal maturity,none,not_applicable,human,sidharthan2021,False,grade_A_B|no_dispersion|unread_source|sole_source
8,2,4,p_7f13d5959a,articular_cartilage,L9,effect of Ift80 deletion on articular versus growth plate cartilage,"articular thickened, plate shortened",not_applicable,mouse,yuan2015,False,grade_A_B|no_dispersion|unread_source|sole_source
8,2,4,p_4593a1ba20,assortative_mating_height,L8,co-parent pairs with polygenic indices analysed,47135,co-parents,human,sunde2024,False,grade_A_B|no_dispersion|unread_source|sole_source
8,2,4,p_384cce44fc,assortative_mating_height,L8,traits with genetic evidence of assortative mating,9,of 16 traits,human,sunde2024,False,grade_A_B|no_dispersion|unread_source|sole_source
8,2,4,p_4fb26aa482,assortative_mating_height,L8,traits showing offspring genetic variance inconsistent with equilibrium assortment,6,of 9 traits,human,sunde2024,False,grade_A_B|no_dispersion|unread_source|sole_source
8,2,4,p_e514ccefbd,body_proportion_development,L9,anterior cranial base length in short children born SGA,-1.8,SDS,human,van1998,False,grade_A_B|no_dispersion|unread_source|sole_source
8,2,4,p_f766f5f035,body_proportion_development,L9,mandibular size in short children born SGA,<= -1.7,SDS,human,van1998,False,grade_A_B|no_dispersion|unread_source|sole_source
8,2,4,p_972e9b23cf,body_proportion_development,L9,maxillary size in short children born SGA,-1.5,SDS,human,van1998,False,grade_A_B|no_dispersion|unread_source|sole_source
8,2,4,p_c311c4289f,body_proportion_development,L9,lower anterior face height in short children born SGA,+1.7,SDS,human,van1998,False,grade_A_B|no_dispersion|unread_source|sole_source
8,2,4,p_9355b3944e,body_proportion_development,L9,mandibular plane angle in short children born SGA,+1.9,SDS,human,van1998,False,grade_A_B|no_dispersion|unread_source|sole_source
8,2,4,p_e1edd53181,body_proportion_development,L9,cranial base angle in short children born SGA,+1.0,SDS,human,van1998,False,grade_A_B|no_dispersion|unread_source|sole_source
8,2,4,p_c0404b8410,brain_growth_trajectory,L9,increase in brain weight from birth to 3 years,4,fold,human,dekaban1978,False,grade_A_B|no_dispersion|unread_source|sole_source
8,2,4,p_01bac0b3ba,brain_growth_trajectory,L9,age at maximum brain weight,19,years,human,dekaban1978,False,grade_A_B|no_dispersion|unread_source|sole_source
8,2,4,p_e7409e2a7d,brain_growth_trajectory,L9,male-female difference in brain weight,9.8,percent,human,dekaban1978,False,grade_A_B|no_dispersion|unread_source|sole_source
8,2,4,p_2e3457ac82,brain_growth_trajectory,L9,brain volume metrics showing an adolescent spurt coincident with peak height velocity,0,metrics,human,bethlehem2022,False,grade_A_B|no_dispersion|unread_source|sole_source
8,2,4,p_e1f27c15df,calcium_intake_growth,L10,"independent effect of milk-mineral (Ca, P) intake on serum IGF-1",none,ug/L,human,hoppe2009,False,grade_A_B|no_dispersion|unread_source|sole_source
8,2,4,p_834d1bf5cd,calcium_intake_growth,L10,independent effect of milk-mineral intake on fasting insulin,none,pmol/L,human,hoppe2009,False,grade_A_B|no_dispersion|unread_source|sole_source
8,2,4,p_2362e211aa,catch_up_growth,L2,Minimum duration of supranormal height velocity conventionally required,1,year,human,wit2002,False,grade_A_B|no_dispersion|unread_source|sole_source
8,2,4,p_7006d70f12,cdc_growth_reference,L9,"male-female height difference at the 3rd percentile, age 20",12.2,cm,human,zeevi2024,False,grade_A_B|no_dispersion|unread_source|sole_source
8,2,4,p_ba4545790d,cdc_growth_reference,L9,"male-female height difference at the 97th percentile, age 20",14.7,cm,human,zeevi2024,False,grade_A_B|no_dispersion|unread_source|sole_source
8,2,4,p_f53ed24d90,cdc_growth_reference,L9,smoothing method,LMS,not_applicable,human,kuczmarski2002,False,grade_A_B|no_dispersion|unread_source|sole_source
8,4,2,p_c3842297ed,cell_cycle_time_pz,L1,"total cell cycle time, proliferative zone",48.7,h,rat,wilsman1996a,False,contradiction|screen|unread_source|sole_source
8,4,2,p_c690ea045a,cell_cycle_time_pz,L1,S phase duration,3.4-6.1,h,rat,wilsman1996a,False,contradiction|screen|unread_source|sole_source
8,4,2,p_380ad9775e,cell_cycle_time_pz,L1,M phase duration,0.5-0.6,h,rat,wilsman1996a,False,contradiction|screen|unread_source|sole_source
8,4,2,p_40a8961e29,cgmp_second_messenger,L3,peak CNP-stimulated intracellular cGMP increase with 10 uM tadalafil,37,% above vehicle,rat,wang2018,False,contradiction|screen|unread_source|sole_source
8,4,2,p_0f287cb02a,cgmp_second_messenger,L3,growth plate tissue cGMP increase with tadalafil 10 mg/kg/day,52,% above vehicle,rat,wang2018,False,contradiction|screen|unread_source|sole_source
8,4,2,p_f87f481fde,chondrocyte_column_formation,L1,proportion of clonal doublets with completed rotation (60-90 degrees),17.6,% of doublets,mouse,rubin2024,False,contradiction|screen|unread_source|sole_source
8,4,2,p_c742f329fa,chondrocyte_column_formation,L1,proportion of clonal doublets with completed rotation (60-90 degrees),19.4,% of doublets,mouse,rubin2024,False,contradiction|screen|unread_source|sole_source
8,4,2,p_28e5d9aae5,chondrocyte_column_formation,L1,proportion of complete rotations within postnatal columns,39.5,% of divisions,mouse,rubin2024,False,contradiction|screen|unread_source|sole_source
8,4,2,p_1301fc78e1,chondrocyte_column_formation,L1,proportion of complete rotations within postnatal columns,36.4,% of divisions,mouse,rubin2024,False,contradiction|screen|unread_source|sole_source
8,4,2,p_1e98525719,chondrocyte_column_formation,L1,proportion of near-perfect rotations (80-90 degrees) within postnatal columns,9.6,% of divisions,mouse,rubin2024,False,contradiction|screen|unread_source|sole_source
8,4,2,p_1d4df2d4c2,chondrocyte_column_formation,L1,proportion of near-perfect rotations (80-90 degrees) within postnatal columns,8.2,% of divisions,mouse,rubin2024,False,contradiction|screen|unread_source|sole_source
8,4,2,p_3fa72104d5,chondrocyte_column_formation,L1,proportion of complete rotations within postnatal clusters,15.5,% of divisions,mouse,rubin2024,False,contradiction|screen|unread_source|sole_source
8,4,2,p_96cae85157,chondrocyte_column_formation,L1,"clone long-axis to short-axis ratio, embryonic",0.201,PC3/PC1 ratio (mean),mouse,rubin2024,False,contradiction|screen|unread_source|sole_source
8,4,2,p_8fbe53d0c5,chondrocyte_column_formation,L1,"clone long-axis to short-axis ratio, embryonic",0.226,PC3/PC1 ratio (mean),mouse,rubin2024,False,contradiction|screen|unread_source|sole_source
8,2,4,p_24e166c39a,col2a1_gene,L8,COL2A1 glycine-substitution missense variants in consecutive SEDC families,6,of 7 families,human,zhan2025,False,grade_A_B|no_dispersion|unread_source|sole_source
8,2,4,p_feab9c47ac,col2a1_gene,L8,COL2A1 variant yield in idiopathic short stature,1,of 102 patients,human,andrade2022,False,grade_A_B|no_dispersion|unread_source|sole_source
8,2,4,p_da3d2e9be2,column_density,L1,growth plate parameter most strongly correlated with tibial length and growth rate,total growth plate width,qualitative,multiple,wilson2021,False,grade_A_B|no_dispersion|unread_source|sole_source
8,2,4,p_d71b4189a0,column_density,L1,new chondrocytes produced per day per plate,16400 (proximal tibia) vs 3700 (proximal,cells/day,rat,wilsman1996,False,grade_A_B|no_dispersion|unread_source|sole_source
8,2,4,p_94bb2c2688,comp_gene,L8,genetically diagnosed PSACH/EDM1 patients aggregated,830,patients,human,ni2026,False,grade_A_B|no_dispersion|unread_source|sole_source
8,2,4,p_082af01464,comp_gene,L8,COMP variants that are missense,80.8,%,human,ni2026,False,grade_A_B|no_dispersion|unread_source|sole_source
8,2,4,p_e803300e2e,comp_gene,L8,probands with a variant in the type-3 repeat domain,87.7,%,human,ni2026,False,grade_A_B|no_dispersion|unread_source|sole_source
8,2,4,p_716c760980,comp_gene,L8,probands with a variant in exon 13,38.9,%,human,ni2026,False,grade_A_B|no_dispersion|unread_source|sole_source
8,2,4,p_6eaaec9e47,comp_protein,L5,COMP oligomerisation state,5,subunits per molecule (p,rat,malashkevich1996,False,grade_A_B|no_dispersion|unread_source|sole_source
8,2,4,p_c823e86daa,cranial_base_synchondrosis,L9,subjects in the 3D CT fusion-staging series,630,subjects,human,kim2024,False,grade_A_B|no_dispersion|unread_source|sole_source
8,2,4,p_9f3817cc16,cranial_base_synchondrosis,L9,"age at spheno-occipital fusion stages 3-4, males",12.7-13.9,years,human,kim2024,False,grade_A_B|no_dispersion|unread_source|sole_source
8,2,4,p_128035b541,cranial_base_synchondrosis,L9,"age at spheno-occipital fusion stages 3-4, females",11.0-12.5,years,human,kim2024,False,grade_A_B|no_dispersion|unread_source|sole_source
8,2,4,p_cd18a28a28,craniofacial_growth,L9,anterior cranial base length in short SGA subjects,-1.8,SDS,human,van1998,False,grade_A_B|no_dispersion|unread_source|sole_source
8,2,4,p_921146a3cc,craniofacial_growth,L9,mandibular dimensions in short SGA subjects,<= -1.7,SDS,human,van1998,False,grade_A_B|no_dispersion|unread_source|sole_source
8,2,4,p_3aba8b5e23,craniofacial_growth,L9,maxillary dimension in short SGA subjects,-1.5,SDS,human,van1998,False,grade_A_B|no_dispersion|unread_source|sole_source
8,2,4,p_3125b18545,craniofacial_growth,L9,mandibular plane angle in short SGA subjects,+1.9,SDS,human,van1998,False,grade_A_B|no_dispersion|unread_source|sole_source
8,2,4,p_f37415abee,craniofacial_growth,L9,cranial base angle in short SGA subjects,+1.0,SDS,human,van1998,False,grade_A_B|no_dispersion|unread_source|sole_source
8,2,4,p_f0760cf294,craniofacial_growth,L9,lower anterior face height in short SGA subjects,+1.7,SDS,human,van1998,False,grade_A_B|no_dispersion|unread_source|sole_source
8,2,4,p_a954ae8ed3,craniofacial_growth,L9,dental age delay in the same short SGA subjects,none,years,human,van1998,False,grade_A_B|no_dispersion|unread_source|sole_source
8,2,4,p_d193047b13,craniofacial_growth,L9,"age at spheno-occipital synchondrosis fusion stages 3-4, males",12.7-13.9,years,human,kim2024,False,grade_A_B|no_dispersion|unread_source|sole_source
8,2,4,p_fac29e4fc1,de_novo_variant_growth,L8,genes under significant positive selection in the male germline,40,genes,human,neville2025,False,grade_A_B|no_dispersion|unread_source|sole_source
8,2,4,p_967f5ddafc,de_novo_variant_growth,L8,FGFR3 missense substitutions raising ligand-independent signalling,9,of 10 tested,human,moura2024,False,grade_A_B|no_dispersion|unread_source|sole_source
8,2,4,p_ea78fa88f5,dental_development_clock,L9,correlation of age at 90% dental maturity with age at peak height velocity,not significant,Pearson r,human,demirjian1985,False,grade_A_B|no_dispersion|unread_source|sole_source
8,2,4,p_4d196ccd76,dental_development_clock,L9,correlation of age at 90% dental maturity with age at menarche,not significant,Pearson r,human,demirjian1985,False,grade_A_B|no_dispersion|unread_source|sole_source
8,2,4,p_1b3810e828,dental_development_clock,L9,correlation of age at 90% dental maturity with age at 75% skeletal maturity,not significant,Pearson r,human,demirjian1985,False,grade_A_B|no_dispersion|unread_source|sole_source
8,2,4,p_6300d51062,dental_development_clock,L9,correlation between extent of dental age delay and extent of bone age delay in GHD,not significant,Pearson r,human,torliskawalkow2026,False,grade_A_B|no_dispersion|unread_source|sole_source
8,2,4,p_55de154f62,dental_development_clock,L9,dental age in short children born SGA,not delayed,years,human,van1998,False,grade_A_B|no_dispersion|unread_source|sole_source
8,2,4,p_7b6552c3a2,dental_development_clock,L9,correlation between dental and skeletal maturity stage in unselected schoolchildren,0.85,Pearson r,human,floresmir2005,False,grade_A_B|no_dispersion|unread_source|sole_source
8,2,4,p_aa2aeaade1,dental_development_clock,L9,correlation between dental and skeletal maturity in delayed maturers,0.751,Pearson r,human,floresmir2005,False,grade_A_B|no_dispersion|unread_source|sole_source
8,2,4,p_cc4bb6aa9c,diurnal_stature_variation,L6,mean circadian variation in adult stature,19.3,mm,human,tyrrell1985,False,grade_A_B|no_dispersion|unread_source|sole_source
8,2,4,p_371b07d749,diurnal_stature_variation,L6,fraction of diurnal loss regained in the first half of the night,70,%,human,tyrrell1985,False,grade_A_B|no_dispersion|unread_source|sole_source
8,2,4,p_b647409e0a,dna_methylation_growth_plate,L8,CpGs assayed in developing human chondrocytes,700000,CpG sites,human,mcdonnell2024,False,grade_A_B|no_dispersion|unread_source|sole_source
8,2,4,p_6cd0e578ee,dna_methylation_growth_plate,L8,CpGs showing significant developmental change,3,%,human,mcdonnell2024,False,grade_A_B|no_dispersion|unread_source|sole_source
8,2,4,p_194454b6c6,dna_methylation_growth_plate,L8,developmental differentially methylated regions,8200,DMRs,human,mcdonnell2024,False,grade_A_B|no_dispersion|unread_source|sole_source
8,2,4,p_a0a1e6d6f6,dna_methylation_growth_plate,L8,loci where osteoarthritis risk variants colocalise with methylation QTLs,24,loci,human,mcdonnell2024,False,grade_A_B|no_dispersion|unread_source|sole_source
8,2,4,p_01cb015b19,dominant_negative_vs_haploinsufficiency,L8,COMP probands with a variant in the type-3 calcium-binding repeat,87.7,%,human,ni2026,False,grade_A_B|no_dispersion|unread_source|sole_source
8,2,4,p_5e7e5ba6fe,dxa_body_composition,L13,DXA sensitivity to growth plate cartilage,none,qualitative,human,geo_census_l13b_20260805,False,grade_A_B|no_dispersion|unread_source|sole_source
8,2,4,p_f2ee729914,epigenetic_clock_growth,L8,CpG sites in the PedBE clock,94,CpG sites,human,mcewen2020,False,grade_A_B|no_dispersion|unread_source|sole_source
8,2,4,p_0e847ded37,epigenetic_clock_growth,L8,median absolute error of PedBE age prediction,0.35,years,human,mcewen2020,False,grade_A_B|no_dispersion|unread_source|sole_source
8,2,4,p_b2878f1628,epigenetic_clock_growth,L8,total methylation profiles assembled,1721,profiles,human,mcewen2020,False,grade_A_B|no_dispersion|unread_source|sole_source
8,2,4,p_d757594aa1,epiphyseal_vasculature,L1,endothelial phenotype of new ossification-centre vessels,CD34+ / CD31-negative,marker phenotype,human,walzer2014,False,grade_A_B|no_dispersion|unread_source|sole_source
8,2,4,p_36e993e1fe,epiphyseal_vasculature,L1,smooth muscle coverage of ossification-centre vessels,absent (no abluminal alpha-SMA+ cells),qualitative,human,walzer2014,False,grade_A_B|no_dispersion|unread_source|sole_source
8,2,4,p_57c9b52cc5,estrogen_biphasic_dose_effect,L4,childhood ethinyl estradiol dose used in the Turner trial,25 (ages 5-8) then 50 (ages >8-12),ng/kg/day,human,quigley2014,False,grade_A_B|no_dispersion|unread_source|sole_source
8,2,4,p_77cf866404,estrogen_biphasic_dose_effect,L4,estradiol cypionate dose that accelerates growth plate senescence and fusion,70,ug/kg per week i.m.,rabbit,weise2001,False,grade_A_B|no_dispersion|unread_source|sole_source
8,2,4,p_5beaae5273,estrogen_driven_fusion,L7,number of CYP19A1 mutation reports in males in the literature,15,published male cases,human,singhania2022,False,grade_A_B|no_dispersion|unread_source|sole_source
8,2,4,p_aa5a86addd,fgfr3_npr2_crosstalk,L3,cranial length rescue by GC-B(7E) in FGFR3-G380R/G380R mice,0,detectable rescue,mouse,wagner2021,False,grade_A_B|no_dispersion|unread_source|sole_source
8,2,4,p_3e9f04d1dc,final_adult_height_endpoint,L12,CNP analogue and FGFR3 inhibitor programmes reporting attained final or near-adult height,0,programmes,human,nct05145010,False,grade_A_B|no_dispersion|unread_source|sole_source
8,4,2,p_88aa627e7e,foxa2_resting_chondrocyte,L2,FoxA2+/PTHrP+ double-positive cells at P18,0.017,% of sorted growth plate,mouse,muruganandan2022,False,contradiction|screen|unread_source|sole_source
8,4,2,p_cdf736ff4b,foxa2_resting_chondrocyte,L2,FoxA2+ colonies reaching passage 9 or beyond,8.9,% (10/112 colonies),mouse,muruganandan2022,False,contradiction|screen|unread_source|sole_source
8,4,2,p_3fa199fdaf,foxa2_resting_chondrocyte,L2,FoxA2+ cells per growth plate section at P14,97.67,cells,mouse,muruganandan2022,False,contradiction|screen|unread_source|sole_source
8,2,4,p_16dd52917d,gene_environment_interaction_height,L8,twin pairs tested for parental-education moderation of height variance,65978,complete twin pairs,human,jelenkovic2020,False,grade_A_B|no_dispersion|unread_source|sole_source
8,2,4,p_3092b5f1fc,gene_environment_interaction_height,L8,"peak adolescent heritability, boys",0.83,h2,human,jelenkovic2016,False,grade_A_B|no_dispersion|unread_source|sole_source
8,2,4,p_333a716ab9,genomic_imprinting_growth,L8,Silver-Russell patients with paternal ICR1 loss of methylation,60,%,human,abi2019,False,grade_A_B|no_dispersion|unread_source|sole_source
8,2,4,p_3e1f0d65f2,genomic_imprinting_growth,L8,postnatal short stature in genetically confirmed Temple syndrome,87.0,%,human,ogawa2025,False,grade_A_B|no_dispersion|unread_source|sole_source
8,2,4,p_811e5fa6c3,genomic_imprinting_growth,L8,central precocious puberty in Temple syndrome,86.0,%,human,ogawa2025,False,grade_A_B|no_dispersion|unread_source|sole_source
8,2,4,p_09ba7bb08a,genomic_imprinting_growth,L8,small for gestational age in Temple syndrome,88.3,%,human,ogawa2025,False,grade_A_B|no_dispersion|unread_source|sole_source
8,2,4,p_e1612b80cd,genomic_imprinting_growth,L8,postnatal short stature (by about 2 years),87.0,%,human,ogawa2025,False,grade_A_B|no_dispersion|unread_source|sole_source
8,2,4,p_ba86108b19,genomic_imprinting_growth,L8,central precocious puberty,86.0,%,human,ogawa2025,False,grade_A_B|no_dispersion|unread_source|sole_source
8,2,4,p_a943ce4f63,genomic_imprinting_growth,L8,median height SDS before growth hormone,-3.4,SDS,human,ogawa2025,False,grade_A_B|no_dispersion|unread_source|sole_source
8,2,4,p_584df628f7,genomic_imprinting_growth,L8,median height SDS after growth hormone,-2.4,SDS,human,ogawa2025,False,grade_A_B|no_dispersion|unread_source|sole_source
8,2,4,p_d4f4c1bdfa,geo_accession_inventory,L13,"GEO DataSets records matching ""growth plate""",1472,records,multiple,geo_census_20260805,False,grade_A_B|no_dispersion|unread_source|sole_source
8,2,4,p_6660ebef8e,geo_accession_inventory,L13,"GEO growth plate records, Mus musculus",919,records,mouse,geo_census_20260805,False,grade_A_B|no_dispersion|unread_source|sole_source
8,2,4,p_90bcb4c752,geo_accession_inventory,L13,"GEO growth plate records, Homo sapiens",141,records,human,geo_census_20260805,False,grade_A_B|no_dispersion|unread_source|sole_source
8,2,4,p_5c55e20f4c,geo_accession_inventory,L13,"GEO growth plate single-cell records, all species",60,records,multiple,geo_census_20260805,False,grade_A_B|no_dispersion|unread_source|sole_source
8,2,4,p_81b8d0619c,geo_accession_inventory,L13,"GEO growth plate single-cell records, human",18,records,human,geo_census_20260805,False,grade_A_B|no_dispersion|unread_source|sole_source
8,2,4,p_9ee8aefb3d,geo_accession_inventory,L13,"GEO growth plate spatial-transcriptomics records, all species",7,records,multiple,geo_census_20260805,False,grade_A_B|no_dispersion|unread_source|sole_source
8,2,4,p_d088de1503,geo_accession_inventory,L13,"GEO growth plate spatial-transcriptomics records, human",0,records,human,geo_census_20260805,False,grade_A_B|no_dispersion|unread_source|sole_source
8,2,4,p_92888770ed,geo_accession_inventory,L13,rows in the multi-repository dataset inventory,61,datasets,multiple,geo_census_l13b_20260805,False,grade_A_B|no_dispersion|unread_source|sole_source
8,2,4,p_7c1af15de7,geo_accession_inventory,L13,inventory rows that map to at least one existing atlas gap_id,45,datasets,multiple,geo_census_l13b_20260805,False,grade_A_B|no_dispersion|unread_source|sole_source
8,2,4,p_c552fb469b,geo_accession_inventory,L13,distinct existing gap_ids addressable by reanalysis of already-public data,36,gap_ids,multiple,geo_census_l13b_20260805,False,grade_A_B|no_dispersion|unread_source|sole_source
8,2,4,p_a7f9792297,geo_accession_inventory,L13,human donors underlying the only zone-resolved human growth plate transcriptome,2,donors,human,gse9160,False,grade_A_B|no_dispersion|unread_source|sole_source
8,2,4,p_8a0bb8ac26,geo_accession_inventory,L13,GTEx tissues that are cartilage or growth plate,0,tissues,human,geo_census_l13b_20260805,False,grade_A_B|no_dispersion|unread_source|sole_source
8,2,4,p_0eb3c19c44,glucocorticoid_sparing_strategy,L12,glucocorticoid-sparing agents with a randomised attained-adult-height endpoint,0,agents,human,clemens2026,False,grade_A_B|no_dispersion|unread_source|sole_source
8,2,4,p_5aac7d53dc,gnrh_analog_triptorelin,L12,comparability of 3-monthly leuprolide and triptorelin on suppression and growth,comparable,not applicable,human,thaneetrakool2025,False,grade_A_B|no_dispersion|unread_source|sole_source
8,2,4,p_eda413c533,gravity_posture_spinal_loading,L6,stature recovered in the first half of the night (recumbency),70,% of daily loss,human,tyrrell1985,False,grade_A_B|no_dispersion|unread_source|sole_source
8,2,4,p_80e2d5c900,gravity_posture_spinal_loading,L6,stature gain under weightlessness,up to 3,%,human,young2023,False,grade_A_B|no_dispersion|unread_source|sole_source
8,2,4,p_d0c425de85,greulich_pyle_method,L7,mean interobserver spread of GP bone age,0.96,years,human,king1994,False,grade_A_B|no_dispersion|unread_source|sole_source
8,2,4,p_bf599b84e5,greulich_pyle_method,L7,"intra-observer 95% limits of agreement, GP",-2.46 to +2.18,years,human,bull1999,False,grade_A_B|no_dispersion|unread_source|sole_source
8,2,4,p_71a08c6596,greulich_pyle_method,L7,mean time to perform a GP assessment,1.4,minutes,human,king1994,False,grade_A_B|no_dispersion|unread_source|sole_source
8,2,4,p_d447b45a8a,growth_cessation,L7,proliferation rate at which longitudinal growth and fusion coincide,approaching zero,chondrocyte proliferatio,rabbit,weise2001,False,grade_A_B|no_dispersion|unread_source|sole_source
8,2,4,p_4b88523d6f,growth_plate,L1,growth plate variable most strongly correlated with tibial length and growth rate,total growth plate width,qualitative rank,multiple,wilson2021,False,grade_A_B|no_dispersion|unread_source|sole_source
8,2,4,p_daddf113f7,growth_plate,L1,chondrocytes lost per column at the vascular front,8,cells/day,rat,hunziker1987,False,grade_A_B|no_dispersion|unread_source|sole_source
8,2,4,p_3589f6efc0,growth_plate_height,L1,plate variables correlating linearly with tibial length and growth rate,"total height, resting zone height, combi",qualitative list,mouse,wilson2021,False,grade_A_B|no_dispersion|unread_source|sole_source
8,2,4,p_478301363d,growth_velocity_curve,L9,"velocity at pubertal take-off, boys",5.43,cm/yr,human,galvo2025,False,grade_A_B|no_dispersion|unread_source|sole_source
8,2,4,p_f7d62a4e24,growth_velocity_curve,L9,"velocity at pubertal take-off, girls",5.85,cm/yr,human,galvo2025,False,grade_A_B|no_dispersion|unread_source|sole_source
8,2,4,p_b043e944a5,growth_velocity_curve,L9,"correlation of age at peak height velocity with age at peak bone mineral content velocity,",0.77,Pearson r,human,elhakeem2024,False,grade_A_B|no_dispersion|unread_source|sole_source
8,2,4,p_9cb599ffcf,head_circumference_growth,L9,age range of the WHO head circumference velocity standards,0-24,months,human,who_velocity_2009,False,grade_A_B|no_dispersion|unread_source|sole_source
8,2,4,p_1c1bfed45c,head_circumference_growth,L9,increase in brain weight from birth to 3 years,4,fold,human,dekaban1978,False,grade_A_B|no_dispersion|unread_source|sole_source
8,2,4,p_d1d05d65cf,head_circumference_growth,L9,pubertal spurt in head circumference,none,not_applicable,human,bethlehem2022,False,grade_A_B|no_dispersion|unread_source|sole_source
8,2,4,p_f9f9fe0828,height_heritability,L8,twin pairs included,162293,pairs,human,dewau2025,False,grade_A_B|no_dispersion|unread_source|sole_source
8,2,4,p_7f33c7bbb0,height_heritability,L8,parent-offspring pairs included,380195,pairs,human,dewau2025,False,grade_A_B|no_dispersion|unread_source|sole_source
8,2,4,p_14bf09e80d,height_heritability,L8,"peak heritability of height in adolescence, boys",0.83,h2 (proportion of varian,human,jelenkovic2016,False,grade_A_B|no_dispersion|unread_source|sole_source
8,2,4,p_fec4d519ca,height_heritability,L8,"peak heritability of height in adolescence, girls",0.76,h2 (proportion of varian,human,jelenkovic2016,False,grade_A_B|no_dispersion|unread_source|sole_source
8,2,4,p_026d80b363,height_polygenic_score,L8,"phenotypic variance explained, European ancestry",40,%,human,yengo2022,False,grade_A_B|no_dispersion|unread_source|sole_source
8,2,4,p_e95f2dce1c,height_polygenic_score,L8,"phenotypic variance explained, non-European ancestries",10-20,%,human,yengo2022,False,grade_A_B|no_dispersion|unread_source|sole_source
8,2,4,p_8a1cf21bd0,height_polygenic_score,L8,prediction accuracy from joint WGS modelling,46,%,human,depope2026,False,grade_A_B|no_dispersion|unread_source|sole_source
8,2,4,p_33017af21a,height_polygenic_score,L8,"height variance explained by PGS, European ancestry",40,%,human,yengo2022,False,grade_A_B|no_dispersion|unread_source|sole_source
8,2,4,p_be2f9bc76c,height_polygenic_score,L8,"height variance explained by PGS, non-European ancestries",10-20,%,human,yengo2022,False,grade_A_B|no_dispersion|unread_source|sole_source
8,2,4,p_5cc6e7b0ea,height_polygenic_score,L8,new African-ancestry secondary signals with MAF < 5%,2,of 20 signals,human,graff2021,False,grade_A_B|no_dispersion|unread_source|sole_source
8,2,4,p_1aba99195a,height_sds_z_score,L9,smooth curves fitted by the LMS method,3,curves,human,cole1992,False,grade_A_B|no_dispersion|unread_source|sole_source
8,2,4,p_13d293ac2f,height_sds_z_score,L9,fitting criterion,penalized likelihood,not_applicable,human,cole1992,False,grade_A_B|no_dispersion|unread_source|sole_source
8,2,4,p_e617d70b18,histomorphometry_physis,L13,distal femoral growth rate used in the cycle-time derivation,1.4,cm/yr,human,kember1976,False,grade_A_B|no_dispersion|unread_source|sole_source
8,2,4,p_b6587122ab,hmga2_gene,L8,replication sample size for the HMGA2 height association,19064,adults,human,weedon2007,False,grade_A_B|no_dispersion|unread_source|sole_source
8,4,2,p_fe6f617c35,hueter_volkmann_law,L6,growth of compressed rat tail vertebra,52,% of contralateral/adjac,rat,stokes2002,False,contradiction|screen|unread_source|sole_source
8,2,4,p_9c99fc0a72,human_cell_atlas_skeletal,L13,HCA projects indexed to a cartilage or growth plate organ term,0,projects,human,geo_census_l13b_20260805,False,grade_A_B|no_dispersion|unread_source|sole_source
8,2,4,p_5dd1fabff1,human_cell_atlas_skeletal,L13,HCA projects indexed to bone tissue,6,projects,human,geo_census_l13b_20260805,False,grade_A_B|no_dispersion|unread_source|sole_source
8,2,4,p_529a80ab7e,human_cell_atlas_skeletal,L13,HCA projects indexed to bone marrow,9,projects,human,geo_census_l13b_20260805,False,grade_A_B|no_dispersion|unread_source|sole_source
8,2,4,p_dc66b4c373,hydroxyapatite_nucleation,L5,"Extracellular Ca in porcine growth plate, all zones",~0.7,% dry mass (~58 mmol/kg ,porcine,althoff1982,False,grade_A_B|no_dispersion|unread_source|sole_source
8,2,4,p_641e83b262,hydroxyapatite_nucleation,L5,"Extracellular P in porcine growth plate, non-mineralizing zones",0.1-0.2,% dry mass (~10-20 mmol/,porcine,althoff1982,False,grade_A_B|no_dispersion|unread_source|sole_source
8,2,4,p_1255e8278f,hydroxyapatite_nucleation,L5,Ca x P ion product in growth plate relative to the in vitro mineralization threshold,much greater than 2,mM^2 (threshold 2 mM^2),porcine,althoff1982,False,grade_A_B|no_dispersion|unread_source|sole_source
8,2,4,p_85fdc72424,hydroxyapatite_nucleation,L5,Collagen gap zone length available for intrafibrillar nucleation,40,nm,in_vitro_animal_cell,nudelman2010,False,grade_A_B|no_dispersion|unread_source|sole_source
8,4,2,p_3b68435e08,hypertrophic_chondrocyte,L1,"terminal hypertrophic cell height, full human series",29-38,um,human,kember1976,False,contradiction|screen|unread_source|sole_source
8,4,2,p_69af123551,hypertrophic_chondrocyte,L1,terminal hypertrophic cell volume,4135-14997,um^3,rat,wilsman1996,False,contradiction|screen|unread_source|sole_source
8,4,2,p_0f918d9985,hypertrophic_chondrocyte,L1,cell fraction of the volume removed at the chondro-osseous junction,0.504-0.685,fraction,rat,wilsman1996,False,contradiction|screen|unread_source|sole_source
8,2,4,p_414c00f18b,hypertrophic_zone,L1,time for the whole hypertrophic column to turn over,24,h,mouse,cooper2013,False,grade_A_B|no_dispersion|unread_source|sole_source
8,2,4,p_1d4432ca6f,hypertrophic_zone,L1,correlation of hypertrophic zone height with tibial growth rate,no significant linear correlation,qualitative,mouse,wilson2021,False,grade_A_B|no_dispersion|unread_source|sole_source
8,2,4,p_fde332d6e3,icp_growth_model,L9,age at which the infancy component has virtually ceased,3,years,human,karlberg1990,False,grade_A_B|no_dispersion|unread_source|sole_source
8,2,4,p_c817020112,icp_growth_model,L9,prevalence of an absent IC spurt in untreated GH deficiency,100,percent,human,karlberg1990,False,grade_A_B|no_dispersion|unread_source|sole_source
8,2,4,p_5cd9f6b916,icp_growth_model,L9,number of additive components in the model,3,components,human,karlberg1987,False,grade_A_B|no_dispersion|unread_source|sole_source
8,2,4,p_fd364cb536,igf2_h19_imprinting,L8,Silver-Russell syndrome cases with paternal ICR1 loss of methylation,60,%,human,abi2019,False,grade_A_B|no_dispersion|unread_source|sole_source
8,2,4,p_87dff05696,igf2_h19_imprinting,L8,Beckwith-Wiedemann syndrome cases with maternal ICR1 hypermethylation,10,%,human,abi2019,False,grade_A_B|no_dispersion|unread_source|sole_source
8,2,4,p_4228e84af5,igfals_gene,L8,height deficit relative to midparental height SDS,-1.4,SDS,human,domen2009,False,grade_A_B|no_dispersion|unread_source|sole_source
8,2,4,p_bcf540a7ce,igfals_gene,L8,patients with pubertal delay,50,%,human,domen2009,False,grade_A_B|no_dispersion|unread_source|sole_source
8,2,4,p_1594461e66,infancy_growth_nutrition_dependence,L9,variance in early linear growth attributable to site under growth-permitting conditions,3,percent,human,who2006,False,grade_A_B|no_dispersion|unread_source|sole_source
8,2,4,p_68d64e28c9,infancy_growth_nutrition_dependence,L9,variance in early linear growth attributable to individuals within sites,70,percent,human,who2006,False,grade_A_B|no_dispersion|unread_source|sole_source
8,2,4,p_ef73566a9a,infancy_growth_nutrition_dependence,L9,share of adult height attained in the first year of life,15,percent,human,pridik2026,False,grade_A_B|no_dispersion|unread_source|sole_source
8,4,2,p_ee419f4fb9,infigratinib_growth,L12,"LS mean difference in annualised height velocity vs placebo, week 52",1.74,cm/yr,human,savarirayan2026infig,False,contradiction|screen|unread_source|sole_source
8,4,2,p_babd647415,infigratinib_growth,L12,"LS mean difference in height z score vs placebo, week 52",0.32,z-score,human,savarirayan2026infig,False,contradiction|screen|unread_source|sole_source
8,2,4,p_d8104f5700,knemometry,L13,sensitivity of knemometry to inhaled corticosteroid systemic effect,greater than 24-hour urinary cortisol ex,comparative,human,chawes2017,False,grade_A_B|no_dispersion|unread_source|sole_source
8,2,4,p_9b9e022adf,knemometry,L13,typical knemometric trial duration for corticosteroid growth suppression,2,weeks,human,wolthers2017,False,grade_A_B|no_dispersion|unread_source|sole_source
8,2,4,p_473681b063,laser_capture_microdissection_zonal,L13,human donors contributing zone-resolved transcriptomes,2,donors,human,gse9160,False,grade_A_B|no_dispersion|unread_source|sole_source
8,2,4,p_e591f3b4f0,laser_capture_microdissection_zonal,L13,rat zonal microdissection arrays,35,arrays,rat,gse16981,False,grade_A_B|no_dispersion|unread_source|sole_source
8,2,4,p_79ec19850a,laser_capture_microdissection_zonal,L13,"COL10A1 in resting-zone sample as percentage of same donor hypertrophic zone, donor 1",0.6,%,human,gse9160,False,grade_A_B|no_dispersion|unread_source|sole_source
8,2,4,p_be22bcaba0,laser_capture_microdissection_zonal,L13,"COL10A1 in resting-zone sample as percentage of same donor hypertrophic zone, donor 2",15.1-35.8,%,human,gse9160,False,grade_A_B|no_dispersion|unread_source|sole_source
8,2,4,p_6ef6f32368,limb_segment_proportion,L9,children contributing to the Japanese arm span reference,11059,children,human,hirano2025,False,grade_A_B|no_dispersion|unread_source|sole_source
8,2,4,p_8b6f978291,limb_segment_proportion,L9,"age at which the arm span/height ratio plateaus, Japanese versus Dutch and Turkish",earlier in Japanese,years,human,hirano2025,False,grade_A_B|no_dispersion|unread_source|sole_source
8,2,4,p_f9f7084036,limb_segment_proportion,L9,change in arm span through childhood,monotonic increase with a pubertal accel,not_applicable,human,hirano2025,False,grade_A_B|no_dispersion|unread_source|sole_source
8,2,4,p_57f17a2e9a,link_protein_hapln1,L5,"Molar ratio of link protein to aggrecan G1 domain, human cartilage >13 years",<1,mol:mol,human,wells2003,False,grade_A_B|no_dispersion|unread_source|sole_source
8,2,4,p_150cc651aa,link_protein_hapln1,L5,Direction of change in monomers per aggregate with age,decreasing,qualitative,multiple,buckwalter1994,False,grade_A_B|no_dispersion|unread_source|sole_source
8,2,4,p_9c318736d0,maternal_nutrition_offspring_height,L10,age window in which Atole supplementation reduced stunting,<3,years,human,martorell2017,False,grade_A_B|no_dispersion|unread_source|sole_source
8,2,4,p_04416e1913,maternal_nutrition_offspring_height,L10,increase in adult male wages after Atole through age 2,46,%,human,martorell2017,False,grade_A_B|no_dispersion|unread_source|sole_source
8,2,4,p_1a215ad0b5,matrilin3,L5,Cartilage collagen fibril diameter in matrilin-1/matrilin-3 double-null mice,abnormally thick and irregular,qualitative; nm not extr,mouse,nicolae2007,False,grade_A_B|no_dispersion|unread_source|sole_source
8,2,4,p_15422ee226,matrix_gla_protein,L5,Survival of Mgp-/- mice,<2,months,mouse,luo1997,False,grade_A_B|no_dispersion|unread_source|sole_source
8,2,4,p_2d0301cd57,matrix_vesicle,L5,Skeletal mineral in Phospho1-/-;Alpl-/- double null mice,0,detectable mineral,mouse,yadav2011,False,grade_A_B|no_dispersion|unread_source|sole_source
8,2,4,p_70aa671feb,matrix_vesicle,L5,Site of mineral initiation failure in Alpl-/- growth plate,extravesicular,qualitative localisation,mouse,anderson2004,False,grade_A_B|no_dispersion|unread_source|sole_source
8,2,4,p_258559d813,mecasermin_igf1,L12,proportion of Laron syndrome patients reaching near-adult height within the normal range,10.5,percent,human,ramonkrauel2026,False,grade_A_B|no_dispersion|unread_source|sole_source
8,2,4,p_384bad1897,mendelian_randomization_height,L8,adult height change per 1 SD genetically predicted serum IGF-1,0.09,SD,human,de2026,False,grade_A_B|no_dispersion|unread_source|sole_source
8,2,4,p_d6da856999,mendelian_randomization_height,L8,GIANT non-Hispanic White outcome sample,1176465,individuals,human,de2026,False,grade_A_B|no_dispersion|unread_source|sole_source
8,2,4,p_d933dd968a,metatarsal_explant_culture,L13,human fetal metatarsal culture dose-response studies located,0,studies,human,geo_census_l13b_20260805,False,grade_A_B|no_dispersion|unread_source|sole_source
8,2,4,p_beac8dc665,micro_ct_growth_plate,L13,"transphyseal bony bridges counted by micro-CT, wild-type mouse sham tibia",495,bridges,mouse,samvelyan2022,False,grade_A_B|no_dispersion|unread_source|sole_source
8,2,4,p_5ad9d1c5f6,micro_ct_growth_plate,L13,"transphyseal bony bridges counted by micro-CT, Socs2-/- mouse tibia",187,bridges,mouse,samvelyan2022,False,grade_A_B|no_dispersion|unread_source|sole_source
8,2,4,p_4f29a41314,mid_parental_target_height,L9,conventional sex correction applied to mid-parental height,6.5,cm,human,tanner1970,False,grade_A_B|no_dispersion|unread_source|sole_source
8,2,4,p_f974691c90,mid_parental_target_height,L9,male-female height difference at the 3rd percentile,12.2,cm,human,zeevi2024,False,grade_A_B|no_dispersion|unread_source|sole_source
8,2,4,p_4d35c07b36,mid_parental_target_height,L9,male-female height difference at the 97th percentile,14.7,cm,human,zeevi2024,False,grade_A_B|no_dispersion|unread_source|sole_source
8,2,4,p_fd810e43c7,mid_parental_target_height,L9,multiplicative sex-correction factor fitting CDC matched-percentile heights,1.08,ratio,human,zeevi2024,False,grade_A_B|no_dispersion|unread_source|sole_source
8,2,4,p_c829da7193,mid_parental_target_height,L9,regression slope of standardised child height on standardised mid-parental height,0.79,dimensionless,human,zeevi2024,False,grade_A_B|no_dispersion|unread_source|sole_source
8,2,4,p_1e3e897ac6,mid_parental_target_height,L9,"regression slope of adult height on mid-parental height, girls",0.75,cm/cm,human,luo1998,False,grade_A_B|no_dispersion|unread_source|sole_source
8,2,4,p_266ef7cfca,mid_parental_target_height,L9,variance in adult child height explained by mid-parental height,36,percent,human,zeevi2024,False,grade_A_B|no_dispersion|unread_source|sole_source
8,2,4,p_11b71bca5f,migration_studies_height,L10,"mean height at age 18, Turkish- and Moroccan-origin, 2009",177 (boys) / 163 (girls),cm,human,schnbeck2015,False,grade_A_B|no_dispersion|unread_source|sole_source
8,2,4,p_203f0fe487,mini_puberty_infancy,L9,infants in the Copenhagen Minipuberty Study cohort,189,infants,human,pridik2026,False,grade_A_B|no_dispersion|unread_source|sole_source
8,2,4,p_6dbd9f204b,mini_puberty_infancy,L9,duration of the male growth-velocity advantage after birth,3,months,human,pridik2026,False,grade_A_B|no_dispersion|unread_source|sole_source
8,2,4,p_9a42d052ee,mini_puberty_infancy,L9,share of adult height gained in the first year,15,percent,human,pridik2026,False,grade_A_B|no_dispersion|unread_source|sole_source
8,2,4,p_2a07b06bd6,missing_heritability_height,L8,variance explained by first-generation genome-wide significant height SNPs,5,%,human,yang2015,False,grade_A_B|no_dispersion|unread_source|sole_source
8,2,4,p_ec17d2346d,missing_heritability_height,L8,fraction of pedigree heritability captured by whole-genome sequencing,88,%,human,wainschtein2026,False,grade_A_B|no_dispersion|unread_source|sole_source
8,2,4,p_58b10a6b27,missing_heritability_height,L8,share of pedigree heritability from common variants (MAF >= 1%),68,%,human,wainschtein2026,False,grade_A_B|no_dispersion|unread_source|sole_source
8,2,4,p_f4fbc84b2d,missing_heritability_height,L8,share of pedigree heritability from rare variants (MAF < 1%),20,%,human,wainschtein2026,False,grade_A_B|no_dispersion|unread_source|sole_source
8,2,4,p_84991df45d,missing_heritability_height,L8,share of rare-variant heritability that is non-coding,79,%,human,wainschtein2026,False,grade_A_B|no_dispersion|unread_source|sole_source
8,2,4,p_2cfb2e8a0d,mkrn3_gene,L4,proportion of central precocious puberty families with an MKRN3 mutation,5 of 15,families,human,abreu2013,False,grade_A_B|no_dispersion|unread_source|sole_source
8,2,4,p_f266d1f9c4,mri_physeal_closure_staging,L7,"inter-observer agreement, cartilage sequence, femur and tibia",0.86 (femur) / 0.90 (tibia),kappa,human,kvist2020,False,grade_A_B|no_dispersion|unread_source|sole_source
8,2,4,p_547f2df80b,mri_physeal_closure_staging,L7,"inter-observer agreement, T1-weighted sequence, general radiologists",0.56 (femur) / 0.34 (tibia),kappa,human,kvist2020,False,grade_A_B|no_dispersion|unread_source|sole_source
8,2,4,p_eb36f573b2,muscle_bone_mechanical_coupling,L9,"lead of peak lean mass velocity over peak bone mineral content velocity, total body, boys",0.36,years,human,rauch2004,False,grade_A_B|no_dispersion|unread_source|sole_source
8,2,4,p_9f53f6b8ec,muscle_bone_mechanical_coupling,L9,"lead of peak lean mass velocity over peak bone mineral content velocity, total body, girls",0.51,years,human,rauch2004,False,grade_A_B|no_dispersion|unread_source|sole_source
8,2,4,p_d04dc925c8,muscle_bone_mechanical_coupling,L9,"lead in the arms, girls",0.71,years,human,rauch2004,False,grade_A_B|no_dispersion|unread_source|sole_source
8,2,4,p_82b9cebc0f,muscle_bone_mechanical_coupling,L9,"lead in the arms, boys",0.63,years,human,rauch2004,False,grade_A_B|no_dispersion|unread_source|sole_source
8,2,4,p_183b97e3bd,muscle_bone_mechanical_coupling,L9,"lead in the lower extremities, girls",0.22,years,human,rauch2004,False,grade_A_B|no_dispersion|unread_source|sole_source
8,2,4,p_6d6ef2e680,muscle_bone_mechanical_coupling,L9,"lead in the lower extremities, boys",0.48,years,human,rauch2004,False,grade_A_B|no_dispersion|unread_source|sole_source
8,2,4,p_889452e880,muscle_bone_mechanical_coupling,L9,independent association of peak height velocity with peak BMC velocity,none,not_applicable,human,rauch2004,False,grade_A_B|no_dispersion|unread_source|sole_source
8,2,4,p_2be61cd694,ncd_risc_height_dataset,L10,adult studies pooled,1472,studies,human,ncd2016,False,grade_A_B|no_dispersion|unread_source|sole_source
8,2,4,p_4ac1f97253,ncd_risc_height_dataset,L10,adult participants with measured height,18.6,million,human,ncd2016,False,grade_A_B|no_dispersion|unread_source|sole_source
8,2,4,p_3da4c0045f,ncd_risc_height_dataset,L10,child and adolescent studies pooled,2181,studies,human,ncd2020,False,grade_A_B|no_dispersion|unread_source|sole_source
8,2,4,p_9d4f17d3aa,ncd_risc_height_dataset,L10,child and adolescent participants,65,million,human,ncd2020,False,grade_A_B|no_dispersion|unread_source|sole_source
8,2,4,p_b2a9a0291c,ncd_risc_height_dataset,L10,"between-country range in mean height at age 19, 2019",>=20,cm,human,ncd2020,False,grade_A_B|no_dispersion|unread_source|sole_source
8,2,4,p_4846a94aae,netherlands_tallest_population,L10,highest recorded population mean adult height,>182.5,cm,human,ncd2016,False,grade_A_B|no_dispersion|unread_source|sole_source
8,2,4,p_3a335ad07e,netherlands_tallest_population,L10,"change in height-by-age, Dutch-origin children, 1997 to 2009",0,cm,human,schnbeck2013,False,grade_A_B|no_dispersion|unread_source|sole_source
8,2,4,p_73e18551a8,noonan_syndrome,L11,patients in the genetically defined Noonan-spectrum GH cohort,101,patients,human,jirova2026,False,grade_A_B|no_dispersion|unread_source|sole_source
8,2,4,p_8ba4088163,nppc_duplication_tall_stature,L11,distance of the t(1;2) breakpoint downstream of NPPC,"200,365",bp,human,ko2015,False,grade_A_B|no_dispersion|unread_source|sole_source
8,2,4,p_91f0c5585b,nppc_duplication_tall_stature,L11,short-stature patients screened for NPPC mutations,668,patients,human,hisadooliva2018,False,grade_A_B|no_dispersion|unread_source|sole_source
8,2,4,p_b2e48c6fc0,nppc_gene,L8,independent 2q37.1 translocation patients with NPPC overexpression and overgrowth,3,patients,human,moncla2007,False,grade_A_B|no_dispersion|unread_source|sole_source
8,2,4,p_e5678d9fb5,nppc_gene,L8,heterozygous NPPC loss-of-function mutations found,2,mutations,human,hisadooliva2018,False,grade_A_B|no_dispersion|unread_source|sole_source
8,2,4,p_c13a6f170d,npr2_gain_of_function_tall,L11,families with the NPR2 p.Val883Met activating allele in the defining report,1 (three generations),families,human,miura2012,False,grade_A_B|no_dispersion|unread_source|sole_source
8,2,4,p_c25bb24cc6,npr2_gain_of_function_tall,L11,cGMP generation by mutant NPR2 in the absence of CNP,present (wild-type absent),not_applicable,in_vitro_human_cell,miura2012,False,grade_A_B|no_dispersion|unread_source|sole_source
8,2,4,p_929ecd7a57,npr2_gain_of_function_tall,L11,plasma NT-proCNP in the NPR2 p.Arg655Cys proband,reduced,not_applicable,human,hannema2013,False,grade_A_B|no_dispersion|unread_source|sole_source
8,2,4,p_8a0b51210d,npr2_gene,L8,NPR2 mutations identified in acromesomelic dysplasia type Maroteaux,21,mutations,human,bartels2004,False,grade_A_B|no_dispersion|unread_source|sole_source
8,2,4,p_6d0ed781d8,npr2_gene,L8,heterozygous NPR2 mutation yield in idiopathic short stature,3,of 47 probands,human,vasques2013,False,grade_A_B|no_dispersion|unread_source|sole_source
8,2,4,p_10b1e05a9d,osteopontin_spp1,L5,Direction of osteopontin change in Akp2(Alpl)-/- mice,increased,"mRNA and serum, directio",mouse,harmey2004,False,grade_A_B|no_dispersion|unread_source|sole_source
8,2,4,p_195f3e2f9a,osteopontin_spp1,L5,Direction of osteopontin change in ank/ank mice,decreased,"mRNA and serum, directio",mouse,harmey2004,False,grade_A_B|no_dispersion|unread_source|sole_source
8,2,4,p_6f0091463e,pappa2_deficiency,L11,distinct homozygous PAPPA2 mutations reported,2,mutations,human,dauber2016,False,grade_A_B|no_dispersion|unread_source|sole_source
8,2,4,p_9618de62aa,pappa2_deficiency,L11,PAPP-A2 proteolytic activity in mutant carriers,0 (complete absence),percent of wild type,in_vitro_human_cell,dauber2016,False,grade_A_B|no_dispersion|unread_source|sole_source
8,2,4,p_1abb06ac4c,pappa2_deficiency,L11,free IGF-I concentration relative to controls,decreased,not_applicable,human,dauber2016,False,grade_A_B|no_dispersion|unread_source|sole_source
8,2,4,p_878a27ff91,pappa2_gene,L8,distinct homozygous PAPPA2 mutations identified,2,mutations,human,dauber2016,False,grade_A_B|no_dispersion|unread_source|sole_source
8,2,4,p_e1f826d736,pappa2_gene,L8,"PAPP-A2 proteolytic activity, both mutant alleles",0,% of wild type,in_vitro_human_cell,dauber2016,False,grade_A_B|no_dispersion|unread_source|sole_source
8,2,4,p_23d194f2d0,pappa2_gene,L8,direction of change in total circulating IGF-1,elevated,qualitative,human,dauber2016,False,grade_A_B|no_dispersion|unread_source|sole_source
8,2,4,p_29de7c632b,pappa2_gene,L8,direction of change in free IGF-1,decreased,qualitative,human,dauber2016,False,grade_A_B|no_dispersion|unread_source|sole_source
8,2,4,p_428305e8f1,pappa2_protease,L4,free IGF-1,0.27-1.98,ug/L,human,dauber2016,False,grade_A_B|no_dispersion|unread_source|sole_source
8,2,4,p_90703909a4,pappa2_protease,L4,serum IGFBP-3,4403-5912,ug/L,human,dauber2016,False,grade_A_B|no_dispersion|unread_source|sole_source
8,2,4,p_91e20e9443,pappa2_protease,L4,residual IGFBP-3/-4/-5 proteolytic activity of mutant PAPP-A2,0,% of wild type,in_vitro_human_cell,dauber2016,False,grade_A_B|no_dispersion|unread_source|sole_source
8,2,4,p_6549da0046,peak_height_velocity,L7,peak height velocity magnitude,8-9,cm/year,human,cole2014,False,grade_A_B|no_dispersion|unread_source|sole_source
8,2,4,p_04ac1a9b16,physeal_bar_formation,L6,growth arrest incidence after paediatric physeal fracture,30.1,%,human,hooper2024,False,grade_A_B|no_dispersion|unread_source|sole_source
8,2,4,p_fca08bf577,physeal_bar_formation,L6,growth arrest incidence after distal femoral physeal fracture,86,%,human,hooper2024,False,grade_A_B|no_dispersion|unread_source|sole_source
8,2,4,p_2fa94ab911,physeal_bar_formation,L6,"mean age, growth arrest vs no arrest",12.8 vs 9.4,years,human,hooper2024,False,grade_A_B|no_dispersion|unread_source|sole_source
8,2,4,p_db736e6592,physeal_bar_formation,L6,time course of bony bar accumulation after drill-hole injury,42,days of progressive bone,mouse,li2026_2,False,grade_A_B|no_dispersion|unread_source|sole_source
8,2,4,p_be6c24e048,pituitary_gigantism,L11,"age at pituitary adenoma diagnosis, females vs males",15.8 vs 21.5,years,human,rostomyan2015,False,grade_A_B|no_dispersion|unread_source|sole_source
8,4,2,p_e417ac0fe4,pkg2_kinase,L3,"Growth plate height, Prkg2-mutant (KMI) rat vs wild type",665 vs 255,um,rat,chikuda2004,False,contradiction|screen|unread_source|sole_source
8,2,4,p_c22485ba78,population_height_variation,L10,"range of national mean adult height, tallest minus shortest",19-20,cm,human,ncd2016,False,grade_A_B|no_dispersion|unread_source|sole_source
8,2,4,p_efe4941b42,population_height_variation,L10,lowest recorded national mean adult height,140.3,cm,human,ncd2016,False,grade_A_B|no_dispersion|unread_source|sole_source
8,2,4,p_d8a8e5cae0,porcine_growth_plate_model,L13,proliferation zone cells per column,30-36,cells,porcine,thurston1985,False,grade_A_B|derivation_word|sole_source
8,2,4,p_19cf50f239,preece_baines_model,L9,residual SD of an individually fitted PB curve for height in puberty,6-7,mm,human,cole2010,False,grade_A_B|no_dispersion|unread_source|sole_source
8,2,4,p_6d0379c401,preece_baines_model,L9,number of estimated parameters in PB model 1,5,parameters,human,preece1978,False,grade_A_B|no_dispersion|unread_source|sole_source
8,2,4,p_6da2717d4a,preece_baines_model,L9,age range over which PB model 1 is valid,2 to maturity,years,human,preece1978,False,grade_A_B|no_dispersion|unread_source|sole_source
8,2,4,p_468a856e55,proliferative_zone,L1,cells per proliferative column,24,cells,human,kember1976,False,grade_A_B|no_dispersion|unread_source|sole_source
8,2,4,p_39cbef1c33,proliferative_zone,L1,direct contribution of cell division to elongation,9,% of elongation,rat,wilsman1996,False,grade_A_B|no_dispersion|unread_source|sole_source
8,2,4,p_f3a15b417e,proximal_tibia_plate,L1,proliferative zone cell cycle time,30.9,h,rat,wilsman1996a,False,grade_A_B|no_dispersion|unread_source|sole_source
8,2,4,p_12ad2f8939,proximal_tibia_plate,L1,elongation partition,9 / 32 / 59,% division / matrix / hy,rat,wilsman1996,False,grade_A_B|no_dispersion|unread_source|sole_source
8,2,4,p_84660c4bef,proximal_tibia_plate,L1,new chondrocytes produced per day,16400,cells/day,rat,wilsman1996,False,grade_A_B|no_dispersion|unread_source|sole_source
8,2,4,p_aa2b568bba,proximal_tibia_plate,L1,chondrocyte loss rate per column,8,cells/day,rat,hunziker1987,False,grade_A_B|no_dispersion|unread_source|sole_source
8,2,4,p_1bd2c2553a,proximal_tibia_plate,L1,final hypertrophic chondrocyte volume,14000,fl,mouse,cooper2013,False,grade_A_B|no_dispersion|unread_source|sole_source
8,4,2,p_c163a13506,pthrp_positive_resting_chondrocyte,L2,EdU+ fraction of PTHrP-creER-labelled resting chondrocytes,7.7,% of tdTomato+ cells,mouse,mizuhashi2018,False,contradiction|screen|unread_source|sole_source
8,4,2,p_ac7d149006,pthrp_positive_resting_chondrocyte,L2,PTHrP-mCherry+ cells with mSSC (CD105-CD200+) phenotype,49.2,% of CD45-Ter119-CD31-CD,mouse,mizuhashi2018,False,contradiction|screen|unread_source|sole_source
8,4,2,p_7c8fc0930d,pthrp_positive_resting_chondrocyte,L2,PTHrP+ colonies reaching passage 5,1.4,% (2/143 colonies),mouse,muruganandan2022,False,contradiction|screen|unread_source|sole_source
8,2,4,p_ecfe88d391,rare_variant_height,L8,height-associated low-frequency coding variants,83,variants,human,marouli2017,False,grade_A_B|no_dispersion|unread_source|sole_source
8,2,4,p_af7754bda5,rare_variant_height,L8,"maximum per-allele effect, rare coding variants",2,cm,human,marouli2017,False,grade_A_B|no_dispersion|unread_source|sole_source
8,2,4,p_ca4a4988bd,rare_variant_height,L8,share of pedigree heritability from rare variants (MAF < 1%),20,%,human,wainschtein2026,False,grade_A_B|no_dispersion|unread_source|sole_source
8,2,4,p_efa4549534,rare_variant_height,L8,share of rare-variant heritability that is non-coding,79,%,human,wainschtein2026,False,grade_A_B|no_dispersion|unread_source|sole_source
8,2,4,p_d0a26f0b21,rat_growth_plate_model,L13,"rat translation risk score (this layer, 1-5)",3.5,score,rat,roach2003,False,grade_A_B|no_dispersion|unread_source|sole_source
8,2,4,p_63f9c18624,rat_growth_plate_model,L13,age at which rat plates persist with growth ceased,62-80,weeks,rat,roach2003,False,grade_A_B|no_dispersion|unread_source|sole_source
8,2,4,p_6ad27b0248,rat_growth_plate_model,L13,rat zonal microarray replication vs human,35 vs 10,arrays,multiple,gse16981,False,grade_A_B|no_dispersion|unread_source|sole_source
8,2,4,p_9a55aa9f4d,regulatory_review_document,L12,agents in this layer for which label-only pharmacokinetic parameters were obtained,8,agents,human,fda_voxzogo_label_2025,False,grade_A_B|no_dispersion|unread_source|sole_source
8,2,4,p_c39bcb117f,regulatory_review_document,L12,FDA multidisciplinary or clinical pharmacology review PDFs retrieved,0,documents,not_applicable,fda_drugsatfda_voxzogo_2021,False,grade_A_B|no_dispersion|unread_source|sole_source
8,2,4,p_72a4bf450b,regulatory_review_document,L12,"original US approval date, vosoritide",2021-11-19,date,not_applicable,fda_drugsatfda_voxzogo_2021,False,grade_A_B|no_dispersion|unread_source|sole_source
8,4,2,p_b088daa5f0,resting_zone_niche,L2,"EdU+ fraction, PTHrP-mCherry+ resting chondrocytes at P9",6.1,% of mCherry+ cells,mouse,mizuhashi2018,False,contradiction|screen|unread_source|sole_source
8,4,2,p_c2a3d8cf3a,resting_zone_niche,L2,"EdU+ fraction, proliferative zone chondrocytes at P9",30.5,% of PZ chondrocytes,mouse,mizuhashi2018,False,contradiction|screen|unread_source|sole_source
8,4,2,p_4ef2fe7fe0,resting_zone_niche,L2,"H2B-EGFP label-retaining fraction of Col2a1-lineage chondrocytes, plateau",2.6,% of Col2a1-creER lineag,mouse,hallett2021,False,contradiction|screen|unread_source|sole_source
8,4,2,p_fcb8498165,resting_zone_niche,L2,H2B-EGFP signal loss per chondrocyte division,2.03,fold,mouse,hallett2021,False,contradiction|screen|unread_source|sole_source
8,2,4,p_bb8e50be7c,rus_score,L7,number of bones scored in RUS,13,"bones (radius, ulna, 11 ",human,thodberg2009,False,grade_A_B|no_dispersion|unread_source|sole_source
8,2,4,p_1fe883b67d,rus_score,L7,mean absolute difference between TW3-RUS and GP bone age,2.5-3.3,months,human,tewattanarat2026,False,grade_A_B|no_dispersion|unread_source|sole_source
8,2,4,p_e738f46ac5,sanders_staging,L7,"intra-observer agreement, Sanders staging",0.88 unweighted / 0.96 weighted,kappa,human,sanders2008,False,grade_A_B|no_dispersion|unread_source|sole_source
8,2,4,p_1c22802d88,sanders_staging,L7,"inter-observer agreement, Sanders staging",0.71 unweighted / 0.89 weighted,kappa,human,sanders2008,False,grade_A_B|no_dispersion|unread_source|sole_source
8,2,4,p_d3f3a259f7,schmid_metaphyseal_chondrodysplasia,L11,linkage lod score for COL10A1 in the discovery kindred,18.2,lod,human,warman1993,False,grade_A_B|no_dispersion|unread_source|sole_source
8,2,4,p_98e27e6d1f,scrna_seq_growth_plate,L13,"GEO growth plate single-cell records, all species",60,records,multiple,geo_census_20260805,False,grade_A_B|no_dispersion|unread_source|sole_source
8,2,4,p_bc78a054a5,scrna_seq_growth_plate,L13,human donors in the only postnatal human growth plate scRNA-seq deposit,4,donors,human,gse288028,False,grade_A_B|no_dispersion|unread_source|sole_source
8,2,4,p_d946cb4f80,secondary_ossification_center,L0,gestational age at which distal femoral ossification centre is first visible on ultrasound,30,weeks gestation,human,funaki2020,False,grade_A_B|no_dispersion|unread_source|sole_source
8,2,4,p_c5fe04eaa0,secondary_ossification_center,L0,age at which SOC+ and SOC- rodent tibiae are size- and stiffness-matched,rat P10 vs mouse P30,postnatal day,multiple,xie2020,False,grade_A_B|no_dispersion|unread_source|sole_source
8,2,4,p_bd9226709a,secular_trend_height,L10,"largest century-scale gain in mean adult height, any population",20.2,cm,human,ncd2016,False,grade_A_B|no_dispersion|unread_source|sole_source
8,2,4,p_9a87f2ffcc,secular_trend_height,L10,"largest century-scale gain in mean adult height, men",16.5,cm,human,ncd2016,False,grade_A_B|no_dispersion|unread_source|sole_source
8,2,4,p_f8b4e7ee5c,secular_trend_height,L10,"secular rate, German male conscripts, born before 1916",0.45,mm/yr,human,scheffler2025,False,grade_A_B|no_dispersion|unread_source|sole_source
8,2,4,p_d7dccfbadd,secular_trend_height,L10,"secular rate, German male conscripts, 1916-1933",2.15,mm/yr,human,scheffler2025,False,grade_A_B|no_dispersion|unread_source|sole_source
8,2,4,p_20f8e59ce9,secular_trend_height,L10,"secular rate, East German male conscripts after 1989 reunification",4,mm/yr,human,scheffler2025,False,grade_A_B|no_dispersion|unread_source|sole_source
8,2,4,p_9d2296df30,secular_trend_reversal,L10,"decline in mean adult height from cohort peak, worst-affected sub-Saharan countries",~5,cm,human,ncd2016,False,grade_A_B|no_dispersion|unread_source|sole_source
8,2,4,p_b2e7fbc885,sga_catch_up,L10,proportion of SGA infants showing catch-up in the first 6 months,82.9,%,human,karlberg2002,False,grade_A_B|no_dispersion|unread_source|sole_source
8,2,4,p_b2c5c99157,sga_catch_up,L10,proportion of SGA infants reaching a final height within the normal range,94.3,%,human,karlberg2002,False,grade_A_B|no_dispersion|unread_source|sole_source
8,2,4,p_328e6d26c1,sga_catch_up,L10,proportion of infants still short at 6 months who remained short into adulthood,15.2,%,human,karlberg2002,False,grade_A_B|no_dispersion|unread_source|sole_source
8,2,4,p_a0dc292b23,sitar_model,L9,residual SD about the raw mean spline curve (unadjusted),6.6,cm,human,cole2010,False,grade_A_B|no_dispersion|unread_source|sole_source
8,2,4,p_da11544423,sitar_model,L9,residual SD after adjusting for size only,2.3,cm,human,cole2010,False,grade_A_B|no_dispersion|unread_source|sole_source
8,2,4,p_7f299233cb,sitar_model,L9,residual SD after adjusting for size and tempo,1.2,cm,human,cole2010,False,grade_A_B|no_dispersion|unread_source|sole_source
8,2,4,p_a593e91aae,sitar_model,L9,"residual SD after adjusting for size, tempo and velocity",0.8,cm,human,cole2010,False,grade_A_B|no_dispersion|unread_source|sole_source
8,2,4,p_8c69f1b93f,sitar_model,L9,variance in height explained by the three SITAR parameters,98.9,percent,human,cole2010,False,grade_A_B|no_dispersion|unread_source|sole_source
8,2,4,p_c559b5f4ac,sitar_model,L9,SD of the SITAR size random effect,6.1,cm,human,cole2010,False,grade_A_B|no_dispersion|unread_source|sole_source
8,2,4,p_4b0f53d43b,sitar_model,L9,SD of the SITAR tempo random effect,0.97,years,human,cole2010,False,grade_A_B|no_dispersion|unread_source|sole_source
8,2,4,p_ebc376011e,sitar_model,L9,SD of the SITAR velocity random effect,0.15,fraction,human,cole2010,False,grade_A_B|no_dispersion|unread_source|sole_source
8,2,4,p_e10638fe11,sitar_model,L9,correlation between size and tempo random effects,0.33,Pearson r,human,cole2010,False,grade_A_B|no_dispersion|unread_source|sole_source
8,2,4,p_0c37573fe9,sitar_model,L9,correlation between size and velocity random effects,0.36,Pearson r,human,cole2010,False,grade_A_B|no_dispersion|unread_source|sole_source
8,2,4,p_d54b7ca016,sitar_model,L9,correlation between tempo and velocity random effects,0.28,Pearson r,human,cole2010,False,grade_A_B|no_dispersion|unread_source|sole_source
8,2,4,p_36a041fb67,sitar_model,L9,mean age at peak height velocity,14.3,years,human,cole2010,False,grade_A_B|no_dispersion|unread_source|sole_source
8,2,4,p_252bf23945,sitar_model,L9,"residual SD after SITAR adjustment, Turner syndrome cohort",0.6,cm,human,cole2010,False,grade_A_B|no_dispersion|unread_source|sole_source
8,2,4,p_bcdca14894,sitar_model,L9,"SD of the size random effect, Turner syndrome",5.9,cm,human,cole2010,False,grade_A_B|no_dispersion|unread_source|sole_source
8,2,4,p_e5bb79cf60,sitar_model,L9,"SD of the tempo random effect, Turner syndrome",1.04,years,human,cole2010,False,grade_A_B|no_dispersion|unread_source|sole_source
8,2,4,p_a5ccab6130,sitar_model,L9,"correlation between tempo and velocity, Turner syndrome",-0.46,Pearson r,human,cole2010,False,grade_A_B|no_dispersion|unread_source|sole_source
8,2,4,p_d1de63bb48,sitting_height_ratio,L9,children contributing to the Dutch SH/H reference,14500,children,human,fredriks2005,False,grade_A_B|no_dispersion|unread_source|sole_source
8,2,4,p_a04f7426ae,sitting_height_ratio,L9,correlation between SH/H SDS and height SDS,negative,not_applicable,human,fredriks2005,False,grade_A_B|no_dispersion|unread_source|sole_source
8,2,4,p_06b514a91f,sitting_height_ratio,L9,SH/H lower cut-off recommended for exceptionally tall children,-2.2,SDS,human,fredriks2005,False,grade_A_B|no_dispersion|unread_source|sole_source
8,2,4,p_14fa032a34,sitting_height_ratio,L9,sensitivity of the height-corrected SH/H cut-off for hypochondroplasia,80,percent,human,fredriks2005,False,grade_A_B|no_dispersion|unread_source|sole_source
8,2,4,p_f59ceae422,sitting_height_ratio,L9,sensitivity of the height-corrected SH/H cut-off for Marfan syndrome,30,percent,human,fredriks2005,False,grade_A_B|no_dispersion|unread_source|sole_source
8,2,4,p_41315a33a1,small_for_gestational_age,L10,proportion of length-defined SGA infants still below -2 SDS in height at 1 year,13.4,%,human,karlberg1995,False,grade_A_B|no_dispersion|unread_source|sole_source
8,2,4,p_90a94028a8,small_for_gestational_age,L10,proportion of length-defined SGA infants still below -2 SDS in height at 18 years,7.9,%,human,karlberg1995,False,grade_A_B|no_dispersion|unread_source|sole_source
8,2,4,p_bce92944b4,small_for_gestational_age,L10,proportion of short prepubertal children who had been SGA by length,21,%,human,karlberg1995,False,grade_A_B|no_dispersion|unread_source|sole_source
8,2,4,p_5cb122fded,spaceflight_microgravity_growth,L6,segment circumference decrease during spaceflight,up to 11,%,human,young2023,False,grade_A_B|no_dispersion|unread_source|sole_source
8,2,4,p_f401e32a4f,spatial_transcriptomics_growth_plate,L13,"GEO records matching growth plate AND spatial, all species",7,records,multiple,geo_census_20260805,False,grade_A_B|no_dispersion|unread_source|sole_source
8,2,4,p_008498526e,spatial_transcriptomics_growth_plate,L13,"GEO records matching growth plate AND spatial, Homo sapiens",0,records,human,geo_census_20260805,False,grade_A_B|no_dispersion|unread_source|sole_source
8,2,4,p_fe91f2e9ca,spatial_transcriptomics_growth_plate,L13,human spatial transcriptomic samples of limb cartilage that DO exist,5-9 post-conception weeks,developmental stage,human,zhang2024_2,False,grade_A_B|no_dispersion|unread_source|sole_source
8,2,4,p_b4d99c011b,stadiometry_measurement_error,L13,diurnal variation in human stature,measurable loss across the waking day wi,qualitative,human,reilly1984,False,grade_A_B|no_dispersion|unread_source|sole_source
8,4,2,p_1eedfe0f83,static_vs_dynamic_loading,L6,"rat vertebral growth, 24 h/day vs 12 h/day compression",82 vs 90-93,% of within-animal contr,rat,stokes2005,False,contradiction|screen|unread_source|sole_source
8,4,2,p_7d9c3a4b60,static_vs_dynamic_loading,L6,"rat proximal tibial growth, 24 h/day vs 12 h/day compression",70 vs 84-86,% of within-animal contr,rat,stokes2005,False,contradiction|screen|unread_source|sole_source
8,4,2,p_e307bf13b5,static_vs_dynamic_loading,L6,"growth rate reduction, static vs dynamic at equal mean stress",19 vs 19,% below sham,rat,valteau2011,False,contradiction|screen|unread_source|sole_source
8,4,2,p_320437d7cd,static_vs_dynamic_loading,L6,"growth plate thickness and proliferative cells per column, static vs dynamic",significant reduction under static only,qualitative (p<0.01 stat,rat,valteau2011,False,contradiction|screen|unread_source|sole_source
8,4,2,p_df03690b32,static_vs_dynamic_loading,L6,"hypertrophic chondrocyte lateral and volumetric strain, static vs dynamic",higher under static,"p<0.001 lateral, p<=0.01",rat,zimmermann2017,False,contradiction|screen|unread_source|sole_source
8,2,4,p_683b4f6186,suture_fusion_timing,L9,children with complete or partial sagittal suture closure,11.1,percent,human,han2025,False,grade_A_B|no_dispersion|unread_source|sole_source
8,2,4,p_8c5dd5724c,suture_fusion_timing,L9,children with coronal suture closure,2.8,percent,human,han2025,False,grade_A_B|no_dispersion|unread_source|sole_source
8,2,4,p_bbc8f56109,suture_fusion_timing,L9,children with lambdoid suture closure,1.6,percent,human,han2025,False,grade_A_B|no_dispersion|unread_source|sole_source
8,2,4,p_bae0219b8b,suture_fusion_timing,L9,children with any asymptomatic calvarial suture closure before adulthood,up to 17,percent,human,han2025,False,grade_A_B|no_dispersion|unread_source|sole_source
8,2,4,p_d2160ac5a0,suture_fusion_timing,L9,proportion with open sagittal suture under age 3,99.3,percent,human,han2025,False,grade_A_B|no_dispersion|unread_source|sole_source
8,2,4,p_1d418c89d6,suture_fusion_timing,L9,proportion with open sagittal suture by age 9,83,percent,human,han2025,False,grade_A_B|no_dispersion|unread_source|sole_source
8,2,4,p_26499b4d1b,suture_fusion_timing,L9,proportion with metopic suture closure by 21 months,over 75,percent,human,han2025,False,grade_A_B|no_dispersion|unread_source|sole_source
8,2,4,p_526d09874b,suture_fusion_timing,L9,children with sagittal closure who remained normocephalic,83.1,percent,human,han2025,False,grade_A_B|no_dispersion|unread_source|sole_source
8,2,4,p_85495572b1,suture_fusion_timing,L9,children with cephalic index below 70 who had partial or complete sagittal closure,86.4,percent,human,han2025,False,grade_A_B|no_dispersion|unread_source|sole_source
8,2,4,p_a25cacfa2f,synchrotron_imaging_cartilage,L13,"synchrotron phase-contrast voxel size, human articular cartilage survey",2.75,um,human,b2026,False,grade_A_B|no_dispersion|unread_source|sole_source
8,2,4,p_63b475d26c,synchrotron_imaging_cartilage,L13,"synchrotron phase-contrast voxel size, human calcified cartilage and subchondral bone lacu",0.65,um,human,xu2024,False,grade_A_B|no_dispersion|unread_source|sole_source
8,2,4,p_09d6883563,synchrotron_imaging_cartilage,L13,synchrotron studies of human GROWTH PLATE located,0,studies,human,geo_census_l13b_20260805,False,grade_A_B|no_dispersion|unread_source|sole_source
8,2,4,p_a220ae8e11,tamoxifen_inducible_creert2,L13,human applications of inducible genetic fate mapping in growth plate,0,studies,human,human_gp_donor_census_20260805,False,grade_A_B|no_dispersion|unread_source|sole_source
8,2,4,p_b3ecb4d8fd,tanner_whitehouse_tw3,L7,mean interobserver spread of TW2 bone age,0.74,years,human,king1994,False,grade_A_B|no_dispersion|unread_source|sole_source
8,2,4,p_2bba5f382d,tanner_whitehouse_tw3,L7,"mean intra-observer variation, TW2",0.33,years,human,king1994,False,grade_A_B|no_dispersion|unread_source|sole_source
8,2,4,p_ee26264329,tanner_whitehouse_tw3,L7,"intra-observer 95% limits of agreement, TW2",-1.41 to +1.43,years,human,bull1999,False,grade_A_B|no_dispersion|unread_source|sole_source
8,2,4,p_d319637424,tanner_whitehouse_tw3,L7,mean absolute difference between GP and TW3-RUS,2.5-3.3,months,human,tewattanarat2026,False,grade_A_B|no_dispersion|unread_source|sole_source
8,2,4,p_7f503fa671,tanner_whitehouse_tw3,L7,mean time to perform a TW2 assessment,7.9,minutes,human,king1994,False,grade_A_B|no_dispersion|unread_source|sole_source
8,2,4,p_def67cba75,target_height_predictive_sd,L9,residual SD of adult son height about corrected target height (pooled),4.7,cm,human,zeevi2024,False,grade_A_B|no_dispersion|unread_source|sole_source
8,2,4,p_d2104e3a47,target_height_predictive_sd,L9,residual SD of adult daughter height about corrected target height (pooled),4.4,cm,human,zeevi2024,False,grade_A_B|no_dispersion|unread_source|sole_source
8,2,4,p_004c3bb351,target_height_predictive_sd,L9,later Tanner revision of the target range,"+/-9 (girls), +/-10 (boys)",cm,human,zeevi2024,False,grade_A_B|no_dispersion|unread_source|sole_source
8,2,4,p_1dfeee2686,tooth_mineralization_stages,L9,number of mineralization stages per tooth,8,stages,human,demirjian1973,False,grade_A_B|no_dispersion|unread_source|sole_source
8,2,4,p_38ea5fd16d,tooth_mineralization_stages,L9,teeth scored,7,teeth,human,demirjian1973,False,grade_A_B|no_dispersion|unread_source|sole_source
8,2,4,p_297c57cdd4,tooth_mineralization_stages,L9,direction of bias of the original Demirjian standard outside the source population,overestimates dental age,not_applicable,human,mohammadianras2026,False,grade_A_B|no_dispersion|unread_source|sole_source
8,2,4,p_6e930f64e9,trial_endpoint_annualized_growth_velocity,L12,untreated achondroplasia annualised growth velocity at age 1,9.3 (M) / 10.4 (F),cm/yr,human,mcdonnell2026a,False,grade_A_B|no_dispersion|unread_source|sole_source
8,2,4,p_f470b32707,trial_endpoint_annualized_growth_velocity,L12,untreated achondroplasia annualised growth velocity at age 4,4.1 (M) / 4.6 (F),cm/yr,human,mcdonnell2026a,False,grade_A_B|no_dispersion|unread_source|sole_source
8,2,4,p_ccc1c8b18b,trial_endpoint_annualized_growth_velocity,L12,regulatory status of the endpoint,surrogate,not applicable,human,fda_voxzogo_label_2025,False,grade_A_B|no_dispersion|unread_source|sole_source
8,2,4,p_cb88eff295,turner_syndrome,L11,share of the male-female adult height difference explained by this asymmetry,22.6,percent,human,berry2025,False,grade_A_B|no_dispersion|unread_source|sole_source
8,2,4,p_eed3bcdca3,visceral_organ_growth,L9,organs with published centile charts,8,organs,human,pryce2014,False,grade_A_B|no_dispersion|unread_source|sole_source
8,2,4,p_1062469583,visceral_organ_growth,L9,age range covered,infancy,not_applicable,human,pryce2014,False,grade_A_B|no_dispersion|unread_source|sole_source
8,2,4,p_0a1768bf9c,vitamin_a_growth,L10,effect of vitamin A supplementation alone on height-for-age Z,no significant effect,z-score,human,peng2025,False,grade_A_B|no_dispersion|unread_source|sole_source
8,2,4,p_6fc84d9d08,who_growth_standard,L9,proportion of variance in linear growth attributable to study site,3,percent,human,who2006,False,grade_A_B|no_dispersion|unread_source|sole_source
8,2,4,p_b8522a7cf4,who_growth_standard,L9,proportion of variance in linear growth attributable to individuals within sites,70,percent,human,who2006,False,grade_A_B|no_dispersion|unread_source|sole_source
8,2,4,p_779f32ba63,who_growth_standard,L9,number of sites in the MGRS,6,sites,human,who2006,False,grade_A_B|no_dispersion|unread_source|sole_source
8,2,4,p_121fc557cc,who_growth_standard,L9,shortest increment interval for which velocity standards were constructed,1,month,human,who_velocity_2009,False,grade_A_B|no_dispersion|unread_source|sole_source
8,2,4,p_6982178db2,who_growth_standard,L9,age range of the WHO velocity standards,0-24,months,human,who_velocity_2009,False,grade_A_B|no_dispersion|unread_source|sole_source
8,2,4,p_3733ea8140,xlag_gpr101,L11,age at disease onset in X-LAG,early childhood (all patients),not_applicable,human,trivellin2014,False,grade_A_B|no_dispersion|unread_source|sole_source
8,2,4,p_42450af6e1,zbtb38_gene,L8,idiopathic short stature patients genotyped for ZBTB38 rs724016 and rs6764769,261,patients,human,parsons2022,False,grade_A_B|no_dispersion|unread_source|sole_source
8,2,4,p_0cdd6d31da,zebrafish_skeletal_model,L13,"zebrafish translation risk score (this layer, 1-5)",5.0,score,zebrafish,le2022,False,grade_A_B|no_dispersion|unread_source|sole_source
7,7,1,p_e8cec37611,hueter_volkmann_law,L6,"growth-rate sensitivity to sustained stress, all plates pooled",17.1,% growth change per 0.1 ,multiple,stokes2006,False,contradiction|flow_model|screen|sole_source
6,3,2,p_76519f7cf4,acan_gene,L8,"adult height, ACAN heterozygotes",-2.8,SDS,human,gkourogianni2017,False,grade_A_B|screen|unread_source|sole_source
6,3,2,p_b2c548f982,acan_gene,L8,"childhood height, ACAN heterozygotes",-2.0,SDS,human,gkourogianni2017,False,grade_A_B|screen|unread_source|sole_source
6,3,2,p_19d8a434aa,acan_gene,L8,"adult height, ACAN heterozygotes (discovery families)",-2.3 to -4.2,SDS,human,nilsson2014_2,False,grade_A_B|screen|unread_source|sole_source
6,3,2,p_a87ba6e46d,acan_related_short_stature,L11,adult height in heterozygous ACAN mutation carriers,-2.8,SDS,human,gkourogianni2017,False,grade_A_B|screen|unread_source|sole_source
6,3,2,p_ab5a6e88a0,acan_related_short_stature,L11,childhood height in the same cohort,-2.0,SDS,human,gkourogianni2017,False,grade_A_B|screen|unread_source|sole_source
6,3,2,p_856f9f8e35,acan_related_short_stature,L11,bone age advance (bone age minus chronological age),+1.3,years,human,gkourogianni2017,False,grade_A_B|screen|unread_source|sole_source
6,3,2,p_61965c9392,acan_related_short_stature,L11,families with early-onset osteoarthritis,12/20,families,human,gkourogianni2017,False,grade_A_B|screen|unread_source|sole_source
6,3,2,p_8836720b08,acan_related_short_stature,L11,families with intervertebral disc disease,9/20,families,human,gkourogianni2017,False,grade_A_B|screen|unread_source|sole_source
6,3,2,p_3d505113e2,acan_related_short_stature,L11,individuals in the cohort,103,individuals,human,gkourogianni2017,False,grade_A_B|screen|unread_source|sole_source
6,3,2,p_fd1cf48b59,acan_related_short_stature,L11,adult height in three independently exome-sequenced ACAN families,-2.3 to -4.2,SDS,human,nilsson2014_2,False,grade_A_B|screen|unread_source|sole_source
6,3,2,p_af0f52140f,acan_related_short_stature,L11,effect of Acan heterozygosity on chondrocyte proliferation,0,detectable change,mouse,bendre2025,False,grade_A_B|screen|unread_source|sole_source
6,3,2,p_21084e5ae1,acan_related_short_stature,L11,treatment-naive ACAN-deficient children in the prospective rhGH study,10,children,human,muthuvel2024,False,grade_A_B|screen|unread_source|sole_source
6,3,2,p_69eaf04e75,apoptosis_at_fusion,L7,TUNEL-positive chondrocytes in the human fusing growth plate,0,cells detected,human,emons2009,False,contradiction|unread_source|sole_source
6,3,2,p_fb2158ad60,apoptosis_at_fusion,L7,pro-apoptotic proteins detected in the human fusing growth plate,Bad only (Bax and cleaved caspase-3 not ,immunohistochemical dete,human,emons2009,False,contradiction|unread_source|sole_source
6,3,2,p_74ac940247,aromatase_deficiency_human,L11,index siblings in the defining aromatase deficiency report,2,individuals,human,morishima1995,False,grade_A_B|screen|unread_source|sole_source
6,3,2,p_6fba1dbd89,aromatase_inhibitor_anastrozole,L12,"adult height SDS adjusted for target height, anastrozole plus rhGH",0.81,SDS,human,cui2025,False,grade_A_B|screen|unread_source|sole_source
6,3,2,p_5bbf48ee47,aromatase_inhibitor_letrozole,L12,"adult height SDS adjusted for target height, letrozole plus rhGH",0.60,SDS,human,cui2025,False,grade_A_B|screen|unread_source|sole_source
6,3,2,p_6f8475b195,bony_bridge_formation,L7,"bony bridge number, wild-type mouse tibial growth plate",495,bridges,mouse,samvelyan2022,False,contradiction|unread_source|sole_source
6,3,2,p_98043bc100,bony_bridge_formation,L7,"bony bridge number, Socs2-/- mouse tibial growth plate",187,bridges,mouse,samvelyan2022,False,contradiction|unread_source|sole_source
6,3,2,p_7daac420de,bony_bridge_formation,L7,"bony bridge density, Socs2-/- versus wild-type",14.4 versus 1.2,bridges per unit area (s,mouse,samvelyan2022,False,contradiction|unread_source|sole_source
6,3,2,p_969a70de14,chondrocyte_cluster,L1,proportion of embryonic clones that are clusters,majority (>80% of doublets not stacked),% of doublets,mouse,rubin2024,False,contradiction|unread_source|sole_source
6,3,2,p_a2d1fc8800,chondrocyte_cluster,L1,complete rotations within postnatal clusters,"15.5 (distal femur), 17.3 (proximal tibi",% of divisions,mouse,rubin2024,False,contradiction|unread_source|sole_source
6,3,2,p_a51221c67b,cnp_analog_pk_challenge,L12,"mean apparent plasma half-life, vosoritide",21.0-27.9,minutes,human,fda_voxzogo_label_2025,False,contradiction|unread_source|sole_source
6,3,2,p_b7d386a5b4,cnp_analog_pk_challenge,L12,"placebo-controlled AGV gain, vosoritide vs navepegritide",1.57 vs 1.49,cm/yr,human,nct05598320,False,contradiction|unread_source|sole_source
6,3,2,p_33074bb563,cnp_analog_pk_challenge,L12,"pooled class effect on AGV, CNP analogues",1.36,cm/yr,human,kamrulhasan2026,False,contradiction|unread_source|sole_source
6,3,2,p_5ec7a60a61,col10a1_gene,L8,"height Z-score, COL10A1 missense (dominant-negative) variants",-3.62,SDS,human,meng2025,False,grade_A_B|screen|unread_source|sole_source
6,3,2,p_9ca8de3b9a,col10a1_gene,L8,"height Z-score, COL10A1 truncating (haploinsufficiency) variants",-1.99,SDS,human,meng2025,False,grade_A_B|screen|unread_source|sole_source
6,3,2,p_acb1b303c0,col10a1_gene,L8,"age at onset, NC1-domain variants",12,months,human,meng2025,False,grade_A_B|screen|unread_source|sole_source
6,3,2,p_71f95b9e64,col10a1_gene,L8,"age at onset, non-NC1-domain variants",72,months,human,meng2025,False,grade_A_B|screen|unread_source|sole_source
6,3,2,p_02a6181043,collagen_fibril_stoichiometry,L5,"Collagen II mass fraction of fibrillar collagen, young growth cartilage",<=80,% of fibrillar collagen,bovine,eyre2002,False,contradiction|unread_source|sole_source
6,3,2,p_8fb58e376f,collagen_fibril_stoichiometry,L5,Diameter of reconstituted heterotypic II/IX/XI fibrils,~20,nm,in_vitro_animal_cell,blaschke2000,False,contradiction|unread_source|sole_source
6,3,2,p_7bde587fee,collagen_fibril_stoichiometry,L5,Fibril diameter of adult permanent cartilage versus growth plate/fetal cartilage,30-200 vs <25,nm,multiple,keene1995,False,contradiction|unread_source|sole_source
6,2,3,p_c75e19ede2,column_density,L1,"direction of cartilage septae number change with age, proliferative zone",decreasing,qualitative,human,byers2000,False,grade_A_B|no_dispersion|sole_source
6,2,3,p_a8c157af37,column_density,L1,"change in cartilage septae number with age, hypertrophic zone",no significant change,qualitative,human,byers2000,False,grade_A_B|no_dispersion|sole_source
6,3,2,p_c4bc2f3628,cyp19a1_gene,L8,"GH response to GHRH plus arginine, aromatase-deficient men",severely impaired,qualitative,human,rochira2010,False,grade_A_B|screen|unread_source|sole_source
6,3,2,p_755c939466,dutch_hunger_winter,L10,birthweight variance explained by polygenic index in unexposed controls,14,%,human,taeubert2026,False,grade_A_B|screen|unread_source|sole_source
6,3,2,p_f3c25ec770,dutch_hunger_winter,L10,"adult height deficit 40 years after the 1984-85 Great Ethiopian Famine, vs matched control",-1.4,cm,human,abera2026,False,grade_A_B|screen|unread_source|sole_source
6,3,2,p_660910f84a,dutch_hunger_winter,L10,adult height deficit vs post-famine-born controls,-2.4,cm,human,abera2026,False,grade_A_B|screen|unread_source|sole_source
6,3,2,p_d280d48392,esr1_gene,L8,"adult height, homozygous ESR1 disruptive mutation (male)",204,cm,human,smith1994,False,grade_A_B|screen|unread_source|sole_source
6,3,2,p_25cf4141dc,esr1_gene,L8,"lumbar spine bone mineral density, same patient",0.745,g/cm2,human,smith1994,False,grade_A_B|screen|unread_source|sole_source
6,3,2,p_279d8710a5,esr1_gene,L8,epiphyseal closure status,incomplete,qualitative,human,smith1994,False,grade_A_B|screen|unread_source|sole_source
6,3,2,p_0ef9ddae5c,estradiol_hormone,L4,"EC50 for half-maximal pubertal growth acceleration, morning 17beta-estradiol",20,pmol/L,human,albin2012,False,grade_A_B|screen|unread_source|sole_source
6,3,2,p_12b23a724d,estradiol_hormone,L4,"EC50 for 50% increase in growth velocity, morning 17beta-estradiol",6.5,pmol/L,human,albin2013,False,grade_A_B|screen|unread_source|sole_source
6,3,2,p_df27b7dc86,estradiol_hormone,L4,serum estradiol above which <25% of potential pubertal growth remains,10-51,pmol/L,human,albin2012,False,grade_A_B|screen|unread_source|sole_source
6,3,2,p_0c9807ea09,estrogen_gh_axis_amplification,L4,"increase in overnight basal, pulsatile and total GH secretion with estradiol addback",60-70,%,human,roelfsema2018,False,grade_A_B|screen|unread_source|sole_source
6,3,2,p_77677755f8,estrogen_gh_axis_amplification,L4,attenuation by estradiol of rhIGF-I suppression of pulsatile GH secretion,significant attenuation,P value,human,veldhuis2008,False,grade_A_B|screen|unread_source|sole_source
6,3,2,p_cb0fb533cf,estrogen_receptor_alpha,L4,tibial length in old female ERalpha-null vs wild-type mice,+8.3,%,mouse,brjesson2012,False,grade_A_B|screen|unread_source|sole_source
6,3,2,p_f002f1e04f,estrogen_receptor_alpha,L4,growth plate height in old female ERalpha-null vs wild-type mice,+18,%,mouse,brjesson2012,False,grade_A_B|screen|unread_source|sole_source
6,3,2,p_5d5fbefeb4,estrogen_receptor_alpha,L4,tibial length in old female ERalphaAF-1-null vs wild-type mice,-4.9,%,mouse,brjesson2012,False,grade_A_B|screen|unread_source|sole_source
6,3,2,p_3901e5360e,estrogen_receptor_alpha,L4,"adult height, human homozygous ESR1 disruptive mutation",204,cm,human,smith1994,False,grade_A_B|screen|unread_source|sole_source
6,3,2,p_6488e1b403,estrogen_receptor_alpha,L4,"lumbar spine bone mineral density, same patient",0.745,g/cm2,human,smith1994,False,grade_A_B|screen|unread_source|sole_source
6,3,2,p_39e24aed30,evc_evc2_complex,L3,Congenital cardiac defect frequency in Ellis-van Creveld syndrome,60,% of affected individual,human,ruizperez2000,False,grade_A_B|screen|unread_source|sole_source
6,3,2,p_d26806da23,gdf5_protein,L3,Effect of GDF5-UQCC region height allele (rs143384/rs6060369 region) on adult stature,~0.4,cm per allele,human,sanna2008,False,grade_A_B|screen|unread_source|sole_source
6,3,2,p_62b3e6abd8,gh_receptor,L4,hepatic GHR and plasma GHBP response to the pulsatile component of a patterned GH infusion,0,fold change (no response,rat,gevers1996,False,grade_A_B|screen|unread_source|sole_source
6,3,2,p_a1d34d825c,gh_secretion_pulsatility,L4,GH secretory bursts per 24 h,13.7-13.8,bursts/24 h,human,van2016,False,grade_A_B|screen|unread_source|sole_source
6,3,2,p_4a51e509c9,gh_secretion_pulsatility,L4,basal (non-pulsatile) GH secretion,14.5-26.9,mU/L per 24 h,human,van2016,False,grade_A_B|screen|unread_source|sole_source
6,3,2,p_805b7dcd53,gh_secretion_pulsatility,L4,pulsatile GH secretion,151-191,mU/L per 24 h,human,van2016,False,grade_A_B|screen|unread_source|sole_source
6,3,2,p_5558b37b88,gh_secretion_pulsatility,L4,approximate entropy (ApEn) of the 24-h GH series,0.45-0.66,dimensionless,human,van2016,False,grade_A_B|screen|unread_source|sole_source
6,3,2,p_f25625cee1,gh_secretion_pulsatility,L4,sampling interval used for deconvolution of overnight GH in adolescents,10,min,human,genty2022,False,grade_A_B|screen|unread_source|sole_source
6,3,2,p_9a864abdf2,gh_secretion_pulsatility,L4,body weight gain from added pulsatile vs added continuous GH at matched extra dose,2.1 vs 1.1,g/day,rat,gevers1996,False,grade_A_B|screen|unread_source|sole_source
6,3,2,p_992b171f18,ghr_gene,L8,"adult height deficit, homozygous GHR loss of function (Laron syndrome)",-4 to -10,SDS,human,laron2015,False,grade_A_B|screen|unread_source|sole_source
6,3,2,p_185215d510,growth_hormone,L4,"GH secretory burst frequency, 24 h",13.7-13.8,bursts/24 h,human,van2016,False,grade_A_B|screen|unread_source|sole_source
6,3,2,p_b434018d9e,growth_hormone,L4,total 24-h GH secretion,172-238,mU/L per 24 h,human,van2016,False,grade_A_B|screen|unread_source|sole_source
6,2,3,p_8834cf43bb,growth_plate,L1,age at which growth plate zone heights change most steeply,0-1,years postnatal,human,byers2000,False,grade_A_B|no_dispersion|sole_source
6,2,3,p_b2e16546fa,growth_plate_height,L1,direction of zone height change with age,decreasing,qualitative,human,byers2000,False,grade_A_B|no_dispersion|sole_source
6,2,3,p_d2015e8eea,growth_plate_height,L1,utility of growth plate height as an estimator of linear growth rate,limited,qualitative,rat,hunziker1989,False,grade_A_B|no_dispersion|sole_source
6,2,3,p_2e4a418d4c,growth_velocity_curve,L9,"age at peak height velocity, boys",13.55,years,human,galvo2025,False,grade_A_B|no_dispersion|unread_source
6,2,3,p_d15f77d4b8,growth_velocity_curve,L9,"peak height velocity, girls",8.38,cm/yr,human,galvo2025,False,grade_A_B|no_dispersion|unread_source
6,2,3,p_0247757c04,growth_velocity_curve,L9,"age at peak height velocity, girls",11.30,years,human,galvo2025,False,grade_A_B|no_dispersion|unread_source
6,3,2,p_dbfa0bd90e,gymnastics_stature_effect,L6,"peak height velocity, gymnasts vs swimmers",5.48 vs 8.0,cm/yr,human,theintz1993,False,contradiction|unread_source|sole_source
6,3,2,p_95b0829543,gymnastics_stature_effect,L6,"sitting height / leg length ratio, gymnasts vs swimmers",1.054 vs 1.100,ratio,human,theintz1993,False,contradiction|unread_source|sole_source
6,3,2,p_4a9d1713b0,gymnastics_stature_effect,L6,height SDS trajectory in gymnasts over follow-up,-0.747,correlation coefficient ,human,theintz1993,False,contradiction|unread_source|sole_source
6,3,2,p_586f9f27ea,gymnastics_stature_effect,L6,"peripubertal sitting height velocity, advanced vs intermediate training",2.3 vs 3.1,cm/yr,human,daly2005,False,contradiction|unread_source|sole_source
6,3,2,p_f2eda4c017,gymnastics_stature_effect,L6,gymnasts with growth faltering (height velocity <4.5 cm/yr),>35,% of pre- and peripubert,human,daly2005,False,contradiction|unread_source|sole_source
6,3,2,p_9a10725d65,hdac4_protein,L3,Brachydactyly type E frequency in 2q37 deletion (HDAC4 haploinsufficiency),48,% of individuals,human,le2019,False,grade_A_B|screen|unread_source|sole_source
6,3,2,p_50515c3ba8,hdac4_protein,L3,Dysmorphic craniofacial features in 2q37 deletion,86,% of individuals,human,le2019,False,grade_A_B|screen|unread_source|sole_source
6,3,2,p_b7567be995,height_gwas,L8,independent genome-wide-significant SNPs,12111,SNPs,human,yengo2022,False,contradiction|unread_source|sole_source
6,3,2,p_2e716c2a7c,height_gwas,L8,height variance explained by the first 20 GWAS loci,3,%,human,weedon2008,False,contradiction|unread_source|sole_source
6,3,2,p_a56255870a,height_gwas,L8,"phenotypic variance explained, non-European ancestries",10-20,%,human,yengo2022,False,contradiction|unread_source|sole_source
6,3,2,p_a5784f0f34,hox_code_limb,L0,metacarpal bone elongation rate as fraction of proximal tibial rate,49,% of tibial rate,mouse,lui2018,False,contradiction|unread_source|sole_source
6,3,2,p_650458d0db,hox_code_limb,L0,metacarpal chondrocyte proliferation rate per column as fraction of tibial,46,% of tibial rate,mouse,lui2018,False,contradiction|unread_source|sole_source
6,3,2,p_c602d74c7a,human_growth_plate_biobank,L13,range of donor numbers per human growth plate tissue study,1-24,donors,human,human_gp_donor_census_20260805,False,grade_A_B|screen|unread_source|sole_source
6,3,2,p_70d21f7d43,human_growth_plate_tissue_scarcity,L13,distinct donors contributing fetal or perinatal autopsy growth plate,157,donors,human,human_gp_donor_census_20260805,False,grade_A_B|screen|unread_source|sole_source
6,3,2,p_bf47b36f97,human_growth_plate_tissue_scarcity,L13,human growth plates examined histologically at or immediately before fusion,2,plates,human,human_gp_donor_census_20260805,False,grade_A_B|screen|unread_source|sole_source
6,2,3,p_6dd69b03df,hypertrophic_zone,L1,duration of the hypertrophic phase,2,days,rat,hunziker1989,False,grade_A_B|no_dispersion|sole_source
6,2,3,p_1432d3769e,hypertrophic_zone,L1,direction of hypertrophic zone height change with age,decreasing,qualitative,human,byers2000,False,grade_A_B|no_dispersion|sole_source
6,2,3,p_b1f5033d74,hypertrophic_zone,L1,cartilage septae number in hypertrophic zone across age,no significant change,qualitative,human,byers2000,False,grade_A_B|no_dispersion|sole_source
6,3,2,p_204b9d194e,hypochondroplasia,L11,share of hypochondroplasia caused by FGFR3 Asn540Lys,50-70,percent,human,bellus1995,False,grade_A_B|screen|unread_source|sole_source
6,3,2,p_44f9ca19b3,hypochondroplasia,L11,N540K frequency among reported hypochondroplasia cases,60-70,percent,human,kim2023,False,grade_A_B|screen|unread_source|sole_source
6,3,2,p_c9e9886ec3,hypochondroplasia,L11,patients in the largest single-genotype (N540K) clinical series located,20,patients,human,kim2023,False,grade_A_B|screen|unread_source|sole_source
6,3,2,p_1dc1d092c9,hypochondroplasia,L11,genu varum frequency in N540K hypochondroplasia,55.0,percent,human,kim2023,False,grade_A_B|screen|unread_source|sole_source
6,3,2,p_e8841b2a4a,hypochondroplasia,L11,macrocephaly frequency in N540K hypochondroplasia,45.0,percent,human,kim2023,False,grade_A_B|screen|unread_source|sole_source
6,3,2,p_62688c998a,hypoxia_necrosis_at_fusion,L7,ultrastructural signs of apoptosis or autophagy in human growth plates including the fusin,none detected,electron microscopy,human,emons2009,False,contradiction|unread_source|sole_source
6,3,2,p_e98e45fde1,igf1_gene,L8,adult height change per 1 SD genetically predicted serum IGF-1,0.09,SD,human,de2026,False,grade_A_B|screen|unread_source|sole_source
6,3,2,p_856c2f10e3,igf1_gh_combination_therapy,L12,"year-1 mean height velocity, rhGH 45 ug/kg/day alone",9.3,cm/yr,human,nct00572156,False,grade_A_B|screen|unread_source|sole_source
6,3,2,p_6b98602274,igf1_gh_combination_therapy,L12,"year-1 mean height velocity, rhGH 45 plus rhIGF-1 150 ug/kg/day",11.2,cm/yr,human,nct00572156,False,grade_A_B|screen|unread_source|sole_source
6,3,2,p_883e846c33,igf1_gh_combination_therapy,L12,"year-1 mean height velocity, rhGH 45 plus rhIGF-1 50 and 100 ug/kg/day",10.1 and 9.7,cm/yr,human,nct00572156,False,grade_A_B|screen|unread_source|sole_source
6,3,2,p_c254d7bf56,igf1_gh_combination_therapy,L12,year-4 mean height velocity across the four arms,7.7 / 8.1 / 8.4 / 8.3,cm/yr,human,nct00572156,False,grade_A_B|screen|unread_source|sole_source
6,3,2,p_35aba0fe91,igf1r_mutation_human,L11,controls with normal birth weight screened,43,children,human,abuzzahab2003,False,grade_A_B|screen|unread_source|sole_source
6,3,2,p_978c2da23b,igf_ternary_complex,L4,"bioactive IGF as a fraction of total IGF-1, healthy reference",1.23,%,human,dauber2016,False,grade_A_B|screen|unread_source|sole_source
6,3,2,p_86a3a8b57d,igf_ternary_complex,L4,"bioactive IGF as a fraction of total IGF-1, PAPP-A2 deficiency",0.09-0.32,%,human,dauber2016,False,grade_A_B|screen|unread_source|sole_source
6,3,2,p_a8e959879f,infection_burden_growth,L10,serum IGF-1 sex difference in the same cohort,-11.8,ug/L,human,madigan2026,False,grade_A_B|screen|unread_source|sole_source
6,3,2,p_b6234882bb,inflammation_growth_suppression,L10,attenuation of IGF-I-induced AKT phosphorylation by pro-inflammatory cytokines,30-50,%,in_vitro_animal_cell,choukair2014,False,grade_A_B|screen|unread_source|sole_source
6,3,2,p_55dee77639,inflammation_growth_suppression,L10,attenuation of IGF-I-induced ERK phosphorylation by pro-inflammatory cytokines,50-75,%,in_vitro_animal_cell,choukair2014,False,grade_A_B|screen|unread_source|sole_source
6,3,2,p_f865592f62,inflammation_growth_suppression,L10,reduction in metatarsal growth after 8 days of IL-1beta,71,%,mouse,macrae2006,False,grade_A_B|screen|unread_source|sole_source
6,3,2,p_6503d3f1ae,inflammation_growth_suppression,L10,reduction in metatarsal growth after 8 days of TNF-alpha,45,%,mouse,macrae2006,False,grade_A_B|screen|unread_source|sole_source
6,3,2,p_b9fb2e1425,inflammation_growth_suppression,L10,residual growth deficit after 2-day IL-1beta plus TNF-alpha exposure and 6-day washout,59,%,mouse,macrae2006,False,grade_A_B|screen|unread_source|sole_source
6,3,2,p_ce80d52689,inflammation_growth_suppression,L10,adult height deficit after 4-6 years of inhaled budesonide 400 ug/day started at age 5-13,-1.2,cm,human,kelly2012,False,grade_A_B|screen|unread_source|sole_source
6,3,2,p_9473e39f0a,inflammation_growth_suppression,L10,dose-dependence of the inhaled glucocorticoid height effect,-0.1,cm per ug/kg/day,human,kelly2012,False,grade_A_B|screen|unread_source|sole_source
6,3,2,p_bb78e9329c,inhaled_corticosteroid_growth,L12,difference in attained height after 2 years of budesonide,-1.3,cm,human,kelly2012,False,grade_A_B|screen|unread_source|sole_source
6,3,2,p_f20bd2feac,inhaled_corticosteroid_growth,L12,"difference in adult height, nedocromil versus placebo",-0.2,cm,human,kelly2012,False,grade_A_B|screen|unread_source|sole_source
6,3,2,p_486cb4cf8f,intrauterine_growth_restriction,L10,relative risk of short final stature for infants born short (birth length < -2 SDS),7.1,relative risk,human,karlberg1995,False,grade_A_B|screen|unread_source|sole_source
6,3,2,p_1267d05b75,iodine_deficiency_growth,L10,increase in mean birthweight from iodine supplementation of severely iodine-deficient preg,200,g,human,farebrother2018,False,grade_A_B|screen|unread_source|sole_source
6,3,2,p_9b17d3b71d,jansen_metaphyseal_chondrodysplasia,L11,patients in the JMC natural history series,24,patients,human,saito2018,False,grade_A_B|screen|unread_source|sole_source
6,3,2,p_e228f9ca22,jansen_metaphyseal_chondrodysplasia,L11,patients carrying the H223R activating allele,18/24,patients,human,saito2018,False,grade_A_B|screen|unread_source|sole_source
6,3,2,p_4a4e5f959d,jansen_metaphyseal_chondrodysplasia,L11,paediatric JMC patients with bone histomorphometry,2,patients,human,pereira2025,False,grade_A_B|screen|unread_source|sole_source
6,3,2,p_337f8d329c,laron_syndrome,L11,adults in the Ecuadorian GHR-deficiency anthropometry cohort,201,adults,human,guevaraaguirre2025,False,grade_A_B|screen|unread_source|sole_source
6,3,2,p_96c7e41d7c,matrix_water_content_zonal,L5,Accuracy of MR T1-mapping water content against freeze-drying,97.3,%,porcine,shiguetomimedi2013,False,contradiction|unread_source|sole_source
6,3,2,p_3ced1fe91c,mct8_transporter,L4,serum T3 before and after Triac in MCT8 deficiency,4.58 -> 1.66,nmol/L,human,van2022,False,grade_A_B|screen|unread_source|sole_source
6,3,2,p_4bbe780af0,mct8_transporter,L4,body-weight-for-age on Triac versus untreated historical controls,0.72,SD,human,van2022,False,grade_A_B|screen|unread_source|sole_source
6,3,2,p_04fc2b84fa,metaphyseal_vasculature,L1,abundance of septoclasts relative to osteoclasts at the chondro-osseous interface,significantly greater,qualitative,mouse,sivaraj2022,False,contradiction|unread_source|sole_source
6,3,2,p_b4ffddba6e,milk_consumption_height,L10,serum IGF-I response to 1.5 L/day skimmed milk for 7 days,+19,%,human,hoppe2004,False,grade_A_B|screen|unread_source|sole_source
6,3,2,p_a01ca300b7,milk_consumption_height,L10,serum IGF-I/IGFBP-3 ratio response to the same milk load,+13,%,human,hoppe2004,False,grade_A_B|screen|unread_source|sole_source
6,3,2,p_3cf947bf44,milk_consumption_height,L10,serum IGF-1 response to the casein fraction of 1.5 L skim milk,+15,%,human,hoppe2009,False,grade_A_B|screen|unread_source|sole_source
6,3,2,p_58dd806e80,mouse_does_not_fuse,L7,age at which mouse growth plate remains unfused calcified cartilage,55,weeks,mouse,yu2025,False,contradiction|unread_source|sole_source
6,3,2,p_392a22afac,mouse_does_not_fuse,L7,"growth plate bony bridge number, wild-type mouse tibia (sham)",495,bridges per growth plate,mouse,samvelyan2022,False,contradiction|unread_source|sole_source
6,3,2,p_2b7df4eea3,mouse_does_not_fuse,L7,"growth plate bony bridge density, wild-type mouse tibia (sham)",1.2,bridges per unit area (s,mouse,samvelyan2022,False,contradiction|unread_source|sole_source
6,3,2,p_e9cb6c2b5a,mouse_does_not_fuse,L7,"growth plate bony bridge density, Socs2-/- mouse tibia (sham)",14.4,bridges per unit area (s,mouse,samvelyan2022,False,contradiction|unread_source|sole_source
6,3,2,p_15adf0095a,mouse_model_translation_risk,L13,mouse growth plate status at 55 weeks,"persistent calcified cartilage, no bony ",qualitative,mouse,yu2025,False,grade_A_B|screen|unread_source|sole_source
6,3,2,p_82cbafc06d,oxygen_gradient_growth_plate,L1,oxygen concentration at which Hba or Hbb knockout cartilage shows increased chondrocyte de,1,% O2,mouse,zhang2023,False,contradiction|unread_source|sole_source
6,3,2,p_660fed895f,pde5a,L3,peak CNP-stimulated cGMP with tadalafil vs vehicle,37,% increase,rat,wang2018,False,contradiction|unread_source|sole_source
6,3,2,p_d8832aab47,pde5a,L3,long bone length change after 3 weeks tadalafil 10 mg/kg/day,0,% change vs vehicle,rat,wang2018,False,contradiction|unread_source|sole_source
6,3,2,p_9d3ecc188b,pegvisomant,L12,time to peak serum concentration after subcutaneous dosing,33-77,hours,human,fda_somavert_label_2025,False,grade_A_B|screen|unread_source|sole_source
6,3,2,p_1d2a3f98a9,pegvisomant,L12,relative bioavailability of a 20 mg subcutaneous dose vs 10 mg intravenous,57,percent,human,fda_somavert_label_2025,False,grade_A_B|screen|unread_source|sole_source
6,3,2,p_09e6aad963,pegvisomant,L12,labelled dose range in adults,10-30,mg/day,human,fda_somavert_label_2025,False,grade_A_B|screen|unread_source|sole_source
6,2,3,p_5078913ac0,pericellular_matrix,L5,"PCM:ECM elastic modulus ratio, articular cartilage in situ",~0.35,ratio,multiple,darling2010,False,grade_A_B|no_dispersion|sole_source
6,2,3,p_b48a363970,porcine_growth_plate_model,L13,"pig translation risk score (this layer, 1-5)",1.5,score,porcine,thurston1985,False,grade_A_B|no_dispersion|sole_source
6,2,3,p_3a2116f124,primary_spongiosa,L1,direction of primary spongiosa height change with age,decreasing,qualitative,human,byers2000,False,grade_A_B|no_dispersion|sole_source
6,2,3,p_b84b001770,primary_spongiosa,L1,"direction of bone trabecular thickness change with age, primary spongiosa",increasing,qualitative,human,byers2000,False,grade_A_B|no_dispersion|sole_source
6,2,3,p_e58454a5e6,primary_spongiosa,L1,"direction of bone trabecular number change with age, primary spongiosa",decreasing,qualitative,human,byers2000,False,grade_A_B|no_dispersion|sole_source
6,2,3,p_b23441f56b,primary_spongiosa,L1,bone mineral volume in secondary spongiosa across age,stable,qualitative,human,byers2000,False,grade_A_B|no_dispersion|sole_source
6,2,3,p_8dc8e3d484,proliferative_zone,L1,"direction of cartilage septae number change with age, proliferative zone",decreasing,qualitative,human,byers2000,False,grade_A_B|no_dispersion|sole_source
6,3,2,p_e24fbcd622,protein_intake_growth,L10,change in serum IGF-I after 7 days of 1.5 L/day skimmed milk,+19,%,human,hoppe2004,False,grade_A_B|screen|unread_source|sole_source
6,3,2,p_d18da9e742,protein_intake_growth,L10,change in serum IGF-I after 7 days of isonitrogenous lean meat,0,%,human,hoppe2004,False,grade_A_B|screen|unread_source|sole_source
6,3,2,p_4466172ca7,protein_intake_growth,L10,change in serum IGF-1 after 7 days of casein at the level in 1.5 L skim milk,+15,%,human,hoppe2009,False,grade_A_B|screen|unread_source|sole_source
6,3,2,p_526b63a907,protein_intake_growth,L10,change in fasting insulin after 7 days of whey at the level in 1.5 L skim milk,+21,%,human,hoppe2009,False,grade_A_B|screen|unread_source|sole_source
6,3,2,p_c38cc6aa52,protein_intake_growth,L10,protein intake achieved in the milk arm,4.0,g/kg/day,human,hoppe2004,False,grade_A_B|screen|unread_source|sole_source
6,2,3,p_82430c8740,proximal_tibia_plate,L1,duration of the hypertrophic phase,2,days,rat,hunziker1989,False,grade_A_B|no_dispersion|sole_source
6,3,2,p_388a498209,pseudoachondroplasia,L11,patients in the COMP genotype-phenotype compilation,830,patients,human,ni2026,False,grade_A_B|screen|unread_source|sole_source
6,3,2,p_5c04d3b41a,pseudoachondroplasia,L11,proportion of COMP variants that are missense,80.8,percent,human,ni2026,False,grade_A_B|screen|unread_source|sole_source
6,3,2,p_0e270df0f9,pseudoachondroplasia,L11,probands with an exon 13 variant,38.9,percent,human,ni2026,False,grade_A_B|screen|unread_source|sole_source
6,3,2,p_08f7d6cc65,pseudoachondroplasia,L11,probands with a variant in the type 3 repeat domain,87.7,percent,human,ni2026,False,grade_A_B|screen|unread_source|sole_source
6,3,2,p_5aa824c1cf,recombinant_human_gh,L12,growth velocity gain on rhGH across paediatric growth disorders,+3.0 to +5.0,cm/yr,human,martn2026,False,grade_A_B|screen|unread_source|sole_source
6,3,2,p_36f3ea3ee4,recombinant_human_gh,L12,height SDS gain on rhGH,+0.3 to +0.9,SDS,human,martn2026,False,grade_A_B|screen|unread_source|sole_source
6,3,2,p_2b2764af22,saltation_stasis_growth,L1,saltation amplitude,0.5-2.5,cm per event,human,lampl1992,False,contradiction|unread_source|sole_source
6,3,2,p_0fe0a333c5,saltation_stasis_growth,L1,stasis interval duration,2-63,days,human,lampl1992,False,contradiction|unread_source|sole_source
6,3,2,p_bea122cbce,septoclast,L1,abundance at the chondro-osseous interface relative to osteoclasts,significantly more abundant,qualitative,mouse,sivaraj2022,False,contradiction|unread_source|sole_source
6,3,2,p_a56a190c81,septoclast,L1,proportion of septoclasts expressing the Pdgfra-GFP reporter,reported as a percentage in Fig. 1c,% of FABP5+ cells,mouse,sivaraj2022,False,contradiction|unread_source|sole_source
6,3,2,p_fff3409eeb,somatomedin_hypothesis,L4,"change in body weight, body length and femoral length in liver-specific Igf1 knockout",0,% (no detectable differe,mouse,yakar1999,False,contradiction|unread_source|sole_source
6,3,2,p_5f1ee65010,sport_specific_loading_human,L6,"height gain over 24 weeks, jumping intervention vs control",4.20 vs 2.48,cm,human,wang2025,False,contradiction|unread_source|sole_source
6,3,2,p_2e3ceaa7e4,sport_specific_loading_human,L6,"femoral neck BMD Z-score change, jumping intervention",1.075,Z-score units,human,wang2025,False,contradiction|unread_source|sole_source
6,3,2,p_c8b3b79e84,sport_specific_loading_human,L6,mediation of height gain by femoral neck BMD change,-0.442,beta,human,wang2025,False,contradiction|unread_source|sole_source
6,3,2,p_5e42645aa8,stat5b_deficiency,L11,height at age 16.4 years in the index STAT5B-null patient,114,cm,human,hwa2005,False,grade_A_B|screen|unread_source|sole_source
6,3,2,p_1981744543,stat5b_deficiency,L11,height SDS at age 16.4 years,-7.8,SDS,human,hwa2005,False,grade_A_B|screen|unread_source|sole_source
6,3,2,p_7ee31651d7,stat5b_deficiency,L11,serum IGF-I,7.2,ng/mL,human,hwa2005,False,grade_A_B|screen|unread_source|sole_source
6,3,2,p_1bd37463ef,stat5b_deficiency,L11,serum IGFBP-3,543,ng/mL,human,hwa2005,False,grade_A_B|screen|unread_source|sole_source
6,3,2,p_3e2fdc939c,stat5b_deficiency,L11,serum acid-labile subunit,1.22,ug/mL,human,hwa2005,False,grade_A_B|screen|unread_source|sole_source
6,3,2,p_8ed6fe9e96,stat5b_gene,L8,"height SDS, homozygous STAT5B null",-7.8,SDS,human,hwa2005,False,grade_A_B|screen|unread_source|sole_source
6,3,2,p_96ccd0641d,stat5b_gene,L8,"serum IGF-1, homozygous STAT5B null",7.2,ng/ml,human,hwa2005,False,grade_A_B|screen|unread_source|sole_source
6,3,2,p_9feb70b23a,stat5b_gene,L8,"serum IGFBP-3, homozygous STAT5B null",543,ng/ml,human,hwa2005,False,grade_A_B|screen|unread_source|sole_source
6,3,2,p_b764465f76,stat5b_gene,L8,"serum acid-labile subunit, homozygous STAT5B null",1.22,microg/ml,human,hwa2005,False,grade_A_B|screen|unread_source|sole_source
6,3,2,p_79b6981b02,strain_frequency_dependence,L6,dynamic loading frequencies tested in vivo on rat caudal vertebrae,0.1 and 1.0,Hz,rat,mnard2014,False,contradiction|unread_source|sole_source
6,3,2,p_5c5b789234,terminal_cell_shape_modulation,L1,transverse-to-axial modulus ratio across developmental stage,"11.0, 10.3, 0.72, 0.80, 1.15",ratio,porcine,wosu2012,True,contradiction|unread_source|sole_source
6,3,2,p_38fc6b58c9,terminal_cell_shape_modulation,L1,out-of-plane and transverse moduli by developmental stage,E3 0.52/0.95/0.57/0.49/0.34; E1 5.72/9.7,MPa,porcine,wosu2012,False,contradiction|unread_source|sole_source
6,3,2,p_324d592d32,terminal_cell_shape_modulation,L1,human terminal hypertrophic cell HEIGHT and WIDTH in the same cells,height 8.5 vs 12.8; width 14.9 vs 15.0,um,human,bylskiaustrow2018,False,contradiction|unread_source|sole_source
6,3,2,p_f58322d7e2,testosterone_hormone,L4,"EC50 for 50% increase in growth velocity, morning testosterone",3.1,nmol/L,human,albin2013,False,grade_A_B|screen|unread_source|sole_source
6,3,2,p_823ebe62c9,transcon_growth_hormone,L12,"annualised height velocity, weekly lonapegsomatropin vs daily somatropin",+0.91,cm/yr,human,ying2026,False,grade_A_B|screen|unread_source|sole_source
6,3,2,p_55fd3b4a9a,transcon_growth_hormone,L12,"change in height SDS at 52 weeks, weekly arm",1.01,SDS,human,ying2026,False,grade_A_B|screen|unread_source|sole_source
6,3,2,p_ba751c35e6,transcon_growth_hormone,L12,IGF-1 SDS response per unit dose change,0.17,SDS per 0.02 mg/kg/week,human,fda_skytrofa_label_2026,False,grade_A_B|screen|unread_source|sole_source
6,3,2,p_468bb10c10,transcon_growth_hormone,L12,"annualised growth velocity, navepegritide plus lonapegsomatropin combination",8.69,cm/yr,human,mcdonnell2026,False,grade_A_B|screen|unread_source|sole_source
6,3,2,p_e87d3967e6,zonal_stiffness_gradient,L5,"Elastic modulus, reserve zone, transverse AFM microindentation",0.57,MPa,rabbit,radhakrishnan2004,False,contradiction|unread_source|sole_source
6,3,2,p_72416e201f,zonal_stiffness_gradient,L5,"Elastic modulus, mineralizing zone, transverse AFM microindentation",1.41,MPa,rabbit,radhakrishnan2004,False,contradiction|unread_source|sole_source
6,3,2,p_21bff134c5,zonal_stiffness_gradient,L5,"Elastic modulus, reserve zone, longitudinal AFM indentation (anisotropy)",0.77,MPa,rabbit,radhakrishnan2004,False,contradiction|unread_source|sole_source
6,3,2,p_9748b6a378,zonal_stiffness_gradient,L5,Human capital femoral physis tensile strength relative to bovine proximal tibial physis,~0.5,fold,human,williams2001,False,contradiction|unread_source|sole_source
5,1,5,p_fcee1e2627,chondroprogenitor_quiescence,L2,Resting-to-proliferative EdU incorporation ratio at P9,0.20,ratio (6.1% / 30.5%),mouse,mizuhashi2018,False,screen|derivation_word|unread_source|sole_source
4,1,4,p_bc564cb8d3,abaloparatide,L12,approved dose and route,80,mcg/day subcutaneous,human,fda_tymlos_label_2025,False,screen|no_dispersion|unread_source|sole_source
4,1,4,p_2ce4139e2a,abaloparatide,L12,paediatric trials of abaloparatide with any growth endpoint,0,trials,human,fda_tymlos_label_2025,False,screen|no_dispersion|unread_source|sole_source
4,2,2,p_c5bcd0895f,acromegaly,L11,acromegaly patients sequenced for GPR101,248,patients,human,trivellin2014,False,grade_A_B|unread_source|sole_source
4,2,2,p_b56f716d7f,acromegaly,L11,frequency of the recurrent GPR101 p.E308D variant in acromegaly,11/248,patients,human,trivellin2014,False,grade_A_B|unread_source|sole_source
4,2,2,p_7b4bfb6e77,acromesomelic_dysplasia_maroteaux,L11,families sequenced in the defining AMDM study,21,families,human,bartels2004,False,grade_A_B|unread_source|sole_source
4,2,2,p_c704cc2081,acromesomelic_dysplasia_maroteaux,L11,missense NPR2 alleles tested in a guanylyl cyclase assay,3,alleles,in_vitro_human_cell,bartels2004,False,grade_A_B|unread_source|sole_source
4,1,4,p_27609313e0,adamts4,L5,Skeletal phenotype of Adamts4/Adamts5 double-null mice,none detected,physiologically normal,mouse,majumdar2007,False,screen|no_dispersion|unread_source|sole_source
4,1,4,p_59c2e19edb,adamts4,L5,TIMP-3 N-terminal domain Ki against ADAMTS4,sub-nanomolar,nM,in_vitro_human_cell,kashiwagi2001,False,screen|no_dispersion|unread_source|sole_source
4,1,4,p_1aaf4ecb49,adamts5,L5,Skeletal development in Adamts4/Adamts5 double null mice,normal,no detectable abnormalit,mouse,majumdar2007,False,screen|no_dispersion|unread_source|sole_source
4,1,4,p_7f8a16cb3c,adamts5,L5,TIMP-3 N-terminal domain Ki against ADAMTS5,sub-nanomolar,nM,in_vitro_human_cell,kashiwagi2001,False,screen|no_dispersion|unread_source|sole_source
4,2,2,p_c31e86aec6,articular_cartilage,L9,"lateral trochlear articular cartilage thickness, males",4.4,mm,human,sidharthan2021,False,grade_A_B|unread_source|sole_source
4,2,2,p_9c96e79abc,articular_cartilage,L9,"lateral trochlear articular cartilage thickness, females",3.6,mm,human,sidharthan2021,False,grade_A_B|unread_source|sole_source
4,2,2,p_661a3ac52b,articular_cartilage,L9,effect of physeal status on femoral articular cartilage thickness,thicker with open physes,mm,human,sidharthan2021,False,grade_A_B|unread_source|sole_source
4,1,4,p_62feb90200,beta2_adrenoceptor_chondrocyte,L3,"long bone growth, chondrocyte-specific Adrb2 knockout vs control",reduced,qualitative,mouse,kuhn2026,False,screen|no_dispersion|unread_source|sole_source
4,2,2,p_7ff438717e,bone_age,L7,bone age at chronological age 24 years 3 months in untreated aromatase deficiency,14,years of bone age,human,morishima1995,False,grade_A_B|unread_source|sole_source
4,2,2,p_659ed67eaf,bone_age,L7,bone age advance over 3.5 years in ER-alpha loss of function,15 to 17.5,years of bone age,human,smith2008,False,grade_A_B|unread_source|sole_source
4,2,2,p_ed96c21e14,brain_growth_trajectory,L9,age at peak grey matter volume,5.9,years,human,bethlehem2022,False,grade_A_B|unread_source|sole_source
4,2,2,p_31deecb871,brain_growth_trajectory,L9,age at peak white matter volume,28.7,years,human,bethlehem2022,False,grade_A_B|unread_source|sole_source
4,2,2,p_3a7d7712fb,brain_growth_trajectory,L9,age at peak subcortical grey matter volume,14.4,years,human,bethlehem2022,False,grade_A_B|unread_source|sole_source
4,2,2,p_1ccac9ba5f,brain_growth_trajectory,L9,age at peak total cerebrum volume,12.5,years,human,bethlehem2022,False,grade_A_B|unread_source|sole_source
4,2,2,p_3852e0e5a1,brain_growth_trajectory,L9,age at peak cortical surface area,10.97,years,human,bethlehem2022,False,grade_A_B|unread_source|sole_source
4,2,2,p_a5dfcea65f,brain_growth_trajectory,L9,age at peak mean cortical thickness,1.7,years,human,bethlehem2022,False,grade_A_B|unread_source|sole_source
4,2,2,p_a56ab639df,brain_growth_trajectory,L9,age at peak grey matter volume velocity,5.08,months,human,bethlehem2022,False,grade_A_B|unread_source|sole_source
4,2,2,p_f120c1c88e,brain_growth_trajectory,L9,age at peak white matter volume velocity,2.4,years,human,bethlehem2022,False,grade_A_B|unread_source|sole_source
4,2,2,p_513271ce71,brain_growth_trajectory,L9,age at peak cortical thickness velocity,-0.38,years relative to birth,human,bethlehem2022,False,grade_A_B|unread_source|sole_source
4,2,2,p_3fc71a0aae,canalization_growth,L9,proportion of catch-up episodes fitted by a monomolecular function,83-90,percent,human,wit2021,False,grade_A_B|unread_source|sole_source
4,2,2,p_bddc1883cb,canalization_growth,L9,"rate constant k of catch-up, coeliac disease versus juvenile hypothyroidism",higher in coeliac,not_applicable,human,wit2021,False,grade_A_B|unread_source|sole_source
4,2,2,p_b5c7b9d6d8,canalization_growth,L9,"rate constant k of catch-up, coeliac disease versus GH deficiency",higher in coeliac,not_applicable,human,wit2021,False,grade_A_B|unread_source|sole_source
4,2,2,p_6b131c47df,canalization_growth,L9,"height deficit at start of catch-up, juvenile hypothyroidism versus coeliac disease",larger in hypothyroidism,SDS,human,wit2021,False,grade_A_B|unread_source|sole_source
4,2,2,p_7fff0e730d,canalization_growth,L9,effect of GH dose (conventional versus high) on catch-up rate constant,not significant,not_applicable,human,wit2021,False,grade_A_B|unread_source|sole_source
4,4,1,p_4f3ff8d45a,cell_cycle_time_pz,L1,"labelling index, proliferation zone",4.4,%,human,thurston1985,False,contradiction|screen|sole_source
4,4,1,p_2490a369cf,cell_cycle_time_pz,L1,"labelling index, proliferation zone",3.4-4.0,%,human,thurston1985,False,contradiction|screen|sole_source
4,4,1,p_482ff9db81,cell_cycle_time_pz,L1,"labelling index, proliferation zone",4.0-10.6,%,porcine,thurston1985,False,contradiction|screen|sole_source
4,1,4,p_95ab60e616,chemotherapy_growth_plate_toxicity,L12,measurements of cytotoxic drug concentration within human growth plate cartilage,0,studies identified,human,sokhan2026,False,screen|no_dispersion|unread_source|sole_source
4,1,4,p_90598ba8c1,chondrocyte_dissociation_bias,L13,cells recovered in the first growth plate scRNA-seq study,217,cells,mouse,gse76157,False,screen|no_dispersion|unread_source|sole_source
4,1,4,p_d23915d4f4,chondrocyte_dissociation_bias,L13,published comparisons of scRNA-seq zonal composition against histological zonal compositio,0,studies,multiple,geo_census_l13b_20260805,False,screen|no_dispersion|unread_source|sole_source
4,1,4,p_43e413517b,chondrocyte_hypertrophy,L1,fraction of elongation contributed by hypertrophy,59,% of elongation,rat,wilsman1996,False,screen|no_dispersion|unread_source|sole_source
4,1,4,p_bf8a2b2b6b,chondrocyte_hypertrophy,L1,dry mass dilution during the swelling phase,60,% reduction in density,mouse,cooper2013,False,screen|no_dispersion|unread_source|sole_source
4,1,4,p_9ccbb816e7,chondrocyte_proliferation_rate,L1,"new chondrocytes produced per day, whole plate",16400,cells/day,rat,wilsman1996,False,screen|no_dispersion|unread_source|sole_source
4,1,4,p_8f547ec7c1,chondrocyte_proliferation_rate,L1,"new chondrocytes produced per day, whole plate",3700,cells/day,rat,wilsman1996,False,screen|no_dispersion|unread_source|sole_source
4,1,4,p_9457ece6fd,chondrocyte_proliferation_rate,L1,chondrocytes produced and lost per column per day,8,cells/day,rat,hunziker1987,False,screen|no_dispersion|unread_source|sole_source
4,1,4,p_e4a7e4e2f9,chondrocyte_proliferation_rate,L1,"chondrocytes produced per column per day (derived, not measured)",1.9,cells/day,human,thurston1985,False,screen|derivation_word|sole_source
4,1,4,p_8cb1471cf6,chondrocyte_proliferation_rate,L1,direct contribution of proliferation to elongation,9,% of elongation,rat,wilsman1996,False,screen|no_dispersion|unread_source|sole_source
4,1,4,p_4487932129,chondrocyte_rotation,L1,elevation angle defining a completed rotation,60-90,degrees,mouse,rubin2024,False,screen|no_dispersion|unread_source|sole_source
4,2,2,p_ee4636dea9,col2a1_gene,L8,"height SDS gain on growth hormone, SEDC",0.76,SDS,human,zhan2025,False,grade_A_B|unread_source|sole_source
4,2,2,p_28c8764e65,col2a1_gene,L8,"height SDS gain on growth hormone, SEDC",0.27,SDS,human,zhan2025,False,grade_A_B|unread_source|sole_source
4,2,2,p_975c9a2f90,comparative_fusion_across_species,L7,proportion of lumbar vertebral endplates with unclosed growth plate cartilage,100,percent (all endplates i,multiple,iwata2018,False,grade_A_B|unread_source|sole_source
4,2,2,p_ce1b3eac0f,cranial_base_synchondrosis,L9,"correlation of fusion stage with cervical vertebral maturation stage, males",0.955,Spearman rho,human,kim2024,False,grade_A_B|unread_source|sole_source
4,2,2,p_a32bb38ea4,cranial_base_synchondrosis,L9,"correlation of fusion stage with cervical vertebral maturation stage, females",0.964,Spearman rho,human,kim2024,False,grade_A_B|unread_source|sole_source
4,2,2,p_0b1f8e354e,cranial_base_synchondrosis,L9,"correlation of fusion stage with chronological age, males",0.887,Spearman rho,human,kim2024,False,grade_A_B|unread_source|sole_source
4,2,2,p_ea44f7fe3b,cranial_base_synchondrosis,L9,"correlation of fusion stage with chronological age, females",0.885,Spearman rho,human,kim2024,False,grade_A_B|unread_source|sole_source
4,2,2,p_883fae09f3,craniofacial_growth,L9,"age at spheno-occipital synchondrosis fusion stages 3-4, females",11.0-12.5,years,human,kim2024,False,grade_A_B|unread_source|sole_source
4,1,4,p_2f432ff14d,cytoskeletal_tension_chondrocyte,L6,"lateral and volumetric hypertrophic chondrocyte strain, static vs dynamic compression",higher under static,"p<0.001 lateral, p<=0.01",rat,zimmermann2017,False,screen|no_dispersion|unread_source|sole_source
4,2,2,p_75e04a7e0a,de_novo_variant_growth,L8,germline mutation accumulation rate in sperm,1.67,mutations per year per h,human,neville2025,False,grade_A_B|unread_source|sole_source
4,2,2,p_6399a0aeab,de_novo_variant_growth,L8,increase in risk of known disease-causing mutations from germline positive selection,2-3,fold,human,neville2025,False,grade_A_B|unread_source|sole_source
4,2,2,p_6c0ec17d74,de_novo_variant_growth,L8,"sperm carrying a pathogenic exome mutation, middle-aged to older men",3-5,%,human,neville2025,False,grade_A_B|unread_source|sole_source
4,2,2,p_9993212abc,dental_development_clock,L9,bone age delay in untreated isolated GH deficiency,1.99,years,human,torliskawalkow2026,False,grade_A_B|unread_source|sole_source
4,2,2,p_429c0b805d,dental_development_clock,L9,dental age delay in untreated isolated GH deficiency,0.31,years,human,torliskawalkow2026,False,grade_A_B|unread_source|sole_source
4,2,2,p_50c8324648,dental_development_clock,L9,effect of stunting on dental development stage,none detected,not_applicable,human,floresmir2005,False,grade_A_B|unread_source|sole_source
4,2,2,p_4fee1d14a8,dental_development_clock,L9,effect of stunting on skeletal maturation stage,none detected,not_applicable,human,floresmir2005,False,grade_A_B|unread_source|sole_source
4,2,2,p_3e1217ea34,distal_radius_plate,L1,share of radial longitudinal growth,80,% of radial length,human,pritchett1991,False,grade_A_B|unread_source|sole_source
4,2,2,p_5fc06e1e57,distal_radius_plate,L1,"share of ulnar longitudinal growth, distal ulnar physis",85,% of ulnar length,human,pritchett1991,False,grade_A_B|unread_source|sole_source
4,2,2,p_87dcb13947,distal_radius_plate,L1,"ulnar growth rate, girls and boys",1.0 and 1.1,cm/year,human,pritchett1988,False,grade_A_B|unread_source|sole_source
4,2,2,p_c681c9e806,distal_radius_plate,L1,radius as a fraction of standing height,"13-14 (girls), 14-15 (boys)",% of standing height,human,pritchett1988,False,grade_A_B|unread_source|sole_source
4,2,2,p_36cc513e13,distal_radius_plate,L1,proliferative zone cell cycle time,34.0,h,rat,wilsman1996a,False,grade_A_B|unread_source|sole_source
4,2,2,p_fe2517f419,diurnal_stature_variation,L6,stature loss 09:30 to 14:00 in 12-14 year old boys,2.0,mm,human,whitehouse1974,False,grade_A_B|unread_source|sole_source
4,2,2,p_832a87b3eb,diurnal_stature_variation,L6,stature loss 10:00 to 17:00 in 12-14 year old boys,4.6,mm,human,whitehouse1974,False,grade_A_B|unread_source|sole_source
4,2,2,p_c5399eef88,diurnal_stature_variation,L6,"standing height loss over the day, children with idiopathic scoliosis",7,mm,human,czaprowski2019,False,grade_A_B|unread_source|sole_source
4,2,2,p_8ee5984bb4,diurnal_stature_variation,L6,"sitting height loss over the day, children with idiopathic scoliosis",7,mm,human,czaprowski2019,False,grade_A_B|unread_source|sole_source
4,2,2,p_f3b5eda94a,dohad_hypothesis,L10,"variance in birthweight explained by a birthweight polygenic index, unexposed controls",14,%,human,taeubert2026,False,grade_A_B|unread_source|sole_source
4,2,2,p_92fb6e163d,dohad_hypothesis,L10,correlation of the birthweight polygenic index with birthweight in famine-exposed individu,0.10,Pearson r,human,taeubert2026,False,grade_A_B|unread_source|sole_source
4,2,2,p_07ecfcd8a3,dominant_negative_vs_haploinsufficiency,L8,"height Z, COL10A1 missense (dominant-negative)",-3.62,SDS,human,meng2025,False,grade_A_B|unread_source|sole_source
4,2,2,p_90bae33e47,dominant_negative_vs_haploinsufficiency,L8,"height Z, COL10A1 truncating (haploinsufficiency)",-1.99,SDS,human,meng2025,False,grade_A_B|unread_source|sole_source
4,2,2,p_eec38cc55b,energy_availability_growth,L10,length-for-age Z gain from small-quantity lipid-based nutrient supplements,0.15,z-score,human,watson2025,False,grade_A_B|unread_source|sole_source
4,2,2,p_6234ddbced,energy_availability_growth,L10,equivalent height-age gain from SQ-LNS,12,days,human,watson2025,False,grade_A_B|unread_source|sole_source
4,2,2,p_48ad96bc9f,energy_availability_growth,L10,increase in adult male wages after Atole supplementation through age 2,46,%,human,martorell2017,False,grade_A_B|unread_source|sole_source
4,2,2,p_0fa1207b7a,epigenetic_clock_growth,L8,height change per year of epigenetic age acceleration at age 7,0.23,cm,human,simpkin2017,False,grade_A_B|unread_source|sole_source
4,2,2,p_0d88a0464b,epigenetic_clock_growth,L8,peak height velocity change per unit epigenetic age acceleration,0.018,beta (cm/y per unit EAA),human,kim2024_2,False,grade_A_B|unread_source|sole_source
4,2,2,p_a823edffbd,epigenetic_clock_growth,L8,association of epigenetic age acceleration with age at peak height velocity,-0.0022,beta (years per unit EAA,human,kim2024_2,False,grade_A_B|unread_source|sole_source
4,1,4,p_08b9cce350,erdafitinib,L12,time to slipped capital femoral epiphysis after starting erdafitinib,12,weeks,human,brizini2024,False,screen|no_dispersion|unread_source|sole_source
4,1,4,p_b9b6442570,erdafitinib,L12,growth-plate exposure of erdafitinib in any species,not measured,not applicable,not_applicable,brizini2024,False,screen|no_dispersion|unread_source|sole_source
4,2,2,p_f7cced34a8,estrogen_biphasic_dose_effect,L4,3-week ulnar growth velocity before and after 4-day iv estradiol at 4 ug/day,0.45 -> 1.38,mm per 3 weeks,human,carusonicolett1985,False,grade_A_B|unread_source|sole_source
4,2,2,p_918fd2b6cc,estrogen_biphasic_dose_effect,L4,3-week ulnar growth velocity before and after 4-day iv estradiol at 20 ug/day,0.49 -> 1.0,mm per 3 weeks,human,carusonicolett1985,False,grade_A_B|unread_source|sole_source
4,2,2,p_55ddd46c1b,estrogen_biphasic_dose_effect,L4,3-week ulnar growth velocity before and after 4-day iv estradiol at 90 ug/day,0.46 -> 0.84,mm per 3 weeks,human,carusonicolett1985,False,grade_A_B|unread_source|sole_source
4,2,2,p_c2bfb71532,estrogen_biphasic_dose_effect,L4,morning estradiol at half-maximal pubertal growth acceleration (girls),20,pmol/L,human,albin2012,False,grade_A_B|unread_source|sole_source
4,2,2,p_977cf3c401,estrogen_biphasic_dose_effect,L4,"adult height in Turner syndrome, childhood ultra-low-dose estrogen alone vs placebo",-3.39 vs -2.81,SDS,human,ross2011,False,grade_A_B|unread_source|sole_source
4,2,2,p_5edc9c95ac,estrogen_biphasic_dose_effect,L4,adult height gain from childhood ultra-low-dose estrogen ADDED to GH,0.32,SDS (2.1 cm),human,ross2011,False,grade_A_B|unread_source|sole_source
4,2,2,p_565389c110,estrogen_biphasic_dose_effect,L4,extra height from early very low-dose depot estradiol plus GH vs GH alone,3.5,cm,human,rosenfield2005,False,grade_A_B|unread_source|sole_source
4,2,2,p_f521821749,estrogen_driven_fusion,L7,"adult height, man with homozygous ESR1 nonsense mutation (codon 157 C to T)",204,cm,human,smith1994,False,grade_A_B|unread_source|sole_source
4,2,2,p_b5b91fc637,estrogen_driven_fusion,L7,"lumbar spine BMD, same ESR1 patient at age 28.5 y",0.745,g/cm2,human,smith1994,False,grade_A_B|unread_source|sole_source
4,2,2,p_74f5df45f2,estrogen_driven_fusion,L7,"lumbar spine aBMD after 3.5 y follow-up, same ESR1 patient",0.684,g/cm2,human,smith2008,False,grade_A_B|unread_source|sole_source
4,2,2,p_d9fca9fc1a,estrogen_driven_fusion,L7,bone age advance over 3.5 years without ER-alpha signalling,15 to 17.5,years of bone age,human,smith2008,False,grade_A_B|unread_source|sole_source
4,2,2,p_669ad25cff,estrogen_driven_fusion,L7,"adult height, man with CYP19A1 aromatase deficiency",204,cm,human,morishima1995,False,grade_A_B|unread_source|sole_source
4,2,2,p_209f1d7e17,estrogen_driven_fusion,L7,bone age at chronological age 24.25 years in aromatase-deficient man,14,years of bone age,human,morishima1995,False,grade_A_B|unread_source|sole_source
4,2,2,p_c31a4c8f97,estrogen_driven_fusion,L7,"adult height, 46,XX sister with same CYP19A1 mutation",177.6,cm,human,morishima1995,False,grade_A_B|unread_source|sole_source
4,2,2,p_3702f8b3d3,estrogen_driven_fusion,L7,distal radius BMD in untreated aromatase-deficient man,-4.7,SD below sex- and age-ma,human,morishima1995,False,grade_A_B|unread_source|sole_source
4,2,2,p_4f9a2eece6,estrogen_driven_fusion,L7,"adult height, second reported aromatase-deficient man (India, 2022)",188,cm,human,singhania2022,False,grade_A_B|unread_source|sole_source
4,1,4,p_9d185168d8,estrogen_low_dose_therapy,L12,randomised comparisons of oestrogen introduction age with attained adult height as endpoin,0,trials identified,human,turner2025,False,screen|no_dispersion|unread_source|sole_source
4,2,2,p_f0db4d51f0,fgfr3_npr2_crosstalk,L3,"femur length gain from homozygous GC-B(7E) expression, FGFR3-G380R/G380R background","12.6 (male), 7.9 (female)",%,mouse,wagner2021,False,grade_A_B|unread_source|sole_source
4,2,2,p_aa4cfd9a81,fgfr3_npr2_crosstalk,L3,"growth plate hypertrophic zone cross-sectional area gain from GC-B(7E), FGFR3-G380R/G380R ",70.2,% increase,mouse,wagner2021,False,grade_A_B|unread_source|sole_source
4,2,2,p_63f52b85a0,fgfr3_npr2_crosstalk,L3,annualised growth velocity gain from pharmacological reactivation of the NPR2 arm in FGFR3,1.57,cm/yr,human,savarirayan2020,False,grade_A_B|unread_source|sole_source
4,2,2,p_8782d31d44,final_adult_height_endpoint,L12,"final adult height gain, GnRH agonist in central precocious puberty",+3.5 to +4.5,cm,human,martn2026,False,grade_A_B|unread_source|sole_source
4,2,2,p_626c2a784e,final_adult_height_endpoint,L12,"final adult height gain, androgen therapy in constitutional delay",+1.78,cm,human,wang2026,False,grade_A_B|unread_source|sole_source
4,2,2,p_da98ca8fbd,final_adult_height_endpoint,L12,"near-adult height gain, rhIGF-1 in severe primary IGF-1 deficiency",+0.9,height SDS,human,ramonkrauel2026,False,grade_A_B|unread_source|sole_source
4,2,2,p_c3b93583fe,final_adult_height_endpoint,L12,"adult height change, inhaled budesonide 400 ug/day in childhood",-1.2,cm,human,kelly2012,False,grade_A_B|unread_source|sole_source
4,2,2,p_bfb23dbb7d,gdf5_height_locus,L8,"additive per-allele height effect, GDF5-UQCC region",0.44,cm,human,sanna2008,False,grade_A_B|unread_source|sole_source
4,2,2,p_7ec73bb9e7,gene_environment_interaction_height,L8,"adult height heritability across birth years 1886-1994, men",0.69-0.84,h2,human,jelenkovic2016a,False,grade_A_B|unread_source|sole_source
4,2,2,p_e9899bccb0,gene_environment_interaction_height,L8,"adult height heritability across birth years 1886-1994, women",0.53-0.78,h2,human,jelenkovic2016a,False,grade_A_B|unread_source|sole_source
4,2,2,p_e94229418b,gh_deficiency,L11,individuals with idiopathic GHD followed to adult height,169,individuals,human,zhao2025,False,grade_A_B|unread_source|sole_source
4,2,2,p_5b2ce17653,glucocorticoid_sparing_strategy,L12,residual adult height cost of the inhaled-route sparing strategy,-1.2,cm,human,kelly2012,False,grade_A_B|unread_source|sole_source
4,2,2,p_424bdf62ed,gnrh_analog_leuprolide,L12,improvement in final adult height with GnRH agonist therapy in central precocious puberty,+3.5 to +4.5,cm,human,martn2026,False,grade_A_B|unread_source|sole_source
4,2,2,p_9fb7944923,gnrh_analog_leuprolide,L12,reduction in bone age advancement,-0.6 to -1.3,years,human,martn2026,False,grade_A_B|unread_source|sole_source
4,2,2,p_aebacbc6c0,gnrh_analog_leuprolide,L12,"final adult height minus target height, boys with central precocious puberty",+1.2,cm,human,cho2026,False,grade_A_B|unread_source|sole_source
4,2,2,p_162de6cd9f,gnrh_analog_leuprolide,L12,narrowing of the bone age minus chronological age gap during treatment,1.1,years,human,cho2026,False,grade_A_B|unread_source|sole_source
4,2,2,p_34aeab2bac,gnrh_analog_triptorelin,L12,"class-level improvement in final adult height, GnRH agonists in central precocious puberty",+3.5 to +4.5,cm,human,martn2026,False,grade_A_B|unread_source|sole_source
4,2,2,p_5f3dc22b06,greulich_pyle_method,L7,95% confidence interval for GP minus TW2 bone age,-1.52 to +2.28,years,human,bull1999,False,grade_A_B|unread_source|sole_source
4,2,2,p_5eb0cf1e7a,growth_cessation,L7,age at which rat longitudinal growth has ceased with plate still present,62-80,weeks,rat,roach2003,False,grade_A_B|unread_source|sole_source
4,2,2,p_4c9e7da2ec,growth_plate_height,L1,regional variation of physeal height within one human plate,present,qualitative,human,white2008,False,grade_A_B|unread_source|sole_source
4,2,2,p_4a7018ca4c,growth_velocity_curve,L9,"age at peak height velocity, females",11.8,years,human,elhakeem2024,False,grade_A_B|unread_source|sole_source
4,2,2,p_6200777a09,growth_velocity_curve,L9,"age at peak height velocity, males",13.5,years,human,elhakeem2024,False,grade_A_B|unread_source|sole_source
4,2,2,p_d233dc46f9,growth_velocity_curve,L9,correlation of age at menarche with age at peak height velocity,0.76,Pearson r,human,elhakeem2024,False,grade_A_B|unread_source|sole_source
4,2,2,p_62419164f9,growth_velocity_curve,L9,"difference in peri-pubertal growth velocity, early vs late maturing boys",0.48,cm/yr,human,srensen2026,False,grade_A_B|unread_source|sole_source
4,2,2,p_81e74ff99b,growth_velocity_curve,L9,"correlation of age at pubertal onset with peak height velocity, boys",-0.48,Spearman rho,human,srensen2026,False,grade_A_B|unread_source|sole_source
4,2,2,p_1818e0d73b,growth_velocity_curve,L9,"increase in peak height velocity per year earlier pubertal onset, boys",1.82,cm/yr per year,human,chun2024,False,grade_A_B|unread_source|sole_source
4,2,2,p_c1378cfde3,growth_velocity_curve,L9,"increase in peak height velocity per year earlier pubertal onset, girls",1.39,cm/yr per year,human,chun2024,False,grade_A_B|unread_source|sole_source
4,2,2,p_2456992b6e,growth_velocity_curve,L9,"shortening of growth-spurt duration with earlier onset, boys",0.63,years,human,chun2024,False,grade_A_B|unread_source|sole_source
4,2,2,p_1771c6e76c,growth_velocity_curve,L9,"shortening of growth-spurt duration with earlier onset, girls",0.58,years,human,chun2024,False,grade_A_B|unread_source|sole_source
4,1,4,p_e6855fa0ac,gut_microbiome_growth,L10,effect of long-term conventionalisation of germ-free mice on longitudinal bone growth,increased,qualitative,mouse,yan2016,False,screen|no_dispersion|unread_source|sole_source
4,1,4,p_80a784b7f7,gut_microbiome_growth,L10,effect of antibiotic treatment on serum IGF-1 in conventional mice,decreased,qualitative,mouse,yan2016,False,screen|no_dispersion|unread_source|sole_source
4,2,2,p_318df2558b,head_circumference_growth,L9,age at peak grey matter volume velocity (brain correlate of the head circumference velocit,5.08,months,human,bethlehem2022,False,grade_A_B|unread_source|sole_source
4,2,2,p_26146bad13,height_heritability,L8,"twin-based heritability of height, age <5y, European ancestry",0.57,h2 (proportion of varian,human,dewau2025,False,grade_A_B|unread_source|sole_source
4,2,2,p_9692b4ee43,height_heritability,L8,"twin-based heritability of height, age <5y, Asian ancestry",0.48,h2 (proportion of varian,human,dewau2025,False,grade_A_B|unread_source|sole_source
4,2,2,p_ca4969d8a6,height_heritability,L8,"twin-based heritability of height, age <5y, multi-ancestry",0.46,h2 (proportion of varian,human,dewau2025,False,grade_A_B|unread_source|sole_source
4,2,2,p_5e91595b79,height_heritability,L8,inferred true narrow-sense heritability of height,60-70,%,human,yang2015,False,grade_A_B|unread_source|sole_source
4,2,2,p_557ddbbd25,height_heritability,L8,"adult height heritability, men",0.69-0.84,h2 (proportion of varian,human,jelenkovic2016a,False,grade_A_B|unread_source|sole_source
4,2,2,p_59c68bedef,height_heritability,L8,"adult height heritability, women",0.53-0.78,h2 (proportion of varian,human,jelenkovic2016a,False,grade_A_B|unread_source|sole_source
4,2,2,p_79e4d6bf92,height_heritability,L8,"height heritability, sibling identity-by-descent design",0.76,h2 (proportion of varian,human,sidorenko2024,False,grade_A_B|unread_source|sole_source
4,2,2,p_f7c89d4df7,height_polygenic_score,L8,narrow-sense heritability benchmark,0.76,proportion of variance,human,sidorenko2024,False,grade_A_B|unread_source|sole_source
4,2,2,p_307801e9a4,height_polygenic_score,L8,European height signals directionally consistent in African ancestry,643,of 802 signals,human,graff2021,False,grade_A_B|unread_source|sole_source
4,2,2,p_9f8a3b6f4f,height_sds_z_score,L9,agreement between WHO and US reference length increments at outer percentiles,poor,not_applicable,human,de2011,False,grade_A_B|unread_source|sole_source
4,2,2,p_d3fb9d23f2,hmga2_gene,L8,per-allele adult height effect of rs1042725 (C allele),0.4,cm,human,weedon2007,False,grade_A_B|unread_source|sole_source
4,2,2,p_1ed405716d,hmga2_gene,L8,population height variance explained by rs1042725,0.3,%,human,weedon2007,False,grade_A_B|unread_source|sole_source
4,4,1,p_563fc7211f,hueter_volkmann_law,L6,"multiple regression coefficient, final hypertrophic cell height -> growth rate",1.39,dimensionless (normalise,multiple,stokes2007,False,contradiction|screen|sole_source
4,4,1,p_52d23c919b,hueter_volkmann_law,L6,"multiple regression coefficient, proliferative cell number per unit width -> growth rate",0.72,dimensionless (normalise,multiple,stokes2007,False,contradiction|screen|sole_source
4,1,4,p_24d1ad4b2c,hyaluronan_matrix,L5,Effect of limb-mesenchyme Has2 deletion on skeletal element length,"severely shortened, all elements",qualitative; fold not ex,mouse,matsumoto2009,False,screen|no_dispersion|unread_source|sole_source
4,1,4,p_a732881eaa,hyaluronan_matrix,L5,Hypertrophic chondrocyte number in Has2-deficient growth plate,strikingly reduced,qualitative,mouse,matsumoto2009,False,screen|no_dispersion|unread_source|sole_source
4,4,1,p_7484b475ea,hypertrophic_chondrocyte,L1,terminal hypertrophic cell height along the growth axis,33,um,human,kember1976,False,contradiction|screen|unread_source
4,1,4,p_f0d8ac4490,hypertrophic_phase_duration,L1,turnover time of the whole hypertrophic column,24,h,mouse,cooper2013,False,screen|no_dispersion|unread_source|sole_source
4,1,4,p_1ef9829df4,hypertrophic_phase_duration,L1,time to more than triple cell height after leaving the proliferative pool,12,h,mouse,cooper2013,False,screen|no_dispersion|unread_source|sole_source
4,1,4,p_2cb5ab1813,hypertrophic_phase_duration,L1,dwell time at terminal size before removal,12,h,mouse,cooper2013,False,screen|no_dispersion|unread_source|sole_source
4,1,4,p_404fab64ee,hypertrophic_phase_duration,L1,chondrocyte removal interval per column,3,h per cell,rat,hunziker1987,False,screen|no_dispersion|unread_source|sole_source
4,2,2,p_cc93007894,hypertrophic_zone,L1,"increase in rough endoplasmic reticulum surface area, Golgi membranes and mitochondrial vo",2-5,fold,rat,hunziker1987,False,grade_A_B|unread_source|sole_source
4,2,2,p_7425540c70,icp_growth_model,L9,children with growth disorders showing a delayed IC spurt,30-50,percent,human,karlberg1990,False,grade_A_B|unread_source|sole_source
4,2,2,p_5439706244,idiopathic_short_stature,L11,estimated prevalence of NPR2 haploinsufficiency within idiopathic short stature,0 to 1/26,proportion,human,wang2015,False,grade_A_B|unread_source|sole_source
4,2,2,p_2ccd595337,idiopathic_short_stature,L11,pathogenic NPR2 yield among SHOX-negative disproportionate short stature referrals,~3,percent,human,hisadooliva2015,False,grade_A_B|unread_source|sole_source
4,2,2,p_31794da7e9,igf1_deficiency_human,L11,patients with homozygous IGF1 deletion in the defining report,1,patients,human,woods1996,False,grade_A_B|unread_source|sole_source
4,2,2,p_a6017f3a3d,igf1_deficiency_human,L11,patients with heterozygous IGF1 defects characterised,9,patients,human,joustra2025,False,grade_A_B|unread_source|sole_source
4,2,2,p_4858614237,igf2_hormone,L4,serum total IGF-2 in PAPP-A2-deficient children,759-1264,ug/L,human,dauber2016,False,grade_A_B|unread_source|sole_source
4,2,2,p_d6eab46997,igfals_gene,L8,"prepubertal height SDS, IGFALS deficiency",-2 to -3,SDS,human,domen2009,False,grade_A_B|unread_source|sole_source
4,2,2,p_0f7c689f67,igfbp3,L4,serum IGFBP-3 in PAPP-A2 deficiency,4403-5912,ug/L,human,dauber2016,False,grade_A_B|unread_source|sole_source
4,2,2,p_91ea4e6253,infancy_growth_nutrition_dependence,L9,age window of the infancy-to-childhood control switch,6-12,months,human,karlberg1990,False,grade_A_B|unread_source|sole_source
4,2,2,p_9bfacb1cd9,infancy_growth_nutrition_dependence,L9,infants in a deprived environment with a delayed infancy-childhood spurt,30-50,percent,human,karlberg1990,False,grade_A_B|unread_source|sole_source
4,2,2,p_18c52ea00c,klinefelter_syndrome,L11,"adults with 47,XXY in the biobank dosage analysis",505,adults,human,berry2025,False,grade_A_B|unread_source|sole_source
4,2,2,p_14b5786771,klinefelter_syndrome,L11,males contributing to the Klinefelter-specific growth charts,"1,279",males,human,davis2025,False,grade_A_B|unread_source|sole_source
4,2,2,p_a1a22516ca,klinefelter_syndrome,L11,"boys with 47,XXY in the QEPS growth-model analysis",55,boys,human,holmgren2026,False,grade_A_B|unread_source|sole_source
4,2,2,p_62c4955dc0,laser_capture_microdissection_zonal,L13,"probe sets called present, human zonal arrays",12193 and 18454,probe sets,human,gse9160,False,grade_A_B|unread_source|sole_source
4,2,2,p_12fb55b21f,laser_capture_microdissection_zonal,L13,"fraction of probe sets varying more than five-fold across the zonal axis, donor 1 vs donor",9.6 vs 1.0,%,human,gse9160,False,grade_A_B|unread_source|sole_source
4,2,2,p_7bba436369,limb_lengthening_surgery,L12,pooled mean femoral lengthening,8.85,cm,human,hosny2026,False,grade_A_B|unread_source|sole_source
4,2,2,p_d81142c8b7,limb_lengthening_surgery,L12,pooled mean tibial lengthening,7.36,cm,human,hosny2026,False,grade_A_B|unread_source|sole_source
4,2,2,p_ad91e48dae,limb_lengthening_surgery,L12,pooled mean humeral lengthening,8.38,cm,human,hosny2026,False,grade_A_B|unread_source|sole_source
4,2,2,p_9f22daa751,limb_lengthening_surgery,L12,pooled overall complication rate,56.1,percent,human,hosny2026,False,grade_A_B|unread_source|sole_source
4,2,2,p_8b27dd0609,limb_lengthening_surgery,L12,external fixator index,37.1,days per cm,human,hosny2026,False,grade_A_B|unread_source|sole_source
4,2,2,p_7a11aa4bd3,limb_segment_proportion,L9,"arm span/height ratio, Japanese versus Dutch and Turkish",lower at every age,ratio,human,hirano2025,False,grade_A_B|unread_source|sole_source
4,2,2,p_a12d512960,lin28b_gene,L4,effect of each major allele at LIN28B rs314276 on age at menarche,-0.12,years,human,ong2009,False,grade_A_B|unread_source|sole_source
4,2,2,p_21cf354266,lin28b_gene,L4,association of the same allele with adult height,shorter,direction of effect (mag,human,ong2009,False,grade_A_B|unread_source|sole_source
4,2,2,p_b9c3664a53,mecasermin_igf1,L12,mean height SDS gain from rhIGF-1 initiation to near-adult height,0.9,SDS,human,ramonkrauel2026,False,grade_A_B|unread_source|sole_source
4,2,2,p_777748ad93,mecasermin_igf1,L12,"mean height SDS gain, treatment-naive prepubertal subgroup",1.4,SDS,human,ramonkrauel2026,False,grade_A_B|unread_source|sole_source
4,2,2,p_7bbaa34cb6,mecasermin_igf1,L12,labelled dose range,0.04-0.12,"mg/kg per dose, twice da",human,fda_increlex_label_2025,False,grade_A_B|unread_source|sole_source
4,2,2,p_f3fad7f438,mecasermin_igf1,L12,starting dose in the 22-year Laron cohort,40,"ug/kg per dose, twice da",human,alashwal2026,False,grade_A_B|unread_source|sole_source
4,2,2,p_9ade81a7c1,methylphenidate_growth,L12,change in height Z score with methylphenidate monotherapy,-0.13,Z-score,human,cao2026,False,grade_A_B|unread_source|sole_source
4,2,2,p_89bb8f0e69,methylphenidate_growth,L12,change in weight Z score,-0.25,Z-score,human,cao2026,False,grade_A_B|unread_source|sole_source
4,2,2,p_ddcf811ba3,methylphenidate_growth,L12,change in BMI Z score,-0.26,Z-score,human,cao2026,False,grade_A_B|unread_source|sole_source
4,2,2,p_cc18ffec56,micro_ct_growth_plate,L13,human fetal proximal tibial growth plate thickness (target dimension for micro-CT),1.15 falling to 0.6,mm,human,rodriguez1992,False,grade_A_B|unread_source|sole_source
4,1,4,p_b1ea3427b6,microbiome_igf1_axis,L10,serum IGF-1 response to short-chain fatty acid supplementation in antibiotic-treated mice,restored to non-antibiotic-treated level,qualitative,mouse,yan2016,False,screen|no_dispersion|unread_source|sole_source
4,2,2,p_77f7f9c787,mid_parental_target_height,L9,bias of uncorrected mid-parental height (children taller than predicted),2.7,cm,human,zeevi2024,False,grade_A_B|unread_source|sole_source
4,2,2,p_aeba9b0771,mid_parental_target_height,L9,"regression slope of adult height on mid-parental height, boys",0.78,cm/cm,human,luo1998,False,grade_A_B|unread_source|sole_source
4,2,2,p_72528696f6,mid_parental_target_height,L9,heritability of stature estimated from parent-offspring regression,0.75-0.78,proportion (cm scale),human,luo1998,False,grade_A_B|unread_source|sole_source
4,2,2,p_ed5f0cdfa7,migration_studies_height,L10,"height gain at age 18, Turkish- and Moroccan-origin children in the Netherlands, 1997-2009",2-3,cm,human,schnbeck2015,False,grade_A_B|unread_source|sole_source
4,2,2,p_6464c3a4c3,mini_puberty_infancy,L9,"increase in growth velocity for a 25th-to-75th percentile shift in free testosterone, boys",8.3,cm/yr,human,pridik2026,False,grade_A_B|unread_source|sole_source
4,2,2,p_3741ecc7ab,mini_puberty_infancy,L9,"fraction of the free-testosterone effect on growth velocity mediated by IGF-I, boys",32.6,percent,human,pridik2026,False,grade_A_B|unread_source|sole_source
4,2,2,p_bef49e3d53,missing_heritability_height,L8,"height heritability, sibling IBD design",0.76,proportion of variance,human,sidorenko2024,False,grade_A_B|unread_source|sole_source
4,1,4,p_83f8f96aea,monoclonal_column_formation,L2,"Short columns (<10 cells) from PTHrP-creER P6 pulse, peak",P18,postnatal day of peak,mouse,mizuhashi2018,False,screen|no_dispersion|unread_source|sole_source
4,1,4,p_23003b7951,monoclonal_column_formation,L2,Duration over which labelled resting cells keep generating columns,>=12,months,mouse,mizuhashi2018,False,screen|no_dispersion|unread_source|sole_source
4,2,2,p_fe55862d09,mri_physeal_closure_staging,L7,"inter-observer agreement for MRI fusion score across wrist, knee and ankle",0.87-0.94,kappa,human,kvist2021,False,grade_A_B|unread_source|sole_source
4,2,2,p_77a26ddd3f,mri_physis_imaging,L13,age above which growth cartilage layers ceased to be resolvable at 7 T,13,years,human,dymerska2018,False,grade_A_B|unread_source|sole_source
4,2,2,p_673a52a5b5,multiple_epiphyseal_dysplasia,L11,patients in the MED natural-history series,22,patients,human,taner2026,False,grade_A_B|unread_source|sole_source
4,2,2,p_ca9efe58c6,multiple_epiphyseal_dysplasia,L11,share of MED variants in COMP,47,percent,human,taner2026,False,grade_A_B|unread_source|sole_source
4,2,2,p_b9605990a5,multiple_epiphyseal_dysplasia,L11,children followed to ages 11-18 with near-normal height,15,children,human,taner2026,False,grade_A_B|unread_source|sole_source
4,2,2,p_1f4cb9b29c,muscle_bone_mechanical_coupling,L9,variance in arm peak BMC velocity explained by arm peak lean mass velocity,61,percent,human,rauch2004,False,grade_A_B|unread_source|sole_source
4,2,2,p_279bf616b5,muscle_bone_mechanical_coupling,L9,variance in leg peak BMC velocity explained by leg peak lean mass velocity,41,percent,human,rauch2004,False,grade_A_B|unread_source|sole_source
4,2,2,p_a7ea2faf38,netherlands_tallest_population,L10,"mean final height, Dutch men",183.8,cm,human,schnbeck2013,False,grade_A_B|unread_source|sole_source
4,2,2,p_aac2fe7557,netherlands_tallest_population,L10,"mean final height, Dutch women",170.7,cm,human,schnbeck2013,False,grade_A_B|unread_source|sole_source
4,2,2,p_36d0381c43,netherlands_tallest_population,L10,"height gap at age 18, Turkish/Moroccan-origin vs Dutch-origin, 2009",5.5 (boys) to 7 (girls),cm,human,schnbeck2015,False,grade_A_B|unread_source|sole_source
4,2,2,p_7be4f1e495,noonan_syndrome,L11,paternal height SDS in that cohort,-0.33,SDS,human,jirova2026,False,grade_A_B|unread_source|sole_source
4,2,2,p_2fc04d7d54,noonan_syndrome,L11,patients reaching final height in the Turkish national cohort,67,patients,human,klar2025,False,grade_A_B|unread_source|sole_source
4,2,2,p_265f8f3b17,nppc_duplication_tall_stature,L11,plasma CNP concentration in the t(2;7) proband relative to controls,2,fold,human,bocciardi2007,False,grade_A_B|unread_source|sole_source
4,2,2,p_b7d4148fb0,nppc_duplication_tall_stature,L11,heterozygous NPPC mutations identified in the CNP ring,2,mutations,human,hisadooliva2018,False,grade_A_B|unread_source|sole_source
4,2,2,p_c33b1557e1,nppc_gene,L8,"plasma CNP concentration, NPPC-overexpressing translocation carrier",2,fold vs control,human,bocciardi2007,False,grade_A_B|unread_source|sole_source
4,2,2,p_68317a54a6,npr2_gene,L8,"height z-score, heterozygous NPR2 mutation carriers",-1.8,SDS,human,olney2006,False,grade_A_B|unread_source|sole_source
4,2,2,p_a5b06cde03,npr2_gene,L8,"height z-score, non-carrier family members",-0.4,SDS,human,olney2006,False,grade_A_B|unread_source|sole_source
4,2,2,p_bf2270c77a,npr2_gene,L8,pathogenic NPR2 allele frequency in SHOX-negative Leri-Weill referrals,3,%,human,hisadooliva2015,False,grade_A_B|unread_source|sole_source
4,2,2,p_66f8484035,npr2_heterozygous_short_stature,L11,height z-score of NPR2 heterozygous carriers,-1.8,SDS,human,olney2006,False,grade_A_B|unread_source|sole_source
4,2,2,p_514c8e2077,npr2_heterozygous_short_stature,L11,height z-score of non-carrier relatives in the same family,-0.4,SDS,human,olney2006,False,grade_A_B|unread_source|sole_source
4,2,2,p_bf28da4965,npr2_heterozygous_short_stature,L11,heterozygous NPR2 variants in short-stature patients vs controls,7 vs 0,variants,human,wang2015,False,grade_A_B|unread_source|sole_source
4,2,2,p_eef51d6d0e,npr2_heterozygous_short_stature,L11,estimated prevalence of NPR2 haploinsufficiency in idiopathic short stature,0 to 1/26,proportion,human,wang2015,False,grade_A_B|unread_source|sole_source
4,2,2,p_5472b81191,npr2_heterozygous_short_stature,L11,pathogenic NPR2 mutation yield in SHOX-negative Leri-Weill referrals,~3,percent,human,hisadooliva2015,False,grade_A_B|unread_source|sole_source
4,1,4,p_175c595043,octreotide_somatostatin_analog,L12,paediatric cohorts reporting final adult height with a somatostatin analogue as primary gr,0,cohorts,human,burren2023,False,screen|no_dispersion|unread_source|sole_source
4,2,2,p_8376ff76af,oxandrolone,L12,"increase in measured final adult height, androgen therapy vs untreated controls",+1.78,cm,human,wang2026,False,grade_A_B|unread_source|sole_source
4,2,2,p_009eeed680,oxandrolone,L12,superiority of testosterone over oxandrolone on final adult height,+2.64,cm,human,wang2026,False,grade_A_B|unread_source|sole_source
4,2,2,p_a65570e622,oxandrolone,L12,final height gain with low-dose regimens,+1.88,cm,human,wang2026,False,grade_A_B|unread_source|sole_source
4,2,2,p_5126fe0354,oxandrolone,L12,final height gain with short-course versus long-course therapy,+2.70,cm,human,wang2026,False,grade_A_B|unread_source|sole_source
4,2,2,p_84f4a71c77,pappa2_protease,L4,adult/near-adult height in PAPP-A2 deficiency,-2.16 to -3.81,SDS,human,dauber2016,False,grade_A_B|unread_source|sole_source
4,2,2,p_715ed1d50e,pappa2_protease,L4,ratio of bioactive IGF to total IGF-1,0.09-0.32,%,human,dauber2016,False,grade_A_B|unread_source|sole_source
4,2,2,p_8e8fec3aa6,pappa2_protease,L4,circulating PAPP-A2 protein,not detectable,ug/L,human,dauber2016,False,grade_A_B|unread_source|sole_source
4,2,2,p_9730979b08,peak_height_velocity,L7,"mean age at peak velocity across six pubertal markers, boys",13.0-14.0,years,human,cole2014,False,grade_A_B|unread_source|sole_source
4,2,2,p_6c4b65bdbe,peak_height_velocity,L7,"mean age at peak velocity across six pubertal markers, girls",12.0-13.1,years,human,cole2014,False,grade_A_B|unread_source|sole_source
4,2,2,p_f0f321c20e,peak_height_velocity,L7,correlation of age at peak velocity across pubertal markers,0.6-0.8 (boys); 0.8-0.92 (girls),correlation coefficient,human,cole2014,False,grade_A_B|unread_source|sole_source
4,2,2,p_903cf9290c,phosphate_homeostasis,L4,"additional growth velocity on burosumab, adolescents",0.121,height Z-score per year,human,fukumoto2026,False,grade_A_B|unread_source|sole_source
4,2,2,p_156781d5f6,physeal_bar_formation,L6,physeal fractures as a share of all paediatric fractures,18-30,%,human,hooper2024,False,grade_A_B|unread_source|sole_source
4,1,4,p_7eb6a52a8d,piezo1_channel,L6,rib fracture penetrance in chondrocyte-specific Piezo1 deletion,100,% of animals at 7 days,mouse,brylka2024,False,screen|no_dispersion|unread_source|sole_source
4,1,4,p_a2ad46d50f,piezo1_channel,L6,compressive stress applied to induce PIEZO1 upregulation in vivo,10,kPa,mouse,chen2025,False,screen|no_dispersion|unread_source|sole_source
4,1,4,p_f58517cd6e,piezo1_channel,L6,compressive stress applied to primary growth plate chondrocytes in vitro,100,kPa,mouse,chen2025,False,screen|no_dispersion|unread_source|sole_source
4,2,2,p_46ad89d2a0,pituitary_gigantism,L11,patients in the international pituitary gigantism series,208,patients,human,rostomyan2015,False,grade_A_B|unread_source|sole_source
4,2,2,p_7ecaf97e09,pituitary_gigantism,L11,median age at onset of rapid growth,13,years,human,rostomyan2015,False,grade_A_B|unread_source|sole_source
4,2,2,p_6b0027b081,pituitary_gigantism,L11,proportion with macroadenoma (>=10 mm),84,percent,human,rostomyan2015,False,grade_A_B|unread_source|sole_source
4,1,4,p_378946ac9e,prehypertrophic_chondrocyte,L1,volume range occupied by phase 1 of enlargement,600-2000,fl,mouse,cooper2013,False,screen|no_dispersion|unread_source|sole_source
4,1,4,p_cfd8c5b7de,prehypertrophic_chondrocyte,L1,fold volume increase during phase 1,3,fold,mouse,cooper2013,False,screen|no_dispersion|unread_source|sole_source
4,1,4,p_a9c26e2549,primary_cilium_mechanosensing,L6,"disc/plate degeneration score under caudal compression, wild type vs IFT88-cKO",12 vs 8,score (baseline 2),mouse,chen2025,False,screen|no_dispersion|unread_source|sole_source
4,1,4,p_9046773bcd,proliferative_chondrocyte,L1,total cell cycle time,30.9,h,rat,wilsman1996a,False,screen|no_dispersion|unread_source|sole_source
4,1,4,p_390faf47d4,proliferative_chondrocyte,L1,G2 phase duration,3.0,h,rat,wilsman1996a,False,screen|no_dispersion|unread_source|sole_source
4,1,4,p_c3f112d6c3,proliferative_chondrocyte,L1,cell volume at the start of hypertrophic enlargement,600,fl,mouse,cooper2013,False,screen|no_dispersion|unread_source|sole_source
4,2,2,p_707ef2c8d3,proliferative_zone,L1,total cell cycle time,30.9-76.3,h,rat,wilsman1996a,False,grade_A_B|unread_source|sole_source
4,2,2,p_9887b4f069,proximal_humerus_plate,L1,share of humeral longitudinal growth,80,% of humeral length,human,pritchett1991,False,grade_A_B|unread_source|sole_source
4,2,2,p_b4b84d4825,proximal_humerus_plate,L1,share of humeral growth before age 2,less than 75,% of humeral length,human,pritchett1991,False,grade_A_B|unread_source|sole_source
4,2,2,p_fd4dd6b957,proximal_humerus_plate,L1,share of humeral growth at age 8,85,% of humeral length,human,pritchett1991,False,grade_A_B|unread_source|sole_source
4,2,2,p_877684ddf8,proximal_humerus_plate,L1,share of humeral growth after age 11,90,% of humeral length,human,pritchett1991,False,grade_A_B|unread_source|sole_source
4,2,2,p_260061cde1,proximal_humerus_plate,L1,"humeral growth rate, girls",1.2,cm/year,human,pritchett1988,False,grade_A_B|unread_source|sole_source
4,2,2,p_d0f331cb89,proximal_humerus_plate,L1,humerus as a fraction of standing height,18 (age 7) to 19-20 (maturity),% of standing height,human,pritchett1988,False,grade_A_B|unread_source|sole_source
4,2,2,p_479ab1c9c9,proximal_tibia_plate,L1,share of tibial longitudinal growth,57,% of tibial length,human,pritchett1992,False,grade_A_B|unread_source|sole_source
4,2,2,p_629118776f,pubertal_growth_spurt,L4,morning testosterone at 50% growth velocity increase (boys),3.1,nmol/L,human,albin2013,False,grade_A_B|unread_source|sole_source
4,2,2,p_7da567114f,rare_variant_height,L8,per-allele effect of rare STC2 height-increasing alleles,1-2,cm,human,marouli2017,False,grade_A_B|unread_source|sole_source
4,2,2,p_4d0169607d,rare_variant_height,L8,independent rare non-coding height associations,29,variants,human,hawkes2024,False,grade_A_B|unread_source|sole_source
4,2,2,p_7cfcf51b6b,rare_variant_height,L8,"effect-size range, rare non-coding height variants",-7 to +4.7,cm,human,hawkes2024,False,grade_A_B|unread_source|sole_source
4,1,4,p_f100b4c54f,resting_zone,L1,resting zone height correlation with tibial growth rate,high linear correlation,qualitative,mouse,wilson2021,False,screen|no_dispersion|unread_source|sole_source
4,2,2,p_5ba5c8bba2,sanders_staging,L7,correlation of Sanders stage with scoliosis curve acceleration phase,0.91,correlation coefficient,human,sanders2008,False,grade_A_B|unread_source|sole_source
4,2,2,p_2446f3756d,schmid_metaphyseal_chondrodysplasia,L11,"height Z, COL10A1 missense (dominant-negative) variants",-3.62,SDS,human,meng2025,False,grade_A_B|unread_source|sole_source
4,2,2,p_c228532a51,schmid_metaphyseal_chondrodysplasia,L11,"height Z, COL10A1 truncating (haploinsufficiency) variants",-1.99,SDS,human,meng2025,False,grade_A_B|unread_source|sole_source
4,2,2,p_29201dead5,schmid_metaphyseal_chondrodysplasia,L11,"age at onset, NC1-domain variants",12,months,human,meng2025,False,grade_A_B|unread_source|sole_source
4,2,2,p_83860a63b8,schmid_metaphyseal_chondrodysplasia,L11,"age at onset, non-NC1-domain variants",72,months,human,meng2025,False,grade_A_B|unread_source|sole_source
4,2,2,p_3a0800bbd0,secondary_ossification_center,L0,gestational age at which proximal tibial ossification centre is first visible on ultrasoun,33,weeks gestation,human,funaki2020,False,grade_A_B|unread_source|sole_source
4,2,2,p_85dae0d6f7,secondary_ossification_center,L0,"chondrocyte death under 1 N load, growth plate without SOC",40,% of epiphyseal chondroc,rat,xie2020,False,grade_A_B|unread_source|sole_source
4,2,2,p_de3767531c,secondary_ossification_center,L0,"epiphyseal cartilage stiffness, vehicle versus axitinib-treated mice",8.1 vs 10.5,kPa (nanoindentation),mouse,xie2020,False,grade_A_B|unread_source|sole_source
4,2,2,p_569ef05762,secular_trend_height,L10,secular trend in height at ages 4 / 9 / 14 / 18,0.35 / 0.46 / 0.38 / not detectable,SD per decade,human,eichelberger2024,False,grade_A_B|unread_source|sole_source
4,2,2,p_2f2f70ce1d,sex_difference_fusion_timing,L7,correlation of fusion score with pubertal development,0.514-0.598,Spearman rho,human,kvist2021,False,grade_A_B|unread_source|sole_source
4,2,2,p_9dc880675f,sex_difference_fusion_timing,L7,excess Greulich-Pyle bone-age bias in females relative to males,3.9,months,human,guevel2026,False,grade_A_B|unread_source|sole_source
4,2,2,p_15f2bb168c,shox_gene,L8,PAR1 interval deleted in short stature,170,kb,human,rao1997,False,grade_A_B|unread_source|sole_source
4,2,2,p_c0bdc4f4bc,shox_gene,L8,"median height SDS, SHOX nullizygous (Langer mesomelic dysplasia)",-6.3,SDS,human,doan2026,False,grade_A_B|unread_source|sole_source
4,2,2,p_e4faca3937,shox_gene,L8,"median height SDS, SHOX haploinsufficient (Leri-Weill dyschondrosteosis)",-2.4,SDS,human,doan2026,False,grade_A_B|unread_source|sole_source
4,2,2,p_961375bba3,shox_gene,L8,"median height SDS, SHOX variant presenting as idiopathic short stature",-2.1,SDS,human,doan2026,False,grade_A_B|unread_source|sole_source
4,2,2,p_f612c29fff,shox_gene,L8,SHOX variant yield in unselected idiopathic short stature,3,of 102 patients,human,andrade2022,False,grade_A_B|unread_source|sole_source
4,2,2,p_868b695192,shox_haploinsufficiency,L8,median height SDS in molecularly confirmed Leri-Weill dyschondrosteosis,-2.4,SDS,human,doan2026,False,grade_A_B|unread_source|sole_source
4,2,2,p_67b273689d,shox_haploinsufficiency,L8,median height SDS in SHOX-positive idiopathic short stature,-2.1,SDS,human,doan2026,False,grade_A_B|unread_source|sole_source
4,2,2,p_3102d5b269,shox_haploinsufficiency,L8,height SDS after growth hormone in SHOX deficiency,-2.0,SDS,human,doan2026,False,grade_A_B|unread_source|sole_source
4,2,2,p_c0fe8837b7,sitting_height_ratio,L9,SH/H upper cut-off recommended for children with height SDS below -2,+2.5,SD,human,fredriks2005,False,grade_A_B|unread_source|sole_source
4,2,2,p_abd891c187,sleep_dependent_gh_release,L4,reduction in slow-wave sleep achieved by auditory disruption,40.0,%,human,calvert2022,False,grade_A_B|unread_source|sole_source
4,2,2,p_dcafc5dac2,sleep_dependent_gh_release,L4,GH pulse rate during N2 sleep relative to slow-wave sleep,0.56,incidence rate ratio,human,calvert2022,False,grade_A_B|unread_source|sole_source
4,2,2,p_adb3258ab0,small_for_gestational_age,L10,relative risk of short final stature in length-defined SGA,7.1,relative risk,human,karlberg1995,False,grade_A_B|unread_source|sole_source
4,2,2,p_9166041caa,socioeconomic_gradient_height,L10,"adult height difference, upwardly wealth-mobile vs stable-low",1.88,cm,human,varghese2021,False,grade_A_B|unread_source|sole_source
4,2,2,p_c7a1f53d9e,spaceflight_microgravity_growth,L6,stature increase during early spaceflight,up to 3,% of preflight stature,human,young2023,False,grade_A_B|unread_source|sole_source
4,2,2,p_cf2449167e,stunting,L10,median serum IGF-1 in stunted children,37.4,ug/L,human,madigan2026,False,grade_A_B|unread_source|sole_source
4,2,2,p_d9ed67f468,stunting,L10,effect of small-quantity lipid-based nutrient supplements on length-for-age Z,0.15,z-score,human,watson2025,False,grade_A_B|unread_source|sole_source
4,2,2,p_c28aa0dfa2,stunting,L10,proportion of maximal attainable linear growth benefit achieved by SQ-LNS,11,%,human,watson2025,False,grade_A_B|unread_source|sole_source
4,2,2,p_d2b80b8a5c,target_height_predictive_sd,L9,"within-family residual SD, sons",4.5,cm,human,zeevi2024,False,grade_A_B|unread_source|sole_source
4,2,2,p_8cb9ff5e65,target_height_predictive_sd,L9,"within-family residual SD, daughters",4.2,cm,human,zeevi2024,False,grade_A_B|unread_source|sole_source
4,2,2,p_8885cc0bc2,target_height_predictive_sd,L9,95% prediction interval of target height from the mid-parental regression,+/-10,cm,human,luo1998,False,grade_A_B|unread_source|sole_source
4,2,2,p_d236832c10,target_height_predictive_sd,L9,"clinically quoted target range (Tanner, theoretically derived)",+/-8.5,cm,human,zeevi2024,False,grade_A_B|unread_source|sole_source
4,2,2,p_9eb7d667eb,target_height_predictive_sd,L9,guideline target range at +/-1.64 SDS under CDC standards,"+/-10.6 (girls), +/-11.7 (boys)",cm,human,zeevi2024,False,grade_A_B|unread_source|sole_source
4,2,2,p_aee25d1597,target_height_predictive_sd,L9,dependence of residual dispersion on parental height,none detected,not_applicable,human,zeevi2024,False,grade_A_B|unread_source|sole_source
4,1,4,p_f0015742a4,teriparatide,L12,paediatric trials of teriparatide with a linear growth endpoint,0,trials,human,tantivit2026,False,screen|no_dispersion|unread_source|sole_source
4,1,4,p_6fdd7c30c3,teriparatide,L12,regulatory position on use with open epiphyses,avoid,not applicable,human,fda_forteo_label_2025,False,screen|no_dispersion|unread_source|sole_source
4,2,2,p_c6c8705897,thyroxine_t4,L4,height gain on rhGH added to levothyroxine in a THRA-mutant child,2.5,SDS,human,jorge2025,False,grade_A_B|unread_source|sole_source
4,1,4,p_45974cb700,timp_family,L5,TIMP-3 N-terminal domain Ki against ADAMTS4 and ADAMTS5,sub-nanomolar,nM,in_vitro_human_cell,kashiwagi2001,False,screen|no_dispersion|unread_source|sole_source
4,1,4,p_fe68cd6efb,timp_family,L5,"Relative ADAMTS4 inhibition by TIMP-1, -2, -4 versus TIMP-3",weak or inactive,qualitative rank,in_vitro_human_cell,hashimoto2001,False,screen|no_dispersion|unread_source|sole_source
4,2,2,p_30abf25fea,tooth_mineralization_stages,L9,"correlation of Demirjian dental age with chronological age, males",0.894,Pearson r,human,mohammadianras2026,False,grade_A_B|unread_source|sole_source
4,2,2,p_22557994f9,tooth_mineralization_stages,L9,"correlation of Demirjian dental age with chronological age, females",0.876,Pearson r,human,mohammadianras2026,False,grade_A_B|unread_source|sole_source
4,2,2,p_806f2dc5ae,tooth_mineralization_stages,L9,"correlation of dental age with cervical vertebral maturation stage, males",0.779,Spearman rho,human,mohammadianras2026,False,grade_A_B|unread_source|sole_source
4,2,2,p_28079c0264,tooth_mineralization_stages,L9,"correlation of dental age with cervical vertebral maturation stage, females",0.785,Spearman rho,human,mohammadianras2026,False,grade_A_B|unread_source|sole_source
4,2,2,p_417243491a,trial_endpoint_annualized_growth_velocity,L12,typical drug effect size measured on this endpoint,1.36-1.74,cm/yr,human,kamrulhasan2026,False,grade_A_B|unread_source|sole_source
4,2,2,p_bf1b4f81b0,turner_syndrome,L11,"adults with 45,X in the biobank analysis",95,adults,human,berry2025,False,grade_A_B|unread_source|sole_source
4,2,2,p_14be1357b2,turner_syndrome,L11,girls contributing to the Brazilian spontaneous-growth Turner charts,259,girls,human,carpinidantas2025,False,grade_A_B|unread_source|sole_source
4,2,2,p_ba17dfcd5b,turner_syndrome,L11,girls contributing to the Turkish spontaneous-growth Turner charts,842,girls,human,darendeliler2015,False,grade_A_B|unread_source|sole_source
4,2,2,p_9241636d0a,tyrosine_kinase_inhibitor_growth_toxicity,L12,change in height Z score from diagnosis to skeletal maturity on imatinib,-0.5,Z-score,human,sadanand2026,False,grade_A_B|unread_source|sole_source
4,2,2,p_edb6b624a8,tyrosine_kinase_inhibitor_growth_toxicity,L12,"change in height Z score, imatinib started before the pubertal growth spurt",-0.8,Z-score,human,sadanand2026,False,grade_A_B|unread_source|sole_source
4,2,2,p_41068b8322,tyrosine_kinase_inhibitor_growth_toxicity,L12,"change in height Z score, imatinib started after the pubertal growth spurt",not significant,Z-score,human,sadanand2026,False,grade_A_B|unread_source|sole_source
4,2,2,p_bed100e36e,tyrosine_kinase_inhibitor_growth_toxicity,L12,median duration of imatinib therapy in the cohort,14.3,years,human,sadanand2026,False,grade_A_B|unread_source|sole_source
4,2,2,p_6ca33bd465,vitamin_a_growth,L10,effect of vitamin D3 supplementation alone on height-for-age Z,no significant effect,z-score,human,peng2025,False,grade_A_B|unread_source|sole_source
4,2,2,p_aec3527e5f,vitamin_d_deficiency_rickets,L10,effect of vitamin D3 supplementation on height-for-age Z,no significant effect,z-score,human,peng2025,False,grade_A_B|unread_source|sole_source
4,2,2,p_1c9072bf9e,vitamin_d_deficiency_rickets,L10,effect of vitamin D3 supplementation on weight-for-age Z,significant improvement,z-score,human,peng2025,False,grade_A_B|unread_source|sole_source
4,2,2,p_2def662cae,xlag_gpr101,L11,gigantism patients with an Xq26.3 microduplication,13/43,patients,human,trivellin2014,False,grade_A_B|unread_source|sole_source
4,2,2,p_7b0e812ea7,xlag_gpr101,L11,protein-coding genes in the duplicated interval,4,genes,human,trivellin2014,False,grade_A_B|unread_source|sole_source
4,2,2,p_e596964f2f,zbtb38_gene,L8,height variance explained jointly by the 20 first-generation GWAS loci including ZBTB38,3,%,human,weedon2008,False,grade_A_B|unread_source|sole_source
4,2,2,p_1aaea82059,zbtb38_gene,L8,effect of rs724016 GG genotype on first-year height SDS gain on rhGH,lower,qualitative,human,parsons2022,False,grade_A_B|unread_source|sole_source
4,2,2,p_54b06d99ba,zinc_deficiency_growth,L10,effect of zinc supplementation on height increment,0.350,SD,human,brown2002,False,grade_A_B|unread_source|sole_source
4,2,2,p_d5f0c6d643,zinc_deficiency_growth,L10,effect of zinc supplementation on weight increment,0.309,SD,human,brown2002,False,grade_A_B|unread_source|sole_source
4,2,2,p_3c7071f4d7,zinc_deficiency_growth,L10,effect of zinc supplementation on weight-for-height,-0.018,SD,human,brown2002,False,grade_A_B|unread_source|sole_source
4,2,2,p_dd1699ba38,zinc_deficiency_growth,L10,effect of zinc supplementation on serum zinc concentration,0.820,SD,human,brown2002,False,grade_A_B|unread_source|sole_source
4,2,2,p_03da905bdb,zone_provisional_calcification,L1,statistical significance of the calcium-to-organic ratio peak at the calcified cartilage i,p < 0.0001,p-value,human,zoehrer2025,False,grade_A_B|unread_source|sole_source
4,2,2,p_7c24190886,zone_provisional_calcification,L1,number of human specimens analysed by ToF-SIMS,3,specimens,human,zoehrer2025,False,grade_A_B|unread_source|sole_source
3,1,3,p_3e34c765dd,adamts5,L5,"Protection from cartilage aggrecan loss in murine surgical OA, Adamts5 null",prevented,qualitative; aggrecan de,mouse,glasson2005,False,screen|no_dispersion|sole_source
3,1,3,p_f6e19d5080,chondrocyte_hypertrophy,L1,change in final cell height during growth acceleration,increased,qualitative,rat,hunziker1989,False,screen|no_dispersion|sole_source
3,1,3,p_0bf86018c7,chondrocyte_hypertrophy,L1,duration of the hypertrophic phase,2,days,rat,hunziker1989,False,screen|no_dispersion|sole_source
3,1,3,p_58831fdb20,chondrocyte_proliferation_rate,L1,change in longitudinal proliferation rate during physiological growth acceleration,unchanged,qualitative,rat,hunziker1989,False,screen|no_dispersion|sole_source
3,3,1,p_85ae93fa54,elongation_budget,L1,duration of the hypertrophic activity phase,45-51,h,rat,hunziker1989,False,contradiction|sole_source
3,3,1,p_66066b9a98,elongation_budget,L1,cell cycle time of a proliferating chondrocyte,"81, 54, 54",h,rat,hunziker1989,False,contradiction|sole_source
3,1,3,p_ba162d1a4f,hypertrophic_phase_duration,L1,duration of the hypertrophic activity phase,2,days,rat,hunziker1989,False,screen|no_dispersion|sole_source
3,1,3,p_441977709a,mechanical_modulation_growth,L6,maximum growth rate change achieved by sustained loading,53,%,multiple,stokes2007,False,screen|no_dispersion|sole_source
3,1,3,p_647d78792b,resting_chondrocyte,L1,human specimens yielding no labelled cells after in vitro tritiated thymidine exposure,2 of 4,specimens,human,thurston1985,False,screen|no_dispersion|sole_source
3,1,3,p_b09ac73d55,resting_chondrocyte,L1,labelled cells in the inert (reserve) zone after 1 h tritiated thymidine,present in 5 of 5,animals,porcine,thurston1985,False,screen|no_dispersion|sole_source
3,3,1,p_0ec1d94d42,terminal_cell_shape_modulation,L1,final terminal cell lateral diameter during growth acceleration,29.9 -> 25.6,um,rat,hunziker1989,False,contradiction|sole_source
3,3,1,p_225d058e53,terminal_cell_shape_modulation,L1,final terminal cell volume during growth acceleration,-13,% change,rat,hunziker1989,False,contradiction|sole_source
3,3,1,p_50cba933a1,terminal_cell_shape_modulation,L1,direction in which the fixed shape exponent biases the reported height change,upward,direction only,rat,cruzorive1986,True,contradiction|sole_source
3,3,1,p_ebcddc545d,terminal_cell_shape_modulation,L1,elastic modulus of pericellular vs interterritorial matrix,1.6 vs 3.6,kPa,mouse,prein2016,False,contradiction|sole_source
3,3,1,p_c4a4223ef5,terminal_cell_shape_modulation,L1,"out-of-plane (axial) Young's modulus, growth plate",0.47,MPa,bovine,cohen1998,False,contradiction|sole_source
3,3,1,p_e07dc31ede,terminal_cell_shape_modulation,L1,"transverse Young's modulus, growth plate",4.55,MPa,bovine,cohen1998,False,contradiction|sole_source
3,3,1,p_c9eb012e46,terminal_cell_shape_modulation,L1,"permeability, axial vs radial",3.4 vs 5.0,1e-15 m^4/N.s,bovine,cohen1998,False,contradiction|sole_source
3,3,1,p_17e5924d84,terminal_cell_shape_modulation,L1,scorecard of volume and axial extent against the three growth differences in rubin2021,cell volume 3 of 3; cell bounding-box he,pairwise comparisons cor,mouse,rubin2021,True,contradiction|sole_source
3,3,1,p_d27bf76f49,terminal_cell_shape_modulation,L1,RE-ANALYSIS of rubin2021 raw data: chondrocyte enlargement is near-isotropic,"axis folds 2.17, 2.27, 2.38; cube root o","fold change, resting zon",mouse,rubin2021,True,contradiction|sole_source
3,3,1,p_c5ad84efc5,terminal_cell_shape_modulation,L1,what the residual variance in cell axial extent is made of,volume 43.2%; the remainder correlates w,% of variance in log axi,mouse,rubin2021,True,contradiction|sole_source
2,1,2,p_6e2ceac524,chondrocyte_dissociation_bias,L13,"terminal hypertrophic chondrocyte volume, human distal tibia",5900,um3,human,white2008,False,screen|unread_source|sole_source
2,1,2,p_f5b17bf403,chondrocyte_hypertrophy,L1,"expansion of rough endoplasmic reticulum, Golgi and mitochondria",2-5,fold,rat,hunziker1987,False,screen|unread_source|sole_source
2,1,2,p_868a300813,chondrocyte_rotation,L1,"proportion of divisions completing rotation, postnatal columns",36.4-39.5,% of divisions,mouse,rubin2024,False,screen|unread_source|sole_source
2,1,2,p_19fd63c987,chondrocyte_rotation,L1,"proportion of divisions completing rotation, embryonic clones",17.6-19.4,% of doublets,mouse,rubin2024,False,screen|unread_source|sole_source
2,1,2,p_37aa4b495b,chondrocyte_rotation,L1,Pearson correlation between nuclear and whole-cell elevation angle,0.79,Pearson r,mouse,rubin2024,False,screen|unread_source|sole_source
2,1,2,p_26a37b1116,chondroprogenitor_quiescence,L2,Durably label-retaining chondrocyte fraction,2.6,%,mouse,hallett2021,False,screen|unread_source|sole_source
2,1,2,p_07a4b3e8c2,cleidocranial_dysplasia,L11,size of the RUNX2 3'UTR deletion in the regulatory-mechanism case,4.2,kb,human,mijovic2025,False,screen|unread_source|sole_source
2,1,2,p_4140b6d7d7,clonal_lineage_tracing,L2,"FoxA2-creER labelling efficiency, two tamoxifen doses",8,% of FoxA2+ cells,mouse,muruganandan2022,False,screen|unread_source|sole_source
2,1,2,p_de73e3c033,clonal_lineage_tracing,L2,"FoxA2-creER labelling efficiency, five doses plus two reporter alleles",38,% of FoxA2+ cells,mouse,muruganandan2022,False,screen|unread_source|sole_source
2,1,2,p_e4b1026b4b,erdafitinib,L12,free AUC reduction with a dual CYP3A4/CYP2C9 inducer (carbamazepine),48-55,% decrease,human,jaiprasart2024,False,screen|unread_source|sole_source
2,1,2,p_32f93dca2c,erdafitinib,L12,free Cmax reduction with carbamazepine,22,% decrease,human,jaiprasart2024,False,screen|unread_source|sole_source
2,1,2,p_3ba83c48cd,erdafitinib,L12,time to maximum plasma concentration,3,h,human,zhu2026,False,screen|unread_source|sole_source
2,1,2,p_26d88c69aa,estrogen_resistance_esr1,L11,adult height of the index ESR1-resistant man,204,cm,human,smith1994,False,screen|unread_source|sole_source
2,2,1,p_056b64c9ec,growth_velocity_curve,L9,"peak height velocity, boys",9.61,cm/yr,human,chun2024,False,grade_A_B|unread_source
2,2,1,p_c5af7c8961,growth_velocity_curve,L9,"age at peak height velocity, boys",12.46,years,human,chun2024,False,grade_A_B|unread_source
2,2,1,p_3bb4163450,growth_velocity_curve,L9,"peak height velocity, girls",8.32,cm/yr,human,chun2024,False,grade_A_B|unread_source
2,2,1,p_67d420cedd,growth_velocity_curve,L9,"age at peak height velocity, girls",10.99,years,human,chun2024,False,grade_A_B|unread_source
2,2,1,p_369adbf7da,growth_velocity_curve,L9,"peak height velocity, boys",9.52,cm/yr,human,galvo2025,False,grade_A_B|unread_source
2,1,2,p_d13e70b30c,lead_exposure_growth,L10,blood lead range over which an inverse relation with stature was observed,0.14-1.92,umol/L,human,frisancho1991,False,screen|unread_source|sole_source
2,1,2,p_31ff1e4b47,lead_exposure_growth,L10,children screened in the lead / short stature clinical series,880,children,human,xu2014,False,screen|unread_source|sole_source
2,1,2,p_830747dc8b,mechanical_modulation_growth,L6,time to full recovery of growth rate and plate height after unloading,10,days,rat,mnard2015,False,screen|unread_source|sole_source
2,1,2,p_b36d9c99fe,mechanical_modulation_growth,L6,"growth modulation, high vs low tether tension at 2 weeks",53 vs -1,% growth modulation,porcine,halanski2026,False,screen|unread_source|sole_source
2,1,2,p_f950a11347,mechanical_modulation_growth,L6,"growth modulation, high vs low tether tension at 2-4 weeks",14 vs 10,%,porcine,halanski2026,False,screen|unread_source|sole_source
2,1,2,p_4f511eb6e9,piezo1_channel,L6,cilia-positive chondrocytes after chloral hydrate disruption,97.2 -> 16.6,%,mouse,chen2025,False,screen|unread_source|sole_source
2,2,1,p_2f58598c45,porcine_growth_plate_model,L13,"labelling index, proliferation zone",4.0-10.6,%,porcine,thurston1985,False,grade_A_B|sole_source
2,2,1,p_f416c9557d,porcine_growth_plate_model,L13,terminal hypertrophic cell height along the growth axis,22-35,um,porcine,thurston1985,False,grade_A_B|sole_source
2,1,2,p_2845c89a43,preterm_birth_growth,L10,predicted final height difference in girls exposed to antenatal steroids,2.8,cm,human,lawrence2025,False,screen|unread_source|sole_source
2,1,2,p_c2a82fda45,preterm_birth_growth,L10,height measurements per child in the modelled cohort,19,measurements,human,lawrence2025,False,screen|unread_source|sole_source
2,1,2,p_fa20e1c90b,primary_cilium_mechanosensing,L6,cilia-positive growth plate chondrocytes before vs after chloral hydrate,97.2 -> 16.6,%,mouse,chen2025,False,screen|unread_source|sole_source
2,1,2,p_b1f1f5e810,proliferative_chondrocyte,L1,total cell cycle time,76.3,h,rat,wilsman1996a,False,screen|unread_source|sole_source
2,1,2,p_492b39c07c,proliferative_chondrocyte,L1,S phase duration,3.4-6.1,h,rat,wilsman1996a,False,screen|unread_source|sole_source
2,1,2,p_3cb6acefe8,proliferative_chondrocyte,L1,M phase duration,0.5-0.6,h,rat,wilsman1996a,False,screen|unread_source|sole_source
2,1,2,p_3dd390bf19,socs2_protein,L4,body/skeletal size increase in Socs2-null mice,30-40,%,mouse,metcalf2000,False,screen|unread_source|sole_source
2,1,2,p_ebf927011a,stereology_growth_plate,L13,"mean hypertrophic chondrocyte volume, human distal tibia",5900,um3,human,white2008,False,screen|unread_source|sole_source
2,1,2,p_5cbf0a89d6,stereology_growth_plate,L13,fraction of central physeal region occupied by transphyseal bridging bone,46,% of volume,human,white2008,False,screen|unread_source|sole_source
2,1,2,p_cd3e2adf66,strain_rate_dependence,L6,"axial hypertrophic cell strain, static vs dynamic at matched mean stress",not different,qualitative,rat,zimmermann2017,False,screen|unread_source|sole_source
1,1,1,p_55c38ded2d,resting_chondrocyte,L1,labelled cells in the inert (reserve) zone after 1 h tritiated thymidine,none detected,qualitative,human,thurston1985,False,screen|sole_source
1,1,1,p_37a30c39f9,resting_chondrocyte,L1,inert (reserve) zone width,700-1000,um,human,thurston1985,False,screen|sole_source
1,1,1,p_62d69744cb,resting_chondrocyte,L1,inert (reserve) zone width,1000,um,human,thurston1985,False,screen|sole_source
0,8,0,p_73c7c8adb7,distal_femur_plate,L1,terminal hypertrophic cell height along the growth axis,20.5,um,human,thurston1985,False,contradiction|flow_model|grade_A_B
0,4,0,p_289ad3327f,hypertrophic_chondrocyte,L1,terminal hypertrophic cell height along the growth axis,20.5,um,human,thurston1985,False,contradiction|screen
0,7,0,p_26bf92aaf6,hypertrophic_chondrocyte,L1,terminal hypertrophic cell height along the growth axis,26,um,human,thurston1985,False,contradiction|flow_model|screen
0,4,0,p_b41f06da03,hypertrophic_chondrocyte,L1,terminal hypertrophic cell height along the growth axis,22-35,um,porcine,thurston1985,False,contradiction|screen
