,donor,leiden
donor1_AAACCCACAACTCATG-1,donor1,0
donor1_AAACCCACATACCATG-1,donor1,2
donor1_AAACCCAGTATGCTAC-1,donor1,5
donor1_AAACCCAGTTCACGAT-1,donor1,6
donor1_AAACCCATCTTTACAC-1,donor1,8
donor1_AAACGAACAATTTCGG-1,donor1,0
donor1_AAACGAACATGACGGA-1,donor1,9
donor1_AAACGAACATGCCGGT-1,donor1,0
donor1_AAACGCTAGAGAAGGT-1,donor1,14
donor1_AAACGCTCAAGGACAC-1,donor1,14
donor1_AAACGCTTCCCACAGG-1,donor1,6
donor1_AAACGCTTCCTACGGG-1,donor1,13
donor1_AAACGCTTCGCTTAAG-1,donor1,2
donor1_AAACGCTTCTGCTCTG-1,donor1,1
donor1_AAAGAACCAAGATGGC-1,donor1,15
donor1_AAAGAACCACCAGCTG-1,donor1,13
donor1_AAAGAACCACCATTCC-1,donor1,2
donor1_AAAGAACCACGGGTAA-1,donor1,0
donor1_AAAGAACCATCGAAGG-1,donor1,18
donor1_AAAGAACGTGGATGAC-1,donor1,0
donor1_AAAGAACGTGGGACAT-1,donor1,19
donor1_AAAGAACGTTACGATC-1,donor1,20
donor1_AAAGAACTCATGTCAG-1,donor1,13
donor1_AAAGAACTCGATTTCT-1,donor1,0
donor1_AAAGGATAGATTGACA-1,donor1,17
donor1_AAAGGATAGGTCCCGT-1,donor1,9
donor1_AAAGGATTCGCCACTT-1,donor1,21
donor1_AAAGGGCCAATGCAAA-1,donor1,0
donor1_AAAGGGCCAGATACTC-1,donor1,2
donor1_AAAGGGCGTATTCCGA-1,donor1,21
donor1_AAAGGGCTCAGACCGC-1,donor1,5
donor1_AAAGGGCTCTACTGAG-1,donor1,11
donor1_AAAGGTACAAGTGACG-1,donor1,17
donor1_AAAGGTACACGATTCA-1,donor1,6
donor1_AAAGGTAGTAATCAGA-1,donor1,21
donor1_AAAGGTAGTACAGCGA-1,donor1,13
donor1_AAAGGTAGTGTTTACG-1,donor1,3
donor1_AAAGGTATCCACTAGA-1,donor1,0
donor1_AAAGGTATCGAGAACG-1,donor1,11
donor1_AAAGGTATCGATTTCT-1,donor1,21
donor1_AAAGTCCAGCATCCCG-1,donor1,6
donor1_AAAGTGAAGAAGCGCT-1,donor1,21
donor1_AAAGTGACAATGGCCC-1,donor1,0
donor1_AAAGTGACAGCAAGAC-1,donor1,12
donor1_AAAGTGAGTATACCCA-1,donor1,20
donor1_AAAGTGAGTCATCTAG-1,donor1,14
donor1_AAAGTGAGTTGAAGTA-1,donor1,20
donor1_AAAGTGATCCGCATAA-1,donor1,19
donor1_AAAGTGATCTGGACTA-1,donor1,11
donor1_AAATGGAAGTCCCGGT-1,donor1,20
donor1_AAATGGACAGAGTGTG-1,donor1,0
donor1_AAATGGACAGGAGACT-1,donor1,3
donor1_AAATGGAGTCTCAGGC-1,donor1,0
donor1_AAATGGATCAATCGGT-1,donor1,17
donor1_AACAAAGAGTCCCGGT-1,donor1,21
donor1_AACAAAGCATAGGTAA-1,donor1,1
donor1_AACAAAGTCTCACGAA-1,donor1,2
donor1_AACAAAGTCTCCTGAC-1,donor1,16
donor1_AACAACCAGGACACTG-1,donor1,1
donor1_AACAACCCAGCGCGTT-1,donor1,18
donor1_AACAACCTCATCTCTA-1,donor1,20
donor1_AACAAGAAGAAGCTGC-1,donor1,10
donor1_AACAAGACAATTGCGT-1,donor1,0
donor1_AACAAGACAATTGCTG-1,donor1,6
donor1_AACAAGAGTACTGAGG-1,donor1,14
donor1_AACAAGATCCACTTCG-1,donor1,17
donor1_AACAAGATCTTGTTAC-1,donor1,15
donor1_AACACACAGAGTGGCT-1,donor1,21
donor1_AACACACAGCTGTTCA-1,donor1,17
donor1_AACACACAGGCCCGTT-1,donor1,0
donor1_AACACACAGTTCCAGT-1,donor1,21
donor1_AACACACGTAGATCCT-1,donor1,4
donor1_AACACACGTTTGTGGT-1,donor1,21
donor1_AACACACTCGCTACGG-1,donor1,13
donor1_AACAGGGAGGCCTAGA-1,donor1,8
donor1_AACAGGGTCGCCTCTA-1,donor1,6
donor1_AACAGGGTCGCTTGAA-1,donor1,21
donor1_AACAGGGTCTACTTCA-1,donor1,20
donor1_AACCAACAGACGCCCT-1,donor1,0
donor1_AACCAACCACATCATG-1,donor1,18
donor1_AACCAACCATAACTCG-1,donor1,0
donor1_AACCAACTCACCTCAC-1,donor1,0
donor1_AACCAACTCGACGATT-1,donor1,16
donor1_AACCACAGTCAGCTTA-1,donor1,21
donor1_AACCACATCGAACACT-1,donor1,14
donor1_AACCATGGTGTCATCA-1,donor1,9
donor1_AACCATGTCATTCGTT-1,donor1,2
donor1_AACCATGTCTTTACAC-1,donor1,1
donor1_AACCCAAAGAAGGATG-1,donor1,13
donor1_AACCCAAGTCAACATC-1,donor1,20
donor1_AACCCAATCTAAGGAA-1,donor1,14
donor1_AACCCAATCTTGAACG-1,donor1,16
donor1_AACCTGAAGATTAGAC-1,donor1,0
donor1_AACCTGACAGTTTCGA-1,donor1,13
donor1_AACCTGATCAAGTGTC-1,donor1,8
donor1_AACCTGATCAAGTTGC-1,donor1,3
donor1_AACCTGATCGAGAAGC-1,donor1,1
donor1_AACCTTTCATGTGACT-1,donor1,14
donor1_AACCTTTTCGTGGGTC-1,donor1,13
donor1_AACCTTTTCTCGACCT-1,donor1,8
donor1_AACGAAAAGAGCCCAA-1,donor1,22
donor1_AACGAAACATTGACAC-1,donor1,23
donor1_AACGAAAGTGAGACGT-1,donor1,21
donor1_AACGAAAGTGGTCCGT-1,donor1,18
donor1_AACGGGAAGATGCAGC-1,donor1,3
donor1_AACGGGAAGCCAGTAG-1,donor1,6
donor1_AACGGGAAGTAAAGCT-1,donor1,8
donor1_AACGGGAAGTTGCCTA-1,donor1,9
donor1_AACGGGACAGAGAAAG-1,donor1,3
donor1_AACGGGACAGGTCCCA-1,donor1,13
donor1_AACGGGAGTACCATAC-1,donor1,13
donor1_AACGGGAGTCGCTGCA-1,donor1,3
donor1_AACGGGATCGCAACAT-1,donor1,21
donor1_AACGGGATCTCATTGT-1,donor1,17
donor1_AACGTCAAGACGCAGT-1,donor1,21
donor1_AACGTCAAGTCCGCGT-1,donor1,20
donor1_AACGTCACAAATGCTC-1,donor1,6
donor1_AACGTCACAACACAAA-1,donor1,6
donor1_AACGTCATCTCAGAAC-1,donor1,0
donor1_AACTTCTCAAGATGGC-1,donor1,6
donor1_AACTTCTCAATTTCCT-1,donor1,8
donor1_AACTTCTCATGAAAGT-1,donor1,0
donor1_AACTTCTGTGAGCCAA-1,donor1,5
donor1_AACTTCTTCCAGGACC-1,donor1,19
donor1_AACTTCTTCCGAAATC-1,donor1,19
donor1_AACTTCTTCGGTCGGT-1,donor1,21
donor1_AACTTCTTCTTCCTAA-1,donor1,17
donor1_AAGAACAAGAACAAGG-1,donor1,4
donor1_AAGACAAAGCGATGGT-1,donor1,12
donor1_AAGACAAAGTTTCGGT-1,donor1,21
donor1_AAGACAACACGACAGA-1,donor1,20
donor1_AAGACTCCAATCGCAT-1,donor1,21
donor1_AAGACTCCACATAGCT-1,donor1,15
donor1_AAGACTCGTGACTAAA-1,donor1,3
donor1_AAGACTCTCCAAAGGG-1,donor1,21
donor1_AAGATAGAGAACAGGA-1,donor1,2
donor1_AAGATAGAGCGCCATC-1,donor1,21
donor1_AAGATAGAGTCAGCGA-1,donor1,21
donor1_AAGATAGCAAATGGTA-1,donor1,19
donor1_AAGATAGCATACATCG-1,donor1,9
donor1_AAGATAGCATCGTCCT-1,donor1,5
donor1_AAGATAGCATGCGGTC-1,donor1,2
donor1_AAGATAGGTGTCCCTT-1,donor1,13
donor1_AAGATAGGTTATGTGC-1,donor1,11
donor1_AAGATAGTCAACCCGG-1,donor1,3
donor1_AAGCATCAGCACCCAC-1,donor1,11
donor1_AAGCATCCACGACGCT-1,donor1,2
donor1_AAGCATCGTTATGTGC-1,donor1,16
donor1_AAGCATCTCCTGTAGA-1,donor1,13
donor1_AAGCCATCAATCCTAG-1,donor1,20
donor1_AAGCCATCAGATACTC-1,donor1,13
donor1_AAGCCATGTAGCTTGT-1,donor1,3
donor1_AAGCCATGTCATAACC-1,donor1,19
donor1_AAGCCATTCGGATACT-1,donor1,0
donor1_AAGCCATTCTGCTGAA-1,donor1,21
donor1_AAGCGAGAGAGGACTC-1,donor1,8
donor1_AAGCGAGCAAAGACTA-1,donor1,8
donor1_AAGCGAGCAAGTATAG-1,donor1,0
donor1_AAGCGAGGTTCTTCAT-1,donor1,13
donor1_AAGCGAGTCTAAGCCA-1,donor1,16
donor1_AAGCGTTCAACGATTC-1,donor1,6
donor1_AAGCGTTCAATTGTGC-1,donor1,3
donor1_AAGCGTTCACACCGCA-1,donor1,12
donor1_AAGCGTTCATCATTGG-1,donor1,3
donor1_AAGCGTTTCAAGTAAG-1,donor1,3
donor1_AAGCGTTTCCGCACTT-1,donor1,17
donor1_AAGCGTTTCGAGTGGA-1,donor1,8
donor1_AAGGAATAGTTCGGTT-1,donor1,9
donor1_AAGGAATCAAGCTCTA-1,donor1,3
donor1_AAGGAATGTGCCTAAT-1,donor1,8
donor1_AAGGTAAAGAGCCGTA-1,donor1,8
donor1_AAGGTAACAATACAGA-1,donor1,2
donor1_AAGGTAACAGGGAGAG-1,donor1,1
donor1_AAGGTAAGTGGCTGAA-1,donor1,17
donor1_AAGGTAAGTGTCATTG-1,donor1,2
donor1_AAGGTAATCACAAGAA-1,donor1,9
donor1_AAGGTAATCTGAGAAA-1,donor1,13
donor1_AAGTACCAGAGGGTGG-1,donor1,3
donor1_AAGTACCAGCACTGGA-1,donor1,0
donor1_AAGTACCCAAGAATGT-1,donor1,3
donor1_AAGTACCCATCATCCC-1,donor1,19
donor1_AAGTACCGTATCGAGG-1,donor1,3
donor1_AAGTCGTAGACGACTG-1,donor1,18
donor1_AAGTCGTAGAGAGTTT-1,donor1,2
donor1_AAGTCGTGTCTACATG-1,donor1,6
donor1_AAGTCGTGTGGCGTAA-1,donor1,20
donor1_AAGTCGTTCCTCTCGA-1,donor1,21
donor1_AAGTGAAAGGTAAGAG-1,donor1,17
donor1_AAGTGAAAGTTGTAAG-1,donor1,13
donor1_AAGTGAACACAGTATC-1,donor1,1
donor1_AAGTGAACATTCTCCG-1,donor1,11
donor1_AAGTGAAGTACGGTTT-1,donor1,8
donor1_AAGTGAAGTATCGTTG-1,donor1,20
donor1_AAGTTCGAGCGTTCCG-1,donor1,3
donor1_AAGTTCGCACCTAAAC-1,donor1,18
donor1_AAGTTCGCATGGCTAT-1,donor1,21
donor1_AATAGAGAGATTAGCA-1,donor1,17
donor1_AATAGAGGTTACCGTA-1,donor1,8
donor1_AATAGAGTCTAGCCTC-1,donor1,0
donor1_AATCACGAGGACGGAG-1,donor1,0
donor1_AATCACGCAGCGACAA-1,donor1,20
donor1_AATCACGGTACGACTT-1,donor1,6
donor1_AATCACGGTGAGCAGT-1,donor1,15
donor1_AATCACGGTGTCATTG-1,donor1,6
donor1_AATCACGGTTCAAGTC-1,donor1,21
donor1_AATCACGTCCTGTTAT-1,donor1,22
donor1_AATCGACAGACTCAAA-1,donor1,15
donor1_AATCGACAGTTGGCTT-1,donor1,20
donor1_AATCGACCAATTGAAG-1,donor1,1
donor1_AATCGACGTATGCGTT-1,donor1,21
donor1_AATCGTGAGATCACCT-1,donor1,9
donor1_AATCGTGAGCAGATAT-1,donor1,0
donor1_AATCGTGAGGCTTAGG-1,donor1,17
donor1_AATCGTGCAGACACAG-1,donor1,20
donor1_AATCGTGGTTGCATGT-1,donor1,21
donor1_AATCGTGTCAACCCGG-1,donor1,2
donor1_AATCGTGTCTATCGCC-1,donor1,9
donor1_AATGAAGAGCGCTTCG-1,donor1,3
donor1_AATGAAGCAAGAGCTG-1,donor1,16
donor1_AATGAAGCATACAGCT-1,donor1,12
donor1_AATGAAGGTACAGAAT-1,donor1,15
donor1_AATGAAGGTGGAAATT-1,donor1,2
donor1_AATGAAGGTTTACGTG-1,donor1,9
donor1_AATGACCAGATAGCAT-1,donor1,10
donor1_AATGACCAGCACTCAT-1,donor1,17
donor1_AATGACCAGCGGATCA-1,donor1,16
donor1_AATGACCCACCCTAGG-1,donor1,12
donor1_AATGCCAAGGACAAGA-1,donor1,6
donor1_AATGCCACAAGGGTCA-1,donor1,17
donor1_AATGCCACACAGAAGC-1,donor1,21
donor1_AATGCCAGTACCCGAC-1,donor1,21
donor1_AATGCCAGTACGGTTT-1,donor1,8
donor1_AATGCCAGTAGAATGT-1,donor1,11
donor1_AATGCCAGTCTGCAAT-1,donor1,15
donor1_AATGCCATCCGAGGCT-1,donor1,8
donor1_AATGGAAAGTCTGGAG-1,donor1,20
donor1_AATGGAACACGAAGAC-1,donor1,2
donor1_AATGGAACATGGACAG-1,donor1,13
donor1_AATGGAAGTCCCAAAT-1,donor1,13
donor1_AATGGAATCTGAGGCC-1,donor1,12
donor1_AATGGCTAGCCTGGAA-1,donor1,12
donor1_AATGGCTAGGTTGACG-1,donor1,4
donor1_AATGGCTCACTATCGA-1,donor1,5
donor1_AATGGCTCATACCAGT-1,donor1,3
donor1_AATGGCTTCACAAGGG-1,donor1,2
donor1_AATGGCTTCCTTTAGT-1,donor1,20
donor1_AATTCCTCAGATAAAC-1,donor1,17
donor1_AATTCCTGTACAGAGC-1,donor1,1
donor1_AATTCCTGTACTAAGA-1,donor1,5
donor1_AATTCCTGTTTCGCTC-1,donor1,0
donor1_AATTCCTTCCGCGAGT-1,donor1,3
donor1_AATTTCCAGTTGGAGC-1,donor1,19
donor1_AATTTCCCACCCTATC-1,donor1,11
donor1_AATTTCCGTAGGATAT-1,donor1,12
donor1_AATTTCCGTTGGTACT-1,donor1,17
donor1_AATTTCCTCGCTATTT-1,donor1,13
donor1_AATTTCCTCGCTTACC-1,donor1,13
donor1_ACAAAGAAGTCGGCCT-1,donor1,20
donor1_ACAAAGACAGATCCAT-1,donor1,11
donor1_ACAAAGAGTCGCCACA-1,donor1,17
donor1_ACAAAGAGTGTCCAAT-1,donor1,17
donor1_ACAAAGAGTGTGGACA-1,donor1,21
donor1_ACAACCAAGGAAAGTG-1,donor1,13
donor1_ACAACCAAGTTTCGGT-1,donor1,2
donor1_ACAACCACACCAGACC-1,donor1,8
donor1_ACAACCACATGAAGGC-1,donor1,0
donor1_ACAACCAGTACAAACA-1,donor1,17
donor1_ACAACCAGTATCGAAA-1,donor1,6
donor1_ACAACCATCCAGTGCG-1,donor1,21
donor1_ACAAGCTAGAAAGTCT-1,donor1,21
donor1_ACAAGCTTCAACACGT-1,donor1,6
donor1_ACAAGCTTCCCGTTCA-1,donor1,2
donor1_ACACAGTAGACTGAGC-1,donor1,9
donor1_ACACAGTAGCTCTGTA-1,donor1,3
donor1_ACACAGTGTTTAGAGA-1,donor1,3
donor1_ACACAGTTCGAAGTGG-1,donor1,12
donor1_ACACAGTTCTAACACG-1,donor1,0
donor1_ACACCAACAAGGACAC-1,donor1,8
donor1_ACACCAACAGGTTTAC-1,donor1,4
donor1_ACACCAAGTAGATGTA-1,donor1,1
donor1_ACACCAAGTATCAGGG-1,donor1,18
donor1_ACACCAAGTTGTCCCT-1,donor1,17
donor1_ACACGCGCAGGATCTT-1,donor1,15
donor1_ACACGCGGTGCCTAAT-1,donor1,2
donor1_ACACGCGTCGTCACCT-1,donor1,8
donor1_ACACGCGTCTTTGCTA-1,donor1,15
donor1_ACACTGACACGACCTG-1,donor1,17
donor1_ACACTGATCGTTGTTT-1,donor1,13
donor1_ACACTGATCTGTAAGC-1,donor1,11
donor1_ACAGAAAAGACGGATC-1,donor1,21
donor1_ACAGAAACATAGTCAC-1,donor1,6
donor1_ACAGAAAGTCTCCCTA-1,donor1,21
donor1_ACAGAAAGTGCAAGAC-1,donor1,18
donor1_ACAGAAAGTTAATGAG-1,donor1,3
donor1_ACAGAAATCAAATGAG-1,donor1,0
donor1_ACAGAAATCAGCTGAT-1,donor1,3
donor1_ACAGAAATCCTCAGAA-1,donor1,13
donor1_ACAGAAATCGATCCCT-1,donor1,8
donor1_ACAGCCGAGCTCCACG-1,donor1,20
donor1_ACAGCCGAGTTCCATG-1,donor1,2
donor1_ACAGCCGGTTCGGCCA-1,donor1,21
donor1_ACAGCCGTCATAGGCT-1,donor1,9
donor1_ACAGCCGTCTACACAG-1,donor1,4
donor1_ACAGCCGTCTCGGGAC-1,donor1,17
donor1_ACAGGGAAGAGCAGCT-1,donor1,20
donor1_ACAGGGAAGGGCAATC-1,donor1,15
donor1_ACAGGGAAGTTCCATG-1,donor1,20
donor1_ACAGGGAGTCGATTTG-1,donor1,21
donor1_ACAGGGATCGCTAAAC-1,donor1,2
donor1_ACAGGGATCGTTCGCT-1,donor1,9
donor1_ACATCCCAGACGTCCC-1,donor1,3
donor1_ACATCCCCAATGCTCA-1,donor1,12
donor1_ACATCCCGTTGATGTC-1,donor1,1
donor1_ACATCCCTCTGGTCAA-1,donor1,0
donor1_ACATCGAAGAATGTTG-1,donor1,20
donor1_ACATCGAAGCACTAAA-1,donor1,3
donor1_ACATCGAAGTATAGAC-1,donor1,2
donor1_ACATCGACACCCAATA-1,donor1,0
donor1_ACATCGACATTCAGCA-1,donor1,12
donor1_ACATCGAGTAAGGCTG-1,donor1,14
donor1_ACATCGAGTCGAATGG-1,donor1,9
donor1_ACATCGAGTCTTGCGG-1,donor1,5
donor1_ACATCGATCTGCGATA-1,donor1,17
donor1_ACATGCAAGCTGAGCA-1,donor1,8
donor1_ACATGCAAGGGATGTC-1,donor1,18
donor1_ACATGCAGTCTCTCCA-1,donor1,8
donor1_ACATGCATCCAGCCTT-1,donor1,8
donor1_ACATTTCCAACAAGTA-1,donor1,13
donor1_ACATTTCCAATCTAGC-1,donor1,3
donor1_ACATTTCCATCGAACT-1,donor1,6
donor1_ACATTTCGTACTCGAT-1,donor1,6
donor1_ACATTTCGTTATTCCT-1,donor1,9
donor1_ACATTTCGTTTGGGTT-1,donor1,21
donor1_ACCAAACAGCGTATGG-1,donor1,13
donor1_ACCAAACCATGACGTT-1,donor1,3
donor1_ACCAAACGTGCGGTAA-1,donor1,0
donor1_ACCAAACTCATTCCTA-1,donor1,2
donor1_ACCAACAAGCAACAGC-1,donor1,3
donor1_ACCAACACAGAGTTCT-1,donor1,13
donor1_ACCAACACATTCTTCA-1,donor1,16
donor1_ACCAACAGTATCGTGT-1,donor1,16
donor1_ACCAACAGTTAGGACG-1,donor1,6
donor1_ACCAACATCCTTATGT-1,donor1,12
donor1_ACCACAAAGATCACTC-1,donor1,20
donor1_ACCACAACAAGCTGCC-1,donor1,20
donor1_ACCACAATCATTGTGG-1,donor1,21
donor1_ACCACAATCCACACAA-1,donor1,12
donor1_ACCATTTAGCCTCTTC-1,donor1,6
donor1_ACCATTTGTCCCTCAT-1,donor1,1
donor1_ACCATTTGTCTTGCTC-1,donor1,0
donor1_ACCATTTGTTGTGGAG-1,donor1,0
donor1_ACCCAAACACTAGTAC-1,donor1,19
donor1_ACCCAAACAGGCACAA-1,donor1,3
donor1_ACCCAAATCCGTTGGG-1,donor1,1
donor1_ACCCAAATCTCCGAGG-1,donor1,0
donor1_ACCCAAATCTGTGCTC-1,donor1,5
donor1_ACCCTCAAGCCGAATG-1,donor1,17
donor1_ACCCTCAGTCTGCCTT-1,donor1,2
donor1_ACCCTCAGTTCAAAGA-1,donor1,3
donor1_ACCCTCAGTTTACTGG-1,donor1,8
donor1_ACCCTTGAGGGTACAC-1,donor1,2
donor1_ACCCTTGAGGTCACCC-1,donor1,8
donor1_ACCCTTGCAATCAAGA-1,donor1,4
donor1_ACCCTTGTCCATCAGA-1,donor1,17
donor1_ACCCTTGTCCTTGACC-1,donor1,1
donor1_ACCGTTCAGAAACTGT-1,donor1,20
donor1_ACCGTTCCAGAGTGTG-1,donor1,13
donor1_ACCGTTCCATAGAATG-1,donor1,8
donor1_ACCGTTCGTATGCTAC-1,donor1,15
donor1_ACCGTTCGTCCTACAA-1,donor1,0
donor1_ACCGTTCTCGTTCAGA-1,donor1,6
donor1_ACCTACCAGAAGAACG-1,donor1,21
donor1_ACCTACCAGAGAGGGC-1,donor1,6
donor1_ACCTACCAGTATGATG-1,donor1,3
donor1_ACCTACCGTAGATTGA-1,donor1,20
donor1_ACCTACCGTCGCTGCA-1,donor1,3
donor1_ACCTACCGTCTGCGCA-1,donor1,12
donor1_ACCTACCGTGATGTAA-1,donor1,1
donor1_ACCTACCGTGGGCTCT-1,donor1,20
donor1_ACCTACCTCAAGAGTA-1,donor1,15
donor1_ACCTACCTCATCGCCT-1,donor1,14
donor1_ACCTGAAAGAACGTGC-1,donor1,24
donor1_ACCTGAAAGTATGAAC-1,donor1,3
donor1_ACCTGAACAACAGATA-1,donor1,8
donor1_ACCTGAACAGCAGAAC-1,donor1,18
donor1_ACCTGAAGTCTGCATA-1,donor1,12
donor1_ACCTGAATCAAGATAG-1,donor1,11
donor1_ACCTGAATCCACGTAA-1,donor1,13
donor1_ACCTGAATCGAACCAT-1,donor1,20
donor1_ACCTGAATCTCGAACA-1,donor1,18
donor1_ACCTGAATCTGCCTGT-1,donor1,0
donor1_ACCTGAATCTTCACGC-1,donor1,3
donor1_ACCTGTCCACCTTCCA-1,donor1,13
donor1_ACCTGTCCATGGCACC-1,donor1,5
donor1_ACCTGTCTCCGTGGCA-1,donor1,13
donor1_ACCTGTCTCTAGTCAG-1,donor1,20
donor1_ACGATCAAGTGGAAAG-1,donor1,0
donor1_ACGATCACACTACGGC-1,donor1,3
donor1_ACGATCACAGTCGGTC-1,donor1,4
donor1_ACGATCATCGACGCTG-1,donor1,0
donor1_ACGATCATCTTAGCAG-1,donor1,4
donor1_ACGATGTAGTGCAGCA-1,donor1,3
donor1_ACGATGTCACATCCCT-1,donor1,15
donor1_ACGATGTCATAATCGC-1,donor1,5
donor1_ACGCACGAGAGCGACT-1,donor1,12
donor1_ACGCACGAGCCTCTGG-1,donor1,12
donor1_ACGCACGAGGAATTAC-1,donor1,6
donor1_ACGCACGCAACGACTT-1,donor1,1
donor1_ACGCACGGTAGGTCAG-1,donor1,2
donor1_ACGCACGTCCTCAGGG-1,donor1,2
donor1_ACGCACGTCTAATTCC-1,donor1,6
donor1_ACGCACGTCTTCCTAA-1,donor1,3
donor1_ACGGAAGAGAGGTGCT-1,donor1,13
donor1_ACGGAAGGTGACACAG-1,donor1,21
donor1_ACGGAAGTCGAGATAA-1,donor1,13
donor1_ACGGAAGTCTAGACAC-1,donor1,16
donor1_ACGGGTCAGATGGGCT-1,donor1,12
donor1_ACGGGTCAGCACCCAC-1,donor1,2
donor1_ACGGGTCAGCGGTAGT-1,donor1,5
donor1_ACGGGTCAGTGATCGG-1,donor1,13
donor1_ACGGGTCCAGGACTTT-1,donor1,20
donor1_ACGGGTCCATTACTCT-1,donor1,21
donor1_ACGGGTCGTACGCGTC-1,donor1,0
donor1_ACGGTCGAGCAGCCCT-1,donor1,15
donor1_ACGGTCGAGGTAGTCG-1,donor1,6
donor1_ACGGTCGAGTCATACC-1,donor1,3
donor1_ACGGTCGCAGTACTAC-1,donor1,12
donor1_ACGGTCGGTCGTTCAA-1,donor1,3
donor1_ACGGTCGTCCACGTAA-1,donor1,11
donor1_ACGGTCGTCGACCAAT-1,donor1,8
donor1_ACGGTCGTCGGATAAA-1,donor1,10
donor1_ACGGTTAAGGCTATCT-1,donor1,21
donor1_ACGGTTACAGAATGTA-1,donor1,2
donor1_ACGTAACCAATTGAAG-1,donor1,2
donor1_ACGTAACCACGACGTC-1,donor1,21
donor1_ACGTAACCACGTACTA-1,donor1,9
donor1_ACGTAACTCGCAAGAG-1,donor1,11
donor1_ACGTAACTCTCGGGAC-1,donor1,2
donor1_ACGTACAAGTCTAGAA-1,donor1,12
donor1_ACGTACAGTGACCGAA-1,donor1,1
donor1_ACGTAGTCAGAAACCG-1,donor1,3
donor1_ACGTAGTCAGAAGCTG-1,donor1,20
donor1_ACGTAGTCAGTCTGGC-1,donor1,11
donor1_ACGTAGTCATAGAAAC-1,donor1,12
donor1_ACGTAGTGTAGAGATT-1,donor1,15
donor1_ACGTAGTGTTCGGTTA-1,donor1,18
donor1_ACGTCCTAGACATATG-1,donor1,17
donor1_ACGTCCTAGCTCACTA-1,donor1,21
donor1_ACGTCCTCAATTAGGA-1,donor1,10
donor1_ACGTCCTCAGCATCTA-1,donor1,5
donor1_ACGTCCTGTCACCTTC-1,donor1,16
donor1_ACGTCCTGTTCTCTAT-1,donor1,2
donor1_ACGTCCTTCGGCATAT-1,donor1,1
donor1_ACGTTCCAGCATACTC-1,donor1,12
donor1_ACGTTCCAGTTTCGGT-1,donor1,16
donor1_ACGTTCCGTATTTCGG-1,donor1,18
donor1_ACGTTCCGTCGCTCGA-1,donor1,17
donor1_ACGTTCCTCAGGTGTT-1,donor1,17
donor1_ACGTTCCTCCTACACC-1,donor1,3
donor1_ACTACGAGTAATGATG-1,donor1,6
donor1_ACTACGATCACTGCTC-1,donor1,6
donor1_ACTATCTAGGGTCTTT-1,donor1,19
donor1_ACTATCTGTGCATCTA-1,donor1,17
donor1_ACTATCTGTTGCAAGG-1,donor1,17
donor1_ACTATCTTCCTTGGAA-1,donor1,1
donor1_ACTATCTTCTATCGCC-1,donor1,15
donor1_ACTATCTTCTTTACAC-1,donor1,3
donor1_ACTATGGAGTAGGGTC-1,donor1,3
donor1_ACTATGGAGTCGGGAT-1,donor1,15
donor1_ACTATGGCAACACGAG-1,donor1,18
donor1_ACTATGGGTGAGAGGG-1,donor1,2
donor1_ACTATGGGTTAGCTAC-1,donor1,3
donor1_ACTATGGTCAGTGATC-1,donor1,2
donor1_ACTATTCAGCGAACTG-1,donor1,2
donor1_ACTATTCCAAGACGAC-1,donor1,16
donor1_ACTATTCCATCAGCTA-1,donor1,0
donor1_ACTATTCGTAAGCAAT-1,donor1,6
donor1_ACTATTCTCGCAGTCG-1,donor1,17
donor1_ACTATTCTCGTGGCGT-1,donor1,22
donor1_ACTATTCTCTGATGGT-1,donor1,21
donor1_ACTCCCACATGAGATA-1,donor1,17
donor1_ACTCCCAGTTGCTCAA-1,donor1,15
donor1_ACTCCCATCAAACGAA-1,donor1,13
donor1_ACTCCCATCTTGGGCG-1,donor1,0
donor1_ACTCTCGCAGAGTCAG-1,donor1,19
donor1_ACTCTCGGTAATCAAG-1,donor1,17
donor1_ACTCTCGGTGGTTTGT-1,donor1,12
donor1_ACTCTCGTCCTCTGCA-1,donor1,2
donor1_ACTGATGAGTGGTGAC-1,donor1,4
donor1_ACTGATGTCGCAATGT-1,donor1,9
donor1_ACTGCAACACTCCACT-1,donor1,21
donor1_ACTGCAAGTAAGGTCG-1,donor1,13
donor1_ACTGCAATCCCGAGTG-1,donor1,3
donor1_ACTGCAATCGTGCGAC-1,donor1,8
donor1_ACTGCAATCTATACTC-1,donor1,3
donor1_ACTGTCCCATGGCACC-1,donor1,15
donor1_ACTGTCCGTTCTATCT-1,donor1,8
donor1_ACTGTCCTCGGCTGAC-1,donor1,11
donor1_ACTGTGAAGAAGGGAT-1,donor1,12
donor1_ACTGTGAAGATGTTGA-1,donor1,21
donor1_ACTGTGAGTACCTTCC-1,donor1,2
donor1_ACTGTGAGTTTCTTAC-1,donor1,6
donor1_ACTTAGGAGCACACCC-1,donor1,11
donor1_ACTTAGGCACACTTAG-1,donor1,1
donor1_ACTTAGGGTACCTAAC-1,donor1,17
donor1_ACTTAGGGTCTACGTA-1,donor1,13
donor1_ACTTAGGTCCCAAGCG-1,donor1,20
donor1_ACTTAGGTCTCGTGAA-1,donor1,18
donor1_ACTTATCAGGTTATAG-1,donor1,13
donor1_ACTTATCAGTGTTGAA-1,donor1,15
donor1_ACTTATCCAAGCCATT-1,donor1,13
donor1_ACTTATCGTAAGGTCG-1,donor1,3
donor1_ACTTATCGTATTTCGG-1,donor1,1
donor1_ACTTATCGTCCGACGT-1,donor1,3
donor1_ACTTATCGTGATACCT-1,donor1,20
donor1_ACTTATCGTTGTCATG-1,donor1,21
donor1_ACTTATCTCTTGAACG-1,donor1,0
donor1_ACTTCCGAGCTCCACG-1,donor1,3
donor1_ACTTCCGGTCTGCGCA-1,donor1,6
donor1_ACTTCCGTCGTAGCTA-1,donor1,5
donor1_ACTTCGCCACGGGCTT-1,donor1,0
donor1_ACTTCGCCAGGAGGTT-1,donor1,8
donor1_ACTTCGCCAGGTTACT-1,donor1,0
donor1_ACTTCGCGTCTGTAGT-1,donor1,6
donor1_ACTTCGCGTTCCACGG-1,donor1,20
donor1_ACTTTCAAGAAATGGG-1,donor1,2
donor1_ACTTTCACACGAAGAC-1,donor1,0
donor1_ACTTTCAGTCCTGTTC-1,donor1,8
donor1_ACTTTCAGTGCGACAA-1,donor1,2
donor1_ACTTTCAGTGTCGATT-1,donor1,18
donor1_ACTTTCATCACCCTTG-1,donor1,13
donor1_ACTTTCATCCTCCACA-1,donor1,6
donor1_ACTTTCATCGAGTACT-1,donor1,0
donor1_ACTTTGTAGCTTTCTT-1,donor1,9
donor1_ACTTTGTAGTACCGGA-1,donor1,3
donor1_ACTTTGTAGTGCCCGT-1,donor1,11
donor1_ACTTTGTCAATTGCTG-1,donor1,17
donor1_ACTTTGTCACCCTTAC-1,donor1,8
donor1_ACTTTGTCAGCTGAAG-1,donor1,19
donor1_ACTTTGTGTACAGTAA-1,donor1,13
donor1_ACTTTGTGTGATATAG-1,donor1,2
donor1_ACTTTGTGTGCAACGA-1,donor1,12
donor1_ACTTTGTTCAAGGTGG-1,donor1,21
donor1_AGAAATGAGACGGTCA-1,donor1,20
donor1_AGAAATGAGAGGATCC-1,donor1,6
donor1_AGAAATGAGGTCTACT-1,donor1,18
donor1_AGAAATGAGTGGAATT-1,donor1,19
donor1_AGAAATGTCACCTTGC-1,donor1,0
donor1_AGAAATGTCACTTATC-1,donor1,2
donor1_AGAAATGTCTAAGGAA-1,donor1,6
donor1_AGAAATGTCTTGTTAC-1,donor1,0
donor1_AGAACAAAGTATAGAC-1,donor1,6
donor1_AGAACAACAAGTGGTG-1,donor1,5
donor1_AGAACAAGTGCGGTAA-1,donor1,4
donor1_AGAACAAGTTCAGCGC-1,donor1,11
donor1_AGAACAATCACGACTA-1,donor1,17
donor1_AGAACAATCCGCTAGG-1,donor1,18
donor1_AGAACAATCTGGCCGA-1,donor1,0
donor1_AGAACCTAGGGAGGCA-1,donor1,15
donor1_AGAACCTCAAACGAGC-1,donor1,0
donor1_AGAACCTCAACCCGCA-1,donor1,17
donor1_AGAACCTCACCGGTCA-1,donor1,13
donor1_AGAACCTCACGGTGAA-1,donor1,8
donor1_AGAACCTGTGTTCCAA-1,donor1,6
donor1_AGAACCTTCACCTGTC-1,donor1,1
donor1_AGAACCTTCCATTTGT-1,donor1,4
donor1_AGAAGCGCAAGTGCAG-1,donor1,20
donor1_AGAAGCGGTGTTCCAA-1,donor1,20
donor1_AGAAGCGGTTCCACGG-1,donor1,0
donor1_AGAAGCGGTTGCTCAA-1,donor1,0
donor1_AGAAGCGTCAAACTGC-1,donor1,3
donor1_AGAAGCGTCGCAGTCG-1,donor1,4
donor1_AGAAGTACAAGTCCAT-1,donor1,0
donor1_AGAAGTACATCGGCCA-1,donor1,0
donor1_AGAAGTAGTAGGTTTC-1,donor1,1
donor1_AGAAGTAGTCAGGAGT-1,donor1,0
donor1_AGAAGTAGTCATCTAG-1,donor1,3
donor1_AGACAAACAGACACAG-1,donor1,2
donor1_AGACAAAGTCATATGC-1,donor1,12
donor1_AGACAAAGTTTGGAGG-1,donor1,0
donor1_AGACAAATCACCGGTG-1,donor1,21
donor1_AGACACTCAAATCGGG-1,donor1,3
donor1_AGACACTCACATAGCT-1,donor1,6
donor1_AGACACTGTGTATCCA-1,donor1,13
donor1_AGACACTGTTCTCTAT-1,donor1,15
donor1_AGACACTTCGGTAAGG-1,donor1,21
donor1_AGACACTTCTGAGCAT-1,donor1,25
donor1_AGACAGGAGCAGCACA-1,donor1,16
donor1_AGACAGGCAAGGTACG-1,donor1,6
donor1_AGACAGGCAGCTCCTT-1,donor1,1
donor1_AGACAGGCAGTCAGTT-1,donor1,17
donor1_AGACAGGGTTCCACAA-1,donor1,3
donor1_AGACAGGTCCGATTAG-1,donor1,15
donor1_AGACAGGTCGCTTGAA-1,donor1,13
donor1_AGACCATAGAGTGTTA-1,donor1,11
donor1_AGACCATCAGTCTGGC-1,donor1,17
donor1_AGACCATGTGTAAATG-1,donor1,13
donor1_AGACCATTCAGGAGAC-1,donor1,15
donor1_AGACCCGAGACCGCCT-1,donor1,21
donor1_AGACCCGGTATAGGGC-1,donor1,0
donor1_AGACCCGGTGAATGAT-1,donor1,6
donor1_AGACCCGTCACTCTTA-1,donor1,2
donor1_AGACCCGTCCCAGGAC-1,donor1,1
donor1_AGACCCGTCGTCGCTT-1,donor1,0
donor1_AGACCCGTCGTTCATT-1,donor1,8
donor1_AGACCCGTCGTTGTGA-1,donor1,6
donor1_AGACTCACACGTGAGA-1,donor1,0
donor1_AGACTCACAGTAGTTC-1,donor1,13
donor1_AGAGAATAGGTCCGAA-1,donor1,13
donor1_AGAGAATCAGACCCGT-1,donor1,8
donor1_AGAGAATCAGAGAGGG-1,donor1,20
donor1_AGAGAATGTCCACTTC-1,donor1,0
donor1_AGAGAATGTGAAAGTT-1,donor1,20
donor1_AGAGAATTCTAGTGTG-1,donor1,6
donor1_AGAGAGCAGGGTTAAT-1,donor1,20
donor1_AGAGAGCGTCAGGTAG-1,donor1,20
donor1_AGAGAGCTCCGTATGA-1,donor1,21
donor1_AGAGAGCTCTGGGATT-1,donor1,13
donor1_AGAGCAGAGATCACTC-1,donor1,9
donor1_AGAGCAGAGGCCCAAA-1,donor1,20
donor1_AGAGCAGGTCAAAGAT-1,donor1,17
donor1_AGAGCAGGTCAGATTC-1,donor1,2
donor1_AGAGCAGTCAGAGTGG-1,donor1,5
donor1_AGAGCCCAGGAGACCT-1,donor1,17
donor1_AGAGCCCCAGACAATA-1,donor1,0
donor1_AGAGCCCGTACAGGTG-1,donor1,3
donor1_AGAGCCCGTGGGAGAG-1,donor1,20
donor1_AGAGCCCGTTGGGTAG-1,donor1,4
donor1_AGAGCCCTCAACCCGG-1,donor1,18
donor1_AGAGCCCTCCTTCACG-1,donor1,0
donor1_AGAGCCCTCGTCGACG-1,donor1,15
donor1_AGATAGAAGGTCATTC-1,donor1,3
donor1_AGATAGACACTGATTG-1,donor1,21
donor1_AGATAGACAGCAGTCC-1,donor1,17
donor1_AGATAGACAGCTGTCG-1,donor1,16
donor1_AGATAGAGTTCCTTGC-1,donor1,2
donor1_AGATAGATCTTCGATT-1,donor1,13
donor1_AGATCCACAACGGCCT-1,donor1,11
donor1_AGATCGTCAAGTGATA-1,donor1,3
donor1_AGATCGTCAGTACTAC-1,donor1,3
donor1_AGATCGTTCTAAGCGT-1,donor1,19
donor1_AGATCGTTCTCGACCT-1,donor1,2
donor1_AGATGAACAGAACCGA-1,donor1,20
donor1_AGATGAATCAGCTAGT-1,donor1,13
donor1_AGATGCTCAACTCCCT-1,donor1,2
donor1_AGATGCTCAGAGATTA-1,donor1,0
donor1_AGATGCTCAGCTGAAG-1,donor1,0
donor1_AGATGCTCATAAGCGG-1,donor1,4
donor1_AGATGCTTCGCTCCTA-1,donor1,21
donor1_AGCATCACATAACAGA-1,donor1,20
donor1_AGCATCACATACCAGT-1,donor1,3
donor1_AGCATCAGTAAGGCTG-1,donor1,0
donor1_AGCATCAGTTGATCGT-1,donor1,17
donor1_AGCCAATCAAGTATCC-1,donor1,12
donor1_AGCCAATCAGTGCGCT-1,donor1,9
donor1_AGCCAATCATCGCTCT-1,donor1,2
donor1_AGCCACGCAACTTCTT-1,donor1,6
donor1_AGCCACGGTCATTGCA-1,donor1,11
donor1_AGCCACGGTCCTGGTG-1,donor1,8
donor1_AGCCACGGTCGAAACG-1,donor1,3
donor1_AGCCAGCCAGGTCAAG-1,donor1,17
donor1_AGCCAGCCATACACCA-1,donor1,6
donor1_AGCCAGCTCCTATTGT-1,donor1,6
donor1_AGCCAGCTCGCGATCG-1,donor1,3
donor1_AGCGATTAGATAGTCA-1,donor1,3
donor1_AGCGATTAGGTCCTGC-1,donor1,3
donor1_AGCGATTCAACGTAAA-1,donor1,3
donor1_AGCGATTCAATTGTGC-1,donor1,13
donor1_AGCGATTTCAACGAGG-1,donor1,17
donor1_AGCGATTTCAGACCCG-1,donor1,3
donor1_AGCGCCAAGAGTTGCG-1,donor1,11
donor1_AGCGCCAAGGTCACAG-1,donor1,11
donor1_AGCGCCAAGTAGGCCA-1,donor1,0
donor1_AGCGCCAGTCAGACGA-1,donor1,2
donor1_AGCGCCAGTCTCTCCA-1,donor1,20
donor1_AGCGCCAGTTATCTTC-1,donor1,21
donor1_AGCGCCAGTTTGAAAG-1,donor1,2
donor1_AGCGCCATCAGTGTCA-1,donor1,0
donor1_AGCGCCATCGTGACTA-1,donor1,8
donor1_AGCGCTGAGACGGATC-1,donor1,10
donor1_AGCGCTGAGGTCCCGT-1,donor1,3
donor1_AGCGCTGCACAACGAG-1,donor1,3
donor1_AGCGCTGCACCAGTTA-1,donor1,2
donor1_AGCGCTGGTATCAGGG-1,donor1,2
donor1_AGCGCTGGTCACTCGG-1,donor1,19
donor1_AGCGCTGGTCCTTGTC-1,donor1,2
donor1_AGCGCTGTCAAGCCCG-1,donor1,11
donor1_AGCGCTGTCAATCGGT-1,donor1,19
donor1_AGCGCTGTCAGAATAG-1,donor1,3
donor1_AGCGCTGTCAGCGGAA-1,donor1,17
donor1_AGCGCTGTCTACTCAT-1,donor1,5
donor1_AGCGCTGTCTGCGTCT-1,donor1,12
donor1_AGCGTATAGACGAAGA-1,donor1,0
donor1_AGCGTATCAGCGAACA-1,donor1,12
donor1_AGCGTATCATGAATAG-1,donor1,19
donor1_AGCGTCGCACGACAGA-1,donor1,0
donor1_AGCGTCGCAGCCGGTT-1,donor1,2
donor1_AGCGTCGCAGGTCCGT-1,donor1,3
donor1_AGCGTCGTCAATCAGC-1,donor1,3
donor1_AGCGTCGTCCTCTAGC-1,donor1,20
donor1_AGCTACAAGTCGGCCT-1,donor1,3
donor1_AGCTACACAGAAGCGT-1,donor1,6
donor1_AGCTACACAGCTATTG-1,donor1,18
donor1_AGCTACAGTATTCCTT-1,donor1,21
donor1_AGCTACATCGAGCCTG-1,donor1,17
donor1_AGCTCAAAGATGCGAC-1,donor1,21
donor1_AGCTCAACACGGGCTT-1,donor1,8
donor1_AGCTCAACAGCATACT-1,donor1,21
donor1_AGCTCAATCAAGCGTT-1,donor1,21
donor1_AGCTCAATCTGAGGCC-1,donor1,20
donor1_AGCTTCCAGAAGAGCA-1,donor1,20
donor1_AGCTTCCAGAGCCCAA-1,donor1,5
donor1_AGCTTCCCACTAGTAC-1,donor1,8
donor1_AGCTTCCCAGTTAGGG-1,donor1,18
donor1_AGCTTCCGTCCCTCAT-1,donor1,8
donor1_AGCTTCCGTTTCACTT-1,donor1,21
donor1_AGCTTCCTCGCCAGAC-1,donor1,0
donor1_AGGAAATAGAATAACC-1,donor1,13
donor1_AGGAAATAGTCTAGCT-1,donor1,6
donor1_AGGAAATTCACTCTTA-1,donor1,21
donor1_AGGAAATTCGTTCCCA-1,donor1,0
donor1_AGGAATAAGGACTATA-1,donor1,13
donor1_AGGAATATCTCGTTTA-1,donor1,3
donor1_AGGACGAAGCGCAATG-1,donor1,4
donor1_AGGACGACACTTGTGA-1,donor1,0
donor1_AGGACGACAGAGTTCT-1,donor1,18
donor1_AGGACGATCGATTTCT-1,donor1,1
donor1_AGGACTTCAACAACAA-1,donor1,13
donor1_AGGACTTCAGCGTATT-1,donor1,13
donor1_AGGACTTGTCCACAGC-1,donor1,6
donor1_AGGACTTGTCGAGCTC-1,donor1,13
donor1_AGGACTTTCAGCTCTC-1,donor1,6
donor1_AGGAGGTAGTTCTCTT-1,donor1,11
donor1_AGGAGGTGTAGTACGG-1,donor1,11
donor1_AGGAGGTGTCACGTGC-1,donor1,13
donor1_AGGAGGTGTCGAGCAA-1,donor1,13
donor1_AGGAGGTGTCGATTTG-1,donor1,1
donor1_AGGAGGTGTTCTCTCG-1,donor1,5
donor1_AGGATAAAGAAGTCAT-1,donor1,19
donor1_AGGATAAAGAGGGTAA-1,donor1,18
donor1_AGGATAAAGCTAGAAT-1,donor1,6
donor1_AGGATAAAGCTGCCTG-1,donor1,14
donor1_AGGATAAGTAAGCTCT-1,donor1,16
donor1_AGGATAAGTCTCACGG-1,donor1,1
donor1_AGGATAAGTTGTCCCT-1,donor1,6
donor1_AGGATAATCAACTCTT-1,donor1,18
donor1_AGGATCTAGTTTGGCT-1,donor1,3
donor1_AGGATCTCAATCACGT-1,donor1,8
donor1_AGGATCTCACATGGTT-1,donor1,9
donor1_AGGATCTCAGAACGCA-1,donor1,13
donor1_AGGATCTGTACTTCCC-1,donor1,20
donor1_AGGATCTGTCGACTTA-1,donor1,10
donor1_AGGATCTTCGACCAAT-1,donor1,0
donor1_AGGATCTTCGCCTCTA-1,donor1,6
donor1_AGGCATTCAAGTGCAG-1,donor1,2
donor1_AGGCATTCATCTTAGG-1,donor1,26
donor1_AGGCATTGTATAGCTC-1,donor1,21
donor1_AGGCATTGTTCAACGT-1,donor1,11
donor1_AGGCATTTCAGTGTCA-1,donor1,2
donor1_AGGCATTTCTAGTCAG-1,donor1,12
donor1_AGGCCACAGCCAGAGT-1,donor1,2
donor1_AGGCCACCAACTACGT-1,donor1,13
donor1_AGGCCACCACAGTGTT-1,donor1,18
donor1_AGGCCACGTACTCGAT-1,donor1,12
donor1_AGGCCACGTCATATGC-1,donor1,2
donor1_AGGCCACGTGAGAGGG-1,donor1,3
donor1_AGGCCACTCGGAACTT-1,donor1,11
donor1_AGGCCACTCGTTACCC-1,donor1,13
donor1_AGGCTGCAGCTACTGT-1,donor1,1
donor1_AGGCTGCCAAGTCCCG-1,donor1,6
donor1_AGGCTGCCACTTCAGA-1,donor1,13
donor1_AGGCTGCGTGTATACC-1,donor1,20
donor1_AGGGAGTCATTGACAC-1,donor1,17
donor1_AGGGAGTTCGTCTCAC-1,donor1,5
donor1_AGGGCCTAGCACTGGA-1,donor1,20
donor1_AGGGCCTCAAACCATC-1,donor1,0
donor1_AGGGCCTGTGGATCGA-1,donor1,17
donor1_AGGGCCTTCAACGAGG-1,donor1,5
donor1_AGGGCCTTCCGCTAGG-1,donor1,21
donor1_AGGGCCTTCGCATTGA-1,donor1,20
donor1_AGGGCTCAGAGCCGTA-1,donor1,12
donor1_AGGGCTCAGATAACAC-1,donor1,13
donor1_AGGGCTCAGCAATAGT-1,donor1,0
donor1_AGGGCTCAGTAACCGG-1,donor1,4
donor1_AGGGCTCCACGAGGTA-1,donor1,11
donor1_AGGGCTCGTCAACCTA-1,donor1,9
donor1_AGGGCTCTCTGGGATT-1,donor1,20
donor1_AGGGTCCAGCATCAGG-1,donor1,19
donor1_AGGGTCCAGGAAAGTG-1,donor1,3
donor1_AGGGTCCCACGTGAGA-1,donor1,13
donor1_AGGGTCCCAGCGGATA-1,donor1,0
donor1_AGGGTCCTCCTGTACC-1,donor1,3
donor1_AGGGTCCTCTGGCTGG-1,donor1,15
donor1_AGGGTGAAGTGCACCC-1,donor1,3
donor1_AGGGTGACACACACGC-1,donor1,11
donor1_AGGGTGAGTGGTTTAC-1,donor1,2
donor1_AGGGTGATCTGTGCAA-1,donor1,0
donor1_AGGGTTTAGGTAAGTT-1,donor1,2
donor1_AGGGTTTCAAACAGGC-1,donor1,5
donor1_AGGGTTTCAGTTGAAA-1,donor1,11
donor1_AGGGTTTGTAAGTAGT-1,donor1,15
donor1_AGGGTTTGTGCACATT-1,donor1,0
donor1_AGGTAGGCAATTTCCT-1,donor1,16
donor1_AGGTAGGCAGCCTATA-1,donor1,13
donor1_AGGTAGGGTGGCTCTG-1,donor1,3
donor1_AGGTAGGTCATCGGGC-1,donor1,2
donor1_AGGTAGGTCATCTGTT-1,donor1,2
donor1_AGGTAGGTCTAACGGT-1,donor1,15
donor1_AGGTCATAGTATGGAT-1,donor1,3
donor1_AGGTCATTCAGGTAAA-1,donor1,13
donor1_AGGTCATTCCTGATAG-1,donor1,17
donor1_AGGTCATTCGAGTGAG-1,donor1,13
donor1_AGGTCTAAGTGTTGTC-1,donor1,10
donor1_AGGTCTACAACAGCTT-1,donor1,21
donor1_AGGTCTACAGCAGGAT-1,donor1,13
donor1_AGGTCTAGTAGCCAGA-1,donor1,8
donor1_AGGTCTAGTTCGGCCA-1,donor1,18
donor1_AGGTCTATCATCACCC-1,donor1,5
donor1_AGGTCTATCTTAGCCC-1,donor1,2
donor1_AGGTGTTAGACTCAAA-1,donor1,21
donor1_AGGTGTTAGATGTTGA-1,donor1,0
donor1_AGGTGTTAGCGACAGT-1,donor1,11
donor1_AGGTGTTGTATGAGGC-1,donor1,20
donor1_AGGTGTTTCGCAGTTA-1,donor1,18
donor1_AGGTGTTTCGCGAAGA-1,donor1,0
donor1_AGGTGTTTCTCATGGA-1,donor1,16
donor1_AGGTTACAGTTGGCGA-1,donor1,20
donor1_AGGTTACGTCTCCCTA-1,donor1,22
donor1_AGGTTGTCAGGAATCG-1,donor1,22
donor1_AGGTTGTTCCACCTCA-1,donor1,15
donor1_AGGTTGTTCTGAGATC-1,donor1,8
donor1_AGGTTGTTCTGCCTGT-1,donor1,3
donor1_AGTAACCAGCTGAAGC-1,donor1,4
donor1_AGTAACCCACCCTAGG-1,donor1,21
donor1_AGTAACCGTCGAGATG-1,donor1,8
donor1_AGTACCAAGGCCTTGC-1,donor1,18
donor1_AGTACCAAGGGATGTC-1,donor1,3
donor1_AGTACCAGTTAAGTCC-1,donor1,2
donor1_AGTACTGAGGTTCTTG-1,donor1,3
donor1_AGTACTGCAAGTACCT-1,donor1,18
donor1_AGTACTGCACACAGCC-1,donor1,20
donor1_AGTACTGCAGTCTGGC-1,donor1,6
donor1_AGTACTGTCAGGGTAG-1,donor1,20
donor1_AGTAGCTCACTACTTT-1,donor1,3
donor1_AGTAGCTTCGCTCCTA-1,donor1,11
donor1_AGTAGTCCAGGCGTTC-1,donor1,2
donor1_AGTAGTCTCACACGAT-1,donor1,12
donor1_AGTCAACCAACTGCCG-1,donor1,18
donor1_AGTCAACCAAGCACAG-1,donor1,2
donor1_AGTCAACCAATGTCTG-1,donor1,17
donor1_AGTCAACCACGTTGGC-1,donor1,2
donor1_AGTCAACGTAAGGCCA-1,donor1,21
donor1_AGTCAACGTCCACTTC-1,donor1,0
donor1_AGTCACAAGAAGGGAT-1,donor1,20
donor1_AGTCACAAGCCTAACT-1,donor1,2
donor1_AGTCACAAGTTGCGAG-1,donor1,20
donor1_AGTCACACAGACAATA-1,donor1,20
donor1_AGTCATGGTCCAATCA-1,donor1,13
donor1_AGTCTCCAGGGTAGCT-1,donor1,1
donor1_AGTCTCCAGTGCAGGT-1,donor1,13
donor1_AGTCTCCCAATGAAAC-1,donor1,3
donor1_AGTCTCCGTCGGCACT-1,donor1,13
donor1_AGTCTCCTCGCTGTTC-1,donor1,5
donor1_AGTCTCCTCTCCTGCA-1,donor1,20
donor1_AGTGACTAGGAATGTT-1,donor1,13
donor1_AGTGACTAGGCGCTTC-1,donor1,21
donor1_AGTGACTAGTAACGTA-1,donor1,0
donor1_AGTGACTCACGCAAAG-1,donor1,2
donor1_AGTGACTCACGTATAC-1,donor1,20
donor1_AGTGACTGTTGGTAGG-1,donor1,8
donor1_AGTGACTTCAGACCTA-1,donor1,9
donor1_AGTGATCAGTAATTGG-1,donor1,9
donor1_AGTGATCGTAGACAAT-1,donor1,0
donor1_AGTGATCTCGCTAAAC-1,donor1,27
donor1_AGTGCCGAGAGAGCAA-1,donor1,0
donor1_AGTGCCGAGTTGCTGT-1,donor1,17
donor1_AGTGCCGCAACGACTT-1,donor1,21
donor1_AGTGCCGCAGAAACCG-1,donor1,2
donor1_AGTGCCGTCACACCCT-1,donor1,0
donor1_AGTGCCGTCCTAGAGT-1,donor1,13
donor1_AGTGCCGTCTTCGGTC-1,donor1,0
donor1_AGTGTTGCAACTCGTA-1,donor1,20
donor1_AGTGTTGTCCAAGCAT-1,donor1,15
donor1_AGTGTTGTCCCTGTTG-1,donor1,9
donor1_AGTGTTGTCGGTCATA-1,donor1,3
donor1_AGTGTTGTCGTTCTGC-1,donor1,2
donor1_AGTTAGCAGATGAAGG-1,donor1,2
donor1_AGTTAGCAGCGAGGAG-1,donor1,17
donor1_AGTTAGCCAAATCGTC-1,donor1,17
donor1_AGTTAGCGTCACTCGG-1,donor1,0
donor1_AGTTAGCGTCTGATAC-1,donor1,3
donor1_AGTTAGCTCAGCGCGT-1,donor1,3
donor1_AGTTAGCTCCTTGACC-1,donor1,0
donor1_AGTTAGCTCTTGGATG-1,donor1,19
donor1_AGTTCCCAGCTCACTA-1,donor1,0
donor1_AGTTCCCAGGTACTGG-1,donor1,8
donor1_AGTTCCCAGGTCCGAA-1,donor1,19
donor1_AGTTCCCAGTCACACT-1,donor1,0
donor1_AGTTCCCCAAGGTACG-1,donor1,21
donor1_AGTTCCCGTCATCCCT-1,donor1,6
donor1_AGTTCCCGTCTATGAC-1,donor1,19
donor1_AGTTCCCGTGAAGCTG-1,donor1,15
donor1_AGTTCCCGTGGCCACT-1,donor1,0
donor1_AGTTCCCTCATTCGTT-1,donor1,21
donor1_AGTTCCCTCTTTCCGG-1,donor1,0
donor1_AGTTCGACACTGGAAG-1,donor1,12
donor1_AGTTCGAGTCGAGATG-1,donor1,6
donor1_AGTTCGATCCTTCTTC-1,donor1,19
donor1_ATACCGAAGTAGCATA-1,donor1,20
donor1_ATACCGACAAGTATAG-1,donor1,2
donor1_ATACCGACAGTCTACA-1,donor1,16
donor1_ATACCGAGTACAAACA-1,donor1,13
donor1_ATACCGAGTGAATTGA-1,donor1,12
donor1_ATACCGATCAAAGAAC-1,donor1,0
donor1_ATACCGATCCTTCTGG-1,donor1,2
donor1_ATACCGATCTGGGAGA-1,donor1,0
donor1_ATACCTTAGCAGAAAG-1,donor1,13
donor1_ATACCTTAGTAGGAAG-1,donor1,20
donor1_ATACCTTAGTCTGCAT-1,donor1,6
donor1_ATACCTTCATACACCA-1,donor1,21
donor1_ATACCTTGTACGAGTG-1,donor1,2
donor1_ATACCTTGTATTGAGA-1,donor1,12
donor1_ATACCTTGTCAGTCCG-1,donor1,6
donor1_ATACTTCAGGACGGAG-1,donor1,15
donor1_ATACTTCCAGATTAAG-1,donor1,20
donor1_ATACTTCTCCATACAG-1,donor1,15
donor1_ATACTTCTCGATGCAT-1,donor1,15
donor1_ATACTTCTCGGACAAG-1,donor1,1
donor1_ATACTTCTCTGATGGT-1,donor1,0
donor1_ATAGACCAGTGCAAAT-1,donor1,3
donor1_ATAGACCCAGGGAGAG-1,donor1,0
donor1_ATAGACCGTTCCACGG-1,donor1,6
donor1_ATAGACCTCACTCGAA-1,donor1,19
donor1_ATAGACCTCATTTGTC-1,donor1,1
donor1_ATAGAGAAGATGAAGG-1,donor1,12
donor1_ATAGAGAAGGCATTTC-1,donor1,3
donor1_ATAGAGAAGGCCTGCT-1,donor1,21
donor1_ATAGAGAGTCCCGTGA-1,donor1,17
donor1_ATAGAGAGTGGGTATG-1,donor1,9
donor1_ATAGGCTAGAACAAGG-1,donor1,11
donor1_ATAGGCTAGCGTACAG-1,donor1,20
donor1_ATAGGCTGTCGAACGA-1,donor1,18
donor1_ATAGGCTGTGGCTAGA-1,donor1,13
donor1_ATAGGCTTCAGCATTG-1,donor1,18
donor1_ATAGGCTTCATAGAGA-1,donor1,12
donor1_ATAGGCTTCTCTCTAA-1,donor1,8
donor1_ATAGGCTTCTTCACGC-1,donor1,0
donor1_ATATCCTAGATGAATC-1,donor1,19
donor1_ATATCCTAGGGCCCTT-1,donor1,3
donor1_ATATCCTAGTACTGTC-1,donor1,21
donor1_ATCACAGAGCGAGGAG-1,donor1,18
donor1_ATCACAGAGTGATAGT-1,donor1,16
donor1_ATCACAGAGTTAACGA-1,donor1,2
donor1_ATCACAGCACAGTCAT-1,donor1,5
donor1_ATCACAGGTCACTCTC-1,donor1,6
donor1_ATCACAGTCACTTGGA-1,donor1,21
donor1_ATCACGAGTACACTCA-1,donor1,18
donor1_ATCACGAGTCTGCATA-1,donor1,19
donor1_ATCACTTAGTGCAGGT-1,donor1,6
donor1_ATCACTTCAAGTTTGC-1,donor1,18
donor1_ATCACTTGTGATACCT-1,donor1,3
donor1_ATCACTTGTGGCTTGC-1,donor1,6
donor1_ATCACTTTCAACACGT-1,donor1,0
donor1_ATCACTTTCACTGCTC-1,donor1,18
donor1_ATCACTTTCGCATTGA-1,donor1,21
donor1_ATCACTTTCGGTCACG-1,donor1,20
donor1_ATCAGGTCAAGTGCTT-1,donor1,13
donor1_ATCAGGTGTAACTGCT-1,donor1,6
donor1_ATCAGGTTCCCGTGTT-1,donor1,10
donor1_ATCAGGTTCCTGGGAC-1,donor1,20
donor1_ATCATTCAGATGGGCT-1,donor1,6
donor1_ATCATTCCAGCCATTA-1,donor1,9
donor1_ATCATTCCATTGAGCT-1,donor1,21
donor1_ATCATTCGTCTAACTG-1,donor1,17
donor1_ATCATTCTCAAAGCCT-1,donor1,5
donor1_ATCATTCTCGCTAATG-1,donor1,8
donor1_ATCCACCCAAGGGCAT-1,donor1,3
donor1_ATCCACCCACTAACCA-1,donor1,12
donor1_ATCCACCCACTGGATT-1,donor1,0
donor1_ATCCACCCAGATACTC-1,donor1,3
donor1_ATCCACCGTTCATCGA-1,donor1,21
donor1_ATCCACCGTTGGATCT-1,donor1,11
donor1_ATCCACCTCAGGAGAC-1,donor1,22
donor1_ATCCACCTCCTTATCA-1,donor1,20
donor1_ATCCACCTCGTAGTCA-1,donor1,6
donor1_ATCCACCTCTTCCGTG-1,donor1,21
donor1_ATCCATTAGGATCATA-1,donor1,5
donor1_ATCCATTGTAAGATTG-1,donor1,17
donor1_ATCCATTGTAAGTTAG-1,donor1,21
donor1_ATCCATTGTAGTGGCA-1,donor1,22
donor1_ATCCATTGTGGGTCAA-1,donor1,12
donor1_ATCCATTTCCATGATG-1,donor1,20
donor1_ATCCCTGAGATTGACA-1,donor1,6
donor1_ATCCCTGAGCGGACAT-1,donor1,18
donor1_ATCCCTGAGTGTAGAT-1,donor1,0
donor1_ATCCCTGCAGAGACTG-1,donor1,16
donor1_ATCCCTGGTACGCTTA-1,donor1,21
donor1_ATCCCTGTCGTCTACC-1,donor1,3
donor1_ATCCGTCCACAGTGTT-1,donor1,8
donor1_ATCCGTCGTCGTAATC-1,donor1,6
donor1_ATCCGTCGTTGTGTAC-1,donor1,13
donor1_ATCCGTCTCCATAAGC-1,donor1,0
donor1_ATCCGTCTCTCTTAAC-1,donor1,20
donor1_ATCCTATAGATGTAGT-1,donor1,21
donor1_ATCCTATAGCTCAGAG-1,donor1,17
donor1_ATCCTATAGTAACCTC-1,donor1,3
donor1_ATCCTATCAACGGGTA-1,donor1,5
donor1_ATCCTATCAATAACGA-1,donor1,8
donor1_ATCCTATTCACTCGAA-1,donor1,15
donor1_ATCCTATTCTCCAATT-1,donor1,2
donor1_ATCGATGCAATGGCAG-1,donor1,6
donor1_ATCGATGCATGTCTAG-1,donor1,8
donor1_ATCGATGGTAGAGACC-1,donor1,0
donor1_ATCGATGGTATTGACC-1,donor1,19
donor1_ATCGATGTCCATCTAT-1,donor1,6
donor1_ATCGATGTCTCCTGAC-1,donor1,2
donor1_ATCGCCTAGAACCCGA-1,donor1,21
donor1_ATCGCCTAGATGAATC-1,donor1,13
donor1_ATCGCCTAGCTACTAC-1,donor1,22
donor1_ATCGCCTCAATGGGTG-1,donor1,17
donor1_ATCGCCTGTCTCACAA-1,donor1,3
donor1_ATCGCCTGTGCATGAG-1,donor1,17
donor1_ATCGCCTGTGGAAATT-1,donor1,3
donor1_ATCGGATAGACATGCG-1,donor1,16
donor1_ATCGGATGTAGCTAAA-1,donor1,25
donor1_ATCGGATGTATTGGCT-1,donor1,2
donor1_ATCGGATGTCGTCTCT-1,donor1,0
donor1_ATCGGATTCGAAGTGG-1,donor1,6
donor1_ATCGGCGAGCCGAACA-1,donor1,12
donor1_ATCGGCGAGTATGAAC-1,donor1,8
donor1_ATCGGCGAGTTTCAGC-1,donor1,0
donor1_ATCGGCGCAATGTTGC-1,donor1,8
donor1_ATCGGCGTCCTCGCAT-1,donor1,21
donor1_ATCGTAGAGAGTCTTC-1,donor1,0
donor1_ATCGTAGGTCCCTCAT-1,donor1,18
donor1_ATCGTAGGTTAGAAAC-1,donor1,0
donor1_ATCGTAGTCATGAGAA-1,donor1,0
donor1_ATCGTAGTCGCGTTTC-1,donor1,3
donor1_ATCGTCCCACATTCGA-1,donor1,13
donor1_ATCGTCCCATGTCGTA-1,donor1,17
donor1_ATCGTCCTCTGCTAGA-1,donor1,0
donor1_ATCGTGAAGACGGATC-1,donor1,3
donor1_ATCGTGAAGACTCTAC-1,donor1,20
donor1_ATCGTGAAGCGGTATG-1,donor1,12
donor1_ATCGTGAAGTCCCTAA-1,donor1,3
donor1_ATCGTGAAGTTCCGTA-1,donor1,21
donor1_ATCTCTACACCCTATC-1,donor1,10
donor1_ATCTCTACAGTGGTGA-1,donor1,3
donor1_ATCTCTACAGTTAGGG-1,donor1,8
donor1_ATCTCTAGTAATACCC-1,donor1,21
donor1_ATCTCTAGTCATGCAT-1,donor1,21
donor1_ATCTCTATCTGCGAGC-1,donor1,8
donor1_ATCTTCAAGAATCTAG-1,donor1,8
donor1_ATCTTCAAGACTAAGT-1,donor1,3
donor1_ATCTTCAAGGTGAGAA-1,donor1,9
donor1_ATCTTCAAGTATGAAC-1,donor1,22
donor1_ATCTTCACAACTGCTA-1,donor1,12
donor1_ATCTTCATCGGAGATG-1,donor1,15
donor1_ATCTTCATCGGTAGAG-1,donor1,12
donor1_ATGAAAGAGCTCTATG-1,donor1,2
donor1_ATGAAAGAGTTTCTTC-1,donor1,9
donor1_ATGAAAGCAGTCAGCC-1,donor1,12
donor1_ATGAAAGGTAACTAAG-1,donor1,3
donor1_ATGAAAGGTTTGCAGT-1,donor1,0
donor1_ATGAAAGTCAAAGGTA-1,donor1,21
donor1_ATGAAAGTCCTTCTTC-1,donor1,13
donor1_ATGAAAGTCTGCCCTA-1,donor1,19
donor1_ATGACCACAGTTTCAG-1,donor1,12
donor1_ATGACCAGTCAGGCAA-1,donor1,20
donor1_ATGACCATCGCGGACT-1,donor1,2
donor1_ATGACCATCTCCATAT-1,donor1,6
donor1_ATGAGGGCAGGGTTGA-1,donor1,2
donor1_ATGAGGGCATGACAGG-1,donor1,8
donor1_ATGAGGGGTACGCTAT-1,donor1,0
donor1_ATGAGGGGTAGAGACC-1,donor1,21
donor1_ATGAGGGGTAGCTGTT-1,donor1,18
donor1_ATGAGGGTCCCTCATG-1,donor1,17
donor1_ATGAGTCAGCACACAG-1,donor1,19
donor1_ATGAGTCAGGGCAGGA-1,donor1,12
donor1_ATGAGTCAGTTCATCG-1,donor1,3
donor1_ATGAGTCCACTTGAAC-1,donor1,21
donor1_ATGAGTCCAGATACTC-1,donor1,3
donor1_ATGAGTCGTGATTGGG-1,donor1,2
donor1_ATGAGTCGTGCCCAGT-1,donor1,0
donor1_ATGATCGCAGTAACGG-1,donor1,21
donor1_ATGATCGGTGGGTATG-1,donor1,3
donor1_ATGCATGTCACCTCTG-1,donor1,21
donor1_ATGCCTCAGAGCCGTA-1,donor1,13
donor1_ATGCCTCAGCTGAAGC-1,donor1,6
donor1_ATGCCTCAGTAAACTG-1,donor1,17
donor1_ATGCCTCAGTCCCAGC-1,donor1,0
donor1_ATGCCTCAGTTAGAAC-1,donor1,2
donor1_ATGCCTCCAAGATGTA-1,donor1,3
donor1_ATGCCTCCACGCTGAC-1,donor1,2
donor1_ATGCCTCCAGACCTGC-1,donor1,20
donor1_ATGCCTCCATTCGGGC-1,donor1,21
donor1_ATGCCTCGTAGTCTTG-1,donor1,18
donor1_ATGCCTCTCGTTGTAG-1,donor1,3
donor1_ATGCGATAGGACCCAA-1,donor1,19
donor1_ATGCGATGTAGTCTTG-1,donor1,3
donor1_ATGCGATGTGCAAGAC-1,donor1,3
donor1_ATGCGATTCGCGCTGA-1,donor1,14
donor1_ATGCGATTCGGTAGAG-1,donor1,4
donor1_ATGGAGGCATCGGAAG-1,donor1,12
donor1_ATGGAGGTCTACGCAA-1,donor1,8
donor1_ATGGATCGTATCGCTA-1,donor1,8
donor1_ATGGATCTCTTACGTT-1,donor1,12
donor1_ATGGGAGAGACGTCCC-1,donor1,13
donor1_ATGGGAGCACCGTACG-1,donor1,15
donor1_ATGGGAGCATATGGCT-1,donor1,13
donor1_ATGGGTTCAAGAAACT-1,donor1,15
donor1_ATGGGTTCACCGGCTA-1,donor1,6
donor1_ATGGGTTGTAACAGGC-1,donor1,11
donor1_ATGGGTTTCGTGCTCT-1,donor1,3
donor1_ATGGTTGAGAGCAGTC-1,donor1,20
donor1_ATGGTTGAGCAACTCT-1,donor1,19
donor1_ATGGTTGGTGTCTTGA-1,donor1,21
donor1_ATGGTTGGTGTGACCC-1,donor1,0
donor1_ATGGTTGGTTGGGCCT-1,donor1,6
donor1_ATGGTTGTCAAGAATG-1,donor1,3
donor1_ATGGTTGTCACCCTTG-1,donor1,17
donor1_ATGTCCCCAGGGTCTC-1,donor1,13
donor1_ATGTCCCCATTGGCAT-1,donor1,20
donor1_ATGTCTTCAACGCATT-1,donor1,11
donor1_ATGTCTTCAATGTCAC-1,donor1,6
donor1_ATGTCTTCAGACGATG-1,donor1,0
donor1_ATGTCTTGTGAGCGAT-1,donor1,8
donor1_ATGTCTTGTTGATGTC-1,donor1,13
donor1_ATTACCTAGGACAAGA-1,donor1,0
donor1_ATTACCTCAACGGCCT-1,donor1,18
donor1_ATTACCTCATGGCCAC-1,donor1,20
donor1_ATTACCTGTCTCCCTA-1,donor1,11
donor1_ATTACCTTCATCACTT-1,donor1,15
donor1_ATTACCTTCGGCATAT-1,donor1,21
donor1_ATTACCTTCTCGTCAC-1,donor1,8
donor1_ATTACTCCAGCGTTTA-1,donor1,3
donor1_ATTACTCCATGACGTT-1,donor1,5
donor1_ATTACTCGTATGGAGC-1,donor1,20
donor1_ATTACTCGTCGATTTG-1,donor1,3
donor1_ATTACTCTCAGTGCGC-1,donor1,0
donor1_ATTATCCAGAGGATCC-1,donor1,3
donor1_ATTATCCAGCAAGTGC-1,donor1,11
donor1_ATTATCCAGTGATGGC-1,donor1,0
donor1_ATTATCCGTTCCACAA-1,donor1,6
donor1_ATTATCCTCCTTCTTC-1,donor1,13
donor1_ATTATCCTCTAGTACG-1,donor1,17
donor1_ATTCACTAGATAGCTA-1,donor1,20
donor1_ATTCACTTCAAGTGTC-1,donor1,2
donor1_ATTCACTTCACTACTT-1,donor1,21
donor1_ATTCACTTCTAGACCA-1,donor1,18
donor1_ATTCAGGAGAAGCTGC-1,donor1,2
donor1_ATTCAGGAGGGAGATA-1,donor1,21
donor1_ATTCAGGGTACCGTCG-1,donor1,2
donor1_ATTCAGGGTACTCCGG-1,donor1,5
donor1_ATTCAGGGTGCCGTTG-1,donor1,4
donor1_ATTCAGGTCAGACCGC-1,donor1,17
donor1_ATTCATCAGCATCCTA-1,donor1,0
donor1_ATTCATCAGGCCACCT-1,donor1,17
donor1_ATTCATCGTCGCAACC-1,donor1,17
donor1_ATTCATCGTGGGCTTC-1,donor1,8
donor1_ATTCATCGTGTGTCCG-1,donor1,0
donor1_ATTCCATAGAAGGCTC-1,donor1,6
donor1_ATTCCATCACTACCCT-1,donor1,2
donor1_ATTCCATGTAGACGGT-1,donor1,11
donor1_ATTCCATGTTGGGTAG-1,donor1,2
donor1_ATTCCATTCTGGTCAA-1,donor1,0
donor1_ATTCCCGCATAGCTGT-1,donor1,3
donor1_ATTCCCGGTCCACACG-1,donor1,22
donor1_ATTCCTAAGTCGAAAT-1,donor1,13
donor1_ATTCCTACACCCTAAA-1,donor1,12
donor1_ATTCCTAGTAATCAAG-1,donor1,17
donor1_ATTCCTATCAAGATAG-1,donor1,0
donor1_ATTCCTATCAAGTGGG-1,donor1,6
donor1_ATTCCTATCCACATAG-1,donor1,16
donor1_ATTCCTATCGCCCAGA-1,donor1,11
donor1_ATTCGTTAGTAAAGCT-1,donor1,21
donor1_ATTCGTTAGTCCGCGT-1,donor1,2
donor1_ATTCGTTCAACCACGC-1,donor1,2
donor1_ATTCGTTCACACCTTC-1,donor1,20
donor1_ATTCGTTGTCCAAAGG-1,donor1,13
donor1_ATTCGTTTCTACCCAC-1,donor1,4
donor1_ATTCTACAGATCGCTT-1,donor1,17
donor1_ATTCTACAGCATCTTG-1,donor1,20
donor1_ATTCTACAGGCTTTCA-1,donor1,21
donor1_ATTCTACAGTTGCGAG-1,donor1,2
donor1_ATTCTACCAAACCGGA-1,donor1,8
donor1_ATTCTACCACGACAAG-1,donor1,1
donor1_ATTCTACGTTAAGAAC-1,donor1,0
donor1_ATTCTACGTTAATGAG-1,donor1,5
donor1_ATTCTACTCAGCACCG-1,donor1,17
donor1_ATTCTACTCAGTGGGA-1,donor1,8
donor1_ATTCTACTCGATAACC-1,donor1,13
donor1_ATTCTACTCGCAAGAG-1,donor1,19
donor1_ATTCTACTCGGACGTC-1,donor1,2
donor1_ATTCTACTCTACAGGT-1,donor1,17
donor1_ATTCTTGAGGTTGACG-1,donor1,1
donor1_ATTCTTGCAGTGGGTA-1,donor1,21
donor1_ATTCTTGTCAAGCTTG-1,donor1,15
donor1_ATTGGGTAGCTATCTG-1,donor1,2
donor1_ATTGGGTCACTCCACT-1,donor1,18
donor1_ATTGGGTGTCGTTGCG-1,donor1,13
donor1_ATTGGGTGTCTGTGAT-1,donor1,5
donor1_ATTGGGTTCCTGTAGA-1,donor1,0
donor1_ATTGGGTTCGTGGGAA-1,donor1,11
donor1_ATTGTTCAGAATTTGG-1,donor1,17
donor1_ATTGTTCAGAGGTCAC-1,donor1,13
donor1_ATTGTTCAGATGCTAA-1,donor1,25
donor1_ATTGTTCCAATTTCGG-1,donor1,6
donor1_ATTGTTCCACATTGTG-1,donor1,12
donor1_ATTGTTCTCGAGTCCG-1,donor1,20
donor1_ATTGTTCTCTTACTGT-1,donor1,13
donor1_ATTGTTCTCTTCGACC-1,donor1,0
donor1_ATTTACCAGATGTTCC-1,donor1,21
donor1_ATTTACCAGGTAAGGA-1,donor1,13
donor1_ATTTACCCAAGATGGC-1,donor1,17
donor1_ATTTACCCACCACATA-1,donor1,17
donor1_ATTTACCCAGAATTCC-1,donor1,17
donor1_ATTTACCGTAACACGG-1,donor1,8
donor1_ATTTACCGTCACCGAC-1,donor1,13
donor1_ATTTACCTCCTAAGTG-1,donor1,3
donor1_ATTTACCTCTTAGGAC-1,donor1,3
donor1_ATTTCACAGCCAACCC-1,donor1,20
donor1_ATTTCACAGGTCATCT-1,donor1,17
donor1_ATTTCACCAAGCACCC-1,donor1,1
donor1_ATTTCACCAGAGTGAC-1,donor1,18
donor1_ATTTCACGTCTAGATC-1,donor1,15
donor1_ATTTCACTCAACACCA-1,donor1,3
donor1_ATTTCACTCTCGCGTT-1,donor1,2
donor1_ATTTCTGAGGCGTTAG-1,donor1,0
donor1_ATTTCTGCAGAACTCT-1,donor1,0
donor1_ATTTCTGCAGACACCC-1,donor1,1
donor1_ATTTCTGTCATGAGAA-1,donor1,20
donor1_ATTTCTGTCCGACATA-1,donor1,18
donor1_CAAAGAAAGGTGCATG-1,donor1,20
donor1_CAAAGAAAGTAAAGCT-1,donor1,2
donor1_CAAAGAAGTCTTCGAA-1,donor1,12
donor1_CAAAGAAGTGGCAACA-1,donor1,13
donor1_CAACAACAGCTAGATA-1,donor1,2
donor1_CAACAACAGGCGCTTC-1,donor1,2
donor1_CAACAACAGTCGAAGC-1,donor1,2
donor1_CAACAACAGTTCCTGA-1,donor1,20
donor1_CAACAACCACCCTGTT-1,donor1,4
donor1_CAACAACCATACTGTG-1,donor1,12
donor1_CAACAACGTGGCCTCA-1,donor1,14
donor1_CAACAACGTTTCACTT-1,donor1,1
donor1_CAACAACTCGTCAAAC-1,donor1,8
donor1_CAACAGTAGCTGGCTC-1,donor1,17
donor1_CAACAGTAGGCACTAG-1,donor1,3
donor1_CAACAGTAGGGCTAAC-1,donor1,0
donor1_CAACCAACACACTGGC-1,donor1,20
donor1_CAACCAACACCTCTAC-1,donor1,17
donor1_CAACCAACAGAGGTAC-1,donor1,6
donor1_CAACCAACATGTAACC-1,donor1,18
donor1_CAACCAATCACGGTCG-1,donor1,2
donor1_CAACCAATCCGATGCG-1,donor1,0
donor1_CAACCAATCGAGTGGA-1,donor1,16
donor1_CAACCTCGTAGAGGAA-1,donor1,13
donor1_CAACCTCGTGCGTCGT-1,donor1,9
donor1_CAACCTCTCAGCGCGT-1,donor1,18
donor1_CAACCTCTCGTGAGAG-1,donor1,3
donor1_CAACGATAGGTTGAGC-1,donor1,3
donor1_CAACGATCAAAGGTTA-1,donor1,3
donor1_CAACGATCACTGGAAG-1,donor1,8
donor1_CAACGATCACTGGACC-1,donor1,20
donor1_CAACGGCAGGCGAAGG-1,donor1,16
donor1_CAACGGCCATTCAGCA-1,donor1,20
donor1_CAACGGCCATTGCCTC-1,donor1,2
donor1_CAACGGCTCTACTCAT-1,donor1,17
donor1_CAACGGCTCTGTGCTC-1,donor1,17
donor1_CAAGACTAGATGAAGG-1,donor1,20
donor1_CAAGACTCACGTTGGC-1,donor1,20
donor1_CAAGACTCAGATGCGA-1,donor1,11
donor1_CAAGACTCATAGAAAC-1,donor1,6
donor1_CAAGACTGTCCGATCG-1,donor1,6
donor1_CAAGACTGTGCCAAGA-1,donor1,3
donor1_CAAGACTGTGCCTGAC-1,donor1,3
donor1_CAAGACTGTTCCAAAC-1,donor1,0
donor1_CAAGACTTCGAAATCC-1,donor1,21
donor1_CAAGACTTCTGCTTTA-1,donor1,21
donor1_CAAGAGGAGCGACTGA-1,donor1,6
donor1_CAAGAGGGTGCATCTA-1,donor1,17
donor1_CAAGAGGTCCGAGTGC-1,donor1,0
donor1_CAAGCTAAGAGCATTA-1,donor1,11
donor1_CAAGCTACACCTATCC-1,donor1,15
donor1_CAAGCTATCGACCATA-1,donor1,15
donor1_CAAGCTATCTGGTCAA-1,donor1,3
donor1_CAAGGGAGTAGACACG-1,donor1,20
donor1_CAAGGGAGTATAGGAT-1,donor1,21
donor1_CAAGGGAGTGTTAACC-1,donor1,19
donor1_CAAGGGATCAAGAATG-1,donor1,15
donor1_CAATACGAGAAATCCA-1,donor1,0
donor1_CAATACGCAACACACT-1,donor1,6
donor1_CAATACGCAAGGTACG-1,donor1,21
donor1_CAATACGCAGGCATTT-1,donor1,0
donor1_CAATACGGTAGAGATT-1,donor1,2
donor1_CAATACGTCACCTCGT-1,donor1,17
donor1_CAATACGTCTTTACAC-1,donor1,5
donor1_CAATCGAAGAACCGCA-1,donor1,2
donor1_CAATCGACACAGCCTG-1,donor1,17
donor1_CAATCGACAGGTTTAC-1,donor1,6
donor1_CAATCGAGTACAAAGT-1,donor1,17
donor1_CAATCGATCCAGTTCC-1,donor1,1
donor1_CAATCGATCGACGCTG-1,donor1,21
donor1_CAATCGATCGTGGGAA-1,donor1,19
donor1_CAATGACAGCGTTACT-1,donor1,13
donor1_CAATGACCAACGGTAG-1,donor1,13
donor1_CAATGACCACTGTCCT-1,donor1,21
donor1_CAATGACCAGGCATTT-1,donor1,8
donor1_CAATGACGTCGGTGAA-1,donor1,17
donor1_CAATGACTCAGCCTCT-1,donor1,20
donor1_CAATTTCCAACATCGT-1,donor1,12
donor1_CAATTTCCAAGCGAAC-1,donor1,11
donor1_CAATTTCCAGCATCTA-1,donor1,14
donor1_CAATTTCCAGTTAGAA-1,donor1,6
donor1_CAATTTCGTTCGGTAT-1,donor1,2
donor1_CACAACAAGACATGCG-1,donor1,11
donor1_CACAACAAGCTCTATG-1,donor1,3
donor1_CACAACACATGGCTAT-1,donor1,8
donor1_CACAACAGTCGTGTTA-1,donor1,8
donor1_CACAACAGTGACACGA-1,donor1,0
donor1_CACAACATCTTACGGA-1,donor1,16
donor1_CACACAACAAGACCGA-1,donor1,21
donor1_CACACAAGTGAGCCAA-1,donor1,2
donor1_CACAGATAGAGGCCAT-1,donor1,2
donor1_CACAGATTCCGAGGCT-1,donor1,0
donor1_CACAGATTCTGGCCTT-1,donor1,19
donor1_CACAGGCAGAGTCTTC-1,donor1,21
donor1_CACAGGCCACTGTTCC-1,donor1,3
donor1_CACAGGCGTTGGGACA-1,donor1,13
donor1_CACAGGCGTTTACGTG-1,donor1,18
donor1_CACAGGCTCAAGCTGT-1,donor1,5
donor1_CACAGGCTCACGACTA-1,donor1,1
donor1_CACATGAAGCTGACAG-1,donor1,2
donor1_CACATGACAGTGTGCC-1,donor1,18
donor1_CACATGAGTTCCCAAA-1,donor1,3
donor1_CACATGATCCTCTAAT-1,donor1,8
donor1_CACATGATCGAGGCAA-1,donor1,16
donor1_CACCAAAAGCATAGGC-1,donor1,3
donor1_CACCAAACAAGCGAAC-1,donor1,12
donor1_CACCAAACACTTGTCC-1,donor1,13
donor1_CACCAAAGTAAGATTG-1,donor1,8
donor1_CACCAAAGTCCGGATC-1,donor1,21
donor1_CACCAAAGTGCATGTT-1,donor1,5
donor1_CACCAAAGTGTATACC-1,donor1,2
donor1_CACCAAAGTTTGAACC-1,donor1,0
donor1_CACCAAATCAGATTGC-1,donor1,0
donor1_CACCGTTCACGGTCTG-1,donor1,6
donor1_CACCGTTTCAACTGAC-1,donor1,13
donor1_CACGAATGTACACTCA-1,donor1,13
donor1_CACGAATGTAGGTAGC-1,donor1,17
donor1_CACGAATGTCTCGGGT-1,donor1,17
donor1_CACGAATTCTATCGCC-1,donor1,1
donor1_CACGGGTCACGTCATA-1,donor1,13
donor1_CACGGGTCAGAGGAAA-1,donor1,20
donor1_CACGGGTGTAGGGAGG-1,donor1,21
donor1_CACGGGTGTGCCGGTT-1,donor1,21
donor1_CACGGGTGTGGTATGG-1,donor1,15
donor1_CACGGGTTCAAGAAAC-1,donor1,3
donor1_CACGGGTTCCAAGCCG-1,donor1,13
donor1_CACGGGTTCGCAATTG-1,donor1,6
donor1_CACGGGTTCTTTGCGC-1,donor1,18
donor1_CACGTGGAGAGAGTTT-1,donor1,20
donor1_CACGTGGAGATGGCAC-1,donor1,11
donor1_CACGTGGAGTAGTGCG-1,donor1,14
donor1_CACGTGGCAGGTGTTT-1,donor1,9
donor1_CACGTGGGTCGCATGC-1,donor1,17
donor1_CACGTGGTCAAAGCCT-1,donor1,3
donor1_CACGTGGTCAGCTGTA-1,donor1,12
donor1_CACGTGGTCCGGTAGC-1,donor1,17
donor1_CACGTGGTCCTACCAC-1,donor1,8
donor1_CACGTGGTCGGTAGGA-1,donor1,2
donor1_CACGTGGTCTCGAGTA-1,donor1,13
donor1_CACGTTCAGATTTGCC-1,donor1,13
donor1_CACGTTCAGTCTAGCT-1,donor1,21
donor1_CACGTTCAGTGCTCAT-1,donor1,17
donor1_CACGTTCCAAACCGGA-1,donor1,13
donor1_CACGTTCGTACTTGTG-1,donor1,18
donor1_CACGTTCGTTGTAGCT-1,donor1,3
donor1_CACTAAGAGCTTGTTG-1,donor1,8
donor1_CACTAAGAGGCCTTCG-1,donor1,25
donor1_CACTAAGTCATTCCTA-1,donor1,8
donor1_CACTAAGTCTGGTTGA-1,donor1,13
donor1_CACTGAACAGAGCGTA-1,donor1,13
donor1_CACTGAAGTAACCAGG-1,donor1,0
donor1_CACTGAAGTAGCTCGC-1,donor1,0
donor1_CACTGAATCCTCACGT-1,donor1,15
donor1_CACTGAATCTGGTTGA-1,donor1,12
donor1_CACTGGGAGCATACTC-1,donor1,2
donor1_CACTGGGGTCTCAGAT-1,donor1,8
donor1_CACTGGGGTTTCCAAG-1,donor1,4
donor1_CACTGTCCAAGCCCAC-1,donor1,8
donor1_CACTGTCTCCCAACTC-1,donor1,15
donor1_CACTGTCTCCGAAATC-1,donor1,17
donor1_CACTGTCTCTCATAGG-1,donor1,13
donor1_CACTGTCTCTCCTACG-1,donor1,0
donor1_CACTTCGAGACCGTTT-1,donor1,12
donor1_CACTTCGAGCCATATC-1,donor1,18
donor1_CACTTCGCAATGAACA-1,donor1,21
donor1_CACTTCGCATGAATCC-1,donor1,0
donor1_CACTTCGTCAGCAATC-1,donor1,13
donor1_CAGAGCCAGACAGCGT-1,donor1,16
donor1_CAGAGCCAGCATGCAG-1,donor1,2
donor1_CAGAGCCAGCGCTGCT-1,donor1,0
donor1_CAGAGCCAGGCTAAAT-1,donor1,17
donor1_CAGAGCCAGTCGGCCT-1,donor1,18
donor1_CAGAGCCCAGAGCCCT-1,donor1,3
donor1_CAGAGCCCAGCCTTCT-1,donor1,3
donor1_CAGAGCCCATCGCTCT-1,donor1,0
donor1_CAGAGCCGTAGACGGT-1,donor1,2
donor1_CAGAGCCTCATCCTAT-1,donor1,9
donor1_CAGAGCCTCCGACATA-1,donor1,17
donor1_CAGAGCCTCTCCAAGA-1,donor1,17
donor1_CAGAGCCTCTCGGTCT-1,donor1,4
donor1_CAGATACAGCGCCTTG-1,donor1,5
donor1_CAGATACAGTAGGAAG-1,donor1,8
donor1_CAGATACCACCAGACC-1,donor1,18
donor1_CAGATACCATGACTTG-1,donor1,17
donor1_CAGATACCATGTCAGT-1,donor1,2
donor1_CAGATCAAGGCAGGGA-1,donor1,0
donor1_CAGATCAAGGTGCATG-1,donor1,20
donor1_CAGATCACAGCGGTTC-1,donor1,21
donor1_CAGATCACATTCCTAT-1,donor1,17
donor1_CAGATCATCGCTTGCT-1,donor1,2
donor1_CAGATTGCAGCTTTGA-1,donor1,21
donor1_CAGATTGGTCAGTTTG-1,donor1,0
donor1_CAGATTGTCCGTGACG-1,donor1,6
donor1_CAGATTGTCTGTAACG-1,donor1,14
donor1_CAGCAATTCTTTCGAT-1,donor1,19
donor1_CAGCACGAGGGCAGTT-1,donor1,10
donor1_CAGCACGCAAATGATG-1,donor1,21
donor1_CAGCACGCACAGCCAC-1,donor1,2
donor1_CAGCACGCACAGTGAG-1,donor1,21
donor1_CAGCACGGTCCAAGAG-1,donor1,5
donor1_CAGCACGGTCGTGGAA-1,donor1,17
donor1_CAGCACGGTGCCTACG-1,donor1,13
donor1_CAGCACGGTGCTAGCC-1,donor1,1
donor1_CAGCACGGTGGACAGT-1,donor1,13
donor1_CAGCACGTCCCTCTCC-1,donor1,2
donor1_CAGCACGTCTAGCCTC-1,donor1,3
donor1_CAGCAGCCAGTCCGTG-1,donor1,21
donor1_CAGCAGCCATCCGCGA-1,donor1,2
donor1_CAGCCAGCACTATGTG-1,donor1,8
donor1_CAGCCAGTCATCTATC-1,donor1,6
donor1_CAGCCAGTCTGTGCTC-1,donor1,15
donor1_CAGCGTGAGCCTTCTC-1,donor1,14
donor1_CAGCGTGGTGGCATCC-1,donor1,17
donor1_CAGCGTGTCAAGTGTC-1,donor1,20
donor1_CAGCGTGTCACTGAAC-1,donor1,20
donor1_CAGCGTGTCAGACCCG-1,donor1,2
donor1_CAGCGTGTCATATGGC-1,donor1,17
donor1_CAGCGTGTCTATCGGA-1,donor1,21
donor1_CAGCGTGTCTTACGGA-1,donor1,20
donor1_CAGGCCAAGAGGTCAC-1,donor1,18
donor1_CAGGCCAAGTCATGGG-1,donor1,0
donor1_CAGGCCAGTCAAGGCA-1,donor1,15
donor1_CAGGCCATCCAAAGGG-1,donor1,17
donor1_CAGGCCATCGCGAAGA-1,donor1,9
donor1_CAGGGCTCAACAAGAT-1,donor1,20
donor1_CAGGGCTCACCTGAAT-1,donor1,21
donor1_CAGGGCTCAGTATGAA-1,donor1,14
donor1_CAGGGCTTCCTGTTAT-1,donor1,0
donor1_CAGGGCTTCGATAACC-1,donor1,6
donor1_CAGGTATAGCCAGACA-1,donor1,6
donor1_CAGGTATCAAACAGGC-1,donor1,2
donor1_CAGGTATCATGACACT-1,donor1,4
donor1_CAGGTATGTCACTTCC-1,donor1,16
donor1_CAGTGCGAGTTGCCTA-1,donor1,8
donor1_CAGTGCGCAAGTGGCA-1,donor1,16
donor1_CAGTGCGCAATGGCCC-1,donor1,18
donor1_CAGTGCGGTGACAGCA-1,donor1,3
donor1_CAGTTAGAGAAGTATC-1,donor1,3
donor1_CAGTTAGAGGGTACGT-1,donor1,5
donor1_CAGTTAGAGTGACCTT-1,donor1,20
donor1_CAGTTAGCACATGAAA-1,donor1,0
donor1_CAGTTAGGTGCCTGCA-1,donor1,15
donor1_CAGTTCCAGATAGGGA-1,donor1,2
donor1_CAGTTCCCAAAGAACT-1,donor1,3
donor1_CAGTTCCCAGTCACGC-1,donor1,20
donor1_CAGTTCCGTCCGGCAT-1,donor1,21
donor1_CAGTTCCGTCGGAAAC-1,donor1,0
donor1_CAGTTCCTCGTTCTAT-1,donor1,18
donor1_CATAAGCCACTACCCT-1,donor1,20
donor1_CATAAGCGTGCTCTCT-1,donor1,2
donor1_CATAAGCTCGTTAGTG-1,donor1,11
donor1_CATAAGCTCTGTCTCG-1,donor1,6
donor1_CATACAGAGTCATGGG-1,donor1,15
donor1_CATACAGCAGTAACGG-1,donor1,18
donor1_CATACAGTCACTACGA-1,donor1,13
donor1_CATACCCCACAAAGCG-1,donor1,2
donor1_CATACCCCAGAGTCAG-1,donor1,15
donor1_CATACCCTCAGGGATG-1,donor1,11
donor1_CATACCCTCGACATTG-1,donor1,15
donor1_CATACCCTCGACGACC-1,donor1,9
donor1_CATACTTAGAAACCCG-1,donor1,2
donor1_CATACTTAGAGTCGAC-1,donor1,17
donor1_CATACTTAGCGACTAG-1,donor1,17
donor1_CATACTTAGCGAGAAA-1,donor1,0
donor1_CATACTTCAAAGTATG-1,donor1,14
donor1_CATACTTCAGCTTTGA-1,donor1,13
donor1_CATACTTGTCTGCGCA-1,donor1,8
donor1_CATACTTTCTGTAACG-1,donor1,2
donor1_CATACTTTCTGTCGTC-1,donor1,0
donor1_CATAGACAGGACAGTC-1,donor1,12
donor1_CATAGACCAAATTGGA-1,donor1,0
donor1_CATAGACGTATTGCCA-1,donor1,3
donor1_CATCAAGCACTACAGT-1,donor1,0
donor1_CATCAAGGTAGAGATT-1,donor1,17
donor1_CATCAAGTCCACTTTA-1,donor1,21
donor1_CATCAAGTCGATGGAG-1,donor1,3
donor1_CATCCACCAGACGATG-1,donor1,12
donor1_CATCCACGTCGATTTG-1,donor1,9
donor1_CATCCACGTGCATCTA-1,donor1,0
donor1_CATCCCAAGTAAGGGA-1,donor1,0
donor1_CATCCCACAAGGTCGA-1,donor1,16
donor1_CATCCCACAGATAAAC-1,donor1,2
donor1_CATCCCATCCTACACC-1,donor1,22
donor1_CATCCGTGTCATAAAG-1,donor1,13
donor1_CATCCGTGTTCACCGG-1,donor1,2
donor1_CATCCGTGTTTGGAGG-1,donor1,13
donor1_CATCCGTTCGATACTG-1,donor1,3
donor1_CATCCGTTCTACGGGC-1,donor1,4
donor1_CATCGCTAGATCACCT-1,donor1,20
donor1_CATCGCTAGATTTGCC-1,donor1,0
donor1_CATCGCTAGTGGCCTC-1,donor1,16
donor1_CATCGCTCACCAGCTG-1,donor1,13
donor1_CATCGCTCACTCCCTA-1,donor1,13
donor1_CATCGCTCAGCCGTCA-1,donor1,6
donor1_CATCGCTCAGGACGAT-1,donor1,9
donor1_CATCGCTGTAGCTTTG-1,donor1,27
donor1_CATCGCTGTCTCAAGT-1,donor1,18
donor1_CATCGGGAGGAGTACC-1,donor1,19
donor1_CATCGGGAGTATGGCG-1,donor1,0
donor1_CATCGGGAGTCTGTAC-1,donor1,0
donor1_CATCGGGCAACATACC-1,donor1,12
donor1_CATCGGGCAGAATGTA-1,donor1,3
donor1_CATCGGGCATTCACAG-1,donor1,1
donor1_CATCGTCAGATGGGCT-1,donor1,2
donor1_CATCGTCAGTGGACTG-1,donor1,21
donor1_CATCGTCGTACGCTTA-1,donor1,15
donor1_CATCGTCGTAGCGTCC-1,donor1,21
donor1_CATCGTCTCACACCGG-1,donor1,17
donor1_CATCGTCTCGAAGTGG-1,donor1,6
donor1_CATCGTCTCTCGTCAC-1,donor1,12
donor1_CATGAGTAGTATGGAT-1,donor1,2
donor1_CATGAGTAGTCACTCA-1,donor1,25
donor1_CATGAGTGTAACTTCG-1,donor1,6
donor1_CATGCAATCACGAGGA-1,donor1,18
donor1_CATGCAATCGTTGCCT-1,donor1,8
donor1_CATGCAATCTCGGCTT-1,donor1,21
donor1_CATGCCTAGACAACTA-1,donor1,0
donor1_CATGCCTAGCCAAGTG-1,donor1,21
donor1_CATGCCTAGCGGTATG-1,donor1,0
donor1_CATGCCTCAGCACAAG-1,donor1,21
donor1_CATGCCTCAGGTCAGA-1,donor1,0
donor1_CATGCCTCATAGATGA-1,donor1,19
donor1_CATGCCTGTAGCTGTT-1,donor1,20
donor1_CATGCCTGTCTGCAAT-1,donor1,19
donor1_CATGCCTTCGCCTATC-1,donor1,1
donor1_CATGCGGAGAGCTGCA-1,donor1,11
donor1_CATGCGGAGTGATGGC-1,donor1,17
donor1_CATGCGGAGTTTCTTC-1,donor1,2
donor1_CATGCGGCACAACCGC-1,donor1,27
donor1_CATGCGGGTTAAGACA-1,donor1,3
donor1_CATGCGGGTTCCCAAA-1,donor1,20
donor1_CATGCGGGTTGTATGC-1,donor1,3
donor1_CATGCTCAGAGCATAT-1,donor1,13
donor1_CATGCTCAGGTGAGAA-1,donor1,17
donor1_CATGCTCCAAGACCTT-1,donor1,17
donor1_CATGCTCTCAAACCCA-1,donor1,21
donor1_CATGCTCTCCCTCAAC-1,donor1,21
donor1_CATGCTCTCCGAGAAG-1,donor1,21
donor1_CATGCTCTCCTTCTGG-1,donor1,21
donor1_CATGGATAGAACGCGT-1,donor1,4
donor1_CATGGATAGCCTGTCG-1,donor1,21
donor1_CATGGATCAACTGATC-1,donor1,21
donor1_CATGGATCAATGAAAC-1,donor1,21
donor1_CATGGATGTTCTCGTC-1,donor1,13
donor1_CATGGTAAGCGCTGCT-1,donor1,11
donor1_CATGGTACATTGCCTC-1,donor1,16
donor1_CATGGTAGTCCAAATC-1,donor1,0
donor1_CATGGTATCAGTGTCA-1,donor1,3
donor1_CATGGTATCGGTCAGC-1,donor1,20
donor1_CATTCATAGCGTTCCG-1,donor1,20
donor1_CATTCATGTGAGGATC-1,donor1,15
donor1_CATTCCGAGAATTCAG-1,donor1,3
donor1_CATTCCGAGGCCTAGA-1,donor1,17
donor1_CATTCCGAGTGTTGTC-1,donor1,8
donor1_CATTCCGCACATCCCT-1,donor1,3
donor1_CATTCCGCAGACACCC-1,donor1,21
donor1_CATTCCGGTCGTGGTC-1,donor1,19
donor1_CATTCCGTCCTACACC-1,donor1,21
donor1_CATTCTACACGTCGTG-1,donor1,20
donor1_CATTCTAGTACCGGCT-1,donor1,0
donor1_CATTCTAGTCAACCTA-1,donor1,2
donor1_CATTCTAGTGTTCATG-1,donor1,0
donor1_CATTCTATCAGCCCAG-1,donor1,20
donor1_CATTCTATCTCCTGCA-1,donor1,18
donor1_CATTGAGAGAGTGTTA-1,donor1,11
donor1_CATTGAGAGATTGATG-1,donor1,17
donor1_CATTGAGGTCACTGAT-1,donor1,17
donor1_CATTGAGGTCCAGAAG-1,donor1,2
donor1_CATTGAGGTGCGTCGT-1,donor1,5
donor1_CATTGAGTCCGTATGA-1,donor1,15
donor1_CATTGCCAGTTCCATG-1,donor1,0
donor1_CATTGCCCAGCCGTCA-1,donor1,15
donor1_CATTGCCGTTGAATCC-1,donor1,0
donor1_CATTGCCTCCCTCATG-1,donor1,0
donor1_CATTGCCTCGTGGACC-1,donor1,18
donor1_CATTGTTGTATCATGC-1,donor1,14
donor1_CATTGTTGTGCCGTAC-1,donor1,8
donor1_CATTGTTTCGAGAGAC-1,donor1,3
donor1_CATTTCAAGACCAGAC-1,donor1,13
donor1_CATTTCAAGCCGAATG-1,donor1,0
donor1_CATTTCAAGCGTGAGT-1,donor1,18
donor1_CATTTCAAGCTACTAC-1,donor1,15
donor1_CATTTCAGTTCTCCCA-1,donor1,6
donor1_CATTTCATCAGGAAAT-1,donor1,1
donor1_CATTTCATCGAGCCAC-1,donor1,16
donor1_CCAAGCGCAAGCAGGT-1,donor1,1
donor1_CCAAGCGGTAACGCGA-1,donor1,0
donor1_CCAAGCGTCGCTGTCT-1,donor1,3
donor1_CCAAGCGTCTCTTCAA-1,donor1,17
donor1_CCAATGACAGCGTGCT-1,donor1,2
donor1_CCAATGAGTCCCTGAG-1,donor1,21
donor1_CCAATGAGTTTACGTG-1,donor1,17
donor1_CCAATGATCCTTTGAT-1,donor1,8
donor1_CCAATGATCTAGTACG-1,donor1,21
donor1_CCAATTTAGCTAATCC-1,donor1,17
donor1_CCAATTTAGGCATGCA-1,donor1,21
donor1_CCAATTTAGGCTCACC-1,donor1,0
donor1_CCAATTTGTAGTGGCA-1,donor1,17
donor1_CCAATTTTCCTTCTAA-1,donor1,0
donor1_CCAATTTTCGTAACCA-1,donor1,13
donor1_CCACAAAAGCCACTCG-1,donor1,12
donor1_CCACAAACACAATGCT-1,donor1,17
donor1_CCACAAAGTGTATACC-1,donor1,20
donor1_CCACACTAGGTACAGC-1,donor1,20
donor1_CCACACTCACCTGTCT-1,donor1,8
donor1_CCACACTCACTGAGGA-1,donor1,19
donor1_CCACACTGTAGATCGG-1,donor1,5
donor1_CCACACTGTGGGACAT-1,donor1,11
donor1_CCACACTTCCATCTCG-1,donor1,3
donor1_CCACCATAGCTCGGCT-1,donor1,13
donor1_CCACCATCAATCCTTT-1,donor1,25
donor1_CCACCATGTATGCTAC-1,donor1,11
donor1_CCACCATTCGTCTAAG-1,donor1,16
donor1_CCACGAGAGGTGATCG-1,donor1,1
donor1_CCACGAGCACATCATG-1,donor1,21
donor1_CCACGAGCAGATCCTA-1,donor1,2
donor1_CCACGAGGTCCGAAGA-1,donor1,20
donor1_CCACGAGTCAAGTAAG-1,donor1,2
donor1_CCACGAGTCGAGATAA-1,donor1,0
donor1_CCACGAGTCGCAGAGA-1,donor1,2
donor1_CCACGAGTCGTCCTTG-1,donor1,0
donor1_CCACGAGTCTTCCTAA-1,donor1,17
donor1_CCACGTTAGCATTTGC-1,donor1,0
donor1_CCACGTTAGGTTCATC-1,donor1,17
donor1_CCACGTTTCACTCCGT-1,donor1,20
donor1_CCACGTTTCCACATAG-1,donor1,9
donor1_CCACGTTTCGGTCTAA-1,donor1,13
donor1_CCACTTGAGGCATCGA-1,donor1,8
donor1_CCACTTGGTGGAAGTC-1,donor1,8
donor1_CCACTTGTCAAGCCTA-1,donor1,1
donor1_CCACTTGTCGGCTGAC-1,donor1,25
donor1_CCATAAGAGCACTGGA-1,donor1,3
donor1_CCATAAGCATAATGCC-1,donor1,21
donor1_CCATAAGTCATTTCGT-1,donor1,18
donor1_CCATCACAGCACCTGC-1,donor1,21
donor1_CCATCACAGGAACTAT-1,donor1,3
donor1_CCATCACCACATATGC-1,donor1,5
donor1_CCATCACGTCACTGAT-1,donor1,2
donor1_CCATCACGTGATTCTG-1,donor1,3
donor1_CCATCACTCAAGTGTC-1,donor1,18
donor1_CCATCACTCGAAGGAC-1,donor1,22
donor1_CCATCACTCGCCGTGA-1,donor1,2
donor1_CCCAACTAGTGCGCTC-1,donor1,20
donor1_CCCAACTCACACCAGC-1,donor1,3
donor1_CCCAACTCATCAGCTA-1,donor1,20
donor1_CCCAACTCATCCGAAT-1,donor1,12
donor1_CCCAACTTCAAGCCAT-1,donor1,11
donor1_CCCAACTTCATCACAG-1,donor1,22
donor1_CCCATTGAGAGAGTGA-1,donor1,2
donor1_CCCATTGAGCGCTGCT-1,donor1,13
donor1_CCCATTGAGTAGAGTT-1,donor1,8
donor1_CCCATTGTCGCTAAAC-1,donor1,17
donor1_CCCGAAGGTTGGGTAG-1,donor1,21
donor1_CCCGAAGTCAAGTTGC-1,donor1,0
donor1_CCCGGAAAGCAGGCAT-1,donor1,12
donor1_CCCGGAAAGCTAGAGC-1,donor1,3
donor1_CCCGGAACAATGGCCC-1,donor1,17
donor1_CCCGGAACAGCACGAA-1,donor1,13
donor1_CCCGGAAGTTAGAAGT-1,donor1,14
donor1_CCCGGAATCAGTCATG-1,donor1,19
donor1_CCCGGAATCGTCCATC-1,donor1,2
donor1_CCCTAACAGTAGCCAG-1,donor1,21
donor1_CCCTAACCACGGTGAA-1,donor1,17
donor1_CCCTAACTCGTGGTAT-1,donor1,5
donor1_CCCTAACTCGTTGTGA-1,donor1,20
donor1_CCCTAACTCTTCCAGC-1,donor1,17
donor1_CCCTAACTCTTCCCAG-1,donor1,2
donor1_CCCTCAACACCTTCGT-1,donor1,20
donor1_CCCTCAACATGCAGGA-1,donor1,21
donor1_CCCTCAATCATGCAGT-1,donor1,13
donor1_CCCTCAATCCGAAATC-1,donor1,17
donor1_CCCTCAATCTGTCGCT-1,donor1,25
donor1_CCCTCTCAGATCCCAT-1,donor1,9
donor1_CCCTCTCGTACAAGTA-1,donor1,13
donor1_CCCTCTCGTCGTACTA-1,donor1,11
donor1_CCCTCTCTCCGGTTCT-1,donor1,8
donor1_CCCTCTCTCCGTAATG-1,donor1,0
donor1_CCCTCTCTCCTTATGT-1,donor1,13
donor1_CCCTCTCTCTTCTGTA-1,donor1,21
donor1_CCCTGATAGACGATAT-1,donor1,21
donor1_CCCTGATAGGAGTATT-1,donor1,17
donor1_CCCTGATAGTCATGCT-1,donor1,11
donor1_CCCTGATAGTTTCTTC-1,donor1,21
donor1_CCCTGATCACAGCTTA-1,donor1,0
donor1_CCCTGATCACGAGAAC-1,donor1,14
donor1_CCCTGATGTACAGCGA-1,donor1,21
donor1_CCCTGATGTACCTTCC-1,donor1,2
donor1_CCCTGATTCGTGGTAT-1,donor1,18
donor1_CCCTTAGAGGATACCG-1,donor1,15
donor1_CCCTTAGAGTCACAGG-1,donor1,20
donor1_CCCTTAGAGTGGAATT-1,donor1,8
donor1_CCCTTAGCACCGAATT-1,donor1,19
donor1_CCCTTAGCAGAGTGTG-1,donor1,0
donor1_CCCTTAGGTTCCACGG-1,donor1,6
donor1_CCCTTAGTCACCATAG-1,donor1,0
donor1_CCCTTAGTCCAAAGGG-1,donor1,20
donor1_CCGAACGAGAGTGTGC-1,donor1,13
donor1_CCGAACGCACTGTCGG-1,donor1,0
donor1_CCGAACGGTACCGCGT-1,donor1,0
donor1_CCGAACGGTTCCAGGC-1,donor1,17
donor1_CCGAACGTCCATTGGA-1,donor1,16
donor1_CCGATCTAGACATACA-1,donor1,15
donor1_CCGATCTCATCGGCCA-1,donor1,9
donor1_CCGATCTGTGGAAGTC-1,donor1,20
donor1_CCGATCTGTGTTAAAG-1,donor1,6
donor1_CCGATGGGTTCGAAGG-1,donor1,8
donor1_CCGATGGTCGGCATTA-1,donor1,11
donor1_CCGATGGTCTTCCCAG-1,donor1,18
donor1_CCGCAAGGTGCCTAAT-1,donor1,21
donor1_CCGCAAGGTGGAATGC-1,donor1,13
donor1_CCGCAAGGTTCTTGCC-1,donor1,1
donor1_CCGGACAAGAAATTCG-1,donor1,3
donor1_CCGGACAAGGCCTTCG-1,donor1,6
donor1_CCGGACAAGGTAGCCA-1,donor1,17
donor1_CCGGACAAGGTTCCGC-1,donor1,18
donor1_CCGGACAAGTTCCTGA-1,donor1,2
donor1_CCGGACACAAATGAAC-1,donor1,21
donor1_CCGGACACAACCAACT-1,donor1,1
donor1_CCGGACACAGTCGCTG-1,donor1,21
donor1_CCGGACAGTTTGGCTA-1,donor1,2
donor1_CCGGACATCCGAGATT-1,donor1,3
donor1_CCGGGTAAGGCTCTCG-1,donor1,0
donor1_CCGGGTACAGAGGTAC-1,donor1,13
donor1_CCGGGTAGTTTGGAAA-1,donor1,8
donor1_CCGGGTATCCTCTTTC-1,donor1,18
donor1_CCGGTAGAGTTGCTGT-1,donor1,13
donor1_CCGGTAGCAAGAGTTA-1,donor1,21
donor1_CCGGTAGCATGACCCG-1,donor1,2
donor1_CCGGTAGCATGCCGAC-1,donor1,3
donor1_CCGGTAGGTAACTAAG-1,donor1,0
donor1_CCGGTAGGTCCAGCCA-1,donor1,19
donor1_CCGGTAGTCCAATCTT-1,donor1,13
donor1_CCGGTAGTCCTTCTAA-1,donor1,3
donor1_CCGGTAGTCGGTAGAG-1,donor1,19
donor1_CCGGTAGTCTACTCAT-1,donor1,2
donor1_CCGGTAGTCTCCTGTG-1,donor1,19
donor1_CCGGTGAAGCTAGATA-1,donor1,9
donor1_CCGGTGAAGTAGATCA-1,donor1,2
donor1_CCGGTGAAGTCTTCGA-1,donor1,2
donor1_CCGGTGAGTGATAGAT-1,donor1,2
donor1_CCGGTGAGTGGCGCTT-1,donor1,5
donor1_CCGGTGAGTGGTGATG-1,donor1,4
donor1_CCGGTGAGTGTTCGAT-1,donor1,18
donor1_CCGTAGGCACATGTTG-1,donor1,15
donor1_CCGTAGGGTTCCAGGC-1,donor1,2
donor1_CCGTAGGTCAGCGTCG-1,donor1,3
donor1_CCGTGAGCAAGCGAGT-1,donor1,13
donor1_CCGTGAGCAATACAGA-1,donor1,20
donor1_CCGTGAGCACATAGCT-1,donor1,10
donor1_CCGTGAGCAGTTGTCA-1,donor1,17
donor1_CCGTGAGCATGGGTTT-1,donor1,21
donor1_CCGTGAGGTTTCGTTT-1,donor1,8
donor1_CCGTGAGTCCCATAAG-1,donor1,1
donor1_CCGTGAGTCTTTACAC-1,donor1,16
donor1_CCGTTCAAGCAACAGC-1,donor1,1
donor1_CCGTTCAAGGTGAGAA-1,donor1,18
donor1_CCGTTCAAGTCATACC-1,donor1,4
donor1_CCGTTCACACATATCG-1,donor1,17
donor1_CCGTTCACACCCTAAA-1,donor1,18
donor1_CCGTTCACAGGAACCA-1,donor1,13
donor1_CCGTTCACATAGGAGC-1,donor1,18
donor1_CCGTTCACATGACCCG-1,donor1,0
donor1_CCGTTCAGTAGCACGA-1,donor1,1
donor1_CCGTTCAGTCGTGGTC-1,donor1,18
donor1_CCGTTCATCATCTCTA-1,donor1,20
donor1_CCTAACCAGCACCGAA-1,donor1,13
donor1_CCTAACCAGCACCTGC-1,donor1,3
donor1_CCTAACCAGGGATGTC-1,donor1,20
donor1_CCTAACCCATTAGGAA-1,donor1,17
donor1_CCTAAGAAGTCGAATA-1,donor1,20
donor1_CCTAAGACACTAGAGG-1,donor1,21
donor1_CCTAAGAGTAGGAGGG-1,donor1,17
donor1_CCTAAGAGTCCGATCG-1,donor1,17
donor1_CCTAAGAGTGTATTCG-1,donor1,6
donor1_CCTAAGAGTTTGGGTT-1,donor1,12
donor1_CCTACGTCAGGAGGTT-1,donor1,1
donor1_CCTACGTTCTAGGCAT-1,donor1,4
donor1_CCTATCGGTCACCGAC-1,donor1,4
donor1_CCTATCGGTTAGGGTG-1,donor1,17
donor1_CCTATCGTCAGGACAG-1,donor1,3
donor1_CCTATCGTCGCAGTGC-1,donor1,15
donor1_CCTCAACGTGCCTTTC-1,donor1,18
donor1_CCTCACAAGGCCTGCT-1,donor1,9
donor1_CCTCACACACAACCGC-1,donor1,20
donor1_CCTCACACACAGTCAT-1,donor1,14
donor1_CCTCACAGTACGCGTC-1,donor1,12
donor1_CCTCACAGTCGTGGTC-1,donor1,15
donor1_CCTCAGTGTGCAAGAC-1,donor1,0
donor1_CCTCAGTTCACTGATG-1,donor1,9
donor1_CCTCAGTTCGCAGTGC-1,donor1,2
donor1_CCTCAGTTCTGCGTCT-1,donor1,17
donor1_CCTCATGAGCTATCCA-1,donor1,0
donor1_CCTCATGAGTGGTTAA-1,donor1,12
donor1_CCTCATGCATATGAAG-1,donor1,3
donor1_CCTCATGGTACTGGGA-1,donor1,1
donor1_CCTCATGGTTATCTGG-1,donor1,8
donor1_CCTCATGTCCAAGCAT-1,donor1,13
donor1_CCTCCAAAGTAACGTA-1,donor1,0
donor1_CCTCCAAGTGTCGATT-1,donor1,15
donor1_CCTCCAATCAGGAGAC-1,donor1,13
donor1_CCTCCAATCCGAAATC-1,donor1,0
donor1_CCTCCTCAGGGCTAAC-1,donor1,21
donor1_CCTCCTCCATGACGAG-1,donor1,19
donor1_CCTCCTCGTGCGTTTA-1,donor1,18
donor1_CCTCCTCGTGGGACAT-1,donor1,3
donor1_CCTCCTCTCGACGATT-1,donor1,8
donor1_CCTCCTCTCTCCTGCA-1,donor1,2
donor1_CCTCTAGCACAGTGAG-1,donor1,6
donor1_CCTCTAGGTAGATTGA-1,donor1,0
donor1_CCTCTAGTCATGCATG-1,donor1,11
donor1_CCTCTCCAGAGGTGCT-1,donor1,17
donor1_CCTCTCCCAGTGTATC-1,donor1,27
donor1_CCTCTCCCATACCAGT-1,donor1,8
donor1_CCTCTCCGTACGATCT-1,donor1,3
donor1_CCTCTCCGTCCGATCG-1,donor1,9
donor1_CCTCTCCTCGATTGAC-1,donor1,14
donor1_CCTGCATAGAAGTATC-1,donor1,2
donor1_CCTGCATAGCTTTCCC-1,donor1,14
donor1_CCTGCATAGGAGACCT-1,donor1,11
donor1_CCTGCATCAGCTCTGG-1,donor1,18
donor1_CCTGCATCAGTCTGGC-1,donor1,6
donor1_CCTGCATGTCATTGCA-1,donor1,0
donor1_CCTGCATGTTGCTGAT-1,donor1,3
donor1_CCTGCATGTTGTCATG-1,donor1,1
donor1_CCTGTTGAGAAGTCCG-1,donor1,15
donor1_CCTGTTGCAATACCCA-1,donor1,3
donor1_CCTGTTGCATACATCG-1,donor1,20
donor1_CCTGTTGGTCCGACGT-1,donor1,13
donor1_CCTGTTGGTCCGATCG-1,donor1,0
donor1_CCTGTTGGTTCGTGCG-1,donor1,19
donor1_CCTGTTGGTTGGGAAC-1,donor1,17
donor1_CCTTCAGGTACGATTC-1,donor1,17
donor1_CCTTCAGGTGTACATC-1,donor1,13
donor1_CCTTCAGTCATCGACA-1,donor1,16
donor1_CCTTCAGTCTTGGAAC-1,donor1,21
donor1_CCTTGTGAGTACCCTA-1,donor1,2
donor1_CCTTGTGTCCACGTAA-1,donor1,3
donor1_CCTTTGGAGCCTAGGA-1,donor1,11
donor1_CCTTTGGAGGAAGTCC-1,donor1,16
donor1_CCTTTGGAGGGAGGGT-1,donor1,20
donor1_CCTTTGGAGTTTGTCG-1,donor1,13
donor1_CCTTTGGCAATGACCT-1,donor1,22
donor1_CCTTTGGCACAGCATT-1,donor1,6
donor1_CCTTTGGCAGAAGTTA-1,donor1,21
donor1_CCTTTGGGTCATTGCA-1,donor1,3
donor1_CCTTTGGGTCCTTAAG-1,donor1,22
donor1_CCTTTGGGTTATGTGC-1,donor1,20
donor1_CCTTTGGTCTCATGGA-1,donor1,20
donor1_CGAAGGAAGTAAAGCT-1,donor1,17
donor1_CGAAGGACAAGATGTA-1,donor1,0
donor1_CGAAGGACACTCAGAT-1,donor1,0
donor1_CGAAGGAGTTCAGTAC-1,donor1,18
donor1_CGAAGTTAGGCATGCA-1,donor1,20
donor1_CGAAGTTAGGTAAACT-1,donor1,8
donor1_CGAAGTTGTATGGTTC-1,donor1,0
donor1_CGAAGTTGTCTCGCGA-1,donor1,0
donor1_CGAAGTTTCAACCTTT-1,donor1,0
donor1_CGAAGTTTCAGTCCGG-1,donor1,12
donor1_CGAAGTTTCCACTAGA-1,donor1,1
donor1_CGAATTGAGCTAGATA-1,donor1,13
donor1_CGAATTGCAAGTCCAT-1,donor1,10
donor1_CGAATTGCAATACCTG-1,donor1,3
donor1_CGAATTGCATATCTCT-1,donor1,13
donor1_CGAATTGGTCAAGTTC-1,donor1,21
donor1_CGACAGCAGAGCAAGA-1,donor1,21
donor1_CGACAGCCAGAGACTG-1,donor1,5
donor1_CGACAGCCAGGCTATT-1,donor1,17
donor1_CGACAGCCATACAGCT-1,donor1,21
donor1_CGACAGCGTACACTCA-1,donor1,8
donor1_CGACAGCGTTCAGTAC-1,donor1,6
donor1_CGACAGCTCATAGACC-1,donor1,17
donor1_CGACAGCTCTCTCTAA-1,donor1,2
donor1_CGAGAAGAGATCCTAC-1,donor1,0
donor1_CGAGAAGAGCACGATG-1,donor1,1
donor1_CGAGAAGCACCCTGAG-1,donor1,13
donor1_CGAGAAGCACTATCGA-1,donor1,27
donor1_CGAGAAGCACTGGATT-1,donor1,18
donor1_CGAGAAGCAGAGATTA-1,donor1,3
donor1_CGAGAAGCAGAGTTGG-1,donor1,9
donor1_CGAGAAGGTATATGGA-1,donor1,16
donor1_CGAGAAGTCAGACCGC-1,donor1,20
donor1_CGAGAAGTCGTAACTG-1,donor1,2
donor1_CGAGAAGTCTTACACT-1,donor1,2
donor1_CGAGGAAAGAGCATCG-1,donor1,17
donor1_CGAGGAAGTATGGGAC-1,donor1,13
donor1_CGAGGAAGTCCACATA-1,donor1,3
donor1_CGAGGAAGTTGTGGAG-1,donor1,0
donor1_CGAGGAATCATCACAG-1,donor1,15
donor1_CGAGGAATCCTGTAGA-1,donor1,0
donor1_CGAGGCTAGTTGGAGC-1,donor1,8
donor1_CGAGGCTGTGTCTAAC-1,donor1,20
donor1_CGAGGCTGTTTGAAAG-1,donor1,1
donor1_CGAGTGCAGATCCAAA-1,donor1,9
donor1_CGAGTGCAGTCGCTAT-1,donor1,3
donor1_CGAGTGCCAAGCCTGC-1,donor1,15
donor1_CGAGTGCCAGAGGACT-1,donor1,26
donor1_CGAGTGCGTCCTCAGG-1,donor1,9
donor1_CGAGTGCTCACGGGAA-1,donor1,4
donor1_CGAGTTAAGGTTCAGG-1,donor1,13
donor1_CGAGTTAAGTATTGCC-1,donor1,20
donor1_CGAGTTACACTCCGAG-1,donor1,12
donor1_CGAGTTAGTGAGCGAT-1,donor1,11
donor1_CGAGTTAGTTAGCTAC-1,donor1,14
donor1_CGAGTTATCATCTCTA-1,donor1,13
donor1_CGAGTTATCTGGGATT-1,donor1,6
donor1_CGATCGGAGGTAAGAG-1,donor1,3
donor1_CGATCGGAGTAGAATC-1,donor1,21
donor1_CGATCGGCAATAGGAT-1,donor1,21
donor1_CGATGCGAGCGTTCAT-1,donor1,8
donor1_CGATGCGAGTCGAATA-1,donor1,13
donor1_CGATGCGAGTGAGCCA-1,donor1,14
donor1_CGATGCGCAAGCTGTT-1,donor1,8
donor1_CGATGCGGTATCACGT-1,donor1,20
donor1_CGATGCGGTTATAGAG-1,donor1,12
donor1_CGATGGCCACTGATTG-1,donor1,20
donor1_CGATGGCGTCTTACTT-1,donor1,18
donor1_CGCAGGTCATCACAGT-1,donor1,13
donor1_CGCAGGTCATGGGAAC-1,donor1,12
donor1_CGCATAAAGCCTGACC-1,donor1,14
donor1_CGCATAACACCATATG-1,donor1,1
donor1_CGCATAACAGCGCTTG-1,donor1,21
donor1_CGCATAAGTAGTCGTT-1,donor1,0
donor1_CGCATAAGTTCTCTAT-1,donor1,0
donor1_CGCATAATCCGATGCG-1,donor1,21
donor1_CGCATGGAGAACAGGA-1,donor1,1
donor1_CGCATGGCAGAAACCG-1,donor1,20
donor1_CGCATGGGTCGCTCGA-1,donor1,17
donor1_CGCATGGTCTTCTTCC-1,donor1,20
donor1_CGCCAGAAGGGCTAAC-1,donor1,11
donor1_CGCCAGACAGCATGCC-1,donor1,3
donor1_CGCCAGACAGGTCCGT-1,donor1,21
donor1_CGCCAGAGTAATGCTC-1,donor1,12
donor1_CGCCAGAGTAGATCCT-1,donor1,16
donor1_CGCCATTAGGCACTCC-1,donor1,13
donor1_CGCCATTCACCAACAT-1,donor1,17
donor1_CGCCATTGTTCCTAAG-1,donor1,17
donor1_CGCCATTTCCGTATAG-1,donor1,1
donor1_CGCGTGAAGCTGTTAC-1,donor1,27
donor1_CGCGTGACACAGCGCT-1,donor1,14
donor1_CGCGTGACACCGTGAC-1,donor1,13
donor1_CGCGTGACATCGCCTT-1,donor1,19
donor1_CGCGTGAGTTTCAGAC-1,donor1,21
donor1_CGCGTGATCATCGTAG-1,donor1,2
donor1_CGCGTGATCTACTGCC-1,donor1,8
donor1_CGCGTGATCTGCATGA-1,donor1,20
donor1_CGGAACCCAGCATTGT-1,donor1,17
donor1_CGGAACCCAGGCAATG-1,donor1,8
donor1_CGGAACCGTAGGTTTC-1,donor1,27
donor1_CGGAACCGTATGCGTT-1,donor1,3
donor1_CGGAACCGTCACCCTT-1,donor1,0
donor1_CGGAACCGTCAGCTTA-1,donor1,15
donor1_CGGAACCTCAACACCA-1,donor1,13
donor1_CGGAACCTCAGCTCTC-1,donor1,1
donor1_CGGAATTCAGGTCAAG-1,donor1,20
donor1_CGGAATTGTACTGCCG-1,donor1,18
donor1_CGGACACAGATGAAGG-1,donor1,21
donor1_CGGACACAGGCTTTCA-1,donor1,16
donor1_CGGACACAGGTAGTAT-1,donor1,16
donor1_CGGACACCATGTTTGG-1,donor1,17
donor1_CGGACACGTACAGTTC-1,donor1,18
donor1_CGGACACGTCCTGTCT-1,donor1,15
donor1_CGGACACGTTCCGCAG-1,donor1,20
donor1_CGGACACTCTGTTCAT-1,donor1,20
donor1_CGGAGAAAGGATTTCC-1,donor1,18
donor1_CGGAGAACACGTCGGT-1,donor1,11
donor1_CGGAGAAGTAGAGGAA-1,donor1,9
donor1_CGGAGAAGTGTGATGG-1,donor1,13
donor1_CGGAGAAGTTAGGGAC-1,donor1,3
donor1_CGGAGAATCTAGACCA-1,donor1,21
donor1_CGGCAGTAGCCATTTG-1,donor1,3
donor1_CGGCAGTAGGTTCAGG-1,donor1,13
donor1_CGGCAGTCACCCAATA-1,donor1,17
donor1_CGGCAGTCATCGGAGA-1,donor1,12
donor1_CGGGACTAGACGAAGA-1,donor1,13
donor1_CGGGACTCACCCTGAG-1,donor1,0
donor1_CGGGACTCAGAATTCC-1,donor1,15
donor1_CGGGACTCAGCTGAAG-1,donor1,15
donor1_CGGGACTTCCACGTCT-1,donor1,0
donor1_CGGGCATAGGGAACAA-1,donor1,13
donor1_CGGGCATAGGTAAGAG-1,donor1,27
donor1_CGGGCATGTACATACC-1,donor1,13
donor1_CGGGCATGTAGACGTG-1,donor1,0
donor1_CGGGCATGTGAATTGA-1,donor1,21
donor1_CGGGCATGTTACTCAG-1,donor1,13
donor1_CGGGCATTCCCGAGTG-1,donor1,18
donor1_CGGGTGTAGAAGCGAA-1,donor1,3
donor1_CGGGTGTCAACCACGC-1,donor1,3
donor1_CGGGTGTCACAATCTG-1,donor1,21
donor1_CGGGTGTCATCGCTCT-1,donor1,2
donor1_CGGGTGTGTAACTGCT-1,donor1,21
donor1_CGGGTGTGTGCGGCTT-1,donor1,18
donor1_CGGGTGTGTTTCGTTT-1,donor1,0
donor1_CGGGTGTTCAGTCAGT-1,donor1,20
donor1_CGGTCAGGTACCAATC-1,donor1,2
donor1_CGGTCAGGTTCAAAGA-1,donor1,8
donor1_CGGTCAGTCCGGTTCT-1,donor1,20
donor1_CGGTCAGTCGTGTGAT-1,donor1,3
donor1_CGTAAGTAGAGCGACT-1,donor1,11
donor1_CGTAAGTCATTGAAAG-1,donor1,15
donor1_CGTAAGTGTAGCCAGA-1,donor1,0
donor1_CGTAAGTGTGTCATTG-1,donor1,1
donor1_CGTAAGTGTTCTCCCA-1,donor1,3
donor1_CGTAAGTTCCCAACTC-1,donor1,2
donor1_CGTAAGTTCCTACAAG-1,donor1,21
donor1_CGTAAGTTCGAAGCAG-1,donor1,11
donor1_CGTAAGTTCTTACTGT-1,donor1,3
donor1_CGTAATGCACACTTAG-1,donor1,8
donor1_CGTAATGCAGAGATGC-1,donor1,3
donor1_CGTAATGCAGAGGGTT-1,donor1,4
donor1_CGTAATGCAGCAGACA-1,donor1,16
donor1_CGTAATGCAGGTAGTG-1,donor1,3
donor1_CGTAATGGTCGATGCC-1,donor1,19
donor1_CGTAGTAAGTAGGATT-1,donor1,5
donor1_CGTAGTAAGTATAACG-1,donor1,25
donor1_CGTAGTAGTCTGCCTT-1,donor1,12
donor1_CGTCAAAAGCTTGTGT-1,donor1,0
donor1_CGTCAAATCCACAGCG-1,donor1,2
donor1_CGTCCATCAATCGAAA-1,donor1,13
donor1_CGTCCATGTAAGTTAG-1,donor1,13
donor1_CGTCCATTCGAGTTGT-1,donor1,21
donor1_CGTGAATAGCGCCTTG-1,donor1,25
donor1_CGTGAATAGGAAAGTG-1,donor1,23
donor1_CGTGAATAGGGAACAA-1,donor1,4
donor1_CGTGAATCAGCGACAA-1,donor1,3
donor1_CGTGAATTCGCCGTGA-1,donor1,25
donor1_CGTGAATTCTATTCGT-1,donor1,19
donor1_CGTGATAAGACCTCAT-1,donor1,22
donor1_CGTGATAAGCTAAACA-1,donor1,17
donor1_CGTGATAAGTGTGTTC-1,donor1,13
donor1_CGTGATACAACATCGT-1,donor1,11
donor1_CGTGATACATCACAGT-1,donor1,12
donor1_CGTGATAGTGGCACTC-1,donor1,9
donor1_CGTGATATCAGTGTGT-1,donor1,3
donor1_CGTGATATCCTCAGGG-1,donor1,18
donor1_CGTGCTTAGTCACACT-1,donor1,0
donor1_CGTGCTTCATGAGAAT-1,donor1,5
donor1_CGTGCTTGTAGGACCA-1,donor1,17
donor1_CGTGCTTTCATGTCAG-1,donor1,13
donor1_CGTGCTTTCCAGCCTT-1,donor1,18
donor1_CGTGCTTTCCATCACC-1,donor1,15
donor1_CGTGTCTCATACTTTC-1,donor1,1
donor1_CGTGTCTTCCCGAGAC-1,donor1,20
donor1_CGTTAGAAGGTGAGAA-1,donor1,0
donor1_CGTTAGAAGTCATCCA-1,donor1,6
donor1_CGTTAGACAACGTAAA-1,donor1,17
donor1_CGTTAGACACAATGCT-1,donor1,0
donor1_CGTTAGAGTAGTATAG-1,donor1,11
donor1_CGTTAGAGTGCAATGG-1,donor1,8
donor1_CGTTAGAGTTACGCCG-1,donor1,21
donor1_CGTTAGATCACCGACG-1,donor1,19
donor1_CGTTAGATCCACATAG-1,donor1,0
donor1_CGTTAGATCGAAGGAC-1,donor1,21
donor1_CGTTCTGAGCTCTTCC-1,donor1,13
donor1_CGTTCTGAGGTCCCTG-1,donor1,15
donor1_CGTTCTGAGTGGAATT-1,donor1,6
donor1_CGTTCTGCAGTCTTCC-1,donor1,21
donor1_CGTTCTGCATTGCTTT-1,donor1,4
donor1_CGTTCTGGTTGTGCCG-1,donor1,18
donor1_CGTTGGGAGATTAGTG-1,donor1,11
donor1_CGTTGGGAGTCGCGAA-1,donor1,0
donor1_CGTTGGGTCTCGGTCT-1,donor1,9
donor1_CTAACCCAGGACAACC-1,donor1,12
donor1_CTAACCCAGGCCTGAA-1,donor1,17
donor1_CTAACCCAGTCTGGAG-1,donor1,8
donor1_CTAACCCCAATGGCCC-1,donor1,21
donor1_CTAACCCCAGCTGTGC-1,donor1,13
donor1_CTAACCCGTCGGTGAA-1,donor1,16
donor1_CTAACCCTCTATGCCC-1,donor1,21
donor1_CTAACTTAGACTTCCA-1,donor1,11
donor1_CTAACTTAGAGGGTGG-1,donor1,3
donor1_CTAACTTAGATCCCGC-1,donor1,2
donor1_CTAACTTGTGACTCTA-1,donor1,17
donor1_CTAACTTGTGGCAGAT-1,donor1,13
donor1_CTAAGTGAGACTTCCA-1,donor1,2
donor1_CTAAGTGCAGGGTCTC-1,donor1,8
donor1_CTAAGTGCATAGCACT-1,donor1,18
donor1_CTAAGTGTCGGATACT-1,donor1,19
donor1_CTAAGTGTCTGGACTA-1,donor1,13
donor1_CTACAGAAGGTCACAG-1,donor1,3
donor1_CTACAGACAAAGCTCT-1,donor1,8
donor1_CTACAGACAGCAGTAG-1,donor1,0
donor1_CTACAGAGTACATACC-1,donor1,21
donor1_CTACAGAGTACCTATG-1,donor1,10
donor1_CTACAGATCATTCGTT-1,donor1,17
donor1_CTACATTAGAAGCCAC-1,donor1,13
donor1_CTACATTAGTGGGAAA-1,donor1,0
donor1_CTACATTCACAACGTT-1,donor1,11
donor1_CTACATTGTACGGCAA-1,donor1,20
donor1_CTACATTGTCGGAAAC-1,donor1,12
donor1_CTACCCAAGCTGCCTG-1,donor1,2
donor1_CTACCCACACCTGCAG-1,donor1,8
donor1_CTACCCACATGATGCT-1,donor1,20
donor1_CTACCCAGTCTACAGT-1,donor1,20
donor1_CTACCCAGTTATGTGC-1,donor1,3
donor1_CTACCCAGTTGACTGT-1,donor1,3
donor1_CTACCCAGTTGCGGCT-1,donor1,6
donor1_CTACCTGAGCTCGCAC-1,donor1,17
donor1_CTACCTGCACTGTCGG-1,donor1,13
donor1_CTACCTGGTTGTTGCA-1,donor1,15
donor1_CTACGGGAGCCTGCCA-1,donor1,2
donor1_CTACGGGGTACCATAC-1,donor1,2
donor1_CTACGGGGTCGCGTTG-1,donor1,21
donor1_CTACGGGTCTCAACCC-1,donor1,27
donor1_CTACTATAGCCATTTG-1,donor1,14
donor1_CTACTATCAACTCGTA-1,donor1,17
donor1_CTACTATCAGGCCCTA-1,donor1,14
donor1_CTACTATGTAACAGGC-1,donor1,8
donor1_CTACTATTCCTTGGAA-1,donor1,21
donor1_CTACTATTCTTACGTT-1,donor1,6
donor1_CTAGACAAGGATATAC-1,donor1,17
donor1_CTAGACAAGGATTTCC-1,donor1,14
donor1_CTAGACACAATCCAGT-1,donor1,3
donor1_CTAGACAGTACCGTGC-1,donor1,16
donor1_CTAGACATCTACCAGA-1,donor1,0
donor1_CTAGACATCTTTGCGC-1,donor1,19
donor1_CTAGGTAAGCAAGTCG-1,donor1,2
donor1_CTAGGTACACTTGAGT-1,donor1,17
donor1_CTAGGTACAGGAAGTC-1,donor1,8
donor1_CTAGGTAGTCGAACAG-1,donor1,5
donor1_CTAGGTAGTCTCGGAC-1,donor1,0
donor1_CTAGGTATCCACACCT-1,donor1,16
donor1_CTAGGTATCCACATAG-1,donor1,0
donor1_CTAGGTATCTCCCAAC-1,donor1,12
donor1_CTATAGGGTAACCAGG-1,donor1,13
donor1_CTATAGGGTCAGTCTA-1,donor1,13
donor1_CTATAGGGTCTTTATC-1,donor1,19
donor1_CTATAGGGTGCTAGCC-1,donor1,1
donor1_CTATCCGCAACTCATG-1,donor1,8
donor1_CTATCCGCATACATCG-1,donor1,19
donor1_CTATCCGGTATGTCAC-1,donor1,17
donor1_CTATCCGGTTCATCGA-1,donor1,6
donor1_CTATCCGTCAAGCCGC-1,donor1,8
donor1_CTATCCGTCAAGGACG-1,donor1,8
donor1_CTATCCGTCACATCAG-1,donor1,12
donor1_CTATCCGTCAGCTTCC-1,donor1,2
donor1_CTATCCGTCGCAACAT-1,donor1,20
donor1_CTATCCGTCGGCTATA-1,donor1,3
donor1_CTATCCGTCTTTCGAT-1,donor1,0
donor1_CTATCTAAGAGAGCAA-1,donor1,21
donor1_CTATCTACATGATCTG-1,donor1,21
donor1_CTATCTAGTGCTCGTG-1,donor1,17
donor1_CTATCTAGTTCGGCTG-1,donor1,6
donor1_CTCAACCCACGACGCT-1,donor1,13
donor1_CTCAACCTCAGAGCGA-1,donor1,8
donor1_CTCAAGACAACCGCTG-1,donor1,0
donor1_CTCAAGACAATCGAAA-1,donor1,17
donor1_CTCAAGAGTTGTTGTG-1,donor1,20
donor1_CTCAAGATCAGTAGGG-1,donor1,21
donor1_CTCAAGATCCACGGGT-1,donor1,2
donor1_CTCAATTAGTTTGGCT-1,donor1,17
donor1_CTCAATTCAAGAAATC-1,donor1,11
donor1_CTCAATTCACTTGGCG-1,donor1,20
donor1_CTCAATTCAGAAGCGT-1,donor1,2
donor1_CTCAATTGTTAGGGTG-1,donor1,25
donor1_CTCAATTGTTCGGGTC-1,donor1,8
donor1_CTCAATTTCACTACGA-1,donor1,1
donor1_CTCAATTTCAGTGTTG-1,donor1,15
donor1_CTCAATTTCCTGGCTT-1,donor1,3
donor1_CTCAATTTCGTAACAC-1,donor1,2
donor1_CTCAATTTCTAGTTCT-1,donor1,13
donor1_CTCAATTTCTGGCCTT-1,donor1,17
donor1_CTCACTGAGACCATTC-1,donor1,20
donor1_CTCACTGAGGAAACGA-1,donor1,13
donor1_CTCAGAACAGCTTCGG-1,donor1,4
donor1_CTCAGAAGTTCTCAGA-1,donor1,17
donor1_CTCAGAATCAGGGTAG-1,donor1,8
donor1_CTCAGAATCAGTCCGG-1,donor1,8
donor1_CTCAGAATCTTGGCTC-1,donor1,18
donor1_CTCAGGGGTGCAAGAC-1,donor1,3
donor1_CTCAGGGGTGTCCCTT-1,donor1,0
donor1_CTCAGTCAGCCACTCG-1,donor1,0
donor1_CTCAGTCAGTACTGGG-1,donor1,8
donor1_CTCAGTCCACGCTATA-1,donor1,2
donor1_CTCAGTCCATCGGAAG-1,donor1,3
donor1_CTCAGTCGTACCCAGC-1,donor1,17
donor1_CTCAGTCTCATCTACT-1,donor1,18
donor1_CTCAGTCTCCGCAGTG-1,donor1,20
donor1_CTCAGTCTCGTGCACG-1,donor1,17
donor1_CTCATCGAGACATATG-1,donor1,3
donor1_CTCATCGCATAATGCC-1,donor1,10
donor1_CTCATCGGTCGCATGC-1,donor1,16
donor1_CTCATCGGTCGTGGAA-1,donor1,1
donor1_CTCATCGGTGCGTTTA-1,donor1,14
donor1_CTCATCGGTGGTCTGC-1,donor1,2
donor1_CTCATCGGTTCCCACT-1,donor1,11
donor1_CTCATCGTCTATTTCG-1,donor1,15
donor1_CTCATTAAGGCGTCCT-1,donor1,17
donor1_CTCATTAAGTAAACAC-1,donor1,9
donor1_CTCATTACATAGCTGT-1,donor1,4
donor1_CTCCAACAGTGAATAC-1,donor1,0
donor1_CTCCAACCAGCGGATA-1,donor1,17
donor1_CTCCAACCAGTGGCTC-1,donor1,13
donor1_CTCCAACGTATAGGAT-1,donor1,18
donor1_CTCCACAAGAGCACTG-1,donor1,1
donor1_CTCCACAAGTCTGCGC-1,donor1,13
donor1_CTCCACACAATTTCGG-1,donor1,18
donor1_CTCCACACACCAGGTC-1,donor1,13
donor1_CTCCACACAGGTTTAC-1,donor1,15
donor1_CTCCACACAGTCAGAG-1,donor1,21
donor1_CTCCACACATGGAATA-1,donor1,3
donor1_CTCCACAGTGGTTTGT-1,donor1,21
donor1_CTCCACAGTGTATCCA-1,donor1,17
donor1_CTCCACAGTTACGTAC-1,donor1,20
donor1_CTCCACAGTTATAGAG-1,donor1,6
donor1_CTCCACATCCATTGTT-1,donor1,19
donor1_CTCCACATCGAGAACG-1,donor1,15
donor1_CTCCATGAGAATTCAG-1,donor1,21
donor1_CTCCATGAGATAGCAT-1,donor1,12
donor1_CTCCATGCACTGTGTA-1,donor1,18
donor1_CTCCATGCATAGCACT-1,donor1,2
donor1_CTCCATGGTTCGGCTG-1,donor1,20
donor1_CTCCATGTCATTGCTT-1,donor1,13
donor1_CTCCATGTCCCTTGTG-1,donor1,11
donor1_CTCCCAACAACAAGTA-1,donor1,21
donor1_CTCCCAACACATTACG-1,donor1,3
donor1_CTCCCAACAGTGTGCC-1,donor1,20
donor1_CTCCCAAGTCCTCCAT-1,donor1,13
donor1_CTCCCAAGTGGTGATG-1,donor1,15
donor1_CTCCCAATCACACGAT-1,donor1,19
donor1_CTCCCAATCACCGCTT-1,donor1,1
donor1_CTCCCTCAGGATCACG-1,donor1,23
donor1_CTCCCTCAGTAGACAT-1,donor1,20
donor1_CTCCCTCCACTGTCGG-1,donor1,17
donor1_CTCCCTCCATGGCGCT-1,donor1,3
donor1_CTCCCTCGTCACAGTT-1,donor1,17
donor1_CTCCCTCTCAATCCAG-1,donor1,20
donor1_CTCCGATAGGTTGGTG-1,donor1,3
donor1_CTCCGATCAAGATGGC-1,donor1,20
donor1_CTCCGATCACAGCGCT-1,donor1,0
donor1_CTCCGATGTGAGTTTC-1,donor1,21
donor1_CTCCGATGTGCTATTG-1,donor1,22
donor1_CTCCGATGTTGGGTTT-1,donor1,16
donor1_CTCCGATTCCGCACTT-1,donor1,13
donor1_CTCCTCCAGTATGACA-1,donor1,20
donor1_CTCCTCCCACACACGC-1,donor1,3
donor1_CTCCTCCCAGCTACCG-1,donor1,19
donor1_CTCCTCCCATCGTTCC-1,donor1,2
donor1_CTCCTCCCATGGAAGC-1,donor1,21
donor1_CTCCTCCCATGGACAG-1,donor1,17
donor1_CTCCTCCGTACTTCCC-1,donor1,1
donor1_CTCCTCCGTCATGGCC-1,donor1,6
donor1_CTCCTCCTCAGTAGGG-1,donor1,6
donor1_CTCCTCCTCGACTCCT-1,donor1,18
donor1_CTCCTCCTCGCAACAT-1,donor1,20
donor1_CTCCTCCTCGCTAATG-1,donor1,11
donor1_CTCCTCCTCGTCACCT-1,donor1,8
donor1_CTCCTCCTCGTCGACG-1,donor1,16
donor1_CTCCTCCTCTAGTGAC-1,donor1,0
donor1_CTCCTCCTCTCTCCTC-1,donor1,11
donor1_CTCCTTTAGTCGCCCA-1,donor1,19
donor1_CTCCTTTCAAGCTACT-1,donor1,18
donor1_CTCCTTTCAAGGGTCA-1,donor1,21
donor1_CTCCTTTCAGACTGCC-1,donor1,1
donor1_CTCCTTTGTTGCGGAA-1,donor1,17
donor1_CTCCTTTTCGGTCAGC-1,donor1,6
donor1_CTCCTTTTCGTCAAAC-1,donor1,2
donor1_CTCGAGGCAGTTGCGC-1,donor1,5
donor1_CTCGAGGGTATTGCCA-1,donor1,17
donor1_CTCGAGGGTCCCTGTT-1,donor1,6
donor1_CTCGAGGTCCCGAGGT-1,donor1,2
donor1_CTCTCAGAGGGTGAGG-1,donor1,1
donor1_CTCTCAGAGGGTTAGC-1,donor1,2
donor1_CTCTCAGCAACTAGAA-1,donor1,25
donor1_CTCTCAGCACGGCACT-1,donor1,21
donor1_CTCTCAGGTTTGGGTT-1,donor1,20
donor1_CTCTCAGTCGGCTTCT-1,donor1,14
donor1_CTCTCGAAGAAATGGG-1,donor1,5
donor1_CTCTCGAAGTTGCATC-1,donor1,21
donor1_CTCTCGACAACGAGGT-1,donor1,9
donor1_CTCTGGTAGCTTCATG-1,donor1,3
donor1_CTCTGGTAGTCATGAA-1,donor1,1
donor1_CTCTGGTCAAGACGGT-1,donor1,11
donor1_CTCTGGTCAATCGAAA-1,donor1,20
donor1_CTCTGGTCACTTTAGG-1,donor1,0
donor1_CTCTGGTCAGTCACGC-1,donor1,1
donor1_CTCTGGTCATCTTTCA-1,donor1,1
donor1_CTCTGGTGTCCAATCA-1,donor1,17
donor1_CTCTGGTGTGGATCGA-1,donor1,11
donor1_CTCTGGTTCTTTGCTA-1,donor1,20
donor1_CTGAATGAGAGATTCA-1,donor1,13
donor1_CTGAATGAGGAGATAG-1,donor1,12
donor1_CTGAATGAGTATGATG-1,donor1,17
donor1_CTGAATGCAGCTATTG-1,donor1,25
donor1_CTGAATGGTAGCCCTG-1,donor1,20
donor1_CTGAATGGTTAAGTCC-1,donor1,21
donor1_CTGAATGTCCGCAGTG-1,donor1,21
donor1_CTGAGCGAGCAAGTCG-1,donor1,1
donor1_CTGAGCGAGCAGTAAT-1,donor1,2
donor1_CTGAGCGCAAGATCCT-1,donor1,0
donor1_CTGAGCGCACGATTCA-1,donor1,2
donor1_CTGAGCGCAGAGTCAG-1,donor1,2
donor1_CTGAGCGTCCCTCTAG-1,donor1,9
donor1_CTGAGCGTCCGCACGA-1,donor1,12
donor1_CTGAGGCAGTAAATGC-1,donor1,15
donor1_CTGAGGCAGTTGTCAC-1,donor1,17
donor1_CTGAGGCCAACACAGG-1,donor1,11
donor1_CTGAGGCTCCTTACCG-1,donor1,6
donor1_CTGAGGCTCTCCAAGA-1,donor1,20
donor1_CTGATCCAGTCACACT-1,donor1,13
donor1_CTGATCCAGTTGCGAG-1,donor1,18
donor1_CTGATCCCAAACGGCA-1,donor1,3
donor1_CTGATCCCAATCGCCG-1,donor1,12
donor1_CTGATCCCATCGAAGG-1,donor1,0
donor1_CTGATCCTCGCCGTGA-1,donor1,17
donor1_CTGCAGGAGCACGATG-1,donor1,13
donor1_CTGCAGGAGCATATGA-1,donor1,20
donor1_CTGCAGGCATAGCACT-1,donor1,13
donor1_CTGCAGGGTCGCAGTC-1,donor1,12
donor1_CTGCAGGGTCTCAGGC-1,donor1,20
donor1_CTGCATCAGCCTTGAT-1,donor1,20
donor1_CTGCATCCAATCACGT-1,donor1,2
donor1_CTGCATCTCGAACGCC-1,donor1,6
donor1_CTGCATCTCTCCCATG-1,donor1,17
donor1_CTGCCATCAGCTGCCA-1,donor1,21
donor1_CTGCCATGTATTCTCT-1,donor1,18
donor1_CTGCCTAAGAATTGCA-1,donor1,12
donor1_CTGCCTAAGGACTAAT-1,donor1,17
donor1_CTGCCTACACCCTAGG-1,donor1,2
donor1_CTGCCTATCGATTGGT-1,donor1,17
donor1_CTGCCTATCGCACGAC-1,donor1,0
donor1_CTGCCTATCTCCAAGA-1,donor1,16
donor1_CTGCGAGGTCATCACA-1,donor1,0
donor1_CTGCGAGGTCCGAAGA-1,donor1,8
donor1_CTGCGAGGTCTCAGAT-1,donor1,0
donor1_CTGCTCAAGAACCGCA-1,donor1,17
donor1_CTGCTCACAAACTCTG-1,donor1,1
donor1_CTGCTCAGTAATACCC-1,donor1,19
donor1_CTGCTCAGTCCTCATC-1,donor1,6
donor1_CTGCTCAGTCGTACAT-1,donor1,18
donor1_CTGCTCAGTTGAATCC-1,donor1,1
donor1_CTGCTCATCAATGTCG-1,donor1,2
donor1_CTGCTCATCAGGCGAA-1,donor1,21
donor1_CTGCTCATCGTGGCTG-1,donor1,1
donor1_CTGCTCATCTAAGCCA-1,donor1,2
donor1_CTGCTCATCTGTTCAT-1,donor1,18
donor1_CTGGACGCAATAACGA-1,donor1,18
donor1_CTGGACGCACAGTCAT-1,donor1,19
donor1_CTGGACGGTAAGATTG-1,donor1,6
donor1_CTGGACGTCGGTCTAA-1,donor1,6
donor1_CTGGCAGAGATCGACG-1,donor1,21
donor1_CTGGCAGAGGGTCTTT-1,donor1,3
donor1_CTGGCAGTCCGAGTGC-1,donor1,20
donor1_CTGGTCTAGCTTTCCC-1,donor1,11
donor1_CTGGTCTCAGGTGACA-1,donor1,18
donor1_CTGGTCTCAGTCGCTG-1,donor1,0
donor1_CTGGTCTCATAGAATG-1,donor1,3
donor1_CTGGTCTGTGACAGGT-1,donor1,5
donor1_CTGGTCTGTGTATACC-1,donor1,11
donor1_CTGGTCTTCAGAATAG-1,donor1,19
donor1_CTGGTCTTCCGAGCTG-1,donor1,6
donor1_CTGGTCTTCCGATCGG-1,donor1,5
donor1_CTGTACCAGGTTGACG-1,donor1,11
donor1_CTGTACCAGTTGAAAC-1,donor1,0
donor1_CTGTACCCATAATCCG-1,donor1,20
donor1_CTGTACCGTCACCGCA-1,donor1,15
donor1_CTGTACCGTTCTTGTT-1,donor1,2
donor1_CTGTACCGTTGGTGTT-1,donor1,3
donor1_CTGTACCTCTCCAATT-1,donor1,12
donor1_CTGTAGAAGCCATATC-1,donor1,2
donor1_CTGTAGAAGTTGTAAG-1,donor1,17
donor1_CTGTAGACACCTAAAC-1,donor1,14
donor1_CTGTAGAGTTTCTTAC-1,donor1,19
donor1_CTGTAGATCAATCCAG-1,donor1,3
donor1_CTGTAGATCCGTCCTA-1,donor1,10
donor1_CTGTATTAGAGAGCAA-1,donor1,14
donor1_CTGTATTCAAAGGCGT-1,donor1,2
donor1_CTGTATTCAGAGGCTA-1,donor1,0
donor1_CTGTATTCAGTCACGC-1,donor1,22
donor1_CTGTCGTAGAATCTAG-1,donor1,21
donor1_CTGTCGTCAATACCTG-1,donor1,18
donor1_CTGTCGTCATCGCTCT-1,donor1,18
donor1_CTGTCGTGTGTGGACA-1,donor1,14
donor1_CTGTCGTTCATTCTTG-1,donor1,3
donor1_CTGTCGTTCGAGCCAC-1,donor1,20
donor1_CTGTCGTTCTACGCGG-1,donor1,3
donor1_CTGTGAAAGCCTAACT-1,donor1,18
donor1_CTGTGAAAGCGACTGA-1,donor1,19
donor1_CTGTGAAAGTCGTTAC-1,donor1,19
donor1_CTGTGAACAGAAGTGC-1,donor1,6
donor1_CTGTGAACATCGGCCA-1,donor1,17
donor1_CTGTGAAGTCGAGTTT-1,donor1,0
donor1_CTGTGAATCCAATGCA-1,donor1,6
donor1_CTGTGGGAGAAGTCAT-1,donor1,15
donor1_CTGTGGGAGAAGTGTT-1,donor1,5
donor1_CTGTGGGAGGCTATCT-1,donor1,18
donor1_CTGTGGGCATGGGATG-1,donor1,17
donor1_CTGTGGGTCAACACGT-1,donor1,21
donor1_CTGTGGGTCCGAAGGA-1,donor1,20
donor1_CTTACCGGTTACGATC-1,donor1,20
donor1_CTTACCGGTTGCATCA-1,donor1,25
donor1_CTTACCGTCATTACTC-1,donor1,6
donor1_CTTACCGTCCACACCT-1,donor1,17
donor1_CTTACCGTCCGTTTCG-1,donor1,1
donor1_CTTAGGAAGAATGTTG-1,donor1,11
donor1_CTTAGGAAGCTAGAAT-1,donor1,0
donor1_CTTAGGAAGGTGCCTC-1,donor1,14
donor1_CTTAGGAAGGTTAGTA-1,donor1,8
donor1_CTTAGGAAGTCGCCAC-1,donor1,13
donor1_CTTAGGACACCGTCGA-1,donor1,0
donor1_CTTAGGACACTTCTCG-1,donor1,11
donor1_CTTAGGAGTCGGAACA-1,donor1,22
donor1_CTTAGGATCACCTACC-1,donor1,12
donor1_CTTAGGATCACCTTAT-1,donor1,21
donor1_CTTAGGATCTATTGTC-1,donor1,17
donor1_CTTCAATAGAAGTATC-1,donor1,13
donor1_CTTCAATCAGACACAG-1,donor1,20
donor1_CTTCAATCATTGGGAG-1,donor1,18
donor1_CTTCAATGTAACGATA-1,donor1,13
donor1_CTTCAATGTCAACACT-1,donor1,15
donor1_CTTCCGAAGCTAGAAT-1,donor1,6
donor1_CTTCCGACAAACTCTG-1,donor1,13
donor1_CTTCCGACAAGAGTTA-1,donor1,3
donor1_CTTCCGACACCCTTGT-1,donor1,19
donor1_CTTCCGAGTAGGGTAC-1,donor1,11
donor1_CTTCCTTAGGTCGTCC-1,donor1,8
donor1_CTTCCTTAGTTGCCTA-1,donor1,3
donor1_CTTCCTTCATCACAGT-1,donor1,17
donor1_CTTCCTTGTCCCTGTT-1,donor1,0
donor1_CTTCCTTTCCGCGAGT-1,donor1,22
donor1_CTTCGGTAGACGGTCA-1,donor1,17
donor1_CTTCGGTAGATTGAGT-1,donor1,18
donor1_CTTCGGTAGCTTCGTA-1,donor1,19
donor1_CTTCGGTAGGAGAATG-1,donor1,22
donor1_CTTCGGTAGTGCCGAA-1,donor1,18
donor1_CTTCGGTCAAAGCTCT-1,donor1,21
donor1_CTTCGGTCAGACAAAT-1,donor1,21
donor1_CTTCGGTCAGGAACCA-1,donor1,13
donor1_CTTCGGTGTATCAGCT-1,donor1,8
donor1_CTTCGGTGTCTACGTA-1,donor1,4
donor1_CTTCGGTTCTGGGATT-1,donor1,0
donor1_CTTCTAACACACGTGC-1,donor1,27
donor1_CTTCTAACACTCCACT-1,donor1,21
donor1_CTTCTAAGTACGGCAA-1,donor1,19
donor1_CTTCTAAGTACTCCGG-1,donor1,3
donor1_CTTCTAATCATAGAGA-1,donor1,1
donor1_CTTCTCTAGCCGAATG-1,donor1,16
donor1_CTTCTCTGTCAGTTTG-1,donor1,3
donor1_CTTCTCTGTGAACTAA-1,donor1,13
donor1_CTTCTCTTCGATACTG-1,donor1,17
donor1_CTTGAGAAGTATAGAC-1,donor1,17
donor1_CTTGAGAAGTGCTCGC-1,donor1,0
donor1_CTTGAGACATATAGCC-1,donor1,3
donor1_CTTGAGACATTCCTAT-1,donor1,17
donor1_CTTGAGATCCTCTGCA-1,donor1,21
donor1_CTTGAGATCTGGACCG-1,donor1,21
donor1_CTTGATTAGGTAGCCA-1,donor1,4
donor1_CTTGATTAGGTTAAAC-1,donor1,8
donor1_CTTGATTGTCTTGCTC-1,donor1,6
donor1_CTTTCAACATCATCTT-1,donor1,18
donor1_CTTTCAAGTATGAAAC-1,donor1,11
donor1_CTTTCAATCTCTGGTC-1,donor1,20
donor1_CTTTCAATCTTTCGAT-1,donor1,8
donor1_CTTTCGGAGAGAACCC-1,donor1,1
donor1_CTTTCGGAGAGCAAGA-1,donor1,9
donor1_CTTTCGGAGAGGGCGA-1,donor1,13
donor1_CTTTCGGAGTTGGAGC-1,donor1,2
donor1_CTTTCGGCAACCAACT-1,donor1,3
donor1_CTTTCGGCAATTTCGG-1,donor1,8
donor1_CTTTCGGCATTGAGGG-1,donor1,2
donor1_CTTTCGGGTCGCACAC-1,donor1,3
donor1_CTTTCGGGTTCGATTG-1,donor1,8
donor1_CTTTCGGTCACGTCCT-1,donor1,18
donor1_GAAACCTAGCAACAAT-1,donor1,13
donor1_GAAACCTCAAGCAGGT-1,donor1,15
donor1_GAAACCTGTCGTGCCA-1,donor1,18
donor1_GAAACCTGTTCTTGTT-1,donor1,3
donor1_GAAACCTTCCACGAAT-1,donor1,20
donor1_GAAACCTTCCTAACAG-1,donor1,1
donor1_GAAATGAAGAGCTGCA-1,donor1,8
donor1_GAAATGAAGATAGCTA-1,donor1,18
donor1_GAAATGACACCATAAC-1,donor1,17
donor1_GAAATGAGTTCCAGGC-1,donor1,4
donor1_GAAATGAGTTGACTGT-1,donor1,2
donor1_GAAATGATCCAGCTCT-1,donor1,3
donor1_GAACACTCAACTACGT-1,donor1,17
donor1_GAACACTCAGGTTCAT-1,donor1,8
donor1_GAACACTCAGTTAGAA-1,donor1,17
donor1_GAACACTGTAGCTGCC-1,donor1,18
donor1_GAACACTGTAGCTTTG-1,donor1,15
donor1_GAACACTGTAGTTACC-1,donor1,11
donor1_GAACACTGTCCTTGTC-1,donor1,0
donor1_GAACGTTAGCAGCCTC-1,donor1,0
donor1_GAACGTTAGCGTGAGT-1,donor1,4
donor1_GAACGTTCAACCGACC-1,donor1,0
donor1_GAACGTTCAAGGCTTT-1,donor1,3
donor1_GAACGTTGTAACACCT-1,donor1,2
donor1_GAACGTTTCCTACAAG-1,donor1,22
donor1_GAACTGTAGGATTTCC-1,donor1,12
donor1_GAACTGTCAATTGCGT-1,donor1,15
donor1_GAACTGTCATTGCCTC-1,donor1,18
donor1_GAACTGTGTACCGGAA-1,donor1,17
donor1_GAACTGTTCTCCACTG-1,donor1,21
donor1_GAAGAATAGGAAAGGT-1,donor1,8
donor1_GAAGAATTCCTGCCAT-1,donor1,12
donor1_GAAGAATTCGACCCAG-1,donor1,8
donor1_GAAGCCCAGTCTAGCT-1,donor1,9
donor1_GAAGCGACAGCGTAGA-1,donor1,8
donor1_GAAGCGACATGGATCT-1,donor1,3
donor1_GAAGCGAGTCGTCAGC-1,donor1,6
donor1_GAAGCGAGTGCCCACA-1,donor1,3
donor1_GAAGCGAGTGCGGCTT-1,donor1,3
donor1_GAAGCGAGTGGCAGAT-1,donor1,21
donor1_GAAGCGATCATCTGTT-1,donor1,18
donor1_GAAGCGATCATGGGAG-1,donor1,3
donor1_GAAGCGATCTACCCAC-1,donor1,1
donor1_GAAGGACCAAAGTATG-1,donor1,3
donor1_GAAGGACCACCACATA-1,donor1,0
donor1_GAAGGACGTAATTGGA-1,donor1,17
donor1_GAAGGACGTCTAACTG-1,donor1,17
donor1_GAAGGGTTCAGTGCGC-1,donor1,20
donor1_GAAGGGTTCATGAGTC-1,donor1,3
donor1_GAAGTAAAGAGGCTGT-1,donor1,6
donor1_GAAGTAACAACTGTGT-1,donor1,1
donor1_GAAGTAACAGACCTGC-1,donor1,5
donor1_GAAGTAACATGAGGGT-1,donor1,13
donor1_GAAGTAAGTGACAGGT-1,donor1,21
donor1_GAAGTAAGTTGGATCT-1,donor1,13
donor1_GAATAGAAGCCATGCC-1,donor1,3
donor1_GAATAGAAGCGCTGCT-1,donor1,20
donor1_GAATAGAAGCTGTTCA-1,donor1,7
donor1_GAATAGAGTCCCTCAT-1,donor1,21
donor1_GAATAGAGTGGGTATG-1,donor1,0
donor1_GAATAGATCCATCGTC-1,donor1,3
donor1_GAATCACAGAGGCTGT-1,donor1,20
donor1_GAATCACAGATACCAA-1,donor1,2
donor1_GAATCACAGGGATCTG-1,donor1,2
donor1_GAATCACAGGGTCACA-1,donor1,17
donor1_GAATCACCACCTCAGG-1,donor1,19
donor1_GAATCACTCCGTAGGC-1,donor1,13
donor1_GAATCGTAGACTGGGT-1,donor1,0
donor1_GAATCGTAGGGCTAAC-1,donor1,21
donor1_GAATCGTCAACAGATA-1,donor1,8
donor1_GAATCGTCACATAGCT-1,donor1,0
donor1_GACACGCCACAAGGTG-1,donor1,16
donor1_GACACGCCAGAGGTTG-1,donor1,6
donor1_GACACGCGTGAGCAGT-1,donor1,2
donor1_GACACGCTCTACGCGG-1,donor1,19
donor1_GACACGCTCTGAGGTT-1,donor1,19
donor1_GACATCAAGGCAGGGA-1,donor1,17
donor1_GACATCACAATTGCGT-1,donor1,17
donor1_GACATCACACGTATAC-1,donor1,5
donor1_GACATCAGTCCGGTGT-1,donor1,17
donor1_GACATCATCAAGAATG-1,donor1,17
donor1_GACCAATAGACATATG-1,donor1,3
donor1_GACCAATCAAGAAATC-1,donor1,17
donor1_GACCAATGTAGGATAT-1,donor1,13
donor1_GACCAATTCAACCTTT-1,donor1,16
donor1_GACCCAGCATGAGTAA-1,donor1,0
donor1_GACCCAGGTCTCCCTA-1,donor1,12
donor1_GACCCAGTCATCTACT-1,donor1,1
donor1_GACCCAGTCTGGGAGA-1,donor1,3
donor1_GACCCTTCACTCACTC-1,donor1,21
donor1_GACCCTTCAGTATACC-1,donor1,13
donor1_GACCCTTCATGTAACC-1,donor1,17
donor1_GACCCTTGTCTCTCAC-1,donor1,14
donor1_GACCCTTGTGACAACG-1,donor1,15
donor1_GACCCTTTCCACGTAA-1,donor1,17
donor1_GACCGTGAGCCTGACC-1,donor1,2
donor1_GACCGTGAGTTGCTGT-1,donor1,2
donor1_GACCGTGCAAACCGGA-1,donor1,6
donor1_GACCGTGCAATTCACG-1,donor1,19
donor1_GACCGTGGTATGTGTC-1,donor1,18
donor1_GACCGTGGTTCCACAA-1,donor1,19
donor1_GACCGTGTCACCATGA-1,donor1,3
donor1_GACCGTGTCGCTAAAC-1,donor1,3
donor1_GACCTTCAGACTTCCA-1,donor1,2
donor1_GACCTTCCAGAACTAA-1,donor1,16
donor1_GACCTTCCAGATACTC-1,donor1,21
donor1_GACCTTCCATCGATCA-1,donor1,6
donor1_GACCTTCCATGTGCTA-1,donor1,3
donor1_GACCTTCGTCGACTTA-1,donor1,8
donor1_GACCTTCGTCGTCATA-1,donor1,15
donor1_GACCTTCTCACTGGGC-1,donor1,3
donor1_GACGCTGAGCAGCCCT-1,donor1,15
donor1_GACGCTGGTACTGAGG-1,donor1,3
donor1_GACGCTGTCATAAGGA-1,donor1,13
donor1_GACGCTGTCCACTTTA-1,donor1,13
donor1_GACGCTGTCCTAGCTC-1,donor1,17
donor1_GACGCTGTCGCAACAT-1,donor1,15
donor1_GACGTTAAGTCAATCC-1,donor1,4
donor1_GACGTTACAACCGGAA-1,donor1,6
donor1_GACGTTAGTCCAGCAC-1,donor1,8
donor1_GACGTTATCACTGGGC-1,donor1,9
donor1_GACGTTATCATTCATC-1,donor1,8
donor1_GACGTTATCCTTGACC-1,donor1,21
donor1_GACGTTATCGAGAAAT-1,donor1,8
donor1_GACTATGAGAAGATCT-1,donor1,2
donor1_GACTCAAAGACCCGCT-1,donor1,15
donor1_GACTCAAAGAGCACTG-1,donor1,16
donor1_GACTCAACAGAACTAA-1,donor1,0
donor1_GACTCAAGTAACACGG-1,donor1,16
donor1_GACTCAAGTTCCTACC-1,donor1,1
donor1_GACTCTCAGACATATG-1,donor1,1
donor1_GACTCTCAGTAGCATA-1,donor1,0
donor1_GACTCTCCAAGCGAAC-1,donor1,20
donor1_GACTCTCGTCGAAACG-1,donor1,21
donor1_GACTCTCGTTCGGCCA-1,donor1,6
donor1_GACTCTCTCCGAGAAG-1,donor1,3
donor1_GACTCTCTCGCAAGAG-1,donor1,16
donor1_GACTCTCTCGGAAACG-1,donor1,20
donor1_GACTGATAGACTCAAA-1,donor1,16
donor1_GACTGATCAACTCGTA-1,donor1,18
donor1_GACTGATCATATAGCC-1,donor1,18
donor1_GACTGATCATCGTGGC-1,donor1,12
donor1_GACTGATTCCAATCTT-1,donor1,18
donor1_GACTGATTCTCGGTCT-1,donor1,3
donor1_GACTTCCCAAGGATGC-1,donor1,6
donor1_GACTTCCCAAGTTTGC-1,donor1,3
donor1_GACTTCCCAATTAGGA-1,donor1,1
donor1_GACTTCCCATGATAGA-1,donor1,0
donor1_GACTTCCGTATATGGA-1,donor1,13
donor1_GACTTCCGTCCGCAGT-1,donor1,1
donor1_GAGAAATCAGAAGCTG-1,donor1,15
donor1_GAGAAATCAGGGTCTC-1,donor1,3
donor1_GAGAAATCATAACGGG-1,donor1,3
donor1_GAGAAATGTATACCCA-1,donor1,2
donor1_GAGAAATGTGAGTTTC-1,donor1,2
donor1_GAGAAATGTGCAATGG-1,donor1,0
donor1_GAGAAATGTGGGTATG-1,donor1,21
donor1_GAGAAATTCTATCCAT-1,donor1,17
donor1_GAGACCCAGACAACAT-1,donor1,13
donor1_GAGACCCCAAGGGCAT-1,donor1,0
donor1_GAGACCCCAGACCTGC-1,donor1,14
donor1_GAGACCCCAGAGGACT-1,donor1,12
donor1_GAGACCCCAGTAACGG-1,donor1,13
donor1_GAGACCCGTAACTGCT-1,donor1,5
donor1_GAGACCCGTCGGAAAC-1,donor1,6
donor1_GAGACCCTCTTGCGCT-1,donor1,14
donor1_GAGACTTAGCCGTAAG-1,donor1,17
donor1_GAGAGGTAGAGTTGTA-1,donor1,21
donor1_GAGAGGTAGATCCTAC-1,donor1,6
donor1_GAGATGGCAGTGGCTC-1,donor1,6
donor1_GAGATGGTCGAATGCT-1,donor1,14
donor1_GAGCCTGCATCGTGGC-1,donor1,20
donor1_GAGCCTGGTAAGATCA-1,donor1,20
donor1_GAGCCTGGTACCGCGT-1,donor1,0
donor1_GAGCCTGGTAGCTTAC-1,donor1,0
donor1_GAGCCTGTCACAACCA-1,donor1,0
donor1_GAGCCTGTCCGAGCTG-1,donor1,21
donor1_GAGCCTGTCGAGTGGA-1,donor1,18
donor1_GAGCTGCTCTTGGTGA-1,donor1,5
donor1_GAGGCAAAGGCCATAG-1,donor1,15
donor1_GAGGCAAAGGGACACT-1,donor1,17
donor1_GAGGCAACAATTGGTC-1,donor1,13
donor1_GAGGCAAGTACCTAGT-1,donor1,9
donor1_GAGGCAAGTCGTATGT-1,donor1,19
donor1_GAGGCAAGTCTGTTAG-1,donor1,13
donor1_GAGGCAATCTTCTAAC-1,donor1,21
donor1_GAGGCCTCACCGGCTA-1,donor1,21
donor1_GAGGCCTGTCATAAAG-1,donor1,3
donor1_GAGGGATAGAGAGCAA-1,donor1,0
donor1_GAGGGATAGAGCTGCA-1,donor1,18
donor1_GAGGGATTCAGTCAGT-1,donor1,8
donor1_GAGGGTAAGACCAAAT-1,donor1,6
donor1_GAGGGTAAGAGTATAC-1,donor1,2
donor1_GAGGGTAAGCATTGTC-1,donor1,20
donor1_GAGGGTAAGGTCGTGA-1,donor1,18
donor1_GAGGGTACAACGATCT-1,donor1,17
donor1_GAGGGTACACCTGATA-1,donor1,20
donor1_GAGGGTACATGAAGCG-1,donor1,1
donor1_GAGGGTAGTGCCCGTA-1,donor1,13
donor1_GAGGGTAGTTTCGTGA-1,donor1,19
donor1_GAGGGTATCCAGCACG-1,donor1,2
donor1_GAGTCATCAGAGTAAT-1,donor1,13
donor1_GAGTCATCATCCTATT-1,donor1,3
donor1_GAGTCATTCATGAAAG-1,donor1,13
donor1_GAGTCATTCCAGCTCT-1,donor1,2
donor1_GAGTCATTCTCTATAC-1,donor1,15
donor1_GAGTCATTCTGCGGAC-1,donor1,3
donor1_GAGTCTACACTTCCTG-1,donor1,6
donor1_GAGTCTAGTACGGATG-1,donor1,15
donor1_GAGTCTAGTCGTGCCA-1,donor1,13
donor1_GAGTCTAGTGAATGAT-1,donor1,0
donor1_GAGTCTAGTGGAATGC-1,donor1,14
donor1_GAGTCTATCACCATAG-1,donor1,17
donor1_GAGTGAGAGTATGATG-1,donor1,0
donor1_GAGTGAGAGTTTGAGA-1,donor1,8
donor1_GAGTGAGCACAGACGA-1,donor1,18
donor1_GAGTGAGTCCGGCTTT-1,donor1,8
donor1_GAGTGAGTCGCGAAGA-1,donor1,20
donor1_GAGTGTTCACAGCCTG-1,donor1,3
donor1_GAGTGTTCATCCTGTC-1,donor1,1
donor1_GAGTTACAGCGAGTCA-1,donor1,17
donor1_GAGTTACCACCTTCCA-1,donor1,13
donor1_GAGTTACTCATGTCTT-1,donor1,20
donor1_GAGTTACTCGCAGTCG-1,donor1,8
donor1_GAGTTGTAGAAGTGTT-1,donor1,11
donor1_GAGTTGTAGCCGCACT-1,donor1,17
donor1_GAGTTGTAGCGACAGT-1,donor1,3
donor1_GAGTTGTAGCGACTAG-1,donor1,21
donor1_GAGTTGTCAACGATTC-1,donor1,10
donor1_GAGTTGTCAGAGGCAT-1,donor1,13
donor1_GAGTTGTCATTGCTGA-1,donor1,21
donor1_GAGTTGTGTACTCGCG-1,donor1,17
donor1_GAGTTGTGTTGTCCCT-1,donor1,2
donor1_GAGTTGTGTTTACCAG-1,donor1,20
donor1_GAGTTGTTCGGTAGGA-1,donor1,3
donor1_GAGTTTGCACGTCTCT-1,donor1,21
donor1_GAGTTTGCATGCCGAC-1,donor1,19
donor1_GAGTTTGGTACAGGTG-1,donor1,21
donor1_GAGTTTGTCAGCTGTA-1,donor1,13
donor1_GAGTTTGTCATCTCTA-1,donor1,6
donor1_GAGTTTGTCGGCATTA-1,donor1,11
donor1_GAGTTTGTCTTAGCCC-1,donor1,0
donor1_GATAGAAAGCTCGGCT-1,donor1,0
donor1_GATAGAAGTACAGGTG-1,donor1,8
donor1_GATAGAAGTACTGGGA-1,donor1,17
donor1_GATAGAAGTGCACAAG-1,donor1,8
donor1_GATAGAATCTGCTCTG-1,donor1,4
donor1_GATAGCTAGGTGCGAT-1,donor1,19
donor1_GATAGCTAGTCTGGAG-1,donor1,13
donor1_GATAGCTCACAGTCAT-1,donor1,8
donor1_GATAGCTGTTTACTGG-1,donor1,6
donor1_GATAGCTTCGCTCATC-1,donor1,20
donor1_GATCACACATACTTTC-1,donor1,3
donor1_GATCACAGTAGTGGCA-1,donor1,3
donor1_GATCACAGTTGTATGC-1,donor1,20
donor1_GATCACATCCTTACCG-1,donor1,24
donor1_GATCACATCTCCAATT-1,donor1,13
donor1_GATCAGTAGCTCGTGC-1,donor1,2
donor1_GATCAGTCAAGAGGTC-1,donor1,6
donor1_GATCAGTCAGGAATAT-1,donor1,8
donor1_GATCAGTGTGGCCCAT-1,donor1,12
donor1_GATCAGTTCCGTACGG-1,donor1,3
donor1_GATCATGCAGATTTCG-1,donor1,6
donor1_GATCATGGTATCAAGA-1,donor1,17
donor1_GATCATGGTGAGACGT-1,donor1,20
donor1_GATCATGGTTCTCTAT-1,donor1,20
donor1_GATCCCTAGTCTTCGA-1,donor1,0
donor1_GATCCCTCATACTTTC-1,donor1,5
donor1_GATCCCTGTACTTGTG-1,donor1,21
donor1_GATCCCTGTCATACCA-1,donor1,2
donor1_GATCCCTTCAGCCCAG-1,donor1,6
donor1_GATCCCTTCTCGGTCT-1,donor1,18
donor1_GATCGTAGTTCCATTT-1,donor1,0
donor1_GATCGTAGTTCTTCAT-1,donor1,13
donor1_GATCGTAGTTGGACTT-1,donor1,13
donor1_GATGACTAGTGGGAAA-1,donor1,17
donor1_GATGACTCAAGAGTGC-1,donor1,16
donor1_GATGACTCATCTGCGG-1,donor1,3
donor1_GATGACTGTAGACAGC-1,donor1,21
donor1_GATGACTGTTACGATC-1,donor1,3
donor1_GATGACTTCTAGCCTC-1,donor1,8
donor1_GATGAGGAGACATCAA-1,donor1,21
donor1_GATGAGGAGGCGCTTC-1,donor1,16
donor1_GATGAGGAGGTTCTTG-1,donor1,12
donor1_GATGAGGCAAGCGATG-1,donor1,5
donor1_GATGAGGCACTACTTT-1,donor1,19
donor1_GATGAGGCACTGGCGT-1,donor1,19
donor1_GATGAGGTCAAGTCGT-1,donor1,3
donor1_GATGAGGTCTAAGCGT-1,donor1,13
donor1_GATGAGGTCTCGAGTA-1,donor1,2
donor1_GATGATCAGACCATTC-1,donor1,20
donor1_GATGATCCACAAGTGG-1,donor1,3
donor1_GATGATCGTAGGTAGC-1,donor1,0
donor1_GATGATCGTATCGAGG-1,donor1,6
donor1_GATGATCTCACGAACT-1,donor1,19
donor1_GATGCTAAGCAATAAC-1,donor1,9
donor1_GATGCTAAGTATCCTG-1,donor1,15
donor1_GATGCTACACGATAGG-1,donor1,21
donor1_GATGCTATCCTCTAGC-1,donor1,21
donor1_GATGGAGAGGACACTG-1,donor1,6
donor1_GATGGAGCACTAACCA-1,donor1,3
donor1_GATGGAGCAGGTTCGC-1,donor1,0
donor1_GATGGAGGTTCGGGTC-1,donor1,9
donor1_GATGGAGTCATGGCCG-1,donor1,14
donor1_GATGGAGTCCAAATGC-1,donor1,17
donor1_GATGGAGTCCGAAATC-1,donor1,20
donor1_GATGGAGTCCTTTAGT-1,donor1,20
donor1_GATGGAGTCGACCTAA-1,donor1,9
donor1_GATGGAGTCGCTAAAC-1,donor1,0
donor1_GATGTTGAGTGGTGAC-1,donor1,2
donor1_GATGTTGCAGACGATG-1,donor1,21
donor1_GATGTTGCAGTTTCAG-1,donor1,8
donor1_GATGTTGCATACCACA-1,donor1,17
donor1_GATGTTGGTGTAACGG-1,donor1,20
donor1_GATGTTGGTTCTCCCA-1,donor1,18
donor1_GATTCGAAGAAGAACG-1,donor1,9
donor1_GATTCGAAGCACCCAC-1,donor1,8
donor1_GATTCGAAGGCGTTGA-1,donor1,11
donor1_GATTCGAAGGTCATAA-1,donor1,0
donor1_GATTCGACAGAAATCA-1,donor1,6
donor1_GATTCGACAGAGTCAG-1,donor1,20
donor1_GATTCGAGTCCGGACT-1,donor1,17
donor1_GATTCGAGTTCCTAAG-1,donor1,0
donor1_GATTCTTAGGCATGGT-1,donor1,19
donor1_GATTCTTAGGCTAACG-1,donor1,17
donor1_GATTCTTAGTCCTGCG-1,donor1,18
donor1_GATTCTTGTATAATGG-1,donor1,8
donor1_GATTCTTTCTGGGCAC-1,donor1,21
donor1_GATTGGTAGTTGCTGT-1,donor1,1
donor1_GATTGGTCAACAACAA-1,donor1,0
donor1_GATTGGTCATACCGTA-1,donor1,2
donor1_GATTGGTGTCGGATTT-1,donor1,3
donor1_GATTGGTTCCCTTTGG-1,donor1,21
donor1_GATTTCTAGTCAATCC-1,donor1,13
donor1_GATTTCTAGTTCACTG-1,donor1,17
donor1_GATTTCTTCCTTATCA-1,donor1,21
donor1_GATTTCTTCTATTCGT-1,donor1,6
donor1_GCAACATAGAAATCCA-1,donor1,0
donor1_GCAACATAGATGAACT-1,donor1,9
donor1_GCAACATAGCACCGAA-1,donor1,8
donor1_GCAACATCAAAGCAAT-1,donor1,8
donor1_GCAACATCACAAATCC-1,donor1,13
donor1_GCAACATGTACGAAAT-1,donor1,21
donor1_GCAACATTCAGAATAG-1,donor1,19
donor1_GCAACATTCTGGTCAA-1,donor1,13
donor1_GCAACCGAGCTTTGTG-1,donor1,13
donor1_GCAACCGAGGTTAGTA-1,donor1,11
donor1_GCACATACAACAAGAT-1,donor1,20
donor1_GCACATAGTAGTTCCA-1,donor1,20
donor1_GCACGGTCAGTGTATC-1,donor1,0
donor1_GCACGGTTCCACCTCA-1,donor1,3
donor1_GCACGGTTCGTGCGAC-1,donor1,3
donor1_GCACGGTTCTGGCTGG-1,donor1,18
donor1_GCACGTGCACGCTGCA-1,donor1,13
donor1_GCACGTGCAGCGTGAA-1,donor1,8
donor1_GCACGTGGTTGCATAC-1,donor1,8
donor1_GCACGTGTCACCGGGT-1,donor1,6
donor1_GCACGTGTCGAGAGAC-1,donor1,17
donor1_GCACTAAAGACAGCGT-1,donor1,11
donor1_GCACTAAAGATAACGT-1,donor1,20
donor1_GCACTAAGTATCATGC-1,donor1,6
donor1_GCACTAAGTCTAATCG-1,donor1,18
donor1_GCACTAATCGACGATT-1,donor1,0
donor1_GCACTAATCGCCTAGG-1,donor1,8
donor1_GCAGCCAGTACTGCGC-1,donor1,12
donor1_GCAGCCAGTAGACACG-1,donor1,0
donor1_GCAGCCAGTCAACACT-1,donor1,2
donor1_GCAGCCAGTTCGGTAT-1,donor1,3
donor1_GCAGCCATCCGATCGG-1,donor1,22
donor1_GCAGCCATCTAATTCC-1,donor1,0
donor1_GCAGCCATCTTGCAGA-1,donor1,18
donor1_GCAGCTGGTACGTAGG-1,donor1,17
donor1_GCAGCTGGTGATTGGG-1,donor1,2
donor1_GCAGCTGGTTTGACAC-1,donor1,2
donor1_GCAGCTGTCACGGAGA-1,donor1,0
donor1_GCAGGCTAGTTGGACG-1,donor1,21
donor1_GCAGGCTCAGATTTCG-1,donor1,0
donor1_GCAGGCTTCAGTCATG-1,donor1,21
donor1_GCAGGCTTCGGCCCAA-1,donor1,3
donor1_GCAGTTAGTCAGTCGC-1,donor1,17
donor1_GCAGTTATCAGACTGT-1,donor1,17
donor1_GCAGTTATCGGTTAGT-1,donor1,17
donor1_GCATCGGCAAATTGCC-1,donor1,8
donor1_GCATCGGCAGGGTTGA-1,donor1,3
donor1_GCATCGGTCAACGCTA-1,donor1,18
donor1_GCATCTCAGCCTTGAT-1,donor1,0
donor1_GCATCTCGTATACAGA-1,donor1,3
donor1_GCATCTCGTCCACAGC-1,donor1,8
donor1_GCATCTCTCACTGAAC-1,donor1,2
donor1_GCATCTCTCAGCGTCG-1,donor1,21
donor1_GCATGATAGGTTACCT-1,donor1,19
donor1_GCATGATCAGAGATTA-1,donor1,13
donor1_GCATGATCAGTCGAGA-1,donor1,21
donor1_GCATGATGTACCGCGT-1,donor1,21
donor1_GCATGATGTACGAAAT-1,donor1,1
donor1_GCATTAGAGACAGCGT-1,donor1,2
donor1_GCATTAGCAAGTGATA-1,donor1,13
donor1_GCATTAGCAGCAGAAC-1,donor1,3
donor1_GCATTAGCAGCGTGCT-1,donor1,16
donor1_GCATTAGGTGTTACAC-1,donor1,1
donor1_GCATTAGTCCATTTAC-1,donor1,5
donor1_GCATTAGTCGGTCACG-1,donor1,19
donor1_GCCAACGAGTCCCAGC-1,donor1,0
donor1_GCCAACGCAAGAGGCT-1,donor1,6
donor1_GCCAACGCAATTTCGG-1,donor1,3
donor1_GCCAACGCATGGCTAT-1,donor1,18
donor1_GCCAACGCATGTGGTT-1,donor1,13
donor1_GCCAACGGTCAGTCTA-1,donor1,0
donor1_GCCAACGGTGAGATTA-1,donor1,3
donor1_GCCAACGGTGTATTGC-1,donor1,13
donor1_GCCAACGGTTAGAGTA-1,donor1,3
donor1_GCCAACGGTTCTCAGA-1,donor1,15
donor1_GCCAACGTCGCCTATC-1,donor1,17
donor1_GCCAGCAAGCCTTTGA-1,donor1,18
donor1_GCCAGCAAGTGTTCCA-1,donor1,13
donor1_GCCAGCACAGCCTATA-1,donor1,17
donor1_GCCAGCAGTGTGGTCC-1,donor1,0
donor1_GCCAGCATCATACGGT-1,donor1,12
donor1_GCCAGGTAGGGCAGAG-1,donor1,6
donor1_GCCAGGTCAAGACAAT-1,donor1,12
donor1_GCCAGGTCATAGATGA-1,donor1,15
donor1_GCCAGGTTCAGTCCGG-1,donor1,3
donor1_GCCAGGTTCTGGACCG-1,donor1,12
donor1_GCCAGTGAGATACGAT-1,donor1,3
donor1_GCCAGTGCACGAAAGC-1,donor1,13
donor1_GCCAGTGGTCTCGGGT-1,donor1,21
donor1_GCCATGGGTGTGATGG-1,donor1,13
donor1_GCCATGGTCATTTCGT-1,donor1,16
donor1_GCCATTCAGGTCCAGA-1,donor1,21
donor1_GCCATTCGTTTCGCTC-1,donor1,0
donor1_GCCATTCTCAGCACCG-1,donor1,16
donor1_GCCATTCTCGGAACTT-1,donor1,9
donor1_GCCCAGAAGTCCTGTA-1,donor1,10
donor1_GCCCAGAGTAGATTGA-1,donor1,18
donor1_GCCCAGAGTCGATGCC-1,donor1,6
donor1_GCCCAGAGTTAGAGAT-1,donor1,18
donor1_GCCCAGATCCCGAGGT-1,donor1,3
donor1_GCCCGAAAGGCTCTCG-1,donor1,15
donor1_GCCCGAAAGGTTAGTA-1,donor1,2
donor1_GCCCGAACAAATGGTA-1,donor1,16
donor1_GCCCGAACAATCCAGT-1,donor1,15
donor1_GCCCGAACATAGTCGT-1,donor1,2
donor1_GCCCGAAGTATCAGGG-1,donor1,21
donor1_GCCCGAAGTGACCTGC-1,donor1,20
donor1_GCCCGAATCAGTGGGA-1,donor1,13
donor1_GCCGATGCAAGGCTTT-1,donor1,2
donor1_GCCGATGGTAAGTTAG-1,donor1,8
donor1_GCCGATGGTGGCTAGA-1,donor1,17
donor1_GCCGTGAAGAGCTTTC-1,donor1,13
donor1_GCCGTGACACTCTAGA-1,donor1,1
donor1_GCCGTGATCTGACCCT-1,donor1,16
donor1_GCCTGTTAGATGAACT-1,donor1,6
donor1_GCCTGTTAGCAAATCA-1,donor1,20
donor1_GCCTGTTCATCGATGT-1,donor1,3
donor1_GCCTGTTGTGGGTTGA-1,donor1,0
donor1_GCCTGTTGTGGTCTGC-1,donor1,19
donor1_GCCTGTTTCGCTTGCT-1,donor1,3
donor1_GCGAGAAAGTGATAGT-1,donor1,21
donor1_GCGAGAACAGATAAAC-1,donor1,24
donor1_GCGAGAAGTCAGCGTC-1,donor1,20
donor1_GCGAGAAGTCATAACC-1,donor1,18
donor1_GCGAGAAGTTCAATCG-1,donor1,8
donor1_GCGAGAAGTTGGACCC-1,donor1,19
donor1_GCGAGAATCTGAGGTT-1,donor1,18
donor1_GCGATCGAGGAGAATG-1,donor1,13
donor1_GCGATCGAGGTCGCCT-1,donor1,16
donor1_GCGATCGCACTAACCA-1,donor1,6
donor1_GCGATCGGTAGAAACT-1,donor1,21
donor1_GCGATCGGTGGTAATA-1,donor1,3
donor1_GCGATCGGTTGGAGGT-1,donor1,6
donor1_GCGGAAACATGGCCCA-1,donor1,2
donor1_GCGGAAATCACCTTAT-1,donor1,6
donor1_GCGGAAATCCATTTAC-1,donor1,13
donor1_GCGGATCAGTATCCTG-1,donor1,16
donor1_GCGGATCCAGAGATTA-1,donor1,2
donor1_GCGGATCGTACCAGAG-1,donor1,0
donor1_GCGGATCTCGAAGTGG-1,donor1,16
donor1_GCGGATCTCGAGATGG-1,donor1,2
donor1_GCGTGCAAGCTACAAA-1,donor1,20
donor1_GCGTGCAAGGCGAACT-1,donor1,0
donor1_GCGTGCAGTATCGTAC-1,donor1,9
donor1_GCGTGCATCACCCTGT-1,donor1,18
donor1_GCGTGCATCTTCACGC-1,donor1,14
donor1_GCGTTTCCAGTCAGAG-1,donor1,21
donor1_GCGTTTCCAGTTTCAG-1,donor1,22
donor1_GCGTTTCGTCGCACAC-1,donor1,2
donor1_GCGTTTCTCGTAGCCG-1,donor1,9
donor1_GCGTTTCTCTCTCTAA-1,donor1,6
donor1_GCTACAAAGCTAATCC-1,donor1,20
donor1_GCTACAAAGGATGTTA-1,donor1,3
donor1_GCTACAACAGCTGTCG-1,donor1,2
donor1_GCTACAACATGGCTGC-1,donor1,13
donor1_GCTACAAGTATCTTCT-1,donor1,16
donor1_GCTACAATCCGGCAAC-1,donor1,17
donor1_GCTACCTAGCCTTTGA-1,donor1,8
donor1_GCTACCTAGTGTTGAA-1,donor1,21
donor1_GCTACCTCACGACGCT-1,donor1,6
donor1_GCTACCTCAGAAGTTA-1,donor1,21
donor1_GCTACCTGTCCTGAAT-1,donor1,13
donor1_GCTCAAAAGATAGGGA-1,donor1,3
donor1_GCTCAAAAGCCGTAAG-1,donor1,3
donor1_GCTCAAAAGGAAAGGT-1,donor1,18
donor1_GCTCAAAGTAGCTGCC-1,donor1,2
donor1_GCTCAAAGTAGTTACC-1,donor1,2
donor1_GCTCAAAGTCTTGAAC-1,donor1,14
donor1_GCTCAAATCACGACTA-1,donor1,2
donor1_GCTCAAATCCTTGACC-1,donor1,16
donor1_GCTGAATCAAAGAGTT-1,donor1,13
donor1_GCTGAATCACAGTATC-1,donor1,3
donor1_GCTGAATCAGCATGCC-1,donor1,3
donor1_GCTGAATGTTCTCTCG-1,donor1,2
donor1_GCTGCAGAGCCGTAAG-1,donor1,9
donor1_GCTGCAGCACTTCAAG-1,donor1,16
donor1_GCTGCAGGTGTTCAGT-1,donor1,2
donor1_GCTGCAGTCCAAGCTA-1,donor1,5
donor1_GCTGCAGTCTCGAACA-1,donor1,1
donor1_GCTGCAGTCTTACGGA-1,donor1,0
donor1_GCTGGGTAGGCAGGGA-1,donor1,3
donor1_GCTGGGTAGTTGCGAG-1,donor1,2
donor1_GCTGGGTCACTCAGAT-1,donor1,18
donor1_GCTGGGTTCAATCCAG-1,donor1,11
donor1_GCTGGGTTCCCGAAAT-1,donor1,21
donor1_GCTTCACAGCGATGGT-1,donor1,3
donor1_GCTTCACGTCCTGGTG-1,donor1,19
donor1_GCTTCACGTGAAGCTG-1,donor1,15
donor1_GCTTCACGTTCTTGCC-1,donor1,8
donor1_GCTTCACGTTGTGGCC-1,donor1,12
donor1_GCTTCACTCGCAATGT-1,donor1,22
donor1_GCTTCACTCGCTAAAC-1,donor1,12
donor1_GCTTGGGAGCGAGAAA-1,donor1,3
donor1_GCTTGGGAGGGACAGG-1,donor1,0
donor1_GCTTGGGCATGAGAAT-1,donor1,13
donor1_GCTTGGGGTTAGCGGA-1,donor1,18
donor1_GCTTGGGTCGTTAGTG-1,donor1,4
donor1_GCTTTCGAGTCTCGTA-1,donor1,0
donor1_GCTTTCGCATACTGTG-1,donor1,0
donor1_GCTTTCGGTGACAGCA-1,donor1,14
donor1_GGAACCCAGCCTTTGA-1,donor1,6
donor1_GGAACCCCACGATTCA-1,donor1,2
donor1_GGAACCCCACGCTGTG-1,donor1,13
donor1_GGAACCCGTCCCGGTA-1,donor1,6
donor1_GGAACCCGTGGAAGTC-1,donor1,17
donor1_GGAACCCTCTGTCCCA-1,donor1,6
donor1_GGAAGTGAGAAGATCT-1,donor1,2
donor1_GGAAGTGAGAGAAGGT-1,donor1,3
donor1_GGAAGTGAGCGTATGG-1,donor1,21
donor1_GGAAGTGAGGAGAGGC-1,donor1,3
donor1_GGAAGTGGTTGGATCT-1,donor1,13
donor1_GGAAGTGTCTATCACT-1,donor1,18
donor1_GGAATCTAGATTCGCT-1,donor1,11
donor1_GGAATCTCAGCACAAG-1,donor1,3
donor1_GGAATGGGTGAGGATC-1,donor1,20
donor1_GGAATGGGTGTGATGG-1,donor1,16
donor1_GGAATGGTCGCTGTCT-1,donor1,16
donor1_GGACGTCAGCGATGGT-1,donor1,20
donor1_GGACGTCAGCTAATGA-1,donor1,18
donor1_GGACGTCAGGCTGGAT-1,donor1,9
donor1_GGACGTCCAGACAAAT-1,donor1,3
donor1_GGACGTCGTATGGGAC-1,donor1,13
donor1_GGACGTCTCCGCAAAT-1,donor1,0
donor1_GGAGATGAGAGCCATG-1,donor1,3
donor1_GGAGATGAGTCATCGT-1,donor1,13
donor1_GGAGATGAGTGCACAG-1,donor1,8
donor1_GGAGATGCAGCATTGT-1,donor1,2
donor1_GGAGATGGTGTAGTGG-1,donor1,3
donor1_GGAGATGGTTGGGACA-1,donor1,11
donor1_GGAGATGTCTTCCACG-1,donor1,6
donor1_GGAGCAACACTCAAGT-1,donor1,17
donor1_GGAGCAACACTCGATA-1,donor1,11
donor1_GGAGCAAGTAACTAAG-1,donor1,21
donor1_GGAGCAAGTAAGACCG-1,donor1,17
donor1_GGAGCAAGTCGTTATG-1,donor1,1
donor1_GGAGGTAGTCCACATA-1,donor1,12
donor1_GGAGGTATCAGTCCGG-1,donor1,3
donor1_GGAGGTATCATTTGCT-1,donor1,19
donor1_GGATCTAAGCTAGAGC-1,donor1,20
donor1_GGATCTACACCTGCTT-1,donor1,12
donor1_GGATCTATCAAGCCCG-1,donor1,17
donor1_GGATCTATCACACGAT-1,donor1,20
donor1_GGATCTATCGCCCAGA-1,donor1,25
donor1_GGATCTATCTGCTTAT-1,donor1,13
donor1_GGATGTTAGTAAACGT-1,donor1,0
donor1_GGATGTTAGTCACTGT-1,donor1,13
donor1_GGATGTTTCGGCACTG-1,donor1,16
donor1_GGCACGTAGCAACAGC-1,donor1,8
donor1_GGCACGTAGGGCTTCC-1,donor1,13
donor1_GGCACGTAGGTCATAA-1,donor1,15
donor1_GGCACGTCACGCACCA-1,donor1,11
donor1_GGCACGTGTCAAAGCG-1,donor1,12
donor1_GGCACGTGTTGATCGT-1,donor1,3
donor1_GGCAGTCAGAGAGGTA-1,donor1,13
donor1_GGCAGTCAGATTAGTG-1,donor1,15
donor1_GGCAGTCAGTAGTCAA-1,donor1,1
donor1_GGCAGTCGTAACTGCT-1,donor1,21
donor1_GGCAGTCGTGTAACGG-1,donor1,13
donor1_GGCAGTCTCAGTGGGA-1,donor1,17
donor1_GGCGTCAAGCGCACAA-1,donor1,9
donor1_GGCGTCACACGTCTCT-1,donor1,11
donor1_GGCGTCAGTCTCGCGA-1,donor1,3
donor1_GGCGTCAGTGGGTATG-1,donor1,15
donor1_GGCGTCAGTTTAAGGA-1,donor1,9
donor1_GGCGTCATCAAGGAGC-1,donor1,3
donor1_GGCGTCATCTCATTTG-1,donor1,11
donor1_GGCTGTGAGTAGAGTT-1,donor1,18
donor1_GGCTGTGAGTCTAGCT-1,donor1,13
donor1_GGCTGTGCAACCCGCA-1,donor1,27
donor1_GGCTGTGCAACTGCCG-1,donor1,10
donor1_GGCTGTGTCGATCCCT-1,donor1,20
donor1_GGCTGTGTCTGTCCGT-1,donor1,13
donor1_GGCTTGGAGCAAGCCA-1,donor1,1
donor1_GGCTTGGAGGCATCGA-1,donor1,20
donor1_GGCTTGGCAGAGTCAG-1,donor1,5
donor1_GGCTTGGGTGTATTGC-1,donor1,8
donor1_GGCTTGGTCCTATGGA-1,donor1,21
donor1_GGCTTTCAGTATGATG-1,donor1,12
donor1_GGCTTTCAGTGGTGGT-1,donor1,6
donor1_GGCTTTCAGTTGCGAG-1,donor1,18
donor1_GGCTTTCAGTTGGACG-1,donor1,17
donor1_GGCTTTCCATACCACA-1,donor1,17
donor1_GGCTTTCGTAGTGCGA-1,donor1,18
donor1_GGCTTTCGTTGCTCCT-1,donor1,0
donor1_GGCTTTCTCGTGTTCC-1,donor1,13
donor1_GGCTTTCTCTATACTC-1,donor1,0
donor1_GGCTTTCTCTCCTACG-1,donor1,16
donor1_GGGAAGTCACCAGCGT-1,donor1,15
donor1_GGGAAGTGTTCACCGG-1,donor1,6
donor1_GGGAAGTTCGACGCGT-1,donor1,6
donor1_GGGAAGTTCGTCTCAC-1,donor1,17
donor1_GGGACAACAATACCTG-1,donor1,13
donor1_GGGACAATCGATACTG-1,donor1,16
donor1_GGGACAATCTCCGAGG-1,donor1,17
donor1_GGGACCTCAAGGCGTA-1,donor1,8
donor1_GGGACCTCAGCCGGTT-1,donor1,14
donor1_GGGACCTGTGTAGTGG-1,donor1,16
donor1_GGGACCTGTTGGTGTT-1,donor1,1
donor1_GGGACCTTCTCTGCTG-1,donor1,3
donor1_GGGACTCAGCGAGGAG-1,donor1,13
donor1_GGGACTCAGGCATTTC-1,donor1,6
donor1_GGGACTCAGTGCAACG-1,donor1,13
donor1_GGGACTCAGTGCAGCA-1,donor1,19
donor1_GGGACTCGTAGAGCTG-1,donor1,8
donor1_GGGACTCGTCACAATC-1,donor1,8
donor1_GGGACTCTCACCTGTC-1,donor1,14
donor1_GGGACTCTCCTGGTCT-1,donor1,11
donor1_GGGAGATAGCGATCGA-1,donor1,12
donor1_GGGAGATAGTGAGCCA-1,donor1,0
donor1_GGGAGATCAGGCCCTA-1,donor1,3
donor1_GGGAGATCATGTTACG-1,donor1,17
donor1_GGGAGATTCCGGCTTT-1,donor1,27
donor1_GGGAGTAAGCGCCTCA-1,donor1,21
donor1_GGGAGTAAGTAGTCAA-1,donor1,20
donor1_GGGAGTAAGTGGAAGA-1,donor1,17
donor1_GGGAGTACAATTGAGA-1,donor1,12
donor1_GGGAGTACAGTCTTCC-1,donor1,3
donor1_GGGAGTAGTACCATAC-1,donor1,2
donor1_GGGAGTAGTGAACGGT-1,donor1,19
donor1_GGGAGTAGTGATAGAT-1,donor1,22
donor1_GGGATCCAGACGAGCT-1,donor1,3
donor1_GGGATCCAGTATGCAA-1,donor1,20
donor1_GGGATCCAGTATTAGG-1,donor1,1
donor1_GGGATCCGTCGCATGC-1,donor1,13
donor1_GGGATCCTCCATCTCG-1,donor1,8
donor1_GGGATGAAGTGCAGGT-1,donor1,3
donor1_GGGATGACAAAGGAGA-1,donor1,0
donor1_GGGATGAGTATGGGAC-1,donor1,0
donor1_GGGATGAGTCAACACT-1,donor1,0
donor1_GGGATGATCTACTATC-1,donor1,1
donor1_GGGCCATAGAGGTCGT-1,donor1,25
donor1_GGGCCATAGGCACTAG-1,donor1,12
donor1_GGGCCATAGGTATCTC-1,donor1,20
donor1_GGGCCATCACGTCGGT-1,donor1,12
donor1_GGGCCATCACTTCTCG-1,donor1,21
donor1_GGGCCATGTGGAACAC-1,donor1,2
donor1_GGGCCATGTGTAAACA-1,donor1,21
donor1_GGGCCATGTTCGCGTG-1,donor1,13
donor1_GGGCCATTCTCAGAAC-1,donor1,6
donor1_GGGCGTTAGTAAATGC-1,donor1,17
donor1_GGGCGTTGTTTCACTT-1,donor1,0
donor1_GGGCGTTTCCTAGAGT-1,donor1,21
donor1_GGGCGTTTCGAAGGAC-1,donor1,6
donor1_GGGCTACAGAAGCTGC-1,donor1,8
donor1_GGGCTACCAAAGAACT-1,donor1,3
donor1_GGGCTACTCACCCTGT-1,donor1,8
donor1_GGGCTCAGTCAGACTT-1,donor1,0
donor1_GGGCTCAGTCCAAAGG-1,donor1,13
donor1_GGGCTCAGTGATGAAT-1,donor1,2
donor1_GGGCTCATCCGATCTC-1,donor1,6
donor1_GGGTAGAAGCCTCCAG-1,donor1,14
donor1_GGGTAGACAAGCGAAC-1,donor1,15
donor1_GGGTAGACAAGTGGTG-1,donor1,8
donor1_GGGTAGACACTCCGAG-1,donor1,13
donor1_GGGTAGATCGGAATTC-1,donor1,17
donor1_GGGTATTAGAGTCACG-1,donor1,2
donor1_GGGTATTAGTGCACTT-1,donor1,13
donor1_GGGTATTCAACGACTT-1,donor1,20
donor1_GGGTATTGTCATGGCC-1,donor1,20
donor1_GGGTATTTCCGCAAAT-1,donor1,9
donor1_GGGTATTTCCGCTAGG-1,donor1,11
donor1_GGGTATTTCTAACACG-1,donor1,6
donor1_GGGTCACAGCGGATCA-1,donor1,17
donor1_GGGTCACAGGTCGAGT-1,donor1,16
donor1_GGGTCACCAATGCAAA-1,donor1,2
donor1_GGGTCACGTGCCTTTC-1,donor1,25
donor1_GGGTCACGTTGATGTC-1,donor1,20
donor1_GGGTCACTCATTTCCA-1,donor1,8
donor1_GGGTCTGAGCCTGTCG-1,donor1,8
donor1_GGGTCTGCAATACCTG-1,donor1,3
donor1_GGGTCTGCAGAAACCG-1,donor1,2
donor1_GGGTCTGGTTGCGGCT-1,donor1,3
donor1_GGGTCTGTCGGTGTAT-1,donor1,1
donor1_GGGTCTGTCTCTCGCA-1,donor1,17
donor1_GGGTGAAAGGGTTTCT-1,donor1,3
donor1_GGGTGAACAGCACACC-1,donor1,16
donor1_GGGTGAACATCTCCCA-1,donor1,3
donor1_GGGTGAAGTCGTGCCA-1,donor1,13
donor1_GGGTGAAGTGAGTTTC-1,donor1,17
donor1_GGGTGAATCCATTTGT-1,donor1,11
donor1_GGGTGAATCTAGAACC-1,donor1,9
donor1_GGGTGTCGTCCTCAGG-1,donor1,20
donor1_GGGTGTCGTTGACGGA-1,donor1,20
donor1_GGGTTATAGTGTTCAC-1,donor1,11
donor1_GGGTTATGTATCGAGG-1,donor1,1
donor1_GGGTTATGTCCAATCA-1,donor1,0
donor1_GGGTTATGTGCCCACA-1,donor1,18
donor1_GGGTTATTCAGAGTTC-1,donor1,21
donor1_GGGTTTAAGAGCGACT-1,donor1,18
donor1_GGGTTTAAGCTTCATG-1,donor1,19
donor1_GGGTTTAAGGCTTAGG-1,donor1,17
donor1_GGGTTTACAAATGAGT-1,donor1,18
donor1_GGGTTTACAGAAGTTA-1,donor1,8
donor1_GGGTTTAGTAAGTTAG-1,donor1,1
donor1_GGGTTTAGTAGGAAAG-1,donor1,13
donor1_GGGTTTAGTCGAGCTC-1,donor1,6
donor1_GGTAACTCAGGGTTGA-1,donor1,0
donor1_GGTAACTTCCTAGCCT-1,donor1,7
donor1_GGTAACTTCGGTCAGC-1,donor1,8
donor1_GGTAACTTCTTGCAAG-1,donor1,18
donor1_GGTAATCAGACTGAGC-1,donor1,2
donor1_GGTAATCAGCAACTTC-1,donor1,6
donor1_GGTAATCCAAGGTCTT-1,donor1,3
donor1_GGTAATCGTGTATTCG-1,donor1,18
donor1_GGTAATCTCAGATTGC-1,donor1,6
donor1_GGTAATCTCAGTGTTG-1,donor1,18
donor1_GGTAATCTCATCAGTG-1,donor1,6
donor1_GGTAATCTCGTGCTCT-1,donor1,13
donor1_GGTAATCTCTGGCTGG-1,donor1,3
donor1_GGTAGAGAGCAGATAT-1,donor1,0
donor1_GGTAGAGAGCGTATAA-1,donor1,12
donor1_GGTAGAGAGTAATACG-1,donor1,18
donor1_GGTAGAGAGTGAGGTC-1,donor1,11
donor1_GGTAGAGCACTGGCGT-1,donor1,8
donor1_GGTAGAGTCGATACTG-1,donor1,9
donor1_GGTCACGAGGTTCCGC-1,donor1,1
donor1_GGTCACGAGTACAACA-1,donor1,12
donor1_GGTCACGAGTTGGACG-1,donor1,0
donor1_GGTCACGCACGCGCTA-1,donor1,21
donor1_GGTCACGCATGCGTGC-1,donor1,2
donor1_GGTCACGGTCACTCTC-1,donor1,8
donor1_GGTCACGGTTAGGAGC-1,donor1,9
donor1_GGTCACGTCAGTCACA-1,donor1,17
donor1_GGTCACGTCTGAACGT-1,donor1,8
donor1_GGTCACGTCTGATGGT-1,donor1,13
donor1_GGTCACGTCTTCGATT-1,donor1,17
donor1_GGTCTGGGTACAAAGT-1,donor1,18
donor1_GGTCTGGGTCTACGAT-1,donor1,2
donor1_GGTCTGGGTGCATCTA-1,donor1,17
donor1_GGTCTGGGTTACGGAG-1,donor1,6
donor1_GGTCTGGTCTGAGAAA-1,donor1,21
donor1_GGTGAAGAGACTTCGT-1,donor1,2
donor1_GGTGAAGAGTGAGGTC-1,donor1,2
donor1_GGTGAAGCATCTTTCA-1,donor1,0
donor1_GGTGAAGGTGTCACAT-1,donor1,8
donor1_GGTGAAGTCTATCGGA-1,donor1,6
donor1_GGTGAAGTCTCGTCGT-1,donor1,6
donor1_GGTGAAGTCTCTAAGG-1,donor1,5
donor1_GGTGATTAGCTGACAG-1,donor1,0
donor1_GGTGATTAGCTTAGTC-1,donor1,21
donor1_GGTGATTCAGTCTTCC-1,donor1,3
donor1_GGTGATTGTCGATGCC-1,donor1,17
donor1_GGTGATTGTGCCGTAC-1,donor1,20
donor1_GGTGATTGTGTCCTAA-1,donor1,4
donor1_GGTGATTTCCACAGCG-1,donor1,3
donor1_GGTGGCTAGAAACTGT-1,donor1,6
donor1_GGTGGCTAGCAGTACG-1,donor1,21
donor1_GGTGGCTCAAGAAATC-1,donor1,3
donor1_GGTGGCTCACTGATTG-1,donor1,5
donor1_GGTGGCTCAGCACAGA-1,donor1,21
donor1_GGTGGCTCAGCTGTGC-1,donor1,6
donor1_GGTGGCTCATCTAACG-1,donor1,21
donor1_GGTGGCTTCAAAGACA-1,donor1,3
donor1_GGTGGCTTCACTTGGA-1,donor1,11
donor1_GGTGGCTTCTCGACCT-1,donor1,18
donor1_GGTGTCGAGAGACAAG-1,donor1,0
donor1_GGTGTCGAGCGTGCCT-1,donor1,20
donor1_GGTGTCGAGCTGACAG-1,donor1,20
donor1_GGTGTCGAGGCGCTTC-1,donor1,18
donor1_GGTGTCGCAGAGCGTA-1,donor1,15
donor1_GGTGTCGGTCAATCTG-1,donor1,21
donor1_GGTGTCGGTCCATACA-1,donor1,21
donor1_GGTGTCGTCATAGACC-1,donor1,16
donor1_GGTGTCGTCGTCGACG-1,donor1,11
donor1_GGTGTTAAGAGATTCA-1,donor1,18
donor1_GGTGTTAAGCATCTTG-1,donor1,11
donor1_GGTGTTACAACTGATC-1,donor1,3
donor1_GGTGTTAGTACCGGAA-1,donor1,0
donor1_GGTTAACAGGAGCTGT-1,donor1,13
donor1_GGTTAACCAATCACGT-1,donor1,14
donor1_GGTTAACCAGCGTGCT-1,donor1,17
donor1_GGTTAACCATAGGTTC-1,donor1,21
donor1_GGTTAACCATGACGTT-1,donor1,13
donor1_GGTTAACGTAGCGCTC-1,donor1,18
donor1_GGTTAACGTTCGAACT-1,donor1,2
donor1_GGTTAACTCCCTAGGG-1,donor1,11
donor1_GGTTAACTCTGTCTCG-1,donor1,3
donor1_GGTTCTCAGGAATTAC-1,donor1,18
donor1_GGTTCTCCAAAGACGC-1,donor1,1
donor1_GGTTCTCCAAGTGACG-1,donor1,15
donor1_GGTTCTCCACGGTGCT-1,donor1,18
donor1_GGTTCTCTCATCAGTG-1,donor1,18
donor1_GGTTCTCTCCTCACGT-1,donor1,8
donor1_GGTTGTAAGCCATGCC-1,donor1,1
donor1_GGTTGTACAATGCTCA-1,donor1,0
donor1_GGTTGTAGTCATGCAT-1,donor1,3
donor1_GGTTGTAGTTAGGGTG-1,donor1,3
donor1_GGTTGTATCGCGTCGA-1,donor1,3
donor1_GGTTGTATCGTGGTAT-1,donor1,27
donor1_GTAACACCACACCTTC-1,donor1,20
donor1_GTAACACGTCGATTCA-1,donor1,0
donor1_GTAACCAAGCTAATGA-1,donor1,21
donor1_GTAACCAAGTAGGAAG-1,donor1,0
donor1_GTAACCAGTATTCCTT-1,donor1,21
donor1_GTAACCAGTTGCGGAA-1,donor1,19
donor1_GTAACCATCACTGTTT-1,donor1,18
donor1_GTAACCATCCGTTTCG-1,donor1,3
donor1_GTAAGTCCAAGACCTT-1,donor1,2
donor1_GTAAGTCCAAGTATAG-1,donor1,17
donor1_GTAAGTCGTCCCGGTA-1,donor1,14
donor1_GTAATCGAGCACCGAA-1,donor1,12
donor1_GTAATCGTCAGCGCAC-1,donor1,11
donor1_GTAATCGTCGGATACT-1,donor1,13
donor1_GTAATCGTCTTTCAGT-1,donor1,16
donor1_GTAATGCAGTGTTGAA-1,donor1,2
donor1_GTAATGCCAAATGCGG-1,donor1,9
donor1_GTAATGCGTCCCTAAA-1,donor1,0
donor1_GTAATGCGTGGATTTC-1,donor1,8
donor1_GTAATGCTCCTTTAGT-1,donor1,2
donor1_GTACAACCACAACGCC-1,donor1,9
donor1_GTACAACGTAGCGCTC-1,donor1,12
donor1_GTACAACGTAGTGTGG-1,donor1,15
donor1_GTACAACGTTTATGCG-1,donor1,17
donor1_GTACAACTCAGCGTCG-1,donor1,14
donor1_GTACAGTAGTCTCCTC-1,donor1,19
donor1_GTACAGTCAATAGTGA-1,donor1,13
donor1_GTACAGTGTAGACAAT-1,donor1,8
donor1_GTACAGTGTTCCTAAG-1,donor1,3
donor1_GTACAGTTCAAGGCTT-1,donor1,4
donor1_GTACAGTTCCATGATG-1,donor1,18
donor1_GTACAGTTCGTTGTGA-1,donor1,15
donor1_GTAGAAACAGAACTAA-1,donor1,11
donor1_GTAGAAACAGGAATAT-1,donor1,5
donor1_GTAGAAACAGGATGAC-1,donor1,0
donor1_GTAGAAAGTGCGCTCA-1,donor1,3
donor1_GTAGAAAGTGTTTGCA-1,donor1,14
donor1_GTAGAGGAGGTGATCG-1,donor1,8
donor1_GTAGAGGAGTTGTCAC-1,donor1,17
donor1_GTAGAGGCAAGTTCCA-1,donor1,13
donor1_GTAGAGGGTAACATGA-1,donor1,11
donor1_GTAGAGGGTCAACATC-1,donor1,17
donor1_GTAGAGGGTTGTAAAG-1,donor1,16
donor1_GTAGAGGGTTGTGCAT-1,donor1,17
donor1_GTAGATCAGCTGGAGT-1,donor1,3
donor1_GTAGATCAGTCAGCGA-1,donor1,3
donor1_GTAGATCCAAACGAGC-1,donor1,1
donor1_GTAGATCCAAGCTGCC-1,donor1,13
donor1_GTAGATCGTAACATGA-1,donor1,11
donor1_GTAGATCGTATAGGGC-1,donor1,17
donor1_GTAGATCGTTAGAGAT-1,donor1,19
donor1_GTAGATCTCGAGTACT-1,donor1,0
donor1_GTAGATCTCTATCCAT-1,donor1,0
donor1_GTAGCTAAGATTAGCA-1,donor1,19
donor1_GTAGCTAAGCACTAAA-1,donor1,3
donor1_GTAGCTACACGCGTCA-1,donor1,15
donor1_GTAGCTAGTAGAGCTG-1,donor1,0
donor1_GTAGCTATCACTGGGC-1,donor1,18
donor1_GTAGGAGAGAGTCTGG-1,donor1,2
donor1_GTAGGAGCACAAGGTG-1,donor1,11
donor1_GTAGGAGCACAAGTGG-1,donor1,12
donor1_GTAGGAGGTATCATGC-1,donor1,20
donor1_GTAGGAGTCGTCTAAG-1,donor1,3
donor1_GTAGGAGTCTACACAG-1,donor1,20
donor1_GTAGGAGTCTCGGTCT-1,donor1,24
donor1_GTAGGTTAGTCTGCGC-1,donor1,21
donor1_GTAGGTTGTGTCGCTG-1,donor1,9
donor1_GTAGGTTGTTCCTAAG-1,donor1,6
donor1_GTAGGTTTCATCGTAG-1,donor1,20
donor1_GTAGGTTTCCGAGAAG-1,donor1,13
donor1_GTAGTACAGACGTCGA-1,donor1,18
donor1_GTAGTACAGTAGATCA-1,donor1,0
donor1_GTAGTACTCACTGTTT-1,donor1,21
donor1_GTAGTACTCCTAGCTC-1,donor1,19
donor1_GTAGTACTCGAGCTGC-1,donor1,13
donor1_GTATTGGAGCGTCAGA-1,donor1,19
donor1_GTATTGGCAATGGGTG-1,donor1,18
donor1_GTATTGGCACACCAGC-1,donor1,6
donor1_GTATTGGCAGAACATA-1,donor1,21
donor1_GTATTTCAGCACCTGC-1,donor1,0
donor1_GTCAAACAGAAACCAT-1,donor1,18
donor1_GTCAAACAGCTGCCAC-1,donor1,0
donor1_GTCAAACCAAAGTGTA-1,donor1,15
donor1_GTCAAACCACCCAACG-1,donor1,1
donor1_GTCAAACCACGAGGTA-1,donor1,11
donor1_GTCAAACCATGTTCGA-1,donor1,20
donor1_GTCAAACGTATGAGCG-1,donor1,11
donor1_GTCAAACTCGGTGTAT-1,donor1,21
donor1_GTCAAACTCTCTCGCA-1,donor1,0
donor1_GTCAAACTCTGGTTGA-1,donor1,3
donor1_GTCAAGTAGGTTGACG-1,donor1,17
donor1_GTCAAGTCAGCAGTGA-1,donor1,3
donor1_GTCAAGTCAGTTGGTT-1,donor1,14
donor1_GTCAAGTGTAAGATTG-1,donor1,21
donor1_GTCAAGTGTACAGAGC-1,donor1,4
donor1_GTCAAGTTCACCATCC-1,donor1,15
donor1_GTCACGGAGAGAGCGG-1,donor1,17
donor1_GTCACGGAGTACCGGA-1,donor1,2
donor1_GTCACGGAGTGAATAC-1,donor1,8
donor1_GTCACGGCAGTTGTTG-1,donor1,8
donor1_GTCACGGGTCAGGCAA-1,donor1,13
donor1_GTCACGGGTGAAGCGT-1,donor1,3
donor1_GTCACGGTCGCCTCTA-1,donor1,18
donor1_GTCACTCAGAAATTCG-1,donor1,6
donor1_GTCACTCAGCTAAACA-1,donor1,17
donor1_GTCACTCAGGACAGTC-1,donor1,18
donor1_GTCACTCAGTTGCCTA-1,donor1,6
donor1_GTCACTCCACAACGTT-1,donor1,6
donor1_GTCACTCCACTTTATC-1,donor1,3
donor1_GTCACTCGTGGCTCTG-1,donor1,0
donor1_GTCACTCGTGTCCAAT-1,donor1,6
donor1_GTCACTCGTTACAGCT-1,donor1,16
donor1_GTCACTCTCCCTGTTG-1,donor1,21
donor1_GTCACTCTCCGGCAGT-1,donor1,0
donor1_GTCACTCTCTCTGACC-1,donor1,18
donor1_GTCAGCGAGAGATGCC-1,donor1,17
donor1_GTCAGCGAGAGGCCAT-1,donor1,0
donor1_GTCAGCGCAATCACGT-1,donor1,6
donor1_GTCAGCGCAATTGTGC-1,donor1,13
donor1_GTCAGCGCATCCGTGG-1,donor1,2
donor1_GTCAGCGCATGCCGCA-1,donor1,13
donor1_GTCAGCGGTAGTATAG-1,donor1,2
donor1_GTCAGCGGTTATCTTC-1,donor1,13
donor1_GTCAGCGTCTACACAG-1,donor1,0
donor1_GTCATCCAGGCCACTC-1,donor1,0
donor1_GTCATCCAGGTCGCCT-1,donor1,3
donor1_GTCATCCCAACCTAAC-1,donor1,9
donor1_GTCATCCCAGCTACCG-1,donor1,0
donor1_GTCATCCGTGGTTTGT-1,donor1,10
donor1_GTCATGAAGATTGCGG-1,donor1,21
donor1_GTCATGAAGCATCAGG-1,donor1,3
donor1_GTCATGAGTAGACGGT-1,donor1,14
donor1_GTCATGAGTTCCGGTG-1,donor1,2
donor1_GTCATGAGTTTCTATC-1,donor1,21
donor1_GTCATTTAGCAATTAG-1,donor1,17
donor1_GTCATTTCATCACGGC-1,donor1,0
donor1_GTCATTTGTGGGTATG-1,donor1,3
donor1_GTCATTTTCCTTCTGG-1,donor1,23
donor1_GTCATTTTCTCTCCGA-1,donor1,1
donor1_GTCCACTAGGACAACC-1,donor1,0
donor1_GTCCACTCAAACTGCT-1,donor1,4
donor1_GTCCACTCAGCTTTCC-1,donor1,17
donor1_GTCCACTCATAAGATG-1,donor1,2
donor1_GTCCACTCATTATGCG-1,donor1,17
donor1_GTCCACTGTTGAGAGC-1,donor1,0
donor1_GTCCACTTCACCTCAC-1,donor1,17
donor1_GTCCACTTCATTGTTC-1,donor1,12
donor1_GTCCACTTCCTTCGAC-1,donor1,12
donor1_GTCCACTTCGAACACT-1,donor1,8
donor1_GTCCCATAGTACAGCG-1,donor1,0
donor1_GTCCCATCAATCAAGA-1,donor1,21
donor1_GTCCCATGTCAAGCCC-1,donor1,18
donor1_GTCCCATGTTCGAGCC-1,donor1,16
donor1_GTCCCATTCCGGTTCT-1,donor1,3
donor1_GTCCCATTCTCGCCTA-1,donor1,1
donor1_GTCCTCACAATGACCT-1,donor1,3
donor1_GTCCTCACACCTGCGA-1,donor1,20
donor1_GTCCTCACAGTTGAAA-1,donor1,18
donor1_GTCCTCAGTACAAAGT-1,donor1,0
donor1_GTCCTCAGTGCATTTG-1,donor1,12
donor1_GTCCTCATCGGCTTGG-1,donor1,1
donor1_GTCCTCATCTTAGGAC-1,donor1,20
donor1_GTCGAATAGATTGAGT-1,donor1,3
donor1_GTCGAATAGTTGTCAC-1,donor1,21
donor1_GTCGAATCAACCAACT-1,donor1,11
donor1_GTCGAATCATGAGAAT-1,donor1,6
donor1_GTCGAATGTCGTTCAA-1,donor1,3
donor1_GTCGAATTCACTTGTT-1,donor1,3
donor1_GTCGAATTCCCAGGAC-1,donor1,1
donor1_GTCGAATTCGGAGATG-1,donor1,0
donor1_GTCGAATTCGTTGTAG-1,donor1,20
donor1_GTCGCGAGTGATAGTA-1,donor1,8
donor1_GTCGCGAGTGCGTTTA-1,donor1,15
donor1_GTCGCGATCAGTGTGT-1,donor1,11
donor1_GTCGCGATCCGCATAA-1,donor1,3
donor1_GTCGTAACACAATCTG-1,donor1,0
donor1_GTCGTAACAGGTTCAT-1,donor1,5
donor1_GTCGTAATCATGACAC-1,donor1,17
donor1_GTCGTAATCGTACACA-1,donor1,0
donor1_GTCGTAATCTTGGGCG-1,donor1,9
donor1_GTCGTTCAGTGCGCTC-1,donor1,0
donor1_GTCGTTCCAAGCCCAC-1,donor1,6
donor1_GTCGTTCTCCCTCGTA-1,donor1,10
donor1_GTCGTTCTCCTTGACC-1,donor1,2
donor1_GTCTACCCACTCAGAT-1,donor1,13
donor1_GTCTACCGTCACCGCA-1,donor1,13
donor1_GTCTACCGTGACTCTA-1,donor1,1
donor1_GTCTACCTCGGCACTG-1,donor1,11
donor1_GTCTAGACAAAGCACG-1,donor1,1
donor1_GTCTAGACAAGGCCTC-1,donor1,13
donor1_GTCTAGACACTGCTTC-1,donor1,21
donor1_GTCTAGACATTGCAAC-1,donor1,19
donor1_GTCTAGAGTGGATCGA-1,donor1,18
donor1_GTCTAGAGTTGATCGT-1,donor1,17
donor1_GTCTAGATCAACTGGT-1,donor1,8
donor1_GTCTCACAGAACTTCC-1,donor1,19
donor1_GTCTCACAGTACAGAT-1,donor1,12
donor1_GTCTCACAGTTTCGAC-1,donor1,2
donor1_GTCTCACCAACTAGAA-1,donor1,15
donor1_GTCTCACCACCTGCTT-1,donor1,0
donor1_GTCTCACCAGCTCGGT-1,donor1,11
donor1_GTCTCACGTCACCGCA-1,donor1,0
donor1_GTCTCACGTTAGGACG-1,donor1,0
donor1_GTCTCACTCAAAGACA-1,donor1,12
donor1_GTCTCACTCGGTCTAA-1,donor1,6
donor1_GTCTCACTCGTGAGAG-1,donor1,20
donor1_GTCTGTCAGCACACAG-1,donor1,20
donor1_GTCTGTCCAACCGATT-1,donor1,16
donor1_GTCTGTCCACGAGGAT-1,donor1,17
donor1_GTCTGTCCATCGTGGC-1,donor1,17
donor1_GTCTTTACAACGCATT-1,donor1,9
donor1_GTCTTTAGTAGCGTAG-1,donor1,21
donor1_GTCTTTATCTAGAGCT-1,donor1,17
donor1_GTCTTTATCTGTGCGG-1,donor1,0
donor1_GTGACGCGTGGACCAA-1,donor1,3
donor1_GTGACGCTCATGCAGT-1,donor1,13
donor1_GTGACGCTCGCTGTCT-1,donor1,9
donor1_GTGAGCCCACTCTCGT-1,donor1,3
donor1_GTGAGCCTCCCATAAG-1,donor1,17
donor1_GTGAGCCTCGTTCCTG-1,donor1,9
donor1_GTGAGGACACGAAAGC-1,donor1,19
donor1_GTGAGGAGTTGGACTT-1,donor1,19
donor1_GTGAGTTCAAAGGCAC-1,donor1,14
donor1_GTGAGTTCACCATTCC-1,donor1,2
donor1_GTGAGTTCAGTCGAGA-1,donor1,18
donor1_GTGAGTTGTTGCCGCA-1,donor1,3
donor1_GTGAGTTTCTGGTGCG-1,donor1,13
donor1_GTGATGTAGATTACCC-1,donor1,21
donor1_GTGATGTCACTTGTCC-1,donor1,22
donor1_GTGATGTCAGCTACTA-1,donor1,0
donor1_GTGATGTCATCCTATT-1,donor1,18
donor1_GTGATGTGTTATCCAG-1,donor1,19
donor1_GTGATGTGTTCAAGTC-1,donor1,0
donor1_GTGATGTTCCCATTTA-1,donor1,6
donor1_GTGATGTTCGACCATA-1,donor1,3
donor1_GTGATGTTCGGTCACG-1,donor1,4
donor1_GTGCACGAGACTGGGT-1,donor1,0
donor1_GTGCACGAGCGCCGTT-1,donor1,6
donor1_GTGCACGAGTCAAGCG-1,donor1,8
donor1_GTGCACGCAACATACC-1,donor1,17
donor1_GTGCACGCACAATCTG-1,donor1,1
donor1_GTGCACGCAGTCAGTT-1,donor1,0
donor1_GTGCACGGTAAGCGGT-1,donor1,21
donor1_GTGCAGCAGGCTGAAC-1,donor1,19
donor1_GTGCAGCAGTTCAACC-1,donor1,2
donor1_GTGCAGCCAAGAGTGC-1,donor1,0
donor1_GTGCAGCCACTAACGT-1,donor1,2
donor1_GTGCAGCCAGGTCCCA-1,donor1,0
donor1_GTGCAGCCAGTAGGAC-1,donor1,20
donor1_GTGCAGCGTTCCACAA-1,donor1,0
donor1_GTGCAGCTCTGTGCGG-1,donor1,2
donor1_GTGCGTGAGTACTGTC-1,donor1,21
donor1_GTGCGTGGTGATATAG-1,donor1,6
donor1_GTGCGTGGTGGCAGAT-1,donor1,3
donor1_GTGCGTGGTTAGGACG-1,donor1,2
donor1_GTGCGTGGTTTCCAAG-1,donor1,11
donor1_GTGCTGGGTCACTTAG-1,donor1,5
donor1_GTGCTGGTCAACCGAT-1,donor1,3
donor1_GTGCTGGTCAGAGCGA-1,donor1,19
donor1_GTGCTTCAGTGCAAAT-1,donor1,13
donor1_GTGCTTCCACTCCTGT-1,donor1,3
donor1_GTGCTTCCAGAGAATT-1,donor1,13
donor1_GTGCTTCGTAGACGTG-1,donor1,2
donor1_GTGCTTCGTCAGTCCG-1,donor1,3
donor1_GTGCTTCGTCTCACAA-1,donor1,0
donor1_GTGCTTCTCGTTCGCT-1,donor1,2
donor1_GTGGAAGCAAGCAGGT-1,donor1,11
donor1_GTGGAAGCACGTACAT-1,donor1,18
donor1_GTGGAAGCATCCTTCG-1,donor1,9
donor1_GTGGAAGGTCCGTACG-1,donor1,13
donor1_GTGGAAGTCATTATCC-1,donor1,2
donor1_GTGGAAGTCGACATCA-1,donor1,16
donor1_GTGGAAGTCGTAGGAG-1,donor1,8
donor1_GTGGAAGTCTCCGAGG-1,donor1,21
donor1_GTGGAGAGTTCAAGTC-1,donor1,8
donor1_GTGGAGATCTACCCAC-1,donor1,8
donor1_GTGGAGATCTCTCTTC-1,donor1,3
donor1_GTGGCGTGTTCGATTG-1,donor1,12
donor1_GTGGCGTGTTGGAGAC-1,donor1,2
donor1_GTGGCGTTCCATCCGT-1,donor1,15
donor1_GTGGCGTTCGTACACA-1,donor1,21
donor1_GTGGGAAAGCTTAAGA-1,donor1,23
donor1_GTGGGAAAGGTGAGCT-1,donor1,5
donor1_GTGGGAAGTTAGGCCC-1,donor1,3
donor1_GTGGGAATCTCAGTCC-1,donor1,18
donor1_GTGGTTAAGCAAACAT-1,donor1,17
donor1_GTGGTTAAGTATAACG-1,donor1,0
donor1_GTGGTTAGTACGGATG-1,donor1,21
donor1_GTGGTTAGTATCGTGT-1,donor1,8
donor1_GTGGTTATCCCGTGAG-1,donor1,13
donor1_GTGTAACCATCGCCTT-1,donor1,2
donor1_GTGTCCTAGGTTCTTG-1,donor1,18
donor1_GTGTCCTTCAATCCGA-1,donor1,19
donor1_GTGTCCTTCAGGGATG-1,donor1,12
donor1_GTGTCCTTCAGTGGGA-1,donor1,13
donor1_GTGTGATAGCCATTTG-1,donor1,6
donor1_GTGTGATGTGATTCAC-1,donor1,2
donor1_GTGTGATTCGGTCTGG-1,donor1,3
donor1_GTGTGATTCGTTGTTT-1,donor1,13
donor1_GTGTGGCAGCATACTC-1,donor1,0
donor1_GTGTGGCCAGTTGGTT-1,donor1,21
donor1_GTGTGGCGTGATACTC-1,donor1,4
donor1_GTGTTAGAGCTTTCCC-1,donor1,11
donor1_GTGTTAGCACCCTTAC-1,donor1,16
donor1_GTGTTAGCAGACACAG-1,donor1,11
donor1_GTGTTAGCATCGTGCG-1,donor1,18
donor1_GTGTTAGGTACCGCGT-1,donor1,3
donor1_GTGTTAGGTATTTCCT-1,donor1,8
donor1_GTGTTCCAGGAAAGGT-1,donor1,3
donor1_GTGTTCCCAACTCGAT-1,donor1,20
donor1_GTGTTCCCATCCTTCG-1,donor1,11
donor1_GTTACAGAGACTTCCA-1,donor1,13
donor1_GTTACAGCATCAGTCA-1,donor1,13
donor1_GTTACAGGTACCATAC-1,donor1,14
donor1_GTTACAGGTCGCACAC-1,donor1,11
donor1_GTTACAGGTGTTCCAA-1,donor1,17
donor1_GTTACAGTCATCACAG-1,donor1,3
donor1_GTTACCCAGACTCTTG-1,donor1,12
donor1_GTTACCCCACAGTCCG-1,donor1,13
donor1_GTTACCCCATCGTGCG-1,donor1,20
donor1_GTTACCCGTCGCGTCA-1,donor1,3
donor1_GTTACGAAGACAGCTG-1,donor1,2
donor1_GTTACGAAGACATCAA-1,donor1,13
donor1_GTTACGAAGACGCCCT-1,donor1,17
donor1_GTTACGACACCCTATC-1,donor1,2
donor1_GTTACGAGTAGGCAAC-1,donor1,20
donor1_GTTACGAGTGTCCAAT-1,donor1,2
donor1_GTTAGACAGGAGTCTG-1,donor1,5
donor1_GTTAGACCACCAGGTC-1,donor1,8
donor1_GTTAGACCACCCGTAG-1,donor1,12
donor1_GTTAGACGTCACTCAA-1,donor1,17
donor1_GTTAGACGTGGGAGAG-1,donor1,11
donor1_GTTAGACTCCACTGGG-1,donor1,18
donor1_GTTAGTGAGAAGGGAT-1,donor1,3
donor1_GTTAGTGAGCATGCGA-1,donor1,21
donor1_GTTAGTGAGGAGGCAG-1,donor1,20
donor1_GTTAGTGGTATCACGT-1,donor1,6
donor1_GTTAGTGTCCGTCACT-1,donor1,19
donor1_GTTATGGAGCGTGTTT-1,donor1,0
donor1_GTTATGGAGTGCCGAA-1,donor1,20
donor1_GTTATGGCAGAGGACT-1,donor1,17
donor1_GTTATGGGTCCATAGT-1,donor1,3
donor1_GTTATGGGTCTAACTG-1,donor1,3
donor1_GTTATGGGTTTAAGGA-1,donor1,4
donor1_GTTATGGTCCATTGCC-1,donor1,8
donor1_GTTATGGTCGTCCATC-1,donor1,19
donor1_GTTCATTAGCGACTTT-1,donor1,14
donor1_GTTCATTCAAAGGATT-1,donor1,25
donor1_GTTCATTCAACGGTAG-1,donor1,0
donor1_GTTCATTCATAACCCA-1,donor1,3
donor1_GTTCATTCATCTATCT-1,donor1,12
donor1_GTTCATTGTCAATGGG-1,donor1,0
donor1_GTTCATTGTCGAGATG-1,donor1,2
donor1_GTTCATTGTGAACTAA-1,donor1,18
donor1_GTTCATTTCCCTCGAT-1,donor1,1
donor1_GTTCCGTAGCTTGTGT-1,donor1,3
donor1_GTTCCGTGTTAATGAG-1,donor1,2
donor1_GTTCGCTCAAGTGCAG-1,donor1,2
donor1_GTTCGCTCATCACCAA-1,donor1,6
donor1_GTTCGCTCATCCAACA-1,donor1,9
donor1_GTTCGCTGTAATGCTC-1,donor1,20
donor1_GTTCGCTGTCATAACC-1,donor1,16
donor1_GTTCGCTTCACAAGGG-1,donor1,17
donor1_GTTCGCTTCAGCCCAG-1,donor1,13
donor1_GTTCGCTTCGGCTTGG-1,donor1,21
donor1_GTTCTATAGACATCAA-1,donor1,13
donor1_GTTCTATCAGACCTAT-1,donor1,12
donor1_GTTCTATCATGCCATA-1,donor1,8
donor1_GTTCTATGTAGCGAGT-1,donor1,17
donor1_GTTCTATGTGATGGCA-1,donor1,1
donor1_GTTCTATGTGTCTAAC-1,donor1,18
donor1_GTTCTATGTTGGAGAC-1,donor1,21
donor1_GTTCTATTCCAAGCCG-1,donor1,21
donor1_GTTCTATTCTATCGCC-1,donor1,0
donor1_GTTCTATTCTCACCCA-1,donor1,13
donor1_GTTGAACAGACGCAGT-1,donor1,2
donor1_GTTGAACAGAGGATCC-1,donor1,8
donor1_GTTGAACGTACTCCGG-1,donor1,4
donor1_GTTGAACGTATGCTAC-1,donor1,13
donor1_GTTGAACTCACTTTGT-1,donor1,17
donor1_GTTGAACTCTCAGGCG-1,donor1,13
donor1_GTTGCGGCAATTGCAC-1,donor1,8
donor1_GTTGCGGGTAGCTAAA-1,donor1,3
donor1_GTTGCGGGTGTTCGTA-1,donor1,6
donor1_GTTGCGGTCTGAACGT-1,donor1,6
donor1_GTTGCTCCAAAGTGTA-1,donor1,3
donor1_GTTGCTCCACCATATG-1,donor1,2
donor1_GTTGCTCCAGTAACGG-1,donor1,19
donor1_GTTGCTCGTAACCCTA-1,donor1,19
donor1_GTTGTAGCAACCGACC-1,donor1,8
donor1_GTTGTAGCAGAGGTAC-1,donor1,1
donor1_GTTGTAGCATGACAGG-1,donor1,0
donor1_GTTGTAGGTAGGCTCC-1,donor1,3
donor1_GTTGTAGGTGGCTACC-1,donor1,13
donor1_GTTGTAGTCTTGGATG-1,donor1,12
donor1_GTTGTCCAGATGTTCC-1,donor1,18
donor1_GTTGTCCAGTGCCCGT-1,donor1,8
donor1_GTTGTCCCAGAGGCAT-1,donor1,17
donor1_GTTGTCCCATGTTACG-1,donor1,16
donor1_GTTGTCCGTTGCCATA-1,donor1,3
donor1_GTTGTCCTCAAGCCAT-1,donor1,3
donor1_GTTGTCCTCCATACAG-1,donor1,13
donor1_GTTGTCCTCGCAACAT-1,donor1,20
donor1_GTTGTCCTCTCAGAAC-1,donor1,13
donor1_GTTGTCCTCTCCTGAC-1,donor1,20
donor1_GTTGTGAGTTGCGGAA-1,donor1,20
donor1_GTTGTGAGTTTCGGCG-1,donor1,8
donor1_GTTTACTAGACAGCTG-1,donor1,1
donor1_GTTTACTAGCCTCTCT-1,donor1,3
donor1_GTTTACTCAAAGACTA-1,donor1,15
donor1_GTTTACTGTCTTACAG-1,donor1,0
donor1_GTTTACTGTTCGGTTA-1,donor1,0
donor1_GTTTACTTCGGACAAG-1,donor1,1
donor1_GTTTGGAGTCCAACGC-1,donor1,6
donor1_TAACACGAGGTTAAAC-1,donor1,20
donor1_TAACACGAGTTCATCG-1,donor1,3
donor1_TAACACGCAGCTCCTT-1,donor1,18
donor1_TAACACGGTGGCTTGC-1,donor1,15
donor1_TAACACGTCCGCACTT-1,donor1,2
donor1_TAACACGTCCTGCTAC-1,donor1,20
donor1_TAACACGTCGGACTGC-1,donor1,21
donor1_TAACACGTCGGTTCAA-1,donor1,19
donor1_TAACCAGAGATGACAT-1,donor1,0
donor1_TAACCAGAGCCAGTAG-1,donor1,1
donor1_TAACCAGAGCTCTGTA-1,donor1,16
donor1_TAACCAGAGGTTCAGG-1,donor1,3
donor1_TAACCAGAGTTGCCCG-1,donor1,3
donor1_TAACCAGCAAGGCTTT-1,donor1,21
donor1_TAACCAGCATCCGATA-1,donor1,0
donor1_TAACCAGGTCACGCTG-1,donor1,19
donor1_TAACCAGGTGTAACGG-1,donor1,16
donor1_TAACCAGTCCAAATGC-1,donor1,6
donor1_TAACCAGTCCCACAGG-1,donor1,11
donor1_TAACCAGTCTCACGAA-1,donor1,8
donor1_TAACCAGTCTTGAGCA-1,donor1,21
donor1_TAACGACAGTACCATC-1,donor1,13
donor1_TAACGACAGTGAGCCA-1,donor1,15
donor1_TAACGACCAAGTGGTG-1,donor1,1
donor1_TAACGACGTTCTCAGA-1,donor1,5
donor1_TAACGACTCAACCTTT-1,donor1,17
donor1_TAACGACTCAGGGTAG-1,donor1,21
donor1_TAACTTCCAATCTCTT-1,donor1,12
donor1_TAACTTCCAGCTTCGG-1,donor1,3
donor1_TAACTTCGTCTTGAAC-1,donor1,20
donor1_TAACTTCTCAGGAAGC-1,donor1,17
donor1_TAACTTCTCATTGCCC-1,donor1,21
donor1_TAACTTCTCCATACAG-1,donor1,2
donor1_TAACTTCTCTGGGTCG-1,donor1,3
donor1_TAAGCACAGCGCACAA-1,donor1,15
donor1_TAAGCACAGCGCCATC-1,donor1,11
donor1_TAAGCACGTATGAAGT-1,donor1,9
donor1_TAAGCACTCGTCGCTT-1,donor1,20
donor1_TAAGCACTCTATCACT-1,donor1,21
donor1_TAAGCCACAAGAATGT-1,donor1,8
donor1_TAAGCCACACAGAAGC-1,donor1,2
donor1_TAAGCCAGTCAACATC-1,donor1,13
donor1_TAAGCCATCATGGTAC-1,donor1,3
donor1_TAAGCGTTCTCCTACG-1,donor1,18
donor1_TAAGTCGCAAAGAACT-1,donor1,20
donor1_TAAGTCGGTAAGCTCT-1,donor1,20
donor1_TAAGTCGTCAGGTAAA-1,donor1,2
donor1_TAAGTCGTCGAACCAT-1,donor1,11
donor1_TAATCTCAGCATCAAA-1,donor1,6
donor1_TAATCTCAGCGGGTAT-1,donor1,11
donor1_TAATCTCAGCTGGTGA-1,donor1,2
donor1_TAATCTCCACCAGCCA-1,donor1,2
donor1_TAATCTCGTAACGGTG-1,donor1,1
donor1_TAATCTCGTATGTCAC-1,donor1,5
donor1_TAATCTCGTTGTCAGT-1,donor1,15
donor1_TAATCTCTCGTCGATA-1,donor1,0
donor1_TAATCTCTCTGCGATA-1,donor1,12
donor1_TAATTCCAGTCATCCA-1,donor1,3
donor1_TAATTCCTCGATGCAT-1,donor1,21
donor1_TACAACGAGGGTTGCA-1,donor1,6
donor1_TACAACGGTGTGTCGC-1,donor1,20
donor1_TACAACGGTTGGGACA-1,donor1,21
donor1_TACAACGTCGCGTCGA-1,donor1,13
donor1_TACAACGTCTCCGATC-1,donor1,10
donor1_TACACCCCATACACCA-1,donor1,1
donor1_TACAGGTAGTCATCGT-1,donor1,2
donor1_TACAGGTCACCAGACC-1,donor1,13
donor1_TACAGGTCACGATTCA-1,donor1,3
donor1_TACAGGTGTCCTTTGC-1,donor1,12
donor1_TACAGGTTCTTGAGCA-1,donor1,13
donor1_TACATTCGTACCCAGC-1,donor1,18
donor1_TACATTCGTGCTTCAA-1,donor1,12
donor1_TACATTCGTTCCAGGC-1,donor1,4
donor1_TACATTCGTTGCTGAT-1,donor1,10
donor1_TACATTCTCACCCTCA-1,donor1,18
donor1_TACATTCTCAGGACGA-1,donor1,6
donor1_TACCCACAGAGTTGTA-1,donor1,21
donor1_TACCCACAGTATGAAC-1,donor1,17
donor1_TACCCACAGTTGGACG-1,donor1,3
donor1_TACCCACCAGGTCAAG-1,donor1,11
donor1_TACCCACGTCGCCACA-1,donor1,9
donor1_TACCCACTCACTACTT-1,donor1,0
donor1_TACCCGTAGATTGTGA-1,donor1,17
donor1_TACCCGTAGGTTATAG-1,donor1,18
donor1_TACCCGTGTATGAAAC-1,donor1,15
donor1_TACCCGTTCAGAGTGG-1,donor1,16
donor1_TACCCGTTCCTTCTAA-1,donor1,2
donor1_TACCGAACACTGCGAC-1,donor1,8
donor1_TACCGAAGTCTGTAAC-1,donor1,8
donor1_TACCGAATCAACCTTT-1,donor1,20
donor1_TACCGGGCAGTGTATC-1,donor1,20
donor1_TACCGGGCATTGAGGG-1,donor1,0
donor1_TACCGGGGTCTCACAA-1,donor1,17
donor1_TACCGGGGTGCCTATA-1,donor1,20
donor1_TACCGGGTCCACACAA-1,donor1,21
donor1_TACCTCGCAGTTGAAA-1,donor1,12
donor1_TACCTCGCATCAACCA-1,donor1,21
donor1_TACCTCGCATCCGAGC-1,donor1,2
donor1_TACCTCGTCATTTCGT-1,donor1,6
donor1_TACCTCGTCCTGGCTT-1,donor1,19
donor1_TACCTGCAGAGATGCC-1,donor1,3
donor1_TACCTGCCAGCTGCCA-1,donor1,21
donor1_TACCTGCTCGAAGAAT-1,donor1,8
donor1_TACCTGCTCGGTCATA-1,donor1,17
donor1_TACGCTCAGAACCGCA-1,donor1,8
donor1_TACGCTCAGCGCCTCA-1,donor1,18
donor1_TACGCTCAGTCCTGTA-1,donor1,21
donor1_TACGCTCCACCCAACG-1,donor1,9
donor1_TACGCTCCATATAGCC-1,donor1,0
donor1_TACGCTCCATTGCAAC-1,donor1,2
donor1_TACGCTCTCATGACAC-1,donor1,17
donor1_TACGCTCTCCTTGAAG-1,donor1,14
donor1_TACGCTCTCTGTGCGG-1,donor1,17
donor1_TACGGGCCAAGAGTAT-1,donor1,3
donor1_TACGGGCTCGGACCAC-1,donor1,0
donor1_TACGGGCTCTGAGATC-1,donor1,2
donor1_TACGGGCTCTTAGCAG-1,donor1,13
donor1_TACGGTAAGCCTGGAA-1,donor1,2
donor1_TACGGTAAGGACAACC-1,donor1,2
donor1_TACGGTAAGTTGCTCA-1,donor1,12
donor1_TACGGTATCAACTCTT-1,donor1,18
donor1_TACGTCCAGAATCCCT-1,donor1,14
donor1_TACGTCCAGGTTCATC-1,donor1,2
donor1_TACGTCCCAGAGGCAT-1,donor1,2
donor1_TACGTCCTCCAATGCA-1,donor1,13
donor1_TACTGCCAGCAAGTCG-1,donor1,2
donor1_TACTGCCAGTCGAGGT-1,donor1,6
donor1_TACTGCCGTATGTCAC-1,donor1,6
donor1_TACTGCCTCAATCTCT-1,donor1,21
donor1_TACTTACCAAGACGGT-1,donor1,15
donor1_TACTTACCAGTCCCGA-1,donor1,12
donor1_TACTTACGTTCTCCTG-1,donor1,21
donor1_TACTTCAAGGATTCAA-1,donor1,21
donor1_TACTTCAAGTGAACAT-1,donor1,3
donor1_TACTTCACAAGTTCCA-1,donor1,21
donor1_TACTTCACAATCACGT-1,donor1,13
donor1_TACTTCATCGTCGATA-1,donor1,5
donor1_TACTTCATCTGCGGAC-1,donor1,2
donor1_TACTTCATCTGGTTGA-1,donor1,15
donor1_TACTTGTAGAGGTCAC-1,donor1,18
donor1_TACTTGTAGTATAACG-1,donor1,8
donor1_TACTTGTGTCTCCCTA-1,donor1,9
donor1_TACTTGTGTGGACAGT-1,donor1,18
donor1_TACTTGTTCAATGTCG-1,donor1,12
donor1_TAGACCAAGGTAAACT-1,donor1,18
donor1_TAGACCAAGTGATTCC-1,donor1,5
donor1_TAGACCACACCCTGTT-1,donor1,17
donor1_TAGACCACATGAATAG-1,donor1,2
donor1_TAGACCATCAGAATAG-1,donor1,8
donor1_TAGACTGAGCTTAGTC-1,donor1,19
donor1_TAGACTGAGTTTCTTC-1,donor1,11
donor1_TAGACTGCACAATGCT-1,donor1,18
donor1_TAGACTGCATACCGTA-1,donor1,5
donor1_TAGACTGGTACATTGC-1,donor1,13
donor1_TAGACTGGTACCGTGC-1,donor1,17
donor1_TAGACTGTCGGTGAAG-1,donor1,3
donor1_TAGAGTCCAAACAGGC-1,donor1,18
donor1_TAGAGTCCAAAGCGTG-1,donor1,3
donor1_TAGAGTCTCTCGGGAC-1,donor1,17
donor1_TAGAGTCTCTGTGCAA-1,donor1,21
donor1_TAGAGTCTCTTGGAAC-1,donor1,21
donor1_TAGATCGCACATCCCT-1,donor1,21
donor1_TAGATCGGTACAATAG-1,donor1,11
donor1_TAGATCGGTATCAAGA-1,donor1,8
donor1_TAGATCGTCTAGAACC-1,donor1,18
donor1_TAGATCGTCTTACGTT-1,donor1,3
donor1_TAGCACAAGCCTCACG-1,donor1,0
donor1_TAGCACAAGGCGATAC-1,donor1,0
donor1_TAGCACACACGGCACT-1,donor1,16
donor1_TAGGAGGCAATGCTCA-1,donor1,13
donor1_TAGGAGGCAGACGCTC-1,donor1,0
donor1_TAGGAGGGTCTCGCGA-1,donor1,17
donor1_TAGGGTTAGGCGCTTC-1,donor1,3
donor1_TAGGGTTAGGGAGATA-1,donor1,17
donor1_TAGGGTTGTTTCCATT-1,donor1,21
donor1_TAGGGTTTCCTTATCA-1,donor1,3
donor1_TAGGGTTTCGTTATCT-1,donor1,0
donor1_TAGGGTTTCTTTGATC-1,donor1,21
donor1_TAGGTACGTTCATCGA-1,donor1,18
donor1_TAGGTACGTTCCGCAG-1,donor1,4
donor1_TAGGTACTCATTTGCT-1,donor1,18
donor1_TAGGTACTCCCGTTCA-1,donor1,3
donor1_TAGGTTGAGACAAGCC-1,donor1,3
donor1_TAGGTTGAGCAACAAT-1,donor1,17
donor1_TAGGTTGGTTGAAGTA-1,donor1,0
donor1_TAGGTTGTCCGATCTC-1,donor1,18
donor1_TAGTGCAAGAAATGGG-1,donor1,21
donor1_TAGTGCAAGAGTTGAT-1,donor1,5
donor1_TAGTGCACAACTGATC-1,donor1,19
donor1_TAGTGCACAGTCGAGA-1,donor1,2
donor1_TAGTGCAGTGAATTAG-1,donor1,20
donor1_TAGTGCATCACCTGGG-1,donor1,3
donor1_TAGTGCATCAGTCATG-1,donor1,27
donor1_TAGTGCATCTCGACGG-1,donor1,0
donor1_TATACCTAGCTTCATG-1,donor1,18
donor1_TATACCTGTTCAGGTT-1,donor1,2
donor1_TATACCTTCATGAGAA-1,donor1,19
donor1_TATACCTTCATTTGGG-1,donor1,6
donor1_TATATCCAGAAACCAT-1,donor1,18
donor1_TATATCCCAGTTAGAA-1,donor1,13
donor1_TATATCCGTCACAATC-1,donor1,3
donor1_TATATCCTCGTGCAGC-1,donor1,9
donor1_TATCAGGGTCTTACAG-1,donor1,4
donor1_TATCAGGTCAACTGAC-1,donor1,3
donor1_TATCAGGTCGCTGACG-1,donor1,15
donor1_TATCAGGTCGGTCAGC-1,donor1,13
donor1_TATCCTAAGTTGAATG-1,donor1,8
donor1_TATCCTACAATTGCAC-1,donor1,11
donor1_TATCCTAGTAACACCT-1,donor1,0
donor1_TATCCTAGTAACGATA-1,donor1,2
donor1_TATCCTAGTTACCTTT-1,donor1,17
donor1_TATCGCCAGATGCTAA-1,donor1,2
donor1_TATCGCCAGCACTCCG-1,donor1,15
donor1_TATCGCCAGCAGGCAT-1,donor1,2
donor1_TATCGCCCATAATGAG-1,donor1,3
donor1_TATCGCCGTTCGTACA-1,donor1,12
donor1_TATCGCCTCAGGAGAC-1,donor1,22
donor1_TATCTGTAGGATGTTA-1,donor1,0
donor1_TATCTGTAGTTCGGTT-1,donor1,3
donor1_TATCTGTCAAGGCAAC-1,donor1,8
donor1_TATCTGTCATTACTCT-1,donor1,3
donor1_TATCTGTGTTTCACTT-1,donor1,8
donor1_TATCTGTTCCAAATGC-1,donor1,13
donor1_TATCTGTTCGAATCCA-1,donor1,6
donor1_TATCTGTTCGAGCTGC-1,donor1,20
donor1_TATCTTGAGAACGTGC-1,donor1,21
donor1_TATCTTGAGGAAGTCC-1,donor1,2
donor1_TATCTTGCACCAAAGG-1,donor1,18
donor1_TATCTTGCACGGCGTT-1,donor1,3
donor1_TATCTTGCAGACTGCC-1,donor1,3
donor1_TATCTTGCAGAGATTA-1,donor1,15
donor1_TATCTTGGTGCCGTAC-1,donor1,10
donor1_TATCTTGTCCTGCCAT-1,donor1,17
donor1_TATGTTCAGCAGGCTA-1,donor1,10
donor1_TATGTTCCAAATGCGG-1,donor1,18
donor1_TATGTTCCACTTCAGA-1,donor1,0
donor1_TATGTTCGTAAGCTCT-1,donor1,15
donor1_TATGTTCGTCACGCTG-1,donor1,6
donor1_TATTCCAAGGGACAGG-1,donor1,20
donor1_TATTCCACAAGTGGCA-1,donor1,6
donor1_TATTCCAGTACCAGAG-1,donor1,11
donor1_TATTCCAGTACTCGTA-1,donor1,6
donor1_TATTCCAGTTCTCCCA-1,donor1,6
donor1_TATTCCATCCTCGATC-1,donor1,0
donor1_TATTCCATCCTTCACG-1,donor1,0
donor1_TATTCCATCGCAACAT-1,donor1,11
donor1_TATTGCTCAAGCTGTT-1,donor1,2
donor1_TATTGCTCAAGTAGTA-1,donor1,6
donor1_TATTGCTCATGTTACG-1,donor1,1
donor1_TATTGCTGTCCAGAAG-1,donor1,10
donor1_TATTGCTGTGACTAAA-1,donor1,16
donor1_TATTGCTGTGCCAAGA-1,donor1,0
donor1_TATTGCTTCGGACTTA-1,donor1,2
donor1_TATTGCTTCTGCCTGT-1,donor1,17
donor1_TATTGGGAGTTCATCG-1,donor1,8
donor1_TATTGGGCAATCGCAT-1,donor1,15
donor1_TATTGGGCAATTGCGT-1,donor1,3
donor1_TATTGGGCACTCCACT-1,donor1,2
donor1_TATTGGGCACTCTCGT-1,donor1,8
donor1_TATTGGGCATGACGTT-1,donor1,20
donor1_TATTGGGGTGCTCCGA-1,donor1,6
donor1_TATTGGGGTGTAGGAC-1,donor1,16
donor1_TATTTCGCAGGTGAGT-1,donor1,3
donor1_TCAAGACAGGGACCAT-1,donor1,21
donor1_TCAAGACCACCAGCCA-1,donor1,12
donor1_TCAAGACCACTTCTCG-1,donor1,21
donor1_TCAAGACCAGAAATCA-1,donor1,1
donor1_TCAAGACGTAAGCAAT-1,donor1,13
donor1_TCAAGCAGTAGGGAGG-1,donor1,2
donor1_TCAAGCAGTAGGTACG-1,donor1,17
donor1_TCAAGCATCAGCTGTA-1,donor1,20
donor1_TCAAGCATCGCATAGT-1,donor1,20
donor1_TCAAGCATCGTAACCA-1,donor1,18
donor1_TCAAGTGAGAAACTCA-1,donor1,11
donor1_TCAAGTGAGGCATTTC-1,donor1,19
donor1_TCAAGTGAGGTTCTTG-1,donor1,2
donor1_TCAAGTGAGTTCCGGC-1,donor1,15
donor1_TCAAGTGAGTTTAGGA-1,donor1,21
donor1_TCAAGTGCAATGGCAG-1,donor1,1
donor1_TCAAGTGTCAGCAATC-1,donor1,18
donor1_TCAAGTGTCCCTCTAG-1,donor1,17
donor1_TCAATCTAGGCCTAGA-1,donor1,2
donor1_TCAATCTCAAGACCTT-1,donor1,19
donor1_TCAATCTCACCTAAAC-1,donor1,21
donor1_TCAATCTGTTGGGACA-1,donor1,20
donor1_TCAATCTTCTTAGTTC-1,donor1,20
donor1_TCAATTCAGAGCACTG-1,donor1,0
donor1_TCAATTCAGTCGAAGC-1,donor1,20
donor1_TCAATTCCAAACAGGC-1,donor1,14
donor1_TCAATTCCACATGAAA-1,donor1,3
donor1_TCAATTCCACGAGGAT-1,donor1,17
donor1_TCAATTCCAGACTCTA-1,donor1,2
donor1_TCAATTCCATCCGCGA-1,donor1,21
donor1_TCAATTCGTCTGCCTT-1,donor1,12
donor1_TCAATTCGTGAGATAT-1,donor1,21
donor1_TCAATTCGTGCCTGCA-1,donor1,13
donor1_TCAATTCTCACCTCTG-1,donor1,20
donor1_TCAATTCTCCTCTAGC-1,donor1,21
donor1_TCACAAGAGATGAACT-1,donor1,3
donor1_TCACAAGAGCCATCCG-1,donor1,0
donor1_TCACAAGAGCCTTCTC-1,donor1,3
donor1_TCACAAGCACCAGTAT-1,donor1,3
donor1_TCACAAGCATAAGCAA-1,donor1,4
donor1_TCACAAGCATCATGAC-1,donor1,1
donor1_TCACAAGTCACACCCT-1,donor1,16
donor1_TCACAAGTCGAAGGAC-1,donor1,20
donor1_TCACACCCACAGCCTG-1,donor1,3
donor1_TCACACCCACCAGACC-1,donor1,12
donor1_TCACACCGTACTGCGC-1,donor1,15
donor1_TCACACCGTTACGCCG-1,donor1,2
donor1_TCACACCGTTGAGAGC-1,donor1,20
donor1_TCACACCTCATCTGTT-1,donor1,21
donor1_TCACACCTCCTATGGA-1,donor1,8
donor1_TCACACCTCTGCGAGC-1,donor1,17
donor1_TCACATTAGGCACAAC-1,donor1,21
donor1_TCACATTAGTAATCCC-1,donor1,1
donor1_TCACATTCAGAACCGA-1,donor1,3
donor1_TCACATTGTATTTCTC-1,donor1,5
donor1_TCACATTTCGCTCTCA-1,donor1,9
donor1_TCACGCTAGACCAAAT-1,donor1,8
donor1_TCACGCTAGCATCCCG-1,donor1,18
donor1_TCACGCTAGTATGGCG-1,donor1,21
donor1_TCACGCTTCGAGCTGC-1,donor1,12
donor1_TCACGGGAGGAGAATG-1,donor1,5
donor1_TCACTATAGCGAGTAC-1,donor1,8
donor1_TCACTATAGGCCATAG-1,donor1,19
donor1_TCACTATGTCCGGATC-1,donor1,8
donor1_TCACTCGAGCCTGACC-1,donor1,3
donor1_TCACTCGAGGCATGGT-1,donor1,21
donor1_TCACTCGCAATCGCCG-1,donor1,20
donor1_TCACTCGCAGAGTCAG-1,donor1,18
donor1_TCACTCGCATCGCTCT-1,donor1,21
donor1_TCACTCGGTTCTGAGT-1,donor1,6
donor1_TCACTCGTCCGTGGCA-1,donor1,5
donor1_TCACTCGTCGAGTACT-1,donor1,13
donor1_TCACTCGTCGAGTCCG-1,donor1,27
donor1_TCACTCGTCGGCGATC-1,donor1,18
donor1_TCACTCGTCTGCGGCA-1,donor1,21
donor1_TCACTCGTCTGGGATT-1,donor1,13
donor1_TCAGCAAAGGTGCTTT-1,donor1,21
donor1_TCAGCAAAGTCTAGCT-1,donor1,11
donor1_TCAGCAACAAGTGGAC-1,donor1,2
donor1_TCAGCAAGTAAGAACT-1,donor1,21
donor1_TCAGCAAGTTGCTCAA-1,donor1,13
donor1_TCAGCAAGTTTACCTT-1,donor1,2
donor1_TCAGCCTAGCAACTCT-1,donor1,18
donor1_TCAGCCTAGGCCGCTT-1,donor1,13
donor1_TCAGCCTAGGTGGTTG-1,donor1,2
donor1_TCAGCCTCATTGTAGC-1,donor1,0
donor1_TCAGCCTGTAGCGTAG-1,donor1,12
donor1_TCAGGGCAGACGGTTG-1,donor1,0
donor1_TCAGGGCAGCCATATC-1,donor1,1
donor1_TCAGGGCCACTTTATC-1,donor1,2
donor1_TCAGGGCGTAAGATAC-1,donor1,1
donor1_TCAGGGCTCAACTCTT-1,donor1,14
donor1_TCAGGTAAGATGCTGG-1,donor1,5
donor1_TCAGGTAAGGTACATA-1,donor1,0
donor1_TCAGGTAAGTGCGCTC-1,donor1,20
donor1_TCAGGTAGTCAGTCCG-1,donor1,21
donor1_TCAGGTATCGCCTCTA-1,donor1,17
donor1_TCAGTGAAGAGCATAT-1,donor1,3
donor1_TCAGTGAAGGCGTTGA-1,donor1,16
donor1_TCAGTGAAGGGCATGT-1,donor1,12
donor1_TCAGTGACAACACGTT-1,donor1,20
donor1_TCAGTGACAACGACTT-1,donor1,1
donor1_TCAGTGAGTCTCTCCA-1,donor1,3
donor1_TCAGTGAGTGACGCCT-1,donor1,3
donor1_TCAGTGAGTGGAACAC-1,donor1,17
donor1_TCAGTTTCAAGATGTA-1,donor1,4
donor1_TCAGTTTGTATACCCA-1,donor1,21
donor1_TCAGTTTGTCATTCCC-1,donor1,2
donor1_TCAGTTTGTGAATGTA-1,donor1,2
donor1_TCAGTTTTCCGATTAG-1,donor1,18
donor1_TCATACTAGACATCAA-1,donor1,20
donor1_TCATACTAGAGTCGAC-1,donor1,2
donor1_TCATACTAGCGTCAGA-1,donor1,21
donor1_TCATACTAGGAGGGTG-1,donor1,2
donor1_TCATACTGTCGTGGTC-1,donor1,13
donor1_TCATACTGTGATTCTG-1,donor1,19
donor1_TCATACTGTGCCCTTT-1,donor1,17
donor1_TCATACTTCAGTAGGG-1,donor1,18
donor1_TCATATCAGGACTTCT-1,donor1,20
donor1_TCATATCCAATCACGT-1,donor1,17
donor1_TCATATCCACTCCTTG-1,donor1,14
donor1_TCATATCCAGCACAGA-1,donor1,3
donor1_TCATATCCAGGGTTGA-1,donor1,3
donor1_TCATATCCATGTCAGT-1,donor1,2
donor1_TCATATCTCCCTGTTG-1,donor1,4
donor1_TCATCATAGAGTATAC-1,donor1,5
donor1_TCATCATAGGGCAGAG-1,donor1,20
donor1_TCATCATCACAGCCTG-1,donor1,0
donor1_TCATCATTCGTTGCCT-1,donor1,13
donor1_TCATCCGCACAGCCAC-1,donor1,6
donor1_TCATCCGCACGTACAT-1,donor1,8
donor1_TCATCCGCACGTACTA-1,donor1,17
donor1_TCATCCGGTAGCCCTG-1,donor1,3
donor1_TCATCCGGTAGGCTCC-1,donor1,20
donor1_TCATCCGGTCTCCTGT-1,donor1,0
donor1_TCATCCGGTGTACATC-1,donor1,2
donor1_TCATCCGGTTGCCTAA-1,donor1,3
donor1_TCATCCGTCGCCTATC-1,donor1,21
donor1_TCATGAGGTGTTACTG-1,donor1,19
donor1_TCATGAGGTTACGCCG-1,donor1,15
donor1_TCATGAGGTTTGTTGG-1,donor1,5
donor1_TCATGCCCAAATAAGC-1,donor1,2
donor1_TCATGCCCAAGTGGAC-1,donor1,18
donor1_TCATGCCCACCAGCCA-1,donor1,3
donor1_TCATGCCCACGTTCGG-1,donor1,1
donor1_TCATGCCCAGGCTACC-1,donor1,22
donor1_TCATGCCCATCGGAGA-1,donor1,8
donor1_TCATGCCTCGACCAAT-1,donor1,20
donor1_TCATGGAAGACATGCG-1,donor1,21
donor1_TCATGGAAGTAAAGCT-1,donor1,0
donor1_TCATGGACATGGTGGA-1,donor1,8
donor1_TCATGGAGTCAACCTA-1,donor1,21
donor1_TCATGGAGTCACAATC-1,donor1,6
donor1_TCATGGATCCCTTCCC-1,donor1,9
donor1_TCATGGATCCCTTGGT-1,donor1,20
donor1_TCATGGATCGCATTGA-1,donor1,0
donor1_TCATGGATCGTTCCCA-1,donor1,20
donor1_TCATGTTAGGGCAGGA-1,donor1,3
donor1_TCATGTTCAAGTTCCA-1,donor1,12
donor1_TCATGTTCACTGCATA-1,donor1,3
donor1_TCATGTTCATCGGAAG-1,donor1,11
donor1_TCATGTTGTACAGAAT-1,donor1,15
donor1_TCATGTTGTACGGGAT-1,donor1,17
donor1_TCATGTTGTCTTCCGT-1,donor1,0
donor1_TCATGTTGTGCCCTTT-1,donor1,6
donor1_TCATGTTTCCAAGGGA-1,donor1,19
donor1_TCATGTTTCCCGTTCA-1,donor1,18
donor1_TCATTACAGCAAGTGC-1,donor1,6
donor1_TCATTACTCACCGGTG-1,donor1,6
donor1_TCATTACTCACTGTCC-1,donor1,13
donor1_TCATTACTCGACCACG-1,donor1,3
donor1_TCATTCACAACTAGAA-1,donor1,8
donor1_TCATTCACATTCAGGT-1,donor1,6
donor1_TCATTCATCCTCTCGA-1,donor1,9
donor1_TCATTGTGTAAGGAGA-1,donor1,17
donor1_TCATTGTGTTGAGTCT-1,donor1,3
donor1_TCATTGTTCAAGATAG-1,donor1,2
donor1_TCATTGTTCTGCATGA-1,donor1,19
donor1_TCATTTGAGACCTGGA-1,donor1,8
donor1_TCATTTGCAAACTCGT-1,donor1,6
donor1_TCATTTGCAAGTCCCG-1,donor1,9
donor1_TCATTTGCACCGGTCA-1,donor1,0
donor1_TCATTTGCACTGGCCA-1,donor1,20
donor1_TCATTTGGTTCGGTCG-1,donor1,2
donor1_TCATTTGTCTCATGCC-1,donor1,2
donor1_TCATTTGTCTGCCCTA-1,donor1,21
donor1_TCCACCAAGAACAGGA-1,donor1,15
donor1_TCCACCAAGATCCGAG-1,donor1,17
donor1_TCCACCAGTCCTGTTC-1,donor1,9
donor1_TCCACGTCAACTGAAA-1,donor1,3
donor1_TCCACGTCACAGTCAT-1,donor1,3
donor1_TCCACGTCATTGTCGA-1,donor1,8
donor1_TCCACGTGTAGACAAT-1,donor1,11
donor1_TCCACGTTCGCGTGAC-1,donor1,6
donor1_TCCAGAACAAGTCGTT-1,donor1,8
donor1_TCCAGAACATAGATGA-1,donor1,17
donor1_TCCAGAAGTTCGGGTC-1,donor1,12
donor1_TCCATCGCATCGAAGG-1,donor1,3
donor1_TCCATCGGTATGTCAC-1,donor1,3
donor1_TCCATCGGTCAGATTC-1,donor1,0
donor1_TCCATCGTCGTCGATA-1,donor1,17
donor1_TCCATGCAGCAGAAAG-1,donor1,25
donor1_TCCATGCAGTTCCGTA-1,donor1,19
donor1_TCCATGCGTATCGTGT-1,donor1,12
donor1_TCCATGCGTGTATTCG-1,donor1,10
donor1_TCCCACACAGCTACAT-1,donor1,3
donor1_TCCCACAGTAACGGTG-1,donor1,0
donor1_TCCCACAGTGACTAAA-1,donor1,3
donor1_TCCCACATCATGAAAG-1,donor1,11
donor1_TCCCACATCATGGAGG-1,donor1,20
donor1_TCCCACATCCGTGGGT-1,donor1,3
donor1_TCCCACATCGAAGCAG-1,donor1,19
donor1_TCCCAGTAGTAGGTTA-1,donor1,18
donor1_TCCCAGTCACTCTCGT-1,donor1,21
donor1_TCCCAGTGTAGGACTG-1,donor1,21
donor1_TCCCAGTTCATTGTTC-1,donor1,20
donor1_TCCCATGCACCGGTCA-1,donor1,15
donor1_TCCCATGTCCACCCTA-1,donor1,21
donor1_TCCGAAAAGTTGCTCA-1,donor1,5
donor1_TCCGAAACACTTACAG-1,donor1,0
donor1_TCCGAAAGTATGCTTG-1,donor1,3
donor1_TCCGAAAGTGACAGGT-1,donor1,6
donor1_TCCGAAATCCGCCTAT-1,donor1,8
donor1_TCCGATCCAACTAGAA-1,donor1,20
donor1_TCCGATCGTACGATGG-1,donor1,9
donor1_TCCGATCGTATCCTCC-1,donor1,6
donor1_TCCGATCGTGACAGGT-1,donor1,20
donor1_TCCGATCTCGCAAGAG-1,donor1,13
donor1_TCCGGGACACCGGTCA-1,donor1,12
donor1_TCCGGGACACGACGTC-1,donor1,17
donor1_TCCGGGACACTAGTAC-1,donor1,3
donor1_TCCGGGAGTTGTGTAC-1,donor1,20
donor1_TCCGGGATCGACCCAG-1,donor1,2
donor1_TCCGTGTCAGCTGAGA-1,donor1,0
donor1_TCCGTGTCATTCCTAT-1,donor1,3
donor1_TCCGTGTGTACGAAAT-1,donor1,13
donor1_TCCGTGTGTGTCGATT-1,donor1,3
donor1_TCCGTGTTCCGATAGT-1,donor1,2
donor1_TCCTAATAGTTGCCCG-1,donor1,1
donor1_TCCTAATCAAACGGCA-1,donor1,3
donor1_TCCTAATGTGTCATCA-1,donor1,20
donor1_TCCTAATTCCACCCTA-1,donor1,18
donor1_TCCTAATTCCCTAGGG-1,donor1,13
donor1_TCCTAATTCGAGTCCG-1,donor1,18
donor1_TCCTCCCAGTAGTCCT-1,donor1,15
donor1_TCCTCCCCATCTAGAC-1,donor1,18
donor1_TCCTCCCCATGAAGCG-1,donor1,13
donor1_TCCTCCCGTATCAGGG-1,donor1,21
donor1_TCCTCGAAGTGAGGTC-1,donor1,11
donor1_TCCTCGATCGTTCAGA-1,donor1,22
donor1_TCCTCTTAGCTAATGA-1,donor1,8
donor1_TCCTCTTAGTTTGAGA-1,donor1,17
donor1_TCCTCTTGTCCAGCGT-1,donor1,13
donor1_TCCTGCAAGCTCCGAC-1,donor1,6
donor1_TCCTGCACAAGTCGTT-1,donor1,17
donor1_TCCTGCAGTCATCGGC-1,donor1,0
donor1_TCCTGCAGTGGCTAGA-1,donor1,20
donor1_TCCTGCAGTGGTACAG-1,donor1,8
donor1_TCCTGCAGTTCAATCG-1,donor1,1
donor1_TCCTGCATCCTAGAGT-1,donor1,20
donor1_TCCTTCTAGACAACAT-1,donor1,11
donor1_TCCTTCTCAAGGGCAT-1,donor1,17
donor1_TCCTTCTCAAGTGGTG-1,donor1,13
donor1_TCCTTCTTCTCGTGAA-1,donor1,1
donor1_TCCTTTCAGCTAGAGC-1,donor1,17
donor1_TCCTTTCAGCTTAGTC-1,donor1,13
donor1_TCCTTTCAGGTAGGCT-1,donor1,14
donor1_TCCTTTCTCCTGGCTT-1,donor1,25
donor1_TCGAACAAGCACTAGG-1,donor1,2
donor1_TCGAACACAAATACGA-1,donor1,19
donor1_TCGAACACAAATCCCA-1,donor1,12
donor1_TCGAACACATAGGAGC-1,donor1,0
donor1_TCGAACAGTAAGTCAA-1,donor1,11
donor1_TCGAACAGTCTAACTG-1,donor1,12
donor1_TCGAACAGTGCTCCGA-1,donor1,0
donor1_TCGAACAGTTCAAACC-1,donor1,20
donor1_TCGAAGTCAGAGCTAG-1,donor1,0
donor1_TCGAAGTCATCTTCGC-1,donor1,5
donor1_TCGAAGTCATGGAATA-1,donor1,19
donor1_TCGAAGTGTATTTCGG-1,donor1,13
donor1_TCGAAGTTCATTCATC-1,donor1,3
donor1_TCGAAGTTCCATCACC-1,donor1,21
donor1_TCGAAGTTCTACCAGA-1,donor1,21
donor1_TCGACCTAGAAGAACG-1,donor1,20
donor1_TCGACCTCAGTGTGCC-1,donor1,19
donor1_TCGACCTCATTAAAGG-1,donor1,21
donor1_TCGACCTCATTGCCGG-1,donor1,3
donor1_TCGACCTCATTGGGAG-1,donor1,21
donor1_TCGACCTGTATGAGAT-1,donor1,14
donor1_TCGACCTGTGGTCTGC-1,donor1,17
donor1_TCGACCTGTTCAGGTT-1,donor1,8
donor1_TCGACCTTCAAGTCGT-1,donor1,22
donor1_TCGACCTTCTTCGGAA-1,donor1,8
donor1_TCGACGGCAACCGTGC-1,donor1,1
donor1_TCGACGGCATCGCCTT-1,donor1,13
donor1_TCGACGGGTAGTTCCA-1,donor1,5
donor1_TCGACGGGTGCTGTCG-1,donor1,3
donor1_TCGACGGGTTAGGCTT-1,donor1,9
donor1_TCGATTTAGGGAACAA-1,donor1,1
donor1_TCGATTTCACAGAGCA-1,donor1,1
donor1_TCGATTTCACTAGGTT-1,donor1,17
donor1_TCGATTTGTCGCACAC-1,donor1,19
donor1_TCGATTTTCCGGTTCT-1,donor1,6
donor1_TCGATTTTCGTCGCTT-1,donor1,6
donor1_TCGATTTTCTTCCCAG-1,donor1,14
donor1_TCGCACTAGCCGTTGC-1,donor1,16
donor1_TCGCACTTCCTCTTTC-1,donor1,15
donor1_TCGCACTTCTTCCTAA-1,donor1,0
donor1_TCGCAGGAGGATCATA-1,donor1,21
donor1_TCGCAGGCACCTAAAC-1,donor1,18
donor1_TCGCAGGGTACTAACC-1,donor1,18
donor1_TCGCAGGGTGGCACTC-1,donor1,3
donor1_TCGCAGGTCCACACAA-1,donor1,0
donor1_TCGCTCAAGAAGCGAA-1,donor1,20
donor1_TCGCTCACACTTCAGA-1,donor1,4
donor1_TCGCTCACAGGAGGAG-1,donor1,12
donor1_TCGCTCAGTGGCGTAA-1,donor1,8
donor1_TCGCTCATCTGAGGCC-1,donor1,20
donor1_TCGCTTGAGCGTTACT-1,donor1,20
donor1_TCGCTTGAGTTGGAAT-1,donor1,8
donor1_TCGCTTGGTCTCAAGT-1,donor1,8
donor1_TCGCTTGTCAAAGGAT-1,donor1,16
donor1_TCGCTTGTCTTTCTAG-1,donor1,9
donor1_TCGGATAAGGCAGCTA-1,donor1,3
donor1_TCGGATACAATCACGT-1,donor1,0
donor1_TCGGATACATCCGAAT-1,donor1,3
donor1_TCGGATACATCTTTCA-1,donor1,20
donor1_TCGGATACATTCTGTT-1,donor1,17
donor1_TCGGATAGTATTTCGG-1,donor1,17
donor1_TCGGATATCAAGAATG-1,donor1,20
donor1_TCGGATATCTAGCATG-1,donor1,17
donor1_TCGGGACGTTGAGAGC-1,donor1,21
donor1_TCGGGCAAGATCGCTT-1,donor1,3
donor1_TCGGGCACAAGGTACG-1,donor1,0
donor1_TCGGGCAGTCACTACA-1,donor1,12
donor1_TCGGGCAGTCGGAACA-1,donor1,2
donor1_TCGGGCAGTTCAATCG-1,donor1,19
donor1_TCGGGTGCAATGCTCA-1,donor1,5
donor1_TCGGGTGGTAGAGACC-1,donor1,21
donor1_TCGGGTGGTAGTAAGT-1,donor1,21
donor1_TCGGGTGGTCCCTAAA-1,donor1,0
donor1_TCGGGTGGTTGATGTC-1,donor1,19
donor1_TCGGGTGTCCACACAA-1,donor1,17
donor1_TCGGGTGTCGTTCGCT-1,donor1,18
donor1_TCGGTCTAGCGACAGT-1,donor1,21
donor1_TCGGTCTCACGACGAA-1,donor1,21
donor1_TCGGTCTGTCCTTTGC-1,donor1,3
donor1_TCGGTCTTCTCTCCGA-1,donor1,0
donor1_TCGTAGAGTTTGGGTT-1,donor1,2
donor1_TCGTAGATCTACCTTA-1,donor1,18
donor1_TCGTCCAAGCGTCAAG-1,donor1,9
donor1_TCGTCCAAGTTGTAGA-1,donor1,13
donor1_TCGTCCACAGGCGATA-1,donor1,3
donor1_TCGTCCAGTTGCTTGA-1,donor1,0
donor1_TCGTCCAGTTGGGACA-1,donor1,18
donor1_TCGTCCATCGAGCCAC-1,donor1,21
donor1_TCGTCCATCTCCCATG-1,donor1,0
donor1_TCGTGCTAGTAACAGT-1,donor1,13
donor1_TCGTGCTCAACTACGT-1,donor1,0
donor1_TCGTGCTCAATGCAGG-1,donor1,1
donor1_TCGTGCTCAGACACCC-1,donor1,20
donor1_TCGTGCTCATGTTCGA-1,donor1,12
donor1_TCGTGCTGTTCTCGCT-1,donor1,20
donor1_TCGTGGGAGCGACCCT-1,donor1,17
donor1_TCGTGGGGTAGTTCCA-1,donor1,9
donor1_TCGTGGGGTCCAGGTC-1,donor1,13
donor1_TCGTGGGGTCTGTCAA-1,donor1,0
donor1_TCGTGGGGTTCTTAGG-1,donor1,2
donor1_TCGTGGGTCTACTTCA-1,donor1,11
donor1_TCGTGGGTCTGGTGCG-1,donor1,18
donor1_TCTAACTAGCACTGGA-1,donor1,11
donor1_TCTAACTAGCCGTTAT-1,donor1,2
donor1_TCTAACTAGCGAACTG-1,donor1,11
donor1_TCTAACTAGCTTAAGA-1,donor1,21
donor1_TCTAACTAGGACATCG-1,donor1,0
donor1_TCTAACTCAGGTCAAG-1,donor1,22
donor1_TCTAACTGTACGACTT-1,donor1,17
donor1_TCTAACTGTACTGAGG-1,donor1,15
donor1_TCTACATAGTCTTCGA-1,donor1,17
donor1_TCTACATGTAGGTCAG-1,donor1,8
donor1_TCTACATTCCCGAGTG-1,donor1,15
donor1_TCTACATTCTATGTGG-1,donor1,5
donor1_TCTACCGAGTGATAAC-1,donor1,21
donor1_TCTACCGCAGGACATG-1,donor1,3
donor1_TCTACCGGTTGTACGT-1,donor1,5
donor1_TCTACCGTCTCAGGCG-1,donor1,15
donor1_TCTACCGTCTTCTGTA-1,donor1,14
donor1_TCTATACAGAGGCGTT-1,donor1,14
donor1_TCTATACAGGGAGAAT-1,donor1,0
donor1_TCTATACCACGCGTGT-1,donor1,13
donor1_TCTATACTCACCGCTT-1,donor1,17
donor1_TCTATACTCCCGTGTT-1,donor1,17
donor1_TCTATCAAGAGTTGAT-1,donor1,24
donor1_TCTATCAAGTGAGCCA-1,donor1,17
donor1_TCTATCACAACGACAG-1,donor1,19
donor1_TCTATCAGTTGGTAGG-1,donor1,0
donor1_TCTATCATCAGCTGTA-1,donor1,21
donor1_TCTATCATCTACGGGC-1,donor1,23
donor1_TCTATCATCTATCCAT-1,donor1,1
donor1_TCTCACGAGTCACGCC-1,donor1,18
donor1_TCTCACGCACGATAGG-1,donor1,21
donor1_TCTCACGCACTCCGAG-1,donor1,2
donor1_TCTCACGGTATGCGGA-1,donor1,3
donor1_TCTCAGCAGGGCCTCT-1,donor1,3
donor1_TCTCAGCCAACTGGTT-1,donor1,2
donor1_TCTCCGAAGGCATGGT-1,donor1,3
donor1_TCTCCGATCATTGTTC-1,donor1,2
donor1_TCTCTGGAGTCACGAG-1,donor1,6
donor1_TCTCTGGGTATGGTTC-1,donor1,18
donor1_TCTCTGGTCACATCAG-1,donor1,8
donor1_TCTCTGGTCCGCAAAT-1,donor1,17
donor1_TCTCTGGTCCGGTAAT-1,donor1,2
donor1_TCTGCCAAGATCCTAC-1,donor1,2
donor1_TCTGCCAAGTGACACG-1,donor1,0
donor1_TCTGCCACAATACAGA-1,donor1,2
donor1_TCTGCCACACCGTGGT-1,donor1,13
donor1_TCTGCCAGTAAGTTAG-1,donor1,8
donor1_TCTGCCAGTATTGCCA-1,donor1,2
donor1_TCTGCCAGTTCCGCTT-1,donor1,8
donor1_TCTGCCATCCTGTAGA-1,donor1,2
donor1_TCTGGCTCAACGCCCA-1,donor1,12
donor1_TCTGGCTCAGAGGGTT-1,donor1,17
donor1_TCTGGCTCAGCCCACA-1,donor1,21
donor1_TCTGGCTCATACTGAC-1,donor1,18
donor1_TCTGGCTTCGGACCAC-1,donor1,0
donor1_TCTGTCGAGGAAGAAC-1,donor1,15
donor1_TCTGTCGAGGTGCTGA-1,donor1,6
donor1_TCTGTCGAGTTGCTCA-1,donor1,6
donor1_TCTGTCGCAAAGAGTT-1,donor1,0
donor1_TCTGTCGCACCGTCTT-1,donor1,17
donor1_TCTGTCGCAGAGGGTT-1,donor1,20
donor1_TCTGTCGGTGCCTTTC-1,donor1,12
donor1_TCTGTCGGTGGTCTAT-1,donor1,13
donor1_TCTTAGTAGCAATAAC-1,donor1,21
donor1_TCTTAGTCACGCGGTT-1,donor1,2
donor1_TCTTAGTTCGAGTGGA-1,donor1,13
donor1_TCTTAGTTCGGAGTAG-1,donor1,17
donor1_TCTTCCTAGACTGGGT-1,donor1,15
donor1_TCTTCCTCACCTCTGT-1,donor1,0
donor1_TCTTCCTCACTAACGT-1,donor1,1
donor1_TCTTCCTCACTTGAAC-1,donor1,20
donor1_TCTTCCTCAGTTCTAG-1,donor1,3
donor1_TCTTGCGAGGGTCAAC-1,donor1,19
donor1_TCTTGCGAGTCTCCTC-1,donor1,17
donor1_TCTTGCGCAAATTGCC-1,donor1,6
donor1_TCTTGCGGTCTTGGTA-1,donor1,17
donor1_TCTTGCGGTTTATGCG-1,donor1,18
donor1_TCTTGCGTCACTTGTT-1,donor1,21
donor1_TCTTTGAAGAGAGTTT-1,donor1,5
donor1_TCTTTGAAGTGTTCCA-1,donor1,3
donor1_TCTTTGACATTGACAC-1,donor1,0
donor1_TCTTTGAGTTGGCTAT-1,donor1,2
donor1_TCTTTGATCCACTGAA-1,donor1,12
donor1_TCTTTGATCCTACTGC-1,donor1,19
donor1_TGAACGTAGCTTGTGT-1,donor1,3
donor1_TGAACGTAGTTTCAGC-1,donor1,15
donor1_TGAACGTGTGTATTCG-1,donor1,3
donor1_TGAACGTTCTCTGGTC-1,donor1,18
donor1_TGAACGTTCTGCGGAC-1,donor1,13
donor1_TGAATCGAGACCAGCA-1,donor1,18
donor1_TGAATCGAGCGCCGTT-1,donor1,8
donor1_TGAATCGCACACCGAC-1,donor1,20
donor1_TGAATGCAGATGTTAG-1,donor1,13
donor1_TGAATGCCAAAGGGCT-1,donor1,17
donor1_TGAATGCCAACTCATG-1,donor1,13
donor1_TGAATGCCACGTGTGC-1,donor1,2
donor1_TGAATGCCATCCTGTC-1,donor1,0
donor1_TGAATGCCATCGGAAG-1,donor1,3
donor1_TGAATGCGTCGGAAAC-1,donor1,15
donor1_TGAATGCGTGTTGATC-1,donor1,2
donor1_TGACAGTAGGGATCAC-1,donor1,0
donor1_TGACAGTCACCTTCGT-1,donor1,17
donor1_TGACAGTCACTGTTCC-1,donor1,20
donor1_TGACAGTGTAGTGTGG-1,donor1,21
donor1_TGACAGTTCACCCATC-1,donor1,2
donor1_TGACAGTTCCCATAAG-1,donor1,13
donor1_TGACCCTAGGCGTCCT-1,donor1,0
donor1_TGACCCTCAATCAGCT-1,donor1,17
donor1_TGACCCTGTTGCACGC-1,donor1,3
donor1_TGACGCGAGTGGAAGA-1,donor1,21
donor1_TGACGCGCACGACTAT-1,donor1,6
donor1_TGACGCGCAGCTGGTC-1,donor1,0
donor1_TGACGCGGTGAGTCAG-1,donor1,5
donor1_TGACTCCAGATAGTGT-1,donor1,0
donor1_TGACTCCAGCGTCTGC-1,donor1,18
donor1_TGACTCCAGGGAGGCA-1,donor1,2
donor1_TGACTCCAGTCTAACC-1,donor1,21
donor1_TGACTCCCAATTGCAC-1,donor1,3
donor1_TGACTCCCACTGCACG-1,donor1,20
donor1_TGACTCCTCAAACTGC-1,donor1,15
donor1_TGACTCCTCAAAGCCT-1,donor1,17
donor1_TGACTCCTCCGCACGA-1,donor1,5
donor1_TGACTCCTCTGTCGCT-1,donor1,6
donor1_TGAGACTAGCGCTGAA-1,donor1,19
donor1_TGAGACTAGTACTGTC-1,donor1,13
donor1_TGAGACTAGTCTCGTA-1,donor1,3
donor1_TGAGACTCAACGTAAA-1,donor1,11
donor1_TGAGACTGTAGCTCGC-1,donor1,0
donor1_TGAGACTTCTGTCTCG-1,donor1,13
donor1_TGAGCATAGAAACTGT-1,donor1,13
donor1_TGAGCATAGACGTCGA-1,donor1,2
donor1_TGAGCATAGGCGACAT-1,donor1,9
donor1_TGAGCATCACCCTAAA-1,donor1,20
donor1_TGAGCATGTACAAAGT-1,donor1,9
donor1_TGAGCATTCTATCGCC-1,donor1,13
donor1_TGAGCGCAGCCTGTGC-1,donor1,1
donor1_TGAGCGCCACTATGTG-1,donor1,18
donor1_TGAGCGCGTTCCGCGA-1,donor1,21
donor1_TGAGCGCGTTTGGGAG-1,donor1,18
donor1_TGAGGAGAGAGGCGTT-1,donor1,3
donor1_TGAGGAGAGAGGGTGG-1,donor1,1
donor1_TGAGGAGAGAGGTTTA-1,donor1,20
donor1_TGAGGAGAGGAACGTC-1,donor1,8
donor1_TGAGGAGAGGGAGTGG-1,donor1,1
donor1_TGAGGAGCAGCGTATT-1,donor1,11
donor1_TGAGGGACACTGTTCC-1,donor1,18
donor1_TGAGGGATCGAGCCAC-1,donor1,8
donor1_TGAGGTTCATTGAAGA-1,donor1,0
donor1_TGAGGTTGTGATTAGA-1,donor1,11
donor1_TGAGGTTTCATCTACT-1,donor1,20
donor1_TGAGGTTTCCATTTCA-1,donor1,1
donor1_TGAGGTTTCGCAACAT-1,donor1,13
donor1_TGAGGTTTCGGTGTAT-1,donor1,6
donor1_TGAGTCAAGCTGAAGC-1,donor1,9
donor1_TGAGTCAAGGACGCTA-1,donor1,3
donor1_TGAGTCACACTTGTGA-1,donor1,13
donor1_TGAGTCACAGCAGACA-1,donor1,3
donor1_TGAGTCAGTACACGCC-1,donor1,12
donor1_TGAGTCAGTAGATCGG-1,donor1,4
donor1_TGATCAGAGCACACCC-1,donor1,8
donor1_TGATCAGCAAGGAGTC-1,donor1,17
donor1_TGATCAGCAGAATTCC-1,donor1,15
donor1_TGATCAGCAGGTTCGC-1,donor1,3
donor1_TGATCAGGTACCTATG-1,donor1,0
donor1_TGATCAGGTGGCAACA-1,donor1,0
donor1_TGATCAGGTGGGAGAG-1,donor1,4
donor1_TGATCAGGTGGTGATG-1,donor1,0
donor1_TGATCAGGTGTAAATG-1,donor1,8
donor1_TGATCAGTCGATGCTA-1,donor1,0
donor1_TGATCTTAGGCTCACC-1,donor1,11
donor1_TGATCTTCACCTCGTT-1,donor1,17
donor1_TGATCTTGTACTCGAT-1,donor1,4
donor1_TGATGCAAGGAAAGAC-1,donor1,8
donor1_TGATGCAAGGAGAGTA-1,donor1,6
donor1_TGATGCAAGGCTCAAG-1,donor1,3
donor1_TGATGCACACGACTAT-1,donor1,14
donor1_TGATGCAGTCCTGTCT-1,donor1,25
donor1_TGATGCATCCTGCTAC-1,donor1,4
donor1_TGATGGTAGCCAAGTG-1,donor1,12
donor1_TGATGGTAGGTTATAG-1,donor1,0
donor1_TGATGGTCAGACATCT-1,donor1,11
donor1_TGATGGTGTGCCGTAC-1,donor1,1
donor1_TGATGGTGTGCTGCAC-1,donor1,20
donor1_TGATTCTCAAGAATGT-1,donor1,2
donor1_TGATTCTCACGCACCA-1,donor1,0
donor1_TGATTCTGTCCGGATC-1,donor1,9
donor1_TGATTCTGTCTACAGT-1,donor1,21
donor1_TGATTCTTCACGATAC-1,donor1,0
donor1_TGATTCTTCCAAGGGA-1,donor1,22
donor1_TGATTCTTCCAATCTT-1,donor1,13
donor1_TGATTCTTCCTCACGT-1,donor1,6
donor1_TGATTCTTCGACGATT-1,donor1,3
donor1_TGATTCTTCTTCCGTG-1,donor1,21
donor1_TGATTTCAGCCATTTG-1,donor1,6
donor1_TGATTTCCAAGGCAAC-1,donor1,17
donor1_TGATTTCCAAGTCCAT-1,donor1,17
donor1_TGATTTCGTTGGTACT-1,donor1,18
donor1_TGATTTCTCAAATAGG-1,donor1,3
donor1_TGCACGGCAGTTTGGT-1,donor1,12
donor1_TGCACGGGTCCCTAAA-1,donor1,5
donor1_TGCACGGTCATAGCAC-1,donor1,0
donor1_TGCACGGTCGACCAAT-1,donor1,21
donor1_TGCACGGTCGGCTGTG-1,donor1,12
donor1_TGCACGGTCTGCTTAT-1,donor1,2
donor1_TGCAGATCACCCTTGT-1,donor1,3
donor1_TGCAGATCATAAGCGG-1,donor1,0
donor1_TGCAGATCATCCGTTC-1,donor1,0
donor1_TGCAGATTCACGGGCT-1,donor1,1
donor1_TGCAGATTCATCGCAA-1,donor1,1
donor1_TGCAGATTCGTTCATT-1,donor1,21
donor1_TGCAGATTCTGGCCTT-1,donor1,0
donor1_TGCAGGCAGGCCACCT-1,donor1,20
donor1_TGCAGGCCAGGTCAAG-1,donor1,0
donor1_TGCAGGCTCCGGACGT-1,donor1,8
donor1_TGCAGGCTCTTTCGAT-1,donor1,13
donor1_TGCAGTACACCAGCCA-1,donor1,17
donor1_TGCAGTACATGACTCA-1,donor1,14
donor1_TGCAGTAGTGACCTGC-1,donor1,2
donor1_TGCAGTATCCACTGAA-1,donor1,20
donor1_TGCAGTATCCTACTGC-1,donor1,21
donor1_TGCAGTATCGCTACAA-1,donor1,14
donor1_TGCAGTATCTGAACGT-1,donor1,19
donor1_TGCATCCAGCATGTTC-1,donor1,4
donor1_TGCATCCAGTCGAAGC-1,donor1,2
donor1_TGCATCCCAAGTCATC-1,donor1,3
donor1_TGCATCCCAGACTGCC-1,donor1,0
donor1_TGCATGAGTCCCTGTT-1,donor1,2
donor1_TGCATGAGTCGTATTG-1,donor1,27
donor1_TGCATGAGTTCATCTT-1,donor1,18
donor1_TGCATGATCCGTTGAA-1,donor1,13
donor1_TGCATGATCGCTAAAC-1,donor1,3
donor1_TGCCGAGAGCCAAGCA-1,donor1,0
donor1_TGCCGAGAGGTACATA-1,donor1,2
donor1_TGCCGAGGTCTTGGTA-1,donor1,1
donor1_TGCCGAGGTGGCTAGA-1,donor1,11
donor1_TGCCGAGTCAATGCAC-1,donor1,25
donor1_TGCCGAGTCCCGAGGT-1,donor1,13
donor1_TGCCGAGTCCTGTTAT-1,donor1,15
donor1_TGCGACGCAGAGTCAG-1,donor1,0
donor1_TGCGACGCATCTAGAC-1,donor1,0
donor1_TGCGACGGTCTTGCGG-1,donor1,13
donor1_TGCGACGGTGGATCGA-1,donor1,20
donor1_TGCGATAAGCCTCATA-1,donor1,6
donor1_TGCGATAAGCCTCTTC-1,donor1,3
donor1_TGCGATAAGTGGTGAC-1,donor1,13
donor1_TGCGATACAAACTAAG-1,donor1,15
donor1_TGCGATAGTCCGTACG-1,donor1,8
donor1_TGCGATAGTCCTACAA-1,donor1,19
donor1_TGCGATATCGCACGGT-1,donor1,6
donor1_TGCGATATCTTAATCC-1,donor1,12
donor1_TGCGATATCTTACTGT-1,donor1,17
donor1_TGCGGCACAAGTGTCT-1,donor1,3
donor1_TGCGGCAGTAATTAGG-1,donor1,9
donor1_TGCGGCAGTTTGGGTT-1,donor1,17
donor1_TGCGGCATCCACTTCG-1,donor1,0
donor1_TGCGGCATCGTGGGTC-1,donor1,17
donor1_TGCGGGTCACCAGCGT-1,donor1,0
donor1_TGCGGGTGTCGACGCT-1,donor1,0
donor1_TGCGGGTTCAAAGACA-1,donor1,17
donor1_TGCGGGTTCCGATAGT-1,donor1,20
donor1_TGCTCCAAGCTCTGTA-1,donor1,2
donor1_TGCTCCACATAGACTC-1,donor1,3
donor1_TGCTCCAGTAGTGATA-1,donor1,13
donor1_TGCTCCAGTCGTACAT-1,donor1,8
donor1_TGCTCCATCACCATAG-1,donor1,17
donor1_TGCTCCATCGGAGTGA-1,donor1,0
donor1_TGCTCCATCGTTCTAT-1,donor1,8
donor1_TGCTCCATCTTGGATG-1,donor1,6
donor1_TGCTCGTCAGTAACCT-1,donor1,20
donor1_TGCTCGTCAGTCTCTC-1,donor1,22
donor1_TGCTCGTCATAACAGA-1,donor1,15
donor1_TGCTCGTGTGAGACCA-1,donor1,3
donor1_TGCTCGTGTTGGGTTT-1,donor1,21
donor1_TGCTGAAAGGATCACG-1,donor1,21
donor1_TGCTGAAAGTGTTGAA-1,donor1,13
donor1_TGCTGAACAAGACCTT-1,donor1,0
donor1_TGCTGAACAGCGGTTC-1,donor1,2
donor1_TGCTGAAGTCAAAGAT-1,donor1,0
donor1_TGCTGAATCGTGTTCC-1,donor1,8
donor1_TGCTTCGAGGGAGGTG-1,donor1,19
donor1_TGCTTCGAGTGGTTGG-1,donor1,15
donor1_TGCTTCGCAACTTGGT-1,donor1,20
donor1_TGCTTCGGTGCAATAA-1,donor1,17
donor1_TGCTTCGTCACAGAGG-1,donor1,12
donor1_TGCTTGCAGACATATG-1,donor1,3
donor1_TGCTTGCAGAGCCTGA-1,donor1,2
donor1_TGCTTGCTCCACGAAT-1,donor1,18
donor1_TGCTTGCTCCACGGAC-1,donor1,19
donor1_TGGAACTAGAAAGCGA-1,donor1,13
donor1_TGGAACTAGGGCAAGG-1,donor1,2
donor1_TGGAACTCAACAAGTA-1,donor1,8
donor1_TGGAACTCAGCTGTCG-1,donor1,9
donor1_TGGAACTGTAGTCTTG-1,donor1,12
donor1_TGGAACTTCGCGTAGC-1,donor1,2
donor1_TGGAGAGAGTGGAAGA-1,donor1,18
donor1_TGGAGAGTCCGACGGT-1,donor1,11
donor1_TGGAGAGTCGTCAAAC-1,donor1,13
donor1_TGGAGGAAGAAGCTGC-1,donor1,14
donor1_TGGAGGAAGGACACTG-1,donor1,1
donor1_TGGAGGAAGGCACTAG-1,donor1,20
donor1_TGGAGGACAAGGCCTC-1,donor1,17
donor1_TGGAGGACAGTTTCGA-1,donor1,13
donor1_TGGAGGACATTGGCAT-1,donor1,5
donor1_TGGAGGAGTTTCGGCG-1,donor1,21
donor1_TGGAGGATCCCTTTGG-1,donor1,12
donor1_TGGATCAAGGAATGTT-1,donor1,6
donor1_TGGATCAAGGCTAACG-1,donor1,22
donor1_TGGATCACAATAGGGC-1,donor1,19
donor1_TGGATCACACGGAAGT-1,donor1,6
donor1_TGGATCAGTGTTCATG-1,donor1,6
donor1_TGGATGTCAAGTTGGG-1,donor1,17
donor1_TGGATGTCACTATCCC-1,donor1,25
donor1_TGGATGTTCCGATGTA-1,donor1,11
donor1_TGGCGTGAGGTCGTAG-1,donor1,1
donor1_TGGCGTGCATCCTTCG-1,donor1,21
donor1_TGGCGTGGTAGAGATT-1,donor1,6
donor1_TGGCGTGGTGATATAG-1,donor1,20
donor1_TGGCGTGTCAGCGCAC-1,donor1,6
donor1_TGGCGTGTCCATAGGT-1,donor1,17
donor1_TGGCGTGTCTGCTCTG-1,donor1,12
donor1_TGGGAAGAGCACCAGA-1,donor1,0
donor1_TGGGAAGAGGAAAGTG-1,donor1,15
donor1_TGGGAAGCACGAGGAT-1,donor1,13
donor1_TGGGAAGCAGAACGCA-1,donor1,2
donor1_TGGGAAGCATGACGGA-1,donor1,20
donor1_TGGGAAGGTCCTTAAG-1,donor1,15
donor1_TGGGAAGGTGCTTATG-1,donor1,18
donor1_TGGGAAGTCCTTCGAC-1,donor1,5
donor1_TGGGAGACAAGGTCTT-1,donor1,25
donor1_TGGGAGACACAAATAG-1,donor1,6
donor1_TGGGAGACAGACCTAT-1,donor1,15
donor1_TGGGAGACATGATAGA-1,donor1,20
donor1_TGGGAGAGTAAGTCAA-1,donor1,0
donor1_TGGGAGAGTATGAGCG-1,donor1,20
donor1_TGGGAGAGTCAAAGAT-1,donor1,13
donor1_TGGGAGAGTTCTCCAC-1,donor1,27
donor1_TGGGAGATCGTCAACA-1,donor1,15
donor1_TGGGATTCACAGTGAG-1,donor1,14
donor1_TGGGATTCACCCTATC-1,donor1,3
donor1_TGGGATTCACGACAAG-1,donor1,2
donor1_TGGGATTCAGATCATC-1,donor1,6
donor1_TGGGATTGTGCCGTTG-1,donor1,9
donor1_TGGGATTTCACCCTCA-1,donor1,2
donor1_TGGGATTTCCACTTCG-1,donor1,3
donor1_TGGGATTTCCGACATA-1,donor1,15
donor1_TGGGATTTCCTAGCGG-1,donor1,5
donor1_TGGGCGTAGCACCGAA-1,donor1,3
donor1_TGGGCGTAGGGTGAGG-1,donor1,20
donor1_TGGGCGTAGTTCTACG-1,donor1,15
donor1_TGGGCGTCATACTGAC-1,donor1,2
donor1_TGGGCGTCATCATTTC-1,donor1,0
donor1_TGGGCGTTCTACACAG-1,donor1,8
donor1_TGGGCTGAGGGATCGT-1,donor1,13
donor1_TGGGCTGAGGTGGGTT-1,donor1,0
donor1_TGGGCTGGTCCAAGAG-1,donor1,21
donor1_TGGGCTGTCTGAGGCC-1,donor1,18
donor1_TGGGTTAAGCATGATA-1,donor1,11
donor1_TGGGTTAGTACAGGTG-1,donor1,17
donor1_TGGGTTATCCTATTTG-1,donor1,2
donor1_TGGTACAGTAATTGGA-1,donor1,10
donor1_TGGTACATCCTACAAG-1,donor1,3
donor1_TGGTACATCGGAAGGT-1,donor1,15
donor1_TGGTACATCGGTGTAT-1,donor1,16
donor1_TGGTACATCTCCGCAT-1,donor1,13
donor1_TGGTAGTAGCGTGAAC-1,donor1,21
donor1_TGGTAGTAGCTTGTGT-1,donor1,19
donor1_TGGTAGTAGGGCTTCC-1,donor1,20
donor1_TGGTAGTTCGCAGAGA-1,donor1,2
donor1_TGGTGATCATGTGGCC-1,donor1,13
donor1_TGGTGATGTCCTATAG-1,donor1,0
donor1_TGGTGATTCCATCACC-1,donor1,1
donor1_TGGTTAGAGAGCTTTC-1,donor1,0
donor1_TGGTTAGCAGAGGACT-1,donor1,18
donor1_TGGTTAGCATCGGCCA-1,donor1,3
donor1_TGGTTAGGTATGACAA-1,donor1,2
donor1_TGGTTAGGTCCGTTTC-1,donor1,5
donor1_TGGTTAGGTGAGGATC-1,donor1,13
donor1_TGGTTAGGTGTTGAGG-1,donor1,8
donor1_TGTAACGAGCCTTGAT-1,donor1,21
donor1_TGTAACGAGTAGCATA-1,donor1,12
donor1_TGTAACGCAACCGCTG-1,donor1,0
donor1_TGTAACGGTACAAGTA-1,donor1,27
donor1_TGTAACGTCAACTACG-1,donor1,0
donor1_TGTAACGTCGCTTAAG-1,donor1,0
donor1_TGTAACGTCGTTCAGA-1,donor1,0
donor1_TGTAACGTCTACCCAC-1,donor1,6
donor1_TGTAACGTCTATTCGT-1,donor1,19
donor1_TGTAAGCGTGGCTAGA-1,donor1,11
donor1_TGTAAGCTCCCTCATG-1,donor1,1
donor1_TGTAAGCTCTCCGAGG-1,donor1,20
donor1_TGTACAGCATTCTCCG-1,donor1,21
donor1_TGTAGACAGCAACAAT-1,donor1,13
donor1_TGTAGACAGTCCCTAA-1,donor1,0
donor1_TGTAGACCAGTGCGCT-1,donor1,17
donor1_TGTAGACGTACCACGC-1,donor1,1
donor1_TGTCAGAAGAACCGCA-1,donor1,20
donor1_TGTCAGAAGTATAACG-1,donor1,3
donor1_TGTCAGACAACCCGCA-1,donor1,11
donor1_TGTCAGACAGACTCTA-1,donor1,2
donor1_TGTCAGATCAATCTTC-1,donor1,3
donor1_TGTCAGATCTCTGGTC-1,donor1,13
donor1_TGTCAGATCTTCCACG-1,donor1,21
donor1_TGTCCACAGCAAGTGC-1,donor1,20
donor1_TGTCCACAGTTGCCTA-1,donor1,21
donor1_TGTCCACCATAGCTGT-1,donor1,0
donor1_TGTCCCAAGGTTGGAC-1,donor1,17
donor1_TGTCCCACATATTCGG-1,donor1,15
donor1_TGTCCCATCTACGGTA-1,donor1,2
donor1_TGTCCTGAGTGACACG-1,donor1,3
donor1_TGTCCTGCAGCCGGTT-1,donor1,3
donor1_TGTCCTGCATGTGACT-1,donor1,20
donor1_TGTCCTGGTTGTCATG-1,donor1,13
donor1_TGTCCTGTCCGTCAAA-1,donor1,21
donor1_TGTCCTGTCTAGACAC-1,donor1,11
donor1_TGTGAGTAGGTGTGAC-1,donor1,13
donor1_TGTGAGTCAGATAAAC-1,donor1,3
donor1_TGTGAGTGTCATAAAG-1,donor1,11
donor1_TGTGAGTTCAAGCCGC-1,donor1,0
donor1_TGTGAGTTCTCGGGAC-1,donor1,17
donor1_TGTGATGAGAGTTGAT-1,donor1,6
donor1_TGTGATGCAAGCTACT-1,donor1,8
donor1_TGTGATGCATAGAGGC-1,donor1,0
donor1_TGTGATGGTGCTCTCT-1,donor1,14
donor1_TGTGATGTCCGTGACG-1,donor1,12
donor1_TGTGATGTCCTTTAGT-1,donor1,3
donor1_TGTGCGGAGAGCGACT-1,donor1,20
donor1_TGTGCGGAGCTGGAGT-1,donor1,9
donor1_TGTGCGGAGTGATAGT-1,donor1,11
donor1_TGTGCGGGTCGTCAGC-1,donor1,11
donor1_TGTGCGGTCGTGGCGT-1,donor1,21
donor1_TGTGGCGAGGGCATGT-1,donor1,26
donor1_TGTGGCGGTCTCTCCA-1,donor1,4
donor1_TGTGGCGTCGCTGATA-1,donor1,6
donor1_TGTGTGAAGCTCTTCC-1,donor1,0
donor1_TGTGTGACAACCGTGC-1,donor1,2
donor1_TGTGTGAGTTGTGTTG-1,donor1,2
donor1_TGTGTGATCCGTTGGG-1,donor1,6
donor1_TGTTACTAGACCAGAC-1,donor1,0
donor1_TGTTACTTCAACTGGT-1,donor1,0
donor1_TGTTACTTCTGCGATA-1,donor1,13
donor1_TGTTCATAGGTCCCTG-1,donor1,21
donor1_TGTTCATCAATTTCGG-1,donor1,0
donor1_TGTTCATGTCTAGTGT-1,donor1,21
donor1_TGTTCATTCACGTAGT-1,donor1,8
donor1_TGTTCATTCTACCAGA-1,donor1,2
donor1_TGTTCATTCTCTCCGA-1,donor1,3
donor1_TGTTCCGAGACCAAAT-1,donor1,8
donor1_TGTTCCGAGATAGCAT-1,donor1,20
donor1_TGTTCCGAGCGTATGG-1,donor1,20
donor1_TGTTCCGAGGGTTTCT-1,donor1,11
donor1_TGTTCCGAGGTACTGG-1,donor1,20
donor1_TGTTCCGAGTCGGGAT-1,donor1,2
donor1_TGTTCCGCACGGTAGA-1,donor1,16
donor1_TGTTCCGCAGGACTTT-1,donor1,21
donor1_TGTTCCGGTGCAAGAC-1,donor1,0
donor1_TGTTCCGTCGGAGTGA-1,donor1,13
donor1_TGTTCTAAGACCACGA-1,donor1,20
donor1_TGTTCTACACTATCGA-1,donor1,3
donor1_TGTTCTACATGGCCAC-1,donor1,17
donor1_TGTTCTATCTGGTCAA-1,donor1,20
donor1_TGTTGAGAGAGTTGAT-1,donor1,6
donor1_TGTTGAGAGCACCCAC-1,donor1,17
donor1_TGTTGAGAGCATGATA-1,donor1,0
donor1_TGTTGAGAGCGACTTT-1,donor1,2
donor1_TGTTGAGCAAACACGG-1,donor1,21
donor1_TGTTGAGCACCGGTCA-1,donor1,10
donor1_TGTTGAGCAGCAGTAG-1,donor1,3
donor1_TGTTGAGCAGGACAGT-1,donor1,13
donor1_TGTTGAGGTCCAAATC-1,donor1,1
donor1_TGTTGAGTCCGGACGT-1,donor1,20
donor1_TGTTGAGTCGCGTCGA-1,donor1,8
donor1_TGTTGGAAGCTGAAAT-1,donor1,17
donor1_TGTTGGAAGTCCGCGT-1,donor1,8
donor1_TGTTGGACAGATTAAG-1,donor1,8
donor1_TGTTGGACATTCTCCG-1,donor1,2
donor1_TGTTGGATCCAAGCTA-1,donor1,19
donor1_TGTTTGTAGCCTAGGA-1,donor1,6
donor1_TGTTTGTAGGTCTACT-1,donor1,13
donor1_TGTTTGTGTCCGTACG-1,donor1,2
donor1_TGTTTGTGTGGCCCAT-1,donor1,9
donor1_TGTTTGTGTTAAGGGC-1,donor1,16
donor1_TGTTTGTTCTCCATAT-1,donor1,2
donor1_TTAATCCAGCAGTCTT-1,donor1,20
donor1_TTAATCCCACCCTTGT-1,donor1,4
donor1_TTAATCCCACGGTCTG-1,donor1,3
donor1_TTAATCCCACGGTGCT-1,donor1,13
donor1_TTAATCCCAGAACATA-1,donor1,19
donor1_TTAATCCCAGTTGCGC-1,donor1,13
donor1_TTAATCCGTCTGTGAT-1,donor1,18
donor1_TTAATCCGTTAGCGGA-1,donor1,0
donor1_TTAATCCTCCAATCCC-1,donor1,3
donor1_TTAATCCTCCGATAAC-1,donor1,0
donor1_TTAATCCTCGGTCATA-1,donor1,9
donor1_TTAATCCTCTCGTTTA-1,donor1,2
donor1_TTACAGGCACTAACCA-1,donor1,8
donor1_TTACAGGTCCGATCTC-1,donor1,20
donor1_TTACAGGTCGAATGCT-1,donor1,9
donor1_TTACCATAGCGTACAG-1,donor1,3
donor1_TTACCATCACGGTGAA-1,donor1,17
donor1_TTACCATCACGTACAT-1,donor1,5
donor1_TTACCATCATCTCAAG-1,donor1,2
donor1_TTACCATGTTAAGGAT-1,donor1,0
donor1_TTACCATGTTAGGACG-1,donor1,6
donor1_TTACCATTCATTGCGA-1,donor1,1
donor1_TTACCGCAGTCATGAA-1,donor1,8
donor1_TTACCGCGTATCGGTT-1,donor1,6
donor1_TTACCGCTCAGGGTAG-1,donor1,3
donor1_TTACCGCTCCGTGTCT-1,donor1,14
donor1_TTACCGCTCTTCGACC-1,donor1,3
donor1_TTACGCCAGAACTTCC-1,donor1,20
donor1_TTACGCCGTAATCAAG-1,donor1,18
donor1_TTACGCCGTCCACATA-1,donor1,0
donor1_TTACGCCGTCCAGTTA-1,donor1,3
donor1_TTACGCCGTCGATGCC-1,donor1,21
donor1_TTACGCCTCCTGGGAC-1,donor1,11
donor1_TTACGCCTCTTACGTT-1,donor1,12
donor1_TTACGTTAGAAGAGCA-1,donor1,1
donor1_TTACGTTAGCGACCCT-1,donor1,0
donor1_TTACGTTAGGCCCACT-1,donor1,6
donor1_TTACGTTCAATACCCA-1,donor1,3
donor1_TTACGTTCACACGGAA-1,donor1,21
donor1_TTACGTTCAGGTTCCG-1,donor1,8
donor1_TTACGTTGTACCCGAC-1,donor1,13
donor1_TTACGTTGTATACGGG-1,donor1,21
donor1_TTACTGTAGTCCTGCG-1,donor1,18
donor1_TTACTGTCACCAAATC-1,donor1,8
donor1_TTACTGTGTCATCCGG-1,donor1,3
donor1_TTACTGTGTTCTTCAT-1,donor1,21
donor1_TTACTGTTCATCGACA-1,donor1,3
donor1_TTACTGTTCTGTGCAA-1,donor1,4
donor1_TTAGGCAAGGCCTTGC-1,donor1,20
donor1_TTAGGCAAGTCATTGC-1,donor1,2
donor1_TTAGGCACACTAGGCC-1,donor1,16
donor1_TTAGGCACATTGCAAC-1,donor1,11
donor1_TTAGGCAGTAAGCAAT-1,donor1,17
donor1_TTAGGCAGTAGTTACC-1,donor1,21
donor1_TTAGGCAGTCTGTGCG-1,donor1,13
donor1_TTAGGGTAGACAGTCG-1,donor1,20
donor1_TTAGGGTTCAGGAAGC-1,donor1,9
donor1_TTAGGGTTCCGGACGT-1,donor1,13
donor1_TTAGGGTTCGCAGTCG-1,donor1,18
donor1_TTAGGGTTCGTGGGAA-1,donor1,17
donor1_TTAGTCTAGGAGGGTG-1,donor1,2
donor1_TTAGTCTAGGATTTGA-1,donor1,0
donor1_TTAGTCTCATCCCACT-1,donor1,21
donor1_TTAGTCTGTAGACACG-1,donor1,0
donor1_TTAGTCTGTGTGACCC-1,donor1,1
donor1_TTAGTCTGTTTGCCGG-1,donor1,21
donor1_TTAGTCTTCCGTAATG-1,donor1,3
donor1_TTATTGCAGACCCGCT-1,donor1,0
donor1_TTATTGCAGTAAGAGG-1,donor1,20
donor1_TTATTGCCAGAACTAA-1,donor1,3
donor1_TTATTGCGTGCGTGCT-1,donor1,20
donor1_TTATTGCTCAGGGTAG-1,donor1,6
donor1_TTATTGCTCTTAGCAG-1,donor1,13
donor1_TTCAATCAGGTTCAGG-1,donor1,8
donor1_TTCAATCCAGACTGCC-1,donor1,5
donor1_TTCAATCGTTAATCGC-1,donor1,21
donor1_TTCAATCTCAGTGTGT-1,donor1,8
donor1_TTCACCGAGTAGGATT-1,donor1,2
donor1_TTCACCGCAAAGGCGT-1,donor1,6
donor1_TTCACCGCAGCTCATA-1,donor1,8
donor1_TTCACCGCAGCTTCGG-1,donor1,13
donor1_TTCACCGTCCTACGGG-1,donor1,1
donor1_TTCACCGTCTCGGCTT-1,donor1,4
donor1_TTCACGCAGAAGTCAT-1,donor1,15
donor1_TTCACGCAGCTGACAG-1,donor1,25
donor1_TTCACGCAGGTTCCGC-1,donor1,12
donor1_TTCACGCCAATTGAGA-1,donor1,15
donor1_TTCACGCCACATACGT-1,donor1,12
donor1_TTCACGCTCCAACCAA-1,donor1,13
donor1_TTCACGCTCTGCGAGC-1,donor1,2
donor1_TTCAGGAAGGTATTGA-1,donor1,22
donor1_TTCAGGACACAAATAG-1,donor1,3
donor1_TTCAGGACAGCGAGTA-1,donor1,20
donor1_TTCAGGAGTTTCAGAC-1,donor1,17
donor1_TTCATGTCATTCTGTT-1,donor1,8
donor1_TTCATGTTCACTCGAA-1,donor1,13
donor1_TTCATGTTCAGGAACG-1,donor1,20
donor1_TTCATTGAGGTGCGAT-1,donor1,17
donor1_TTCATTGCACGTAGAG-1,donor1,3
donor1_TTCATTGCACTGGCCA-1,donor1,9
donor1_TTCATTGCAGTGGTGA-1,donor1,11
donor1_TTCATTGGTCCTGAAT-1,donor1,17
donor1_TTCATTGGTCTCGCGA-1,donor1,12
donor1_TTCATTGTCAAGAAAC-1,donor1,13
donor1_TTCATTGTCCATCCGT-1,donor1,20
donor1_TTCATTGTCCGTAGTA-1,donor1,20
donor1_TTCATTGTCTAGAGCT-1,donor1,2
donor1_TTCCAATCAATTGGTC-1,donor1,15
donor1_TTCCAATCAGTGTACT-1,donor1,21
donor1_TTCCAATGTTATGGTC-1,donor1,22
donor1_TTCCACGAGCTGACAG-1,donor1,17
donor1_TTCCACGAGTGTAGAT-1,donor1,18
donor1_TTCCACGGTAAGACCG-1,donor1,27
donor1_TTCCACGGTCAAGTTC-1,donor1,17
donor1_TTCCACGGTGGAGGTT-1,donor1,0
donor1_TTCCGGTAGTATGAAC-1,donor1,2
donor1_TTCCGGTCACAAATGA-1,donor1,17
donor1_TTCCGGTCATACATCG-1,donor1,6
donor1_TTCCGGTCATACTGTG-1,donor1,3
donor1_TTCCGGTGTAAGGAGA-1,donor1,21
donor1_TTCCGGTGTGATTGGG-1,donor1,20
donor1_TTCCGGTGTGTCCAAT-1,donor1,4
donor1_TTCCGGTGTTGCCGAC-1,donor1,13
donor1_TTCCGGTTCCATTGTT-1,donor1,0
donor1_TTCCGGTTCGAGAGCA-1,donor1,17
donor1_TTCCGGTTCGTTCGCT-1,donor1,1
donor1_TTCCGGTTCTGAGGTT-1,donor1,21
donor1_TTCCGTGAGACCAAAT-1,donor1,18
donor1_TTCCGTGCACGAGAAC-1,donor1,13
donor1_TTCCGTGCAGTAGATA-1,donor1,3
donor1_TTCCGTGCATGCAGGA-1,donor1,0
donor1_TTCCGTGGTACAGGTG-1,donor1,0
donor1_TTCCGTGGTACCGGCT-1,donor1,0
donor1_TTCCGTGTCATAGGCT-1,donor1,8
donor1_TTCCGTGTCTAGTACG-1,donor1,0
donor1_TTCCTAAAGAGGTCAC-1,donor1,0
donor1_TTCCTAAAGCAATTAG-1,donor1,17
donor1_TTCCTAAAGCCTATTG-1,donor1,11
donor1_TTCCTAACACTGCGTG-1,donor1,0
donor1_TTCCTAAGTAGTCCTA-1,donor1,18
donor1_TTCCTAAGTATCGCTA-1,donor1,18
donor1_TTCCTAATCATGGGAG-1,donor1,3
donor1_TTCCTAATCCCATACC-1,donor1,21
donor1_TTCCTAATCCCGTTCA-1,donor1,21
donor1_TTCCTAATCGGAGCAA-1,donor1,3
donor1_TTCCTAATCTTCCCAG-1,donor1,2
donor1_TTCCTCTAGCAACTCT-1,donor1,3
donor1_TTCCTCTAGGACCCAA-1,donor1,21
donor1_TTCCTCTAGTCAAGCG-1,donor1,0
donor1_TTCCTCTGTCGTCGGT-1,donor1,20
donor1_TTCCTCTGTGGAAGTC-1,donor1,8
donor1_TTCCTCTGTTCTCCAC-1,donor1,6
donor1_TTCCTCTTCACGATCA-1,donor1,3
donor1_TTCCTTCAGCTTAAGA-1,donor1,2
donor1_TTCCTTCCAGCTCATA-1,donor1,1
donor1_TTCCTTCTCCATAGAC-1,donor1,12
donor1_TTCCTTCTCCGACATA-1,donor1,21
donor1_TTCCTTCTCCTGCTAC-1,donor1,21
donor1_TTCGATTAGAGAACCC-1,donor1,17
donor1_TTCGATTTCACATACG-1,donor1,18
donor1_TTCGATTTCGGCCCAA-1,donor1,17
donor1_TTCGCTGCAATGGCCC-1,donor1,2
donor1_TTCGCTGGTCGAGCAA-1,donor1,12
donor1_TTCGCTGGTTTAGACC-1,donor1,11
donor1_TTCGCTGTCATGTCTT-1,donor1,3
donor1_TTCGCTGTCTGGAAGG-1,donor1,8
donor1_TTCGGTCCAACAGCCC-1,donor1,12
donor1_TTCGGTCTCAGGACAG-1,donor1,8
donor1_TTCGGTCTCCGCGAGT-1,donor1,2
donor1_TTCGGTCTCGACACCG-1,donor1,2
donor1_TTCGGTCTCTCTCGCA-1,donor1,20
donor1_TTCTAACAGTCAGGGT-1,donor1,20
donor1_TTCTAACAGTCGGGAT-1,donor1,17
donor1_TTCTAACCAAACGGCA-1,donor1,1
donor1_TTCTAACCAGTCCGTG-1,donor1,20
donor1_TTCTAACCATGGAAGC-1,donor1,21
donor1_TTCTAACGTCCACTCT-1,donor1,13
donor1_TTCTAACTCGCGATCG-1,donor1,3
donor1_TTCTAGTAGCTTCATG-1,donor1,3
donor1_TTCTAGTAGGTTCTAC-1,donor1,19
donor1_TTCTAGTAGTCGAAGC-1,donor1,13
donor1_TTCTAGTAGTGCAGGT-1,donor1,12
donor1_TTCTAGTCACTAACCA-1,donor1,13
donor1_TTCTAGTCATGTGTCA-1,donor1,13
donor1_TTCTAGTGTTATAGCC-1,donor1,20
donor1_TTCTAGTTCACACCCT-1,donor1,8
donor1_TTCTAGTTCACGGACC-1,donor1,27
donor1_TTCTAGTTCACTTCTA-1,donor1,14
donor1_TTCTAGTTCCACATAG-1,donor1,21
donor1_TTCTAGTTCGACCCAG-1,donor1,15
donor1_TTCTAGTTCGCATTGA-1,donor1,20
donor1_TTCTCTCAGCGTCAAG-1,donor1,8
donor1_TTCTCTCAGGCATCAG-1,donor1,18
donor1_TTCTCTCCACCGTGGT-1,donor1,21
donor1_TTCTCTCCACGCTTAA-1,donor1,0
donor1_TTCTCTCCATACTTTC-1,donor1,3
donor1_TTCTGTAAGTCTAGCT-1,donor1,1
donor1_TTCTGTACACTCAGAT-1,donor1,21
donor1_TTCTGTACAGATAAAC-1,donor1,0
donor1_TTCTGTACATCATCTT-1,donor1,20
donor1_TTCTGTATCCTACACC-1,donor1,0
donor1_TTCTGTATCTCGTGGG-1,donor1,9
donor1_TTCTTCCAGCTGAAGC-1,donor1,13
donor1_TTCTTCCAGCTGCGAA-1,donor1,13
donor1_TTCTTCCAGTGGCCTC-1,donor1,9
donor1_TTCTTCCGTCGAGATG-1,donor1,15
donor1_TTCTTGACAATGCTCA-1,donor1,20
donor1_TTCTTGAGTCAGCGTC-1,donor1,3
donor1_TTCTTGAGTGCTGTCG-1,donor1,21
donor1_TTCTTGAGTTGCGAAG-1,donor1,21
donor1_TTCTTGATCATGCTAG-1,donor1,1
donor1_TTCTTGATCTAGATCG-1,donor1,13
donor1_TTCTTGATCTGGGCCA-1,donor1,15
donor1_TTGAACGAGACATGCG-1,donor1,11
donor1_TTGAACGAGGATCACG-1,donor1,22
donor1_TTGAACGCAGGACGAT-1,donor1,2
donor1_TTGAACGCATTGAGGG-1,donor1,13
donor1_TTGAACGGTACGGCAA-1,donor1,0
donor1_TTGAACGTCGATACGT-1,donor1,13
donor1_TTGACCCAGATGCTGG-1,donor1,14
donor1_TTGACCCCAAACTAAG-1,donor1,19
donor1_TTGACCCTCAAGCCAT-1,donor1,16
donor1_TTGACCCTCCACATAG-1,donor1,19
donor1_TTGACCCTCCATCGTC-1,donor1,22
donor1_TTGACCCTCGCGAAGA-1,donor1,16
donor1_TTGAGTGAGCCGGATA-1,donor1,16
donor1_TTGAGTGGTGTTGATC-1,donor1,18
donor1_TTGAGTGTCTTCGTGC-1,donor1,21
donor1_TTGATGGAGCGACTGA-1,donor1,11
donor1_TTGATGGGTCGAATTC-1,donor1,2
donor1_TTGCATTCAGGCATGA-1,donor1,0
donor1_TTGCATTGTATTGACC-1,donor1,2
donor1_TTGCATTGTCGCTTAA-1,donor1,16
donor1_TTGCATTGTCTCTCAC-1,donor1,3
donor1_TTGCATTGTGTCCTAA-1,donor1,0
donor1_TTGCATTTCATCGCAA-1,donor1,18
donor1_TTGCATTTCGTGGGAA-1,donor1,15
donor1_TTGCATTTCTGCTGAA-1,donor1,17
donor1_TTGCCTGAGGTTGCCC-1,donor1,6
donor1_TTGCCTGAGTCCTGCG-1,donor1,8
donor1_TTGCCTGCACCTCTAC-1,donor1,14
donor1_TTGCCTGCACCTCTGT-1,donor1,9
donor1_TTGCCTGGTAGGTACG-1,donor1,3
donor1_TTGCCTGGTCTACATG-1,donor1,2
donor1_TTGCCTGTCGAAGGAC-1,donor1,17
donor1_TTGCGTCAGCCTCAGC-1,donor1,1
donor1_TTGCGTCGTAGCGTCC-1,donor1,2
donor1_TTGCGTCGTCCGGATC-1,donor1,9
donor1_TTGCGTCGTGGCACTC-1,donor1,21
donor1_TTGCTGCCAGCCCACA-1,donor1,13
donor1_TTGCTGCTCATGAGTC-1,donor1,3
donor1_TTGGATGAGCTTAGTC-1,donor1,9
donor1_TTGGATGAGGAAAGAC-1,donor1,0
donor1_TTGGATGAGTTGCTCA-1,donor1,3
donor1_TTGGATGCAACACACT-1,donor1,21
donor1_TTGGATGCAGACTGCC-1,donor1,11
donor1_TTGGATGGTCTCTCTG-1,donor1,2
donor1_TTGGGATAGCGTTACT-1,donor1,20
donor1_TTGGGATAGGGAGTGG-1,donor1,21
donor1_TTGGGATAGGGCATGT-1,donor1,13
donor1_TTGGGATAGGTAGATT-1,donor1,12
donor1_TTGGGATAGTCCGCCA-1,donor1,0
donor1_TTGGGATCAATTTCCT-1,donor1,5
donor1_TTGGGATGTGTACGCC-1,donor1,3
donor1_TTGGGATTCCATATGG-1,donor1,0
donor1_TTGGGCGAGCTCGAAG-1,donor1,5
donor1_TTGGGCGCAACTGCTA-1,donor1,19
donor1_TTGGGCGCACGACGTC-1,donor1,25
donor1_TTGGGCGCACTAGGCC-1,donor1,2
donor1_TTGGGCGCATGTAACC-1,donor1,13
donor1_TTGGGCGGTGAGGAAA-1,donor1,3
donor1_TTGGGCGTCACCTCTG-1,donor1,6
donor1_TTGGGCGTCAGCACCG-1,donor1,6
donor1_TTGGGCGTCCTAACAG-1,donor1,6
donor1_TTGGGTAAGTGTGTTC-1,donor1,13
donor1_TTGGGTACAGTTACCA-1,donor1,0
donor1_TTGGGTAGTTCCGCGA-1,donor1,13
donor1_TTGGGTATCAAGCCCG-1,donor1,4
donor1_TTGGGTATCACTTCTA-1,donor1,15
donor1_TTGGTTTAGAATCTAG-1,donor1,11
donor1_TTGGTTTCAAACCACT-1,donor1,3
donor1_TTGGTTTCACGCCAGT-1,donor1,3
donor1_TTGGTTTCATGTTTGG-1,donor1,20
donor1_TTGGTTTTCATCAGTG-1,donor1,19
donor1_TTGTGGACACTCCCTA-1,donor1,6
donor1_TTGTGGAGTTCCAGGC-1,donor1,17
donor1_TTGTGGATCAGGAGAC-1,donor1,21
donor1_TTGTGGATCATCACCC-1,donor1,0
donor1_TTGTGGATCCTGTACC-1,donor1,21
donor1_TTGTGGATCGAATCCA-1,donor1,19
donor1_TTGTGTTGTAGAATAC-1,donor1,17
donor1_TTGTGTTGTATCGGTT-1,donor1,13
donor1_TTGTGTTGTCTGCATA-1,donor1,17
donor1_TTGTGTTGTGCCGGTT-1,donor1,3
donor1_TTGTGTTGTTGGGATG-1,donor1,14
donor1_TTGTGTTTCAGCTGTA-1,donor1,17
donor1_TTGTGTTTCGCTTTAT-1,donor1,17
donor1_TTGTTCAAGAAGTATC-1,donor1,6
donor1_TTGTTCACAATCTGCA-1,donor1,18
donor1_TTGTTCACATGGAATA-1,donor1,13
donor1_TTGTTCAGTCCGAAAG-1,donor1,0
donor1_TTGTTGTAGCAGCAGT-1,donor1,11
donor1_TTGTTGTAGCGTGAGT-1,donor1,9
donor1_TTGTTGTAGTGATAAC-1,donor1,2
donor1_TTGTTGTCAGTCGCTG-1,donor1,21
donor1_TTGTTGTTCATCACCC-1,donor1,21
donor1_TTGTTGTTCGATGGAG-1,donor1,16
donor1_TTGTTTGAGGGTATAT-1,donor1,2
donor1_TTGTTTGCAATTTCGG-1,donor1,9
donor1_TTGTTTGCATATCTGG-1,donor1,6
donor1_TTGTTTGGTCAACACT-1,donor1,3
donor1_TTGTTTGGTCTCGGAC-1,donor1,17
donor1_TTGTTTGGTGACCGTC-1,donor1,1
donor1_TTGTTTGTCCTCAGGG-1,donor1,1
donor1_TTTACCAAGTCACACT-1,donor1,9
donor1_TTTACCACAGGAATAT-1,donor1,13
donor1_TTTACCACATCCGAAT-1,donor1,21
donor1_TTTACCACATCTCGTC-1,donor1,2
donor1_TTTACCATCAAGCCCG-1,donor1,4
donor1_TTTACCATCACGGGAA-1,donor1,8
donor1_TTTACCATCCCAGTGG-1,donor1,10
donor1_TTTACCATCTAGGAAA-1,donor1,6
donor1_TTTACGTAGGGTAGCT-1,donor1,20
donor1_TTTACGTCAATAGAGT-1,donor1,21
donor1_TTTACGTCATGTGGTT-1,donor1,8
donor1_TTTACGTGTGAGCAGT-1,donor1,17
donor1_TTTACTGAGCCTCTCT-1,donor1,18
donor1_TTTACTGAGCGTTAGG-1,donor1,0
donor1_TTTAGTCAGAGCGACT-1,donor1,3
donor1_TTTAGTCAGAGGCTGT-1,donor1,17
donor1_TTTAGTCGTCGGTGTC-1,donor1,21
donor1_TTTAGTCGTGAATATG-1,donor1,6
donor1_TTTAGTCTCATTTACC-1,donor1,23
donor1_TTTAGTCTCCGTAATG-1,donor1,3
donor1_TTTAGTCTCGTAATGC-1,donor1,3
donor1_TTTAGTCTCTCTTCAA-1,donor1,8
donor1_TTTATGCAGACGGATC-1,donor1,20
donor1_TTTATGCAGCCAGACA-1,donor1,13
donor1_TTTATGCAGGAAGTAG-1,donor1,18
donor1_TTTATGCCACAAGCAG-1,donor1,12
donor1_TTTATGCCATGTTTGG-1,donor1,3
donor1_TTTATGCTCATGACAC-1,donor1,3
donor1_TTTCACAAGCGACATG-1,donor1,21
donor1_TTTCACACACTTCAGA-1,donor1,0
donor1_TTTCACACATTGAAAG-1,donor1,18
donor1_TTTCACAGTATCGCTA-1,donor1,11
donor1_TTTCACAGTCGGTAAG-1,donor1,20
donor1_TTTCACATCACAACCA-1,donor1,9
donor1_TTTCACATCTAGCATG-1,donor1,13
donor1_TTTCAGTGTACCGCGT-1,donor1,0
donor1_TTTCAGTTCACTTATC-1,donor1,0
donor1_TTTCAGTTCCGAGCTG-1,donor1,17
donor1_TTTCAGTTCCTGTAGA-1,donor1,12
donor1_TTTCAGTTCTGACGCG-1,donor1,17
donor1_TTTCATGAGCTAAATG-1,donor1,0
donor1_TTTCATGAGCTACGTT-1,donor1,21
donor1_TTTCATGAGTTGCATC-1,donor1,21
donor1_TTTCATGCAGGACTTT-1,donor1,14
donor1_TTTCATGGTAGACAAT-1,donor1,4
donor1_TTTCATGGTCATAGTC-1,donor1,8
donor1_TTTCATGGTCGAATGG-1,donor1,12
donor1_TTTCATGGTGACCTGC-1,donor1,12
donor1_TTTCATGTCCAAAGGG-1,donor1,21
donor1_TTTCATGTCCCAACTC-1,donor1,6
donor1_TTTCCTCGTTCATCGA-1,donor1,19
donor1_TTTCCTCGTTCGCGTG-1,donor1,13
donor1_TTTCCTCTCAAGTGGG-1,donor1,17
donor1_TTTCGATAGTTACTCG-1,donor1,9
donor1_TTTCGATCATGGAATA-1,donor1,16
donor1_TTTCGATGTGGGACAT-1,donor1,0
donor1_TTTCGATTCCACGGGT-1,donor1,13
donor1_TTTCGATTCCATAGAC-1,donor1,3
donor1_TTTGACTAGCACTCTA-1,donor1,9
donor1_TTTGACTCACGCGTGT-1,donor1,3
donor1_TTTGACTGTCGTCAGC-1,donor1,15
donor1_TTTGACTTCCTGTTGC-1,donor1,5
donor1_TTTGATCCAGAGGTAC-1,donor1,12
donor1_TTTGATCGTACGCTAT-1,donor1,3
donor1_TTTGATCGTGGTCAAG-1,donor1,12
donor1_TTTGATCTCATCGGGC-1,donor1,2
donor1_TTTGATCTCCTTTAGT-1,donor1,16
donor1_TTTGATCTCGACGCGT-1,donor1,3
donor1_TTTGGAGAGACCCGCT-1,donor1,2
donor1_TTTGGAGCAATTGAGA-1,donor1,15
donor1_TTTGGTTAGTTGGCGA-1,donor1,3
donor1_TTTGGTTCAATACCTG-1,donor1,2
donor1_TTTGGTTCAATCTAGC-1,donor1,21
donor1_TTTGGTTTCTCGTCAC-1,donor1,20
donor1_TTTGTTGAGTGGTTGG-1,donor1,6
donor1_TTTGTTGGTCCTCCTA-1,donor1,0
donor1_TTTGTTGGTGTTTCTT-1,donor1,11
donor1_TTTGTTGTCCACAAGT-1,donor1,11
donor1_TTTGTTGTCTGTGCTC-1,donor1,15
donor2_AAACCCAAGCCAAGCA-1,donor2,0
donor2_AAACCCACACAGTCGC-1,donor2,1
donor2_AAACCCACACGTGAGA-1,donor2,6
donor2_AAACCCACAGTTTCGA-1,donor2,8
donor2_AAACCCAGTTATGACC-1,donor2,2
donor2_AAACCCATCATTTCCA-1,donor2,4
donor2_AAACCCATCCCTCATG-1,donor2,17
donor2_AAACGAAAGAATCGAT-1,donor2,12
donor2_AAACGAAAGTAGGAAG-1,donor2,17
donor2_AAACGAACAGACCAAG-1,donor2,2
donor2_AAACGAACATACATCG-1,donor2,2
donor2_AAACGAACATGTGCCG-1,donor2,2
donor2_AAACGAACATTCTCTA-1,donor2,3
donor2_AAACGAAGTAATGATG-1,donor2,2
donor2_AAACGAAGTTGCCGAC-1,donor2,5
donor2_AAACGAATCATTTCCA-1,donor2,26
donor2_AAACGAATCCACCCTA-1,donor2,21
donor2_AAACGCTAGCCACTCG-1,donor2,12
donor2_AAACGCTAGCCGATCC-1,donor2,19
donor2_AAACGCTAGCGTGAAC-1,donor2,12
donor2_AAACGCTAGCTAATGA-1,donor2,19
donor2_AAACGCTCAAACACCT-1,donor2,2
donor2_AAACGCTCAGAATGTA-1,donor2,18
donor2_AAACGCTCAGGCATGA-1,donor2,4
donor2_AAACGCTGTATCGCAT-1,donor2,7
donor2_AAACGCTGTCCTATAG-1,donor2,4
donor2_AAACGCTGTTAGAGTA-1,donor2,4
donor2_AAACGCTTCACTTGGA-1,donor2,19
donor2_AAACGCTTCGCCGAAC-1,donor2,2
donor2_AAACGCTTCTCGTTTA-1,donor2,16
donor2_AAAGAACAGCTATCTG-1,donor2,16
donor2_AAAGAACAGGTGTGAC-1,donor2,8
donor2_AAAGAACCAATAGTGA-1,donor2,8
donor2_AAAGAACCAGAGGAAA-1,donor2,3
donor2_AAAGAACCATATTCGG-1,donor2,2
donor2_AAAGAACCATCATTTC-1,donor2,16
donor2_AAAGAACGTATGTCCA-1,donor2,21
donor2_AAAGAACGTCTTGCTC-1,donor2,17
donor2_AAAGAACGTTACCCTC-1,donor2,21
donor2_AAAGAACGTTGGGAAC-1,donor2,17
donor2_AAAGAACTCATGGCCG-1,donor2,20
donor2_AAAGAACTCCCTCTAG-1,donor2,4
donor2_AAAGAACTCTGTCTCG-1,donor2,6
donor2_AAAGGATAGACCAGAC-1,donor2,1
donor2_AAAGGATAGACGGAAA-1,donor2,18
donor2_AAAGGATAGGTGCCTC-1,donor2,16
donor2_AAAGGATCAACATACC-1,donor2,21
donor2_AAAGGATCACGCGTGT-1,donor2,16
donor2_AAAGGATCACTTGTCC-1,donor2,2
donor2_AAAGGATCAGAGTTGG-1,donor2,18
donor2_AAAGGATCATATAGCC-1,donor2,21
donor2_AAAGGATCATCATGAC-1,donor2,18
donor2_AAAGGATCATCGAACT-1,donor2,2
donor2_AAAGGATGTAGAGACC-1,donor2,2
donor2_AAAGGATGTATCCTCC-1,donor2,18
donor2_AAAGGATGTATTCTCT-1,donor2,3
donor2_AAAGGATGTTCGGCGT-1,donor2,3
donor2_AAAGGATTCACATTGG-1,donor2,15
donor2_AAAGGATTCCTGCTAC-1,donor2,2
donor2_AAAGGATTCTACCTTA-1,donor2,14
donor2_AAAGGATTCTACTCAT-1,donor2,19
donor2_AAAGGGCAGGCAGCTA-1,donor2,2
donor2_AAAGGGCAGGCTCTAT-1,donor2,3
donor2_AAAGGGCAGGCTCTCG-1,donor2,19
donor2_AAAGGGCCAAACACCT-1,donor2,2
donor2_AAAGGGCGTCACCGCA-1,donor2,4
donor2_AAAGGGCGTTCGTAAC-1,donor2,0
donor2_AAAGGGCTCCGATGTA-1,donor2,0
donor2_AAAGGGCTCTCTCGAC-1,donor2,18
donor2_AAAGGTAAGATGGCAC-1,donor2,18
donor2_AAAGGTAAGTCATGGG-1,donor2,18
donor2_AAAGGTAAGTTGAAAC-1,donor2,8
donor2_AAAGGTACAAGAGTAT-1,donor2,19
donor2_AAAGGTACAATCTGCA-1,donor2,18
donor2_AAAGGTACACAAGCCC-1,donor2,18
donor2_AAAGGTACACCGTCTT-1,donor2,8
donor2_AAAGGTACACCTGAAT-1,donor2,19
donor2_AAAGGTACACTGGCCA-1,donor2,8
donor2_AAAGGTAGTATCCCAA-1,donor2,3
donor2_AAAGGTAGTCCCTCAT-1,donor2,17
donor2_AAAGGTAGTGGGATTG-1,donor2,3
donor2_AAAGGTAGTTCTCCCA-1,donor2,18
donor2_AAAGGTATCAGGACAG-1,donor2,16
donor2_AAAGGTATCCACCCTA-1,donor2,19
donor2_AAAGGTATCGTAGTCA-1,donor2,27
donor2_AAAGGTATCGTCGGGT-1,donor2,2
donor2_AAAGTCCAGAAGAACG-1,donor2,18
donor2_AAAGTCCAGAATAACC-1,donor2,17
donor2_AAAGTCCAGGAGAGGC-1,donor2,21
donor2_AAAGTCCAGGTCATAA-1,donor2,4
donor2_AAAGTCCAGTGGAAAG-1,donor2,4
donor2_AAAGTCCAGTGGTGGT-1,donor2,8
donor2_AAAGTCCCAAGTGGCA-1,donor2,1
donor2_AAAGTCCCACCGGTCA-1,donor2,2
donor2_AAAGTCCCACTTTATC-1,donor2,3
donor2_AAAGTCCCAGACGCTC-1,donor2,2
donor2_AAAGTCCCAGTTCTAG-1,donor2,8
donor2_AAAGTCCCATGTTACG-1,donor2,27
donor2_AAAGTCCGTACACTCA-1,donor2,2
donor2_AAAGTCCGTAGCGTTT-1,donor2,1
donor2_AAAGTCCGTCCTTAAG-1,donor2,21
donor2_AAAGTCCTCGCTCCTA-1,donor2,2
donor2_AAAGTCCTCTGACCCT-1,donor2,18
donor2_AAAGTGAAGAACGCGT-1,donor2,8
donor2_AAAGTGAAGACCTGGA-1,donor2,3
donor2_AAAGTGAAGCAAGCCA-1,donor2,4
donor2_AAAGTGAAGTTTGCTG-1,donor2,2
donor2_AAAGTGACAACATCGT-1,donor2,15
donor2_AAAGTGACAAGCAATA-1,donor2,17
donor2_AAAGTGACAATACCTG-1,donor2,2
donor2_AAAGTGACAATGTTGC-1,donor2,2
donor2_AAAGTGACACCAGCTG-1,donor2,21
donor2_AAAGTGACACTACCGG-1,donor2,2
donor2_AAAGTGACACTGGACC-1,donor2,3
donor2_AAAGTGACAGGTTCAT-1,donor2,16
donor2_AAAGTGACATGCCGAC-1,donor2,2
donor2_AAAGTGAGTAGGCAGT-1,donor2,15
donor2_AAAGTGAGTAGGTTTC-1,donor2,21
donor2_AAAGTGAGTATTAAGG-1,donor2,15
donor2_AAAGTGATCACTGTCC-1,donor2,8
donor2_AAAGTGATCGAAGAAT-1,donor2,18
donor2_AAAGTGATCGACGATT-1,donor2,20
donor2_AAAGTGATCGATACTG-1,donor2,12
donor2_AAAGTGATCGTAGTCA-1,donor2,0
donor2_AAAGTGATCTCTAAGG-1,donor2,1
donor2_AAATGGAAGTTGGAAT-1,donor2,1
donor2_AAATGGACAGCGAACA-1,donor2,6
donor2_AAATGGATCGATAACC-1,donor2,19
donor2_AAATGGATCGTCACCT-1,donor2,1
donor2_AAATGGATCGTCTAAG-1,donor2,17
donor2_AAATGGATCGTGGGAA-1,donor2,0
donor2_AAATGGATCTAGCATG-1,donor2,18
donor2_AAATGGATCTTCCACG-1,donor2,1
donor2_AACAAAGAGACAAGCC-1,donor2,17
donor2_AACAAAGAGTCAACAA-1,donor2,2
donor2_AACAAAGAGTCACGAG-1,donor2,22
donor2_AACAAAGCAATAAGGT-1,donor2,19
donor2_AACAAAGCACAATGAA-1,donor2,18
donor2_AACAAAGGTACCTGTA-1,donor2,1
donor2_AACAAAGGTATAATGG-1,donor2,19
donor2_AACAAAGGTCGCCTAG-1,donor2,3
donor2_AACAAAGTCAAGAGTA-1,donor2,0
donor2_AACAAAGTCAATCCAG-1,donor2,17
donor2_AACAAAGTCACCATCC-1,donor2,8
donor2_AACAAAGTCATTATCC-1,donor2,19
donor2_AACAAAGTCCCTGTTG-1,donor2,15
donor2_AACAAAGTCCGCATAA-1,donor2,26
donor2_AACAAAGTCGTCAAAC-1,donor2,19
donor2_AACAAAGTCTACTATC-1,donor2,21
donor2_AACAACCAGAGTCTTC-1,donor2,2
donor2_AACAACCAGATCCAAA-1,donor2,0
donor2_AACAACCCACACTGGC-1,donor2,3
donor2_AACAACCCACCGGTCA-1,donor2,0
donor2_AACAACCCAGCTATAC-1,donor2,8
donor2_AACAACCCATGTCTAG-1,donor2,17
donor2_AACAACCGTAGATTGA-1,donor2,1
donor2_AACAACCGTAGTCTGT-1,donor2,2
donor2_AACAACCGTCAAGGCA-1,donor2,6
donor2_AACAACCGTGCAGTGA-1,donor2,20
donor2_AACAACCTCAACTCTT-1,donor2,4
donor2_AACAACCTCGACACCG-1,donor2,16
donor2_AACAACCTCGCACGAC-1,donor2,19
donor2_AACAACCTCTCCCATG-1,donor2,27
donor2_AACAACCTCTGGCTGG-1,donor2,19
donor2_AACAAGAAGTAATCCC-1,donor2,18
donor2_AACAAGAAGTCCTGTA-1,donor2,1
donor2_AACAAGAAGTGGAAGA-1,donor2,19
donor2_AACAAGACAACTGAAA-1,donor2,18
donor2_AACAAGACAAGTATCC-1,donor2,16
donor2_AACAAGACACGGTGCT-1,donor2,6
donor2_AACAAGACATAGGTAA-1,donor2,2
donor2_AACAAGAGTATCTCTT-1,donor2,16
donor2_AACAAGAGTCGGAACA-1,donor2,17
donor2_AACAAGAGTGATTGGG-1,donor2,1
donor2_AACAAGAGTGCGAACA-1,donor2,19
donor2_AACAAGAGTTGCGTAT-1,donor2,18
donor2_AACAAGATCCCGAAAT-1,donor2,17
donor2_AACAAGATCGCAATTG-1,donor2,2
donor2_AACAAGATCTCAGGCG-1,donor2,3
donor2_AACAAGATCTGTCGTC-1,donor2,1
donor2_AACACACAGATTACCC-1,donor2,19
donor2_AACACACAGGTTGCCC-1,donor2,12
donor2_AACACACAGTCGGCCT-1,donor2,2
donor2_AACACACCACACAGAG-1,donor2,3
donor2_AACACACCACGCCACA-1,donor2,2
donor2_AACACACCACGCTGAC-1,donor2,3
donor2_AACACACCAGATACCT-1,donor2,19
donor2_AACACACCATCATTTC-1,donor2,2
donor2_AACACACCATGTGTCA-1,donor2,19
donor2_AACACACGTAGGAAAG-1,donor2,20
donor2_AACACACGTATGCGGA-1,donor2,17
donor2_AACACACGTCTAACGT-1,donor2,20
donor2_AACACACGTCTACGTA-1,donor2,16
donor2_AACACACGTGGCTTGC-1,donor2,8
donor2_AACACACGTTGGGTAG-1,donor2,17
donor2_AACACACTCCGGTTCT-1,donor2,17
donor2_AACACACTCGGAAGGT-1,donor2,19
donor2_AACAGGGAGACTGTTC-1,donor2,3
donor2_AACAGGGAGATTGCGG-1,donor2,6
donor2_AACAGGGAGGATAATC-1,donor2,17
donor2_AACAGGGAGGGCTAAC-1,donor2,2
donor2_AACAGGGCACTCCTTG-1,donor2,6
donor2_AACAGGGCAGCCTATA-1,donor2,4
donor2_AACAGGGGTACTGAGG-1,donor2,1
donor2_AACAGGGGTATACCCA-1,donor2,8
donor2_AACAGGGGTCGTTCAA-1,donor2,15
donor2_AACAGGGGTCTGCATA-1,donor2,3
donor2_AACAGGGTCACCGGTG-1,donor2,24
donor2_AACAGGGTCGACGTCG-1,donor2,17
donor2_AACAGGGTCGCCAATA-1,donor2,2
donor2_AACCAACAGAAACTGT-1,donor2,17
donor2_AACCAACAGACCATAA-1,donor2,17
donor2_AACCAACCAAAGCACG-1,donor2,2
donor2_AACCAACCAAATAAGC-1,donor2,17
donor2_AACCAACCAAGACCGA-1,donor2,20
donor2_AACCAACCACACTTAG-1,donor2,4
donor2_AACCAACCAGAGGTAC-1,donor2,2
donor2_AACCAACCAGATTTCG-1,donor2,19
donor2_AACCAACGTATGCTAC-1,donor2,17
donor2_AACCAACGTCTTGTCC-1,donor2,3
donor2_AACCAACGTGGGTCAA-1,donor2,1
donor2_AACCAACGTGTCCACG-1,donor2,2
donor2_AACCAACTCAAGTTGC-1,donor2,0
donor2_AACCAACTCCCGAAAT-1,donor2,19
donor2_AACCAACTCCTCACCA-1,donor2,0
donor2_AACCAACTCGAATCCA-1,donor2,2
donor2_AACCAACTCGAGTCTA-1,donor2,1
donor2_AACCAACTCTCGCGTT-1,donor2,16
donor2_AACCACAAGCCGATCC-1,donor2,8
donor2_AACCACAAGTAACCTC-1,donor2,19
donor2_AACCACACACAATTCG-1,donor2,3
donor2_AACCACACAGAATGTA-1,donor2,15
donor2_AACCACACAGGATGAC-1,donor2,16
donor2_AACCACACAGTTCACA-1,donor2,16
donor2_AACCACAGTCAACCTA-1,donor2,1
donor2_AACCACAGTCACCGAC-1,donor2,6
donor2_AACCACAGTTCATCGA-1,donor2,17
donor2_AACCACAGTTTGTGGT-1,donor2,15
donor2_AACCACATCCAACCAA-1,donor2,16
donor2_AACCACATCCTGGGAC-1,donor2,8
donor2_AACCACATCTAGCCTC-1,donor2,8
donor2_AACCACATCTCAGAAC-1,donor2,17
donor2_AACCACATCTGAATCG-1,donor2,3
donor2_AACCATGAGAGGGTAA-1,donor2,18
donor2_AACCATGCACTAGAGG-1,donor2,2
donor2_AACCATGCAGAGATGC-1,donor2,3
donor2_AACCATGCATGATCTG-1,donor2,18
donor2_AACCATGGTATACAGA-1,donor2,1
donor2_AACCATGGTTCAACGT-1,donor2,5
donor2_AACCATGTCGAGAAGC-1,donor2,16
donor2_AACCCAAAGACCATTC-1,donor2,19
donor2_AACCCAAAGAGGCTGT-1,donor2,3
donor2_AACCCAAAGCGTATAA-1,donor2,18
donor2_AACCCAAAGTAAGGGA-1,donor2,17
donor2_AACCCAACAAGTGCAG-1,donor2,8
donor2_AACCCAACAATCTCGA-1,donor2,3
donor2_AACCCAACACAAATAG-1,donor2,8
donor2_AACCCAACACGGTCTG-1,donor2,0
donor2_AACCCAACAGCTCCTT-1,donor2,6
donor2_AACCCAACATATCTGG-1,donor2,2
donor2_AACCCAAGTCATTGCA-1,donor2,19
donor2_AACCCAAGTGAATTGA-1,donor2,8
donor2_AACCCAAGTTGCCATA-1,donor2,4
donor2_AACCCAATCACCGGGT-1,donor2,2
donor2_AACCCAATCATTTACC-1,donor2,19
donor2_AACCCAATCCTATTTG-1,donor2,8
donor2_AACCCAATCGGAACTT-1,donor2,15
donor2_AACCCAATCTTGGAAC-1,donor2,17
donor2_AACCTGAAGCTTACGT-1,donor2,8
donor2_AACCTGACAATCAAGA-1,donor2,12
donor2_AACCTGACAATCTAGC-1,donor2,26
donor2_AACCTGACACAAGCAG-1,donor2,12
donor2_AACCTGACAGACCGCT-1,donor2,17
donor2_AACCTGAGTAGCGCCT-1,donor2,8
donor2_AACCTGAGTTACGATC-1,donor2,16
donor2_AACCTGAGTTCTTGCC-1,donor2,5
donor2_AACCTGATCATCGCCT-1,donor2,17
donor2_AACCTTTAGAGTAACT-1,donor2,3
donor2_AACCTTTAGGTTCCAT-1,donor2,21
donor2_AACCTTTAGTCTGCAT-1,donor2,3
donor2_AACCTTTAGTTTGGCT-1,donor2,15
donor2_AACCTTTCAGAACTTC-1,donor2,3
donor2_AACCTTTCATGATGCT-1,donor2,3
donor2_AACCTTTGTCTTAGTG-1,donor2,3
donor2_AACCTTTGTGTGTACT-1,donor2,16
donor2_AACCTTTGTTCACCGG-1,donor2,8
donor2_AACCTTTGTTGAATCC-1,donor2,1
donor2_AACCTTTTCCAAGCTA-1,donor2,4
donor2_AACCTTTTCCAGTGCG-1,donor2,18
donor2_AACCTTTTCCATGAGT-1,donor2,17
donor2_AACCTTTTCCATTGGA-1,donor2,16
donor2_AACCTTTTCTCGGTAA-1,donor2,16
donor2_AACGAAAAGAATAGTC-1,donor2,16
donor2_AACGAAAAGAGGGCGA-1,donor2,2
donor2_AACGAAAAGATACGAT-1,donor2,8
donor2_AACGAAAAGCTCCGAC-1,donor2,2
donor2_AACGAAAAGGCAGGGA-1,donor2,8
donor2_AACGAAACAACTGCTA-1,donor2,3
donor2_AACGAAACAATCGCAT-1,donor2,15
donor2_AACGAAACATGACGGA-1,donor2,3
donor2_AACGAAACATTGCCGG-1,donor2,4
donor2_AACGAAAGTCATTCCC-1,donor2,16
donor2_AACGAAAGTCCTCAGG-1,donor2,21
donor2_AACGAAAGTCTGATAC-1,donor2,18
donor2_AACGAAAGTGTTATCG-1,donor2,2
donor2_AACGGGAAGCACTCAT-1,donor2,1
donor2_AACGGGAAGCCGATCC-1,donor2,3
donor2_AACGGGAAGGCACTCC-1,donor2,21
donor2_AACGGGAGTACATACC-1,donor2,17
donor2_AACGGGAGTATCGAAA-1,donor2,6
donor2_AACGGGAGTGGATGAC-1,donor2,18
donor2_AACGGGATCAAGTGTC-1,donor2,19
donor2_AACGGGATCCGCGATG-1,donor2,8
donor2_AACGGGATCCTGGTCT-1,donor2,16
donor2_AACGGGATCGACGACC-1,donor2,2
donor2_AACGTCAAGAACGTGC-1,donor2,2
donor2_AACGTCAAGAGTCCGA-1,donor2,18
donor2_AACGTCAAGGGCCAAT-1,donor2,2
donor2_AACGTCAAGGTGGGTT-1,donor2,19
donor2_AACGTCACACAACGTT-1,donor2,0
donor2_AACGTCACACCAAAGG-1,donor2,2
donor2_AACGTCACAGTCGGAA-1,donor2,0
donor2_AACGTCACATCATTTC-1,donor2,18
donor2_AACGTCACATCCGTGG-1,donor2,1
donor2_AACGTCAGTATCCCAA-1,donor2,0
donor2_AACGTCAGTGGGACAT-1,donor2,16
donor2_AACGTCAGTGTTCATG-1,donor2,3
donor2_AACGTCATCCACTTCG-1,donor2,6
donor2_AACGTCATCCATCTGC-1,donor2,21
donor2_AACGTCATCCTCGATC-1,donor2,2
donor2_AACTTCTAGACACACG-1,donor2,4
donor2_AACTTCTAGCAGAAAG-1,donor2,19
donor2_AACTTCTAGTGGAAAG-1,donor2,6
donor2_AACTTCTCAACAAGTA-1,donor2,3
donor2_AACTTCTCAAGGTCGA-1,donor2,27
donor2_AACTTCTCACATACGT-1,donor2,8
donor2_AACTTCTCACCAGCCA-1,donor2,4
donor2_AACTTCTCACCTGCTT-1,donor2,1
donor2_AACTTCTCATTGTCGA-1,donor2,16
donor2_AACTTCTGTAACATCC-1,donor2,19
donor2_AACTTCTGTACGTTCA-1,donor2,17
donor2_AACTTCTGTCCTGTCT-1,donor2,18
donor2_AACTTCTGTCGGTGAA-1,donor2,21
donor2_AACTTCTGTCTTCCGT-1,donor2,4
donor2_AACTTCTGTGAACTAA-1,donor2,1
donor2_AAGAACAAGACATAAC-1,donor2,15
donor2_AAGAACAAGTCTAGAA-1,donor2,1
donor2_AAGAACACAAGAGCTG-1,donor2,3
donor2_AAGAACACACAGCTTA-1,donor2,4
donor2_AAGAACACACCAAATC-1,donor2,26
donor2_AAGAACACACTACCGG-1,donor2,26
donor2_AAGAACACAGAGAGGG-1,donor2,3
donor2_AAGAACACAGCGGTCT-1,donor2,2
donor2_AAGAACACAGGCTTGC-1,donor2,16
donor2_AAGAACAGTCATGGCC-1,donor2,2
donor2_AAGAACAGTTGAATCC-1,donor2,16
donor2_AAGAACATCGCAATTG-1,donor2,18
donor2_AAGAACATCGGCTGTG-1,donor2,2
donor2_AAGAACATCTCCTGAC-1,donor2,0
donor2_AAGAACATCTCGGTAA-1,donor2,18
donor2_AAGACAAAGATGAAGG-1,donor2,16
donor2_AAGACAAAGGGACACT-1,donor2,8
donor2_AAGACAACAAAGACGC-1,donor2,8
donor2_AAGACAACAACCGTGC-1,donor2,0
donor2_AAGACAACAAGAGATT-1,donor2,21
donor2_AAGACAACACAGCATT-1,donor2,2
donor2_AAGACAAGTATCGTTG-1,donor2,18
donor2_AAGACAAGTCTCGGGT-1,donor2,3
donor2_AAGACAAGTGATACTC-1,donor2,2
donor2_AAGACAAGTTCGTACA-1,donor2,17
donor2_AAGACAATCATCGCAA-1,donor2,3
donor2_AAGACAATCCGATTAG-1,donor2,2
donor2_AAGACAATCGTGGAAG-1,donor2,17
donor2_AAGACTCAGACCACGA-1,donor2,17
donor2_AAGACTCAGATGGTCG-1,donor2,16
donor2_AAGACTCAGCCGAACA-1,donor2,8
donor2_AAGACTCAGGTTCAGG-1,donor2,21
donor2_AAGACTCAGTCTGTAC-1,donor2,15
donor2_AAGACTCCAGGAGACT-1,donor2,15
donor2_AAGACTCCATAGATGA-1,donor2,8
donor2_AAGACTCGTACGTTCA-1,donor2,16
donor2_AAGACTCTCAGGACGA-1,donor2,0
donor2_AAGACTCTCCATCTGC-1,donor2,2
donor2_AAGACTCTCCCAGTGG-1,donor2,2
donor2_AAGACTCTCGGCTGGT-1,donor2,8
donor2_AAGACTCTCGTCGCTT-1,donor2,18
donor2_AAGACTCTCTATCGGA-1,donor2,2
donor2_AAGACTCTCTCCGATC-1,donor2,2
donor2_AAGACTCTCTGCTCTG-1,donor2,15
donor2_AAGACTCTCTTACGGA-1,donor2,18
donor2_AAGATAGAGACAACTA-1,donor2,21
donor2_AAGATAGAGACCAAAT-1,donor2,5
donor2_AAGATAGAGCACGGAT-1,donor2,26
donor2_AAGATAGAGCTCCGAC-1,donor2,12
donor2_AAGATAGAGGATGAGA-1,donor2,2
donor2_AAGATAGAGGTTCATC-1,donor2,3
donor2_AAGATAGCACAGAAGC-1,donor2,3
donor2_AAGATAGCAGTCAGCC-1,donor2,2
donor2_AAGATAGCATCTCCCA-1,donor2,0
donor2_AAGATAGCATGAGAAT-1,donor2,2
donor2_AAGATAGGTAGATGTA-1,donor2,4
donor2_AAGATAGGTCTAGTGT-1,donor2,1
donor2_AAGATAGGTTGGGATG-1,donor2,21
donor2_AAGATAGTCCACTGAA-1,donor2,3
donor2_AAGATAGTCTCTCGCA-1,donor2,21
donor2_AAGATAGTCTTAGTTC-1,donor2,18
donor2_AAGATAGTCTTCGCTG-1,donor2,3
donor2_AAGCATCAGCACCTGC-1,donor2,5
donor2_AAGCATCAGCTAGTTC-1,donor2,0
donor2_AAGCATCAGGATACGC-1,donor2,18
donor2_AAGCATCAGTTGCCCG-1,donor2,18
donor2_AAGCATCAGTTGTACC-1,donor2,3
donor2_AAGCATCCAAGAGAGA-1,donor2,5
donor2_AAGCATCCACAATGTC-1,donor2,3
donor2_AAGCATCCACTGAATC-1,donor2,3
donor2_AAGCATCGTAGCGATG-1,donor2,8
donor2_AAGCATCGTTTACGAC-1,donor2,1
donor2_AAGCATCTCGGTCTAA-1,donor2,4
donor2_AAGCATCTCGTTCGCT-1,donor2,17
donor2_AAGCATCTCTCCCATG-1,donor2,27
donor2_AAGCCATAGACATACA-1,donor2,22
donor2_AAGCCATAGAGATGCC-1,donor2,0
donor2_AAGCCATAGGTATTGA-1,donor2,16
donor2_AAGCCATCAAGAAATC-1,donor2,16
donor2_AAGCCATCACTGCGTG-1,donor2,3
donor2_AAGCCATCAGCAGTAG-1,donor2,12
donor2_AAGCCATCAGCTTTGA-1,donor2,17
donor2_AAGCCATCATCTATCT-1,donor2,0
donor2_AAGCCATTCAAGCCAT-1,donor2,3
donor2_AAGCCATTCCAAGCAT-1,donor2,2
donor2_AAGCCATTCCAAGGGA-1,donor2,8
donor2_AAGCCATTCCCGAAAT-1,donor2,3
donor2_AAGCCATTCGCCATAA-1,donor2,8
donor2_AAGCCATTCTAGGCAT-1,donor2,5
donor2_AAGCGAGAGTTATGGA-1,donor2,15
donor2_AAGCGAGCAACCACGC-1,donor2,3
donor2_AAGCGAGCACGGGCTT-1,donor2,15
donor2_AAGCGAGGTAGTCACT-1,donor2,18
donor2_AAGCGAGGTATGACAA-1,donor2,2
donor2_AAGCGAGGTCAGGTAG-1,donor2,18
donor2_AAGCGAGGTCGTCATA-1,donor2,3
donor2_AAGCGAGTCAGAGCAG-1,donor2,12
donor2_AAGCGAGTCAGCCTTC-1,donor2,3
donor2_AAGCGAGTCCATATGG-1,donor2,16
donor2_AAGCGAGTCGCTAAAC-1,donor2,4
donor2_AAGCGAGTCGCTTGCT-1,donor2,18
donor2_AAGCGAGTCGTGACTA-1,donor2,2
donor2_AAGCGAGTCTGAGCAT-1,donor2,15
donor2_AAGCGTTAGGACAGTC-1,donor2,18
donor2_AAGCGTTCACAGTGAG-1,donor2,16
donor2_AAGCGTTCAGCAAGAC-1,donor2,27
donor2_AAGCGTTCAGGAACCA-1,donor2,18
donor2_AAGCGTTGTACAAAGT-1,donor2,18
donor2_AAGCGTTGTCGTTGCG-1,donor2,3
donor2_AAGCGTTTCAATGCAC-1,donor2,0
donor2_AAGCGTTTCGCCGAAC-1,donor2,2
donor2_AAGCGTTTCTCCATAT-1,donor2,2
donor2_AAGCGTTTCTCGTGGG-1,donor2,17
donor2_AAGCGTTTCTGAACGT-1,donor2,3
donor2_AAGGAATAGGACGCTA-1,donor2,3
donor2_AAGGAATAGGCTCTAT-1,donor2,1
donor2_AAGGAATCAAAGCAAT-1,donor2,0
donor2_AAGGAATCAACTGGTT-1,donor2,20
donor2_AAGGAATCACTACGGC-1,donor2,17
donor2_AAGGAATCAGACCTAT-1,donor2,2
donor2_AAGGAATCATTGCTTT-1,donor2,23
donor2_AAGGAATGTATGGTAA-1,donor2,3
donor2_AAGGAATGTCTTGCTC-1,donor2,12
donor2_AAGGAATGTGTCTCCT-1,donor2,16
donor2_AAGGAATGTTGCCATA-1,donor2,8
donor2_AAGGAATGTTGGCCGT-1,donor2,4
donor2_AAGGAATTCTGCTTTA-1,donor2,18
donor2_AAGGAATTCTGTGCAA-1,donor2,3
donor2_AAGGAATTCTTTGCGC-1,donor2,17
donor2_AAGGTAAAGCAAACAT-1,donor2,17
donor2_AAGGTAAAGGCATCGA-1,donor2,3
donor2_AAGGTAAAGTCGCTAT-1,donor2,2
donor2_AAGGTAAAGTGCTAGG-1,donor2,2
donor2_AAGGTAACAGTCAGTT-1,donor2,6
donor2_AAGGTAACAGTCGCTG-1,donor2,0
donor2_AAGGTAACATACAGCT-1,donor2,0
donor2_AAGGTAACATATGAAG-1,donor2,18
donor2_AAGGTAAGTCCGACGT-1,donor2,8
donor2_AAGGTAAGTCTCGGGT-1,donor2,0
donor2_AAGGTAAGTGAGAACC-1,donor2,6
donor2_AAGGTAAGTTCGGTAT-1,donor2,3
donor2_AAGGTAATCAACACCA-1,donor2,7
donor2_AAGGTAATCAGGAAAT-1,donor2,2
donor2_AAGGTAATCGGACTTA-1,donor2,21
donor2_AAGTACCAGAGGGTCT-1,donor2,2
donor2_AAGTACCAGCGGTATG-1,donor2,2
donor2_AAGTACCAGCTGTCCG-1,donor2,4
donor2_AAGTACCAGGATTTCC-1,donor2,19
donor2_AAGTACCCACACGCCA-1,donor2,6
donor2_AAGTACCCACGCGTCA-1,donor2,15
donor2_AAGTACCCACTACCGG-1,donor2,8
donor2_AAGTACCCAGACATCT-1,donor2,17
donor2_AAGTACCCAGTCAGAG-1,donor2,4
donor2_AAGTACCCATGCCGCA-1,donor2,17
donor2_AAGTACCCATGTGGCC-1,donor2,8
donor2_AAGTACCGTACGTAGG-1,donor2,8
donor2_AAGTACCGTCACTACA-1,donor2,19
donor2_AAGTACCGTGACAGGT-1,donor2,17
donor2_AAGTACCGTGACATCT-1,donor2,19
donor2_AAGTACCGTGCTCGTG-1,donor2,8
donor2_AAGTACCTCGGAAGGT-1,donor2,18
donor2_AAGTCGTAGGGAGGAC-1,donor2,18
donor2_AAGTCGTCAAGATTGA-1,donor2,5
donor2_AAGTCGTCACATGGTT-1,donor2,18
donor2_AAGTCGTCACGGCTAC-1,donor2,2
donor2_AAGTCGTCATCCTTCG-1,donor2,0
donor2_AAGTCGTGTCAACATC-1,donor2,3
donor2_AAGTCGTGTCATCGCG-1,donor2,17
donor2_AAGTCGTTCACTTATC-1,donor2,17
donor2_AAGTCGTTCGCGTGAC-1,donor2,4
donor2_AAGTCGTTCTGTCCCA-1,donor2,16
donor2_AAGTGAAAGACTCCGC-1,donor2,2
donor2_AAGTGAAAGGAATCGC-1,donor2,8
donor2_AAGTGAAAGGTCTGGA-1,donor2,3
donor2_AAGTGAACACTCTCGT-1,donor2,1
donor2_AAGTGAACAGCTGTCG-1,donor2,17
donor2_AAGTGAACAGCTTTGA-1,donor2,2
donor2_AAGTGAAGTAACCCTA-1,donor2,0
donor2_AAGTGAAGTAAGGCTG-1,donor2,16
donor2_AAGTGAAGTCATATGC-1,donor2,12
donor2_AAGTGAAGTGTGGACA-1,donor2,18
donor2_AAGTGAATCCATCTCG-1,donor2,8
donor2_AAGTTCGAGCGTGTTT-1,donor2,16
donor2_AAGTTCGAGGCCTAAG-1,donor2,17
donor2_AAGTTCGAGTCTTCGA-1,donor2,27
donor2_AAGTTCGCAGGCGTTC-1,donor2,3
donor2_AAGTTCGTCACCCTTG-1,donor2,2
donor2_AAGTTCGTCATCAGTG-1,donor2,1
donor2_AAGTTCGTCCCTTGTG-1,donor2,3
donor2_AAGTTCGTCGAAATCC-1,donor2,19
donor2_AAGTTCGTCGAGTCCG-1,donor2,11
donor2_AAGTTCGTCGTTGCCT-1,donor2,1
donor2_AAGTTCGTCTTCCCGA-1,donor2,18
donor2_AATAGAGAGACAGCTG-1,donor2,2
donor2_AATAGAGAGGCCCGTT-1,donor2,17
donor2_AATAGAGAGTTCGGTT-1,donor2,3
donor2_AATAGAGCAAAGGCAC-1,donor2,3
donor2_AATAGAGCATAATCGC-1,donor2,19
donor2_AATAGAGGTCAGCTTA-1,donor2,15
donor2_AATAGAGGTCTGTGAT-1,donor2,2
donor2_AATAGAGTCGTAGAGG-1,donor2,20
donor2_AATAGAGTCGTGCATA-1,donor2,8
donor2_AATAGAGTCTTTCGAT-1,donor2,18
donor2_AATCACGAGGTGAGAA-1,donor2,17
donor2_AATCACGCAGCATGCC-1,donor2,5
donor2_AATCACGCATCCGCGA-1,donor2,5
donor2_AATCACGGTCACATTG-1,donor2,3
donor2_AATCACGGTGGCAACA-1,donor2,19
donor2_AATCACGTCAGAGCGA-1,donor2,3
donor2_AATCACGTCGGAGTAG-1,donor2,8
donor2_AATCACGTCTCCAAGA-1,donor2,0
donor2_AATCACGTCTTGCAGA-1,donor2,17
donor2_AATCGACAGCCTATCA-1,donor2,19
donor2_AATCGACAGGGTCTTT-1,donor2,16
donor2_AATCGACAGTCAACAA-1,donor2,19
donor2_AATCGACCAATTGTGC-1,donor2,4
donor2_AATCGACCACCCGTAG-1,donor2,0
donor2_AATCGACCACCCTTGT-1,donor2,19
donor2_AATCGACCAGACCAAG-1,donor2,2
donor2_AATCGACCAGACCCGT-1,donor2,3
donor2_AATCGACCATTCTCTA-1,donor2,0
donor2_AATCGACGTGCATCTA-1,donor2,21
donor2_AATCGACGTGTCCGTG-1,donor2,2
donor2_AATCGACGTTAGGACG-1,donor2,17
donor2_AATCGACGTTATTCCT-1,donor2,8
donor2_AATCGACTCAATCCGA-1,donor2,21
donor2_AATCGACTCATGAGTC-1,donor2,17
donor2_AATCGACTCCTCTGCA-1,donor2,16
donor2_AATCGACTCGCTTGCT-1,donor2,2
donor2_AATCGACTCTCAGAAC-1,donor2,22
donor2_AATCGACTCTCCTGTG-1,donor2,2
donor2_AATCGTGCAACTACGT-1,donor2,2
donor2_AATCGTGCAAGGACAC-1,donor2,8
donor2_AATCGTGCACAAAGCG-1,donor2,16
donor2_AATCGTGCACCTGCGA-1,donor2,12
donor2_AATCGTGCACTATCCC-1,donor2,6
donor2_AATCGTGCATGTACGT-1,donor2,4
donor2_AATCGTGGTCAAATCC-1,donor2,17
donor2_AATCGTGGTCGTCATA-1,donor2,12
donor2_AATCGTGTCCACTAGA-1,donor2,19
donor2_AATCGTGTCGAGAACG-1,donor2,17
donor2_AATCGTGTCTTTGCTA-1,donor2,4
donor2_AATGAAGAGCACCCAC-1,donor2,0
donor2_AATGAAGAGTCACTCA-1,donor2,15
donor2_AATGAAGCAGACCCGT-1,donor2,18
donor2_AATGAAGCATGGAAGC-1,donor2,15
donor2_AATGAAGGTCACAGTT-1,donor2,2
donor2_AATGAAGGTCACATTG-1,donor2,15
donor2_AATGAAGGTCCGAAAG-1,donor2,1
donor2_AATGAAGGTGATAGAT-1,donor2,17
donor2_AATGAAGGTTCACCGG-1,donor2,18
donor2_AATGAAGTCACGACTA-1,donor2,2
donor2_AATGAAGTCTCCGCAT-1,donor2,6
donor2_AATGAAGTCTGGAGAG-1,donor2,17
donor2_AATGACCAGATGCAGC-1,donor2,18
donor2_AATGACCAGTAGTCAA-1,donor2,6
donor2_AATGACCCAATTGCTG-1,donor2,26
donor2_AATGACCCACACGCCA-1,donor2,3
donor2_AATGACCCACCTTCCA-1,donor2,0
donor2_AATGACCCAGACTCTA-1,donor2,0
donor2_AATGACCCAGCGTTGC-1,donor2,3
donor2_AATGACCCAGGTTCAT-1,donor2,4
donor2_AATGACCGTAGAGATT-1,donor2,15
donor2_AATGACCGTCTTACAG-1,donor2,0
donor2_AATGACCGTGTCATCA-1,donor2,2
donor2_AATGACCTCGAAGCAG-1,donor2,18
donor2_AATGACCTCGCGTCGA-1,donor2,17
donor2_AATGCCAAGTCTTCGA-1,donor2,18
donor2_AATGCCACAATCGCGC-1,donor2,17
donor2_AATGCCACAATGTCAC-1,donor2,17
donor2_AATGCCACACTGCGTG-1,donor2,19
donor2_AATGCCAGTTAGAAGT-1,donor2,3
donor2_AATGCCAGTTCCGTTC-1,donor2,2
donor2_AATGCCATCAAACGAA-1,donor2,18
donor2_AATGCCATCAGGAACG-1,donor2,17
donor2_AATGCCATCAGGGATG-1,donor2,8
donor2_AATGCCATCGAGCCAC-1,donor2,15
donor2_AATGGAAAGACCAACG-1,donor2,3
donor2_AATGGAACAACCGATT-1,donor2,17
donor2_AATGGAACAGCAGACA-1,donor2,18
donor2_AATGGAACAGTAGAGC-1,donor2,3
donor2_AATGGAAGTAACATGA-1,donor2,19
donor2_AATGGAAGTATGGAAT-1,donor2,17
donor2_AATGGAAGTGAGATCG-1,donor2,4
donor2_AATGGAAGTGCCTTTC-1,donor2,18
donor2_AATGGAAGTGTCATGT-1,donor2,19
donor2_AATGGAAGTTCCCAAA-1,donor2,19
donor2_AATGGAAGTTCCGCAG-1,donor2,19
donor2_AATGGAAGTTCGGACC-1,donor2,8
donor2_AATGGAATCACATCAG-1,donor2,18
donor2_AATGGAATCATCGACA-1,donor2,19
donor2_AATGGAATCTCAACCC-1,donor2,3
donor2_AATGGAATCTTGGCTC-1,donor2,16
donor2_AATGGCTAGACTAGAT-1,donor2,1
donor2_AATGGCTAGCGAACTG-1,donor2,19
donor2_AATGGCTAGGTTGAGC-1,donor2,3
donor2_AATGGCTAGTATGCAA-1,donor2,15
donor2_AATGGCTAGTGTAGAT-1,donor2,0
donor2_AATGGCTCACCAACAT-1,donor2,26
donor2_AATGGCTCACGCGCAT-1,donor2,2
donor2_AATGGCTCACTTGACA-1,donor2,18
donor2_AATGGCTCATACCGTA-1,donor2,8
donor2_AATGGCTCATGATGCT-1,donor2,19
donor2_AATGGCTCATTGCTGA-1,donor2,21
donor2_AATGGCTGTCGAAGCA-1,donor2,21
donor2_AATGGCTGTCTTCGAA-1,donor2,21
donor2_AATGGCTGTGCAATAA-1,donor2,15
donor2_AATGGCTGTGTCATCA-1,donor2,3
donor2_AATTCCTAGAATCGTA-1,donor2,2
donor2_AATTCCTAGACGCTCC-1,donor2,18
donor2_AATTCCTAGAGGTCAC-1,donor2,16
donor2_AATTCCTCAAACTCTG-1,donor2,2
donor2_AATTCCTCACTACAGT-1,donor2,21
donor2_AATTCCTCAGTTTCGA-1,donor2,2
donor2_AATTCCTGTAGATCGG-1,donor2,17
donor2_AATTCCTGTCGACTGC-1,donor2,4
donor2_AATTCCTGTCGGAAAC-1,donor2,1
donor2_AATTCCTGTCTTGAAC-1,donor2,18
donor2_AATTCCTGTGTTCCTC-1,donor2,2
donor2_AATTCCTTCAATCCAG-1,donor2,17
donor2_AATTCCTTCTGTGCTC-1,donor2,0
donor2_AATTTCCAGAGGGTAA-1,donor2,2
donor2_AATTTCCCAGTACTAC-1,donor2,27
donor2_AATTTCCGTAGCTGAG-1,donor2,1
donor2_AATTTCCGTCTACATG-1,donor2,3
donor2_AATTTCCGTTGCTGAT-1,donor2,4
donor2_AATTTCCGTTTGAACC-1,donor2,21
donor2_AATTTCCTCAACGTGT-1,donor2,3
donor2_AATTTCCTCAGATGCT-1,donor2,26
donor2_AATTTCCTCAGGACAG-1,donor2,0
donor2_AATTTCCTCTAGAACC-1,donor2,0
donor2_ACAAAGAAGTGTAGAT-1,donor2,20
donor2_ACAAAGACAAGATTGA-1,donor2,2
donor2_ACAAAGACACAGCCAC-1,donor2,3
donor2_ACAAAGACAGCTGCCA-1,donor2,2
donor2_ACAAAGACAGGACTAG-1,donor2,2
donor2_ACAAAGACATAGACTC-1,donor2,17
donor2_ACAAAGACATGGAATA-1,donor2,8
donor2_ACAAAGAGTCAAAGTA-1,donor2,18
donor2_ACAAAGAGTCTGTAGT-1,donor2,16
donor2_ACAAAGAGTTTGTTCT-1,donor2,15
donor2_ACAAAGATCATGGGAG-1,donor2,3
donor2_ACAAAGATCATTTGCT-1,donor2,4
donor2_ACAAAGATCCATCACC-1,donor2,27
donor2_ACAAAGATCTGTGCTC-1,donor2,18
donor2_ACAACCAAGAACAGGA-1,donor2,19
donor2_ACAACCAAGCAGCACA-1,donor2,3
donor2_ACAACCACAACGCATT-1,donor2,0
donor2_ACAACCACAATAACGA-1,donor2,20
donor2_ACAACCACAGCACAAG-1,donor2,3
donor2_ACAACCAGTACCGTGC-1,donor2,23
donor2_ACAACCAGTCCGGACT-1,donor2,18
donor2_ACAACCAGTCCTCCAT-1,donor2,21
donor2_ACAACCAGTCGGCTAC-1,donor2,15
donor2_ACAACCAGTTTGGGAG-1,donor2,3
donor2_ACAACCATCATCGCAA-1,donor2,20
donor2_ACAACCATCTAGAACC-1,donor2,3
donor2_ACAACCATCTATCGTT-1,donor2,17
donor2_ACAACCATCTTGTGCC-1,donor2,17
donor2_ACAAGCTAGGAGCAAA-1,donor2,8
donor2_ACAAGCTAGGAGGCAG-1,donor2,6
donor2_ACAAGCTAGTAGGTTA-1,donor2,7
donor2_ACAAGCTCAACTGCCG-1,donor2,21
donor2_ACAAGCTCAAGCACAG-1,donor2,15
donor2_ACAAGCTCACAACATC-1,donor2,2
donor2_ACAAGCTCACAGCTGC-1,donor2,2
donor2_ACAAGCTCACGGCTAC-1,donor2,27
donor2_ACAAGCTCAGAACATA-1,donor2,8
donor2_ACAAGCTCAGCGACAA-1,donor2,15
donor2_ACAAGCTCAGTTGAAA-1,donor2,2
donor2_ACAAGCTCATAGCACT-1,donor2,17
donor2_ACAAGCTGTATGAGAT-1,donor2,2
donor2_ACAAGCTGTCCACGCA-1,donor2,1
donor2_ACAAGCTGTCTCAGGC-1,donor2,21
donor2_ACAAGCTGTGATTAGA-1,donor2,8
donor2_ACAAGCTGTTAGAGAT-1,donor2,2
donor2_ACAAGCTGTTCTAACG-1,donor2,27
donor2_ACAAGCTGTTCTCCTG-1,donor2,6
donor2_ACAAGCTGTTTCACAG-1,donor2,18
donor2_ACAAGCTTCAACCTCC-1,donor2,19
donor2_ACAAGCTTCACGTAGT-1,donor2,1
donor2_ACAAGCTTCAGCCTCT-1,donor2,4
donor2_ACAAGCTTCAGTCCGG-1,donor2,17
donor2_ACAAGCTTCCCAAGTA-1,donor2,27
donor2_ACAAGCTTCCTACGAA-1,donor2,3
donor2_ACAAGCTTCGTTCCCA-1,donor2,4
donor2_ACAAGCTTCTCGTTTA-1,donor2,21
donor2_ACACAGTAGAAATCCA-1,donor2,4
donor2_ACACAGTAGAGTTGAT-1,donor2,1
donor2_ACACAGTCAAAGGCTG-1,donor2,6
donor2_ACACAGTCACAGCCAC-1,donor2,20
donor2_ACACAGTCATAGGCGA-1,donor2,19
donor2_ACACAGTGTAGACTGG-1,donor2,16
donor2_ACACAGTTCGCGGACT-1,donor2,4
donor2_ACACCAAAGACGCTCC-1,donor2,1
donor2_ACACCAAAGGGTATAT-1,donor2,15
donor2_ACACCAACAAACTAAG-1,donor2,19
donor2_ACACCAACAGTAGAGC-1,donor2,21
donor2_ACACCAACAGTCAGAG-1,donor2,4
donor2_ACACCAACAGTCCGTG-1,donor2,5
donor2_ACACCAAGTACGGATG-1,donor2,0
donor2_ACACCAAGTCACCGAC-1,donor2,6
donor2_ACACCAAGTCACTTAG-1,donor2,21
donor2_ACACCAAGTCGTACAT-1,donor2,3
donor2_ACACCAAGTTAGGCTT-1,donor2,2
donor2_ACACCAATCAAACGAA-1,donor2,15
donor2_ACACCAATCCTTCTTC-1,donor2,3
donor2_ACACCAATCGCTGTTC-1,donor2,8
donor2_ACACCAATCTGCCTGT-1,donor2,3
donor2_ACACGCGAGAGGACTC-1,donor2,26
donor2_ACACGCGCACAAGGTG-1,donor2,2
donor2_ACACGCGCACGAAGAC-1,donor2,15
donor2_ACACGCGCACGCGTCA-1,donor2,15
donor2_ACACGCGCAGAGGTAC-1,donor2,22
donor2_ACACGCGCATCAACCA-1,donor2,12
donor2_ACACGCGCATCGTTCC-1,donor2,0
donor2_ACACGCGGTAAGATCA-1,donor2,18
donor2_ACACGCGGTCCTTAAG-1,donor2,18
donor2_ACACGCGGTGATTCAC-1,donor2,15
donor2_ACACGCGGTGTCCCTT-1,donor2,18
donor2_ACACGCGGTTTGCCGG-1,donor2,18
donor2_ACACGCGTCGAAGCCC-1,donor2,1
donor2_ACACGCGTCGAATGCT-1,donor2,17
donor2_ACACGCGTCGTTGCCT-1,donor2,11
donor2_ACACTGAAGCTGCGAA-1,donor2,15
donor2_ACACTGAAGTCATAGA-1,donor2,17
donor2_ACACTGACAACGTATC-1,donor2,17
donor2_ACACTGACAACTGCTA-1,donor2,4
donor2_ACACTGACAATACCTG-1,donor2,5
donor2_ACACTGACAGCGTGCT-1,donor2,18
donor2_ACACTGACAGCTCTGG-1,donor2,22
donor2_ACACTGAGTAATGTGA-1,donor2,19
donor2_ACACTGAGTGGATTTC-1,donor2,0
donor2_ACACTGAGTTCTAACG-1,donor2,17
donor2_ACACTGAGTTGTATGC-1,donor2,2
donor2_ACACTGATCATGCCGG-1,donor2,6
donor2_ACACTGATCGTAACAC-1,donor2,1
donor2_ACACTGATCGTACCTC-1,donor2,16
donor2_ACAGAAAAGACATAGT-1,donor2,2
donor2_ACAGAAAAGCCATTCA-1,donor2,11
donor2_ACAGAAAAGGAGAGTA-1,donor2,3
donor2_ACAGAAAAGGCACAAC-1,donor2,0
donor2_ACAGAAAAGTACCATC-1,donor2,4
donor2_ACAGAAAAGTGCCCGT-1,donor2,21
donor2_ACAGAAACAATCGAAA-1,donor2,20
donor2_ACAGAAACAGACAATA-1,donor2,2
donor2_ACAGAAAGTACGACTT-1,donor2,3
donor2_ACAGAAAGTCTTGCTC-1,donor2,19
donor2_ACAGAAATCGCCACTT-1,donor2,0
donor2_ACAGAAATCTCCCATG-1,donor2,27
donor2_ACAGCCGAGGACTGGT-1,donor2,16
donor2_ACAGCCGAGGGCGAAG-1,donor2,3
donor2_ACAGCCGAGGTTTGAA-1,donor2,17
donor2_ACAGCCGAGTTACGGG-1,donor2,19
donor2_ACAGCCGCACACCGAC-1,donor2,4
donor2_ACAGCCGGTACAGTTC-1,donor2,6
donor2_ACAGCCGGTACGGCAA-1,donor2,2
donor2_ACAGCCGGTCTGTGGC-1,donor2,2
donor2_ACAGCCGTCAGCTTCC-1,donor2,15
donor2_ACAGCCGTCCCTTCCC-1,donor2,17
donor2_ACAGCCGTCTTGCAGA-1,donor2,19
donor2_ACAGGGAAGAAATCCA-1,donor2,18
donor2_ACAGGGAAGCTGCCTG-1,donor2,19
donor2_ACAGGGAAGGCTCTCG-1,donor2,4
donor2_ACAGGGAAGTCATAGA-1,donor2,8
donor2_ACAGGGAAGTGGTTGG-1,donor2,8
donor2_ACAGGGACACGGTGAA-1,donor2,19
donor2_ACAGGGACAGAACTCT-1,donor2,0
donor2_ACAGGGACAGACACAG-1,donor2,2
donor2_ACAGGGAGTACGCTTA-1,donor2,3
donor2_ACAGGGAGTGCGACAA-1,donor2,3
donor2_ACAGGGATCAAGTGGG-1,donor2,19
donor2_ACAGGGATCACTGCTC-1,donor2,18
donor2_ACAGGGATCATCCTGC-1,donor2,1
donor2_ACAGGGATCGTGGGTC-1,donor2,3
donor2_ACAGGGATCGTGTGAT-1,donor2,17
donor2_ACAGGGATCTACTATC-1,donor2,17
donor2_ACATCCCAGAAGGGAT-1,donor2,19
donor2_ACATCCCAGATGACAT-1,donor2,6
donor2_ACATCCCAGTCTCGTA-1,donor2,5
donor2_ACATCCCAGTGGTTGG-1,donor2,17
donor2_ACATCCCCAATTTCTC-1,donor2,2
donor2_ACATCCCCACGCGGTT-1,donor2,3
donor2_ACATCCCGTATTCCTT-1,donor2,4
donor2_ACATCCCGTCTGTTAG-1,donor2,20
donor2_ACATCCCGTGCCCACA-1,donor2,15
donor2_ACATCCCGTGTACGCC-1,donor2,19
donor2_ACATCCCGTTGCCGCA-1,donor2,16
donor2_ACATCCCGTTTGTTGG-1,donor2,3
donor2_ACATCCCTCAGTCTTT-1,donor2,2
donor2_ACATCCCTCCTGTTAT-1,donor2,17
donor2_ACATCCCTCGTCGCTT-1,donor2,3
donor2_ACATCCCTCTATTCGT-1,donor2,0
donor2_ACATCCCTCTCTAAGG-1,donor2,4
donor2_ACATCCCTCTGCCTGT-1,donor2,18
donor2_ACATCGAAGCACGTCC-1,donor2,8
donor2_ACATCGAAGTTGGACG-1,donor2,8
donor2_ACATCGACAAGAGTGC-1,donor2,19
donor2_ACATCGACAAGGACAC-1,donor2,15
donor2_ACATCGACAAGGCTTT-1,donor2,0
donor2_ACATCGACAAGGGTCA-1,donor2,3
donor2_ACATCGACACGCTGTG-1,donor2,3
donor2_ACATCGACACGTTCGG-1,donor2,16
donor2_ACATCGAGTCACTCGG-1,donor2,2
donor2_ACATCGAGTCTCTCTG-1,donor2,20
donor2_ACATCGAGTCTGCGCA-1,donor2,18
donor2_ACATCGAGTGTCCGTG-1,donor2,2
donor2_ACATCGAGTTGTGTAC-1,donor2,21
donor2_ACATCGATCCGTAGTA-1,donor2,4
donor2_ACATCGATCTACCAGA-1,donor2,25
donor2_ACATCGATCTCAATCT-1,donor2,21
donor2_ACATGCAAGCGATCGA-1,donor2,2
donor2_ACATGCAAGCTGTACT-1,donor2,2
donor2_ACATGCAAGGTTTACC-1,donor2,18
donor2_ACATGCAAGTCGCGAA-1,donor2,0
donor2_ACATGCAAGTCTGCGC-1,donor2,18
donor2_ACATGCACAACCCTCT-1,donor2,16
donor2_ACATGCACACTTCTCG-1,donor2,2
donor2_ACATGCACAGTGGGTA-1,donor2,1
donor2_ACATGCACATGTGTCA-1,donor2,18
donor2_ACATGCACATTGGATC-1,donor2,19
donor2_ACATGCAGTCACTTAG-1,donor2,18
donor2_ACATGCAGTCCCTGAG-1,donor2,19
donor2_ACATGCAGTGGTAATA-1,donor2,3
donor2_ACATGCAGTTACGATC-1,donor2,8
donor2_ACATGCATCACAAGAA-1,donor2,18
donor2_ACATGCATCCGAAATC-1,donor2,3
donor2_ACATGCATCGGCTCTT-1,donor2,0
donor2_ACATTTCAGCCTATTG-1,donor2,16
donor2_ACATTTCAGCGATGGT-1,donor2,6
donor2_ACATTTCAGGAGAGTA-1,donor2,6
donor2_ACATTTCAGTAATTGG-1,donor2,3
donor2_ACATTTCCAACGGCCT-1,donor2,3
donor2_ACATTTCCAGATGCGA-1,donor2,12
donor2_ACATTTCCAGGACTAG-1,donor2,27
donor2_ACATTTCCATCGATAC-1,donor2,18
donor2_ACATTTCGTTTACCAG-1,donor2,21
donor2_ACATTTCTCCAAGCAT-1,donor2,3
donor2_ACATTTCTCGGATTAC-1,donor2,16
donor2_ACATTTCTCTCTAGGA-1,donor2,4
donor2_ACATTTCTCTGTCGTC-1,donor2,20
donor2_ACCAAACAGACGAAGA-1,donor2,11
donor2_ACCAAACAGATTAGAC-1,donor2,0
donor2_ACCAAACAGCTCGGCT-1,donor2,19
donor2_ACCAAACAGTCTTGGT-1,donor2,19
donor2_ACCAAACAGTGGCGAT-1,donor2,17
donor2_ACCAAACCAACCGATT-1,donor2,4
donor2_ACCAAACCAACCGCTG-1,donor2,18
donor2_ACCAAACCAGAGGTTG-1,donor2,2
donor2_ACCAAACCATCCTTGC-1,donor2,17
donor2_ACCAAACGTCGAGTTT-1,donor2,3
donor2_ACCAAACTCAACACGT-1,donor2,2
donor2_ACCAAACTCACTGTCC-1,donor2,17
donor2_ACCAAACTCCAAGGGA-1,donor2,20
donor2_ACCAACAAGATCGACG-1,donor2,1
donor2_ACCAACAAGATGACCG-1,donor2,17
donor2_ACCAACAAGGCTAGCA-1,donor2,19
donor2_ACCAACACAATGGCAG-1,donor2,18
donor2_ACCAACACATCTCGTC-1,donor2,8
donor2_ACCAACACATGACACT-1,donor2,8
donor2_ACCAACAGTCTTACAG-1,donor2,2
donor2_ACCAACAGTGATATAG-1,donor2,8
donor2_ACCAACAGTGGCTGAA-1,donor2,0
donor2_ACCAACAGTTACGTAC-1,donor2,4
donor2_ACCAACAGTTTACGAC-1,donor2,5
donor2_ACCAACATCAGCTAGT-1,donor2,0
donor2_ACCAACATCATCGCAA-1,donor2,3
donor2_ACCAACATCGAGTCTA-1,donor2,2
donor2_ACCAACATCGCGAAGA-1,donor2,3
donor2_ACCAACATCTTGGCTC-1,donor2,2
donor2_ACCACAAAGAACCGCA-1,donor2,19
donor2_ACCACAAAGAAGTCCG-1,donor2,3
donor2_ACCACAACAATTGCGT-1,donor2,17
donor2_ACCACAACACGTAACT-1,donor2,0
donor2_ACCACAACACTTCATT-1,donor2,21
donor2_ACCACAAGTACGTTCA-1,donor2,4
donor2_ACCACAAGTAGGTAGC-1,donor2,20
donor2_ACCATTTAGAAGGGAT-1,donor2,3
donor2_ACCATTTAGAGATCGC-1,donor2,19
donor2_ACCATTTAGTGCTCGC-1,donor2,0
donor2_ACCATTTAGTTCCTGA-1,donor2,8
donor2_ACCATTTCACACCTTC-1,donor2,21
donor2_ACCATTTCAGCGTACC-1,donor2,17
donor2_ACCATTTCAGCTGTGC-1,donor2,17
donor2_ACCATTTGTCAAAGCG-1,donor2,18
donor2_ACCATTTTCCCGAACG-1,donor2,1
donor2_ACCATTTTCCGCAAAT-1,donor2,16
donor2_ACCATTTTCGTGTTCC-1,donor2,15
donor2_ACCCAAAAGCACTCAT-1,donor2,26
donor2_ACCCAAAAGCTAAATG-1,donor2,12
donor2_ACCCAAAAGGTCATCT-1,donor2,2
donor2_ACCCAAAAGTATGACA-1,donor2,21
donor2_ACCCAAAAGTCGAAGC-1,donor2,15
donor2_ACCCAAACAGACCTAT-1,donor2,20
donor2_ACCCAAACAGTTAGAA-1,donor2,3
donor2_ACCCAAAGTAGACGTG-1,donor2,3
donor2_ACCCAAAGTCCAGGTC-1,donor2,2
donor2_ACCCAAAGTCTCAGAT-1,donor2,0
donor2_ACCCAAAGTGCCTTTC-1,donor2,19
donor2_ACCCAAATCCTAAGTG-1,donor2,1
donor2_ACCCAAATCCTCTCTT-1,donor2,19
donor2_ACCCAAATCGGCTCTT-1,donor2,6
donor2_ACCCTCAAGCGCATCC-1,donor2,15
donor2_ACCCTCAAGTTTCGGT-1,donor2,3
donor2_ACCCTCACAACCGACC-1,donor2,2
donor2_ACCCTCACAAGTACCT-1,donor2,18
donor2_ACCCTCACAAGTGCAG-1,donor2,19
donor2_ACCCTCAGTTGGCCTG-1,donor2,17
donor2_ACCCTCATCAAGCCTA-1,donor2,4
donor2_ACCCTCATCTCACTCG-1,donor2,8
donor2_ACCCTTGAGACAGTCG-1,donor2,1
donor2_ACCCTTGAGACGACTG-1,donor2,16
donor2_ACCCTTGAGGTCCTGC-1,donor2,3
donor2_ACCCTTGAGTAGTCTC-1,donor2,12
donor2_ACCCTTGAGTTACGGG-1,donor2,2
donor2_ACCCTTGAGTTCTCTT-1,donor2,18
donor2_ACCCTTGCACAGTCAT-1,donor2,17
donor2_ACCCTTGCACCAGTTA-1,donor2,18
donor2_ACCCTTGCAGCTACTA-1,donor2,4
donor2_ACCCTTGCAGTACTAC-1,donor2,3
donor2_ACCCTTGGTAACACCT-1,donor2,19
donor2_ACCCTTGGTAGGTAGC-1,donor2,4
donor2_ACCCTTGGTCGCACAC-1,donor2,21
donor2_ACCCTTGGTTCGGGTC-1,donor2,21
donor2_ACCCTTGTCCAACACA-1,donor2,2
donor2_ACCCTTGTCGGTCGAC-1,donor2,4
donor2_ACCGTTCAGATAGCTA-1,donor2,17
donor2_ACCGTTCAGTCTGGAG-1,donor2,2
donor2_ACCGTTCAGTGTCATC-1,donor2,3
donor2_ACCGTTCCAATAGTAG-1,donor2,3
donor2_ACCGTTCCACATGACT-1,donor2,27
donor2_ACCGTTCCACATTACG-1,donor2,18
donor2_ACCGTTCCAGGACAGT-1,donor2,20
donor2_ACCGTTCCATCCTAAG-1,donor2,17
donor2_ACCGTTCGTCGAGCTC-1,donor2,5
donor2_ACCGTTCGTCGTGGTC-1,donor2,4
donor2_ACCGTTCGTCTCACAA-1,donor2,6
donor2_ACCGTTCGTGAGACGT-1,donor2,4
donor2_ACCGTTCGTGATTCAC-1,donor2,8
donor2_ACCTACCAGTTAACGA-1,donor2,26
donor2_ACCTACCCAACCGATT-1,donor2,17
donor2_ACCTACCCATACAGGG-1,donor2,2
donor2_ACCTACCCATGCTGCG-1,donor2,16
donor2_ACCTACCGTAACAGTA-1,donor2,3
donor2_ACCTACCGTCCGCAGT-1,donor2,17
donor2_ACCTACCGTCGCATGC-1,donor2,17
donor2_ACCTACCGTCGTGGAA-1,donor2,2
donor2_ACCTACCGTGCGGCTT-1,donor2,16
donor2_ACCTACCGTGCGTGCT-1,donor2,2
donor2_ACCTACCTCCATGATG-1,donor2,3
donor2_ACCTGAAAGACGGATC-1,donor2,8
donor2_ACCTGAAAGGGTTAAT-1,donor2,20
donor2_ACCTGAAAGGTTAAAC-1,donor2,0
donor2_ACCTGAAAGGTTCTAC-1,donor2,21
donor2_ACCTGAACAACGAGGT-1,donor2,3
donor2_ACCTGAACAAGTATAG-1,donor2,15
donor2_ACCTGAACAATTGGTC-1,donor2,19
donor2_ACCTGAACACAGTCGC-1,donor2,6
donor2_ACCTGAACACCAGCCA-1,donor2,15
donor2_ACCTGAACAGTATTCG-1,donor2,17
donor2_ACCTGAACAGTTTCGA-1,donor2,3
donor2_ACCTGAAGTGGACCTC-1,donor2,12
donor2_ACCTGAAGTTGCTCAA-1,donor2,4
donor2_ACCTGAAGTTTGTGGT-1,donor2,0
donor2_ACCTGAATCACTCACC-1,donor2,1
donor2_ACCTGAATCCTACGAA-1,donor2,17
donor2_ACCTGTCAGATCACCT-1,donor2,18
donor2_ACCTGTCCAACTGCCG-1,donor2,21
donor2_ACCTGTCCAGAGTCAG-1,donor2,2
donor2_ACCTGTCGTTAGCTAC-1,donor2,19
donor2_ACGATCAAGCCAGAGT-1,donor2,8
donor2_ACGATCACAACAGTGG-1,donor2,16
donor2_ACGATCACAACTGATC-1,donor2,26
donor2_ACGATCACACAGGATG-1,donor2,18
donor2_ACGATCACAGGGATAC-1,donor2,2
donor2_ACGATCAGTAAGGCCA-1,donor2,5
donor2_ACGATCAGTATGCTTG-1,donor2,17
donor2_ACGATCAGTCCGGTGT-1,donor2,17
donor2_ACGATCAGTTCTGACA-1,donor2,2
donor2_ACGATCAGTTTACTTC-1,donor2,21
donor2_ACGATCATCCAAACCA-1,donor2,8
donor2_ACGATCATCCAACCGG-1,donor2,8
donor2_ACGATGTAGAAGTCAT-1,donor2,8
donor2_ACGATGTAGCACGGAT-1,donor2,20
donor2_ACGATGTAGTGGCCTC-1,donor2,3
donor2_ACGATGTCACTGATTG-1,donor2,19
donor2_ACGATGTCACTGTGAT-1,donor2,19
donor2_ACGATGTCAGACCGCT-1,donor2,27
donor2_ACGATGTGTATCCCAA-1,donor2,21
donor2_ACGATGTGTGTTTACG-1,donor2,15
donor2_ACGATGTGTTGGATCT-1,donor2,17
donor2_ACGATGTTCATTCATC-1,donor2,21
donor2_ACGATGTTCATTGAGC-1,donor2,2
donor2_ACGATGTTCTTCCGTG-1,donor2,3
donor2_ACGCACGAGACCAAGC-1,donor2,15
donor2_ACGCACGAGACTTCGT-1,donor2,3
donor2_ACGCACGAGTACTCGT-1,donor2,16
donor2_ACGCACGCAATGCAGG-1,donor2,2
donor2_ACGCACGCACCACATA-1,donor2,3
donor2_ACGCACGCACGTCGTG-1,donor2,19
donor2_ACGCACGCAGACCAAG-1,donor2,1
donor2_ACGCACGCAGACGATG-1,donor2,26
donor2_ACGCACGCAGGTTCAT-1,donor2,11
donor2_ACGCACGCATGCAGCC-1,donor2,8
donor2_ACGCACGGTGATTCTG-1,donor2,4
donor2_ACGCACGTCAGCCTTC-1,donor2,15
donor2_ACGCACGTCATCGGGC-1,donor2,8
donor2_ACGGAAGAGAGGGTCT-1,donor2,4
donor2_ACGGAAGAGCAAATCA-1,donor2,18
donor2_ACGGAAGCACAAAGCG-1,donor2,21
donor2_ACGGAAGGTCAAACGG-1,donor2,2
donor2_ACGGAAGGTCCCGGTA-1,donor2,15
donor2_ACGGAAGGTCGTGGAA-1,donor2,2
donor2_ACGGAAGGTTATTCTC-1,donor2,18
donor2_ACGGAAGTCGATTGGT-1,donor2,8
donor2_ACGGGTCAGAAGCGGG-1,donor2,0
donor2_ACGGGTCAGCAAGCCA-1,donor2,0
donor2_ACGGGTCAGCCAGTAG-1,donor2,3
donor2_ACGGGTCAGGAGATAG-1,donor2,20
donor2_ACGGGTCAGGTTCACT-1,donor2,3
donor2_ACGGGTCAGTGATGGC-1,donor2,16
donor2_ACGGGTCCAATCTCGA-1,donor2,16
donor2_ACGGGTCCACGTACAT-1,donor2,2
donor2_ACGGGTCCAGCGCTTG-1,donor2,5
donor2_ACGGGTCGTCAGGTGA-1,donor2,2
donor2_ACGGGTCGTCTGTTAG-1,donor2,2
donor2_ACGGGTCGTGTTCATG-1,donor2,15
donor2_ACGGGTCGTTCGATTG-1,donor2,17
donor2_ACGGGTCTCACATCAG-1,donor2,8
donor2_ACGGGTCTCCGTGTCT-1,donor2,3
donor2_ACGGGTCTCGTGGTAT-1,donor2,20
donor2_ACGGGTCTCGTTCGCT-1,donor2,20
donor2_ACGGGTCTCGTTGTTT-1,donor2,3
donor2_ACGGGTCTCTCAGTCC-1,donor2,2
donor2_ACGGTCGAGACTTCAC-1,donor2,18
donor2_ACGGTCGAGCACTCCG-1,donor2,3
donor2_ACGGTCGAGGCATGGT-1,donor2,8
donor2_ACGGTCGAGTCTCGTA-1,donor2,8
donor2_ACGGTCGCAACTTCTT-1,donor2,18
donor2_ACGGTCGCAATCACGT-1,donor2,17
donor2_ACGGTCGCACGTAGTT-1,donor2,1
donor2_ACGGTCGGTATCTCGA-1,donor2,0
donor2_ACGGTCGGTCGCACGT-1,donor2,17
donor2_ACGGTCGGTGATACAA-1,donor2,3
donor2_ACGGTCGGTGCATTTG-1,donor2,15
donor2_ACGGTCGGTGGCTGAA-1,donor2,2
donor2_ACGGTCGGTGTAGTGG-1,donor2,3
donor2_ACGGTCGTCCACGGAC-1,donor2,15
donor2_ACGGTCGTCCGGACTG-1,donor2,3
donor2_ACGGTCGTCCTTCGAC-1,donor2,2
donor2_ACGGTCGTCTAAACGC-1,donor2,2
donor2_ACGGTTACAAAGCTAA-1,donor2,8
donor2_ACGGTTACAACGAGGT-1,donor2,1
donor2_ACGGTTACACAGCTTA-1,donor2,3
donor2_ACGGTTACACATCATG-1,donor2,8
donor2_ACGGTTACAGTAGAAT-1,donor2,17
donor2_ACGGTTAGTCTACACA-1,donor2,18
donor2_ACGGTTAGTGGACCAA-1,donor2,15
donor2_ACGGTTATCAGTGTGT-1,donor2,19
donor2_ACGGTTATCATTTGGG-1,donor2,19
donor2_ACGGTTATCCTGTTGC-1,donor2,18
donor2_ACGTAACAGATCCCGC-1,donor2,19
donor2_ACGTAACAGCGGTATG-1,donor2,8
donor2_ACGTAACAGGATCATA-1,donor2,4
donor2_ACGTAACAGGCTGTAG-1,donor2,17
donor2_ACGTAACAGGTGCGAT-1,donor2,8
donor2_ACGTAACAGTATAGAC-1,donor2,20
donor2_ACGTAACCAAACTCGT-1,donor2,14
donor2_ACGTAACCACACTGGC-1,donor2,0
donor2_ACGTAACCACCGCTGA-1,donor2,8
donor2_ACGTAACCACGACGTC-1,donor2,17
donor2_ACGTAACCATACAGCT-1,donor2,17
donor2_ACGTAACGTTCACGAT-1,donor2,8
donor2_ACGTAACGTTGAATCC-1,donor2,0
donor2_ACGTAACTCAGTCAGT-1,donor2,21
donor2_ACGTAACTCGATGGAG-1,donor2,27
donor2_ACGTAACTCGTTACCC-1,donor2,3
donor2_ACGTACAAGCCTGTCG-1,donor2,18
donor2_ACGTACAAGGCACCAA-1,donor2,17
donor2_ACGTACAAGGGCAATC-1,donor2,15
donor2_ACGTACAAGTAAGAGG-1,donor2,8
donor2_ACGTACAAGTCCTACA-1,donor2,19
donor2_ACGTACACACGGCCAT-1,donor2,8
donor2_ACGTACACAGCATTGT-1,donor2,15
donor2_ACGTACACAGTAACCT-1,donor2,5
donor2_ACGTACATCACTTTGT-1,donor2,18
donor2_ACGTACATCCGCTTAC-1,donor2,8
donor2_ACGTACATCGCAACAT-1,donor2,3
donor2_ACGTACATCGCTAATG-1,donor2,3
donor2_ACGTACATCGGTGTAT-1,donor2,16
donor2_ACGTACATCGTGAGAG-1,donor2,4
donor2_ACGTAGTAGACAGCTG-1,donor2,3
donor2_ACGTAGTAGCCACAAG-1,donor2,17
donor2_ACGTAGTAGCTCTGTA-1,donor2,16
donor2_ACGTAGTAGGTGCTGA-1,donor2,12
donor2_ACGTAGTCAAATAGCA-1,donor2,0
donor2_ACGTAGTCAATAGTCC-1,donor2,2
donor2_ACGTAGTGTCCTCCAT-1,donor2,19
donor2_ACGTAGTGTGCTCTTC-1,donor2,18
donor2_ACGTAGTGTGTCCGGT-1,donor2,2
donor2_ACGTCCTAGAACCGCA-1,donor2,17
donor2_ACGTCCTAGACGTCCC-1,donor2,21
donor2_ACGTCCTAGCAGAAAG-1,donor2,21
donor2_ACGTCCTAGGATGCGT-1,donor2,18
donor2_ACGTCCTAGGTTGGTG-1,donor2,8
donor2_ACGTCCTAGTAGCATA-1,donor2,6
donor2_ACGTCCTAGTTGAAAC-1,donor2,16
donor2_ACGTCCTCAGTTAGAA-1,donor2,5
donor2_ACGTCCTCAGTTTGGT-1,donor2,4
donor2_ACGTCCTCATGGTACT-1,donor2,18
donor2_ACGTCCTCATTGCCGG-1,donor2,24
donor2_ACGTCCTGTGCATTTG-1,donor2,2
donor2_ACGTCCTGTTCGTAAC-1,donor2,2
donor2_ACGTCCTTCGCTCTCA-1,donor2,2
donor2_ACGTCCTTCGCTTACC-1,donor2,2
donor2_ACGTTCCAGAGGCTGT-1,donor2,19
donor2_ACGTTCCAGATGCTTC-1,donor2,3
donor2_ACGTTCCAGCAAACAT-1,donor2,22
donor2_ACGTTCCAGCGCATCC-1,donor2,2
donor2_ACGTTCCAGGAGTATT-1,donor2,3
donor2_ACGTTCCCAGAGCTAG-1,donor2,17
donor2_ACGTTCCCAGAGGCTA-1,donor2,25
donor2_ACGTTCCCAGCACAGA-1,donor2,27
donor2_ACGTTCCCAGCCGTTG-1,donor2,8
donor2_ACGTTCCGTGATCGTT-1,donor2,18
donor2_ACGTTCCGTGGAACCA-1,donor2,21
donor2_ACGTTCCGTTACGATC-1,donor2,2
donor2_ACGTTCCTCATCTATC-1,donor2,8
donor2_ACGTTCCTCCTAGAGT-1,donor2,2
donor2_ACGTTCCTCGTGTTCC-1,donor2,15
donor2_ACTACGAAGTTCATCG-1,donor2,18
donor2_ACTACGACAACAGTGG-1,donor2,3
donor2_ACTACGACAAGGAGTC-1,donor2,3
donor2_ACTACGACACACAGCC-1,donor2,18
donor2_ACTACGACACGGCACT-1,donor2,4
donor2_ACTACGACAGGCCCTA-1,donor2,15
donor2_ACTACGAGTACGCTTA-1,donor2,8
donor2_ACTACGAGTCACGCTG-1,donor2,2
donor2_ACTACGAGTGCAATGG-1,donor2,3
donor2_ACTACGAGTGTGACCC-1,donor2,4
donor2_ACTACGAGTTCCTAGA-1,donor2,3
donor2_ACTACGATCTGCATAG-1,donor2,18
donor2_ACTATCTAGAAGCTCG-1,donor2,19
donor2_ACTATCTAGTATGAAC-1,donor2,19
donor2_ACTATCTCACTGTGTA-1,donor2,18
donor2_ACTATCTCACTGTTCC-1,donor2,3
donor2_ACTATCTCAGAGAATT-1,donor2,15
donor2_ACTATCTCATGAATCC-1,donor2,6
donor2_ACTATCTCATGTTCAG-1,donor2,17
donor2_ACTATCTGTATCTTCT-1,donor2,6
donor2_ACTATCTGTCCCTAAA-1,donor2,18
donor2_ACTATCTGTCTTACAG-1,donor2,17
donor2_ACTATCTGTGGAGAAA-1,donor2,17
donor2_ACTATCTGTTTCGTGA-1,donor2,4
donor2_ACTATCTTCAACCCGG-1,donor2,15
donor2_ACTATCTTCAAGATAG-1,donor2,18
donor2_ACTATCTTCACTACTT-1,donor2,17
donor2_ACTATCTTCAGGCGAA-1,donor2,15
donor2_ACTATCTTCATCTACT-1,donor2,0
donor2_ACTATCTTCCCATTTA-1,donor2,27
donor2_ACTATCTTCCCTATTA-1,donor2,17
donor2_ACTATCTTCGGAAACG-1,donor2,19
donor2_ACTATCTTCTACCCAC-1,donor2,18
donor2_ACTATCTTCTCATGGA-1,donor2,2
donor2_ACTATCTTCTGAATGC-1,donor2,8
donor2_ACTATCTTCTTTCCAA-1,donor2,18
donor2_ACTATGGAGAGCTTTC-1,donor2,19
donor2_ACTATGGAGCATGGGT-1,donor2,21
donor2_ACTATGGAGGTAGACC-1,donor2,2
donor2_ACTATGGCATAGAATG-1,donor2,18
donor2_ACTATGGCATGCGGTC-1,donor2,3
donor2_ACTATGGGTAGATCGG-1,donor2,11
donor2_ACTATGGGTCCACATA-1,donor2,17
donor2_ACTATGGGTGAATGTA-1,donor2,16
donor2_ACTATGGGTGTATTCG-1,donor2,22
donor2_ACTATGGGTTCTCCTG-1,donor2,17
donor2_ACTATGGGTTTCACTT-1,donor2,1
donor2_ACTATGGTCAATGTCG-1,donor2,0
donor2_ACTATGGTCACCCTCA-1,donor2,26
donor2_ACTATGGTCACCTGGG-1,donor2,17
donor2_ACTATGGTCGGTAGAG-1,donor2,21
donor2_ACTATGGTCTAGAACC-1,donor2,18
donor2_ACTATGGTCTCTGCTG-1,donor2,4
donor2_ACTATTCAGAAGTATC-1,donor2,0
donor2_ACTATTCAGCGCCCAT-1,donor2,16
donor2_ACTATTCAGTAAACTG-1,donor2,19
donor2_ACTATTCCACAGTCCG-1,donor2,15
donor2_ACTATTCCACCTGCTT-1,donor2,17
donor2_ACTATTCCAGAGTAAT-1,donor2,26
donor2_ACTATTCCATCCGGTG-1,donor2,18
donor2_ACTATTCCATTGCTTT-1,donor2,2
donor2_ACTATTCGTCCTGTCT-1,donor2,3
donor2_ACTATTCGTCGTTGCG-1,donor2,16
donor2_ACTATTCGTGGCCCAT-1,donor2,2
donor2_ACTATTCGTGTCACAT-1,donor2,16
donor2_ACTATTCGTTAGGCTT-1,donor2,15
donor2_ACTATTCTCACGTAGT-1,donor2,1
donor2_ACTATTCTCCGACGGT-1,donor2,2
donor2_ACTATTCTCTGTCCGT-1,donor2,3
donor2_ACTCCCAAGACCAGAC-1,donor2,20
donor2_ACTCCCAAGACTACGG-1,donor2,2
donor2_ACTCCCAAGAGCATCG-1,donor2,16
donor2_ACTCCCAAGGTAAACT-1,donor2,2
donor2_ACTCCCACAGCTAACT-1,donor2,18
donor2_ACTCCCACAGTAGAGC-1,donor2,3
donor2_ACTCCCACATATCGGT-1,donor2,3
donor2_ACTCCCACATATGCGT-1,donor2,2
donor2_ACTCCCACATTCAGGT-1,donor2,3
donor2_ACTCCCAGTCGCTTGG-1,donor2,4
donor2_ACTCCCAGTCTCTCAC-1,donor2,15
donor2_ACTCCCAGTGCATGTT-1,donor2,17
donor2_ACTCCCAGTGCCTTCT-1,donor2,8
donor2_ACTCCCATCCCTTCCC-1,donor2,3
donor2_ACTCCCATCGAATCCA-1,donor2,17
donor2_ACTCCCATCGGCCTTT-1,donor2,4
donor2_ACTCTCGAGCATTTGC-1,donor2,1
donor2_ACTCTCGAGCGTATAA-1,donor2,19
donor2_ACTCTCGAGGATTTGA-1,donor2,4
donor2_ACTCTCGAGGGCAACT-1,donor2,0
donor2_ACTCTCGAGGTTGTTC-1,donor2,18
donor2_ACTCTCGAGTGATCGG-1,donor2,8
donor2_ACTCTCGAGTGGAAGA-1,donor2,1
donor2_ACTCTCGCACCGTGAC-1,donor2,17
donor2_ACTCTCGCAGTTAGGG-1,donor2,8
donor2_ACTCTCGCATCTAGAC-1,donor2,21
donor2_ACTCTCGCATCTGCGG-1,donor2,8
donor2_ACTCTCGCATGAAGGC-1,donor2,1
donor2_ACTCTCGGTACTCCGG-1,donor2,2
donor2_ACTCTCGTCAGGAACG-1,donor2,3
donor2_ACTCTCGTCATCGTAG-1,donor2,2
donor2_ACTCTCGTCATTTCGT-1,donor2,2
donor2_ACTCTCGTCCATGATG-1,donor2,8
donor2_ACTCTCGTCCTACACC-1,donor2,21
donor2_ACTGATGAGATAACGT-1,donor2,3
donor2_ACTGATGAGATCGACG-1,donor2,19
donor2_ACTGATGAGGGTCAAC-1,donor2,18
donor2_ACTGATGAGGTCCCGT-1,donor2,4
donor2_ACTGATGAGTGGCCTC-1,donor2,16
donor2_ACTGATGCATGAGGGT-1,donor2,17
donor2_ACTGATGCATGTCGTA-1,donor2,2
donor2_ACTGATGGTCCTATAG-1,donor2,0
donor2_ACTGATGGTGATGAAT-1,donor2,2
donor2_ACTGATGTCACTTTGT-1,donor2,20
donor2_ACTGATGTCGGAGCAA-1,donor2,3
donor2_ACTGATGTCGTGGACC-1,donor2,19
donor2_ACTGCAAAGAAGCGGG-1,donor2,17
donor2_ACTGCAAAGATGGTCG-1,donor2,15
donor2_ACTGCAAAGCCAAGGT-1,donor2,19
donor2_ACTGCAAAGGAATCGC-1,donor2,15
donor2_ACTGCAAAGGAGGGTG-1,donor2,3
donor2_ACTGCAAAGTGGAATT-1,donor2,0
donor2_ACTGCAAAGTTCGGTT-1,donor2,21
donor2_ACTGCAACAAAGGCGT-1,donor2,4
donor2_ACTGCAACAACAGTGG-1,donor2,4
donor2_ACTGCAACACCCGTAG-1,donor2,2
donor2_ACTGCAACACGGGCTT-1,donor2,2
donor2_ACTGCAACACTGTGTA-1,donor2,4
donor2_ACTGCAACAGTCGCAC-1,donor2,0
donor2_ACTGCAAGTAGGACCA-1,donor2,17
donor2_ACTGCAAGTCACGCTG-1,donor2,16
donor2_ACTGCAAGTCGCATGC-1,donor2,8
donor2_ACTGCAAGTCTTGCGG-1,donor2,2
donor2_ACTGCAAGTGAATGTA-1,donor2,3
donor2_ACTGCAAGTGAGGAAA-1,donor2,0
donor2_ACTGCAAGTTACACAC-1,donor2,2
donor2_ACTGCAAGTTCAGCTA-1,donor2,0
donor2_ACTGCAAGTTCGGCGT-1,donor2,18
donor2_ACTGCAATCATTGCGA-1,donor2,1
donor2_ACTGCAATCCCGTGTT-1,donor2,3
donor2_ACTGCAATCCTTGACC-1,donor2,17
donor2_ACTGCAATCTCGGCTT-1,donor2,3
donor2_ACTGCAATCTCTCTTC-1,donor2,2
donor2_ACTGCAATCTGGCCAG-1,donor2,2
donor2_ACTGTCCAGACGGTCA-1,donor2,3
donor2_ACTGTCCAGCTCGCAC-1,donor2,17
donor2_ACTGTCCAGGACTTCT-1,donor2,3
donor2_ACTGTCCAGGCATGGT-1,donor2,3
donor2_ACTGTCCCACGATTCA-1,donor2,19
donor2_ACTGTCCGTCATCGGC-1,donor2,3
donor2_ACTGTCCGTCTCCTGT-1,donor2,27
donor2_ACTGTCCGTGCTAGCC-1,donor2,12
donor2_ACTGTCCGTTGCGGCT-1,donor2,2
donor2_ACTGTCCTCCTCACGT-1,donor2,2
donor2_ACTGTCCTCGACGACC-1,donor2,19
donor2_ACTGTGAAGAAGGGAT-1,donor2,4
donor2_ACTGTGAAGCCATCCG-1,donor2,2
donor2_ACTGTGAAGCTGTTCA-1,donor2,4
donor2_ACTGTGAAGGGAACAA-1,donor2,2
donor2_ACTGTGAAGGGAGGGT-1,donor2,1
donor2_ACTGTGAAGTTAGTAG-1,donor2,20
donor2_ACTGTGACATCACGGC-1,donor2,2
donor2_ACTGTGACATGGTGGA-1,donor2,26
donor2_ACTGTGAGTCCGACGT-1,donor2,3
donor2_ACTGTGAGTGCCTACG-1,donor2,21
donor2_ACTGTGAGTGTCGATT-1,donor2,20
donor2_ACTGTGAGTTGTGGCC-1,donor2,20
donor2_ACTGTGATCCATTGCC-1,donor2,16
donor2_ACTGTGATCGAACCAT-1,donor2,4
donor2_ACTTAGGAGCTGTTCA-1,donor2,20
donor2_ACTTAGGCACATAACC-1,donor2,3
donor2_ACTTAGGCATAGGCGA-1,donor2,8
donor2_ACTTAGGCATCACGGC-1,donor2,8
donor2_ACTTAGGGTATCACCA-1,donor2,2
donor2_ACTTAGGGTCTAGTGT-1,donor2,3
donor2_ACTTAGGGTCTCAGAT-1,donor2,0
donor2_ACTTAGGGTTGCTCCT-1,donor2,6
donor2_ACTTAGGGTTTCGGCG-1,donor2,15
donor2_ACTTAGGTCAAACCCA-1,donor2,2
donor2_ACTTAGGTCCAAGCAT-1,donor2,17
donor2_ACTTAGGTCCATCAGA-1,donor2,2
donor2_ACTTAGGTCCGAACGC-1,donor2,2
donor2_ACTTAGGTCGCTGTTC-1,donor2,8
donor2_ACTTATCAGAAGTATC-1,donor2,2
donor2_ACTTATCAGCTAGAAT-1,donor2,21
donor2_ACTTATCAGTGTAGAT-1,donor2,19
donor2_ACTTATCCAACTACGT-1,donor2,26
donor2_ACTTATCCAGAGATTA-1,donor2,0
donor2_ACTTATCGTCTGTGAT-1,donor2,3
donor2_ACTTATCGTGGTTTGT-1,donor2,19
donor2_ACTTATCGTTGGAGGT-1,donor2,6
donor2_ACTTATCTCATTCACT-1,donor2,2
donor2_ACTTATCTCTGGCTGG-1,donor2,2
donor2_ACTTCCGAGCCAGAGT-1,donor2,19
donor2_ACTTCCGAGCGTACAG-1,donor2,15
donor2_ACTTCCGAGGTACCTT-1,donor2,17
donor2_ACTTCCGAGTACTGGG-1,donor2,4
donor2_ACTTCCGAGTGGTGGT-1,donor2,18
donor2_ACTTCCGCAACCCTAA-1,donor2,5
donor2_ACTTCCGCAAGAAACT-1,donor2,5
donor2_ACTTCCGCACGCGTCA-1,donor2,3
donor2_ACTTCCGCAGCTCGGT-1,donor2,19
donor2_ACTTCCGCAGCTTTCC-1,donor2,21
donor2_ACTTCCGCAGGTGTTT-1,donor2,1
donor2_ACTTCCGCAGTCGGAA-1,donor2,8
donor2_ACTTCCGCAGTGTGGA-1,donor2,21
donor2_ACTTCCGCATGGAGAC-1,donor2,2
donor2_ACTTCCGCATTGGCAT-1,donor2,8
donor2_ACTTCCGGTAAGTTAG-1,donor2,3
donor2_ACTTCCGGTGTACGCC-1,donor2,16
donor2_ACTTCCGGTTGAAGTA-1,donor2,17
donor2_ACTTCCGTCAGAGTGG-1,donor2,19
donor2_ACTTCCGTCGCAATTG-1,donor2,2
donor2_ACTTCCGTCGCGAAGA-1,donor2,4
donor2_ACTTCCGTCTTTCTAG-1,donor2,5
donor2_ACTTCGCAGAAGTATC-1,donor2,16
donor2_ACTTCGCAGACTAGAT-1,donor2,19
donor2_ACTTCGCAGCAACCAG-1,donor2,8
donor2_ACTTCGCAGCCTAGGA-1,donor2,3
donor2_ACTTCGCAGCGTGCTC-1,donor2,2
donor2_ACTTCGCAGCTCGTGC-1,donor2,4
donor2_ACTTCGCAGGCTGAAC-1,donor2,3
donor2_ACTTCGCAGTTCATCG-1,donor2,8
donor2_ACTTCGCCAACGTTAC-1,donor2,4
donor2_ACTTCGCCACACTTAG-1,donor2,0
donor2_ACTTCGCCAGGATGAC-1,donor2,16
donor2_ACTTCGCGTACAAGTA-1,donor2,8
donor2_ACTTCGCGTACGATGG-1,donor2,12
donor2_ACTTCGCGTCCCGGTA-1,donor2,19
donor2_ACTTCGCTCACGAGGA-1,donor2,4
donor2_ACTTCGCTCGCTTTAT-1,donor2,1
donor2_ACTTTCAAGTATTGCC-1,donor2,20
donor2_ACTTTCAAGTGGTTGG-1,donor2,18
donor2_ACTTTCAAGTTAACGA-1,donor2,19
donor2_ACTTTCACAATTCTTC-1,donor2,4
donor2_ACTTTCACAGTTAGGG-1,donor2,18
donor2_ACTTTCAGTACGAAAT-1,donor2,21
donor2_ACTTTCATCCGAGTGC-1,donor2,18
donor2_ACTTTCATCCGATAGT-1,donor2,0
donor2_ACTTTCATCTCTGGTC-1,donor2,3
donor2_ACTTTGTAGGAACGCT-1,donor2,27
donor2_ACTTTGTAGTCATACC-1,donor2,19
donor2_ACTTTGTAGTGGTTAA-1,donor2,18
donor2_ACTTTGTCAGGAAGTC-1,donor2,3
donor2_ACTTTGTGTAGTCGTT-1,donor2,3
donor2_ACTTTGTGTCAAGTTC-1,donor2,4
donor2_ACTTTGTGTCAGGAGT-1,donor2,2
donor2_ACTTTGTGTCCCTGTT-1,donor2,2
donor2_ACTTTGTGTGATACTC-1,donor2,21
donor2_ACTTTGTTCCAGCACG-1,donor2,0
donor2_ACTTTGTTCCTTCTTC-1,donor2,21
donor2_ACTTTGTTCGTAGTCA-1,donor2,16
donor2_AGAAATGAGCAACAAT-1,donor2,17
donor2_AGAAATGAGCATCTTG-1,donor2,22
donor2_AGAAATGAGGATCACG-1,donor2,5
donor2_AGAAATGAGTAGCCAG-1,donor2,19
donor2_AGAAATGCAGAAGCGT-1,donor2,8
donor2_AGAAATGCAGAGTGTG-1,donor2,20
donor2_AGAAATGCAGATCACT-1,donor2,20
donor2_AGAAATGCAGGACAGT-1,donor2,2
donor2_AGAAATGCAGTCGTTA-1,donor2,3
donor2_AGAAATGGTAGCCAGA-1,donor2,0
donor2_AGAAATGGTCACTTCC-1,donor2,3
donor2_AGAAATGGTCGCTGCA-1,donor2,27
donor2_AGAAATGTCAGACCTA-1,donor2,3
donor2_AGAAATGTCAGCCTTC-1,donor2,17
donor2_AGAAATGTCCGTGTAA-1,donor2,3
donor2_AGAAATGTCGACCATA-1,donor2,19
donor2_AGAAATGTCTATCGTT-1,donor2,18
donor2_AGAAATGTCTCCATAT-1,donor2,8
donor2_AGAACAAAGAAGAACG-1,donor2,0
donor2_AGAACAAAGACTACCT-1,donor2,2
donor2_AGAACAAAGACTACGG-1,donor2,19
donor2_AGAACAAAGGTGAGCT-1,donor2,17
donor2_AGAACAACACCATAAC-1,donor2,8
donor2_AGAACAACACGCTGCA-1,donor2,2
donor2_AGAACAACAGCAGTTT-1,donor2,15
donor2_AGAACAACAGCCCACA-1,donor2,2
donor2_AGAACAACAGGACGAT-1,donor2,3
donor2_AGAACAACAGGATCTT-1,donor2,6
donor2_AGAACAACAGGCACAA-1,donor2,2
donor2_AGAACAACATCGATCA-1,donor2,2
donor2_AGAACAACATTCGATG-1,donor2,12
donor2_AGAACAAGTACTGCGC-1,donor2,15
donor2_AGAACAAGTATGCTTG-1,donor2,8
donor2_AGAACAAGTCCTCCAT-1,donor2,18
donor2_AGAACAAGTTAGTCGT-1,donor2,1
donor2_AGAACAAGTTGGACCC-1,donor2,8
donor2_AGAACAATCAAGAATG-1,donor2,2
donor2_AGAACAATCAGAGTGG-1,donor2,3
donor2_AGAACAATCAGTGTCA-1,donor2,21
donor2_AGAACAATCCTACGAA-1,donor2,15
donor2_AGAACAATCGTCTAAG-1,donor2,18
donor2_AGAACCTAGCGACTGA-1,donor2,8
donor2_AGAACCTAGTCTGCAT-1,donor2,18
donor2_AGAACCTCAAAGCTCT-1,donor2,2
donor2_AGAACCTCAAGAATGT-1,donor2,4
donor2_AGAACCTCAATCAGCT-1,donor2,18
donor2_AGAACCTCAATTAGGA-1,donor2,17
donor2_AGAACCTCACTACCGG-1,donor2,3
donor2_AGAACCTCAGAGGACT-1,donor2,1
donor2_AGAACCTCAGTAACAA-1,donor2,2
donor2_AGAACCTGTCAACACT-1,donor2,17
donor2_AGAACCTGTCTGTGTA-1,donor2,3
donor2_AGAACCTTCCAGCCTT-1,donor2,26
donor2_AGAACCTTCCGTGACG-1,donor2,3
donor2_AGAACCTTCCGTGTCT-1,donor2,2
donor2_AGAACCTTCGTACACA-1,donor2,2
donor2_AGAACCTTCGTGCAGC-1,donor2,19
donor2_AGAACCTTCGTTCTGC-1,donor2,0
donor2_AGAAGCGAGGTCATAA-1,donor2,2
donor2_AGAAGCGCACTAGGTT-1,donor2,12
donor2_AGAAGCGCAGCATCTA-1,donor2,3
donor2_AGAAGCGCAGGTGGAT-1,donor2,5
donor2_AGAAGCGCATGACAAA-1,donor2,8
donor2_AGAAGCGGTACAGAAT-1,donor2,12
donor2_AGAAGCGGTCGAGCAA-1,donor2,15
donor2_AGAAGCGGTCGGAAAC-1,donor2,2
donor2_AGAAGCGGTTCGTGCG-1,donor2,8
donor2_AGAAGCGTCTCCCTAG-1,donor2,24
donor2_AGAAGTAAGACCAGAC-1,donor2,3
donor2_AGAAGTAAGAGCTTTC-1,donor2,17
donor2_AGAAGTAAGAGTCTGG-1,donor2,20
donor2_AGAAGTAAGATACGAT-1,donor2,17
donor2_AGAAGTAAGGGTCTTT-1,donor2,2
donor2_AGAAGTAAGTAAGGGA-1,donor2,16
donor2_AGAAGTAAGTCAGCGA-1,donor2,18
donor2_AGAAGTAAGTTAACGA-1,donor2,4
donor2_AGAAGTACAATAGTCC-1,donor2,4
donor2_AGAAGTACAATCGCGC-1,donor2,8
donor2_AGAAGTACAATGTCTG-1,donor2,18
donor2_AGAAGTACATATCGGT-1,donor2,3
donor2_AGAAGTAGTAGTCGGA-1,donor2,2
donor2_AGAAGTAGTCTACAAC-1,donor2,2
donor2_AGAAGTAGTTATCTGG-1,donor2,20
donor2_AGAAGTAGTTCTAAGC-1,donor2,3
donor2_AGAAGTATCACTTGTT-1,donor2,0
donor2_AGAAGTATCATGCTAG-1,donor2,17
donor2_AGAAGTATCCTGGTCT-1,donor2,19
donor2_AGAAGTATCGCTCATC-1,donor2,3
donor2_AGAAGTATCGTCAACA-1,donor2,27
donor2_AGAAGTATCTTGGTGA-1,donor2,15
donor2_AGACAAAAGAAGCTGC-1,donor2,2
donor2_AGACAAAAGGCACAAC-1,donor2,16
donor2_AGACAAAAGGTTCCAT-1,donor2,17
donor2_AGACAAAAGTTGCTGT-1,donor2,8
donor2_AGACAAACAAGACGAC-1,donor2,21
donor2_AGACAAACAAGTGGTG-1,donor2,18
donor2_AGACAAACAGAGAATT-1,donor2,21
donor2_AGACAAACAGCACAAG-1,donor2,3
donor2_AGACAAACATACAGCT-1,donor2,3
donor2_AGACAAAGTAACAAGT-1,donor2,15
donor2_AGACAAAGTAGTATAG-1,donor2,1
donor2_AGACAAAGTATCCTTT-1,donor2,18
donor2_AGACAAAGTCATTGCA-1,donor2,19
donor2_AGACAAAGTCCTGGGT-1,donor2,17
donor2_AGACAAAGTCGTTATG-1,donor2,20
donor2_AGACAAAGTCTTAGTG-1,donor2,8
donor2_AGACAAATCACCACAA-1,donor2,16
donor2_AGACAAATCATCGCTC-1,donor2,18
donor2_AGACAAATCCCTTCCC-1,donor2,8
donor2_AGACAAATCGCGATCG-1,donor2,15
donor2_AGACAAATCGGACAAG-1,donor2,3
donor2_AGACACTAGAGAACCC-1,donor2,12
donor2_AGACACTAGCAGCACA-1,donor2,2
donor2_AGACACTAGCCGAACA-1,donor2,15
donor2_AGACACTAGCGTTCAT-1,donor2,5
donor2_AGACACTAGGACATCG-1,donor2,21
donor2_AGACACTAGGTGGCTA-1,donor2,16
donor2_AGACACTAGGTTACAA-1,donor2,1
donor2_AGACACTCAACCCGCA-1,donor2,8
donor2_AGACACTCAGAACGCA-1,donor2,18
donor2_AGACACTCAGATACTC-1,donor2,2
donor2_AGACACTCATCCGGTG-1,donor2,18
donor2_AGACACTCATGTAACC-1,donor2,27
donor2_AGACACTGTCTTGCGG-1,donor2,19
donor2_AGACACTTCACCTCTG-1,donor2,2
donor2_AGACACTTCATTCTTG-1,donor2,8
donor2_AGACACTTCGTCGATA-1,donor2,18
donor2_AGACAGGAGATAGTCA-1,donor2,2
donor2_AGACAGGAGCAACTTC-1,donor2,14
donor2_AGACAGGCAACAACAA-1,donor2,2
donor2_AGACAGGCAGGCACAA-1,donor2,16
donor2_AGACAGGCATGTCGTA-1,donor2,18
donor2_AGACAGGGTACCCAGC-1,donor2,17
donor2_AGACAGGGTATACCTG-1,donor2,12
donor2_AGACAGGGTCGTGATT-1,donor2,2
donor2_AGACAGGGTGGAATGC-1,donor2,16
donor2_AGACAGGGTGGGCTTC-1,donor2,21
donor2_AGACAGGGTTAACCTG-1,donor2,17
donor2_AGACAGGTCAAGCGTT-1,donor2,11
donor2_AGACAGGTCAATCCGA-1,donor2,20
donor2_AGACAGGTCAGGAGAC-1,donor2,18
donor2_AGACAGGTCCGTGGCA-1,donor2,16
donor2_AGACAGGTCGAAATCC-1,donor2,0
donor2_AGACCATAGAGATTCA-1,donor2,2
donor2_AGACCATAGAGTCCGA-1,donor2,19
donor2_AGACCATAGGCCTAAG-1,donor2,19
donor2_AGACCATCAACAGATA-1,donor2,8
donor2_AGACCATCACAGCATT-1,donor2,15
donor2_AGACCATCATTGAGCT-1,donor2,8
donor2_AGACCATGTAGCTTTG-1,donor2,19
donor2_AGACCATGTGACACAG-1,donor2,18
donor2_AGACCATGTGCAATGG-1,donor2,4
donor2_AGACCATGTTCTCGCT-1,donor2,17
donor2_AGACCATTCACCGGGT-1,donor2,20
donor2_AGACCATTCCCTCTTT-1,donor2,1
donor2_AGACCATTCCGTCCTA-1,donor2,3
donor2_AGACCCGAGCCATCCG-1,donor2,0
donor2_AGACCCGAGGATATGT-1,donor2,18
donor2_AGACCCGAGGCACGAT-1,donor2,16
donor2_AGACCCGCACGTGAGA-1,donor2,8
donor2_AGACCCGCAGCTGCCA-1,donor2,3
donor2_AGACCCGCAGGAGGAG-1,donor2,2
donor2_AGACCCGCAGTAGTTC-1,donor2,18
donor2_AGACCCGGTGGACTAG-1,donor2,15
donor2_AGACCCGTCACCTTAT-1,donor2,2
donor2_AGACCCGTCCATACTT-1,donor2,19
donor2_AGACCCGTCCCTTCCC-1,donor2,4
donor2_AGACCCGTCCTCATAT-1,donor2,3
donor2_AGACCCGTCGACATAC-1,donor2,16
donor2_AGACTCAAGGATGCGT-1,donor2,2
donor2_AGACTCAAGTACCCTA-1,donor2,4
donor2_AGACTCAAGTATTAGG-1,donor2,2
donor2_AGACTCAAGTGGTTCT-1,donor2,21
donor2_AGACTCACAATACGCT-1,donor2,15
donor2_AGACTCACAGCGGTTC-1,donor2,19
donor2_AGACTCACAGCTGAAG-1,donor2,2
donor2_AGACTCAGTTCCGCAG-1,donor2,4
donor2_AGACTCAGTTTGGGAG-1,donor2,21
donor2_AGACTCATCAAGTGTC-1,donor2,21
donor2_AGAGAATAGAAATTCG-1,donor2,3
donor2_AGAGAATAGCGAAACC-1,donor2,5
donor2_AGAGAATAGCTTTCCC-1,donor2,2
donor2_AGAGAATCAAGCTCTA-1,donor2,18
donor2_AGAGAATCAATCGAAA-1,donor2,3
donor2_AGAGAATCATGAATCC-1,donor2,2
donor2_AGAGAATCATGTGACT-1,donor2,18
donor2_AGAGAATGTAAGTAGT-1,donor2,15
donor2_AGAGAATGTAGCGTTT-1,donor2,17
donor2_AGAGAATGTAGTCGGA-1,donor2,2
donor2_AGAGAATGTATCGTGT-1,donor2,2
donor2_AGAGAATGTATTGGCT-1,donor2,16
donor2_AGAGAATGTTGATCGT-1,donor2,3
donor2_AGAGAATTCGTGGCGT-1,donor2,0
donor2_AGAGAATTCTACCCAC-1,donor2,19
donor2_AGAGAGCAGATTGAGT-1,donor2,18
donor2_AGAGAGCAGCGGTAGT-1,donor2,3
donor2_AGAGAGCAGGACCCAA-1,donor2,8
donor2_AGAGAGCAGGTCATCT-1,donor2,27
donor2_AGAGAGCAGTGGAAAG-1,donor2,18
donor2_AGAGAGCCACACCTGG-1,donor2,2
donor2_AGAGAGCCACAGCCAC-1,donor2,18
donor2_AGAGAGCCACATCCCT-1,donor2,0
donor2_AGAGAGCCAGAAGTTA-1,donor2,12
donor2_AGAGAGCCAGTAACCT-1,donor2,2
donor2_AGAGAGCCAGTGGCTC-1,donor2,4
donor2_AGAGAGCCATGACGTT-1,donor2,18
donor2_AGAGAGCGTATCCCTC-1,donor2,18
donor2_AGAGAGCTCAAAGACA-1,donor2,2
donor2_AGAGAGCTCTATCCAT-1,donor2,2
donor2_AGAGAGCTCTGACGCG-1,donor2,18
donor2_AGAGAGCTCTTACTGT-1,donor2,21
donor2_AGAGCAGAGAAACTGT-1,donor2,17
donor2_AGAGCAGAGACGCCAA-1,donor2,5
donor2_AGAGCAGAGCCATTCA-1,donor2,8
donor2_AGAGCAGAGCCGATTT-1,donor2,2
donor2_AGAGCAGAGCGCTTCG-1,donor2,2
donor2_AGAGCAGAGCGTGCCT-1,donor2,21
donor2_AGAGCAGAGCTCTGTA-1,donor2,3
donor2_AGAGCAGCAACACTAC-1,donor2,17
donor2_AGAGCAGCAAGGATGC-1,donor2,1
donor2_AGAGCAGCACAAGTGG-1,donor2,3
donor2_AGAGCAGGTCCGATCG-1,donor2,2
donor2_AGAGCAGGTGATTCAC-1,donor2,18
donor2_AGAGCAGGTTTCAGAC-1,donor2,1
donor2_AGAGCAGTCATGCTAG-1,donor2,2
donor2_AGAGCAGTCGAGGCAA-1,donor2,17
donor2_AGAGCAGTCGCTCCTA-1,donor2,3
donor2_AGAGCAGTCGCTGCGA-1,donor2,1
donor2_AGAGCCCAGCTGCCAC-1,donor2,15
donor2_AGAGCCCAGCTTACGT-1,donor2,2
donor2_AGAGCCCCAAAGCAAT-1,donor2,2
donor2_AGAGCCCCAGCACCCA-1,donor2,17
donor2_AGAGCCCGTACTCCCT-1,donor2,0
donor2_AGAGCCCGTGCTTATG-1,donor2,1
donor2_AGAGCCCGTGTCCGTG-1,donor2,2
donor2_AGAGCCCGTTAGAAGT-1,donor2,17
donor2_AGAGCCCTCAGCAATC-1,donor2,8
donor2_AGAGCCCTCCATCAGA-1,donor2,18
donor2_AGAGCCCTCCATTCAT-1,donor2,17
donor2_AGAGCCCTCTATTCGT-1,donor2,2
donor2_AGATAGAAGCATGCAG-1,donor2,17
donor2_AGATAGAAGCTGCCAC-1,donor2,17
donor2_AGATAGAAGCTGTCCG-1,donor2,19
donor2_AGATAGAAGGAGCAAA-1,donor2,0
donor2_AGATAGAAGGGATCAC-1,donor2,21
donor2_AGATAGAAGTCGGCAA-1,donor2,0
donor2_AGATAGAAGTGCCAGA-1,donor2,0
donor2_AGATAGACAAGGGTCA-1,donor2,21
donor2_AGATAGACAATCTAGC-1,donor2,2
donor2_AGATAGACACGACGAA-1,donor2,12
donor2_AGATAGACACTCCACT-1,donor2,18
donor2_AGATAGACACTCCTGT-1,donor2,2
donor2_AGATAGACACTCGATA-1,donor2,8
donor2_AGATAGACAGGCTTGC-1,donor2,18
donor2_AGATAGACATATCTGG-1,donor2,1
donor2_AGATAGACATTGTGCA-1,donor2,17
donor2_AGATAGAGTAGCGTAG-1,donor2,16
donor2_AGATAGAGTAGGTACG-1,donor2,18
donor2_AGATAGAGTTCTCACC-1,donor2,12
donor2_AGATAGATCAGCCTCT-1,donor2,17
donor2_AGATAGATCCAAGCAT-1,donor2,8
donor2_AGATAGATCGTCTAAG-1,donor2,19
donor2_AGATCCAAGAAGCGAA-1,donor2,5
donor2_AGATCCAAGAAGCGGG-1,donor2,8
donor2_AGATCCAAGCCGATCC-1,donor2,2
donor2_AGATCCAGTCAGTCGC-1,donor2,3
donor2_AGATCCAGTCCCACGA-1,donor2,15
donor2_AGATCCAGTCCGTACG-1,donor2,2
donor2_AGATCCATCGGAGTGA-1,donor2,1
donor2_AGATCGTAGCCGATTT-1,donor2,3
donor2_AGATCGTAGGGTCAAC-1,donor2,18
donor2_AGATCGTCAAAGACGC-1,donor2,2
donor2_AGATCGTCAAGGTCTT-1,donor2,4
donor2_AGATCGTCACAACGCC-1,donor2,8
donor2_AGATCGTCAGCCTACG-1,donor2,21
donor2_AGATCGTCAGGTTTAC-1,donor2,2
donor2_AGATCGTGTAACGGTG-1,donor2,2
donor2_AGATCGTGTATCAAGA-1,donor2,18
donor2_AGATCGTTCCTCGCAT-1,donor2,21
donor2_AGATCGTTCGATTGGT-1,donor2,8
donor2_AGATCGTTCGTTCGCT-1,donor2,15
donor2_AGATCGTTCTAGTACG-1,donor2,19
donor2_AGATGAAAGGCATTTC-1,donor2,17
donor2_AGATGAAAGGTCTTTG-1,donor2,18
donor2_AGATGAAGTAGACAAT-1,donor2,17
donor2_AGATGAAGTATTCCTT-1,donor2,18
donor2_AGATGAAGTCCGCAGT-1,donor2,19
donor2_AGATGAAGTCTGTGAT-1,donor2,2
donor2_AGATGAAGTGCCCTTT-1,donor2,21
donor2_AGATGAAGTGCCTTCT-1,donor2,15
donor2_AGATGAAGTTGTTGCA-1,donor2,18
donor2_AGATGAATCATCTATC-1,donor2,2
donor2_AGATGAATCGCCAATA-1,donor2,1
donor2_AGATGAATCGTTACCC-1,donor2,0
donor2_AGATGCTAGCGGGTAT-1,donor2,21
donor2_AGATGCTAGCTAATCC-1,donor2,2
donor2_AGATGCTAGCTGACAG-1,donor2,0
donor2_AGATGCTAGGTGCTTT-1,donor2,8
donor2_AGATGCTCAATTTCTC-1,donor2,2
donor2_AGATGCTCACCCATAA-1,donor2,27
donor2_AGATGCTCACGTGTGC-1,donor2,2
donor2_AGATGCTCAGGGAATC-1,donor2,18
donor2_AGATGCTGTATCGATC-1,donor2,5
donor2_AGATGCTGTATGACAA-1,donor2,1
donor2_AGATGCTGTCATCGCG-1,donor2,15
donor2_AGATGCTGTGAAGCTG-1,donor2,0
donor2_AGATGCTGTTGCGTAT-1,donor2,2
donor2_AGATGCTTCAACCCGG-1,donor2,0
donor2_AGATGCTTCAAGCTGT-1,donor2,15
donor2_AGATGCTTCACGGTCG-1,donor2,3
donor2_AGATGCTTCAGGAACG-1,donor2,15
donor2_AGATGCTTCATGAGTC-1,donor2,17
donor2_AGATGCTTCATTACTC-1,donor2,3
donor2_AGATGCTTCCCTCTAG-1,donor2,19
donor2_AGCATCAAGAACGTGC-1,donor2,2
donor2_AGCATCAAGGGAGTTC-1,donor2,22
donor2_AGCATCACAAGATGGC-1,donor2,21
donor2_AGCATCACACGGAAGT-1,donor2,5
donor2_AGCATCAGTAAGGCTG-1,donor2,21
donor2_AGCATCAGTAGTAAGT-1,donor2,21
donor2_AGCATCAGTGCATGTT-1,donor2,17
donor2_AGCATCATCAAACGAA-1,donor2,3
donor2_AGCATCATCATTATCC-1,donor2,3
donor2_AGCATCATCCTGTTAT-1,donor2,19
donor2_AGCATCATCGCCAGAC-1,donor2,8
donor2_AGCATCATCTCAATCT-1,donor2,16
donor2_AGCATCATCTCTATAC-1,donor2,17
donor2_AGCATCATCTTACGGA-1,donor2,21
donor2_AGCCAATAGACCATTC-1,donor2,1
donor2_AGCCAATAGACGCAGT-1,donor2,5
donor2_AGCCAATCAAGTCGTT-1,donor2,2
donor2_AGCCAATCAATGGCCC-1,donor2,17
donor2_AGCCAATCACGACAGA-1,donor2,19
donor2_AGCCAATCAGATCATC-1,donor2,8
donor2_AGCCAATCAGGGCTTC-1,donor2,2
donor2_AGCCAATCATGGGAAC-1,donor2,15
donor2_AGCCAATGTGATTGGG-1,donor2,4
donor2_AGCCAATGTTACTCAG-1,donor2,17
donor2_AGCCAATGTTAGCGGA-1,donor2,18
donor2_AGCCAATTCAAGAGTA-1,donor2,1
donor2_AGCCAATTCCGCGAGT-1,donor2,18
donor2_AGCCAATTCGAGATAA-1,donor2,2
donor2_AGCCAATTCGCTGTTC-1,donor2,3
donor2_AGCCAATTCTCTTGCG-1,donor2,0
donor2_AGCCACGAGCCTAGGA-1,donor2,1
donor2_AGCCACGAGCGGGTTA-1,donor2,0
donor2_AGCCACGAGTATTAGG-1,donor2,17
donor2_AGCCACGAGTATTCCG-1,donor2,4
donor2_AGCCACGCAAACCGGA-1,donor2,15
donor2_AGCCACGCACGAGGAT-1,donor2,6
donor2_AGCCACGCAGCATGCC-1,donor2,1
donor2_AGCCACGCATTGACCA-1,donor2,3
donor2_AGCCACGCATTGTGCA-1,donor2,5
donor2_AGCCACGGTAGAATGT-1,donor2,5
donor2_AGCCACGGTTTAAGGA-1,donor2,2
donor2_AGCCACGTCCTACACC-1,donor2,3
donor2_AGCCAGCCAGGCATGA-1,donor2,17
donor2_AGCCAGCCAGTGGGTA-1,donor2,19
donor2_AGCCAGCGTGAGCTCC-1,donor2,2
donor2_AGCCAGCGTGGACTGA-1,donor2,17
donor2_AGCCAGCGTTGAAGTA-1,donor2,18
donor2_AGCCAGCTCGTACCTC-1,donor2,3
donor2_AGCCAGCTCTAGACAC-1,donor2,17
donor2_AGCGATTAGGTAGGCT-1,donor2,19
donor2_AGCGATTCAACACGTT-1,donor2,4
donor2_AGCGATTCAACTGGTT-1,donor2,17
donor2_AGCGATTCACTGCACG-1,donor2,7
donor2_AGCGATTGTCGCGTCA-1,donor2,3
donor2_AGCGATTGTTGCGTAT-1,donor2,1
donor2_AGCGATTGTTTGGGAG-1,donor2,2
donor2_AGCGATTTCACGATCA-1,donor2,3
donor2_AGCGATTTCGCACGGT-1,donor2,16
donor2_AGCGATTTCGGAGCAA-1,donor2,1
donor2_AGCGATTTCGTAGGGA-1,donor2,0
donor2_AGCGATTTCTGAATCG-1,donor2,26
donor2_AGCGCCAAGAGCCATG-1,donor2,3
donor2_AGCGCCAAGTCGAGGT-1,donor2,17
donor2_AGCGCCACAAGGTCGA-1,donor2,12
donor2_AGCGCCACACTCCTGT-1,donor2,0
donor2_AGCGCCACATAGATGA-1,donor2,4
donor2_AGCGCCAGTCGTACTA-1,donor2,1
donor2_AGCGCCAGTCTCACGG-1,donor2,12
donor2_AGCGCCAGTGCATGTT-1,donor2,17
donor2_AGCGCCAGTGGTCAAG-1,donor2,19
donor2_AGCGCCAGTTGCATCA-1,donor2,19
donor2_AGCGCCAGTTGGGTAG-1,donor2,17
donor2_AGCGCCATCACCTGGG-1,donor2,5
donor2_AGCGCCATCCAGTTCC-1,donor2,15
donor2_AGCGCCATCCGTGTCT-1,donor2,8
donor2_AGCGCTGAGCGTTGTT-1,donor2,15
donor2_AGCGCTGAGGTCGCCT-1,donor2,18
donor2_AGCGCTGAGTCTTGGT-1,donor2,15
donor2_AGCGCTGCAAGCACCC-1,donor2,19
donor2_AGCGCTGCATGGAATA-1,donor2,15
donor2_AGCGCTGGTGGCCACT-1,donor2,2
donor2_AGCGCTGGTTCCGGTG-1,donor2,4
donor2_AGCGCTGTCACCTCGT-1,donor2,2
donor2_AGCGCTGTCATGACAC-1,donor2,2
donor2_AGCGCTGTCATTGTTC-1,donor2,5
donor2_AGCGCTGTCGAGTCTA-1,donor2,7
donor2_AGCGCTGTCGTAACAC-1,donor2,21
donor2_AGCGCTGTCTCCCATG-1,donor2,27
donor2_AGCGCTGTCTTCTAAC-1,donor2,4
donor2_AGCGTATAGCCAAGCA-1,donor2,6
donor2_AGCGTATAGGAACTAT-1,donor2,12
donor2_AGCGTATAGGCACTAG-1,donor2,3
donor2_AGCGTATCAACCGCTG-1,donor2,4
donor2_AGCGTATCAAGCTACT-1,donor2,18
donor2_AGCGTATGTCCCACGA-1,donor2,8
donor2_AGCGTATGTCGTGCCA-1,donor2,2
donor2_AGCGTATGTGATACCT-1,donor2,0
donor2_AGCGTATGTGGTACAG-1,donor2,17
donor2_AGCGTATGTTAGCTAC-1,donor2,21
donor2_AGCGTATGTTCTTAGG-1,donor2,21
donor2_AGCGTATGTTTCTATC-1,donor2,16
donor2_AGCGTATGTTTGATCG-1,donor2,19
donor2_AGCGTATTCCAACCGG-1,donor2,4
donor2_AGCGTATTCTCCCATG-1,donor2,27
donor2_AGCGTCGAGCTTTCTT-1,donor2,4
donor2_AGCGTCGAGGCTTAGG-1,donor2,15
donor2_AGCGTCGCAAGGAGTC-1,donor2,19
donor2_AGCGTCGCAGTAGGAC-1,donor2,2
donor2_AGCGTCGCAGTCGGTC-1,donor2,18
donor2_AGCGTCGGTACTAGCT-1,donor2,3
donor2_AGCGTCGGTAGATTAG-1,donor2,4
donor2_AGCGTCGGTGGAGAAA-1,donor2,15
donor2_AGCGTCGTCAAGATAG-1,donor2,5
donor2_AGCGTCGTCGGTTGTA-1,donor2,4
donor2_AGCGTCGTCGTTGTTT-1,donor2,17
donor2_AGCGTCGTCTACTTCA-1,donor2,18
donor2_AGCTACAAGAGCATCG-1,donor2,5
donor2_AGCTACAAGGTGATCG-1,donor2,5
donor2_AGCTACACAAACTGCT-1,donor2,15
donor2_AGCTACACAACTGCCG-1,donor2,19
donor2_AGCTACACAAGCGAGT-1,donor2,17
donor2_AGCTACACACCAGTAT-1,donor2,3
donor2_AGCTACACAGAACATA-1,donor2,19
donor2_AGCTACAGTACTCCCT-1,donor2,2
donor2_AGCTACAGTTTGAACC-1,donor2,15
donor2_AGCTACATCCAGGACC-1,donor2,8
donor2_AGCTACATCGAAGCCC-1,donor2,19
donor2_AGCTACATCTAGCAAC-1,donor2,4
donor2_AGCTACATCTTTACAC-1,donor2,27
donor2_AGCTCAAAGACAACTA-1,donor2,16
donor2_AGCTCAAAGGAAGTAG-1,donor2,3
donor2_AGCTCAAAGTTCAACC-1,donor2,18
donor2_AGCTCAACAAGTGATA-1,donor2,17
donor2_AGCTCAACAATGTCAC-1,donor2,18
donor2_AGCTCAACACTGGAAG-1,donor2,12
donor2_AGCTCAACAGAAATCA-1,donor2,18
donor2_AGCTCAACAGAGTCAG-1,donor2,27
donor2_AGCTCAACAGGTGACA-1,donor2,21
donor2_AGCTCAACATGACCCG-1,donor2,19
donor2_AGCTCAAGTTAGGCCC-1,donor2,20
donor2_AGCTCAATCAACACGT-1,donor2,4
donor2_AGCTCAATCACACGAT-1,donor2,2
donor2_AGCTCAATCAGTGTCA-1,donor2,6
donor2_AGCTCAATCCATACAG-1,donor2,3
donor2_AGCTCAATCTGACCCT-1,donor2,6
donor2_AGCTCAATCTTCTCAA-1,donor2,8
donor2_AGCTTCCAGATGAACT-1,donor2,6
donor2_AGCTTCCAGATGGCGT-1,donor2,3
donor2_AGCTTCCAGGGCCCTT-1,donor2,2
donor2_AGCTTCCAGTCCCGGT-1,donor2,0
donor2_AGCTTCCCAAGATCCT-1,donor2,3
donor2_AGCTTCCCAATTCACG-1,donor2,16
donor2_AGCTTCCCACCAATTG-1,donor2,16
donor2_AGCTTCCCAGAGGTAC-1,donor2,2
donor2_AGCTTCCCAGCTGTTA-1,donor2,19
donor2_AGCTTCCCAGGACAGT-1,donor2,26
donor2_AGCTTCCCAGGGCTTC-1,donor2,17
donor2_AGCTTCCCAGTTCTAG-1,donor2,8
donor2_AGCTTCCCATGTACGT-1,donor2,0
donor2_AGCTTCCGTGGAGAAA-1,donor2,3
donor2_AGCTTCCGTGTGTGGA-1,donor2,18
donor2_AGCTTCCGTTGGGATG-1,donor2,8
donor2_AGCTTCCTCCACATAG-1,donor2,3
donor2_AGCTTCCTCTGGTGCG-1,donor2,19
donor2_AGGAAATAGACGGTTG-1,donor2,18
donor2_AGGAAATAGGCTATCT-1,donor2,21
donor2_AGGAAATAGTCCCGAC-1,donor2,17
donor2_AGGAAATAGTCCGCGT-1,donor2,19
donor2_AGGAAATAGTGCAACG-1,donor2,21
donor2_AGGAAATCAACGCATT-1,donor2,22
donor2_AGGAAATCATGGGTCC-1,donor2,2
donor2_AGGAAATCATTAAAGG-1,donor2,2
donor2_AGGAAATTCAATCGGT-1,donor2,2
donor2_AGGAAATTCGCCGAAC-1,donor2,3
donor2_AGGAAATTCTTAAGGC-1,donor2,2
donor2_AGGAATAAGCTTGTTG-1,donor2,0
donor2_AGGAATAAGGAACGAA-1,donor2,17
donor2_AGGAATAAGGCACCAA-1,donor2,2
donor2_AGGAATAAGGCCTTCG-1,donor2,1
donor2_AGGAATAAGGTCCAGA-1,donor2,19
donor2_AGGAATAAGTTGGGAC-1,donor2,3
donor2_AGGAATACACCCTCTA-1,donor2,15
donor2_AGGAATACACGCGTCA-1,donor2,6
donor2_AGGAATACACGTTGGC-1,donor2,0
donor2_AGGAATACAGCACACC-1,donor2,18
donor2_AGGAATACAGCAGATG-1,donor2,3
donor2_AGGAATACATAAGATG-1,donor2,17
donor2_AGGAATACATACACCA-1,donor2,21
donor2_AGGAATACATCGCTCT-1,donor2,17
donor2_AGGAATAGTGGTCTCG-1,donor2,4
donor2_AGGAATAGTGTAACGG-1,donor2,18
donor2_AGGAATAGTGTGACCC-1,donor2,2
donor2_AGGACGAAGAATAGTC-1,donor2,3
donor2_AGGACGAAGACCTTTG-1,donor2,2
donor2_AGGACGAAGCAACAAT-1,donor2,3
donor2_AGGACGAAGCAATAAC-1,donor2,8
donor2_AGGACGAAGCGCCTCA-1,donor2,19
donor2_AGGACGAAGGACTTCT-1,donor2,8
donor2_AGGACGACAGGGATAC-1,donor2,0
donor2_AGGACGAGTATTGAGA-1,donor2,5
donor2_AGGACGAGTCTGTCAA-1,donor2,12
donor2_AGGACGAGTGCGTGCT-1,donor2,18
donor2_AGGACGAGTTCCGCGA-1,donor2,18
donor2_AGGACGATCACTTCTA-1,donor2,0
donor2_AGGACGATCGTTTACT-1,donor2,3
donor2_AGGACGATCTCCGAGG-1,donor2,16
donor2_AGGACTTAGAGTTCGG-1,donor2,0
donor2_AGGACTTAGCGTGTTT-1,donor2,17
donor2_AGGACTTAGGAACATT-1,donor2,17
donor2_AGGACTTAGGGCGAAG-1,donor2,12
donor2_AGGACTTAGGGTACAC-1,donor2,0
donor2_AGGACTTAGTTGCTCA-1,donor2,3
donor2_AGGACTTCAGAAGCGT-1,donor2,1
donor2_AGGACTTGTATATGGA-1,donor2,16
donor2_AGGACTTGTCGAGATG-1,donor2,17
donor2_AGGACTTGTCGCATGC-1,donor2,4
donor2_AGGACTTTCAACCCGG-1,donor2,12
donor2_AGGACTTTCAACTCTT-1,donor2,2
donor2_AGGACTTTCACTCGAA-1,donor2,8
donor2_AGGACTTTCATCGGGC-1,donor2,21
donor2_AGGACTTTCCGCGATG-1,donor2,3
donor2_AGGACTTTCGAGCCTG-1,donor2,20
donor2_AGGACTTTCGTTTACT-1,donor2,17
donor2_AGGAGGTAGGAGTCTG-1,donor2,8
donor2_AGGAGGTAGTTGGACG-1,donor2,19
donor2_AGGAGGTCAAAGGCGT-1,donor2,22
donor2_AGGAGGTCATCTTAGG-1,donor2,17
donor2_AGGAGGTCATGAAAGT-1,donor2,21
donor2_AGGAGGTCATTGCTTT-1,donor2,5
donor2_AGGAGGTTCACCTGTC-1,donor2,8
donor2_AGGAGGTTCATGCCCT-1,donor2,26
donor2_AGGAGGTTCGCGCCAA-1,donor2,17
donor2_AGGAGGTTCTCGCTTG-1,donor2,18
donor2_AGGATAAAGAAGTATC-1,donor2,8
donor2_AGGATAACAAGCACCC-1,donor2,15
donor2_AGGATAACAAGGGCAT-1,donor2,17
donor2_AGGATAACAAGGTTGG-1,donor2,18
donor2_AGGATAACAGTCGTTA-1,donor2,2
donor2_AGGATAAGTAGTGGCA-1,donor2,6
donor2_AGGATAAGTCCGATCG-1,donor2,19
donor2_AGGATAAGTCGCAACC-1,donor2,2
donor2_AGGATAAGTCGTACAT-1,donor2,3
donor2_AGGATAATCGAACGGA-1,donor2,6
donor2_AGGATAATCGATAACC-1,donor2,1
donor2_AGGATAATCGCGTAGC-1,donor2,17
donor2_AGGATAATCTAGTGAC-1,donor2,2
donor2_AGGATCTAGACCCGCT-1,donor2,3
donor2_AGGATCTAGGCACCAA-1,donor2,19
donor2_AGGATCTCAAGATTGA-1,donor2,19
donor2_AGGATCTCAAGGCCTC-1,donor2,20
donor2_AGGATCTTCATCTGTT-1,donor2,6
donor2_AGGATCTTCATGTCTT-1,donor2,17
donor2_AGGATCTTCCACATAG-1,donor2,19
donor2_AGGATCTTCGTGCAGC-1,donor2,17
donor2_AGGCATTAGATGTTGA-1,donor2,0
donor2_AGGCATTAGCATCAAA-1,donor2,15
donor2_AGGCATTAGGAATGTT-1,donor2,17
donor2_AGGCATTAGTGATAGT-1,donor2,2
donor2_AGGCATTCAGTTGTCA-1,donor2,17
donor2_AGGCATTTCACGATAC-1,donor2,19
donor2_AGGCATTTCAGACATC-1,donor2,2
donor2_AGGCATTTCAGACCGC-1,donor2,17
donor2_AGGCCACAGTAGTCAA-1,donor2,1
donor2_AGGCCACAGTTTCTTC-1,donor2,3
donor2_AGGCCACCACTCCTGT-1,donor2,4
donor2_AGGCCACCAGCAGAAC-1,donor2,8
donor2_AGGCCACCAGCGACAA-1,donor2,4
donor2_AGGCCACCAGTTGGTT-1,donor2,18
donor2_AGGCCACCATCGAACT-1,donor2,19
donor2_AGGCCACGTCCAGTTA-1,donor2,6
donor2_AGGCCACGTCTTCATT-1,donor2,0
donor2_AGGCCACGTGAATTAG-1,donor2,8
donor2_AGGCCACGTTGGACTT-1,donor2,8
donor2_AGGCCACTCGTCGATA-1,donor2,3
donor2_AGGCTGCAGAACAAGG-1,donor2,2
donor2_AGGCTGCAGCATTGAA-1,donor2,15
donor2_AGGCTGCAGCGCCATC-1,donor2,17
donor2_AGGCTGCAGCGTGTCC-1,donor2,15
donor2_AGGCTGCCAAATAAGC-1,donor2,21
donor2_AGGCTGCCAGTCGGAA-1,donor2,8
donor2_AGGCTGCCATGGAATA-1,donor2,8
donor2_AGGCTGCGTCGAGATG-1,donor2,19
donor2_AGGCTGCGTTGTTGTG-1,donor2,17
donor2_AGGCTGCTCATGCCCT-1,donor2,3
donor2_AGGGAGTAGACTCATC-1,donor2,1
donor2_AGGGAGTAGATCACCT-1,donor2,2
donor2_AGGGAGTCAAGAAATC-1,donor2,18
donor2_AGGGAGTCAGAGTCAG-1,donor2,15
donor2_AGGGAGTCATACCAGT-1,donor2,5
donor2_AGGGAGTGTCACCGAC-1,donor2,3
donor2_AGGGAGTGTTGAATCC-1,donor2,8
donor2_AGGGAGTTCAGGTGTT-1,donor2,17
donor2_AGGGAGTTCAGTCAGT-1,donor2,8
donor2_AGGGCCTAGAAGAACG-1,donor2,2
donor2_AGGGCCTAGCGTATAA-1,donor2,0
donor2_AGGGCCTAGGCTATCT-1,donor2,2
donor2_AGGGCCTAGTGAATAC-1,donor2,8
donor2_AGGGCCTAGTGGACGT-1,donor2,19
donor2_AGGGCCTCACGACGCT-1,donor2,2
donor2_AGGGCCTCAGATTAAG-1,donor2,3
donor2_AGGGCCTCATTCATCT-1,donor2,8
donor2_AGGGCCTGTCGATGCC-1,donor2,2
donor2_AGGGCCTGTGATAGAT-1,donor2,12
donor2_AGGGCCTTCCACTGAA-1,donor2,6
donor2_AGGGCCTTCCATTCGC-1,donor2,16
donor2_AGGGCCTTCCCATGGG-1,donor2,2
donor2_AGGGCCTTCCTGCCAT-1,donor2,18
donor2_AGGGCCTTCGACGACC-1,donor2,8
donor2_AGGGCCTTCGCTGATA-1,donor2,16
donor2_AGGGCTCAGAGATGCC-1,donor2,2
donor2_AGGGCTCAGAGGGCGA-1,donor2,3
donor2_AGGGCTCAGATGCTTC-1,donor2,1
donor2_AGGGCTCAGCGATGAC-1,donor2,2
donor2_AGGGCTCCAAGTAGTA-1,donor2,21
donor2_AGGGCTCCAGTATTCG-1,donor2,2
donor2_AGGGCTCGTAGTTAGA-1,donor2,15
donor2_AGGGCTCGTCCAGAAG-1,donor2,15
donor2_AGGGCTCGTCCTTTGC-1,donor2,0
donor2_AGGGCTCGTTCACCGG-1,donor2,8
donor2_AGGGCTCGTTGATGTC-1,donor2,19
donor2_AGGGCTCTCGTAGAGG-1,donor2,1
donor2_AGGGCTCTCTGCGATA-1,donor2,21
donor2_AGGGTCCAGGAATCGC-1,donor2,15
donor2_AGGGTCCCAAGAGGCT-1,donor2,18
donor2_AGGGTCCCAAGTACCT-1,donor2,3
donor2_AGGGTCCCACATTCTT-1,donor2,2
donor2_AGGGTCCCAGACGATG-1,donor2,21
donor2_AGGGTCCGTAAGGTCG-1,donor2,5
donor2_AGGGTCCGTCGCTCGA-1,donor2,17
donor2_AGGGTCCGTGGCAGAT-1,donor2,11
donor2_AGGGTCCTCAGCATTG-1,donor2,19
donor2_AGGGTCCTCCACAGCG-1,donor2,0
donor2_AGGGTCCTCGTAGGGA-1,donor2,0
donor2_AGGGTGAAGACTTCCA-1,donor2,17
donor2_AGGGTGAAGGAGTCTG-1,donor2,0
donor2_AGGGTGAAGGCGAACT-1,donor2,16
donor2_AGGGTGAAGGTCGTGA-1,donor2,20
donor2_AGGGTGAAGTAGCATA-1,donor2,5
donor2_AGGGTGACACGACCTG-1,donor2,17
donor2_AGGGTGACAGGCATGA-1,donor2,3
donor2_AGGGTGACATCAGTCA-1,donor2,2
donor2_AGGGTGAGTACTCCGG-1,donor2,4
donor2_AGGGTGAGTCTTGCGG-1,donor2,1
donor2_AGGGTGATCATCTGTT-1,donor2,8
donor2_AGGGTGATCCGTGTGG-1,donor2,21
donor2_AGGGTGATCTTAAGGC-1,donor2,2
donor2_AGGGTTTAGAAGAACG-1,donor2,3
donor2_AGGGTTTAGAGCAACC-1,donor2,18
donor2_AGGGTTTAGCGCCGTT-1,donor2,2
donor2_AGGGTTTAGTGTTGAA-1,donor2,19
donor2_AGGGTTTCACTCCCTA-1,donor2,17
donor2_AGGGTTTCAGCGTGCT-1,donor2,18
donor2_AGGGTTTCAGCTACTA-1,donor2,15
donor2_AGGGTTTCAGGTTTAC-1,donor2,3
donor2_AGGGTTTCATAAGATG-1,donor2,18
donor2_AGGGTTTCATTGACTG-1,donor2,2
donor2_AGGGTTTGTCTCCTGT-1,donor2,3
donor2_AGGGTTTGTGCCGAAA-1,donor2,1
donor2_AGGGTTTGTTGAAGTA-1,donor2,2
donor2_AGGGTTTTCAAGTAAG-1,donor2,21
donor2_AGGGTTTTCATTGCCC-1,donor2,3
donor2_AGGGTTTTCTCTTAAC-1,donor2,4
donor2_AGGGTTTTCTGTCGTC-1,donor2,18
donor2_AGGTAGGAGCTGCCAC-1,donor2,17
donor2_AGGTAGGAGTCCGTCG-1,donor2,18
donor2_AGGTAGGCAATCAGCT-1,donor2,0
donor2_AGGTAGGCAATGAAAC-1,donor2,16
donor2_AGGTAGGCACAGTCAT-1,donor2,3
donor2_AGGTAGGCAGCATACT-1,donor2,19
donor2_AGGTAGGGTAGGCAGT-1,donor2,0
donor2_AGGTAGGGTCGCCACA-1,donor2,20
donor2_AGGTAGGGTCGGATTT-1,donor2,3
donor2_AGGTAGGGTCTACAGT-1,donor2,21
donor2_AGGTAGGTCCCAGTGG-1,donor2,12
donor2_AGGTAGGTCGCCGAAC-1,donor2,18
donor2_AGGTAGGTCTGGCCTT-1,donor2,6
donor2_AGGTCATAGATGCTAA-1,donor2,17
donor2_AGGTCATAGGCCTAGA-1,donor2,4
donor2_AGGTCATCAAACGTGG-1,donor2,3
donor2_AGGTCATCATGGCCCA-1,donor2,2
donor2_AGGTCATGTGATAGAT-1,donor2,21
donor2_AGGTCATTCACGGTCG-1,donor2,0
donor2_AGGTCATTCACGTAGT-1,donor2,8
donor2_AGGTCATTCCGTAGTA-1,donor2,6
donor2_AGGTCATTCGGCTTCT-1,donor2,18
donor2_AGGTCATTCGTGTTCC-1,donor2,8
donor2_AGGTCATTCTAGGAAA-1,donor2,0
donor2_AGGTCATTCTTTGGAG-1,donor2,3
donor2_AGGTCTAAGCATTGAA-1,donor2,2
donor2_AGGTCTAAGCTCGCAC-1,donor2,19
donor2_AGGTCTAAGGTCTGGA-1,donor2,2
donor2_AGGTCTAAGTAACCGG-1,donor2,18
donor2_AGGTCTACAACCGTAT-1,donor2,27
donor2_AGGTCTACACGTATAC-1,donor2,12
donor2_AGGTCTACAGTCGCTG-1,donor2,18
donor2_AGGTCTAGTGTATTCG-1,donor2,17
donor2_AGGTCTAGTGTTAAAG-1,donor2,4
donor2_AGGTCTAGTGTTCAGT-1,donor2,17
donor2_AGGTCTAGTTAGCGGA-1,donor2,1
donor2_AGGTCTATCCTAAACG-1,donor2,4
donor2_AGGTCTATCGCTAGCG-1,donor2,27
donor2_AGGTGTTAGAGCCGTA-1,donor2,1
donor2_AGGTGTTAGCCTGAGA-1,donor2,4
donor2_AGGTGTTAGCGATGGT-1,donor2,18
donor2_AGGTGTTAGCTAATGA-1,donor2,16
donor2_AGGTGTTAGGCATCTT-1,donor2,16
donor2_AGGTGTTCAGAGGACT-1,donor2,20
donor2_AGGTGTTCAGTCTGGC-1,donor2,3
donor2_AGGTGTTCATGATGCT-1,donor2,3
donor2_AGGTGTTGTACCACGC-1,donor2,19
donor2_AGGTGTTGTACCGGAA-1,donor2,17
donor2_AGGTGTTGTCCATAGT-1,donor2,2
donor2_AGGTGTTTCATTTACC-1,donor2,2
donor2_AGGTGTTTCCGCTAGG-1,donor2,20
donor2_AGGTTACAGCAGGCAT-1,donor2,2
donor2_AGGTTACAGCGTACAG-1,donor2,3
donor2_AGGTTACCACGTACAT-1,donor2,2
donor2_AGGTTACGTAAGGCCA-1,donor2,8
donor2_AGGTTACGTACCGGCT-1,donor2,2
donor2_AGGTTACGTAGGTGCA-1,donor2,3
donor2_AGGTTACGTGCAACGA-1,donor2,12
donor2_AGGTTACGTTATGTCG-1,donor2,17
donor2_AGGTTACGTTCAGGTT-1,donor2,1
donor2_AGGTTACTCTCCTGCA-1,donor2,3
donor2_AGGTTGTAGACCACGA-1,donor2,17
donor2_AGGTTGTAGCATTTCG-1,donor2,18
donor2_AGGTTGTAGTTACGGG-1,donor2,3
donor2_AGGTTGTAGTTCATCG-1,donor2,5
donor2_AGGTTGTCAAATAGCA-1,donor2,2
donor2_AGGTTGTCACTAACCA-1,donor2,2
donor2_AGGTTGTCATAAGATG-1,donor2,15
donor2_AGGTTGTTCATTACCT-1,donor2,3
donor2_AGGTTGTTCCGTGGGT-1,donor2,2
donor2_AGGTTGTTCTACTTCA-1,donor2,18
donor2_AGTAACCAGCGTTCCG-1,donor2,0
donor2_AGTAACCAGGCGAAGG-1,donor2,18
donor2_AGTAACCAGGTGGCTA-1,donor2,1
donor2_AGTAACCCACGATAGG-1,donor2,3
donor2_AGTAACCCACGTCGGT-1,donor2,2
donor2_AGTAACCCACTAAACC-1,donor2,19
donor2_AGTAACCCAGCCTACG-1,donor2,3
donor2_AGTAACCCAGTAGTTC-1,donor2,0
donor2_AGTAACCGTAAGTCAA-1,donor2,4
donor2_AGTAACCGTACGCGTC-1,donor2,8
donor2_AGTAACCGTTCACGAT-1,donor2,8
donor2_AGTAACCTCTACTGAG-1,donor2,3
donor2_AGTAACCTCTCACTCG-1,donor2,3
donor2_AGTACCAAGAAGTATC-1,donor2,6
donor2_AGTACCAAGAGCATCG-1,donor2,18
donor2_AGTACCAAGATAACGT-1,donor2,18
donor2_AGTACCAAGCAATAAC-1,donor2,17
donor2_AGTACCAAGGTATAGT-1,donor2,16
donor2_AGTACCAAGGTGCTAG-1,donor2,18
donor2_AGTACCAAGTGCCAGA-1,donor2,21
donor2_AGTACCAGTGTGGACA-1,donor2,19
donor2_AGTACCATCAAGTCGT-1,donor2,8
donor2_AGTACCATCACGGACC-1,donor2,2
donor2_AGTACCATCGGCTATA-1,donor2,2
donor2_AGTACCATCGTAACCA-1,donor2,18
donor2_AGTACTGAGCAATAAC-1,donor2,2
donor2_AGTACTGAGCGCCTAC-1,donor2,4
donor2_AGTACTGCACAGTACT-1,donor2,19
donor2_AGTACTGCACTTGTCC-1,donor2,8
donor2_AGTACTGCAGCACAGA-1,donor2,17
donor2_AGTACTGGTCGAGATG-1,donor2,2
donor2_AGTACTGGTTCTTAGG-1,donor2,0
donor2_AGTACTGGTTGCATAC-1,donor2,4
donor2_AGTACTGGTTGCGTAT-1,donor2,8
donor2_AGTAGCTAGCATCGAG-1,donor2,3
donor2_AGTAGCTAGCATTTGC-1,donor2,0
donor2_AGTAGCTCAACCAATC-1,donor2,17
donor2_AGTAGCTCAACCGCTG-1,donor2,21
donor2_AGTAGCTCAAGCTCTA-1,donor2,16
donor2_AGTAGCTCACAATGAA-1,donor2,2
donor2_AGTAGCTCAGACAATA-1,donor2,26
donor2_AGTAGCTCATCCCACT-1,donor2,18
donor2_AGTAGCTGTAGGACCA-1,donor2,21
donor2_AGTAGCTGTAGGCAAC-1,donor2,8
donor2_AGTAGCTGTCGTTTCC-1,donor2,3
donor2_AGTAGCTGTTTGATCG-1,donor2,8
donor2_AGTAGCTTCAATCCAG-1,donor2,3
donor2_AGTAGCTTCATCGGGC-1,donor2,2
donor2_AGTAGCTTCCGCGAGT-1,donor2,2
donor2_AGTAGCTTCCGCGGAT-1,donor2,18
donor2_AGTAGCTTCGGTCGGT-1,donor2,2
donor2_AGTAGCTTCTATCCAT-1,donor2,1
donor2_AGTAGTCAGAGCAAGA-1,donor2,21
donor2_AGTAGTCAGTTCCAGT-1,donor2,19
donor2_AGTAGTCCAAGGGTCA-1,donor2,4
donor2_AGTAGTCGTCCTGAAT-1,donor2,12
donor2_AGTAGTCGTTTGCAGT-1,donor2,27
donor2_AGTAGTCTCCACTTCG-1,donor2,15
donor2_AGTAGTCTCTCTGCTG-1,donor2,3
donor2_AGTCAACAGAGGTATT-1,donor2,19
donor2_AGTCAACAGCCGGATA-1,donor2,3
donor2_AGTCAACAGCTAAATG-1,donor2,2
donor2_AGTCAACAGTCTACCA-1,donor2,16
donor2_AGTCAACAGTGGACTG-1,donor2,18
donor2_AGTCAACCAAATGATG-1,donor2,21
donor2_AGTCAACCAGGACGAT-1,donor2,17
donor2_AGTCAACCATACCACA-1,donor2,1
donor2_AGTCAACGTCTACACA-1,donor2,3
donor2_AGTCAACGTGCGAACA-1,donor2,2
donor2_AGTCAACGTGCGTCGT-1,donor2,3
donor2_AGTCAACTCATCGCCT-1,donor2,3
donor2_AGTCAACTCTTACCGC-1,donor2,3
donor2_AGTCACAAGATTGTGA-1,donor2,4
donor2_AGTCACACAAGAAACT-1,donor2,1
donor2_AGTCACACACGAGGTA-1,donor2,8
donor2_AGTCACACAGTCCGTG-1,donor2,8
donor2_AGTCACAGTACAGGTG-1,donor2,20
donor2_AGTCACAGTCGACTGC-1,donor2,2
donor2_AGTCACAGTCGGTACC-1,donor2,3
donor2_AGTCACAGTTGCTTGA-1,donor2,16
donor2_AGTCACATCAATCCAG-1,donor2,0
donor2_AGTCACATCCACGTCT-1,donor2,19
donor2_AGTCACATCGTTACCC-1,donor2,18
donor2_AGTCACATCTGGCCGA-1,donor2,15
donor2_AGTCATGAGCGGTAGT-1,donor2,19
donor2_AGTCATGAGGATATGT-1,donor2,5
donor2_AGTCATGAGTCGCTAT-1,donor2,4
donor2_AGTCATGCAAATGATG-1,donor2,6
donor2_AGTCATGCAACAGCCC-1,donor2,15
donor2_AGTCATGCAGACCCGT-1,donor2,18
donor2_AGTCATGGTAACCAGG-1,donor2,0
donor2_AGTCATGGTAGGAGTC-1,donor2,1
donor2_AGTCATGGTTGGACTT-1,donor2,19
donor2_AGTCATGTCCCTCTAG-1,donor2,18
donor2_AGTCATGTCGATACTG-1,donor2,3
donor2_AGTCATGTCTTCTTCC-1,donor2,6
donor2_AGTCTCCAGCGCGTTC-1,donor2,17
donor2_AGTCTCCCACCACATA-1,donor2,18
donor2_AGTCTCCCAGCGTACC-1,donor2,0
donor2_AGTCTCCGTAGCACGA-1,donor2,18
donor2_AGTCTCCGTGTGTACT-1,donor2,18
donor2_AGTCTCCTCCACGTGG-1,donor2,17
donor2_AGTCTCCTCCCATTTA-1,donor2,6
donor2_AGTCTCCTCCGCAAAT-1,donor2,17
donor2_AGTGACTAGCCAGTAG-1,donor2,19
donor2_AGTGACTAGGCCTTCG-1,donor2,17
donor2_AGTGACTCACGCAAAG-1,donor2,18
donor2_AGTGACTCACTTGTGA-1,donor2,2
donor2_AGTGACTCAGCCTATA-1,donor2,4
donor2_AGTGACTCAGCTTTCC-1,donor2,19
donor2_AGTGACTCATCCAACA-1,donor2,15
donor2_AGTGACTCATGTGCTA-1,donor2,18
donor2_AGTGACTGTTCTAACG-1,donor2,0
donor2_AGTGACTTCAACTGAC-1,donor2,18
donor2_AGTGACTTCAAGCCAT-1,donor2,1
donor2_AGTGACTTCACGTAGT-1,donor2,21
donor2_AGTGACTTCATCTCTA-1,donor2,0
donor2_AGTGATCAGAGGCTGT-1,donor2,17
donor2_AGTGATCAGCAACTTC-1,donor2,2
donor2_AGTGATCAGGAATCGC-1,donor2,17
donor2_AGTGATCAGGAGCTGT-1,donor2,15
donor2_AGTGATCAGGTCCGAA-1,donor2,16
donor2_AGTGATCAGTACCATC-1,donor2,23
donor2_AGTGATCCACAGCCTG-1,donor2,3
donor2_AGTGATCCAGACAAAT-1,donor2,2
donor2_AGTGATCCATTCAGCA-1,donor2,8
donor2_AGTGATCGTAGGTGCA-1,donor2,18
donor2_AGTGATCGTCCATACA-1,donor2,15
donor2_AGTGATCGTCCTGGTG-1,donor2,2
donor2_AGTGATCGTGCCGGTT-1,donor2,21
donor2_AGTGATCGTGGCGCTT-1,donor2,8
donor2_AGTGATCTCGACATCA-1,donor2,8
donor2_AGTGATCTCGGTATGT-1,donor2,16
donor2_AGTGCCGAGCACCGAA-1,donor2,3
donor2_AGTGCCGAGCCAAGCA-1,donor2,2
donor2_AGTGCCGAGGCACAAC-1,donor2,17
donor2_AGTGCCGAGGTAGATT-1,donor2,0
donor2_AGTGCCGAGTTAGTAG-1,donor2,0
donor2_AGTGCCGAGTTCATGC-1,donor2,19
donor2_AGTGCCGCAAAGCAAT-1,donor2,27
donor2_AGTGCCGCAAGTGCAG-1,donor2,3
donor2_AGTGCCGCACAATGCT-1,donor2,1
donor2_AGTGCCGGTACGTACT-1,donor2,19
donor2_AGTGCCGGTATCGGTT-1,donor2,5
donor2_AGTGCCGGTTATTCTC-1,donor2,0
donor2_AGTGCCGGTTCTTCAT-1,donor2,2
donor2_AGTGCCGTCATCCTGC-1,donor2,2
donor2_AGTGCCGTCCTTCTTC-1,donor2,17
donor2_AGTGCCGTCTGCTAGA-1,donor2,19
donor2_AGTGTTGAGAATCTAG-1,donor2,0
donor2_AGTGTTGAGATACCAA-1,donor2,2
donor2_AGTGTTGAGATAGTGT-1,donor2,18
donor2_AGTGTTGAGCGTCAAG-1,donor2,8
donor2_AGTGTTGAGTCGCCAC-1,donor2,0
donor2_AGTGTTGAGTTGCCCG-1,donor2,4
donor2_AGTGTTGCAAGACTGG-1,donor2,4
donor2_AGTGTTGCAAGCACAG-1,donor2,21
donor2_AGTGTTGCACCGAATT-1,donor2,2
donor2_AGTGTTGCACTACCGG-1,donor2,15
donor2_AGTGTTGGTCATGACT-1,donor2,17
donor2_AGTGTTGTCCATTTCA-1,donor2,3
donor2_AGTGTTGTCGCCCAGA-1,donor2,15
donor2_AGTGTTGTCGGCATAT-1,donor2,0
donor2_AGTGTTGTCTCGACCT-1,donor2,2
donor2_AGTTAGCAGGTCGCCT-1,donor2,2
donor2_AGTTAGCAGGTGATCG-1,donor2,15
donor2_AGTTAGCCAACTCGTA-1,donor2,1
donor2_AGTTAGCCAAGTGGGT-1,donor2,2
donor2_AGTTAGCCACATGGTT-1,donor2,3
donor2_AGTTAGCCACCCTTAC-1,donor2,3
donor2_AGTTAGCCAGAACGCA-1,donor2,16
donor2_AGTTAGCCAGAGATTA-1,donor2,0
donor2_AGTTAGCCATGGCCAC-1,donor2,8
donor2_AGTTAGCGTAGTCGGA-1,donor2,4
donor2_AGTTAGCTCAATCGGT-1,donor2,16
donor2_AGTTAGCTCCACAGGC-1,donor2,18
donor2_AGTTAGCTCCTTGAAG-1,donor2,21
donor2_AGTTAGCTCCTTGACC-1,donor2,21
donor2_AGTTCCCAGATTCGCT-1,donor2,19
donor2_AGTTCCCAGCGACATG-1,donor2,19
donor2_AGTTCCCAGGCTAGCA-1,donor2,19
donor2_AGTTCCCAGGGCAGTT-1,donor2,18
donor2_AGTTCCCAGTCAAGCG-1,donor2,17
donor2_AGTTCCCAGTCTCCTC-1,donor2,15
donor2_AGTTCCCCAGCGTGCT-1,donor2,26
donor2_AGTTCCCGTAGTAAGT-1,donor2,19
donor2_AGTTCCCGTATGAAAC-1,donor2,5
donor2_AGTTCCCGTCATGCAT-1,donor2,19
donor2_AGTTCCCGTCGTAATC-1,donor2,3
donor2_AGTTCCCGTGATAGTA-1,donor2,21
donor2_AGTTCCCGTGCACGCT-1,donor2,4
donor2_AGTTCCCGTTGGCTAT-1,donor2,20
donor2_AGTTCGAAGACCAGCA-1,donor2,19
donor2_AGTTCGAAGCTCTTCC-1,donor2,2
donor2_AGTTCGAAGCTGTCCG-1,donor2,2
donor2_AGTTCGAAGGCTAACG-1,donor2,18
donor2_AGTTCGAGTCACCGAC-1,donor2,19
donor2_AGTTCGAGTCATCGCG-1,donor2,21
donor2_AGTTCGAGTCCGAAAG-1,donor2,0
donor2_AGTTCGATCGTGAGAG-1,donor2,19
donor2_AGTTCGATCTCGTCAC-1,donor2,0
donor2_AGTTCGATCTGGAAGG-1,donor2,17
donor2_ATACCGAAGCATCCTA-1,donor2,2
donor2_ATACCGAAGCCGGAAT-1,donor2,15
donor2_ATACCGAAGGAAAGAC-1,donor2,4
donor2_ATACCGAAGTACGAGC-1,donor2,2
donor2_ATACCGACAAAGGAGA-1,donor2,16
donor2_ATACCGACAAGCTGCC-1,donor2,18
donor2_ATACCGACACAAAGTA-1,donor2,21
donor2_ATACCGACACGCTTAA-1,donor2,15
donor2_ATACCGACATCCTCAC-1,donor2,17
donor2_ATACCGACATCGCTAA-1,donor2,21
donor2_ATACCGAGTAGATGTA-1,donor2,18
donor2_ATACCGAGTATGCGTT-1,donor2,15
donor2_ATACCGAGTGGGATTG-1,donor2,15
donor2_ATACCGAGTTCGAAGG-1,donor2,0
donor2_ATACCGATCATAGGCT-1,donor2,3
donor2_ATACCGATCATCCCGT-1,donor2,2
donor2_ATACCGATCATTCTTG-1,donor2,3
donor2_ATACCGATCGAGCTGC-1,donor2,3
donor2_ATACCGATCGCTTTAT-1,donor2,19
donor2_ATACCGATCTAGACAC-1,donor2,6
donor2_ATACCGATCTCTCCGA-1,donor2,4
donor2_ATACCTTAGCAACCAG-1,donor2,2
donor2_ATACCTTAGTAAGACT-1,donor2,16
donor2_ATACCTTCAATCGTCA-1,donor2,17
donor2_ATACCTTCACACCGCA-1,donor2,18
donor2_ATACCTTCATAGTCAC-1,donor2,16
donor2_ATACCTTGTAAGGTCG-1,donor2,0
donor2_ATACCTTGTGAGAACC-1,donor2,19
donor2_ATACCTTTCGGTAGGA-1,donor2,3
donor2_ATACCTTTCTTGTTAC-1,donor2,4
donor2_ATACTTCAGTCACTAC-1,donor2,2
donor2_ATACTTCCAAGATGTA-1,donor2,20
donor2_ATACTTCCACCAGACC-1,donor2,3
donor2_ATACTTCCAGCAATTC-1,donor2,17
donor2_ATACTTCCATGCGTGC-1,donor2,4
donor2_ATACTTCCATGTGACT-1,donor2,3
donor2_ATACTTCGTCAGGAGT-1,donor2,2
donor2_ATACTTCGTCCACAGC-1,donor2,16
donor2_ATACTTCGTGCTTCAA-1,donor2,4
donor2_ATACTTCGTTGTTGTG-1,donor2,8
donor2_ATACTTCTCACCCATC-1,donor2,15
donor2_ATACTTCTCAGCCCAG-1,donor2,2
donor2_ATACTTCTCAGTCATG-1,donor2,0
donor2_ATACTTCTCTCCGAGG-1,donor2,17
donor2_ATAGACCAGATAGGGA-1,donor2,2
donor2_ATAGACCAGGATTCCT-1,donor2,18
donor2_ATAGACCAGGCAGGGA-1,donor2,7
donor2_ATAGACCAGGGCAGAG-1,donor2,8
donor2_ATAGACCAGTCCTGCG-1,donor2,8
donor2_ATAGACCCAATGAAAC-1,donor2,22
donor2_ATAGACCCACCGGTCA-1,donor2,15
donor2_ATAGACCGTAACACGG-1,donor2,17
donor2_ATAGACCGTATCGATC-1,donor2,2
donor2_ATAGACCGTCTAGGTT-1,donor2,12
donor2_ATAGACCGTGAAGCGT-1,donor2,0
donor2_ATAGACCGTTAGGCTT-1,donor2,0
donor2_ATAGACCTCCAGCCTT-1,donor2,4
donor2_ATAGACCTCCCAGCGA-1,donor2,18
donor2_ATAGACCTCTGCCTGT-1,donor2,8
donor2_ATAGAGAAGGGATGTC-1,donor2,2
donor2_ATAGAGAAGGTAAACT-1,donor2,21
donor2_ATAGAGAAGGTATCTC-1,donor2,1
donor2_ATAGAGAAGGTCCAGA-1,donor2,18
donor2_ATAGAGAAGTTGCTCA-1,donor2,19
donor2_ATAGAGACACGATTCA-1,donor2,17
donor2_ATAGAGACACGCACCA-1,donor2,1
donor2_ATAGAGACAGGCTTGC-1,donor2,2
donor2_ATAGAGACATGTCTAG-1,donor2,15
donor2_ATAGAGAGTAATGATG-1,donor2,5
donor2_ATAGAGAGTAGTGCGA-1,donor2,2
donor2_ATAGAGAGTCAGATTC-1,donor2,20
donor2_ATAGAGAGTCTAACTG-1,donor2,3
donor2_ATAGAGATCAGAACCT-1,donor2,0
donor2_ATAGGCTAGCGTTGTT-1,donor2,2
donor2_ATAGGCTAGCTGAAAT-1,donor2,8
donor2_ATAGGCTAGTCTTGGT-1,donor2,15
donor2_ATAGGCTCACATGGTT-1,donor2,2
donor2_ATAGGCTCAGCCGGTT-1,donor2,6
donor2_ATAGGCTCAGCTGAAG-1,donor2,16
donor2_ATAGGCTCAGGGTTGA-1,donor2,4
donor2_ATAGGCTGTGCCTTTC-1,donor2,21
donor2_ATAGGCTTCACTCCGT-1,donor2,3
donor2_ATAGGCTTCAGCACCG-1,donor2,3
donor2_ATAGGCTTCTGGCCGA-1,donor2,19
donor2_ATAGGCTTCTTGGGCG-1,donor2,19
donor2_ATATCCTCACGTGTGC-1,donor2,2
donor2_ATATCCTCACTTCAAG-1,donor2,8
donor2_ATATCCTTCAAGGTGG-1,donor2,8
donor2_ATATCCTTCCACTGAA-1,donor2,19
donor2_ATATCCTTCGACGTCG-1,donor2,5
donor2_ATATCCTTCGTCTACC-1,donor2,2
donor2_ATATCCTTCTTGATTC-1,donor2,4
donor2_ATCACAGAGATGCTAA-1,donor2,3
donor2_ATCACAGAGCAATAGT-1,donor2,17
donor2_ATCACAGAGCACTCGC-1,donor2,1
donor2_ATCACAGCAAATGCTC-1,donor2,19
donor2_ATCACAGCAAGCACCC-1,donor2,0
donor2_ATCACAGCAAGTCCAT-1,donor2,17
donor2_ATCACAGGTAATCAAG-1,donor2,5
donor2_ATCACAGGTGTAGGAC-1,donor2,8
donor2_ATCACAGTCAGTCATG-1,donor2,3
donor2_ATCACAGTCATTGTGG-1,donor2,19
donor2_ATCACAGTCCAGTTCC-1,donor2,3
donor2_ATCACAGTCCATTGCC-1,donor2,18
donor2_ATCACAGTCCTTCTGG-1,donor2,3
donor2_ATCACGAAGCAAATGT-1,donor2,17
donor2_ATCACGAAGCATTTCG-1,donor2,3
donor2_ATCACGAAGTCTAACC-1,donor2,0
donor2_ATCACGACACAAACGG-1,donor2,0
donor2_ATCACGACACAGTGAG-1,donor2,15
donor2_ATCACGACAGCTACAT-1,donor2,0
donor2_ATCACGACAGGTACGA-1,donor2,6
donor2_ATCACGAGTATCGGTT-1,donor2,22
donor2_ATCACGAGTCGATTTG-1,donor2,18
donor2_ATCACGAGTGTTCCTC-1,donor2,1
donor2_ATCACGATCAGCCTCT-1,donor2,16
donor2_ATCACGATCAGGGTAG-1,donor2,18
donor2_ATCACGATCCGTCACT-1,donor2,19
donor2_ATCACGATCCGTGGGT-1,donor2,1
donor2_ATCACGATCGTAGCTA-1,donor2,18
donor2_ATCACGATCTACCCAC-1,donor2,19
donor2_ATCACTTAGACCCGCT-1,donor2,25
donor2_ATCACTTAGGAACGTC-1,donor2,18
donor2_ATCACTTAGGTGCTAG-1,donor2,1
donor2_ATCACTTAGTTCATGC-1,donor2,2
donor2_ATCACTTCAAGCGGAT-1,donor2,17
donor2_ATCACTTCAATGCAGG-1,donor2,27
donor2_ATCACTTCACTCCTTG-1,donor2,8
donor2_ATCACTTCAGCGCTTG-1,donor2,21
donor2_ATCACTTCATGGGTCC-1,donor2,3
donor2_ATCACTTGTAACATGA-1,donor2,2
donor2_ATCACTTGTCTACACA-1,donor2,15
donor2_ATCACTTGTTGAGTCT-1,donor2,0
donor2_ATCACTTTCAGTCACA-1,donor2,15
donor2_ATCACTTTCATTCTTG-1,donor2,19
donor2_ATCACTTTCATTTCGT-1,donor2,16
donor2_ATCACTTTCGACCCAG-1,donor2,2
donor2_ATCAGGTAGCTGGCTC-1,donor2,2
donor2_ATCAGGTAGTAGGTTA-1,donor2,15
donor2_ATCAGGTAGTTGAATG-1,donor2,3
donor2_ATCAGGTAGTTGTCGT-1,donor2,19
donor2_ATCAGGTCAAGGGTCA-1,donor2,19
donor2_ATCAGGTCACCCTAAA-1,donor2,18
donor2_ATCAGGTCACCTCGTT-1,donor2,15
donor2_ATCAGGTCATATTCGG-1,donor2,2
donor2_ATCAGGTCATGCTGCG-1,donor2,2
donor2_ATCAGGTGTCCCTGTT-1,donor2,8
donor2_ATCAGGTGTGACAGGT-1,donor2,12
donor2_ATCAGGTGTGAGTCAG-1,donor2,1
donor2_ATCAGGTTCATTCGGA-1,donor2,24
donor2_ATCAGGTTCGAACTCA-1,donor2,1
donor2_ATCAGGTTCGCCTATC-1,donor2,0
donor2_ATCAGGTTCTCATTAC-1,donor2,19
donor2_ATCATTCAGAGCTTTC-1,donor2,2
donor2_ATCATTCAGGACCCAA-1,donor2,0
donor2_ATCATTCCAAATGGAT-1,donor2,15
donor2_ATCATTCCAACAGCCC-1,donor2,2
donor2_ATCATTCCAAGAGGCT-1,donor2,17
donor2_ATCATTCCAAGTATCC-1,donor2,16
donor2_ATCATTCCAATTGCCA-1,donor2,17
donor2_ATCATTCCATACCATG-1,donor2,16
donor2_ATCATTCCATGAAAGT-1,donor2,6
donor2_ATCATTCGTCTACACA-1,donor2,4
donor2_ATCATTCGTGACCGAA-1,donor2,2
donor2_ATCATTCGTTGGGCCT-1,donor2,25
donor2_ATCATTCTCAAGCCGC-1,donor2,19
donor2_ATCATTCTCCAAACCA-1,donor2,2
donor2_ATCATTCTCCAGCAAT-1,donor2,0
donor2_ATCATTCTCCAGTACA-1,donor2,15
donor2_ATCATTCTCCGAAGGA-1,donor2,8
donor2_ATCATTCTCGGCCAAC-1,donor2,18
donor2_ATCATTCTCTCTGACC-1,donor2,20
donor2_ATCATTCTCTTTGCTA-1,donor2,18
donor2_ATCCACCAGACTAGAT-1,donor2,3
donor2_ATCCACCAGATAGTCA-1,donor2,25
donor2_ATCCACCAGCTTACGT-1,donor2,14
donor2_ATCCACCCAATGTGGG-1,donor2,26
donor2_ATCCACCCACATCCCT-1,donor2,4
donor2_ATCCACCCACCATAAC-1,donor2,2
donor2_ATCCACCCACCGGAAA-1,donor2,4
donor2_ATCCACCCAGGCCCTA-1,donor2,0
donor2_ATCCACCCATTCCTAT-1,donor2,25
donor2_ATCCACCGTAAGGAGA-1,donor2,0
donor2_ATCCACCGTGTTCCAA-1,donor2,8
donor2_ATCCACCGTTTAGACC-1,donor2,15
donor2_ATCCACCTCAAGAGGC-1,donor2,2
donor2_ATCCACCTCACCGGGT-1,donor2,3
donor2_ATCCACCTCGAGATAA-1,donor2,2
donor2_ATCCATTAGCTGCGAA-1,donor2,3
donor2_ATCCATTAGTTGAAGT-1,donor2,19
donor2_ATCCATTCACAAGCTT-1,donor2,17
donor2_ATCCATTCACAATGCT-1,donor2,5
donor2_ATCCATTCACCCAATA-1,donor2,17
donor2_ATCCATTCACGTACAT-1,donor2,16
donor2_ATCCATTCAGAGGGTT-1,donor2,1
donor2_ATCCATTCAGCTGTAT-1,donor2,1
donor2_ATCCATTGTACACGTT-1,donor2,2
donor2_ATCCATTGTCTTCATT-1,donor2,0
donor2_ATCCATTGTGCCAAGA-1,donor2,5
donor2_ATCCATTTCACAAGGG-1,donor2,3
donor2_ATCCATTTCTGTCCGT-1,donor2,2
donor2_ATCCCTGAGCTGAGCA-1,donor2,20
donor2_ATCCCTGCAACGAGGT-1,donor2,4
donor2_ATCCCTGCACTTCCTG-1,donor2,15
donor2_ATCCCTGGTACGCGTC-1,donor2,2
donor2_ATCCCTGGTAGATGTA-1,donor2,3
donor2_ATCCCTGGTATCGTTG-1,donor2,17
donor2_ATCCCTGGTGAGATAT-1,donor2,8
donor2_ATCCCTGGTGGTCTGC-1,donor2,2
donor2_ATCCCTGGTTTCGCTC-1,donor2,27
donor2_ATCCCTGTCATGCTAG-1,donor2,8
donor2_ATCCCTGTCCGTCCTA-1,donor2,1
donor2_ATCCGTCAGCTATCCA-1,donor2,8
donor2_ATCCGTCAGGTGCATG-1,donor2,2
donor2_ATCCGTCCAAGTCATC-1,donor2,2
donor2_ATCCGTCCAGCAGAAC-1,donor2,17
donor2_ATCCGTCCAGTACTAC-1,donor2,17
donor2_ATCCGTCGTAACATAG-1,donor2,4
donor2_ATCCGTCGTAAGATCA-1,donor2,3
donor2_ATCCGTCGTACAGTCT-1,donor2,17
donor2_ATCCGTCGTACTCGCG-1,donor2,8
donor2_ATCCGTCGTCAACCTA-1,donor2,3
donor2_ATCCGTCGTCGCGTCA-1,donor2,17
donor2_ATCCGTCGTCTTGAGT-1,donor2,19
donor2_ATCCGTCGTTAATGAG-1,donor2,18
donor2_ATCCGTCTCATGCTAG-1,donor2,18
donor2_ATCCGTCTCCATTTCA-1,donor2,2
donor2_ATCCGTCTCCCTGGTT-1,donor2,2
donor2_ATCCGTCTCGATTCCC-1,donor2,6
donor2_ATCCGTCTCGGAGATG-1,donor2,18
donor2_ATCCGTCTCTTGCAAG-1,donor2,17
donor2_ATCCTATAGGGCATGT-1,donor2,20
donor2_ATCCTATAGGGTCTTT-1,donor2,5
donor2_ATCCTATAGGTACAGC-1,donor2,2
donor2_ATCCTATAGTACGAGC-1,donor2,8
donor2_ATCCTATAGTGATAGT-1,donor2,8
donor2_ATCCTATCAGAGAATT-1,donor2,3
donor2_ATCCTATGTCGCTTAA-1,donor2,8
donor2_ATCCTATGTGGGCTTC-1,donor2,2
donor2_ATCCTATGTTATAGCC-1,donor2,15
donor2_ATCCTATGTTCAACGT-1,donor2,8
donor2_ATCCTATGTTCTCACC-1,donor2,27
donor2_ATCCTATTCATCACAG-1,donor2,3
donor2_ATCCTATTCATGGCCG-1,donor2,3
donor2_ATCCTATTCCAAGAGG-1,donor2,18
donor2_ATCGATGAGACTTCCA-1,donor2,3
donor2_ATCGATGAGAGCAGTC-1,donor2,3
donor2_ATCGATGAGCGTGTTT-1,donor2,8
donor2_ATCGATGAGGATATGT-1,donor2,17
donor2_ATCGATGAGGTGATCG-1,donor2,17
donor2_ATCGATGAGTCTGGTT-1,donor2,8
donor2_ATCGATGAGTGGAATT-1,donor2,3
donor2_ATCGATGGTAACGCGA-1,donor2,4
donor2_ATCGATGGTCCTGTCT-1,donor2,18
donor2_ATCGATGGTCTCCCTA-1,donor2,1
donor2_ATCGATGGTGCATACT-1,donor2,16
donor2_ATCGATGGTGGATTTC-1,donor2,20
donor2_ATCGATGGTTGTTTGG-1,donor2,8
donor2_ATCGATGGTTTCGTAG-1,donor2,2
donor2_ATCGATGTCAGCTAGT-1,donor2,4
donor2_ATCGATGTCCGCAGTG-1,donor2,4
donor2_ATCGATGTCGGAAGGT-1,donor2,1
donor2_ATCGATGTCGTTCATT-1,donor2,3
donor2_ATCGATGTCTCCGATC-1,donor2,3
donor2_ATCGATGTCTCGACGG-1,donor2,2
donor2_ATCGCCTAGCCACCGT-1,donor2,15
donor2_ATCGCCTAGGTAAGTT-1,donor2,0
donor2_ATCGCCTCAAATGGCG-1,donor2,4
donor2_ATCGCCTCAACTGAAA-1,donor2,0
donor2_ATCGCCTCACAAATGA-1,donor2,3
donor2_ATCGCCTCACTCCCTA-1,donor2,3
donor2_ATCGCCTGTAGTTCCA-1,donor2,19
donor2_ATCGCCTGTGTGGACA-1,donor2,17
donor2_ATCGCCTTCACTAGCA-1,donor2,21
donor2_ATCGCCTTCAGAACCT-1,donor2,21
donor2_ATCGCCTTCCATACAG-1,donor2,2
donor2_ATCGCCTTCTGGCCAG-1,donor2,15
donor2_ATCGGATAGAAGGGAT-1,donor2,2
donor2_ATCGGATAGCCTCTCT-1,donor2,3
donor2_ATCGGATAGGTAACTA-1,donor2,18
donor2_ATCGGATCAAATAGCA-1,donor2,2
donor2_ATCGGATCACGATAGG-1,donor2,16
donor2_ATCGGATCATACCAGT-1,donor2,2
donor2_ATCGGATCATCCTCAC-1,donor2,3
donor2_ATCGGATGTCATCACA-1,donor2,5
donor2_ATCGGATGTGCCTTTC-1,donor2,6
donor2_ATCGGATGTGTAGCAG-1,donor2,17
donor2_ATCGGATGTTATGGTC-1,donor2,2
donor2_ATCGGATGTTGCGAAG-1,donor2,3
donor2_ATCGGATTCAGCTGTA-1,donor2,17
donor2_ATCGGATTCGCATTAG-1,donor2,3
donor2_ATCGGATTCTCGACGG-1,donor2,0
donor2_ATCGGCGAGGGAGGGT-1,donor2,18
donor2_ATCGGCGAGTCCGCGT-1,donor2,15
donor2_ATCGGCGAGTGCTACT-1,donor2,18
donor2_ATCGGCGAGTTTGCTG-1,donor2,18
donor2_ATCGGCGCAACAGTGG-1,donor2,15
donor2_ATCGGCGCACCAGACC-1,donor2,16
donor2_ATCGGCGCAGGACATG-1,donor2,17
donor2_ATCGGCGGTAAGGCTG-1,donor2,19
donor2_ATCGGCGGTCCAGCAC-1,donor2,17
donor2_ATCGGCGTCAGTGGGA-1,donor2,0
donor2_ATCGGCGTCAGTGTGT-1,donor2,22
donor2_ATCGGCGTCCCATACC-1,donor2,8
donor2_ATCGGCGTCCGTACGG-1,donor2,3
donor2_ATCGTAGAGCTAGAGC-1,donor2,2
donor2_ATCGTAGAGGCTTAGG-1,donor2,21
donor2_ATCGTAGCAAGCGCTC-1,donor2,18
donor2_ATCGTAGCACACCTAA-1,donor2,8
donor2_ATCGTAGCAGGTCTCG-1,donor2,3
donor2_ATCGTAGGTCATATGC-1,donor2,2
donor2_ATCGTAGGTCGCTTGG-1,donor2,2
donor2_ATCGTAGGTGCATACT-1,donor2,17
donor2_ATCGTAGTCAACACCA-1,donor2,4
donor2_ATCGTAGTCCTAGCTC-1,donor2,8
donor2_ATCGTAGTCGGAGATG-1,donor2,8
donor2_ATCGTAGTCGTGCAGC-1,donor2,3
donor2_ATCGTAGTCTTAGGAC-1,donor2,2
donor2_ATCGTCCAGGGCAGTT-1,donor2,15
donor2_ATCGTCCCAATTCTCT-1,donor2,15
donor2_ATCGTCCCACCATATG-1,donor2,19
donor2_ATCGTCCCAGTAACGG-1,donor2,2
donor2_ATCGTCCCAGTAGAGC-1,donor2,4
donor2_ATCGTCCCAGTTCTAG-1,donor2,18
donor2_ATCGTCCCATCCAATG-1,donor2,4
donor2_ATCGTCCGTGAGGAAA-1,donor2,16
donor2_ATCGTCCGTTTCTTAC-1,donor2,15
donor2_ATCGTCCTCAAGTCGT-1,donor2,19
donor2_ATCGTCCTCCCATACC-1,donor2,0
donor2_ATCGTCCTCGAAACAA-1,donor2,2
donor2_ATCGTGAAGAGTACCG-1,donor2,17
donor2_ATCGTGAAGATGAACT-1,donor2,21
donor2_ATCGTGAAGGTCACCC-1,donor2,2
donor2_ATCGTGACAACAGTGG-1,donor2,19
donor2_ATCGTGACACCAGCGT-1,donor2,3
donor2_ATCGTGACACCAGCTG-1,donor2,21
donor2_ATCGTGACACGCGTGT-1,donor2,8
donor2_ATCGTGACACTGCATA-1,donor2,19
donor2_ATCGTGAGTCCTCATC-1,donor2,21
donor2_ATCGTGATCATCGACA-1,donor2,1
donor2_ATCGTGATCTGGACCG-1,donor2,19
donor2_ATCTCTAAGATAACGT-1,donor2,21
donor2_ATCTCTACAACCAGAG-1,donor2,1
donor2_ATCTCTACAAGCACCC-1,donor2,16
donor2_ATCTCTACAGAGGAAA-1,donor2,1
donor2_ATCTCTACATCATGAC-1,donor2,15
donor2_ATCTCTACATGACCCG-1,donor2,2
donor2_ATCTCTAGTACTTGTG-1,donor2,17
donor2_ATCTCTAGTCACTCGG-1,donor2,0
donor2_ATCTCTAGTCTAATCG-1,donor2,2
donor2_ATCTCTATCACTGTTT-1,donor2,4
donor2_ATCTCTATCATTGAGC-1,donor2,2
donor2_ATCTCTATCATTGCCC-1,donor2,18
donor2_ATCTTCAAGGGCCAAT-1,donor2,2
donor2_ATCTTCAAGGTGAGAA-1,donor2,3
donor2_ATCTTCAAGTTAGTGA-1,donor2,0
donor2_ATCTTCAAGTTTGAGA-1,donor2,21
donor2_ATCTTCACAAAGACTA-1,donor2,16
donor2_ATCTTCACACAACATC-1,donor2,17
donor2_ATCTTCACACGCAAAG-1,donor2,19
donor2_ATCTTCACAGGTTACT-1,donor2,8
donor2_ATCTTCACATCCTTGC-1,donor2,3
donor2_ATCTTCAGTAGGTTTC-1,donor2,8
donor2_ATCTTCAGTATTTCCT-1,donor2,17
donor2_ATCTTCATCATAGCAC-1,donor2,3
donor2_ATCTTCATCATGGAGG-1,donor2,3
donor2_ATCTTCATCATTATCC-1,donor2,16
donor2_ATCTTCATCCGTAGTA-1,donor2,17
donor2_ATCTTCATCGAATCCA-1,donor2,0
donor2_ATGAAAGAGATGCCGA-1,donor2,21
donor2_ATGAAAGAGCATCGAG-1,donor2,19
donor2_ATGAAAGAGGTGCGAT-1,donor2,4
donor2_ATGAAAGAGGTTCTTG-1,donor2,3
donor2_ATGAAAGAGTTCTCTT-1,donor2,2
donor2_ATGAAAGCAAATACAG-1,donor2,12
donor2_ATGAAAGCAACTCCCT-1,donor2,1
donor2_ATGAAAGCAGACGCTC-1,donor2,17
donor2_ATGAAAGCATCCTCAC-1,donor2,0
donor2_ATGAAAGGTCCAATCA-1,donor2,2
donor2_ATGAAAGGTGGTCAAG-1,donor2,1
donor2_ATGAAAGGTTGAGTCT-1,donor2,18
donor2_ATGAAAGTCCGATGCG-1,donor2,5
donor2_ATGAAAGTCGGTCAGC-1,donor2,17
donor2_ATGAAAGTCTAAGAAG-1,donor2,17
donor2_ATGACCAAGACAACAT-1,donor2,2
donor2_ATGACCAAGAGTCGAC-1,donor2,16
donor2_ATGACCAAGCTATCTG-1,donor2,17
donor2_ATGACCAAGGAAGAAC-1,donor2,21
donor2_ATGACCACAACTCCAA-1,donor2,12
donor2_ATGACCACAGCTTCCT-1,donor2,0
donor2_ATGACCACAGTGACCC-1,donor2,17
donor2_ATGACCAGTCCAGTTA-1,donor2,3
donor2_ATGACCAGTGACTATC-1,donor2,8
donor2_ATGACCAGTGCCCAGT-1,donor2,3
donor2_ATGACCATCAAACCTG-1,donor2,3
donor2_ATGACCATCAAGGCTT-1,donor2,2
donor2_ATGACCATCACCACAA-1,donor2,3
donor2_ATGACCATCATATGGC-1,donor2,18
donor2_ATGACCATCGGCACTG-1,donor2,17
donor2_ATGACCATCTTGCGCT-1,donor2,24
donor2_ATGACCATCTTGGATG-1,donor2,18
donor2_ATGAGGGAGACCATGG-1,donor2,12
donor2_ATGAGGGCACCAGACC-1,donor2,17
donor2_ATGAGGGCACTGAATC-1,donor2,1
donor2_ATGAGGGCAGCTCGGT-1,donor2,17
donor2_ATGAGGGGTGAGGAAA-1,donor2,2
donor2_ATGAGGGGTGGAAGTC-1,donor2,21
donor2_ATGAGGGGTGGGACAT-1,donor2,17
donor2_ATGAGGGGTTCGGCTG-1,donor2,4
donor2_ATGAGGGGTTCTAAGC-1,donor2,0
donor2_ATGAGGGTCGCGTAGC-1,donor2,17
donor2_ATGAGTCAGAGTCGAC-1,donor2,18
donor2_ATGAGTCAGGCTTCCG-1,donor2,27
donor2_ATGAGTCAGGTGAGAA-1,donor2,18
donor2_ATGAGTCAGGTTCACT-1,donor2,5
donor2_ATGAGTCAGTTACGAA-1,donor2,17
donor2_ATGAGTCAGTTGCCTA-1,donor2,2
donor2_ATGAGTCCAAACACGG-1,donor2,18
donor2_ATGAGTCCATCATCCC-1,donor2,18
donor2_ATGAGTCCATCGGATT-1,donor2,2
donor2_ATGAGTCCATTGCCTC-1,donor2,0
donor2_ATGAGTCGTAGGAAAG-1,donor2,16
donor2_ATGAGTCGTGCGACAA-1,donor2,1
donor2_ATGAGTCTCACCGACG-1,donor2,4
donor2_ATGAGTCTCCATTTGT-1,donor2,2
donor2_ATGAGTCTCGCATGAT-1,donor2,21
donor2_ATGAGTCTCGGTAGAG-1,donor2,3
donor2_ATGAGTCTCTGCCCTA-1,donor2,8
donor2_ATGAGTCTCTGCTTAT-1,donor2,1
donor2_ATGATCGAGATTAGCA-1,donor2,2
donor2_ATGATCGAGGGAGGCA-1,donor2,16
donor2_ATGATCGCACCCAAGC-1,donor2,1
donor2_ATGATCGCACTTACAG-1,donor2,21
donor2_ATGATCGGTCACGACC-1,donor2,19
donor2_ATGATCGGTCTGTGTA-1,donor2,3
donor2_ATGATCGTCATCGCTC-1,donor2,3
donor2_ATGATCGTCGCCTATC-1,donor2,18
donor2_ATGCATGCACCAGGTC-1,donor2,19
donor2_ATGCATGCAGAGAGGG-1,donor2,3
donor2_ATGCATGGTGGAACCA-1,donor2,2
donor2_ATGCATGTCACTTTGT-1,donor2,15
donor2_ATGCATGTCCCTATTA-1,donor2,16
donor2_ATGCATGTCTTCGGTC-1,donor2,15
donor2_ATGCCTCAGTGCAGCA-1,donor2,3
donor2_ATGCCTCCAAGCGAAC-1,donor2,16
donor2_ATGCCTCCACCAGCGT-1,donor2,0
donor2_ATGCCTCCACGACAGA-1,donor2,15
donor2_ATGCCTCCACTGAGTT-1,donor2,21
donor2_ATGCCTCCATCTGTTT-1,donor2,17
donor2_ATGCCTCGTAGACGTG-1,donor2,18
donor2_ATGCCTCGTGGACCAA-1,donor2,21
donor2_ATGCCTCGTGGCGCTT-1,donor2,16
donor2_ATGCCTCGTGTGTGGA-1,donor2,3
donor2_ATGCCTCGTTCAGCTA-1,donor2,16
donor2_ATGCCTCGTTGCTCCT-1,donor2,20
donor2_ATGCCTCGTTGTGGAG-1,donor2,4
donor2_ATGCCTCTCGGCATAT-1,donor2,3
donor2_ATGCCTCTCGTAACTG-1,donor2,0
donor2_ATGCCTCTCGTCGCTT-1,donor2,8
donor2_ATGCCTCTCGTTCTCG-1,donor2,19
donor2_ATGCCTCTCTCCGAGG-1,donor2,1
donor2_ATGCGATAGACATGCG-1,donor2,2
donor2_ATGCGATAGGGCTGAT-1,donor2,19
donor2_ATGCGATAGGTTCATC-1,donor2,18
donor2_ATGCGATAGGTTGAGC-1,donor2,16
donor2_ATGCGATCACGTTCGG-1,donor2,21
donor2_ATGCGATGTATACCTG-1,donor2,21
donor2_ATGCGATGTGAATGAT-1,donor2,3
donor2_ATGCGATGTGATTGGG-1,donor2,3
donor2_ATGCGATGTGTACATC-1,donor2,3
donor2_ATGCGATGTTGTTGCA-1,donor2,4
donor2_ATGCGATGTTTGTTGG-1,donor2,19
donor2_ATGCGATTCGGTCTAA-1,donor2,4
donor2_ATGCGATTCTATACTC-1,donor2,1
donor2_ATGCGATTCTGCATGA-1,donor2,0
donor2_ATGGAGGAGAAACCCG-1,donor2,0
donor2_ATGGAGGAGATGGGCT-1,donor2,2
donor2_ATGGAGGAGCAACCAG-1,donor2,15
donor2_ATGGAGGAGTACCATC-1,donor2,18
donor2_ATGGAGGCAAATAGCA-1,donor2,19
donor2_ATGGAGGCAAGTGGAC-1,donor2,2
donor2_ATGGAGGGTACCTTCC-1,donor2,2
donor2_ATGGAGGTCATCGCCT-1,donor2,2
donor2_ATGGAGGTCTCTGGTC-1,donor2,3
donor2_ATGGAGGTCTGTAACG-1,donor2,17
donor2_ATGGAGGTCTGTAAGC-1,donor2,20
donor2_ATGGATCAGCGAGGAG-1,donor2,19
donor2_ATGGATCAGGATTTAG-1,donor2,5
donor2_ATGGATCCACGAGGTA-1,donor2,20
donor2_ATGGATCCATGGGCAA-1,donor2,8
donor2_ATGGATCCATTATGCG-1,donor2,3
donor2_ATGGATCGTGAAGCTG-1,donor2,12
donor2_ATGGATCGTGAGGCAT-1,donor2,1
donor2_ATGGATCGTGTCCAAT-1,donor2,6
donor2_ATGGATCGTGTTACAC-1,donor2,5
donor2_ATGGATCGTTATAGAG-1,donor2,17
donor2_ATGGATCGTTGATCGT-1,donor2,3
donor2_ATGGATCTCAAACCCA-1,donor2,17
donor2_ATGGATCTCCGACGGT-1,donor2,19
donor2_ATGGATCTCCGTAGGC-1,donor2,24
donor2_ATGGATCTCGCACGAC-1,donor2,20
donor2_ATGGATCTCGCATTGA-1,donor2,19
donor2_ATGGATCTCGCGTTTC-1,donor2,18
donor2_ATGGGAGAGAGGCCAT-1,donor2,18
donor2_ATGGGAGAGCTGACCC-1,donor2,19
donor2_ATGGGAGAGGTTGTTC-1,donor2,17
donor2_ATGGGAGCAACGCATT-1,donor2,4
donor2_ATGGGAGGTATGGAAT-1,donor2,21
donor2_ATGGGAGGTCACAGAG-1,donor2,26
donor2_ATGGGAGGTCGATTAC-1,donor2,18
donor2_ATGGGAGGTCTACGTA-1,donor2,0
donor2_ATGGGAGGTGGGTCAA-1,donor2,1
donor2_ATGGGAGGTGTCCCTT-1,donor2,19
donor2_ATGGGAGTCCGATGTA-1,donor2,3
donor2_ATGGGAGTCGAAGGAC-1,donor2,17
donor2_ATGGGAGTCGACCCAG-1,donor2,18
donor2_ATGGGTTAGCAACTTC-1,donor2,17
donor2_ATGGGTTAGGGAGGGT-1,donor2,6
donor2_ATGGGTTAGGTGAGAA-1,donor2,2
donor2_ATGGGTTCAATCTAGC-1,donor2,15
donor2_ATGGGTTCACAGAGAC-1,donor2,8
donor2_ATGGGTTCACGGTCTG-1,donor2,0
donor2_ATGGGTTCAGGTGGAT-1,donor2,4
donor2_ATGGGTTCATTACGGT-1,donor2,0
donor2_ATGGGTTGTCAGGTAG-1,donor2,8
donor2_ATGGGTTGTTATAGAG-1,donor2,12
donor2_ATGGGTTGTTTCACAG-1,donor2,15
donor2_ATGGGTTTCTCGCGTT-1,donor2,1
donor2_ATGGTTGAGCAACTTC-1,donor2,21
donor2_ATGGTTGAGCGTGAGT-1,donor2,18
donor2_ATGGTTGAGGCTTAGG-1,donor2,15
donor2_ATGGTTGAGGTACCTT-1,donor2,19
donor2_ATGGTTGAGTATCTGC-1,donor2,1
donor2_ATGGTTGAGTGACACG-1,donor2,1
donor2_ATGGTTGAGTTGCCCG-1,donor2,17
donor2_ATGGTTGCAACCGCCA-1,donor2,2
donor2_ATGGTTGCACACGTGC-1,donor2,17
donor2_ATGGTTGCAGAGAATT-1,donor2,3
donor2_ATGGTTGCAGTAGAGC-1,donor2,22
donor2_ATGGTTGGTCCACAGC-1,donor2,15
donor2_ATGGTTGGTCGATTAC-1,donor2,8
donor2_ATGGTTGGTGATGGCA-1,donor2,2
donor2_ATGGTTGGTGTAAACA-1,donor2,2
donor2_ATGGTTGGTGTACATC-1,donor2,12
donor2_ATGGTTGGTGTTTACG-1,donor2,15
donor2_ATGGTTGGTTCCGGTG-1,donor2,2
donor2_ATGGTTGGTTTGGGAG-1,donor2,18
donor2_ATGGTTGTCACCACAA-1,donor2,21
donor2_ATGGTTGTCGAGCCAC-1,donor2,0
donor2_ATGGTTGTCGCAGAGA-1,donor2,17
donor2_ATGGTTGTCGCCAGAC-1,donor2,15
donor2_ATGTCCCAGATTGAGT-1,donor2,18
donor2_ATGTCCCAGCAGTCTT-1,donor2,15
donor2_ATGTCCCAGCCTGAGA-1,donor2,16
donor2_ATGTCCCAGGAAAGAC-1,donor2,17
donor2_ATGTCCCAGGGCAATC-1,donor2,5
donor2_ATGTCCCCAGGAGGTT-1,donor2,1
donor2_ATGTCCCCATGACTCA-1,donor2,27
donor2_ATGTCCCGTAACACGG-1,donor2,19
donor2_ATGTCCCGTAGACAGC-1,donor2,18
donor2_ATGTCCCGTGTCATCA-1,donor2,4
donor2_ATGTCCCTCCGTGACG-1,donor2,19
donor2_ATGTCCCTCGCGTCGA-1,donor2,18
donor2_ATGTCCCTCGGCATAT-1,donor2,5
donor2_ATGTCTTAGCAGTACG-1,donor2,2
donor2_ATGTCTTAGCTGACAG-1,donor2,4
donor2_ATGTCTTAGGTAGATT-1,donor2,8
donor2_ATGTCTTAGGTGCTAG-1,donor2,1
donor2_ATGTCTTCACATGGTT-1,donor2,4
donor2_ATGTCTTCACATTACG-1,donor2,3
donor2_ATGTCTTCATACATCG-1,donor2,18
donor2_ATGTCTTCATAGGAGC-1,donor2,4
donor2_ATGTCTTCATCCGTGG-1,donor2,18
donor2_ATGTCTTCATGGAGAC-1,donor2,19
donor2_ATGTCTTCATGGCACC-1,donor2,2
donor2_ATGTCTTGTGGCAACA-1,donor2,2
donor2_ATGTCTTGTTGGGTTT-1,donor2,2
donor2_ATGTCTTTCCATACAG-1,donor2,7
donor2_ATGTCTTTCCTATGGA-1,donor2,20
donor2_ATGTCTTTCCTTATCA-1,donor2,3
donor2_ATGTCTTTCGGAAACG-1,donor2,8
donor2_ATTACCTAGAGTCACG-1,donor2,5
donor2_ATTACCTAGCGGTAGT-1,donor2,17
donor2_ATTACCTCAACCACGC-1,donor2,3
donor2_ATTACCTCAGAGACTG-1,donor2,4
donor2_ATTACCTCATTGAGCT-1,donor2,21
donor2_ATTACCTGTATCTCGA-1,donor2,2
donor2_ATTACCTTCACTCTTA-1,donor2,8
donor2_ATTACCTTCATCACAG-1,donor2,18
donor2_ATTACCTTCCGTGTCT-1,donor2,0
donor2_ATTACCTTCGCCGAAC-1,donor2,3
donor2_ATTACCTTCTCAGAAC-1,donor2,2
donor2_ATTACCTTCTCATGGA-1,donor2,4
donor2_ATTACCTTCTTTACAC-1,donor2,19
donor2_ATTACTCAGACGAGCT-1,donor2,5
donor2_ATTACTCAGCAAATGT-1,donor2,2
donor2_ATTACTCAGCTGGCTC-1,donor2,3
donor2_ATTACTCCAAAGCTAA-1,donor2,27
donor2_ATTACTCCAACCCTAA-1,donor2,0
donor2_ATTACTCCAATAAGGT-1,donor2,19
donor2_ATTACTCCACCACTGG-1,donor2,18
donor2_ATTACTCCACGCTTAA-1,donor2,18
donor2_ATTACTCCACTGTCGG-1,donor2,20
donor2_ATTACTCGTGTAACGG-1,donor2,19
donor2_ATTATCCAGAGATGCC-1,donor2,24
donor2_ATTATCCAGGAGATAG-1,donor2,19
donor2_ATTATCCAGTAGAGTT-1,donor2,18
donor2_ATTATCCCACGCACCA-1,donor2,2
donor2_ATTATCCCAGTACTAC-1,donor2,21
donor2_ATTATCCCATGGCTGC-1,donor2,15
donor2_ATTATCCCATTCTCTA-1,donor2,19
donor2_ATTATCCGTATAGGGC-1,donor2,1
donor2_ATTATCCGTCGGAACA-1,donor2,0
donor2_ATTATCCGTGCCTGCA-1,donor2,5
donor2_ATTATCCGTTCAATCG-1,donor2,18
donor2_ATTATCCTCGGACTTA-1,donor2,22
donor2_ATTATCCTCTTTCAGT-1,donor2,18
donor2_ATTCACTAGAGGATCC-1,donor2,17
donor2_ATTCACTAGCTAGTTC-1,donor2,21
donor2_ATTCACTAGCTCACTA-1,donor2,3
donor2_ATTCACTAGCTCTGTA-1,donor2,15
donor2_ATTCACTAGGTTAGTA-1,donor2,8
donor2_ATTCACTCAAACACCT-1,donor2,4
donor2_ATTCACTCAGACCATT-1,donor2,3
donor2_ATTCACTCAGAGACTG-1,donor2,15
donor2_ATTCACTCAGCGAACA-1,donor2,20
donor2_ATTCACTCAGTAGTGG-1,donor2,17
donor2_ATTCACTCATTCTCCG-1,donor2,6
donor2_ATTCACTGTCCTGGTG-1,donor2,2
donor2_ATTCACTGTGGGAGAG-1,donor2,8
donor2_ATTCACTTCGTAGCTA-1,donor2,0
donor2_ATTCACTTCGTGCACG-1,donor2,18
donor2_ATTCAGGAGAGATGCC-1,donor2,2
donor2_ATTCAGGAGATGGCAC-1,donor2,18
donor2_ATTCAGGAGCCTCACG-1,donor2,8
donor2_ATTCAGGAGGCTAGCA-1,donor2,21
donor2_ATTCAGGAGTCACTAC-1,donor2,19
donor2_ATTCAGGCACCCTATC-1,donor2,26
donor2_ATTCAGGCACGTTGGC-1,donor2,2
donor2_ATTCAGGCAGAGCTAG-1,donor2,17
donor2_ATTCAGGCAGTAACGG-1,donor2,20
donor2_ATTCAGGCATCATCCC-1,donor2,18
donor2_ATTCAGGGTACTGGGA-1,donor2,4
donor2_ATTCAGGGTATCGCAT-1,donor2,2
donor2_ATTCAGGGTGTGTTTG-1,donor2,3
donor2_ATTCAGGGTTCGATTG-1,donor2,17
donor2_ATTCAGGTCGCAGTGC-1,donor2,1
donor2_ATTCATCAGACACACG-1,donor2,3
donor2_ATTCATCAGCGAAACC-1,donor2,8
donor2_ATTCATCAGGGCGAAG-1,donor2,0
donor2_ATTCATCCAATCACGT-1,donor2,8
donor2_ATTCATCGTAACATCC-1,donor2,19
donor2_ATTCATCGTCGAGCTC-1,donor2,19
donor2_ATTCATCGTGTGTGTT-1,donor2,3
donor2_ATTCATCGTGTTAAAG-1,donor2,17
donor2_ATTCATCTCAGCTGAT-1,donor2,4
donor2_ATTCATCTCGCTAGCG-1,donor2,18
donor2_ATTCATCTCGGTCAGC-1,donor2,8
donor2_ATTCATCTCTCGAACA-1,donor2,19
donor2_ATTCATCTCTGCCCTA-1,donor2,17
donor2_ATTCCATAGAGTCACG-1,donor2,17
donor2_ATTCCATAGCAAGCCA-1,donor2,0
donor2_ATTCCATAGGTAAGTT-1,donor2,20
donor2_ATTCCATCACACCTTC-1,donor2,2
donor2_ATTCCATCATAGCACT-1,donor2,4
donor2_ATTCCATGTACCCGCA-1,donor2,17
donor2_ATTCCATGTCGTTATG-1,donor2,5
donor2_ATTCCATGTCGTTCAA-1,donor2,6
donor2_ATTCCATTCACCCTCA-1,donor2,21
donor2_ATTCCATTCATCTGTT-1,donor2,19
donor2_ATTCCATTCCGCTTAC-1,donor2,8
donor2_ATTCCATTCGGACTTA-1,donor2,17
donor2_ATTCCATTCGGAGATG-1,donor2,4
donor2_ATTCCATTCTTCGGAA-1,donor2,1
donor2_ATTCCCGAGCGATGAC-1,donor2,2
donor2_ATTCCCGAGGATTACA-1,donor2,20
donor2_ATTCCCGAGGTTAAAC-1,donor2,19
donor2_ATTCCCGAGTGCGCTC-1,donor2,2
donor2_ATTCCCGCACGGTGTC-1,donor2,17
donor2_ATTCCCGCAGTTCCAA-1,donor2,17
donor2_ATTCCCGCATGACTGT-1,donor2,17
donor2_ATTCCCGGTCCATACA-1,donor2,22
donor2_ATTCCCGGTTCAAGTC-1,donor2,4
donor2_ATTCCCGGTTGTTTGG-1,donor2,17
donor2_ATTCCCGTCACCATGA-1,donor2,15
donor2_ATTCCCGTCACCTGTC-1,donor2,17
donor2_ATTCCCGTCATACAGC-1,donor2,19
donor2_ATTCCCGTCATTCTTG-1,donor2,17
donor2_ATTCCCGTCCGCATAA-1,donor2,16
donor2_ATTCCCGTCCTATGGA-1,donor2,19
donor2_ATTCCCGTCGACCCAG-1,donor2,17
donor2_ATTCCCGTCTTAGGAC-1,donor2,4
donor2_ATTCCTAAGACGACGT-1,donor2,15
donor2_ATTCCTAAGCTGGAGT-1,donor2,0
donor2_ATTCCTAAGGAGATAG-1,donor2,5
donor2_ATTCCTACAACGGGTA-1,donor2,18
donor2_ATTCCTACACACGGAA-1,donor2,8
donor2_ATTCCTACACGCGTCA-1,donor2,15
donor2_ATTCCTACAGACCATT-1,donor2,19
donor2_ATTCCTACAGGACGAT-1,donor2,17
donor2_ATTCCTACAGTAGAGC-1,donor2,6
donor2_ATTCCTACAGTCTCTC-1,donor2,0
donor2_ATTCCTAGTACCACGC-1,donor2,19
donor2_ATTCCTAGTAGAGCTG-1,donor2,0
donor2_ATTCCTAGTCATTGCA-1,donor2,17
donor2_ATTCCTAGTGGGTTGA-1,donor2,17
donor2_ATTCCTATCACTCCGT-1,donor2,4
donor2_ATTCCTATCCCTCATG-1,donor2,20
donor2_ATTCCTATCTCATAGG-1,donor2,4
donor2_ATTCGTTAGAGTAACT-1,donor2,21
donor2_ATTCGTTAGCATCCCG-1,donor2,19
donor2_ATTCGTTCAATTGTGC-1,donor2,16
donor2_ATTCGTTCACCTGCGA-1,donor2,19
donor2_ATTCGTTCAGCACAAG-1,donor2,3
donor2_ATTCGTTCAGCTACAT-1,donor2,8
donor2_ATTCGTTCATATCTCT-1,donor2,18
donor2_ATTCGTTCATGGCACC-1,donor2,20
donor2_ATTCGTTCATGGCCCA-1,donor2,2
donor2_ATTCGTTGTTGTTGAC-1,donor2,3
donor2_ATTCGTTTCCGATAGT-1,donor2,4
donor2_ATTCGTTTCCTCTTTC-1,donor2,15
donor2_ATTCGTTTCGGACCAC-1,donor2,8
donor2_ATTCTACAGAAGCCTG-1,donor2,2
donor2_ATTCTACAGCAACAAT-1,donor2,20
donor2_ATTCTACAGCGCAATG-1,donor2,19
donor2_ATTCTACAGGGAGGAC-1,donor2,22
donor2_ATTCTACAGTGCGTCC-1,donor2,8
donor2_ATTCTACCAAGGACAC-1,donor2,15
donor2_ATTCTACCACAAGTTC-1,donor2,2
donor2_ATTCTACGTATCGTAC-1,donor2,0
donor2_ATTCTACGTCTTTATC-1,donor2,2
donor2_ATTCTACGTTAGCTAC-1,donor2,4
donor2_ATTCTACGTTTGACAC-1,donor2,12
donor2_ATTCTACTCAAGTCGT-1,donor2,17
donor2_ATTCTACTCATTTACC-1,donor2,24
donor2_ATTCTACTCCGATCTC-1,donor2,6
donor2_ATTCTACTCGCTAATG-1,donor2,18
donor2_ATTCTACTCTGTAAGC-1,donor2,16
donor2_ATTCTTGAGACCACGA-1,donor2,21
donor2_ATTCTTGAGCTATCCA-1,donor2,17
donor2_ATTCTTGCACATATCG-1,donor2,17
donor2_ATTCTTGCACCCAATA-1,donor2,2
donor2_ATTCTTGCACTACCGG-1,donor2,17
donor2_ATTCTTGCATCCGAAT-1,donor2,17
donor2_ATTCTTGCATCGTGGC-1,donor2,18
donor2_ATTCTTGGTGATCGTT-1,donor2,3
donor2_ATTCTTGGTGTTCAGT-1,donor2,16
donor2_ATTCTTGGTTCGGGTC-1,donor2,2
donor2_ATTCTTGGTTGACGGA-1,donor2,5
donor2_ATTCTTGTCCCGAATA-1,donor2,18
donor2_ATTCTTGTCTAGACAC-1,donor2,15
donor2_ATTGGGTAGAGGATGA-1,donor2,17
donor2_ATTGGGTAGCACCAGA-1,donor2,2
donor2_ATTGGGTAGCTCGACC-1,donor2,4
donor2_ATTGGGTAGGCACGAT-1,donor2,16
donor2_ATTGGGTAGGTTGGAC-1,donor2,0
donor2_ATTGGGTAGTAGCCAG-1,donor2,4
donor2_ATTGGGTGTCTAATCG-1,donor2,18
donor2_ATTGGGTGTCTGTTAG-1,donor2,19
donor2_ATTGGGTGTTGCTCCT-1,donor2,15
donor2_ATTGGGTTCAATGCAC-1,donor2,2
donor2_ATTGGGTTCCTCACTG-1,donor2,17
donor2_ATTGGGTTCCTCAGAA-1,donor2,21
donor2_ATTGGGTTCTATCCAT-1,donor2,4
donor2_ATTGGGTTCTGCCCTA-1,donor2,8
donor2_ATTGTTCAGAACGCGT-1,donor2,0
donor2_ATTGTTCAGCCGATAG-1,donor2,6
donor2_ATTGTTCAGGCATCAG-1,donor2,6
donor2_ATTGTTCAGTTGCTGT-1,donor2,18
donor2_ATTGTTCCAACGTTAC-1,donor2,3
donor2_ATTGTTCCACATAGCT-1,donor2,18
donor2_ATTGTTCCAGTAGAAT-1,donor2,17
donor2_ATTGTTCCATCCGAGC-1,donor2,4
donor2_ATTGTTCGTGCATTTG-1,donor2,2
donor2_ATTGTTCGTTCCTAAG-1,donor2,3
donor2_ATTGTTCTCACACCCT-1,donor2,2
donor2_ATTGTTCTCCCTTCCC-1,donor2,17
donor2_ATTGTTCTCTGAATCG-1,donor2,18
donor2_ATTTACCCAACCGTAT-1,donor2,1
donor2_ATTTACCCAACGTTAC-1,donor2,19
donor2_ATTTACCCACAACATC-1,donor2,4
donor2_ATTTACCCACTCGATA-1,donor2,2
donor2_ATTTACCCAGTCAGTT-1,donor2,0
donor2_ATTTACCCATCGATCA-1,donor2,1
donor2_ATTTACCCATTCTCCG-1,donor2,6
donor2_ATTTACCGTATGAGCG-1,donor2,5
donor2_ATTTACCGTGCCTTTC-1,donor2,15
donor2_ATTTACCTCGAGCCAC-1,donor2,6
donor2_ATTTACCTCTCGAGTA-1,donor2,4
donor2_ATTTACCTCTGGGCGT-1,donor2,19
donor2_ATTTCACAGACATCAA-1,donor2,16
donor2_ATTTCACAGATGGCGT-1,donor2,4
donor2_ATTTCACAGTACGTCT-1,donor2,5
donor2_ATTTCACAGTATTGCC-1,donor2,3
donor2_ATTTCACAGTCCCGAC-1,donor2,19
donor2_ATTTCACCAATAGGGC-1,donor2,5
donor2_ATTTCACCACAACGAG-1,donor2,5
donor2_ATTTCACCACCTGTCT-1,donor2,19
donor2_ATTTCACCACGCTTAA-1,donor2,3
donor2_ATTTCACCATCACCAA-1,donor2,21
donor2_ATTTCACGTAAGCGGT-1,donor2,1
donor2_ATTTCACGTAGTCTTG-1,donor2,15
donor2_ATTTCACGTCACTTAG-1,donor2,0
donor2_ATTTCACGTTCCACGG-1,donor2,3
donor2_ATTTCACTCAAGGCTT-1,donor2,1
donor2_ATTTCACTCATTGGTG-1,donor2,1
donor2_ATTTCACTCCGAGATT-1,donor2,17
donor2_ATTTCACTCCTTATCA-1,donor2,0
donor2_ATTTCACTCTCTAGGA-1,donor2,16
donor2_ATTTCTGAGAAAGCGA-1,donor2,2
donor2_ATTTCTGAGACTCAAA-1,donor2,22
donor2_ATTTCTGAGATTGACA-1,donor2,8
donor2_ATTTCTGAGGACGCAT-1,donor2,4
donor2_ATTTCTGAGGTAAACT-1,donor2,8
donor2_ATTTCTGAGGTAGTCG-1,donor2,4
donor2_ATTTCTGCAACTGCCG-1,donor2,6
donor2_ATTTCTGCAAGCTGTT-1,donor2,12
donor2_ATTTCTGCACGATTCA-1,donor2,27
donor2_ATTTCTGCAGCTTCGG-1,donor2,18
donor2_ATTTCTGCATCTAGAC-1,donor2,5
donor2_ATTTCTGGTCAGTCGC-1,donor2,3
donor2_ATTTCTGGTGTCCCTT-1,donor2,21
donor2_ATTTCTGTCAGTCAGT-1,donor2,18
donor2_ATTTCTGTCCTTCTGG-1,donor2,18
donor2_ATTTCTGTCGCCCAGA-1,donor2,16
donor2_CAAAGAAAGACATCCT-1,donor2,0
donor2_CAAAGAAAGTAACCTC-1,donor2,0
donor2_CAAAGAACACCGGCTA-1,donor2,0
donor2_CAAAGAACACGGCGTT-1,donor2,18
donor2_CAAAGAACACGGTAGA-1,donor2,1
donor2_CAAAGAACAGAGTTGG-1,donor2,18
donor2_CAAAGAACAGGGAGAG-1,donor2,21
donor2_CAAAGAAGTACAAGTA-1,donor2,6
donor2_CAAAGAAGTCCTTGTC-1,donor2,3
donor2_CAAAGAATCATTGGTG-1,donor2,3
donor2_CAAAGAATCCTTTAGT-1,donor2,21
donor2_CAAAGAATCGGCTGTG-1,donor2,8
donor2_CAAAGAATCTGACGCG-1,donor2,16
donor2_CAACAACAGACGAGCT-1,donor2,19
donor2_CAACAACAGCAGCGAT-1,donor2,8
donor2_CAACAACAGCAGTAAT-1,donor2,2
donor2_CAACAACAGTACGAGC-1,donor2,8
donor2_CAACAACAGTCTCTGA-1,donor2,18
donor2_CAACAACCACCGCTGA-1,donor2,8
donor2_CAACAACCACGGCGTT-1,donor2,17
donor2_CAACAACGTCCTGTTC-1,donor2,19
donor2_CAACAACGTCGCCTAG-1,donor2,27
donor2_CAACAACGTTCTCCCA-1,donor2,18
donor2_CAACAACTCAAATGCC-1,donor2,2
donor2_CAACAACTCAACCTTT-1,donor2,21
donor2_CAACAACTCACTTGTT-1,donor2,11
donor2_CAACAACTCCTACGAA-1,donor2,1
donor2_CAACAACTCCTTCAGC-1,donor2,2
donor2_CAACAGTAGACGACTG-1,donor2,2
donor2_CAACAGTAGATGGGCT-1,donor2,4
donor2_CAACAGTAGTACCCTA-1,donor2,2
donor2_CAACAGTCAAGACCGA-1,donor2,18
donor2_CAACAGTCACAGACGA-1,donor2,8
donor2_CAACAGTCACGTCGGT-1,donor2,19
donor2_CAACAGTCACTCCACT-1,donor2,15
donor2_CAACAGTCAGCTATTG-1,donor2,16
donor2_CAACAGTCATAACGGG-1,donor2,21
donor2_CAACAGTGTAGGAGTC-1,donor2,1
donor2_CAACAGTGTGGACAGT-1,donor2,17
donor2_CAACAGTGTTCAAAGA-1,donor2,3
donor2_CAACAGTTCACTCCGT-1,donor2,0
donor2_CAACAGTTCAGCTGAT-1,donor2,3
donor2_CAACAGTTCCTCTGCA-1,donor2,17
donor2_CAACAGTTCGATCCAA-1,donor2,20
donor2_CAACAGTTCTCAACGA-1,donor2,2
donor2_CAACAGTTCTCGTTTA-1,donor2,17
donor2_CAACCAAAGAGTAACT-1,donor2,2
donor2_CAACCAAAGCGACCCT-1,donor2,3
donor2_CAACCAAAGGGTGGGA-1,donor2,8
donor2_CAACCAACAACTGATC-1,donor2,15
donor2_CAACCAACAAGTATAG-1,donor2,12
donor2_CAACCAACAATATCCG-1,donor2,7
donor2_CAACCAAGTCACATTG-1,donor2,2
donor2_CAACCAAGTCTCACAA-1,donor2,1
donor2_CAACCAAGTGCCTATA-1,donor2,4
donor2_CAACCAATCAACTGGT-1,donor2,3
donor2_CAACCAATCTAACGCA-1,donor2,1
donor2_CAACCAATCTTCCCAG-1,donor2,15
donor2_CAACCTCAGGCATCGA-1,donor2,2
donor2_CAACCTCAGGGATGTC-1,donor2,3
donor2_CAACCTCAGGGCCTCT-1,donor2,21
donor2_CAACCTCAGGTAGCCA-1,donor2,17
donor2_CAACCTCCACACCAGC-1,donor2,2
donor2_CAACCTCCAGGCACAA-1,donor2,3
donor2_CAACCTCGTCTGCATA-1,donor2,2
donor2_CAACCTCGTGTGTCGC-1,donor2,21
donor2_CAACCTCGTGTTAAAG-1,donor2,2
donor2_CAACCTCTCCGTTTCG-1,donor2,6
donor2_CAACCTCTCCTAGCGG-1,donor2,2
donor2_CAACCTCTCCTGGCTT-1,donor2,17
donor2_CAACCTCTCGAAGGAC-1,donor2,8
donor2_CAACCTCTCGATGCTA-1,donor2,19
donor2_CAACCTCTCTTCGGAA-1,donor2,0
donor2_CAACGATAGTAACCTC-1,donor2,15
donor2_CAACGATCAAATCCCA-1,donor2,2
donor2_CAACGATCAAGAGATT-1,donor2,0
donor2_CAACGATCAATAGTAG-1,donor2,20
donor2_CAACGATCACTCTGCT-1,donor2,18
donor2_CAACGATCAGTATTCG-1,donor2,15
donor2_CAACGATCAGTGTACT-1,donor2,8
donor2_CAACGATCATCCAATG-1,donor2,18
donor2_CAACGATCATCGGAGA-1,donor2,17
donor2_CAACGATGTAGTAAGT-1,donor2,4
donor2_CAACGATGTCGCGGTT-1,donor2,3
donor2_CAACGATGTCTTAGTG-1,donor2,0
donor2_CAACGATGTGGCTTGC-1,donor2,18
donor2_CAACGATGTGTCCGGT-1,donor2,0
donor2_CAACGATTCTCTATAC-1,donor2,16
donor2_CAACGGCCACACCGCA-1,donor2,6
donor2_CAACGGCCACTGCACG-1,donor2,0
donor2_CAACGGCCATTCTCTA-1,donor2,18
donor2_CAACGGCGTGATCATC-1,donor2,18
donor2_CAAGACTAGCAAATGT-1,donor2,3
donor2_CAAGACTAGCGTTACT-1,donor2,15
donor2_CAAGACTAGGTGAGCT-1,donor2,1
donor2_CAAGACTAGTCAGGGT-1,donor2,3
donor2_CAAGACTCAAGCAGGT-1,donor2,17
donor2_CAAGACTCAGATTAAG-1,donor2,5
donor2_CAAGACTCATGTGGTT-1,donor2,0
donor2_CAAGACTGTCTGTTAG-1,donor2,17
donor2_CAAGACTGTTAGAAAC-1,donor2,17
donor2_CAAGACTTCAGCGTCG-1,donor2,21
donor2_CAAGACTTCCCAGGCA-1,donor2,4
donor2_CAAGACTTCGTCAGAT-1,donor2,8
donor2_CAAGAGGAGACTCTAC-1,donor2,18
donor2_CAAGAGGAGGATACGC-1,donor2,3
donor2_CAAGAGGAGTAACGAT-1,donor2,0
donor2_CAAGAGGAGTCGCGAA-1,donor2,3
donor2_CAAGAGGCAGGATGAC-1,donor2,8
donor2_CAAGAGGGTATCACGT-1,donor2,16
donor2_CAAGAGGGTCAAGCGA-1,donor2,21
donor2_CAAGAGGGTCACCGCA-1,donor2,15
donor2_CAAGAGGGTTCTCTCG-1,donor2,2
donor2_CAAGAGGTCAGCGCAC-1,donor2,2
donor2_CAAGAGGTCATAGAGA-1,donor2,18
donor2_CAAGAGGTCATCAGTG-1,donor2,1
donor2_CAAGAGGTCCCATGGG-1,donor2,3
donor2_CAAGAGGTCTGACAGT-1,donor2,21
donor2_CAAGCTACACCCTGAG-1,donor2,15
donor2_CAAGCTACAGGCGATA-1,donor2,3
donor2_CAAGCTAGTCGCGGTT-1,donor2,2
donor2_CAAGCTAGTGCAGTGA-1,donor2,15
donor2_CAAGCTAGTGCGGCTT-1,donor2,2
donor2_CAAGCTAGTTCTTGCC-1,donor2,19
donor2_CAAGCTATCATAGGCT-1,donor2,21
donor2_CAAGCTATCATGAGTC-1,donor2,2
donor2_CAAGCTATCCAAGGGA-1,donor2,4
donor2_CAAGCTATCCTCAGAA-1,donor2,3
donor2_CAAGCTATCCTCCACA-1,donor2,2
donor2_CAAGCTATCGAGTGAG-1,donor2,19
donor2_CAAGCTATCTCTGAGA-1,donor2,7
donor2_CAAGGGACACAGTACT-1,donor2,17
donor2_CAAGGGACAGGATGAC-1,donor2,8
donor2_CAAGGGAGTAGGTAGC-1,donor2,17
donor2_CAAGGGAGTTGGGCCT-1,donor2,18
donor2_CAAGGGAGTTGGGTTT-1,donor2,1
donor2_CAAGGGATCACCTGTC-1,donor2,0
donor2_CAAGGGATCAGCATTG-1,donor2,15
donor2_CAAGGGATCATCGGGC-1,donor2,0
donor2_CAAGGGATCGATGCAT-1,donor2,2
donor2_CAAGGGATCGGCATAT-1,donor2,8
donor2_CAATACGAGCACCAGA-1,donor2,16
donor2_CAATACGAGGACAGTC-1,donor2,18
donor2_CAATACGCAAATGCTC-1,donor2,26
donor2_CAATACGCAATTCTCT-1,donor2,5
donor2_CAATACGCAGAGTTGG-1,donor2,22
donor2_CAATACGCAGGCTACC-1,donor2,21
donor2_CAATACGCATATAGCC-1,donor2,1
donor2_CAATACGGTCGTGATT-1,donor2,3
donor2_CAATACGGTCTACGTA-1,donor2,2
donor2_CAATACGGTCTTACAG-1,donor2,16
donor2_CAATACGGTGGTAACG-1,donor2,16
donor2_CAATACGTCCACTGAA-1,donor2,18
donor2_CAATACGTCCTGTAGA-1,donor2,27
donor2_CAATACGTCGTCCTTG-1,donor2,3
donor2_CAATCGAAGACCCTTA-1,donor2,2
donor2_CAATCGAAGCTCGACC-1,donor2,17
donor2_CAATCGACACAGACGA-1,donor2,1
donor2_CAATCGAGTATCGCAT-1,donor2,2
donor2_CAATCGATCTGTGCAA-1,donor2,2
donor2_CAATCGATCTTTGCAT-1,donor2,21
donor2_CAATGACAGCCGGAAT-1,donor2,19
donor2_CAATGACAGCCTCACG-1,donor2,3
donor2_CAATGACAGGAACGCT-1,donor2,2
donor2_CAATGACAGTATGTAG-1,donor2,17
donor2_CAATGACCACGGCACT-1,donor2,25
donor2_CAATGACGTCTACACA-1,donor2,2
donor2_CAATGACGTGCTGCAC-1,donor2,16
donor2_CAATGACTCAGTCATG-1,donor2,2
donor2_CAATGACTCATGCATG-1,donor2,18
donor2_CAATGACTCCCATAAG-1,donor2,0
donor2_CAATGACTCTTCACGC-1,donor2,15
donor2_CAATTTCAGCCATTTG-1,donor2,6
donor2_CAATTTCAGCTTTCCC-1,donor2,17
donor2_CAATTTCAGGAAGTGA-1,donor2,8
donor2_CAATTTCAGGTCATTC-1,donor2,17
donor2_CAATTTCAGGTTCAGG-1,donor2,18
donor2_CAATTTCCAACGAGGT-1,donor2,18
donor2_CAATTTCCAATGAGCG-1,donor2,3
donor2_CAATTTCCATTCAGCA-1,donor2,19
donor2_CAATTTCGTAAGGAGA-1,donor2,15
donor2_CAATTTCGTATGGAGC-1,donor2,3
donor2_CAATTTCGTCTCAGAT-1,donor2,19
donor2_CAATTTCTCCGTAGTA-1,donor2,17
donor2_CAATTTCTCCTCTCTT-1,donor2,18
donor2_CAATTTCTCGAACCTA-1,donor2,15
donor2_CAATTTCTCGCCGAGT-1,donor2,16
donor2_CAATTTCTCGGAGTGA-1,donor2,21
donor2_CAATTTCTCTCCGATC-1,donor2,2
donor2_CAATTTCTCTCGGGAC-1,donor2,17
donor2_CACAACAAGCTAGAAT-1,donor2,15
donor2_CACAACAAGTATGAAC-1,donor2,21
donor2_CACAACACAGAGTTGG-1,donor2,8
donor2_CACAACACATACAGAA-1,donor2,0
donor2_CACAACAGTCCTGGTG-1,donor2,17
donor2_CACAACATCACGATCA-1,donor2,2
donor2_CACAACATCCTAGCCT-1,donor2,2
donor2_CACAACATCCTCGCAT-1,donor2,22
donor2_CACAACATCTGACGCG-1,donor2,18
donor2_CACACAAAGAAACCAT-1,donor2,1
donor2_CACACAAAGACCCGCT-1,donor2,8
donor2_CACACAAAGCAGGTCA-1,donor2,26
donor2_CACACAAAGGGAGGAC-1,donor2,4
donor2_CACACAACAACCCTCT-1,donor2,18
donor2_CACACAACAACTCATG-1,donor2,1
donor2_CACACAACAGTGGGTA-1,donor2,8
donor2_CACACAACATACTGAC-1,donor2,19
donor2_CACACAAGTACCCGAC-1,donor2,3
donor2_CACACAAGTCTCAAGT-1,donor2,0
donor2_CACACAAGTCTTTCTA-1,donor2,8
donor2_CACACAAGTTAAGAAC-1,donor2,0
donor2_CACACAATCATCTATC-1,donor2,16
donor2_CACACAATCGTTCCTG-1,donor2,17
donor2_CACAGATAGAAGCGAA-1,donor2,2
donor2_CACAGATAGACCAGAC-1,donor2,3
donor2_CACAGATAGCGTGCTC-1,donor2,20
donor2_CACAGATAGGCCACCT-1,donor2,8
donor2_CACAGATAGTCGGCAA-1,donor2,8
donor2_CACAGATCAACCACAT-1,donor2,19
donor2_CACAGATCACAACGTT-1,donor2,2
donor2_CACAGATCAGATTTCG-1,donor2,17
donor2_CACAGATCAGCTGTGC-1,donor2,16
donor2_CACAGATCAGTCTCTC-1,donor2,21
donor2_CACAGATGTAAGGCCA-1,donor2,17
donor2_CACAGATGTGGACAGT-1,donor2,0
donor2_CACAGATGTTCGCGTG-1,donor2,2
donor2_CACAGATGTTTCTATC-1,donor2,8
donor2_CACAGATTCACTGCTC-1,donor2,19
donor2_CACAGATTCACTTGTT-1,donor2,2
donor2_CACAGATTCATCAGTG-1,donor2,17
donor2_CACAGATTCCAGCTCT-1,donor2,21
donor2_CACAGGCCAAACTCGT-1,donor2,0
donor2_CACAGGCCAGGAAGTC-1,donor2,19
donor2_CACAGGCGTTGCGTAT-1,donor2,4
donor2_CACAGGCGTTTCGCTC-1,donor2,2
donor2_CACAGGCTCAGTCCGG-1,donor2,17
donor2_CACAGGCTCATCCTAT-1,donor2,26
donor2_CACAGGCTCGATTGGT-1,donor2,19
donor2_CACAGGCTCTGTCGTC-1,donor2,15
donor2_CACAGGCTCTTGTGCC-1,donor2,19
donor2_CACATGAAGAATCGCG-1,donor2,3
donor2_CACATGAAGGCCGCTT-1,donor2,15
donor2_CACATGAAGGTAAACT-1,donor2,17
donor2_CACATGAAGGTTCTAC-1,donor2,21
donor2_CACATGAAGTGTAGAT-1,donor2,18
donor2_CACATGACAACAACAA-1,donor2,15
donor2_CACATGACACACGTGC-1,donor2,2
donor2_CACATGACACTAAACC-1,donor2,16
donor2_CACATGACACTTCTCG-1,donor2,3
donor2_CACATGACAGTCCGTG-1,donor2,21
donor2_CACATGACATCCGAGC-1,donor2,3
donor2_CACATGACATGGGATG-1,donor2,2
donor2_CACATGACATTAAAGG-1,donor2,19
donor2_CACATGAGTAAGCAAT-1,donor2,15
donor2_CACATGAGTACTTGTG-1,donor2,4
donor2_CACATGATCGATACTG-1,donor2,17
donor2_CACATGATCGTCTAAG-1,donor2,27
donor2_CACATGATCTCGCTCA-1,donor2,18
donor2_CACATGATCTGTCCGT-1,donor2,19
donor2_CACCAAAAGAACCCGA-1,donor2,21
donor2_CACCAAAAGCGCCGTT-1,donor2,21
donor2_CACCAAAAGCTCACTA-1,donor2,20
donor2_CACCAAAAGTGCACTT-1,donor2,19
donor2_CACCAAACAACCACGC-1,donor2,4
donor2_CACCAAAGTATCTTCT-1,donor2,1
donor2_CACCAAAGTGGGATTG-1,donor2,17
donor2_CACCAAAGTTCCTACC-1,donor2,8
donor2_CACCAAAGTTTCTTAC-1,donor2,4
donor2_CACCAAATCGATTGGT-1,donor2,12
donor2_CACCGTTAGGTAGCCA-1,donor2,19
donor2_CACCGTTAGTCAATCC-1,donor2,19
donor2_CACCGTTCAAATGAGT-1,donor2,5
donor2_CACCGTTCACCCAATA-1,donor2,3
donor2_CACCGTTCATTGACTG-1,donor2,21
donor2_CACCGTTGTACCCACG-1,donor2,3
donor2_CACCGTTGTAGTGCGA-1,donor2,2
donor2_CACCGTTGTAGTGGCA-1,donor2,2
donor2_CACCGTTGTAGTGTGG-1,donor2,17
donor2_CACCGTTGTATGCTAC-1,donor2,6
donor2_CACCGTTGTCCCTAAA-1,donor2,8
donor2_CACCGTTGTCGTATTG-1,donor2,6
donor2_CACCGTTGTTACAGCT-1,donor2,0
donor2_CACCGTTTCAAACGTC-1,donor2,15
donor2_CACCGTTTCATGCGGC-1,donor2,2
donor2_CACCGTTTCGTAGTCA-1,donor2,2
donor2_CACCGTTTCTGTCCCA-1,donor2,15
donor2_CACGAATAGAGGTTTA-1,donor2,2
donor2_CACGAATAGCCAGAGT-1,donor2,22
donor2_CACGAATAGCCATTGT-1,donor2,1
donor2_CACGAATAGGTTCTAC-1,donor2,3
donor2_CACGAATCAACTCCAA-1,donor2,0
donor2_CACGAATCAAGATGTA-1,donor2,2
donor2_CACGAATCAATGTTGC-1,donor2,3
donor2_CACGAATCAATTGCAC-1,donor2,22
donor2_CACGAATCACATTGTG-1,donor2,2
donor2_CACGAATCACCTTCCA-1,donor2,20
donor2_CACGAATCACCTTCGT-1,donor2,3
donor2_CACGAATGTACGGTTT-1,donor2,6
donor2_CACGAATGTCGTCATA-1,donor2,3
donor2_CACGAATGTGACAGGT-1,donor2,5
donor2_CACGAATGTTAGTTCG-1,donor2,15
donor2_CACGAATGTTGGATCT-1,donor2,19
donor2_CACGAATTCAGCTGTA-1,donor2,2
donor2_CACGAATTCATTCCTA-1,donor2,8
donor2_CACGAATTCCGAGGCT-1,donor2,24
donor2_CACGAATTCGTGGCGT-1,donor2,1
donor2_CACGAATTCTCTCTTC-1,donor2,3
donor2_CACGGGTAGCATGCAG-1,donor2,26
donor2_CACGGGTAGGTCCCTG-1,donor2,6
donor2_CACGGGTAGTAAGAGG-1,donor2,22
donor2_CACGGGTAGTACGAGC-1,donor2,4
donor2_CACGGGTCACCGTGAC-1,donor2,17
donor2_CACGGGTCAGCACCCA-1,donor2,16
donor2_CACGGGTGTCCAGCGT-1,donor2,2
donor2_CACGGGTGTCCCAAAT-1,donor2,18
donor2_CACGGGTGTTCAGTAC-1,donor2,21
donor2_CACGGGTGTTTGTGGT-1,donor2,17
donor2_CACGGGTTCAGGACGA-1,donor2,19
donor2_CACGGGTTCCCTGGTT-1,donor2,20
donor2_CACGGGTTCTGCCTGT-1,donor2,18
donor2_CACGTGGAGATGAATC-1,donor2,27
donor2_CACGTGGAGCGAACTG-1,donor2,2
donor2_CACGTGGAGCTTTGTG-1,donor2,5
donor2_CACGTGGCATAGAAAC-1,donor2,3
donor2_CACGTGGGTCTCGACG-1,donor2,4
donor2_CACGTGGGTTTACCTT-1,donor2,3
donor2_CACGTGGTCAAATGAG-1,donor2,27
donor2_CACGTGGTCATTCACT-1,donor2,3
donor2_CACGTGGTCGCAGTGC-1,donor2,12
donor2_CACGTGGTCTGATGGT-1,donor2,18
donor2_CACGTTCAGCGCAATG-1,donor2,3
donor2_CACGTTCAGTCAATCC-1,donor2,21
donor2_CACGTTCAGTCCCGAC-1,donor2,8
donor2_CACGTTCCAAGCTGCC-1,donor2,0
donor2_CACGTTCCACACACTA-1,donor2,17
donor2_CACGTTCCAGACGCTC-1,donor2,20
donor2_CACGTTCCAGTCAGCC-1,donor2,4
donor2_CACGTTCCATAGCACT-1,donor2,2
donor2_CACGTTCCATGTTCGA-1,donor2,17
donor2_CACGTTCCATTGTGCA-1,donor2,12
donor2_CACGTTCGTATTAAGG-1,donor2,17
donor2_CACGTTCGTCTTCAAG-1,donor2,2
donor2_CACGTTCGTGGAGGTT-1,donor2,19
donor2_CACGTTCGTGTTAAAG-1,donor2,17
donor2_CACGTTCGTTTGACAC-1,donor2,8
donor2_CACGTTCTCAAGCCTA-1,donor2,17
donor2_CACGTTCTCATCAGTG-1,donor2,18
donor2_CACGTTCTCTCCCATG-1,donor2,27
donor2_CACTAAGAGACGAGCT-1,donor2,2
donor2_CACTAAGAGCTGAGCA-1,donor2,12
donor2_CACTAAGAGGAAAGTG-1,donor2,3
donor2_CACTAAGAGGCTCTAT-1,donor2,4
donor2_CACTAAGCAAATACAG-1,donor2,2
donor2_CACTAAGCAATCACGT-1,donor2,3
donor2_CACTAAGCACAATTCG-1,donor2,3
donor2_CACTAAGCACCCTGTT-1,donor2,21
donor2_CACTAAGCACTACCCT-1,donor2,15
donor2_CACTAAGCATACTGAC-1,donor2,19
donor2_CACTAAGCATGGCACC-1,donor2,21
donor2_CACTAAGGTAACCCTA-1,donor2,17
donor2_CACTAAGGTATCGTAC-1,donor2,0
donor2_CACTAAGGTATGCAAA-1,donor2,2
donor2_CACTAAGGTCATGGCC-1,donor2,3
donor2_CACTAAGTCACCCTTG-1,donor2,26
donor2_CACTAAGTCCTAACAG-1,donor2,15
donor2_CACTAAGTCGAGAGCA-1,donor2,15
donor2_CACTAAGTCGTGGACC-1,donor2,18
donor2_CACTAAGTCGTGGCTG-1,donor2,8
donor2_CACTAAGTCTGGTCAA-1,donor2,2
donor2_CACTGAAAGCACCCAC-1,donor2,21
donor2_CACTGAAAGGCCTTCG-1,donor2,3
donor2_CACTGAAAGGCGTCCT-1,donor2,1
donor2_CACTGAAAGGGAGGGT-1,donor2,4
donor2_CACTGAAAGTAAACAC-1,donor2,26
donor2_CACTGAAAGTGACACG-1,donor2,19
donor2_CACTGAAAGTGGACTG-1,donor2,4
donor2_CACTGAAAGTTCATCG-1,donor2,3
donor2_CACTGAACACAAATGA-1,donor2,1
donor2_CACTGAACACGGATCC-1,donor2,2
donor2_CACTGAACATAATGAG-1,donor2,2
donor2_CACTGAACATAGTCGT-1,donor2,16
donor2_CACTGAACATGTAACC-1,donor2,15
donor2_CACTGAAGTACTGCGC-1,donor2,3
donor2_CACTGAAGTCACGACC-1,donor2,4
donor2_CACTGAAGTCACTTCC-1,donor2,2
donor2_CACTGAAGTGTAGCAG-1,donor2,4
donor2_CACTGAAGTTCGATTG-1,donor2,2
donor2_CACTGAAGTTTAGAGA-1,donor2,17
donor2_CACTGAAGTTTCTTAC-1,donor2,5
donor2_CACTGAATCATACGAC-1,donor2,12
donor2_CACTGAATCCATGCAA-1,donor2,24
donor2_CACTGAATCCGTATGA-1,donor2,15
donor2_CACTGAATCGGACTGC-1,donor2,19
donor2_CACTGAATCGGTGTTA-1,donor2,8
donor2_CACTGAATCTGCGTCT-1,donor2,18
donor2_CACTGGGAGAGGCGTT-1,donor2,17
donor2_CACTGGGAGCAAATGT-1,donor2,7
donor2_CACTGGGAGGTTGGTG-1,donor2,18
donor2_CACTGGGAGTCTGCGC-1,donor2,3
donor2_CACTGGGAGTTCTCTT-1,donor2,1
donor2_CACTGGGCAATGGGTG-1,donor2,4
donor2_CACTGGGCATACTGAC-1,donor2,21
donor2_CACTGGGGTAAGTTAG-1,donor2,26
donor2_CACTGGGGTACTCGCG-1,donor2,17
donor2_CACTGGGGTCGCACGT-1,donor2,2
donor2_CACTGGGGTCGCTTAA-1,donor2,3
donor2_CACTGGGTCACTCCGT-1,donor2,19
donor2_CACTGTCAGGTATAGT-1,donor2,18
donor2_CACTGTCAGTCTGCAT-1,donor2,2
donor2_CACTGTCCAAGTGGAC-1,donor2,16
donor2_CACTGTCCAGAAGTTA-1,donor2,6
donor2_CACTGTCCAGGTGTGA-1,donor2,12
donor2_CACTGTCCATGACAAA-1,donor2,12
donor2_CACTGTCGTATACGGG-1,donor2,16
donor2_CACTGTCGTGGAGAAA-1,donor2,4
donor2_CACTGTCGTGTCCGGT-1,donor2,0
donor2_CACTGTCGTGTGTTTG-1,donor2,8
donor2_CACTGTCTCATTTGGG-1,donor2,15
donor2_CACTGTCTCCACTTTA-1,donor2,19
donor2_CACTGTCTCGGACGTC-1,donor2,18
donor2_CACTGTCTCGTAGGAG-1,donor2,4
donor2_CACTTCGAGAACAAGG-1,donor2,2
donor2_CACTTCGAGCGACTAG-1,donor2,17
donor2_CACTTCGAGGAGGTTC-1,donor2,17
donor2_CACTTCGAGGTACAAT-1,donor2,3
donor2_CACTTCGAGGTCGCCT-1,donor2,8
donor2_CACTTCGAGGTGCCTC-1,donor2,21
donor2_CACTTCGCAACAAGTA-1,donor2,2
donor2_CACTTCGCAGATAAAC-1,donor2,0
donor2_CACTTCGGTCCATAGT-1,donor2,6
donor2_CACTTCGGTGAGATAT-1,donor2,19
donor2_CACTTCGGTGTTGATC-1,donor2,2
donor2_CACTTCGGTTCAAAGA-1,donor2,4
donor2_CACTTCGTCTGAGTCA-1,donor2,3
donor2_CAGAGCCAGACATCAA-1,donor2,18
donor2_CAGAGCCAGAGAAGGT-1,donor2,2
donor2_CAGAGCCAGATTGACA-1,donor2,15
donor2_CAGAGCCAGCCGCACT-1,donor2,19
donor2_CAGAGCCAGCCTCACG-1,donor2,17
donor2_CAGAGCCAGCTGTACT-1,donor2,1
donor2_CAGAGCCAGGTCTTTG-1,donor2,2
donor2_CAGAGCCAGGTTCTTG-1,donor2,3
donor2_CAGAGCCAGTAGCATA-1,donor2,2
donor2_CAGAGCCAGTTCATGC-1,donor2,2
donor2_CAGAGCCCACTTCAAG-1,donor2,15
donor2_CAGAGCCCAGAGACTG-1,donor2,3
donor2_CAGAGCCCAGCCCACA-1,donor2,15
donor2_CAGAGCCCAGGTTCAT-1,donor2,4
donor2_CAGAGCCGTATCAGCT-1,donor2,21
donor2_CAGAGCCGTCACGCTG-1,donor2,1
donor2_CAGAGCCGTGACAACG-1,donor2,3
donor2_CAGAGCCTCAAGGTGG-1,donor2,4
donor2_CAGAGCCTCACACCCT-1,donor2,18
donor2_CAGAGCCTCGTCCATC-1,donor2,18
donor2_CAGAGCCTCTAAGGAA-1,donor2,15
donor2_CAGAGCCTCTGTAACG-1,donor2,16
donor2_CAGATACAGAAGTCCG-1,donor2,19
donor2_CAGATACAGACCGCCT-1,donor2,15
donor2_CAGATACAGCCTCCAG-1,donor2,0
donor2_CAGATACCAAGTCCCG-1,donor2,18
donor2_CAGATACCAGAGCTAG-1,donor2,2
donor2_CAGATACCAGCTTCCT-1,donor2,2
donor2_CAGATACTCCAACCAA-1,donor2,1
donor2_CAGATACTCCGTGTCT-1,donor2,11
donor2_CAGATACTCGAGTCCG-1,donor2,18
donor2_CAGATACTCGCGTGCA-1,donor2,3
donor2_CAGATCAAGAGCCCAA-1,donor2,4
donor2_CAGATCAAGCGTGAGT-1,donor2,19
donor2_CAGATCAAGTCTGGTT-1,donor2,22
donor2_CAGATCAAGTTCCATG-1,donor2,1
donor2_CAGATCAAGTTGCCCG-1,donor2,19
donor2_CAGATCACAAATGATG-1,donor2,4
donor2_CAGATCACACTATGTG-1,donor2,21
donor2_CAGATCACACTTCAGA-1,donor2,3
donor2_CAGATCACAGAGTCTT-1,donor2,19
donor2_CAGATCACATACTGAC-1,donor2,19
donor2_CAGATCAGTTAGAAGT-1,donor2,4
donor2_CAGATCATCATACGAC-1,donor2,21
donor2_CAGATCATCATGAGGG-1,donor2,17
donor2_CAGATCATCCCGAGGT-1,donor2,3
donor2_CAGATCATCCGATAGT-1,donor2,17
donor2_CAGATCATCCTGGTCT-1,donor2,17
donor2_CAGATCATCTGACCCT-1,donor2,16
donor2_CAGATTGAGCTGTCCG-1,donor2,2
donor2_CAGATTGAGGATACCG-1,donor2,19
donor2_CAGATTGAGGATTCCT-1,donor2,17
donor2_CAGATTGAGTCACAGG-1,donor2,0
donor2_CAGATTGAGTTAACAG-1,donor2,19
donor2_CAGATTGCAAACGGCA-1,donor2,16
donor2_CAGATTGCAAAGGCGT-1,donor2,15
donor2_CAGATTGCACTTCAGA-1,donor2,19
donor2_CAGATTGCAGCTCCTT-1,donor2,15
donor2_CAGATTGCAGGAATAT-1,donor2,17
donor2_CAGATTGCAGTCACGC-1,donor2,3
donor2_CAGATTGCAGTCTACA-1,donor2,15
donor2_CAGATTGGTCGTGTTA-1,donor2,1
donor2_CAGATTGGTGGATCAG-1,donor2,16
donor2_CAGATTGGTGTTGCCG-1,donor2,2
donor2_CAGATTGTCAGTCACA-1,donor2,8
donor2_CAGATTGTCGTGTGAT-1,donor2,4
donor2_CAGATTGTCTAGCATG-1,donor2,23
donor2_CAGCAATAGATCCCAT-1,donor2,2
donor2_CAGCAATAGCCGATCC-1,donor2,8
donor2_CAGCAATAGCGTGTCC-1,donor2,3
donor2_CAGCAATAGCTAAGTA-1,donor2,0
donor2_CAGCAATCAACTCGAT-1,donor2,27
donor2_CAGCAATCAGCGTGAA-1,donor2,21
donor2_CAGCAATCATCTAGAC-1,donor2,17
donor2_CAGCAATGTACCCAGC-1,donor2,3
donor2_CAGCAATGTACGATGG-1,donor2,26
donor2_CAGCAATGTGCTGCAC-1,donor2,0
donor2_CAGCAATGTGTCTAAC-1,donor2,1
donor2_CAGCAATGTTCCGTTC-1,donor2,2
donor2_CAGCAATTCAACTACG-1,donor2,2
donor2_CAGCAATTCCACTTCG-1,donor2,1
donor2_CAGCAATTCGGCTTGG-1,donor2,3
donor2_CAGCAATTCTACGGTA-1,donor2,19
donor2_CAGCAATTCTAGGCAT-1,donor2,15
donor2_CAGCACGAGAAGCCAC-1,donor2,2
donor2_CAGCACGAGCGCAATG-1,donor2,5
donor2_CAGCACGAGTGTACCT-1,donor2,8
donor2_CAGCACGCAAGAGATT-1,donor2,1
donor2_CAGCACGCAATGAAAC-1,donor2,3
donor2_CAGCACGCACATTACG-1,donor2,8
donor2_CAGCACGCACGACAAG-1,donor2,17
donor2_CAGCACGCACTTACAG-1,donor2,2
donor2_CAGCACGCAGTCGCAC-1,donor2,21
donor2_CAGCACGGTGGAACCA-1,donor2,21
donor2_CAGCACGGTGGTATGG-1,donor2,18
donor2_CAGCACGGTTACAGCT-1,donor2,1
donor2_CAGCACGGTTTCTATC-1,donor2,15
donor2_CAGCACGTCCGATAAC-1,donor2,8
donor2_CAGCACGTCCTGTTGC-1,donor2,0
donor2_CAGCACGTCTGCGGGT-1,donor2,4
donor2_CAGCAGCAGCCTCATA-1,donor2,2
donor2_CAGCAGCCAAGACAAT-1,donor2,17
donor2_CAGCAGCCAATCGCAT-1,donor2,4
donor2_CAGCAGCCATAGGTAA-1,donor2,6
donor2_CAGCAGCGTACCGTGC-1,donor2,4
donor2_CAGCAGCGTCGAGCTC-1,donor2,3
donor2_CAGCAGCGTCTCGCGA-1,donor2,2
donor2_CAGCAGCTCGAAGAAT-1,donor2,21
donor2_CAGCAGCTCGGTAGGA-1,donor2,5
donor2_CAGCAGCTCTAAGCGT-1,donor2,0
donor2_CAGCAGCTCTCATTAC-1,donor2,8
donor2_CAGCCAGAGGATCACG-1,donor2,16
donor2_CAGCCAGCAACCGGAA-1,donor2,1
donor2_CAGCCAGGTATTCCGA-1,donor2,21
donor2_CAGCCAGGTCGCTTGG-1,donor2,18
donor2_CAGCCAGGTTAGGCCC-1,donor2,16
donor2_CAGCCAGTCATGAGTC-1,donor2,1
donor2_CAGCCAGTCATTGAGC-1,donor2,17
donor2_CAGCCAGTCGTAACCA-1,donor2,4
donor2_CAGCCAGTCGTGGGAA-1,donor2,17
donor2_CAGCCAGTCTGCTCTG-1,donor2,4
donor2_CAGCCAGTCTTGGATG-1,donor2,0
donor2_CAGCGTGAGAGGTATT-1,donor2,15
donor2_CAGCGTGAGCTCTTCC-1,donor2,2
donor2_CAGCGTGAGGAGCTGT-1,donor2,15
donor2_CAGCGTGCAAATTGCC-1,donor2,0
donor2_CAGCGTGCACCCATAA-1,donor2,27
donor2_CAGCGTGCAGCAGTTT-1,donor2,21
donor2_CAGCGTGGTACAGAGC-1,donor2,3
donor2_CAGCGTGGTAGCGTAG-1,donor2,8
donor2_CAGCGTGGTGAACGGT-1,donor2,16
donor2_CAGCGTGGTGACAGGT-1,donor2,17
donor2_CAGCGTGGTGTGGACA-1,donor2,0
donor2_CAGCGTGTCGCATAGT-1,donor2,17
donor2_CAGCGTGTCTCGTCGT-1,donor2,15
donor2_CAGGCCAAGCTAGTTC-1,donor2,0
donor2_CAGGCCACAACTGTGT-1,donor2,1
donor2_CAGGCCACAAGAGTGC-1,donor2,4
donor2_CAGGCCACATTCGATG-1,donor2,2
donor2_CAGGCCACATTGAGGG-1,donor2,16
donor2_CAGGCCAGTCCAGCCA-1,donor2,21
donor2_CAGGCCAGTGCTCCGA-1,donor2,2
donor2_CAGGCCAGTGTTTCTT-1,donor2,0
donor2_CAGGCCATCCCTATTA-1,donor2,17
donor2_CAGGGCTAGAGATGCC-1,donor2,15
donor2_CAGGGCTAGTAGGGTC-1,donor2,8
donor2_CAGGGCTCAAATTAGG-1,donor2,18
donor2_CAGGGCTCAATACCCA-1,donor2,19
donor2_CAGGGCTCAATTGTGC-1,donor2,15
donor2_CAGGGCTCACCAAAGG-1,donor2,19
donor2_CAGGGCTCATTCACCC-1,donor2,1
donor2_CAGGGCTGTACTCCGG-1,donor2,3
donor2_CAGGGCTGTGGAAATT-1,donor2,16
donor2_CAGGGCTGTGTGAGCA-1,donor2,18
donor2_CAGGGCTTCATACAGC-1,donor2,6
donor2_CAGGGCTTCGCCTTTG-1,donor2,6
donor2_CAGGGCTTCGCTGCGA-1,donor2,4
donor2_CAGGGCTTCGTGCTCT-1,donor2,8
donor2_CAGGTATAGTAGCATA-1,donor2,4
donor2_CAGGTATAGTGCTAGG-1,donor2,12
donor2_CAGGTATAGTTTGTCG-1,donor2,3
donor2_CAGGTATCACCGTGGT-1,donor2,8
donor2_CAGGTATCAGCAGACA-1,donor2,19
donor2_CAGGTATGTAGGCTGA-1,donor2,16
donor2_CAGGTATGTAGTAAGT-1,donor2,2
donor2_CAGGTATGTCGTTATG-1,donor2,3
donor2_CAGGTATGTCTGTAAC-1,donor2,8
donor2_CAGGTATGTGACCGAA-1,donor2,3
donor2_CAGGTATTCCAGTGTA-1,donor2,0
donor2_CAGGTATTCTTTGATC-1,donor2,15
donor2_CAGTGCGAGGCCATAG-1,donor2,2
donor2_CAGTGCGAGGTCGCCT-1,donor2,16
donor2_CAGTGCGCAACGGCCT-1,donor2,0
donor2_CAGTGCGCACCTGAAT-1,donor2,19
donor2_CAGTGCGCACGACGAA-1,donor2,0
donor2_CAGTGCGCACTATGTG-1,donor2,16
donor2_CAGTGCGCACTTCAAG-1,donor2,17
donor2_CAGTGCGCATTGTAGC-1,donor2,4
donor2_CAGTGCGGTTATGTGC-1,donor2,19
donor2_CAGTGCGGTTGCTCGG-1,donor2,20
donor2_CAGTGCGGTTTGATCG-1,donor2,0
donor2_CAGTGCGTCACCCATC-1,donor2,11
donor2_CAGTGCGTCACGGGCT-1,donor2,17
donor2_CAGTGCGTCTGAGATC-1,donor2,3
donor2_CAGTTAGAGCCGATTT-1,donor2,1
donor2_CAGTTAGAGGACAGCT-1,donor2,3
donor2_CAGTTAGAGGCAGTCA-1,donor2,18
donor2_CAGTTAGAGTCGGCCT-1,donor2,12
donor2_CAGTTAGCAACTGCTA-1,donor2,15
donor2_CAGTTAGGTAGAAACT-1,donor2,2
donor2_CAGTTAGGTCGCAACC-1,donor2,15
donor2_CAGTTAGGTGCATGTT-1,donor2,20
donor2_CAGTTAGTCAACTTTC-1,donor2,17
donor2_CAGTTAGTCAGATTGC-1,donor2,4
donor2_CAGTTAGTCTACAGGT-1,donor2,19
donor2_CAGTTAGTCTCTCTTC-1,donor2,0
donor2_CAGTTCCAGAAGTCAT-1,donor2,15
donor2_CAGTTCCAGGAATTAC-1,donor2,3
donor2_CAGTTCCAGTGGTCAG-1,donor2,2
donor2_CAGTTCCAGTTGCATC-1,donor2,22
donor2_CAGTTCCCAAGGCTTT-1,donor2,8
donor2_CAGTTCCCACACGGTC-1,donor2,0
donor2_CAGTTCCCAGTTCCAA-1,donor2,3
donor2_CAGTTCCGTACGTTCA-1,donor2,15
donor2_CAGTTCCGTCGTGGAA-1,donor2,18
donor2_CAGTTCCGTGTTGACT-1,donor2,18
donor2_CAGTTCCTCAATCAGC-1,donor2,16
donor2_CAGTTCCTCCTTACCG-1,donor2,18
donor2_CAGTTCCTCGAACCTA-1,donor2,17
donor2_CAGTTCCTCGACTCCT-1,donor2,2
donor2_CATAAGCAGGAAAGGT-1,donor2,2
donor2_CATAAGCAGGTGAGAA-1,donor2,18
donor2_CATAAGCAGTCGCTAT-1,donor2,15
donor2_CATAAGCAGTGGACGT-1,donor2,2
donor2_CATAAGCCATATAGCC-1,donor2,2
donor2_CATAAGCCATCCTTCG-1,donor2,0
donor2_CATAAGCGTCTCAAGT-1,donor2,4
donor2_CATAAGCGTTAAACAG-1,donor2,5
donor2_CATAAGCGTTATCCAG-1,donor2,19
donor2_CATAAGCTCAGGTGTT-1,donor2,17
donor2_CATAAGCTCAGTGTGT-1,donor2,2
donor2_CATAAGCTCATGGATC-1,donor2,21
donor2_CATACAGAGTTCTCTT-1,donor2,8
donor2_CATACAGCAAAGAACT-1,donor2,17
donor2_CATACAGCAGTCGCTG-1,donor2,15
donor2_CATACAGCATCTAGAC-1,donor2,5
donor2_CATACAGGTAATACCC-1,donor2,18
donor2_CATACAGGTACCAATC-1,donor2,0
donor2_CATACAGGTCAAGTTC-1,donor2,1
donor2_CATACAGGTCGTACAT-1,donor2,2
donor2_CATACAGTCTCTGACC-1,donor2,18
donor2_CATACAGTCTTAATCC-1,donor2,15
donor2_CATACCCAGACCTTTG-1,donor2,18
donor2_CATACCCAGGAACGCT-1,donor2,0
donor2_CATACCCAGGTTACCT-1,donor2,2
donor2_CATACCCAGTATGCAA-1,donor2,0
donor2_CATACCCAGTGCCTCG-1,donor2,1
donor2_CATACCCCAAAGTATG-1,donor2,0
donor2_CATACCCCAAATGAAC-1,donor2,8
donor2_CATACCCCAAATGCGG-1,donor2,2
donor2_CATACCCCACGCTGCA-1,donor2,18
donor2_CATACCCCACGTCATA-1,donor2,17
donor2_CATACCCGTAATGCGG-1,donor2,16
donor2_CATACCCGTACACGTT-1,donor2,8
donor2_CATACCCGTACTGCGC-1,donor2,3
donor2_CATACCCGTGACCTGC-1,donor2,2
donor2_CATACCCTCATCCTAT-1,donor2,3
donor2_CATACCCTCATTTCCA-1,donor2,3
donor2_CATACCCTCCCGAGAC-1,donor2,18
donor2_CATACCCTCCGAAGGA-1,donor2,18
donor2_CATACCCTCCGGACTG-1,donor2,8
donor2_CATACCCTCGTCGACG-1,donor2,3
donor2_CATACCCTCTACTTCA-1,donor2,19
donor2_CATACTTAGACATAGT-1,donor2,26
donor2_CATACTTCAAGCTGCC-1,donor2,1
donor2_CATACTTCACGCGCTA-1,donor2,19
donor2_CATACTTCATAACGGG-1,donor2,6
donor2_CATACTTCATCATGAC-1,donor2,8
donor2_CATACTTGTATCAGCT-1,donor2,3
donor2_CATACTTGTATTGCCA-1,donor2,15
donor2_CATACTTGTCCAAGAG-1,donor2,5
donor2_CATACTTGTCTTTCTA-1,donor2,18
donor2_CATACTTGTGAGAACC-1,donor2,1
donor2_CATACTTTCCACTAGA-1,donor2,17
donor2_CATACTTTCCTTGAAG-1,donor2,19
donor2_CATAGACAGAGAGGGC-1,donor2,18
donor2_CATAGACAGATCCCAT-1,donor2,2
donor2_CATAGACGTAAGGCTG-1,donor2,1
donor2_CATAGACGTCATATGC-1,donor2,8
donor2_CATAGACGTCTTCCGT-1,donor2,20
donor2_CATAGACGTGCCGTAC-1,donor2,15
donor2_CATAGACGTTGGAGGT-1,donor2,0
donor2_CATAGACTCAAAGGTA-1,donor2,16
donor2_CATAGACTCCATCGTC-1,donor2,26
donor2_CATAGACTCCATGCAA-1,donor2,16
donor2_CATAGACTCCTTTGAT-1,donor2,1
donor2_CATAGACTCGCAGTCG-1,donor2,2
donor2_CATAGACTCGTTAGTG-1,donor2,1
donor2_CATCAAGAGAATAGTC-1,donor2,18
donor2_CATCAAGAGTGGAAGA-1,donor2,4
donor2_CATCAAGCAAATCGTC-1,donor2,2
donor2_CATCAAGCAACACGTT-1,donor2,17
donor2_CATCAAGCAGAGACTG-1,donor2,21
donor2_CATCAAGCATAACGGG-1,donor2,19
donor2_CATCAAGGTAGTAAGT-1,donor2,19
donor2_CATCAAGGTTGCTGAT-1,donor2,0
donor2_CATCAAGGTTGGGACA-1,donor2,3
donor2_CATCAAGTCCTGATAG-1,donor2,15
donor2_CATCAAGTCGAAGTGG-1,donor2,3
donor2_CATCAAGTCTTCCCAG-1,donor2,2
donor2_CATCCACAGAACTGAT-1,donor2,0
donor2_CATCCACAGAATCCCT-1,donor2,2
donor2_CATCCACAGAGGTTAT-1,donor2,3
donor2_CATCCACAGCGCCTAC-1,donor2,17
donor2_CATCCACAGGAACGAA-1,donor2,17
donor2_CATCCACAGGATATAC-1,donor2,3
donor2_CATCCACAGTTGAAGT-1,donor2,16
donor2_CATCCACAGTTGCTCA-1,donor2,18
donor2_CATCCACAGTTTGTCG-1,donor2,20
donor2_CATCCACCAAGGACAC-1,donor2,15
donor2_CATCCACCATCCAACA-1,donor2,20
donor2_CATCCACCATCGGCCA-1,donor2,3
donor2_CATCCACCATGGAACG-1,donor2,20
donor2_CATCCACGTCTTAGTG-1,donor2,26
donor2_CATCCACGTGACATCT-1,donor2,21
donor2_CATCCACTCAAGCTGT-1,donor2,19
donor2_CATCCACTCCATTCAT-1,donor2,17
donor2_CATCCACTCCGCGGAT-1,donor2,4
donor2_CATCCACTCGAAGGAC-1,donor2,18
donor2_CATCCACTCGGAATTC-1,donor2,1
donor2_CATCCACTCGTTCAGA-1,donor2,17
donor2_CATCCCAAGACTACGG-1,donor2,17
donor2_CATCCCAAGCGTTCAT-1,donor2,2
donor2_CATCCCAAGTAAGCAT-1,donor2,2
donor2_CATCCCAAGTTGGAAT-1,donor2,2
donor2_CATCCCACAAACCATC-1,donor2,19
donor2_CATCCCACACGGATCC-1,donor2,2
donor2_CATCCCAGTCCTCAGG-1,donor2,2
donor2_CATCCCAGTCGAGCAA-1,donor2,3
donor2_CATCCGTAGAAACACT-1,donor2,20
donor2_CATCCGTAGAACTCCT-1,donor2,2
donor2_CATCCGTAGGAAGTGA-1,donor2,3
donor2_CATCCGTAGTCCGCGT-1,donor2,2
donor2_CATCCGTCAATCGCAT-1,donor2,2
donor2_CATCCGTCATTGCAAC-1,donor2,12
donor2_CATCCGTGTACAACGG-1,donor2,2
donor2_CATCCGTGTACCGTGC-1,donor2,16
donor2_CATCCGTGTACGGATG-1,donor2,20
donor2_CATCCGTGTCGGCACT-1,donor2,8
donor2_CATCCGTTCACAGTGT-1,donor2,12
donor2_CATCCGTTCAGTCATG-1,donor2,19
donor2_CATCCGTTCCCTATTA-1,donor2,8
donor2_CATCCGTTCCTACCGT-1,donor2,19
donor2_CATCCGTTCCTCAGGG-1,donor2,12
donor2_CATCCGTTCTGGGATT-1,donor2,19
donor2_CATCGCTAGTGGCAGT-1,donor2,16
donor2_CATCGCTAGTTGAAAC-1,donor2,1
donor2_CATCGCTCACCAATTG-1,donor2,15
donor2_CATCGCTCACCTGCTT-1,donor2,4
donor2_CATCGCTCATTCTTCA-1,donor2,8
donor2_CATCGCTGTAATGCTC-1,donor2,17
donor2_CATCGCTGTCGCATTA-1,donor2,5
donor2_CATCGCTGTCGTCTCT-1,donor2,17
donor2_CATCGCTGTGAGTAAT-1,donor2,18
donor2_CATCGCTGTGTCTTAG-1,donor2,2
donor2_CATCGGGAGAAATTGC-1,donor2,15
donor2_CATCGGGAGCGTTCAT-1,donor2,17
donor2_CATCGGGAGGGCTGAT-1,donor2,17
donor2_CATCGGGCACATCCCT-1,donor2,8
donor2_CATCGGGCACCACATA-1,donor2,8
donor2_CATCGGGCACGACGCT-1,donor2,19
donor2_CATCGGGCATTGTCGA-1,donor2,21
donor2_CATCGGGGTATCCTTT-1,donor2,15
donor2_CATCGGGGTATCGAGG-1,donor2,19
donor2_CATCGGGGTATTGAGA-1,donor2,1
donor2_CATCGGGGTGCCTTCT-1,donor2,20
donor2_CATCGGGGTTGGCTAT-1,donor2,1
donor2_CATCGGGGTTGTGCAT-1,donor2,27
donor2_CATCGGGTCATACGGT-1,donor2,5
donor2_CATCGGGTCCACACAA-1,donor2,17
donor2_CATCGGGTCTTCTTCC-1,donor2,2
donor2_CATCGTCAGATGGGCT-1,donor2,0
donor2_CATCGTCAGGCATGCA-1,donor2,1
donor2_CATCGTCGTGCCCAGT-1,donor2,1
donor2_CATCGTCGTTCAAACC-1,donor2,5
donor2_CATCGTCTCAGCACCG-1,donor2,5
donor2_CATCGTCTCGTCCTTG-1,donor2,0
donor2_CATCGTCTCGTTCTCG-1,donor2,2
donor2_CATGAGTAGTTTGGCT-1,donor2,4
donor2_CATGAGTCAAAGGATT-1,donor2,19
donor2_CATGAGTCAACAAAGT-1,donor2,2
donor2_CATGAGTCACTCATAG-1,donor2,2
donor2_CATGAGTCAGTTCTAG-1,donor2,2
donor2_CATGAGTGTAGGTAGC-1,donor2,16
donor2_CATGAGTGTCGTTCAA-1,donor2,1
donor2_CATGAGTGTCTTTATC-1,donor2,2
donor2_CATGAGTTCAGTGATC-1,donor2,8
donor2_CATGAGTTCATGCTAG-1,donor2,2
donor2_CATGAGTTCCCGATCT-1,donor2,26
donor2_CATGAGTTCTCCACTG-1,donor2,19
donor2_CATGCAAAGGCTTCCG-1,donor2,3
donor2_CATGCAAAGGTCACCC-1,donor2,2
donor2_CATGCAAAGGTCGAGT-1,donor2,2
donor2_CATGCAAAGTAGATCA-1,donor2,19
donor2_CATGCAAAGTTAGTGA-1,donor2,16
donor2_CATGCAAAGTTGCCCG-1,donor2,18
donor2_CATGCAAGTCAGGTAG-1,donor2,16
donor2_CATGCAAGTTAGCGGA-1,donor2,3
donor2_CATGCAATCAGACAAA-1,donor2,2
donor2_CATGCAATCATTACGG-1,donor2,8
donor2_CATGCAATCCTCTGCA-1,donor2,0
donor2_CATGCAATCTAGAGCT-1,donor2,18
donor2_CATGCAATCTATTCGT-1,donor2,3
donor2_CATGCCTAGATGTTGA-1,donor2,1
donor2_CATGCCTAGGCTGAAC-1,donor2,15
donor2_CATGCCTCACGCAAAG-1,donor2,19
donor2_CATGCCTCATTGTAGC-1,donor2,17
donor2_CATGCCTGTATGACAA-1,donor2,0
donor2_CATGCCTGTGAGCCAA-1,donor2,8
donor2_CATGCCTTCAGTGATC-1,donor2,18
donor2_CATGCGGAGAAAGTCT-1,donor2,2
donor2_CATGCGGAGCATGGGT-1,donor2,18
donor2_CATGCGGAGGTTGGAC-1,donor2,18
donor2_CATGCGGCAAACCGGA-1,donor2,18
donor2_CATGCGGCAAAGTGTA-1,donor2,17
donor2_CATGCGGCAAGTGGTG-1,donor2,2
donor2_CATGCGGCAATGCAGG-1,donor2,18
donor2_CATGCGGCATACTGTG-1,donor2,4
donor2_CATGCGGGTATGAGGC-1,donor2,19
donor2_CATGCGGGTGCCTGAC-1,donor2,3
donor2_CATGCGGTCGCCAGTG-1,donor2,17
donor2_CATGCGGTCGGCATTA-1,donor2,19
donor2_CATGCGGTCGTGTGAT-1,donor2,2
donor2_CATGCGGTCTCCAATT-1,donor2,8
donor2_CATGCGGTCTGGACCG-1,donor2,3
donor2_CATGCTCAGACGCATG-1,donor2,18
donor2_CATGCTCAGCATCGAG-1,donor2,3
donor2_CATGCTCAGCTAGAAT-1,donor2,4
donor2_CATGCTCAGTCATGAA-1,donor2,23
donor2_CATGCTCCACAAATGA-1,donor2,18
donor2_CATGCTCCATCTGTTT-1,donor2,2
donor2_CATGCTCGTAGGACTG-1,donor2,2
donor2_CATGCTCGTGCTAGCC-1,donor2,6
donor2_CATGGATAGTCTAGAA-1,donor2,18
donor2_CATGGATCAACTTCTT-1,donor2,1
donor2_CATGGATCAAGCTCTA-1,donor2,16
donor2_CATGGATCAGCCCACA-1,donor2,18
donor2_CATGGATCAGTCTGGC-1,donor2,8
donor2_CATGGATCATAAGCGG-1,donor2,12
donor2_CATGGATGTAACACGG-1,donor2,19
donor2_CATGGATGTACCTATG-1,donor2,2
donor2_CATGGATGTGATTCAC-1,donor2,19
donor2_CATGGATGTGCCTGCA-1,donor2,19
donor2_CATGGATGTTTCTTAC-1,donor2,12
donor2_CATGGATTCCGTAGGC-1,donor2,6
donor2_CATGGATTCTTGGTGA-1,donor2,18
donor2_CATGGTAAGGTTGGAC-1,donor2,4
donor2_CATGGTAAGTATGGAT-1,donor2,0
donor2_CATGGTAAGTGAGGTC-1,donor2,2
donor2_CATGGTACATGGAGAC-1,donor2,15
donor2_CATGGTAGTATGCTTG-1,donor2,2
donor2_CATGGTAGTGGCGCTT-1,donor2,0
donor2_CATGGTAGTTAGCGGA-1,donor2,8
donor2_CATGGTAGTTCGGTCG-1,donor2,8
donor2_CATGGTAGTTGCTAGT-1,donor2,17
donor2_CATGGTATCACGAACT-1,donor2,20
donor2_CATGGTATCCGGTAGC-1,donor2,18
donor2_CATGGTATCGAGTGGA-1,donor2,16
donor2_CATGGTATCGCAATGT-1,donor2,0
donor2_CATGGTATCTATCACT-1,donor2,3
donor2_CATTCATAGCCAAGTG-1,donor2,26
donor2_CATTCATAGCTCCACG-1,donor2,19
donor2_CATTCATAGGCGTTGA-1,donor2,15
donor2_CATTCATAGGCTCACC-1,donor2,2
donor2_CATTCATCACCTCGTT-1,donor2,3
donor2_CATTCATCATCGATCA-1,donor2,21
donor2_CATTCATCATGCCGGT-1,donor2,2
donor2_CATTCATTCCAGTGCG-1,donor2,18
donor2_CATTCCGAGGCGTCCT-1,donor2,17
donor2_CATTCCGAGGTGAGAA-1,donor2,19
donor2_CATTCCGAGTGCTCGC-1,donor2,17
donor2_CATTCCGCAACACAGG-1,donor2,21
donor2_CATTCCGCAGCAGGAT-1,donor2,6
donor2_CATTCCGCATGATAGA-1,donor2,1
donor2_CATTCCGGTAACAGGC-1,donor2,3
donor2_CATTCCGGTGCCGTAC-1,donor2,2
donor2_CATTCCGGTGTTACTG-1,donor2,8
donor2_CATTCCGGTTCTATCT-1,donor2,18
donor2_CATTCCGTCAAACCCA-1,donor2,1
donor2_CATTCCGTCACTGATG-1,donor2,17
donor2_CATTCCGTCGCTACGG-1,donor2,8
donor2_CATTCCGTCGCTAGCG-1,donor2,18
donor2_CATTCCGTCTGCATAG-1,donor2,15
donor2_CATTCTAAGCTTCTAG-1,donor2,4
donor2_CATTCTACACTCTCGT-1,donor2,2
donor2_CATTCTACAGCGTGAA-1,donor2,19
donor2_CATTCTAGTTAATGAG-1,donor2,21
donor2_CATTGAGAGTCACAGG-1,donor2,2
donor2_CATTGAGAGTCTAGCT-1,donor2,2
donor2_CATTGAGAGTGGACGT-1,donor2,20
donor2_CATTGAGCAGTCGCTG-1,donor2,3
donor2_CATTGAGCAGTTGTCA-1,donor2,20
donor2_CATTGAGCATGGCCAC-1,donor2,1
donor2_CATTGAGGTACCCGAC-1,donor2,18
donor2_CATTGAGGTAGTATAG-1,donor2,16
donor2_CATTGAGGTGCAATGG-1,donor2,18
donor2_CATTGAGGTGTATTGC-1,donor2,0
donor2_CATTGAGGTTAGCGGA-1,donor2,2
donor2_CATTGAGTCGCAAGAG-1,donor2,21
donor2_CATTGCCAGAATTGTG-1,donor2,3
donor2_CATTGCCAGCACTCAT-1,donor2,0
donor2_CATTGCCAGCGGGTAT-1,donor2,15
donor2_CATTGCCAGGATTCAA-1,donor2,4
donor2_CATTGCCAGGGACAGG-1,donor2,15
donor2_CATTGCCAGGGAGGGT-1,donor2,3
donor2_CATTGCCCAAACGGCA-1,donor2,6
donor2_CATTGCCCAACGAGGT-1,donor2,0
donor2_CATTGCCCACGCGCAT-1,donor2,0
donor2_CATTGCCCAGGATCTT-1,donor2,19
donor2_CATTGCCCAGGGAGAG-1,donor2,17
donor2_CATTGCCCATCCGTGG-1,donor2,19
donor2_CATTGCCCATCCTGTC-1,donor2,15
donor2_CATTGCCGTAACATGA-1,donor2,21
donor2_CATTGCCGTACCCGAC-1,donor2,16
donor2_CATTGCCGTCGTGGAA-1,donor2,17
donor2_CATTGCCGTCTGCATA-1,donor2,21
donor2_CATTGCCGTGGTCTGC-1,donor2,17
donor2_CATTGCCGTTCGTTCC-1,donor2,18
donor2_CATTGCCTCCATTGGA-1,donor2,19
donor2_CATTGCCTCCGATCTC-1,donor2,6
donor2_CATTGCCTCTCCCATG-1,donor2,3
donor2_CATTGCCTCTGATTCT-1,donor2,18
donor2_CATTGTTAGCACTAAA-1,donor2,2
donor2_CATTGTTCAACTCATG-1,donor2,2
donor2_CATTGTTCAAGACAAT-1,donor2,3
donor2_CATTGTTCAAGCGCAA-1,donor2,16
donor2_CATTGTTCAGCCATTA-1,donor2,3
donor2_CATTGTTGTACAAACA-1,donor2,1
donor2_CATTGTTGTATCGATC-1,donor2,4
donor2_CATTGTTGTCTTGGTA-1,donor2,6
donor2_CATTGTTGTTGCTCGG-1,donor2,15
donor2_CATTGTTTCATGAGGG-1,donor2,1
donor2_CATTGTTTCGAACCTA-1,donor2,12
donor2_CATTGTTTCTAACGCA-1,donor2,3
donor2_CATTGTTTCTGAGAGG-1,donor2,3
donor2_CATTGTTTCTTGGTGA-1,donor2,15
donor2_CATTTCAAGGCATGGT-1,donor2,18
donor2_CATTTCACAAATCAAG-1,donor2,17
donor2_CATTTCACAACCACGC-1,donor2,3
donor2_CATTTCACACGCGCTA-1,donor2,8
donor2_CATTTCACAGAATGTA-1,donor2,6
donor2_CATTTCAGTCCTTGTC-1,donor2,21
donor2_CATTTCAGTTTAGACC-1,donor2,26
donor2_CATTTCATCATTACCT-1,donor2,15
donor2_CATTTCATCTGTTGGA-1,donor2,8
donor2_CCAAGCGAGGACATCG-1,donor2,16
donor2_CCAAGCGAGTAGTGCG-1,donor2,18
donor2_CCAAGCGAGTCCCAAT-1,donor2,16
donor2_CCAAGCGCAACCACGC-1,donor2,2
donor2_CCAAGCGCAAGAGGCT-1,donor2,0
donor2_CCAAGCGCAAGATGTA-1,donor2,3
donor2_CCAAGCGCAAGCGCTC-1,donor2,19
donor2_CCAAGCGCAGCCTACG-1,donor2,19
donor2_CCAAGCGCATCCTCAC-1,donor2,0
donor2_CCAAGCGGTAGTACGG-1,donor2,0
donor2_CCAAGCGGTGATACCT-1,donor2,26
donor2_CCAAGCGGTTACCTGA-1,donor2,19
donor2_CCAAGCGGTTCAAGGG-1,donor2,17
donor2_CCAAGCGTCCCATTCG-1,donor2,15
donor2_CCAAGCGTCCGTGCGA-1,donor2,2
donor2_CCAAGCGTCGCCTATC-1,donor2,4
donor2_CCAAGCGTCGCGGTAC-1,donor2,27
donor2_CCAATGAAGAGTCACG-1,donor2,2
donor2_CCAATGAAGGTGCCAA-1,donor2,17
donor2_CCAATGAAGGTTCAGG-1,donor2,20
donor2_CCAATGAAGTCATGAA-1,donor2,2
donor2_CCAATGAAGTGCCAGA-1,donor2,8
donor2_CCAATGACACCAGCTG-1,donor2,3
donor2_CCAATGACAGAGTAAT-1,donor2,1
donor2_CCAATGAGTTCGGTCG-1,donor2,2
donor2_CCAATGATCAACCCGG-1,donor2,2
donor2_CCAATGATCAAGTAAG-1,donor2,7
donor2_CCAATGATCTCGTCAC-1,donor2,3
donor2_CCAATGATCTGTCGTC-1,donor2,19
donor2_CCAATTTAGAGCGACT-1,donor2,2
donor2_CCAATTTAGCACACCC-1,donor2,21
donor2_CCAATTTAGCGACTGA-1,donor2,27
donor2_CCAATTTAGGTAAGAG-1,donor2,1
donor2_CCAATTTCAATACAGA-1,donor2,16
donor2_CCAATTTCAGCGTAGA-1,donor2,18
donor2_CCAATTTCATACCGTA-1,donor2,16
donor2_CCAATTTCATCGCTGG-1,donor2,15
donor2_CCAATTTGTATACCCA-1,donor2,16
donor2_CCAATTTGTGACTCGC-1,donor2,8
donor2_CCAATTTGTTGCTCCT-1,donor2,18
donor2_CCAATTTGTTGTCCCT-1,donor2,17
donor2_CCAATTTTCCATTGCC-1,donor2,18
donor2_CCAATTTTCCGTGGTG-1,donor2,3
donor2_CCAATTTTCGCAATTG-1,donor2,19
donor2_CCAATTTTCTCATGGA-1,donor2,6
donor2_CCAATTTTCTCTAAGG-1,donor2,17
donor2_CCACAAAAGAACAAGG-1,donor2,16
donor2_CCACAAAAGCAGCCTC-1,donor2,4
donor2_CCACAAAAGCATGGGT-1,donor2,0
donor2_CCACAAAAGGAAGTCC-1,donor2,15
donor2_CCACAAAAGGAGTATT-1,donor2,5
donor2_CCACAAAAGTATTGCC-1,donor2,8
donor2_CCACAAACACTGTCCT-1,donor2,17
donor2_CCACAAAGTGCACGCT-1,donor2,27
donor2_CCACAAATCAGATGCT-1,donor2,18
donor2_CCACAAATCGCAATTG-1,donor2,0
donor2_CCACACTAGTAGGCCA-1,donor2,18
donor2_CCACACTAGTGAGGTC-1,donor2,6
donor2_CCACACTAGTGTGTTC-1,donor2,2
donor2_CCACACTCATTGGATC-1,donor2,17
donor2_CCACACTGTAATACCC-1,donor2,4
donor2_CCACACTGTAGAGACC-1,donor2,4
donor2_CCACACTGTATCGCGC-1,donor2,17
donor2_CCACACTGTCACTGAT-1,donor2,1
donor2_CCACACTGTCGACTGC-1,donor2,2
donor2_CCACACTGTCGTCAGC-1,donor2,1
donor2_CCACACTGTGTCCCTT-1,donor2,0
donor2_CCACACTTCCACAAGT-1,donor2,26
donor2_CCACACTTCCTCCACA-1,donor2,16
donor2_CCACACTTCTCCGTGT-1,donor2,0
donor2_CCACCATAGCCTGTCG-1,donor2,3
donor2_CCACCATAGTAACGAT-1,donor2,2
donor2_CCACCATCAACAAGAT-1,donor2,12
donor2_CCACCATCAAGATGGC-1,donor2,2
donor2_CCACCATCAGGCTACC-1,donor2,3
donor2_CCACCATGTACCAATC-1,donor2,3
donor2_CCACCATGTCTGCATA-1,donor2,1
donor2_CCACCATTCCAACCAA-1,donor2,19
donor2_CCACGAGAGAATTGTG-1,donor2,4
donor2_CCACGAGAGAGGCGTT-1,donor2,18
donor2_CCACGAGAGGAACATT-1,donor2,1
donor2_CCACGAGAGGATGTTA-1,donor2,21
donor2_CCACGAGAGGTACATA-1,donor2,8
donor2_CCACGAGAGTGCCTCG-1,donor2,21
donor2_CCACGAGAGTGCTCAT-1,donor2,2
donor2_CCACGAGCAAGAGTGC-1,donor2,3
donor2_CCACGAGCAAGCCCAC-1,donor2,15
donor2_CCACGAGCAGAAGCTG-1,donor2,18
donor2_CCACGAGGTACGACAG-1,donor2,8
donor2_CCACGAGGTCGTCTCT-1,donor2,19
donor2_CCACGAGTCCTCTCGA-1,donor2,3
donor2_CCACGTTCAACCGCCA-1,donor2,0
donor2_CCACGTTCATACCGTA-1,donor2,21
donor2_CCACGTTCATTCTTCA-1,donor2,17
donor2_CCACGTTGTATCCTTT-1,donor2,21
donor2_CCACGTTGTATTGACC-1,donor2,19
donor2_CCACGTTGTCAAAGTA-1,donor2,4
donor2_CCACGTTGTCCAAGAG-1,donor2,3
donor2_CCACGTTGTCTGGTTA-1,donor2,2
donor2_CCACGTTTCACTTGTT-1,donor2,3
donor2_CCACGTTTCCAAATGC-1,donor2,6
donor2_CCACGTTTCCCGGTAG-1,donor2,17
donor2_CCACGTTTCGCTCTCA-1,donor2,17
donor2_CCACGTTTCTCGCTCA-1,donor2,25
donor2_CCACGTTTCTTCCCAG-1,donor2,6
donor2_CCACTTGAGAAATCCA-1,donor2,27
donor2_CCACTTGAGCAAATGT-1,donor2,3
donor2_CCACTTGAGCTCTGTA-1,donor2,2
donor2_CCACTTGAGTGGATTA-1,donor2,18
donor2_CCACTTGCAACTCATG-1,donor2,1
donor2_CCACTTGCACACGGTC-1,donor2,3
donor2_CCACTTGCACCGGCTA-1,donor2,2
donor2_CCACTTGCACCTGTCT-1,donor2,8
donor2_CCACTTGCATCTAGAC-1,donor2,18
donor2_CCACTTGCATTGCCGG-1,donor2,17
donor2_CCACTTGGTGAGTAAT-1,donor2,21
donor2_CCACTTGGTTGCATGT-1,donor2,19
donor2_CCACTTGTCATTCGGA-1,donor2,18
donor2_CCACTTGTCCGTTGGG-1,donor2,3
donor2_CCACTTGTCCTCAGAA-1,donor2,18
donor2_CCACTTGTCGTGTCAA-1,donor2,25
donor2_CCATAAGAGATACGAT-1,donor2,17
donor2_CCATAAGAGATTGATG-1,donor2,3
donor2_CCATAAGAGCACTCCG-1,donor2,0
donor2_CCATAAGAGTAGAATC-1,donor2,0
donor2_CCATAAGCAACCGGAA-1,donor2,6
donor2_CCATAAGCAGACATCT-1,donor2,3
donor2_CCATAAGCATCGAACT-1,donor2,16
donor2_CCATAAGGTAGACAAT-1,donor2,2
donor2_CCATAAGGTCACCGCA-1,donor2,4
donor2_CCATAAGTCAGCGTCG-1,donor2,3
donor2_CCATAAGTCCAAGGGA-1,donor2,17
donor2_CCATAAGTCCATCCGT-1,donor2,4
donor2_CCATAAGTCCGCAGTG-1,donor2,15
donor2_CCATAAGTCGCTTACC-1,donor2,4
donor2_CCATAAGTCTTAATCC-1,donor2,26
donor2_CCATCACAGCGCCGTT-1,donor2,17
donor2_CCATCACAGGTAAACT-1,donor2,8
donor2_CCATCACAGTCAGCGA-1,donor2,18
donor2_CCATCACCAACACAGG-1,donor2,21
donor2_CCATCACCACAACCGC-1,donor2,15
donor2_CCATCACCAGCACACC-1,donor2,17
donor2_CCATCACGTCGGAACA-1,donor2,2
donor2_CCATCACGTGAGATCG-1,donor2,20
donor2_CCATCACGTGCACGCT-1,donor2,18
donor2_CCATCACGTTCAAGGG-1,donor2,1
donor2_CCATCACTCAGTGTTG-1,donor2,8
donor2_CCATCACTCTCCTACG-1,donor2,20
donor2_CCCAACTAGGAATTAC-1,donor2,16
donor2_CCCAACTAGTCATCCA-1,donor2,18
donor2_CCCAACTCAAGCTCTA-1,donor2,3
donor2_CCCAACTCACCTTCGT-1,donor2,1
donor2_CCCAACTCAGACATCT-1,donor2,20
donor2_CCCAACTGTAACGGTG-1,donor2,18
donor2_CCCAACTGTAGTGGCA-1,donor2,4
donor2_CCCAACTGTATAGCTC-1,donor2,2
donor2_CCCAACTGTCTAGATC-1,donor2,0
donor2_CCCAACTGTTATGTGC-1,donor2,21
donor2_CCCAACTGTTGTCATG-1,donor2,0
donor2_CCCAACTTCCGCAGTG-1,donor2,4
donor2_CCCAACTTCCGTAGTA-1,donor2,6
donor2_CCCAACTTCGACCTAA-1,donor2,12
donor2_CCCATTGAGGCGAACT-1,donor2,3
donor2_CCCATTGAGTGGACTG-1,donor2,17
donor2_CCCATTGGTAGTCTGT-1,donor2,15
donor2_CCCATTGGTGCTCTTC-1,donor2,6
donor2_CCCATTGGTGTTCGTA-1,donor2,18
donor2_CCCATTGGTGTTGATC-1,donor2,3
donor2_CCCATTGTCGGCTGAC-1,donor2,2
donor2_CCCATTGTCTGACCCT-1,donor2,8
donor2_CCCGAAGCAAATGAAC-1,donor2,15
donor2_CCCGAAGCAAGTGCTT-1,donor2,2
donor2_CCCGAAGCATGCGGTC-1,donor2,19
donor2_CCCGAAGCATGTTCAG-1,donor2,2
donor2_CCCGAAGGTCAGCGTC-1,donor2,21
donor2_CCCGAAGGTCCCTAAA-1,donor2,6
donor2_CCCGAAGGTCGGTGTC-1,donor2,2
donor2_CCCGAAGGTGGATCGA-1,donor2,8
donor2_CCCGAAGTCCATAGAC-1,donor2,8
donor2_CCCGAAGTCCCGTGTT-1,donor2,2
donor2_CCCGAAGTCCTTTAGT-1,donor2,18
donor2_CCCGAAGTCTCTCGAC-1,donor2,17
donor2_CCCGGAAAGCGATGAC-1,donor2,2
donor2_CCCGGAAAGCGTTAGG-1,donor2,17
donor2_CCCGGAACAATGCAGG-1,donor2,19
donor2_CCCGGAACAGAGTGAC-1,donor2,0
donor2_CCCGGAACAGCAGATG-1,donor2,0
donor2_CCCGGAACAGCGACAA-1,donor2,21
donor2_CCCGGAACAGCTCATA-1,donor2,16
donor2_CCCGGAAGTCCCTGTT-1,donor2,3
donor2_CCCGGAAGTTAAGTCC-1,donor2,17
donor2_CCCGGAATCATGCCCT-1,donor2,1
donor2_CCCGGAATCTTGAACG-1,donor2,3
donor2_CCCTAACAGCATGTTC-1,donor2,1
donor2_CCCTAACCAACATACC-1,donor2,15
donor2_CCCTAACCAAGTGCTT-1,donor2,19
donor2_CCCTAACCAATCTAGC-1,donor2,1
donor2_CCCTAACGTATGAGCG-1,donor2,3
donor2_CCCTAACGTCGTGTTA-1,donor2,18
donor2_CCCTAACGTGTTACAC-1,donor2,5
donor2_CCCTAACGTTGACGGA-1,donor2,2
donor2_CCCTAACTCGTTCCTG-1,donor2,3
donor2_CCCTAACTCTTCACAT-1,donor2,17
donor2_CCCTCAAAGGATTCCT-1,donor2,17
donor2_CCCTCAAAGGTCTACT-1,donor2,21
donor2_CCCTCAACAAACTCTG-1,donor2,16
donor2_CCCTCAACACGTCATA-1,donor2,8
donor2_CCCTCAACAGACCTAT-1,donor2,17
donor2_CCCTCAACAGCATCTA-1,donor2,2
donor2_CCCTCAACAGCGGTCT-1,donor2,27
donor2_CCCTCAACATACCATG-1,donor2,17
donor2_CCCTCAAGTGTAGCAG-1,donor2,17
donor2_CCCTCAAGTTCGCGTG-1,donor2,17
donor2_CCCTCAATCTAAGGAA-1,donor2,16
donor2_CCCTCTCAGATGCCGA-1,donor2,3
donor2_CCCTCTCAGCATAGGC-1,donor2,2
donor2_CCCTCTCAGCTAGATA-1,donor2,4
donor2_CCCTCTCAGTAGTCTC-1,donor2,27
donor2_CCCTCTCAGTTATGGA-1,donor2,2
donor2_CCCTCTCAGTTGGAAT-1,donor2,16
donor2_CCCTCTCCACATTCGA-1,donor2,0
donor2_CCCTCTCCAGACAAGC-1,donor2,5
donor2_CCCTCTCCATCATCTT-1,donor2,0
donor2_CCCTCTCCATGAAGCG-1,donor2,18
donor2_CCCTCTCGTAACGCGA-1,donor2,4
donor2_CCCTCTCGTAGAAACT-1,donor2,3
donor2_CCCTCTCTCCGATTAG-1,donor2,8
donor2_CCCTCTCTCGATACTG-1,donor2,20
donor2_CCCTCTCTCTCAGAAC-1,donor2,2
donor2_CCCTCTCTCTCTGAGA-1,donor2,0
donor2_CCCTGATAGAATCGCG-1,donor2,1
donor2_CCCTGATAGACCACGA-1,donor2,8
donor2_CCCTGATAGATGTTGA-1,donor2,15
donor2_CCCTGATAGTCTCGTA-1,donor2,0
donor2_CCCTGATCAGGCATTT-1,donor2,21
donor2_CCCTGATGTGTTCGTA-1,donor2,17
donor2_CCCTGATGTTCCAAAC-1,donor2,3
donor2_CCCTGATTCCTGATAG-1,donor2,2
donor2_CCCTGATTCGTAGAGG-1,donor2,2
donor2_CCCTTAGAGAAGATCT-1,donor2,17
donor2_CCCTTAGAGACGGAAA-1,donor2,4
donor2_CCCTTAGAGGTTATAG-1,donor2,21
donor2_CCCTTAGAGTGGTTAA-1,donor2,3
donor2_CCCTTAGCACGTAGAG-1,donor2,19
donor2_CCCTTAGGTAGTGTGG-1,donor2,2
donor2_CCCTTAGGTCTGTGAT-1,donor2,4
donor2_CCCTTAGGTGAGTTGG-1,donor2,20
donor2_CCCTTAGGTTAGAAAC-1,donor2,1
donor2_CCCTTAGTCAAAGGTA-1,donor2,12
donor2_CCCTTAGTCACATTGG-1,donor2,17
donor2_CCCTTAGTCAGCGTCG-1,donor2,15
donor2_CCCTTAGTCTCGGCTT-1,donor2,1
donor2_CCCTTAGTCTCTCGCA-1,donor2,2
donor2_CCCTTAGTCTCTGGTC-1,donor2,18
donor2_CCGAACGAGCATGCAG-1,donor2,8
donor2_CCGAACGAGCGAGTAC-1,donor2,16
donor2_CCGAACGAGGCATCGA-1,donor2,3
donor2_CCGAACGAGGGCAAGG-1,donor2,8
donor2_CCGAACGAGGGCCCTT-1,donor2,2
donor2_CCGAACGCACCGGTCA-1,donor2,4
donor2_CCGAACGCATGCCATA-1,donor2,1
donor2_CCGAACGGTACACGTT-1,donor2,19
donor2_CCGAACGGTCCACTCT-1,donor2,8
donor2_CCGAACGTCGCAGTGC-1,donor2,15
donor2_CCGAACGTCGTCCTTG-1,donor2,17
donor2_CCGAACGTCTAGCATG-1,donor2,21
donor2_CCGAACGTCTCTTAAC-1,donor2,18
donor2_CCGATCTAGCATTGTC-1,donor2,27
donor2_CCGATCTAGCGCCGTT-1,donor2,8
donor2_CCGATCTCATGATAGA-1,donor2,18
donor2_CCGATCTGTACAATAG-1,donor2,0
donor2_CCGATCTTCAATGCAC-1,donor2,4
donor2_CCGATCTTCGTGTTCC-1,donor2,17
donor2_CCGATCTTCTCTCCGA-1,donor2,17
donor2_CCGATCTTCTGGGATT-1,donor2,27
donor2_CCGATCTTCTTCACAT-1,donor2,21
donor2_CCGATGGAGAATTTGG-1,donor2,12
donor2_CCGATGGAGACCATGG-1,donor2,19
donor2_CCGATGGAGAGAGTGA-1,donor2,17
donor2_CCGATGGAGGACGCTA-1,donor2,19
donor2_CCGATGGAGGGCTTCC-1,donor2,19
donor2_CCGATGGCAATGCTCA-1,donor2,2
donor2_CCGATGGCACAAGGTG-1,donor2,19
donor2_CCGATGGCACCTGTCT-1,donor2,19
donor2_CCGATGGCATTGCAAC-1,donor2,20
donor2_CCGATGGGTCAGCGTC-1,donor2,17
donor2_CCGATGGGTCAGTTTG-1,donor2,17
donor2_CCGATGGGTTCAATCG-1,donor2,16
donor2_CCGATGGTCGAACCTA-1,donor2,16
donor2_CCGATGGTCGCTGCGA-1,donor2,4
donor2_CCGCAAGAGCAATTCC-1,donor2,21
donor2_CCGCAAGAGGAACATT-1,donor2,17
donor2_CCGCAAGAGGCACTCC-1,donor2,25
donor2_CCGCAAGAGTACGAGC-1,donor2,21
donor2_CCGCAAGAGTATGATG-1,donor2,0
donor2_CCGCAAGAGTTCCGTA-1,donor2,0
donor2_CCGCAAGAGTTGCTCA-1,donor2,21
donor2_CCGCAAGCAGGTCAGA-1,donor2,2
donor2_CCGCAAGCATTCCTCG-1,donor2,1
donor2_CCGCAAGGTCAGGCAA-1,donor2,17
donor2_CCGCAAGGTCGCAACC-1,donor2,17
donor2_CCGCAAGGTCTGTGAT-1,donor2,18
donor2_CCGCAAGGTGGTATGG-1,donor2,17
donor2_CCGCAAGGTTCGTTCC-1,donor2,4
donor2_CCGCAAGTCCCTCTCC-1,donor2,8
donor2_CCGCAAGTCGTAGTGT-1,donor2,5
donor2_CCGCAAGTCGTTCTCG-1,donor2,11
donor2_CCGCAAGTCTCATAGG-1,donor2,3
donor2_CCGCAAGTCTCTAAGG-1,donor2,8
donor2_CCGCAAGTCTCTGACC-1,donor2,17
donor2_CCGCAAGTCTGCTGAA-1,donor2,3
donor2_CCGGACAAGAAAGCGA-1,donor2,2
donor2_CCGGACAAGAGCAGCT-1,donor2,12
donor2_CCGGACAAGTGATAAC-1,donor2,8
donor2_CCGGACACAAAGCACG-1,donor2,3
donor2_CCGGACACACAAGGTG-1,donor2,8
donor2_CCGGACACATGACACT-1,donor2,19
donor2_CCGGACAGTAAGACCG-1,donor2,3
donor2_CCGGACAGTATGAAAC-1,donor2,6
donor2_CCGGACAGTCCTCCAT-1,donor2,17
donor2_CCGGACAGTTCCCAAA-1,donor2,3
donor2_CCGGACATCACCATCC-1,donor2,17
donor2_CCGGACATCAGGACAG-1,donor2,0
donor2_CCGGACATCGTTAGAC-1,donor2,1
donor2_CCGGGTAAGCGTGCTC-1,donor2,4
donor2_CCGGGTAAGGAACTAT-1,donor2,26
donor2_CCGGGTACAAGGTCTT-1,donor2,2
donor2_CCGGGTACACTGCGTG-1,donor2,3
donor2_CCGGGTACAGGAGGTT-1,donor2,16
donor2_CCGGGTACAGTAGGAC-1,donor2,4
donor2_CCGGGTACATCAGCTA-1,donor2,3
donor2_CCGGGTAGTGGACCAA-1,donor2,0
donor2_CCGGGTAGTTGTATGC-1,donor2,21
donor2_CCGGGTATCCACCCTA-1,donor2,3
donor2_CCGGGTATCCAGCACG-1,donor2,4
donor2_CCGGGTATCCTGGCTT-1,donor2,2
donor2_CCGGGTATCGTAACCA-1,donor2,2
donor2_CCGGGTATCTTCGGTC-1,donor2,2
donor2_CCGGTAGAGAGGATCC-1,donor2,4
donor2_CCGGTAGAGAGGGTGG-1,donor2,17
donor2_CCGGTAGAGCCATTGT-1,donor2,1
donor2_CCGGTAGAGGATCACG-1,donor2,17
donor2_CCGGTAGAGGGCGAGA-1,donor2,16
donor2_CCGGTAGCAATAACGA-1,donor2,15
donor2_CCGGTAGCATAGATGA-1,donor2,0
donor2_CCGGTAGGTCAGACTT-1,donor2,17
donor2_CCGGTAGGTCCCTGAG-1,donor2,17
donor2_CCGGTAGTCCCAATAG-1,donor2,17
donor2_CCGGTAGTCCCAGGAC-1,donor2,3
donor2_CCGGTAGTCTATCACT-1,donor2,15
donor2_CCGGTAGTCTGCCTCA-1,donor2,8
donor2_CCGGTGAAGATACCAA-1,donor2,2
donor2_CCGGTGAAGTCATTGC-1,donor2,2
donor2_CCGGTGAAGTTGGGAC-1,donor2,17
donor2_CCGGTGACAAGAATGT-1,donor2,5
donor2_CCGGTGACAATATCCG-1,donor2,0
donor2_CCGGTGACAATGTCAC-1,donor2,19
donor2_CCGGTGACACTCCCTA-1,donor2,3
donor2_CCGGTGAGTACCTAGT-1,donor2,21
donor2_CCGGTGAGTCATAAAG-1,donor2,4
donor2_CCGGTGAGTCGGCCTA-1,donor2,2
donor2_CCGGTGAGTGACAACG-1,donor2,19
donor2_CCGGTGAGTGTCTCCT-1,donor2,3
donor2_CCGGTGAGTTGTCTAG-1,donor2,21
donor2_CCGGTGATCAAGGCTT-1,donor2,4
donor2_CCGGTGATCCTACCGT-1,donor2,1
donor2_CCGTAGGAGAAATTGC-1,donor2,8
donor2_CCGTAGGAGACCTGGA-1,donor2,17
donor2_CCGTAGGAGCTGCCTG-1,donor2,19
donor2_CCGTAGGAGTACGTCT-1,donor2,1
donor2_CCGTAGGAGTAGACAT-1,donor2,21
donor2_CCGTAGGCACGACCTG-1,donor2,3
donor2_CCGTAGGCAGATCCTA-1,donor2,20
donor2_CCGTAGGGTGAACCGA-1,donor2,0
donor2_CCGTAGGGTTACGATC-1,donor2,4
donor2_CCGTAGGTCACTAGCA-1,donor2,4
donor2_CCGTAGGTCATCGTAG-1,donor2,2
donor2_CCGTAGGTCGATTCCC-1,donor2,2
donor2_CCGTGAGAGTACCCTA-1,donor2,1
donor2_CCGTGAGCAAGATCCT-1,donor2,1
donor2_CCGTGAGCAAGTACCT-1,donor2,3
donor2_CCGTGAGCAAGTTTGC-1,donor2,26
donor2_CCGTGAGCACCGTGGT-1,donor2,0
donor2_CCGTGAGGTCTGATAC-1,donor2,17
donor2_CCGTGAGGTGATACAA-1,donor2,20
donor2_CCGTGAGGTTTCTATC-1,donor2,2
donor2_CCGTGAGTCAGCAGAG-1,donor2,21
donor2_CCGTGAGTCCACGGGT-1,donor2,3
donor2_CCGTGAGTCGCTGTTC-1,donor2,4
donor2_CCGTGAGTCGTTGTGA-1,donor2,5
donor2_CCGTGAGTCTTCCCGA-1,donor2,2
donor2_CCGTTCAAGAGGCCAT-1,donor2,15
donor2_CCGTTCAAGTTACGTC-1,donor2,3
donor2_CCGTTCACAACCCGCA-1,donor2,5
donor2_CCGTTCACAATAGTCC-1,donor2,3
donor2_CCGTTCACACCATAAC-1,donor2,2
donor2_CCGTTCACAGAGCCCT-1,donor2,17
donor2_CCGTTCAGTACAGCGA-1,donor2,19
donor2_CCGTTCAGTCTTCTAT-1,donor2,6
donor2_CCGTTCAGTGACCGAA-1,donor2,21
donor2_CCGTTCAGTTACCTTT-1,donor2,19
donor2_CCGTTCATCACCCTCA-1,donor2,21
donor2_CCGTTCATCATACGAC-1,donor2,1
donor2_CCGTTCATCCTATTTG-1,donor2,1
donor2_CCGTTCATCTACGCGG-1,donor2,19
donor2_CCTAACCAGATCACCT-1,donor2,22
donor2_CCTAACCAGCCGATAG-1,donor2,1
donor2_CCTAACCAGGACACTG-1,donor2,17
donor2_CCTAACCAGGCCCACT-1,donor2,2
donor2_CCTAACCAGTCATACC-1,donor2,18
donor2_CCTAACCCACGGTGAA-1,donor2,1
donor2_CCTAACCGTACCATAC-1,donor2,19
donor2_CCTAACCGTAGAAACT-1,donor2,18
donor2_CCTAACCGTAGACGGT-1,donor2,18
donor2_CCTAACCGTATGGTAA-1,donor2,21
donor2_CCTAACCGTGTCATCA-1,donor2,2
donor2_CCTAACCGTGTTTGCA-1,donor2,19
donor2_CCTAACCGTTCGGGTC-1,donor2,17
donor2_CCTAACCTCCCATTTA-1,donor2,17
donor2_CCTAACCTCCGACAGC-1,donor2,4
donor2_CCTAACCTCCGTGTAA-1,donor2,18
donor2_CCTAACCTCGCAGTCG-1,donor2,19
donor2_CCTAACCTCGCGAAGA-1,donor2,5
donor2_CCTAAGACACTCCACT-1,donor2,5
donor2_CCTAAGACAGCGCGTT-1,donor2,1
donor2_CCTAAGAGTAGTATAG-1,donor2,12
donor2_CCTAAGAGTTAATCGC-1,donor2,21
donor2_CCTAAGAGTTAGGCCC-1,donor2,3
donor2_CCTAAGAGTTCCAAAC-1,donor2,15
donor2_CCTAAGATCAAAGCCT-1,donor2,21
donor2_CCTAAGATCAGTCTTT-1,donor2,8
donor2_CCTAAGATCCGCGAGT-1,donor2,3
donor2_CCTAAGATCGTGCTCT-1,donor2,3
donor2_CCTACGTAGAGAAGGT-1,donor2,18
donor2_CCTACGTCAATTCACG-1,donor2,3
donor2_CCTACGTGTAACGGTG-1,donor2,8
donor2_CCTACGTGTTGTTGAC-1,donor2,17
donor2_CCTACGTTCATAGGCT-1,donor2,2
donor2_CCTACGTTCCAACACA-1,donor2,5
donor2_CCTACGTTCCCGGTAG-1,donor2,18
donor2_CCTACGTTCGCAGTCG-1,donor2,8
donor2_CCTACGTTCGCCAATA-1,donor2,1
donor2_CCTACGTTCTCTGACC-1,donor2,18
donor2_CCTATCGAGCACCTGC-1,donor2,21
donor2_CCTATCGAGGTCACAG-1,donor2,3
donor2_CCTATCGAGTAGCATA-1,donor2,16
donor2_CCTATCGCAACCCTCT-1,donor2,16
donor2_CCTATCGCAAGATGTA-1,donor2,3
donor2_CCTATCGGTTCCACGG-1,donor2,1
donor2_CCTATCGTCGATTCCC-1,donor2,15
donor2_CCTATCGTCGTTGCCT-1,donor2,18
donor2_CCTCAACAGATGGTCG-1,donor2,2
donor2_CCTCAACAGGGCAAGG-1,donor2,6
donor2_CCTCAACAGTAAGAGG-1,donor2,2
donor2_CCTCAACCACGCCAGT-1,donor2,19
donor2_CCTCAACCAGCTCGGT-1,donor2,0
donor2_CCTCAACCATGATGCT-1,donor2,2
donor2_CCTCAACCATTGCCGG-1,donor2,3
donor2_CCTCAACCATTGGGAG-1,donor2,2
donor2_CCTCAACGTACGATGG-1,donor2,16
donor2_CCTCAACGTCACCACG-1,donor2,2
donor2_CCTCAACGTCGGTGAA-1,donor2,19
donor2_CCTCAACGTGATGGCA-1,donor2,18
donor2_CCTCAACGTGATTCTG-1,donor2,17
donor2_CCTCAACGTGGTACAG-1,donor2,15
donor2_CCTCAACGTGTCATGT-1,donor2,21
donor2_CCTCAACTCACCTTGC-1,donor2,2
donor2_CCTCAACTCAGGAAGC-1,donor2,18
donor2_CCTCAACTCCGTGACG-1,donor2,8
donor2_CCTCAACTCCTACAAG-1,donor2,3
donor2_CCTCACAAGAAGAGCA-1,donor2,3
donor2_CCTCACAAGACATACA-1,donor2,19
donor2_CCTCACAAGCAGTAAT-1,donor2,0
donor2_CCTCACAAGCCTCCAG-1,donor2,2
donor2_CCTCACAAGCCTTGAT-1,donor2,14
donor2_CCTCACAAGTACGTCT-1,donor2,17
donor2_CCTCACAAGTATTAGG-1,donor2,6
donor2_CCTCACAAGTGAGTTA-1,donor2,19
donor2_CCTCACACAAGACGAC-1,donor2,19
donor2_CCTCACACAATGAACA-1,donor2,3
donor2_CCTCACACAGAAGTGC-1,donor2,1
donor2_CCTCACACAGCAGTAG-1,donor2,2
donor2_CCTCACACATTCTTCA-1,donor2,1
donor2_CCTCACAGTAGCACAG-1,donor2,20
donor2_CCTCACAGTATCATGC-1,donor2,2
donor2_CCTCACAGTATGGTAA-1,donor2,1
donor2_CCTCACAGTGTCCACG-1,donor2,0
donor2_CCTCACAGTTGTTGCA-1,donor2,3
donor2_CCTCACATCAGCATTG-1,donor2,19
donor2_CCTCACATCGCTCTCA-1,donor2,19
donor2_CCTCAGTAGAAACCAT-1,donor2,18
donor2_CCTCAGTAGCCGATAG-1,donor2,3
donor2_CCTCAGTAGTACAGAT-1,donor2,15
donor2_CCTCAGTAGTGGTGAC-1,donor2,3
donor2_CCTCAGTCAGCCTACG-1,donor2,20
donor2_CCTCAGTGTCACTCTC-1,donor2,2
donor2_CCTCAGTGTGGTCTCG-1,donor2,12
donor2_CCTCAGTGTGTCTCCT-1,donor2,2
donor2_CCTCAGTGTTTGCAGT-1,donor2,15
donor2_CCTCAGTTCCTATTTG-1,donor2,15
donor2_CCTCAGTTCGACGATT-1,donor2,3
donor2_CCTCAGTTCGGAGTGA-1,donor2,2
donor2_CCTCATGAGCATGCGA-1,donor2,19
donor2_CCTCATGAGGGCCAAT-1,donor2,6
donor2_CCTCATGAGTCGGGAT-1,donor2,3
donor2_CCTCATGCAAGACCGA-1,donor2,4
donor2_CCTCATGGTAATTGGA-1,donor2,21
donor2_CCTCATGGTCTAGGTT-1,donor2,1
donor2_CCTCATGGTGTAGTGG-1,donor2,6
donor2_CCTCATGTCATTGAGC-1,donor2,15
donor2_CCTCCAAAGATTGAGT-1,donor2,3
donor2_CCTCCAAAGTCCCGAC-1,donor2,21
donor2_CCTCCAAAGTGTACAA-1,donor2,19
donor2_CCTCCAAAGTTGCTGT-1,donor2,17
donor2_CCTCCAACACAATCTG-1,donor2,3
donor2_CCTCCAACAGTAACAA-1,donor2,19
donor2_CCTCCAAGTTTACCTT-1,donor2,17
donor2_CCTCCAAGTTTCGTGA-1,donor2,0
donor2_CCTCCAATCGATGCTA-1,donor2,1
donor2_CCTCCTCAGCATTTCG-1,donor2,0
donor2_CCTCCTCAGCTAGTTC-1,donor2,17
donor2_CCTCCTCAGGAACTCG-1,donor2,21
donor2_CCTCCTCAGGTAGTAT-1,donor2,17
donor2_CCTCCTCAGTCTGCGC-1,donor2,15
donor2_CCTCCTCAGTTGTAGA-1,donor2,21
donor2_CCTCCTCCAAGCAGGT-1,donor2,3
donor2_CCTCCTCCAGACGATG-1,donor2,0
donor2_CCTCCTCCAGAGTTGG-1,donor2,19
donor2_CCTCCTCCAGTTGTCA-1,donor2,19
donor2_CCTCCTCCATAACCCA-1,donor2,2
donor2_CCTCCTCGTAGTTACC-1,donor2,4
donor2_CCTCCTCGTGACTATC-1,donor2,17
donor2_CCTCCTCGTGGGCTTC-1,donor2,17
donor2_CCTCCTCGTTCGAACT-1,donor2,17
donor2_CCTCCTCGTTGTCTAG-1,donor2,18
donor2_CCTCCTCTCAGTAGGG-1,donor2,1
donor2_CCTCCTCTCATGGATC-1,donor2,24
donor2_CCTCCTCTCCCTCGTA-1,donor2,5
donor2_CCTCCTCTCCTCAGGG-1,donor2,18
donor2_CCTCCTCTCTAAGAAG-1,donor2,17
donor2_CCTCTAGCAGATACCT-1,donor2,19
donor2_CCTCTAGCATTGCTGA-1,donor2,2
donor2_CCTCTAGGTATCATGC-1,donor2,19
donor2_CCTCTAGGTCCCTAAA-1,donor2,19
donor2_CCTCTAGGTCGATTTG-1,donor2,3
donor2_CCTCTAGGTTCTCGTC-1,donor2,3
donor2_CCTCTAGTCGATAACC-1,donor2,17
donor2_CCTCTAGTCGGCATTA-1,donor2,17
donor2_CCTCTAGTCTTCTAAC-1,donor2,3
donor2_CCTCTCCAGACACACG-1,donor2,15
donor2_CCTCTCCAGGCACGAT-1,donor2,18
donor2_CCTCTCCCAAGTGATA-1,donor2,21
donor2_CCTCTCCCACAAATGA-1,donor2,4
donor2_CCTCTCCGTACGGCAA-1,donor2,18
donor2_CCTCTCCGTAGCGTTT-1,donor2,21
donor2_CCTCTCCGTGTAGCAG-1,donor2,8
donor2_CCTCTCCGTTCGGTTA-1,donor2,21
donor2_CCTCTCCTCAAATGCC-1,donor2,3
donor2_CCTCTCCTCAGTCACA-1,donor2,2
donor2_CCTCTCCTCGCTAGCG-1,donor2,2
donor2_CCTGCATAGAATTGCA-1,donor2,1
donor2_CCTGCATCAACGGTAG-1,donor2,3
donor2_CCTGCATCAAGACCTT-1,donor2,15
donor2_CCTGCATGTCAAAGCG-1,donor2,2
donor2_CCTGCATGTTGTTGCA-1,donor2,16
donor2_CCTGCATTCAGCGCGT-1,donor2,16
donor2_CCTGCATTCATTACTC-1,donor2,6
donor2_CCTGCATTCCTCATAT-1,donor2,18
donor2_CCTGCATTCGTAGCCG-1,donor2,2
donor2_CCTGCATTCTAGTGAC-1,donor2,3
donor2_CCTGCATTCTTAGCCC-1,donor2,21
donor2_CCTGTTGAGAATAGTC-1,donor2,15
donor2_CCTGTTGAGCCTAGGA-1,donor2,12
donor2_CCTGTTGAGGCTCTAT-1,donor2,3
donor2_CCTGTTGAGTCCCGGT-1,donor2,2
donor2_CCTGTTGCAATCTGCA-1,donor2,4
donor2_CCTGTTGCAATTGCAC-1,donor2,18
donor2_CCTGTTGCACATACTG-1,donor2,19
donor2_CCTGTTGCACTGAATC-1,donor2,5
donor2_CCTGTTGCAGAGGCAT-1,donor2,6
donor2_CCTGTTGCAGTTCTAG-1,donor2,6
donor2_CCTGTTGCATCACGGC-1,donor2,17
donor2_CCTGTTGGTTCGTAAC-1,donor2,0
donor2_CCTGTTGTCACTTGGA-1,donor2,6
donor2_CCTGTTGTCTGGTTGA-1,donor2,21
donor2_CCTGTTGTCTTGGAAC-1,donor2,2
donor2_CCTTCAGAGACGGTTG-1,donor2,17
donor2_CCTTCAGAGAGGACTC-1,donor2,15
donor2_CCTTCAGAGATGAAGG-1,donor2,3
donor2_CCTTCAGAGGTGCCAA-1,donor2,18
donor2_CCTTCAGCACAGAAGC-1,donor2,3
donor2_CCTTCAGCAGAGGAAA-1,donor2,5
donor2_CCTTCAGCAGATCCTA-1,donor2,2
donor2_CCTTCAGCAGTGTATC-1,donor2,8
donor2_CCTTCAGGTATCCCAA-1,donor2,0
donor2_CCTTCAGGTCGAGTTT-1,donor2,19
donor2_CCTTCAGTCACCATCC-1,donor2,1
donor2_CCTTCAGTCCCATAGA-1,donor2,6
donor2_CCTTCAGTCTAGGCCG-1,donor2,2
donor2_CCTTGTGAGCGAGTAC-1,donor2,17
donor2_CCTTGTGAGGAGACCT-1,donor2,0
donor2_CCTTGTGAGGTTACAA-1,donor2,19
donor2_CCTTGTGAGTAAGACT-1,donor2,17
donor2_CCTTGTGAGTGCTCAT-1,donor2,21
donor2_CCTTGTGAGTGGGAAA-1,donor2,27
donor2_CCTTGTGAGTGTACCT-1,donor2,17
donor2_CCTTGTGCAACGATCT-1,donor2,19
donor2_CCTTGTGCACGTTGGC-1,donor2,21
donor2_CCTTGTGGTACAACGG-1,donor2,0
donor2_CCTTGTGGTATGGAGC-1,donor2,2
donor2_CCTTGTGGTGGTCAAG-1,donor2,3
donor2_CCTTGTGGTTGTGCCG-1,donor2,4
donor2_CCTTGTGTCATGCAGT-1,donor2,6
donor2_CCTTGTGTCATGCTAG-1,donor2,2
donor2_CCTTTGGAGATTAGAC-1,donor2,5
donor2_CCTTTGGAGCTACGTT-1,donor2,6
donor2_CCTTTGGAGTGGTTGG-1,donor2,12
donor2_CCTTTGGCACATGTTG-1,donor2,15
donor2_CCTTTGGCACGACGCT-1,donor2,17
donor2_CCTTTGGCACGTAGAG-1,donor2,0
donor2_CCTTTGGCACTGTCGG-1,donor2,5
donor2_CCTTTGGCATCTCGTC-1,donor2,0
donor2_CCTTTGGGTAGCCCTG-1,donor2,18
donor2_CCTTTGGGTCTTGGTA-1,donor2,22
donor2_CCTTTGGGTGTGTCGC-1,donor2,7
donor2_CCTTTGGGTTGGTGTT-1,donor2,17
donor2_CCTTTGGGTTTCGGCG-1,donor2,19
donor2_CCTTTGGTCGAGAAGC-1,donor2,18
donor2_CCTTTGGTCGTGCACG-1,donor2,20
donor2_CCTTTGGTCGTGGACC-1,donor2,18
donor2_CCTTTGGTCTGCCTGT-1,donor2,4
donor2_CGAAGGAAGATGCTTC-1,donor2,17
donor2_CGAAGGAAGCACTCGC-1,donor2,2
donor2_CGAAGGAAGGTCGAGT-1,donor2,2
donor2_CGAAGGAAGGTTCAGG-1,donor2,1
donor2_CGAAGGAAGTGCACTT-1,donor2,8
donor2_CGAAGGACAACGATCT-1,donor2,8
donor2_CGAAGGACAAGAGGTC-1,donor2,2
donor2_CGAAGGACAAGCCATT-1,donor2,16
donor2_CGAAGGACATACAGGG-1,donor2,5
donor2_CGAAGGACATACGCAT-1,donor2,19
donor2_CGAAGGACATCAACCA-1,donor2,8
donor2_CGAAGGACATCTCAAG-1,donor2,4
donor2_CGAAGGAGTGCGGCTT-1,donor2,19
donor2_CGAAGGAGTGTCCGTG-1,donor2,4
donor2_CGAAGGAGTTATTCTC-1,donor2,21
donor2_CGAAGGAGTTCGGGTC-1,donor2,2
donor2_CGAAGGAGTTCTCGTC-1,donor2,7
donor2_CGAAGTTAGTAACAGT-1,donor2,20
donor2_CGAAGTTAGTAGATCA-1,donor2,1
donor2_CGAAGTTAGTGCACAG-1,donor2,2
donor2_CGAAGTTCAGTTGTTG-1,donor2,4
donor2_CGAAGTTCATTCCTAT-1,donor2,2
donor2_CGAAGTTGTAGAGCTG-1,donor2,4
donor2_CGAAGTTGTCGCTCGA-1,donor2,1
donor2_CGAAGTTGTCTGTAAC-1,donor2,3
donor2_CGAAGTTGTGAATTAG-1,donor2,21
donor2_CGAAGTTGTTCATCTT-1,donor2,19
donor2_CGAAGTTTCAAGTGTC-1,donor2,18
donor2_CGAAGTTTCACCCTTG-1,donor2,17
donor2_CGAAGTTTCAGCTGTA-1,donor2,3
donor2_CGAAGTTTCCGAGATT-1,donor2,4
donor2_CGAATTGAGGTTCTAC-1,donor2,15
donor2_CGAATTGAGTAACAGT-1,donor2,2
donor2_CGAATTGAGTCGAATA-1,donor2,2
donor2_CGAATTGAGTCGGCAA-1,donor2,18
donor2_CGAATTGAGTTGGCGA-1,donor2,2
donor2_CGAATTGCACCATTCC-1,donor2,19
donor2_CGAATTGCAGAACATA-1,donor2,19
donor2_CGAATTGCAGTGCGCT-1,donor2,15
donor2_CGAATTGGTACCGGAA-1,donor2,17
donor2_CGAATTGGTAGCACGA-1,donor2,0
donor2_CGAATTGGTGATCATC-1,donor2,3
donor2_CGAATTGGTTCGAACT-1,donor2,6
donor2_CGAATTGTCAATCCGA-1,donor2,8
donor2_CGAATTGTCAGGAAGC-1,donor2,8
donor2_CGAATTGTCCCGAAAT-1,donor2,19
donor2_CGAATTGTCCGTATAG-1,donor2,19
donor2_CGAATTGTCTCTCGCA-1,donor2,18
donor2_CGACAGCAGAAACTAC-1,donor2,12
donor2_CGACAGCAGGACTTCT-1,donor2,22
donor2_CGACAGCAGGTACATA-1,donor2,18
donor2_CGACAGCAGGTGCATG-1,donor2,8
donor2_CGACAGCAGTACGAGC-1,donor2,3
donor2_CGACAGCCAAATGGCG-1,donor2,8
donor2_CGACAGCCACATGGTT-1,donor2,10
donor2_CGACAGCCAGACCTAT-1,donor2,17
donor2_CGACAGCGTAACACCT-1,donor2,3
donor2_CGACAGCGTACAAACA-1,donor2,3
donor2_CGACAGCGTATACCCA-1,donor2,19
donor2_CGACAGCGTGATAGTA-1,donor2,8
donor2_CGACAGCGTGTAACGG-1,donor2,0
donor2_CGACAGCGTGTTAGCT-1,donor2,2
donor2_CGACAGCGTTCCGTTC-1,donor2,8
donor2_CGAGAAGAGAGGCGTT-1,donor2,15
donor2_CGAGAAGAGCCATGCC-1,donor2,25
donor2_CGAGAAGAGCTACGTT-1,donor2,8
donor2_CGAGAAGAGGAACTAT-1,donor2,4
donor2_CGAGAAGAGGAGAATG-1,donor2,3
donor2_CGAGAAGAGGAGGGTG-1,donor2,3
donor2_CGAGAAGAGTTCATCG-1,donor2,0
donor2_CGAGAAGCAGACCAGA-1,donor2,3
donor2_CGAGAAGTCACAAGAA-1,donor2,2
donor2_CGAGAAGTCCACTGGG-1,donor2,19
donor2_CGAGAAGTCGACCTAA-1,donor2,4
donor2_CGAGGAAAGAGCCCAA-1,donor2,1
donor2_CGAGGAAAGCTAAACA-1,donor2,2
donor2_CGAGGAAAGCTCATAC-1,donor2,3
donor2_CGAGGAAAGGTAAACT-1,donor2,3
donor2_CGAGGAACAAATTAGG-1,donor2,15
donor2_CGAGGAACACTGTGAT-1,donor2,8
donor2_CGAGGAACATAACGGG-1,donor2,17
donor2_CGAGGAACATATACCG-1,donor2,3
donor2_CGAGGAACATCACCAA-1,donor2,15
donor2_CGAGGAAGTAGTACGG-1,donor2,6
donor2_CGAGGAAGTATAGGAT-1,donor2,5
donor2_CGAGGAAGTCGTTGCG-1,donor2,12
donor2_CGAGGAAGTTTGAAAG-1,donor2,8
donor2_CGAGGAATCAAGGAGC-1,donor2,18
donor2_CGAGGAATCGACCCAG-1,donor2,6
donor2_CGAGGAATCTATCGGA-1,donor2,20
donor2_CGAGGAATCTCAAAGC-1,donor2,3
donor2_CGAGGCTAGACCCTTA-1,donor2,20
donor2_CGAGGCTCAACTTGCA-1,donor2,0
donor2_CGAGGCTCAAGGCCTC-1,donor2,4
donor2_CGAGGCTCACCAGGTC-1,donor2,0
donor2_CGAGGCTCACGTTCGG-1,donor2,20
donor2_CGAGGCTCACTGCACG-1,donor2,8
donor2_CGAGGCTCAGATTCGT-1,donor2,8
donor2_CGAGGCTCAGCTGTTA-1,donor2,17
donor2_CGAGGCTCATTCAGGT-1,donor2,2
donor2_CGAGGCTGTATCCTTT-1,donor2,2
donor2_CGAGGCTGTTAGGAGC-1,donor2,16
donor2_CGAGGCTGTTGCATGT-1,donor2,3
donor2_CGAGGCTGTTTGGGTT-1,donor2,2
donor2_CGAGGCTTCAAGCCCG-1,donor2,0
donor2_CGAGGCTTCACATACG-1,donor2,18
donor2_CGAGGCTTCAGAGTTC-1,donor2,19
donor2_CGAGGCTTCTAGGCCG-1,donor2,19
donor2_CGAGGCTTCTCTCGAC-1,donor2,1
donor2_CGAGTGCAGATAGTCA-1,donor2,4
donor2_CGAGTGCAGATGACCG-1,donor2,0
donor2_CGAGTGCAGCTCAGAG-1,donor2,12
donor2_CGAGTGCAGGCTGAAC-1,donor2,18
donor2_CGAGTGCAGTCAGAGC-1,donor2,15
donor2_CGAGTGCCACAAGTTC-1,donor2,2
donor2_CGAGTGCCACAGCCTG-1,donor2,8
donor2_CGAGTGCCACTAGGCC-1,donor2,4
donor2_CGAGTGCCAGTGAGCA-1,donor2,15
donor2_CGAGTGCCATACCGTA-1,donor2,2
donor2_CGAGTGCCATCACAGT-1,donor2,3
donor2_CGAGTGCGTCATCGGC-1,donor2,3
donor2_CGAGTGCTCCGAGAAG-1,donor2,8
donor2_CGAGTGCTCGCCAGTG-1,donor2,17
donor2_CGAGTGCTCTTACCAT-1,donor2,15
donor2_CGAGTTAAGCCGATCC-1,donor2,8
donor2_CGAGTTAAGGCTCTAT-1,donor2,18
donor2_CGAGTTACACAATGCT-1,donor2,20
donor2_CGAGTTACACATCCCT-1,donor2,2
donor2_CGAGTTACACCAGTAT-1,donor2,3
donor2_CGAGTTACAGAGAGGG-1,donor2,2
donor2_CGAGTTAGTACCTAAC-1,donor2,8
donor2_CGAGTTAGTAGGTAGC-1,donor2,18
donor2_CGAGTTAGTATGAAGT-1,donor2,3
donor2_CGAGTTAGTGAGAGGG-1,donor2,1
donor2_CGAGTTAGTTGTGTAC-1,donor2,8
donor2_CGAGTTAGTTTACTTC-1,donor2,8
donor2_CGAGTTATCATCACCC-1,donor2,8
donor2_CGATCGGAGAGGACTC-1,donor2,0
donor2_CGATCGGAGCCAAGCA-1,donor2,3
donor2_CGATCGGCACAAGCCC-1,donor2,19
donor2_CGATCGGCACTCGATA-1,donor2,8
donor2_CGATCGGCATGGACAG-1,donor2,19
donor2_CGATCGGGTAGACACG-1,donor2,19
donor2_CGATCGGGTCCTTGTC-1,donor2,6
donor2_CGATCGGGTGCGGTAA-1,donor2,3
donor2_CGATCGGGTTGTAGCT-1,donor2,4
donor2_CGATCGGTCCGCACGA-1,donor2,7
donor2_CGATCGGTCTATCACT-1,donor2,17
donor2_CGATCGGTCTCGCTCA-1,donor2,21
donor2_CGATGCGAGCTAATCC-1,donor2,0
donor2_CGATGCGAGGGCATGT-1,donor2,17
donor2_CGATGCGAGGGCTAAC-1,donor2,20
donor2_CGATGCGAGTATAGGT-1,donor2,2
donor2_CGATGCGCACGCAAAG-1,donor2,2
donor2_CGATGCGCAGGAACCA-1,donor2,0
donor2_CGATGCGCATTGCTTT-1,donor2,3
donor2_CGATGCGCATTGGCAT-1,donor2,1
donor2_CGATGCGGTAGAGATT-1,donor2,0
donor2_CGATGCGGTCCTGTTC-1,donor2,2
donor2_CGATGCGGTCGATTAC-1,donor2,2
donor2_CGATGCGGTGAGATAT-1,donor2,3
donor2_CGATGCGGTGAGGCAT-1,donor2,2
donor2_CGATGCGTCAATGCAC-1,donor2,5
donor2_CGATGCGTCGATTTCT-1,donor2,1
donor2_CGATGCGTCTACGGTA-1,donor2,19
donor2_CGATGGCAGAGTTGCG-1,donor2,12
donor2_CGATGGCAGCGTCAGA-1,donor2,19
donor2_CGATGGCAGGCTCTAT-1,donor2,18
donor2_CGATGGCAGGGAGGAC-1,donor2,19
donor2_CGATGGCAGTAATCCC-1,donor2,19
donor2_CGATGGCCAAATCAGA-1,donor2,0
donor2_CGATGGCGTAGCGTTT-1,donor2,23
donor2_CGATGGCGTCCTGAAT-1,donor2,16
donor2_CGCAGGTAGAGAACCC-1,donor2,20
donor2_CGCAGGTAGGAACTCG-1,donor2,19
donor2_CGCAGGTAGTCGGCCT-1,donor2,0
donor2_CGCAGGTAGTTCCTGA-1,donor2,18
donor2_CGCAGGTCAACACTAC-1,donor2,8
donor2_CGCAGGTCAATAAGGT-1,donor2,17
donor2_CGCAGGTGTAATGCTC-1,donor2,16
donor2_CGCAGGTGTGGGTCAA-1,donor2,0
donor2_CGCAGGTGTTGGGCCT-1,donor2,19
donor2_CGCAGGTTCCTCACGT-1,donor2,17
donor2_CGCAGGTTCGGTCTAA-1,donor2,16
donor2_CGCAGGTTCTAGAACC-1,donor2,2
donor2_CGCAGGTTCTAGTACG-1,donor2,2
donor2_CGCATAAAGGGTCACA-1,donor2,8
donor2_CGCATAACACGGCTAC-1,donor2,3
donor2_CGCATAACACGTGAGA-1,donor2,3
donor2_CGCATAAGTAACATGA-1,donor2,4
donor2_CGCATAAGTTCCGCAG-1,donor2,15
donor2_CGCATAATCCATCTGC-1,donor2,2
donor2_CGCATAATCGCTGATA-1,donor2,19
donor2_CGCATGGAGCGATCGA-1,donor2,19
donor2_CGCATGGAGTACTGTC-1,donor2,2
donor2_CGCATGGAGTGCACAG-1,donor2,19
donor2_CGCATGGCAGCTGAGA-1,donor2,8
donor2_CGCATGGCAGTCGGAA-1,donor2,5
donor2_CGCATGGCATCAGCGC-1,donor2,4
donor2_CGCATGGGTTCGTTCC-1,donor2,16
donor2_CGCATGGTCACTAGCA-1,donor2,19
donor2_CGCATGGTCCAAGGGA-1,donor2,8
donor2_CGCATGGTCCATCAGA-1,donor2,0
donor2_CGCATGGTCCGATGCG-1,donor2,4
donor2_CGCATGGTCGGCGATC-1,donor2,0
donor2_CGCATGGTCGGTCGGT-1,donor2,18
donor2_CGCATGGTCTACTGCC-1,donor2,8
donor2_CGCCAGAAGCGTTCCG-1,donor2,2
donor2_CGCCAGAAGGGATCAC-1,donor2,12
donor2_CGCCAGAAGGTCGTAG-1,donor2,8
donor2_CGCCAGACAATAACCC-1,donor2,0
donor2_CGCCAGACACAGCCAC-1,donor2,0
donor2_CGCCAGACACGCGGTT-1,donor2,19
donor2_CGCCAGACATAGGAGC-1,donor2,8
donor2_CGCCAGACATGAAGCG-1,donor2,1
donor2_CGCCAGACATGAGGGT-1,donor2,12
donor2_CGCCAGAGTAACACGG-1,donor2,18
donor2_CGCCAGAGTACGATGG-1,donor2,2
donor2_CGCCAGAGTCGCATGC-1,donor2,17
donor2_CGCCAGAGTGAGACCA-1,donor2,3
donor2_CGCCAGAGTTAATCGC-1,donor2,17
donor2_CGCCAGAGTTCAGTAC-1,donor2,16
donor2_CGCCAGAGTTCTCGTC-1,donor2,3
donor2_CGCCAGATCGGAAGGT-1,donor2,2
donor2_CGCCAGATCTATCGCC-1,donor2,2
donor2_CGCCATTAGAAGTATC-1,donor2,17
donor2_CGCCATTAGAAGTGTT-1,donor2,12
donor2_CGCCATTAGCCACAAG-1,donor2,6
donor2_CGCCATTAGCGAGAAA-1,donor2,8
donor2_CGCCATTAGGGCCAAT-1,donor2,3
donor2_CGCCATTAGTATCCTG-1,donor2,8
donor2_CGCCATTAGTTGTAAG-1,donor2,17
donor2_CGCCATTCATCCTAAG-1,donor2,21
donor2_CGCCATTGTCGAAGCA-1,donor2,2
donor2_CGCCATTGTGGCTCTG-1,donor2,2
donor2_CGCCATTGTTAAGGAT-1,donor2,4
donor2_CGCCATTGTTGTTGCA-1,donor2,8
donor2_CGCCATTTCATCTGTT-1,donor2,8
donor2_CGCCATTTCTCTGACC-1,donor2,5
donor2_CGCGTGAAGAGCAGAA-1,donor2,4
donor2_CGCGTGAAGCTCATAC-1,donor2,2
donor2_CGCGTGAAGCTGTTAC-1,donor2,16
donor2_CGCGTGAAGTCCCAGC-1,donor2,3
donor2_CGCGTGAAGTGCAGCA-1,donor2,18
donor2_CGCGTGACAATCTGCA-1,donor2,19
donor2_CGCGTGACACCAGGTC-1,donor2,4
donor2_CGCGTGACATGAGGGT-1,donor2,17
donor2_CGCGTGACATGGCTAT-1,donor2,16
donor2_CGCGTGAGTAAGTTAG-1,donor2,6
donor2_CGCGTGAGTTAAACAG-1,donor2,18
donor2_CGCGTGATCCGGTAGC-1,donor2,3
donor2_CGCGTGATCGCAATTG-1,donor2,8
donor2_CGGAACCAGTCTACCA-1,donor2,16
donor2_CGGAACCCAATGTGGG-1,donor2,19
donor2_CGGAACCCACACCGCA-1,donor2,17
donor2_CGGAACCCACGTGTGC-1,donor2,15
donor2_CGGAACCCAGACCAGA-1,donor2,17
donor2_CGGAACCCAGCTACCG-1,donor2,6
donor2_CGGAACCCATCATCTT-1,donor2,17
donor2_CGGAACCGTTTGCCGG-1,donor2,1
donor2_CGGAACCTCCAGTACA-1,donor2,21
donor2_CGGAACCTCTCTATGT-1,donor2,2
donor2_CGGAATTAGAGTGTGC-1,donor2,17
donor2_CGGAATTAGATCCCAT-1,donor2,3
donor2_CGGAATTAGCATTGTC-1,donor2,17
donor2_CGGAATTAGGAAAGGT-1,donor2,21
donor2_CGGAATTAGGGCCTCT-1,donor2,3
donor2_CGGAATTAGTATCTGC-1,donor2,4
donor2_CGGAATTCAAATCAGA-1,donor2,1
donor2_CGGAATTGTAACGTTC-1,donor2,19
donor2_CGGAATTGTAGGTACG-1,donor2,2
donor2_CGGAATTTCAAGTGTC-1,donor2,17
donor2_CGGAATTTCGGAACTT-1,donor2,1
donor2_CGGAATTTCGGCTGAC-1,donor2,18
donor2_CGGAATTTCTTCTTCC-1,donor2,4
donor2_CGGACACAGACAGCGT-1,donor2,16
donor2_CGGACACAGACTGTTC-1,donor2,19
donor2_CGGACACAGAGAATCT-1,donor2,18
donor2_CGGACACAGAGTGTTA-1,donor2,17
donor2_CGGACACAGATTGAGT-1,donor2,1
donor2_CGGACACAGCAATTCC-1,donor2,4
donor2_CGGACACAGCCTGCCA-1,donor2,3
donor2_CGGACACAGTAAATGC-1,donor2,19
donor2_CGGACACCAACTCATG-1,donor2,19
donor2_CGGACACCACGCGCTA-1,donor2,16
donor2_CGGACACCAGAGGTAC-1,donor2,1
donor2_CGGACACGTGTTCCTC-1,donor2,17
donor2_CGGACACTCAGCAGAG-1,donor2,19
donor2_CGGACACTCGACGATT-1,donor2,17
donor2_CGGACACTCGCCAGTG-1,donor2,21
donor2_CGGACACTCTGGAAGG-1,donor2,22
donor2_CGGAGAAAGAGTGAAG-1,donor2,3
donor2_CGGAGAAAGTTGGCTT-1,donor2,16
donor2_CGGAGAACAACACAGG-1,donor2,3
donor2_CGGAGAACACCGCTGA-1,donor2,18
donor2_CGGAGAACAGCAGTAG-1,donor2,2
donor2_CGGAGAAGTACCCGAC-1,donor2,19
donor2_CGGAGAAGTATCTCTT-1,donor2,0
donor2_CGGAGAAGTCCGTACG-1,donor2,2
donor2_CGGAGAAGTTGCGTAT-1,donor2,2
donor2_CGGAGAATCCTTCTAA-1,donor2,17
donor2_CGGAGAATCGTAGCCG-1,donor2,18
donor2_CGGCAGTAGAGAATCT-1,donor2,6
donor2_CGGCAGTAGCAAACAT-1,donor2,2
donor2_CGGCAGTAGCTAAATG-1,donor2,18
donor2_CGGCAGTGTAACTAAG-1,donor2,16
donor2_CGGCAGTGTGCAGTGA-1,donor2,17
donor2_CGGCAGTTCCGTATGA-1,donor2,2
donor2_CGGCAGTTCGTCTCAC-1,donor2,6
donor2_CGGGACTAGGCTTTCA-1,donor2,3
donor2_CGGGACTAGGTTCCGC-1,donor2,0
donor2_CGGGACTAGTAATTGG-1,donor2,1
donor2_CGGGACTAGTCAGCCC-1,donor2,8
donor2_CGGGACTAGTTTCGGT-1,donor2,2
donor2_CGGGACTCACTATCCC-1,donor2,21
donor2_CGGGACTGTCACTACA-1,donor2,0
donor2_CGGGACTGTCGTTTCC-1,donor2,8
donor2_CGGGACTTCAAGCTGT-1,donor2,4
donor2_CGGGACTTCATTACCT-1,donor2,16
donor2_CGGGCATAGATTGAGT-1,donor2,3
donor2_CGGGCATAGCTGAGTG-1,donor2,2
donor2_CGGGCATCAACCGCTG-1,donor2,19
donor2_CGGGCATCACCTAAAC-1,donor2,1
donor2_CGGGCATCAGCTGTCG-1,donor2,18
donor2_CGGGCATGTTGACTGT-1,donor2,17
donor2_CGGGCATTCCGGTAGC-1,donor2,16
donor2_CGGGCATTCGGAAGGT-1,donor2,5
donor2_CGGGTCAAGCCTGACC-1,donor2,15
donor2_CGGGTCAAGCTCCACG-1,donor2,8
donor2_CGGGTCACACGGTAGA-1,donor2,0
donor2_CGGGTCACACTATCGA-1,donor2,15
donor2_CGGGTCAGTACAGTCT-1,donor2,0
donor2_CGGGTCAGTAGAGTTA-1,donor2,21
donor2_CGGGTCAGTATCAGCT-1,donor2,2
donor2_CGGGTCAGTCCACATA-1,donor2,20
donor2_CGGGTCAGTTGCTCGG-1,donor2,17
donor2_CGGGTCATCACTCGAA-1,donor2,17
donor2_CGGGTCATCGTGCATA-1,donor2,17
donor2_CGGGTCATCTTGTTAC-1,donor2,19
donor2_CGGGTGTAGCGACTAG-1,donor2,4
donor2_CGGGTGTAGGTCGAGT-1,donor2,26
donor2_CGGGTGTAGTTTGCTG-1,donor2,17
donor2_CGGGTGTCACATAACC-1,donor2,15
donor2_CGGGTGTCACATATCG-1,donor2,4
donor2_CGGGTGTCAGAATCGG-1,donor2,21
donor2_CGGGTGTGTATCACGT-1,donor2,17
donor2_CGGGTGTGTGGCCCAT-1,donor2,3
donor2_CGGGTGTGTTCCCAAA-1,donor2,19
donor2_CGGGTGTTCAAAGGAT-1,donor2,8
donor2_CGGTCAGAGCTGCCAC-1,donor2,8
donor2_CGGTCAGAGTCTCTGA-1,donor2,4
donor2_CGGTCAGCAGAGGGTT-1,donor2,3
donor2_CGGTCAGCAGCGAACA-1,donor2,3
donor2_CGGTCAGCAGGCTTGC-1,donor2,17
donor2_CGGTCAGCAGGGTTGA-1,donor2,17
donor2_CGGTCAGCATTATGCG-1,donor2,19
donor2_CGGTCAGGTGATACCT-1,donor2,3
donor2_CGGTCAGGTTGATCGT-1,donor2,4
donor2_CGGTCAGTCAAAGCCT-1,donor2,16
donor2_CGGTCAGTCGAACCTA-1,donor2,0
donor2_CGGTCAGTCGCGTCGA-1,donor2,21
donor2_CGGTCAGTCGGTCGAC-1,donor2,19
donor2_CGGTCAGTCTCGGTCT-1,donor2,15
donor2_CGTAAGTAGATGGCGT-1,donor2,2
donor2_CGTAAGTAGCACCAGA-1,donor2,8
donor2_CGTAAGTAGCCGTTGC-1,donor2,3
donor2_CGTAAGTAGTAGTGCG-1,donor2,24
donor2_CGTAAGTCAAAGCGTG-1,donor2,26
donor2_CGTAAGTCACTGCATA-1,donor2,8
donor2_CGTAAGTCAGAGGCAT-1,donor2,3
donor2_CGTAAGTCAGTCTTCC-1,donor2,4
donor2_CGTAAGTCATAGAATG-1,donor2,17
donor2_CGTAAGTCATAGAGGC-1,donor2,5
donor2_CGTAAGTGTACGGCAA-1,donor2,16
donor2_CGTAAGTGTATAATGG-1,donor2,3
donor2_CGTAAGTGTTAATGAG-1,donor2,18
donor2_CGTAAGTGTTATGACC-1,donor2,8
donor2_CGTAAGTGTTCCTAAG-1,donor2,20
donor2_CGTAAGTTCACTCGAA-1,donor2,21
donor2_CGTAAGTTCCAGTGTA-1,donor2,6
donor2_CGTAAGTTCGAACTCA-1,donor2,2
donor2_CGTAAGTTCTGAGGTT-1,donor2,27
donor2_CGTAATGAGAGCATAT-1,donor2,1
donor2_CGTAATGAGGGCAATC-1,donor2,2
donor2_CGTAATGCAACCACAT-1,donor2,1
donor2_CGTAATGCAGCAGACA-1,donor2,2
donor2_CGTAATGCATGAAAGT-1,donor2,15
donor2_CGTAATGCATTCACCC-1,donor2,19
donor2_CGTAATGGTGACAGGT-1,donor2,19
donor2_CGTAATGGTGTCTTGA-1,donor2,12
donor2_CGTAATGGTTATAGCC-1,donor2,8
donor2_CGTAATGGTTCTAAGC-1,donor2,21
donor2_CGTAATGTCCGGTAAT-1,donor2,0
donor2_CGTAATGTCTCCTGAC-1,donor2,0
donor2_CGTAGTAAGAAGGTAG-1,donor2,0
donor2_CGTAGTAAGACTTGTC-1,donor2,2
donor2_CGTAGTAAGAGCGACT-1,donor2,2
donor2_CGTAGTAAGCAACTTC-1,donor2,4
donor2_CGTAGTACAGGTTACT-1,donor2,19
donor2_CGTAGTACAGTTAGGG-1,donor2,3
donor2_CGTAGTAGTACTGGGA-1,donor2,8
donor2_CGTAGTAGTCACTGAT-1,donor2,1
donor2_CGTAGTAGTTACAGCT-1,donor2,15
donor2_CGTAGTAGTTGCCGAC-1,donor2,8
donor2_CGTAGTAGTTTACGTG-1,donor2,3
donor2_CGTAGTATCGGTAACT-1,donor2,17
donor2_CGTAGTATCGTCTAAG-1,donor2,18
donor2_CGTAGTATCTACAGGT-1,donor2,20
donor2_CGTAGTATCTCCCAAC-1,donor2,1
donor2_CGTCAAAAGAGTGGCT-1,donor2,19
donor2_CGTCAAAAGCGGGTAT-1,donor2,1
donor2_CGTCAAAAGGATCACG-1,donor2,19
donor2_CGTCAAAAGGGTGAAA-1,donor2,2
donor2_CGTCAAACAGACACCC-1,donor2,19
donor2_CGTCAAAGTATCGCTA-1,donor2,5
donor2_CGTCAAAGTCTAGGCC-1,donor2,21
donor2_CGTCAAAGTGGCTAGA-1,donor2,3
donor2_CGTCAAATCATCACCC-1,donor2,17
donor2_CGTCAAATCTTTCCAA-1,donor2,8
donor2_CGTCCATAGGCTGTAG-1,donor2,2
donor2_CGTCCATAGGGTCACA-1,donor2,3
donor2_CGTCCATCAAAGGTTA-1,donor2,19
donor2_CGTCCATCAATTGGTC-1,donor2,3
donor2_CGTCCATCACAATGTC-1,donor2,18
donor2_CGTCCATCAGCTTTCC-1,donor2,8
donor2_CGTCCATCAGGCGAAT-1,donor2,19
donor2_CGTCCATGTGATCGTT-1,donor2,3
donor2_CGTCCATGTTAAGGGC-1,donor2,8
donor2_CGTCCATTCAACCTTT-1,donor2,2
donor2_CGTCCATTCCTCGATC-1,donor2,4
donor2_CGTCCATTCCTGGGTG-1,donor2,19
donor2_CGTCCATTCGAGATAA-1,donor2,2
donor2_CGTCCATTCGAGCCAC-1,donor2,0
donor2_CGTCCATTCGCCCAGA-1,donor2,1
donor2_CGTCCATTCTGATTCT-1,donor2,8
donor2_CGTCCATTCTTAAGGC-1,donor2,16
donor2_CGTGAATAGCCGCACT-1,donor2,6
donor2_CGTGAATAGCTGACTT-1,donor2,17
donor2_CGTGAATAGGAGAGTA-1,donor2,18
donor2_CGTGAATAGGGCCTCT-1,donor2,2
donor2_CGTGAATAGTCTGTAC-1,donor2,8
donor2_CGTGAATAGTTGCTCA-1,donor2,18
donor2_CGTGAATCAAGTCCCG-1,donor2,12
donor2_CGTGAATCACAGAGCA-1,donor2,2
donor2_CGTGAATCACTGTGAT-1,donor2,18
donor2_CGTGAATCAGGCATGA-1,donor2,18
donor2_CGTGAATGTTCTCCCA-1,donor2,0
donor2_CGTGAATGTTGACTAC-1,donor2,2
donor2_CGTGAATTCATAGCAC-1,donor2,17
donor2_CGTGAATTCCACGAAT-1,donor2,2
donor2_CGTGAATTCGACACTA-1,donor2,8
donor2_CGTGAATTCGCAATTG-1,donor2,16
donor2_CGTGAATTCTGAGGTT-1,donor2,8
donor2_CGTGATAAGAACAGGA-1,donor2,1
donor2_CGTGATAAGAGTCCGA-1,donor2,5
donor2_CGTGATAAGGCTTTCA-1,donor2,18
donor2_CGTGATAAGGTACATA-1,donor2,17
donor2_CGTGATAAGTCCTGCG-1,donor2,2
donor2_CGTGATACAAATGCTC-1,donor2,2
donor2_CGTGATACACCCTATC-1,donor2,0
donor2_CGTGATACAGGTTACT-1,donor2,17
donor2_CGTGATAGTCAAAGTA-1,donor2,2
donor2_CGTGATAGTCACCGCA-1,donor2,15
donor2_CGTGATAGTTCATCTT-1,donor2,6
donor2_CGTGATATCAAGGACG-1,donor2,17
donor2_CGTGATATCCATCTAT-1,donor2,3
donor2_CGTGATATCGTGGGAA-1,donor2,19
donor2_CGTGATATCTTTACAC-1,donor2,17
donor2_CGTGCTTAGAACAAGG-1,donor2,18
donor2_CGTGCTTAGACCATAA-1,donor2,5
donor2_CGTGCTTAGCGCAATG-1,donor2,19
donor2_CGTGCTTAGGTTTACC-1,donor2,19
donor2_CGTGCTTAGTATGAAC-1,donor2,2
donor2_CGTGCTTCAAGTGGGT-1,donor2,17
donor2_CGTGCTTCAAGTTCCA-1,donor2,16
donor2_CGTGCTTCAGCTCTGG-1,donor2,26
donor2_CGTGCTTGTACTGCGC-1,donor2,2
donor2_CGTGCTTGTAGGCAGT-1,donor2,4
donor2_CGTGCTTGTCATAGTC-1,donor2,21
donor2_CGTGCTTGTCGTTATG-1,donor2,26
donor2_CGTGCTTGTGACTCGC-1,donor2,6
donor2_CGTGCTTGTTGTATGC-1,donor2,19
donor2_CGTGCTTTCGAGAACG-1,donor2,21
donor2_CGTGCTTTCGCCTCTA-1,donor2,19
donor2_CGTGTCTAGGACGCTA-1,donor2,0
donor2_CGTGTCTAGGCGTCCT-1,donor2,2
donor2_CGTGTCTAGGGCGAAG-1,donor2,15
donor2_CGTGTCTAGTCTGGAG-1,donor2,1
donor2_CGTGTCTGTACCCACG-1,donor2,16
donor2_CGTGTCTGTATCCTCC-1,donor2,8
donor2_CGTGTCTGTCCCACGA-1,donor2,2
donor2_CGTGTCTTCATGGCCG-1,donor2,20
donor2_CGTTAGAAGATACGAT-1,donor2,16
donor2_CGTTAGAAGCAGTACG-1,donor2,8
donor2_CGTTAGAAGCGTGTCC-1,donor2,4
donor2_CGTTAGAAGTCAGCCC-1,donor2,17
donor2_CGTTAGAGTAGTCACT-1,donor2,8
donor2_CGTTAGAGTCCCGTGA-1,donor2,4
donor2_CGTTAGATCAAGGCTT-1,donor2,4
donor2_CGTTAGATCAGCTTCC-1,donor2,7
donor2_CGTTAGATCAGGACGA-1,donor2,2
donor2_CGTTAGATCATACGAC-1,donor2,17
donor2_CGTTAGATCATCGCCT-1,donor2,3
donor2_CGTTAGATCCCATAGA-1,donor2,16
donor2_CGTTAGATCCGATTAG-1,donor2,21
donor2_CGTTAGATCGCGAAGA-1,donor2,6
donor2_CGTTAGATCGTCGCTT-1,donor2,20
donor2_CGTTCTGAGTAGCCAG-1,donor2,3
donor2_CGTTCTGCAAGCTGTT-1,donor2,18
donor2_CGTTCTGGTACCATAC-1,donor2,16
donor2_CGTTCTGGTGGATTTC-1,donor2,17
donor2_CGTTCTGTCCACCCTA-1,donor2,2
donor2_CGTTCTGTCCTTATGT-1,donor2,26
donor2_CGTTGGGAGATGTTGA-1,donor2,0
donor2_CGTTGGGAGCACTCCG-1,donor2,4
donor2_CGTTGGGAGCGAGTCA-1,donor2,16
donor2_CGTTGGGAGCGTGCTC-1,donor2,3
donor2_CGTTGGGAGCTTGTTG-1,donor2,17
donor2_CGTTGGGAGGGCAGAG-1,donor2,2
donor2_CGTTGGGCAATCAAGA-1,donor2,19
donor2_CGTTGGGCAGAGGTAC-1,donor2,17
donor2_CGTTGGGGTACTGAGG-1,donor2,3
donor2_CGTTGGGGTCATCGGC-1,donor2,3
donor2_CGTTGGGTCACCTGTC-1,donor2,15
donor2_CTAACCCAGCACCGAA-1,donor2,17
donor2_CTAACCCAGGACGGAG-1,donor2,3
donor2_CTAACCCAGGTCTACT-1,donor2,20
donor2_CTAACCCCAAGCACCC-1,donor2,18
donor2_CTAACCCCACGCTGTG-1,donor2,1
donor2_CTAACCCCACTAGAGG-1,donor2,17
donor2_CTAACCCCACTCAAGT-1,donor2,1
donor2_CTAACCCCAGTAGAGC-1,donor2,20
donor2_CTAACCCGTAATACCC-1,donor2,2
donor2_CTAACCCGTCGGATTT-1,donor2,0
donor2_CTAACCCGTGGCTTGC-1,donor2,15
donor2_CTAACCCGTGTATTGC-1,donor2,19
donor2_CTAACCCGTTCGAGCC-1,donor2,2
donor2_CTAACCCGTTGCGGAA-1,donor2,4
donor2_CTAACCCGTTTCCAAG-1,donor2,15
donor2_CTAACCCTCAGCACCG-1,donor2,0
donor2_CTAACCCTCCATAGGT-1,donor2,17
donor2_CTAACCCTCCGGTAGC-1,donor2,17
donor2_CTAACCCTCCTCGCAT-1,donor2,18
donor2_CTAACCCTCTCGTGGG-1,donor2,2
donor2_CTAACTTAGAGCATCG-1,donor2,17
donor2_CTAACTTAGAGCCGAT-1,donor2,3
donor2_CTAACTTAGCCGCACT-1,donor2,3
donor2_CTAACTTAGCTGTGCC-1,donor2,21
donor2_CTAACTTAGGAGTACC-1,donor2,15
donor2_CTAACTTAGGGTATAT-1,donor2,2
donor2_CTAACTTCAAATCAAG-1,donor2,4
donor2_CTAACTTCAAGAGTTA-1,donor2,8
donor2_CTAACTTCAGCACAGA-1,donor2,21
donor2_CTAACTTCAGGAGGTT-1,donor2,6
donor2_CTAACTTCAGGCGATA-1,donor2,2
donor2_CTAACTTGTACCATAC-1,donor2,2
donor2_CTAACTTGTAGACAGC-1,donor2,0
donor2_CTAACTTGTCAGACGA-1,donor2,19
donor2_CTAACTTGTCGTGGTC-1,donor2,15
donor2_CTAACTTGTCTGCATA-1,donor2,8
donor2_CTAACTTGTGGCGCTT-1,donor2,18
donor2_CTAACTTTCCATCACC-1,donor2,2
donor2_CTAACTTTCCCAGTGG-1,donor2,15
donor2_CTAACTTTCCTCACTG-1,donor2,16
donor2_CTAACTTTCCTCTAGC-1,donor2,19
donor2_CTAACTTTCCTTCTTC-1,donor2,3
donor2_CTAACTTTCGGCGATC-1,donor2,0
donor2_CTAACTTTCTGTTGGA-1,donor2,19
donor2_CTAAGTGAGTATGTAG-1,donor2,16
donor2_CTAAGTGCAACACAAA-1,donor2,2
donor2_CTAAGTGCATATCTGG-1,donor2,18
donor2_CTAAGTGGTCACCGCA-1,donor2,2
donor2_CTAAGTGGTCGAGTTT-1,donor2,17
donor2_CTAAGTGTCGACTCCT-1,donor2,1
donor2_CTAAGTGTCGGCATTA-1,donor2,0
donor2_CTAAGTGTCGGCTATA-1,donor2,4
donor2_CTAAGTGTCGGTTAGT-1,donor2,3
donor2_CTAAGTGTCTCGTGAA-1,donor2,3
donor2_CTAAGTGTCTTAGGAC-1,donor2,2
donor2_CTACAGAAGCTACAAA-1,donor2,1
donor2_CTACAGAAGGTTGTTC-1,donor2,2
donor2_CTACAGAAGGTTTACC-1,donor2,8
donor2_CTACAGACAATCTCGA-1,donor2,3
donor2_CTACAGACACTTCAGA-1,donor2,17
donor2_CTACAGACAGAGATTA-1,donor2,3
donor2_CTACAGACAGTTACCA-1,donor2,18
donor2_CTACAGACATGGAGAC-1,donor2,16
donor2_CTACAGAGTCAACATC-1,donor2,6
donor2_CTACAGAGTCAACCAT-1,donor2,17
donor2_CTACAGAGTCGCGTTG-1,donor2,16
donor2_CTACAGAGTGAGACCA-1,donor2,18
donor2_CTACAGAGTTGTGCAT-1,donor2,19
donor2_CTACAGATCAGGTGTT-1,donor2,26
donor2_CTACAGATCATATGGC-1,donor2,1
donor2_CTACAGATCTCAACCC-1,donor2,21
donor2_CTACAGATCTGATGGT-1,donor2,3
donor2_CTACATTAGAGCTGAC-1,donor2,20
donor2_CTACATTAGATGCCGA-1,donor2,18
donor2_CTACATTAGGTTCACT-1,donor2,24
donor2_CTACATTAGTACCCTA-1,donor2,15
donor2_CTACATTCAATAGGAT-1,donor2,15
donor2_CTACATTCACAAACGG-1,donor2,2
donor2_CTACATTCACTCAGAT-1,donor2,2
donor2_CTACATTCAGAAGCTG-1,donor2,2
donor2_CTACATTCATATACCG-1,donor2,3
donor2_CTACATTCATTCTTCA-1,donor2,1
donor2_CTACATTGTCGCATGC-1,donor2,3
donor2_CTACATTGTGAGGCAT-1,donor2,2
donor2_CTACATTTCACCGCTT-1,donor2,6
donor2_CTACATTTCATTACTC-1,donor2,20
donor2_CTACATTTCCAGGACC-1,donor2,0
donor2_CTACATTTCGTTAGTG-1,donor2,18
donor2_CTACCCAAGCTACAAA-1,donor2,16
donor2_CTACCCAAGTGATGGC-1,donor2,17
donor2_CTACCCACACCGTACG-1,donor2,18
donor2_CTACCCACATCTTCGC-1,donor2,1
donor2_CTACCCAGTACCAGAG-1,donor2,1
donor2_CTACCCAGTCACGTGC-1,donor2,19
donor2_CTACCCAGTCATCGGC-1,donor2,0
donor2_CTACCCAGTCGTTATG-1,donor2,0
donor2_CTACCCAGTGCACAAG-1,donor2,2
donor2_CTACCCAGTGTTATCG-1,donor2,17
donor2_CTACCCATCTATTCGT-1,donor2,1
donor2_CTACCTGAGCAACAGC-1,donor2,1
donor2_CTACCTGAGCCGTTAT-1,donor2,16
donor2_CTACCTGAGTGAACAT-1,donor2,16
donor2_CTACCTGCAAACACCT-1,donor2,15
donor2_CTACCTGCAACGAGGT-1,donor2,21
donor2_CTACCTGGTAGACAGC-1,donor2,15
donor2_CTACCTGGTCTAGTGT-1,donor2,1
donor2_CTACCTGTCCCGTGAG-1,donor2,15
donor2_CTACCTGTCCTTGAAG-1,donor2,2
donor2_CTACGGGAGAAAGCGA-1,donor2,1
donor2_CTACGGGAGGCTTAAA-1,donor2,1
donor2_CTACGGGCAATTGGTC-1,donor2,3
donor2_CTACGGGCAGAGTGTG-1,donor2,8
donor2_CTACGGGCAGTGTACT-1,donor2,1
donor2_CTACGGGCATAATGAG-1,donor2,18
donor2_CTACGGGCATAATGCC-1,donor2,20
donor2_CTACGGGCATGACTTG-1,donor2,21
donor2_CTACGGGCATGGCTAT-1,donor2,22
donor2_CTACGGGCATGGGTCC-1,donor2,8
donor2_CTACGGGGTCACTCGG-1,donor2,1
donor2_CTACGGGGTCTGTGAT-1,donor2,2
donor2_CTACGGGGTTAAGCAA-1,donor2,4
donor2_CTACGGGGTTTACCAG-1,donor2,3
donor2_CTACTATAGCCGTAAG-1,donor2,2
donor2_CTACTATAGTGAGTGC-1,donor2,6
donor2_CTACTATCAAACACGG-1,donor2,21
donor2_CTACTATCATACCATG-1,donor2,2
donor2_CTACTATGTCGATGCC-1,donor2,4
donor2_CTACTATTCCACGTAA-1,donor2,17
donor2_CTACTATTCCCGAAAT-1,donor2,17
donor2_CTAGACACAACCCTCT-1,donor2,15
donor2_CTAGACACACGTCGTG-1,donor2,3
donor2_CTAGACACACTGGCCA-1,donor2,3
donor2_CTAGACACACTTTAGG-1,donor2,17
donor2_CTAGACACAGCTACCG-1,donor2,5
donor2_CTAGACAGTCCGATCG-1,donor2,27
donor2_CTAGACAGTGGGAGAG-1,donor2,15
donor2_CTAGACAGTGTATTGC-1,donor2,1
donor2_CTAGACAGTGTTCATG-1,donor2,5
donor2_CTAGACATCACGGGCT-1,donor2,8
donor2_CTAGACATCATCGCCT-1,donor2,11
donor2_CTAGACATCGTGCAGC-1,donor2,4
donor2_CTAGGTAAGATACATG-1,donor2,17
donor2_CTAGGTAAGATGGGCT-1,donor2,6
donor2_CTAGGTAAGTCCTGTA-1,donor2,1
donor2_CTAGGTAAGTGCTAGG-1,donor2,4
donor2_CTAGGTACAACCGTGC-1,donor2,15
donor2_CTAGGTACAAGACTGG-1,donor2,6
donor2_CTAGGTAGTAACTGCT-1,donor2,17
donor2_CTAGGTAGTGACACAG-1,donor2,3
donor2_CTAGGTAGTGGATCAG-1,donor2,15
donor2_CTAGGTAGTTGGAGAC-1,donor2,0
donor2_CTAGGTATCTCTGAGA-1,donor2,2
donor2_CTATAGGAGAAACCAT-1,donor2,5
donor2_CTATAGGAGAAGTCAT-1,donor2,6
donor2_CTATAGGAGAGAGTGA-1,donor2,3
donor2_CTATAGGAGCATCAAA-1,donor2,4
donor2_CTATAGGAGCGCAATG-1,donor2,19
donor2_CTATAGGAGGACTAAT-1,donor2,8
donor2_CTATAGGCAATCCTTT-1,donor2,8
donor2_CTATAGGCAGAGTGAC-1,donor2,0
donor2_CTATAGGCAGATTCGT-1,donor2,0
donor2_CTATAGGCAGTTAGAA-1,donor2,8
donor2_CTATAGGCATCGGTTA-1,donor2,17
donor2_CTATAGGGTAAGATTG-1,donor2,8
donor2_CTATAGGGTCGCTTAA-1,donor2,0
donor2_CTATAGGGTGCCGGTT-1,donor2,2
donor2_CTATAGGGTTAGAGAT-1,donor2,2
donor2_CTATAGGGTTGCCATA-1,donor2,19
donor2_CTATAGGTCGCAGATT-1,donor2,16
donor2_CTATAGGTCTGGTGCG-1,donor2,1
donor2_CTATCCGAGACCAACG-1,donor2,2
donor2_CTATCCGAGCACAAAT-1,donor2,3
donor2_CTATCCGAGCAGCGAT-1,donor2,17
donor2_CTATCCGAGCTGAGTG-1,donor2,8
donor2_CTATCCGCACAATGCT-1,donor2,17
donor2_CTATCCGCATGTGCTA-1,donor2,2
donor2_CTATCCGGTAACAGTA-1,donor2,21
donor2_CTATCCGGTCACTCAA-1,donor2,2
donor2_CTATCCGGTCCTATAG-1,donor2,24
donor2_CTATCCGGTGAGATCG-1,donor2,17
donor2_CTATCCGGTGGGAGAG-1,donor2,19
donor2_CTATCCGTCCAACTGA-1,donor2,2
donor2_CTATCCGTCGCGGACT-1,donor2,17
donor2_CTATCCGTCTTGAACG-1,donor2,3
donor2_CTATCTAAGCTGCCAC-1,donor2,21
donor2_CTATCTAAGGCTTCCG-1,donor2,4
donor2_CTATCTACAAGCGGAT-1,donor2,3
donor2_CTATCTACAATAACGA-1,donor2,6
donor2_CTATCTACAATCGAAA-1,donor2,12
donor2_CTATCTACATGATAGA-1,donor2,3
donor2_CTATCTAGTGGCGCTT-1,donor2,2
donor2_CTATCTAGTTGAGAGC-1,donor2,19
donor2_CTATCTAGTTGTCTAG-1,donor2,1
donor2_CTATCTATCATTTCGT-1,donor2,8
donor2_CTATCTATCTCGCAGG-1,donor2,18
donor2_CTCAACCAGAACCCGA-1,donor2,18
donor2_CTCAACCAGACAGCTG-1,donor2,19
donor2_CTCAACCAGCCAAGGT-1,donor2,17
donor2_CTCAACCAGGGTTGCA-1,donor2,3
donor2_CTCAACCGTACGCTTA-1,donor2,21
donor2_CTCAACCTCAACTGGT-1,donor2,18
donor2_CTCAACCTCACAGTGT-1,donor2,1
donor2_CTCAACCTCCACTTTA-1,donor2,2
donor2_CTCAACCTCCTAAACG-1,donor2,8
donor2_CTCAACCTCGTGCGAC-1,donor2,19
donor2_CTCAAGAAGAGAATCT-1,donor2,25
donor2_CTCAAGAAGCTGGCTC-1,donor2,2
donor2_CTCAAGAAGGCCTTCG-1,donor2,3
donor2_CTCAAGAAGGGAGTGG-1,donor2,2
donor2_CTCAAGACACAAATGA-1,donor2,0
donor2_CTCAAGACAGACCCGT-1,donor2,16
donor2_CTCAAGACAGAGTCTT-1,donor2,12
donor2_CTCAAGACATAAGCAA-1,donor2,0
donor2_CTCAAGACATACCACA-1,donor2,2
donor2_CTCAAGATCACGGACC-1,donor2,8
donor2_CTCAAGATCAGGAAGC-1,donor2,3
donor2_CTCAAGATCGGTGCAC-1,donor2,8
donor2_CTCAATTAGCTCATAC-1,donor2,15
donor2_CTCAATTAGCTGGCCT-1,donor2,1
donor2_CTCAATTAGGAGATAG-1,donor2,3
donor2_CTCAATTAGTGGTGAC-1,donor2,2
donor2_CTCAATTCAAATCCCA-1,donor2,17
donor2_CTCAATTCAAGCACAG-1,donor2,3
donor2_CTCAATTCACCCTTAC-1,donor2,0
donor2_CTCAATTCAGCGTACC-1,donor2,19
donor2_CTCAATTCAGCTTTCC-1,donor2,17
donor2_CTCAATTGTACCGCGT-1,donor2,16
donor2_CTCAATTGTCTGTGGC-1,donor2,0
donor2_CTCAATTGTTGGAGAC-1,donor2,15
donor2_CTCAATTTCGTCGATA-1,donor2,2
donor2_CTCAATTTCTCAATCT-1,donor2,3
donor2_CTCAATTTCTGTGCTC-1,donor2,3
donor2_CTCACTGAGCTGAAAT-1,donor2,17
donor2_CTCACTGCAATGTCTG-1,donor2,4
donor2_CTCACTGCACAGTACT-1,donor2,15
donor2_CTCACTGCACAGTCGC-1,donor2,16
donor2_CTCACTGCACTAGGCC-1,donor2,17
donor2_CTCACTGCAGTATACC-1,donor2,2
donor2_CTCACTGCATCGATGT-1,donor2,1
donor2_CTCACTGGTACTCGTA-1,donor2,4
donor2_CTCACTGGTCGTGGAA-1,donor2,0
donor2_CTCACTGTCCATAGGT-1,donor2,4
donor2_CTCACTGTCTCCCATG-1,donor2,26
donor2_CTCACTGTCTGGACTA-1,donor2,20
donor2_CTCAGAAAGACGCAGT-1,donor2,18
donor2_CTCAGAAAGCATGCAG-1,donor2,8
donor2_CTCAGAAAGCGTGAAC-1,donor2,4
donor2_CTCAGAAAGCTCATAC-1,donor2,20
donor2_CTCAGAAAGTATGAGT-1,donor2,2
donor2_CTCAGAACACGCTGAC-1,donor2,17
donor2_CTCAGAACACTTCAGA-1,donor2,21
donor2_CTCAGAACAGCTGTGC-1,donor2,18
donor2_CTCAGAAGTTGGCCTG-1,donor2,8
donor2_CTCAGAATCACCTTGC-1,donor2,3
donor2_CTCAGAATCGAGTGAG-1,donor2,0
donor2_CTCAGAATCGCATTAG-1,donor2,18
donor2_CTCAGAATCTTCGTAT-1,donor2,8
donor2_CTCAGGGAGACATCCT-1,donor2,17
donor2_CTCAGGGAGAGTGACC-1,donor2,17
donor2_CTCAGGGAGCTGGTGA-1,donor2,2
donor2_CTCAGGGAGTAGCAAT-1,donor2,4
donor2_CTCAGGGCAGATTAAG-1,donor2,4
donor2_CTCAGGGCATCAACCA-1,donor2,5
donor2_CTCAGGGGTAGAGTTA-1,donor2,8
donor2_CTCAGGGGTCTTTATC-1,donor2,5
donor2_CTCAGGGTCCCGAATA-1,donor2,15
donor2_CTCAGGGTCCCGTAAA-1,donor2,3
donor2_CTCAGTCCACACAGAG-1,donor2,1
donor2_CTCAGTCCACCTTCCA-1,donor2,17
donor2_CTCAGTCCACTGCGTG-1,donor2,4
donor2_CTCAGTCCAGCAGGAT-1,donor2,2
donor2_CTCAGTCCATAACAGA-1,donor2,8
donor2_CTCAGTCCATCGGCCA-1,donor2,15
donor2_CTCAGTCCATGCCGCA-1,donor2,8
donor2_CTCAGTCGTAGCTGAG-1,donor2,16
donor2_CTCAGTCTCCTTTGAT-1,donor2,0
donor2_CTCAGTCTCGAACGCC-1,donor2,3
donor2_CTCAGTCTCGAGATAA-1,donor2,21
donor2_CTCAGTCTCTCCCAAC-1,donor2,18
donor2_CTCATCGAGAGTCAAT-1,donor2,21
donor2_CTCATCGAGGAGCAAA-1,donor2,3
donor2_CTCATCGAGTTGTAGA-1,donor2,1
donor2_CTCATCGCAACTTGCA-1,donor2,1
donor2_CTCATCGCACCGAATT-1,donor2,17
donor2_CTCATCGCACTTTATC-1,donor2,17
donor2_CTCATCGCATAAGATG-1,donor2,20
donor2_CTCATCGGTCACTGAT-1,donor2,6
donor2_CTCATCGGTCATCGGC-1,donor2,18
donor2_CTCATCGTCACTACGA-1,donor2,2
donor2_CTCATCGTCGAGCACC-1,donor2,15
donor2_CTCATCGTCTACCCAC-1,donor2,18
donor2_CTCATGCAGATGCCGA-1,donor2,17
donor2_CTCATGCAGCCTGACC-1,donor2,19
donor2_CTCATGCAGTGAGTTA-1,donor2,12
donor2_CTCATGCAGTTTAGGA-1,donor2,2
donor2_CTCATGCCATCTCATT-1,donor2,3
donor2_CTCATGCGTAATGCGG-1,donor2,17
donor2_CTCATGCGTAGCGTTT-1,donor2,8
donor2_CTCATGCGTTAACCTG-1,donor2,3
donor2_CTCATGCTCAGACCCG-1,donor2,18
donor2_CTCATGCTCGAAGGAC-1,donor2,21
donor2_CTCATGCTCTAAGCCA-1,donor2,8
donor2_CTCATGCTCTCGGTAA-1,donor2,2
donor2_CTCATGCTCTCTTGCG-1,donor2,4
donor2_CTCATTAAGACAGCTG-1,donor2,8
donor2_CTCATTAAGAGGGTGG-1,donor2,15
donor2_CTCATTAAGTGCGCTC-1,donor2,15
donor2_CTCATTACAACAAAGT-1,donor2,21
donor2_CTCATTACACACCTGG-1,donor2,3
donor2_CTCATTACACTAACGT-1,donor2,18
donor2_CTCATTACAGAATCGG-1,donor2,3
donor2_CTCATTACAGATTCGT-1,donor2,18
donor2_CTCATTACATCCGGTG-1,donor2,21
donor2_CTCATTAGTATCGTTG-1,donor2,2
donor2_CTCATTAGTCTCTCCA-1,donor2,2
donor2_CTCATTAGTGGACAGT-1,donor2,6
donor2_CTCATTATCCCGTTCA-1,donor2,2
donor2_CTCCAACAGGTGTGAC-1,donor2,0
donor2_CTCCAACAGGTTAAAC-1,donor2,0
donor2_CTCCAACAGTGAATAC-1,donor2,2
donor2_CTCCAACCAACTGTGT-1,donor2,19
donor2_CTCCAACCAGTTAGAA-1,donor2,21
donor2_CTCCAACCATAGTCAC-1,donor2,19
donor2_CTCCAACCATCTTCGC-1,donor2,4
donor2_CTCCAACGTCTACAGT-1,donor2,0
donor2_CTCCAACTCAGCTTGA-1,donor2,2
donor2_CTCCAACTCCGTTGGG-1,donor2,21
donor2_CTCCAACTCGCCTATC-1,donor2,17
donor2_CTCCACAAGAGCCATG-1,donor2,2
donor2_CTCCACAAGGTAGCAC-1,donor2,8
donor2_CTCCACAAGTTCATGC-1,donor2,1
donor2_CTCCACAAGTTGGCTT-1,donor2,6
donor2_CTCCACACACGACGTC-1,donor2,8
donor2_CTCCACACAGAGGCTA-1,donor2,17
donor2_CTCCACACAGTAGATA-1,donor2,21
donor2_CTCCACAGTAGTAAGT-1,donor2,3
donor2_CTCCACAGTATACCCA-1,donor2,3
donor2_CTCCACATCAGAGCGA-1,donor2,17
donor2_CTCCACATCAGGAGAC-1,donor2,15
donor2_CTCCACATCAGTCAGT-1,donor2,27
donor2_CTCCACATCCAGCAAT-1,donor2,16
donor2_CTCCATGAGAATGTTG-1,donor2,21
donor2_CTCCATGAGCGTCAGA-1,donor2,2
donor2_CTCCATGAGGTAAACT-1,donor2,4
donor2_CTCCATGAGGTTGACG-1,donor2,0
donor2_CTCCATGAGTAGGCCA-1,donor2,2
donor2_CTCCATGAGTAGTGCG-1,donor2,16
donor2_CTCCATGAGTATAACG-1,donor2,2
donor2_CTCCATGAGTCCCGGT-1,donor2,8
donor2_CTCCATGAGTCGCGAA-1,donor2,21
donor2_CTCCATGCAAGAGGTC-1,donor2,2
donor2_CTCCATGCAAGTCCCG-1,donor2,3
donor2_CTCCATGCACAAGCTT-1,donor2,4
donor2_CTCCATGCAGCGATTT-1,donor2,2
donor2_CTCCATGCATCCCACT-1,donor2,17
donor2_CTCCATGGTATCAGGG-1,donor2,2
donor2_CTCCATGGTTATTCCT-1,donor2,2
donor2_CTCCATGGTTCTCACC-1,donor2,4
donor2_CTCCATGGTTGCGGCT-1,donor2,19
donor2_CTCCATGTCCAACACA-1,donor2,2
donor2_CTCCCAAAGAAATTGC-1,donor2,18
donor2_CTCCCAAAGACTTGTC-1,donor2,8
donor2_CTCCCAAAGATGGCAC-1,donor2,4
donor2_CTCCCAAAGCGACTAG-1,donor2,1
donor2_CTCCCAAAGTATGGAT-1,donor2,27
donor2_CTCCCAACAATTGAAG-1,donor2,15
donor2_CTCCCAACATCCGGTG-1,donor2,18
donor2_CTCCCAAGTAATGCTC-1,donor2,17
donor2_CTCCCAAGTAGTGCGA-1,donor2,3
donor2_CTCCCAAGTAGTTCCA-1,donor2,8
donor2_CTCCCAAGTATCGGTT-1,donor2,0
donor2_CTCCCAAGTATGCTTG-1,donor2,3
donor2_CTCCCAAGTCTAATCG-1,donor2,17
donor2_CTCCCAAGTTGAGTCT-1,donor2,3
donor2_CTCCCAAGTTGGACCC-1,donor2,15
donor2_CTCCCAATCCTCAGGG-1,donor2,4
donor2_CTCCCAATCGTAGTGT-1,donor2,2
donor2_CTCCCAATCGTGGAAG-1,donor2,24
donor2_CTCCCTCAGGAAGTGA-1,donor2,8
donor2_CTCCCTCAGTGAGGTC-1,donor2,17
donor2_CTCCCTCCAACCCTCT-1,donor2,26
donor2_CTCCCTCCACACGGAA-1,donor2,19
donor2_CTCCCTCCACAGAAGC-1,donor2,3
donor2_CTCCCTCCATCCGAGC-1,donor2,6
donor2_CTCCCTCGTATCCTTT-1,donor2,16
donor2_CTCCCTCGTCATAGTC-1,donor2,15
donor2_CTCCCTCGTGAATAAC-1,donor2,2
donor2_CTCCCTCGTTCGGCGT-1,donor2,16
donor2_CTCCCTCTCAATGCAC-1,donor2,5
donor2_CTCCCTCTCACGGACC-1,donor2,8
donor2_CTCCCTCTCCACATAG-1,donor2,15
donor2_CTCCCTCTCGATACTG-1,donor2,5
donor2_CTCCCTCTCGCCAATA-1,donor2,16
donor2_CTCCCTCTCGTTCTCG-1,donor2,15
donor2_CTCCGATAGACGAGCT-1,donor2,3
donor2_CTCCGATAGATGCTGG-1,donor2,19
donor2_CTCCGATAGTCGTCTA-1,donor2,1
donor2_CTCCGATCACAGACGA-1,donor2,18
donor2_CTCCGATCATATAGCC-1,donor2,8
donor2_CTCCGATGTATTCCGA-1,donor2,12
donor2_CTCCGATGTGTAAACA-1,donor2,16
donor2_CTCCGATGTTCTTGTT-1,donor2,0
donor2_CTCCGATGTTGGACCC-1,donor2,2
donor2_CTCCGATTCGCTTAAG-1,donor2,8
donor2_CTCCGATTCGGCTTCT-1,donor2,16
donor2_CTCCGATTCTGGAGAG-1,donor2,22
donor2_CTCCTCCAGCTTGTGT-1,donor2,3
donor2_CTCCTCCCAACGGCCT-1,donor2,1
donor2_CTCCTCCCAATCCAGT-1,donor2,4
donor2_CTCCTCCCAATCGCGC-1,donor2,2
donor2_CTCCTCCCACTTGTGA-1,donor2,0
donor2_CTCCTCCCAGATCCAT-1,donor2,25
donor2_CTCCTCCCAGTAACCT-1,donor2,4
donor2_CTCCTCCCATATGGCT-1,donor2,2
donor2_CTCCTCCGTCCGGCAT-1,donor2,17
donor2_CTCCTCCGTTAGAGTA-1,donor2,21
donor2_CTCCTCCTCGCATGAT-1,donor2,21
donor2_CTCCTCCTCGGTCATA-1,donor2,17
donor2_CTCCTCCTCGTCACCT-1,donor2,4
donor2_CTCCTTTCAAGATGTA-1,donor2,2
donor2_CTCCTTTCACCTTCGT-1,donor2,6
donor2_CTCCTTTCAGACCTAT-1,donor2,1
donor2_CTCCTTTCAGAGGCAT-1,donor2,17
donor2_CTCCTTTCATCTCCCA-1,donor2,21
donor2_CTCCTTTCATTGGGAG-1,donor2,18
donor2_CTCCTTTGTAGAGTTA-1,donor2,26
donor2_CTCCTTTGTCATCAGT-1,donor2,2
donor2_CTCCTTTTCGTTATCT-1,donor2,0
donor2_CTCCTTTTCTCACGAA-1,donor2,4
donor2_CTCCTTTTCTGAGGTT-1,donor2,17
donor2_CTCCTTTTCTTGGCTC-1,donor2,2
donor2_CTCGAGGAGAAGAACG-1,donor2,21
donor2_CTCGAGGAGCGCCATC-1,donor2,21
donor2_CTCGAGGAGCTAAACA-1,donor2,0
donor2_CTCGAGGAGGTTACCT-1,donor2,4
donor2_CTCGAGGAGTCACTGT-1,donor2,19
donor2_CTCGAGGCAGCAGAAC-1,donor2,19
donor2_CTCGAGGCAGTGGTGA-1,donor2,1
donor2_CTCGAGGGTAGGGTAC-1,donor2,1
donor2_CTCGAGGGTATGAGGC-1,donor2,5
donor2_CTCGAGGGTTACGCCG-1,donor2,1
donor2_CTCGAGGGTTTGTTCT-1,donor2,17
donor2_CTCGAGGTCATGTCTT-1,donor2,2
donor2_CTCGAGGTCCGGCAGT-1,donor2,21
donor2_CTCGAGGTCTAGAGCT-1,donor2,8
donor2_CTCGAGGTCTCCGAGG-1,donor2,17
donor2_CTCTCAGAGACCACGA-1,donor2,2
donor2_CTCTCAGAGACCGTTT-1,donor2,18
donor2_CTCTCAGAGGCAGGTT-1,donor2,16
donor2_CTCTCAGAGGTCACTT-1,donor2,8
donor2_CTCTCAGCACTATGTG-1,donor2,3
donor2_CTCTCAGGTGACTCTA-1,donor2,2
donor2_CTCTCAGGTGGTTTAC-1,donor2,19
donor2_CTCTCAGGTGTGCTTA-1,donor2,18
donor2_CTCTCAGGTTCCGTTC-1,donor2,5
donor2_CTCTCAGTCCCGAAAT-1,donor2,15
donor2_CTCTCAGTCCGGTTCT-1,donor2,6
donor2_CTCTCAGTCGCATTGA-1,donor2,22
donor2_CTCTCGAAGAGTCCGA-1,donor2,3
donor2_CTCTCGAAGGTCATAA-1,donor2,4
donor2_CTCTCGACACACCTAA-1,donor2,16
donor2_CTCTCGACACAGCCTG-1,donor2,1
donor2_CTCTCGACACATTGTG-1,donor2,17
donor2_CTCTCGACACTGGCCA-1,donor2,0
donor2_CTCTCGACACTGTCCT-1,donor2,19
donor2_CTCTCGACAGAGTGAC-1,donor2,15
donor2_CTCTCGAGTAGGTTTC-1,donor2,18
donor2_CTCTCGAGTATGCGGA-1,donor2,2
donor2_CTCTCGAGTGAGGATC-1,donor2,17
donor2_CTCTCGAGTGTGTGGA-1,donor2,19
donor2_CTCTCGAGTTTCGACA-1,donor2,3
donor2_CTCTCGATCATAAGGA-1,donor2,17
donor2_CTCTCGATCCTCGCAT-1,donor2,17
donor2_CTCTCGATCTGCGGCA-1,donor2,3
donor2_CTCTGGTAGATGTTGA-1,donor2,8
donor2_CTCTGGTCACACCGCA-1,donor2,12
donor2_CTCTGGTGTATGGTAA-1,donor2,15
donor2_CTCTGGTGTGAGCCAA-1,donor2,3
donor2_CTCTGGTGTGTGTCGC-1,donor2,18
donor2_CTCTGGTTCAGACCTA-1,donor2,19
donor2_CTCTGGTTCCATTTAC-1,donor2,18
donor2_CTCTGGTTCGCCGTGA-1,donor2,8
donor2_CTCTGGTTCGTTCAGA-1,donor2,21
donor2_CTCTGGTTCTGGGCAC-1,donor2,18
donor2_CTGAATGAGACTACGG-1,donor2,17
donor2_CTGAATGAGGAGGTTC-1,donor2,16
donor2_CTGAATGAGGTCACCC-1,donor2,12
donor2_CTGAATGAGTATAGGT-1,donor2,26
donor2_CTGAATGCAAGATGTA-1,donor2,3
donor2_CTGAATGCAGACCATT-1,donor2,2
donor2_CTGAATGCAGCTGAGA-1,donor2,12
donor2_CTGAATGTCTGCTGAA-1,donor2,19
donor2_CTGAGCGCACCAACAT-1,donor2,1
donor2_CTGAGCGCACGTTCGG-1,donor2,6
donor2_CTGAGCGCAGGAGACT-1,donor2,2
donor2_CTGAGCGGTTCCGGTG-1,donor2,2
donor2_CTGAGCGTCAACCTCC-1,donor2,20
donor2_CTGAGCGTCAGTGTCA-1,donor2,4
donor2_CTGAGCGTCGACCCAG-1,donor2,3
donor2_CTGAGGCAGCTCCACG-1,donor2,27
donor2_CTGAGGCAGCTGCGAA-1,donor2,15
donor2_CTGAGGCCAGCATGCC-1,donor2,3
donor2_CTGAGGCCATACCATG-1,donor2,0
donor2_CTGAGGCGTGCTGCAC-1,donor2,5
donor2_CTGAGGCGTGTGTTTG-1,donor2,0
donor2_CTGAGGCTCAATCGGT-1,donor2,2
donor2_CTGAGGCTCGCTCTAC-1,donor2,21
donor2_CTGATCCAGGAACGCT-1,donor2,16
donor2_CTGATCCAGGTAACTA-1,donor2,21
donor2_CTGATCCAGGTCCCGT-1,donor2,17
donor2_CTGATCCAGGTCCGAA-1,donor2,2
donor2_CTGATCCAGTCGGCCT-1,donor2,5
donor2_CTGATCCCAAACTGCT-1,donor2,0
donor2_CTGATCCCACTTGAAC-1,donor2,1
donor2_CTGATCCCAGTAACAA-1,donor2,16
donor2_CTGATCCGTGGTCTTA-1,donor2,1
donor2_CTGATCCGTTATCCAG-1,donor2,6
donor2_CTGATCCTCACAGAGG-1,donor2,15
donor2_CTGCAGGAGCGATGCA-1,donor2,18
donor2_CTGCAGGAGGGAGATA-1,donor2,16
donor2_CTGCAGGAGGGAGTGG-1,donor2,17
donor2_CTGCAGGAGGGAGTTC-1,donor2,21
donor2_CTGCAGGCAAATGAAC-1,donor2,17
donor2_CTGCAGGCAACGATCT-1,donor2,17
donor2_CTGCAGGCAGATACCT-1,donor2,15
donor2_CTGCAGGCAGCGTACC-1,donor2,18
donor2_CTGCAGGCAGGCGAAT-1,donor2,17
donor2_CTGCAGGCATTCGATG-1,donor2,17
donor2_CTGCAGGGTCAGCTTA-1,donor2,3
donor2_CTGCAGGGTGAGCCAA-1,donor2,18
donor2_CTGCAGGGTGCTGCAC-1,donor2,21
donor2_CTGCAGGGTGGGCTTC-1,donor2,3
donor2_CTGCAGGTCAGAGCAG-1,donor2,1
donor2_CTGCAGGTCGTGGACC-1,donor2,19
donor2_CTGCAGGTCTCTATGT-1,donor2,2
donor2_CTGCATCAGAAAGCGA-1,donor2,4
donor2_CTGCATCAGAACAAGG-1,donor2,16
donor2_CTGCATCCACTACGGC-1,donor2,15
donor2_CTGCATCGTAAGATAC-1,donor2,3
donor2_CTGCATCGTCTTCGAA-1,donor2,19
donor2_CTGCATCGTTGCATGT-1,donor2,3
donor2_CTGCATCTCACGGTCG-1,donor2,5
donor2_CTGCATCTCAGCGTCG-1,donor2,16
donor2_CTGCATCTCGATGCAT-1,donor2,12
donor2_CTGCATCTCGCAACAT-1,donor2,2
donor2_CTGCATCTCTATCCAT-1,donor2,15
donor2_CTGCATCTCTATGCCC-1,donor2,1
donor2_CTGCATCTCTCATAGG-1,donor2,15
donor2_CTGCCATAGCACACCC-1,donor2,2
donor2_CTGCCATCATCCGGCA-1,donor2,18
donor2_CTGCCATGTAACCAGG-1,donor2,4
donor2_CTGCCATGTAGGTAGC-1,donor2,2
donor2_CTGCCATGTCACGTGC-1,donor2,21
donor2_CTGCCATGTCAGCTTA-1,donor2,4
donor2_CTGCCATTCACATTGG-1,donor2,18
donor2_CTGCCATTCCTCACGT-1,donor2,1
donor2_CTGCCATTCTGGAAGG-1,donor2,4
donor2_CTGCCTAAGACTCCGC-1,donor2,2
donor2_CTGCCTAAGGTTGAGC-1,donor2,3
donor2_CTGCCTAAGTAAGCAT-1,donor2,8
donor2_CTGCCTAAGTTCACTG-1,donor2,23
donor2_CTGCCTACAATCTCTT-1,donor2,5
donor2_CTGCCTACAGAAGCGT-1,donor2,16
donor2_CTGCCTAGTGATTCTG-1,donor2,15
donor2_CTGCCTAGTTCATCGA-1,donor2,18
donor2_CTGCCTATCAAAGAAC-1,donor2,17
donor2_CTGCCTATCCCTCTTT-1,donor2,3
donor2_CTGCCTATCTATTTCG-1,donor2,17
donor2_CTGCCTATCTGGCCGA-1,donor2,18
donor2_CTGCGAGAGACTTAAG-1,donor2,2
donor2_CTGCGAGAGCATTGAA-1,donor2,17
donor2_CTGCGAGCAACTGAAA-1,donor2,18
donor2_CTGCGAGCACACACGC-1,donor2,3
donor2_CTGCGAGCAGTATGAA-1,donor2,4
donor2_CTGCGAGCATTCATCT-1,donor2,19
donor2_CTGCGAGTCCAACCAA-1,donor2,3
donor2_CTGCGAGTCTATGCCC-1,donor2,2
donor2_CTGCTCAAGATGAACT-1,donor2,17
donor2_CTGCTCAAGTGCAACG-1,donor2,17
donor2_CTGCTCAAGTTACGTC-1,donor2,3
donor2_CTGCTCACAAGAGTTA-1,donor2,1
donor2_CTGCTCACACAACATC-1,donor2,17
donor2_CTGCTCAGTCGAATGG-1,donor2,3
donor2_CTGCTCAGTGTCCGGT-1,donor2,0
donor2_CTGCTCAGTTAAGCAA-1,donor2,17
donor2_CTGCTCAGTTCTTAGG-1,donor2,16
donor2_CTGCTCAGTTGCATTG-1,donor2,3
donor2_CTGCTCAGTTGTAGCT-1,donor2,17
donor2_CTGCTCATCTATCGCC-1,donor2,16
donor2_CTGGACGAGCCAAGTG-1,donor2,4
donor2_CTGGACGAGGGAGGTG-1,donor2,18
donor2_CTGGACGAGTGCAACG-1,donor2,18
donor2_CTGGACGAGTGGAAAG-1,donor2,15
donor2_CTGGACGAGTTTCTTC-1,donor2,0
donor2_CTGGACGCAAGCTCTA-1,donor2,8
donor2_CTGGACGGTGAGACGT-1,donor2,15
donor2_CTGGACGGTGTCCAAT-1,donor2,2
donor2_CTGGACGGTTGCCTAA-1,donor2,3
donor2_CTGGACGTCGATTCCC-1,donor2,6
donor2_CTGGCAGAGAGGTCGT-1,donor2,17
donor2_CTGGCAGCAACCAGAG-1,donor2,15
donor2_CTGGCAGCAGAGAAAG-1,donor2,3
donor2_CTGGCAGCAGCGGTCT-1,donor2,2
donor2_CTGGCAGCATTCATCT-1,donor2,1
donor2_CTGGCAGGTAACGATA-1,donor2,3
donor2_CTGGCAGGTCAAGGCA-1,donor2,17
donor2_CTGGCAGGTTGGACTT-1,donor2,2
donor2_CTGGCAGTCTGTGCGG-1,donor2,5
donor2_CTGGTCTAGACTTAAG-1,donor2,18
donor2_CTGGTCTAGCAACCAG-1,donor2,8
donor2_CTGGTCTAGGGATCAC-1,donor2,2
donor2_CTGGTCTAGTAAATGC-1,donor2,0
donor2_CTGGTCTCAACCCTAA-1,donor2,2
donor2_CTGGTCTCACAGCCAC-1,donor2,8
donor2_CTGGTCTCACTGGACC-1,donor2,21
donor2_CTGGTCTGTACCAATC-1,donor2,2
donor2_CTGGTCTGTCCAACGC-1,donor2,17
donor2_CTGGTCTGTCGAACGA-1,donor2,17
donor2_CTGGTCTGTTAACCTG-1,donor2,2
donor2_CTGGTCTTCAAGCCCG-1,donor2,8
donor2_CTGGTCTTCCGTATGA-1,donor2,2
donor2_CTGGTCTTCCTAGAGT-1,donor2,19
donor2_CTGTACCAGACGCCCT-1,donor2,21
donor2_CTGTACCAGCGCAATG-1,donor2,19
donor2_CTGTACCAGCGGGTTA-1,donor2,5
donor2_CTGTACCAGTGATAAC-1,donor2,15
donor2_CTGTACCAGTGCGCTC-1,donor2,2
donor2_CTGTACCCACCCAAGC-1,donor2,2
donor2_CTGTACCCACTATCCC-1,donor2,2
donor2_CTGTACCCAGGTCTCG-1,donor2,3
donor2_CTGTACCCAGTAACGG-1,donor2,17
donor2_CTGTACCGTACCGGCT-1,donor2,19
donor2_CTGTACCGTCAGGTAG-1,donor2,2
donor2_CTGTACCGTCCCGTGA-1,donor2,21
donor2_CTGTACCGTCGGTGAA-1,donor2,26
donor2_CTGTACCGTGATCATC-1,donor2,1
donor2_CTGTACCGTTCGGTAT-1,donor2,8
donor2_CTGTACCTCCATCTCG-1,donor2,0
donor2_CTGTACCTCCATCTGC-1,donor2,3
donor2_CTGTACCTCGTGCGAC-1,donor2,3
donor2_CTGTACCTCTTCACAT-1,donor2,18
donor2_CTGTAGAAGAAACTCA-1,donor2,2
donor2_CTGTAGAAGAGCCGAT-1,donor2,16
donor2_CTGTAGAAGGTTGGTG-1,donor2,21
donor2_CTGTAGAAGTACTGTC-1,donor2,2
donor2_CTGTAGAAGTCACTAC-1,donor2,18
donor2_CTGTAGACACTCTGCT-1,donor2,1
donor2_CTGTAGACAGCAGTCC-1,donor2,15
donor2_CTGTAGACATGGGAAC-1,donor2,27
donor2_CTGTAGAGTATCACCA-1,donor2,18
donor2_CTGTAGAGTGCATTAC-1,donor2,8
donor2_CTGTAGAGTTAGAAGT-1,donor2,8
donor2_CTGTAGATCGATTGGT-1,donor2,2
donor2_CTGTAGATCGGCCCAA-1,donor2,3
donor2_CTGTAGATCGGTGTTA-1,donor2,0
donor2_CTGTAGATCTATACGG-1,donor2,18
donor2_CTGTATTAGCCGCTTG-1,donor2,15
donor2_CTGTATTAGCTGGCCT-1,donor2,1
donor2_CTGTATTAGGCGACAT-1,donor2,15
donor2_CTGTATTAGGGTTGCA-1,donor2,2
donor2_CTGTATTAGGTAAGTT-1,donor2,26
donor2_CTGTATTAGGTTCTTG-1,donor2,3
donor2_CTGTATTAGGTTGTTC-1,donor2,3
donor2_CTGTATTAGTCTGGTT-1,donor2,2
donor2_CTGTATTAGTGCTCAT-1,donor2,6
donor2_CTGTATTCAGTTACCA-1,donor2,21
donor2_CTGTATTGTCCCTCAT-1,donor2,4
donor2_CTGTATTGTTCAGCGC-1,donor2,8
donor2_CTGTCGTAGCACTGGA-1,donor2,19
donor2_CTGTCGTAGCCTCGTG-1,donor2,1
donor2_CTGTCGTAGGCTATCT-1,donor2,0
donor2_CTGTCGTCAACGTTAC-1,donor2,2
donor2_CTGTCGTCAGGCGATA-1,donor2,16
donor2_CTGTCGTGTCACTTCC-1,donor2,17
donor2_CTGTCGTGTCAGTCCG-1,donor2,21
donor2_CTGTCGTGTCATCCGG-1,donor2,18
donor2_CTGTCGTGTCTTGTCC-1,donor2,8
donor2_CTGTCGTTCACTGGGC-1,donor2,16
donor2_CTGTCGTTCGAACTCA-1,donor2,23
donor2_CTGTCGTTCGCCTCTA-1,donor2,27
donor2_CTGTCGTTCGCTCTAC-1,donor2,6
donor2_CTGTGAAAGCAATTAG-1,donor2,4
donor2_CTGTGAAAGCTCGAAG-1,donor2,16
donor2_CTGTGAAAGGATTCCT-1,donor2,1
donor2_CTGTGAAAGTCATCGT-1,donor2,17
donor2_CTGTGAACATGACTCA-1,donor2,16
donor2_CTGTGAAGTCACAGTT-1,donor2,21
donor2_CTGTGAAGTCGAGTGA-1,donor2,20
donor2_CTGTGAAGTGGACTAG-1,donor2,0
donor2_CTGTGAAGTGTGGACA-1,donor2,1
donor2_CTGTGAATCAGACATC-1,donor2,8
donor2_CTGTGAATCCAGCACG-1,donor2,27
donor2_CTGTGAATCCGTTGGG-1,donor2,20
donor2_CTGTGAATCGATACAC-1,donor2,16
donor2_CTGTGAATCTACCACC-1,donor2,1
donor2_CTGTGAATCTGGCCGA-1,donor2,4
donor2_CTGTGGGAGAATCGCG-1,donor2,17
donor2_CTGTGGGAGCGGGTAT-1,donor2,11
donor2_CTGTGGGAGTAGTCCT-1,donor2,5
donor2_CTGTGGGAGTCACAGG-1,donor2,19
donor2_CTGTGGGCAATCCAGT-1,donor2,8
donor2_CTGTGGGCACTTACAG-1,donor2,3
donor2_CTGTGGGCATAACGGG-1,donor2,6
donor2_CTGTGGGGTAACTGCT-1,donor2,3
donor2_CTGTGGGGTCCTGTCT-1,donor2,3
donor2_CTGTGGGGTGTTCGAT-1,donor2,15
donor2_CTGTGGGGTTCTATCT-1,donor2,4
donor2_CTGTGGGTCACATCAG-1,donor2,2
donor2_CTGTGGGTCATCGGGC-1,donor2,2
donor2_CTGTGGGTCGAAGGAC-1,donor2,18
donor2_CTGTGGGTCTGTGCAA-1,donor2,17
donor2_CTGTGGGTCTTTCAGT-1,donor2,19
donor2_CTTACCGAGCAACAGC-1,donor2,19
donor2_CTTACCGAGCCAGACA-1,donor2,8
donor2_CTTACCGAGCCGATAG-1,donor2,22
donor2_CTTACCGAGCTGCGAA-1,donor2,3
donor2_CTTACCGAGGAACGTC-1,donor2,5
donor2_CTTACCGAGTCACTAC-1,donor2,8
donor2_CTTACCGAGTGCCGAA-1,donor2,1
donor2_CTTACCGCAAGCTCTA-1,donor2,17
donor2_CTTACCGCACCCAAGC-1,donor2,3
donor2_CTTACCGCACCGAATT-1,donor2,17
donor2_CTTACCGCACTTGAGT-1,donor2,18
donor2_CTTACCGCAGCGAACA-1,donor2,5
donor2_CTTACCGCAGTCAGCC-1,donor2,19
donor2_CTTACCGCATGGGCAA-1,donor2,15
donor2_CTTACCGGTATCGTAC-1,donor2,8
donor2_CTTACCGGTCCCTCAT-1,donor2,2
donor2_CTTACCGGTGTCCGTG-1,donor2,8
donor2_CTTACCGTCAATCTTC-1,donor2,20
donor2_CTTACCGTCACTGTTT-1,donor2,3
donor2_CTTACCGTCTAGTGTG-1,donor2,18
donor2_CTTACCGTCTATACGG-1,donor2,17
donor2_CTTACCGTCTGAGATC-1,donor2,21
donor2_CTTACCGTCTTCGTGC-1,donor2,18
donor2_CTTAGGAAGCGGGTAT-1,donor2,8
donor2_CTTAGGAAGGCCACTC-1,donor2,19
donor2_CTTAGGACAAATGGAT-1,donor2,17
donor2_CTTAGGACAACAGTGG-1,donor2,3
donor2_CTTAGGACAACGCCCA-1,donor2,17
donor2_CTTAGGACACAGTGTT-1,donor2,18
donor2_CTTAGGACAGATCACT-1,donor2,3
donor2_CTTAGGACATATAGCC-1,donor2,3
donor2_CTTAGGACATCGGATT-1,donor2,5
donor2_CTTAGGAGTACACGTT-1,donor2,3
donor2_CTTAGGAGTATCCCAA-1,donor2,3
donor2_CTTAGGAGTCGAGCAA-1,donor2,16
donor2_CTTAGGAGTTCGTAAC-1,donor2,6
donor2_CTTAGGATCATTTGCT-1,donor2,6
donor2_CTTCAATAGAGAACCC-1,donor2,3
donor2_CTTCAATAGAGGGCGA-1,donor2,1
donor2_CTTCAATAGGATTCCT-1,donor2,4
donor2_CTTCAATCATGACTGT-1,donor2,6
donor2_CTTCAATCATGATGCT-1,donor2,15
donor2_CTTCAATGTCGACGCT-1,donor2,0
donor2_CTTCAATTCACGGACC-1,donor2,18
donor2_CTTCAATTCCGCGGAT-1,donor2,2
donor2_CTTCAATTCGCAAGAG-1,donor2,15
donor2_CTTCAATTCTAGGAAA-1,donor2,19
donor2_CTTCAATTCTGGTGCG-1,donor2,18
donor2_CTTCCGAAGCAACCAG-1,donor2,0
donor2_CTTCCGAAGGTATAGT-1,donor2,17
donor2_CTTCCGAAGTGGAAAG-1,donor2,8
donor2_CTTCCGACAAGAGTAT-1,donor2,17
donor2_CTTCCGACAATAGTCC-1,donor2,19
donor2_CTTCCGACACGACGAA-1,donor2,21
donor2_CTTCCGACATTCCTAT-1,donor2,19
donor2_CTTCCGAGTACCCGCA-1,donor2,2
donor2_CTTCCGAGTAGACACG-1,donor2,2
donor2_CTTCCGAGTAGTATAG-1,donor2,20
donor2_CTTCCGAGTATAGGAT-1,donor2,18
donor2_CTTCCGAGTGTCGCTG-1,donor2,17
donor2_CTTCCGATCGAGTCCG-1,donor2,1
donor2_CTTCCTTAGCTTCATG-1,donor2,15
donor2_CTTCCTTAGGCAGGGA-1,donor2,17
donor2_CTTCCTTAGGGTGAGG-1,donor2,16
donor2_CTTCCTTAGTGAGGCT-1,donor2,18
donor2_CTTCCTTAGTTCCGTA-1,donor2,2
donor2_CTTCCTTGTCATCCCT-1,donor2,0
donor2_CTTCCTTGTTCGAAGG-1,donor2,6
donor2_CTTCCTTGTTGTGCAT-1,donor2,2
donor2_CTTCCTTTCATGCGGC-1,donor2,15
donor2_CTTCCTTTCTATTTCG-1,donor2,2
donor2_CTTCCTTTCTCCGATC-1,donor2,20
donor2_CTTCGGTAGACTGGGT-1,donor2,1
donor2_CTTCGGTAGCGTATAA-1,donor2,19
donor2_CTTCGGTAGGCGTTAG-1,donor2,4
donor2_CTTCGGTAGTCTTCGA-1,donor2,18
donor2_CTTCGGTCACCAGCTG-1,donor2,3
donor2_CTTCGGTCACGTACTA-1,donor2,15
donor2_CTTCGGTCACTCGATA-1,donor2,12
donor2_CTTCGGTCATATTCGG-1,donor2,1
donor2_CTTCGGTCATTACGGT-1,donor2,0
donor2_CTTCGGTGTAGCGAGT-1,donor2,3
donor2_CTTCGGTGTTATCTTC-1,donor2,19
donor2_CTTCGGTTCAACCGAT-1,donor2,1
donor2_CTTCGGTTCCAACCGG-1,donor2,21
donor2_CTTCGGTTCCCTGTTG-1,donor2,18
donor2_CTTCTAAAGCACGATG-1,donor2,0
donor2_CTTCTAAAGCATGATA-1,donor2,15
donor2_CTTCTAAAGGCGTCCT-1,donor2,21
donor2_CTTCTAACAATAGGAT-1,donor2,16
donor2_CTTCTAACAATAGTGA-1,donor2,3
donor2_CTTCTAACACCTCGTT-1,donor2,8
donor2_CTTCTAACACCTGATA-1,donor2,16
donor2_CTTCTAACAGTAACGG-1,donor2,2
donor2_CTTCTAACATGTTCGA-1,donor2,6
donor2_CTTCTAAGTATATGGA-1,donor2,17
donor2_CTTCTAAGTTAGGACG-1,donor2,2
donor2_CTTCTAATCTACCACC-1,donor2,4
donor2_CTTCTAATCTGTGCTC-1,donor2,0
donor2_CTTCTCTAGCCTGAGA-1,donor2,15
donor2_CTTCTCTAGTCATAGA-1,donor2,0
donor2_CTTCTCTCAAGTGTCT-1,donor2,2
donor2_CTTCTCTCAATCTCTT-1,donor2,18
donor2_CTTCTCTCAATTCGTG-1,donor2,1
donor2_CTTCTCTCAGTGCGCT-1,donor2,2
donor2_CTTCTCTGTACACTCA-1,donor2,2
donor2_CTTCTCTGTAGTTCCA-1,donor2,4
donor2_CTTCTCTGTCACTCGG-1,donor2,0
donor2_CTTCTCTGTCACTCTC-1,donor2,3
donor2_CTTCTCTGTCGCCTAG-1,donor2,3
donor2_CTTCTCTGTTTACCAG-1,donor2,18
donor2_CTTCTCTTCCAATGCA-1,donor2,15
donor2_CTTCTCTTCGCTGATA-1,donor2,17
donor2_CTTCTCTTCTAGTGAC-1,donor2,17
donor2_CTTGAGAAGGACAAGA-1,donor2,20
donor2_CTTGAGAAGTAAGACT-1,donor2,4
donor2_CTTGAGAAGTAGCATA-1,donor2,8
donor2_CTTGAGAAGTGGATTA-1,donor2,2
donor2_CTTGAGACATATCTCT-1,donor2,4
donor2_CTTGAGAGTTAGTCGT-1,donor2,17
donor2_CTTGAGATCACCTCAC-1,donor2,1
donor2_CTTGAGATCATGGGAG-1,donor2,8
donor2_CTTGAGATCGGAAACG-1,donor2,21
donor2_CTTGAGATCTCTGACC-1,donor2,2
donor2_CTTGAGATCTTCCCGA-1,donor2,2
donor2_CTTGAGATCTTGTGCC-1,donor2,18
donor2_CTTGATTAGCATTTGC-1,donor2,15
donor2_CTTGATTAGGAAACGA-1,donor2,4
donor2_CTTGATTAGGATACGC-1,donor2,0
donor2_CTTGATTAGGCTGAAC-1,donor2,26
donor2_CTTGATTCAAGAGTTA-1,donor2,18
donor2_CTTGATTCACCAGTTA-1,donor2,19
donor2_CTTGATTCACCCTGTT-1,donor2,2
donor2_CTTGATTCAGGAAGTC-1,donor2,1
donor2_CTTGATTGTAGTCGGA-1,donor2,19
donor2_CTTGATTGTATCGAAA-1,donor2,0
donor2_CTTGATTGTCGCAGTC-1,donor2,21
donor2_CTTGATTGTGAGTTTC-1,donor2,1
donor2_CTTGATTGTTGTCTAG-1,donor2,4
donor2_CTTGATTTCCGAGTGC-1,donor2,19
donor2_CTTGATTTCGCCAACG-1,donor2,0
donor2_CTTGATTTCGTCTCAC-1,donor2,3
donor2_CTTGATTTCTTAGCTT-1,donor2,2
donor2_CTTTCAAAGACCGCCT-1,donor2,20
donor2_CTTTCAAAGATACATG-1,donor2,17
donor2_CTTTCAAAGATGTTGA-1,donor2,15
donor2_CTTTCAAAGCCGATAG-1,donor2,3
donor2_CTTTCAAAGTGTTGAA-1,donor2,17
donor2_CTTTCAACAGCTATAC-1,donor2,4
donor2_CTTTCAACATACCAGT-1,donor2,27
donor2_CTTTCAAGTATGACAA-1,donor2,21
donor2_CTTTCAATCACCTCGT-1,donor2,18
donor2_CTTTCAATCACTTATC-1,donor2,2
donor2_CTTTCAATCCATTTAC-1,donor2,15
donor2_CTTTCAATCTGAGGTT-1,donor2,0
donor2_CTTTCGGAGATTGGGC-1,donor2,3
donor2_CTTTCGGAGCCTGGAA-1,donor2,1
donor2_CTTTCGGAGCGCGTTC-1,donor2,2
donor2_CTTTCGGAGCTAGAAT-1,donor2,3
donor2_CTTTCGGCAACGTATC-1,donor2,15
donor2_CTTTCGGCAGAGTCAG-1,donor2,2
donor2_CTTTCGGGTCATCTAG-1,donor2,2
donor2_CTTTCGGGTCTCTCCA-1,donor2,1
donor2_CTTTCGGTCACTGTCC-1,donor2,18
donor2_GAAACCTAGATAGTCA-1,donor2,12
donor2_GAAACCTAGCATAGGC-1,donor2,23
donor2_GAAACCTAGTAGGCCA-1,donor2,19
donor2_GAAACCTAGTGAGTTA-1,donor2,2
donor2_GAAACCTCACAAAGTA-1,donor2,26
donor2_GAAACCTCACCTGCTT-1,donor2,18
donor2_GAAACCTGTATTGAGA-1,donor2,3
donor2_GAAACCTGTGATACAA-1,donor2,7
donor2_GAAACCTGTGCTAGCC-1,donor2,21
donor2_GAAACCTGTTTCGTAG-1,donor2,6
donor2_GAAACCTTCAAGAGTA-1,donor2,2
donor2_GAAACCTTCATGAAAG-1,donor2,1
donor2_GAAACCTTCATGCCGG-1,donor2,18
donor2_GAAACCTTCCACGTGG-1,donor2,7
donor2_GAAACCTTCCCAGGAC-1,donor2,18
donor2_GAAACCTTCCGGACGT-1,donor2,20
donor2_GAAACCTTCGCTTTAT-1,donor2,1
donor2_GAAATGAAGAGGATGA-1,donor2,2
donor2_GAAATGAAGGTCCCTG-1,donor2,2
donor2_GAAATGACATGAGTAA-1,donor2,18
donor2_GAAATGACATGGGTCC-1,donor2,3
donor2_GAAATGAGTAAGACCG-1,donor2,17
donor2_GAAATGAGTCAGCGTC-1,donor2,1
donor2_GAAATGAGTTCTCGCT-1,donor2,17
donor2_GAAATGAGTTCTTCAT-1,donor2,19
donor2_GAAATGATCCGCTAGG-1,donor2,2
donor2_GAAATGATCGAGAAGC-1,donor2,6
donor2_GAAATGATCTGTGTGA-1,donor2,0
donor2_GAACACTAGAATAACC-1,donor2,4
donor2_GAACACTAGCACCTGC-1,donor2,8
donor2_GAACACTCAAATGGAT-1,donor2,0
donor2_GAACACTCAAGCTCTA-1,donor2,17
donor2_GAACACTCACGTAGAG-1,donor2,6
donor2_GAACACTCATCTAACG-1,donor2,2
donor2_GAACACTGTACTAGCT-1,donor2,0
donor2_GAACACTGTGAGAGGG-1,donor2,3
donor2_GAACACTGTGCTATTG-1,donor2,3
donor2_GAACACTTCTTACACT-1,donor2,17
donor2_GAACACTTCTTCCCAG-1,donor2,2
donor2_GAACGTTAGGCTCTCG-1,donor2,0
donor2_GAACGTTAGGTCCGAA-1,donor2,3
donor2_GAACGTTCAACTTGCA-1,donor2,2
donor2_GAACGTTCATACCATG-1,donor2,17
donor2_GAACGTTGTCTATGAC-1,donor2,19
donor2_GAACGTTGTGTCCATA-1,donor2,2
donor2_GAACGTTGTTCTATCT-1,donor2,4
donor2_GAACGTTTCCATCTGC-1,donor2,4
donor2_GAACGTTTCGACCCAG-1,donor2,19
donor2_GAACGTTTCTGGGATT-1,donor2,1
donor2_GAACTGTAGAATACAC-1,donor2,21
donor2_GAACTGTAGAATCGCG-1,donor2,2
donor2_GAACTGTAGGTAAACT-1,donor2,0
donor2_GAACTGTAGGTGCCTC-1,donor2,20
donor2_GAACTGTAGTATCCTG-1,donor2,20
donor2_GAACTGTGTAGGTGCA-1,donor2,2
donor2_GAACTGTGTATACGGG-1,donor2,17
donor2_GAACTGTGTCGCAACC-1,donor2,3
donor2_GAACTGTTCCGAGTGC-1,donor2,6
donor2_GAAGAATAGAGTCCGA-1,donor2,4
donor2_GAAGAATAGCGCAATG-1,donor2,3
donor2_GAAGAATAGCTGCGAA-1,donor2,0
donor2_GAAGAATAGGTACTGG-1,donor2,3
donor2_GAAGAATGTTCCGGTG-1,donor2,17
donor2_GAAGAATTCAGACATC-1,donor2,3
donor2_GAAGAATTCTGTCCCA-1,donor2,15
donor2_GAAGCCCAGATCGCTT-1,donor2,0
donor2_GAAGCCCAGATTGGGC-1,donor2,2
donor2_GAAGCCCAGTACGTCT-1,donor2,8
donor2_GAAGCCCAGTCACTAC-1,donor2,16
donor2_GAAGCCCAGTCCGTCG-1,donor2,4
donor2_GAAGCCCAGTCTAACC-1,donor2,1
donor2_GAAGCCCCAACTGAAA-1,donor2,0
donor2_GAAGCCCCACGTGTGC-1,donor2,1
donor2_GAAGCCCCACTCTAGA-1,donor2,1
donor2_GAAGCCCCATGATAGA-1,donor2,19
donor2_GAAGCCCCATGGAACG-1,donor2,17
donor2_GAAGCCCGTAACCCGC-1,donor2,18
donor2_GAAGCCCGTACGCTTA-1,donor2,19
donor2_GAAGCCCGTGTAACGG-1,donor2,4
donor2_GAAGCCCTCCATCACC-1,donor2,4
donor2_GAAGCCCTCGACCATA-1,donor2,17
donor2_GAAGCCCTCGAGCCTG-1,donor2,1
donor2_GAAGCCCTCTGTAAGC-1,donor2,21
donor2_GAAGCGAAGACATAGT-1,donor2,12
donor2_GAAGCGAAGCTTTCTT-1,donor2,3
donor2_GAAGCGAAGGCCGCTT-1,donor2,8
donor2_GAAGCGAAGGGCAGGA-1,donor2,8
donor2_GAAGCGACACCCTAGG-1,donor2,17
donor2_GAAGCGACACGTAACT-1,donor2,2
donor2_GAAGCGAGTCATCACA-1,donor2,0
donor2_GAAGCGAGTCCTCCTA-1,donor2,1
donor2_GAAGCGAGTGCCGGTT-1,donor2,1
donor2_GAAGCGAGTTAGCTAC-1,donor2,17
donor2_GAAGCGAGTTAGGACG-1,donor2,2
donor2_GAAGCGAGTTCTTGTT-1,donor2,16
donor2_GAAGCGAGTTTCGACA-1,donor2,19
donor2_GAAGCGATCCTATTGT-1,donor2,19
donor2_GAAGGACAGAATTGTG-1,donor2,17
donor2_GAAGGACAGACTTCGT-1,donor2,1
donor2_GAAGGACAGATGCCGA-1,donor2,21
donor2_GAAGGACAGCACCCAC-1,donor2,0
donor2_GAAGGACAGCAGCCTC-1,donor2,2
donor2_GAAGGACAGGGAGGGT-1,donor2,3
donor2_GAAGGACCATCCTATT-1,donor2,0
donor2_GAAGGACGTCAGGTGA-1,donor2,2
donor2_GAAGGACGTCTCAAGT-1,donor2,5
donor2_GAAGGACGTCTCGACG-1,donor2,15
donor2_GAAGGACGTGACTCTA-1,donor2,19
donor2_GAAGGACTCAAGTCGT-1,donor2,15
donor2_GAAGGACTCCTCTCTT-1,donor2,21
donor2_GAAGGACTCTCCCATG-1,donor2,27
donor2_GAAGGGTAGAATTGTG-1,donor2,21
donor2_GAAGGGTAGACGATAT-1,donor2,2
donor2_GAAGGGTAGATGAATC-1,donor2,1
donor2_GAAGGGTAGCGACTGA-1,donor2,17
donor2_GAAGGGTAGCGATGAC-1,donor2,4
donor2_GAAGGGTCAAGCCATT-1,donor2,8
donor2_GAAGGGTCATCAGCAT-1,donor2,3
donor2_GAAGGGTGTAACACCT-1,donor2,4
donor2_GAAGGGTGTACACGTT-1,donor2,2
donor2_GAAGGGTGTTTGGAAA-1,donor2,8
donor2_GAAGGGTTCAGACTGT-1,donor2,18
donor2_GAAGGGTTCCGGACGT-1,donor2,21
donor2_GAAGGGTTCGCTGATA-1,donor2,15
donor2_GAAGTAAAGCATCAAA-1,donor2,1
donor2_GAAGTAACAACCGTAT-1,donor2,19
donor2_GAAGTAACAACTAGAA-1,donor2,19
donor2_GAAGTAACACTAAACC-1,donor2,0
donor2_GAAGTAACATGCAGGA-1,donor2,3
donor2_GAAGTAACATTGTCGA-1,donor2,15
donor2_GAAGTAAGTAGGCTGA-1,donor2,0
donor2_GAAGTAAGTCTGCATA-1,donor2,16
donor2_GAAGTAAGTGACAGGT-1,donor2,16
donor2_GAAGTAAGTGTCTTCC-1,donor2,3
donor2_GAAGTAATCGCTTGAA-1,donor2,15
donor2_GAAGTAATCGTGGGTC-1,donor2,18
donor2_GAAGTAATCTAGGCCG-1,donor2,17
donor2_GAAGTAATCTTCGGTC-1,donor2,4
donor2_GAATAGAAGATGCTTC-1,donor2,19
donor2_GAATAGAAGCAAGGAA-1,donor2,1
donor2_GAATAGAAGCTAGATA-1,donor2,19
donor2_GAATAGAAGGACGCAT-1,donor2,8
donor2_GAATAGACAATTCTCT-1,donor2,3
donor2_GAATAGACAGTAGGAC-1,donor2,8
donor2_GAATAGACAGTATTCG-1,donor2,8
donor2_GAATAGACATCGCTCT-1,donor2,8
donor2_GAATAGATCGTGTCAA-1,donor2,12
donor2_GAATAGATCTCCGCAT-1,donor2,1
donor2_GAATCACAGGAGCTGT-1,donor2,2
donor2_GAATCACCAAGAGTGC-1,donor2,0
donor2_GAATCACCAGTGGTGA-1,donor2,1
donor2_GAATCACGTAACTAAG-1,donor2,3
donor2_GAATCACGTACTGTTG-1,donor2,2
donor2_GAATCACGTCTTCGAA-1,donor2,18
donor2_GAATCACTCATGGGAG-1,donor2,2
donor2_GAATCACTCCCGTGAG-1,donor2,19
donor2_GAATCACTCCTCTAGC-1,donor2,8
donor2_GAATCACTCCTCTCTT-1,donor2,18
donor2_GAATCACTCGGATTAC-1,donor2,0
donor2_GAATCACTCGTCAGAT-1,donor2,3
donor2_GAATCACTCTCGCTTG-1,donor2,8
donor2_GAATCGTAGAATCTAG-1,donor2,17
donor2_GAATCGTAGACCTGGA-1,donor2,3
donor2_GAATCGTAGCCGGATA-1,donor2,18
donor2_GAATCGTAGGATGCGT-1,donor2,20
donor2_GAATCGTAGTGGAAGA-1,donor2,2
donor2_GAATCGTCACTTTAGG-1,donor2,3
donor2_GAATCGTGTAACACGG-1,donor2,16
donor2_GAATCGTGTAACCCGC-1,donor2,0
donor2_GAATCGTGTATACGGG-1,donor2,2
donor2_GAATCGTGTGCTCTCT-1,donor2,16
donor2_GAATCGTTCACGGACC-1,donor2,8
donor2_GAATCGTTCCGCTTAC-1,donor2,22
donor2_GAATCGTTCGGCAGTC-1,donor2,2
donor2_GACACGCAGATCCCGC-1,donor2,17
donor2_GACACGCAGTCTGTAC-1,donor2,0
donor2_GACACGCCAATTTCGG-1,donor2,8
donor2_GACACGCCACTGCATA-1,donor2,17
donor2_GACACGCCAGCCTTCT-1,donor2,3
donor2_GACACGCCAGCGAACA-1,donor2,1
donor2_GACACGCCATAACAGA-1,donor2,6
donor2_GACACGCCATAGGCGA-1,donor2,21
donor2_GACACGCGTAATCAGA-1,donor2,3
donor2_GACACGCGTCGTGGTC-1,donor2,2
donor2_GACACGCGTGGTCAAG-1,donor2,18
donor2_GACACGCGTTTAGACC-1,donor2,1
donor2_GACACGCTCAAAGAAC-1,donor2,19
donor2_GACACGCTCAAGCCAT-1,donor2,0
donor2_GACACGCTCGCACGAC-1,donor2,8
donor2_GACAGCCAGGGCAGAG-1,donor2,21
donor2_GACAGCCAGTTGGCGA-1,donor2,3
donor2_GACAGCCCAACACTAC-1,donor2,21
donor2_GACAGCCCAGTTACCA-1,donor2,15
donor2_GACAGCCCATCGCTGG-1,donor2,2
donor2_GACAGCCGTCACTACA-1,donor2,2
donor2_GACAGCCGTCTACGAT-1,donor2,1
donor2_GACAGCCTCCGGTAAT-1,donor2,3
donor2_GACAGCCTCTAGGCCG-1,donor2,2
donor2_GACATCAAGATACAGT-1,donor2,3
donor2_GACATCACAATTTCGG-1,donor2,0
donor2_GACATCACAATTTCTC-1,donor2,8
donor2_GACATCAGTCAGTCGC-1,donor2,17
donor2_GACATCAGTTTACCTT-1,donor2,4
donor2_GACATCATCACCGCTT-1,donor2,3
donor2_GACATCATCTACACAG-1,donor2,3
donor2_GACCAATAGACGCCCT-1,donor2,8
donor2_GACCAATAGCACTAGG-1,donor2,20
donor2_GACCAATAGTCTCGTA-1,donor2,18
donor2_GACCAATCAAGCCATT-1,donor2,17
donor2_GACCAATCACCTAAAC-1,donor2,21
donor2_GACCAATCACGTCTCT-1,donor2,27
donor2_GACCAATCAGAAATTG-1,donor2,8
donor2_GACCAATGTACAGGTG-1,donor2,17
donor2_GACCAATGTCCGGCAT-1,donor2,2
donor2_GACCAATTCCCTTGGT-1,donor2,3
donor2_GACCAATTCCGTGTGG-1,donor2,19
donor2_GACCAATTCTGCTTTA-1,donor2,4
donor2_GACCCAGAGGCATCGA-1,donor2,16
donor2_GACCCAGAGTAGACCG-1,donor2,26
donor2_GACCCAGAGTTGCTCA-1,donor2,4
donor2_GACCCAGCAAGCTGCC-1,donor2,12
donor2_GACCCAGCAGGCTCTG-1,donor2,8
donor2_GACCCAGCAGGTTTAC-1,donor2,22
donor2_GACCCAGGTATACGGG-1,donor2,3
donor2_GACCCAGGTCACAGAG-1,donor2,3
donor2_GACCCAGGTCGATGCC-1,donor2,2
donor2_GACCCAGGTTAAACAG-1,donor2,21
donor2_GACCCAGGTTCCTAAG-1,donor2,15
donor2_GACCCAGTCAGGTAAA-1,donor2,1
donor2_GACCCAGTCCACCCTA-1,donor2,0
donor2_GACCCAGTCGACCATA-1,donor2,19
donor2_GACCCAGTCGGAGTGA-1,donor2,3
donor2_GACCCAGTCGGTAACT-1,donor2,4
donor2_GACCCTTAGAAACTAC-1,donor2,8
donor2_GACCCTTAGCCAAGGT-1,donor2,1
donor2_GACCCTTAGCCGTAAG-1,donor2,4
donor2_GACCCTTAGCGGGTTA-1,donor2,8
donor2_GACCCTTAGCGTGAAC-1,donor2,3
donor2_GACCCTTAGGTACCTT-1,donor2,16
donor2_GACCCTTAGTAGGCCA-1,donor2,4
donor2_GACCCTTAGTTCCGTA-1,donor2,18
donor2_GACCCTTCACAGCATT-1,donor2,19
donor2_GACCCTTCACATTGTG-1,donor2,2
donor2_GACCCTTCACGCCAGT-1,donor2,21
donor2_GACCCTTCAGCGTTTA-1,donor2,19
donor2_GACCCTTCAGCTGTTA-1,donor2,2
donor2_GACCCTTCAGGAATCG-1,donor2,3
donor2_GACCCTTCAGTTCACA-1,donor2,15
donor2_GACCCTTGTCTCTCTG-1,donor2,0
donor2_GACCCTTGTGGTTCTA-1,donor2,18
donor2_GACCCTTTCGTTCATT-1,donor2,2
donor2_GACCGTGAGACAGTCG-1,donor2,3
donor2_GACCGTGAGTGGAATT-1,donor2,2
donor2_GACCGTGAGTGGCGAT-1,donor2,16
donor2_GACCGTGAGTGGTGGT-1,donor2,16
donor2_GACCGTGAGTTGCTCA-1,donor2,0
donor2_GACCGTGCACTCGATA-1,donor2,18
donor2_GACCGTGCATAACAGA-1,donor2,2
donor2_GACCGTGGTAACATAG-1,donor2,2
donor2_GACCGTGGTACCGGAA-1,donor2,3
donor2_GACCGTGGTATTCTCT-1,donor2,2
donor2_GACCGTGGTCCTTGTC-1,donor2,15
donor2_GACCGTGGTGCCGAAA-1,donor2,17
donor2_GACCGTGGTGCCGTAC-1,donor2,2
donor2_GACCGTGGTGGGCTTC-1,donor2,8
donor2_GACCGTGGTTAAACAG-1,donor2,15
donor2_GACCGTGTCAGAGCGA-1,donor2,3
donor2_GACCGTGTCCTACCGT-1,donor2,19
donor2_GACCGTGTCTCCGTGT-1,donor2,15
donor2_GACCTTCAGAAGCGAA-1,donor2,4
donor2_GACCTTCAGCGAGAAA-1,donor2,8
donor2_GACCTTCAGCGTGTCC-1,donor2,1
donor2_GACCTTCAGGTAACTA-1,donor2,16
donor2_GACCTTCAGTACTCGT-1,donor2,4
donor2_GACCTTCAGTCTGCGC-1,donor2,21
donor2_GACCTTCCAAGGCCTC-1,donor2,6
donor2_GACCTTCCAGTTTGGT-1,donor2,0
donor2_GACCTTCGTAGTAAGT-1,donor2,16
donor2_GACCTTCGTCGGCACT-1,donor2,4
donor2_GACCTTCGTTGGACTT-1,donor2,2
donor2_GACCTTCGTTTAGAGA-1,donor2,2
donor2_GACCTTCTCGTAACTG-1,donor2,1
donor2_GACCTTCTCTGAGAAA-1,donor2,4
donor2_GACGCTGAGATGTAGT-1,donor2,27
donor2_GACGCTGCACAGTACT-1,donor2,3
donor2_GACGCTGCAGTTAGAA-1,donor2,3
donor2_GACGCTGCATTATGCG-1,donor2,15
donor2_GACGCTGGTAGTGATA-1,donor2,27
donor2_GACGCTGGTCTGCAAT-1,donor2,0
donor2_GACGCTGGTCTTGTCC-1,donor2,15
donor2_GACGCTGGTGAGTTTC-1,donor2,2
donor2_GACGCTGGTGTATACC-1,donor2,3
donor2_GACGCTGTCGCTTACC-1,donor2,16
donor2_GACGTTAAGCATTTCG-1,donor2,8
donor2_GACGTTAAGCGCCGTT-1,donor2,16
donor2_GACGTTAAGTATAGGT-1,donor2,15
donor2_GACGTTACAACAGCCC-1,donor2,3
donor2_GACGTTACACAATTCG-1,donor2,1
donor2_GACGTTACACATATGC-1,donor2,22
donor2_GACGTTACACTCAAGT-1,donor2,1
donor2_GACGTTACAGCTCATA-1,donor2,2
donor2_GACGTTACATACTTTC-1,donor2,1
donor2_GACGTTAGTCAACCAT-1,donor2,2
donor2_GACGTTAGTCCTCAGG-1,donor2,15
donor2_GACGTTATCACGGAGA-1,donor2,1
donor2_GACGTTATCCACGTAA-1,donor2,16
donor2_GACGTTATCCCATAGA-1,donor2,27
donor2_GACGTTATCTCCAATT-1,donor2,19
donor2_GACGTTATCTCCGAAA-1,donor2,1
donor2_GACGTTATCTTTACAC-1,donor2,17
donor2_GACTATGAGTTGCCCG-1,donor2,3
donor2_GACTATGCAACGGGTA-1,donor2,15
donor2_GACTATGCACAACATC-1,donor2,17
donor2_GACTATGCACGAAAGC-1,donor2,2
donor2_GACTATGGTAGCTTAC-1,donor2,15
donor2_GACTATGGTGTTGCCG-1,donor2,19
donor2_GACTATGTCAGCAGAG-1,donor2,19
donor2_GACTATGTCCATTGGA-1,donor2,4
donor2_GACTATGTCCGATGCG-1,donor2,16
donor2_GACTATGTCTATGTGG-1,donor2,6
donor2_GACTCAAAGCAACAAT-1,donor2,17
donor2_GACTCAAAGTAGTCCT-1,donor2,17
donor2_GACTCAAAGTCTCTGA-1,donor2,21
donor2_GACTCAAAGTGATAAC-1,donor2,15
donor2_GACTCAACAAGCACAG-1,donor2,4
donor2_GACTCAACAGCGCTTG-1,donor2,17
donor2_GACTCAACATAATCCG-1,donor2,19
donor2_GACTCAAGTACATTGC-1,donor2,5
donor2_GACTCAAGTTGACTGT-1,donor2,2
donor2_GACTCAATCACCGACG-1,donor2,21
donor2_GACTCAATCAGCTTGA-1,donor2,20
donor2_GACTCAATCGAATCCA-1,donor2,16
donor2_GACTCAATCGCTTAAG-1,donor2,2
donor2_GACTCAATCGGTGTTA-1,donor2,6
donor2_GACTCTCAGAATTCAG-1,donor2,2
donor2_GACTCTCAGATGAAGG-1,donor2,18
donor2_GACTCTCAGGGCAGTT-1,donor2,0
donor2_GACTCTCCATAGGTTC-1,donor2,16
donor2_GACTCTCCATCGTGGC-1,donor2,0
donor2_GACTCTCGTAGATCCT-1,donor2,18
donor2_GACTCTCGTAGCGATG-1,donor2,2
donor2_GACTCTCGTTCGAAGG-1,donor2,17
donor2_GACTCTCGTTCTCAGA-1,donor2,3
donor2_GACTCTCTCCGTATAG-1,donor2,16
donor2_GACTCTCTCGCCGATG-1,donor2,8
donor2_GACTGATAGATGACCG-1,donor2,6
donor2_GACTGATAGGCCTAGA-1,donor2,8
donor2_GACTGATAGGTAAACT-1,donor2,0
donor2_GACTGATCAACGATTC-1,donor2,2
donor2_GACTGATCACCAGACC-1,donor2,0
donor2_GACTGATCACTGTCGG-1,donor2,18
donor2_GACTGATGTGAGAGGG-1,donor2,16
donor2_GACTGATGTGTTTACG-1,donor2,17
donor2_GACTGATGTTCCTAAG-1,donor2,6
donor2_GACTGATGTTTGTTGG-1,donor2,2
donor2_GACTGATTCACTTGTT-1,donor2,17
donor2_GACTGATTCGCTGACG-1,donor2,18
donor2_GACTTCCAGTGTTCAC-1,donor2,18
donor2_GACTTCCCACAGCCTG-1,donor2,0
donor2_GACTTCCCACAGTCAT-1,donor2,15
donor2_GACTTCCCACCGTGGT-1,donor2,18
donor2_GACTTCCGTACGTAGG-1,donor2,26
donor2_GACTTCCTCCGTATGA-1,donor2,0
donor2_GACTTCCTCGAGTCTA-1,donor2,3
donor2_GACTTCCTCGCGATCG-1,donor2,17
donor2_GACTTCCTCGTGGGAA-1,donor2,18
donor2_GACTTCCTCTCGGTAA-1,donor2,15
donor2_GAGAAATAGCTGCGAA-1,donor2,17
donor2_GAGAAATAGGAAACGA-1,donor2,1
donor2_GAGAAATAGGTCGTCC-1,donor2,17
donor2_GAGAAATCATGACGTT-1,donor2,2
donor2_GAGAAATGTCACGTGC-1,donor2,3
donor2_GAGAAATGTGAGCGAT-1,donor2,7
donor2_GAGAAATTCACATCAG-1,donor2,16
donor2_GAGAAATTCCTTCTGG-1,donor2,17
donor2_GAGAAATTCTCTTCAA-1,donor2,16
donor2_GAGAAATTCTGCCTGT-1,donor2,15
donor2_GAGACCCAGATGCAGC-1,donor2,19
donor2_GAGACCCAGCATGGGT-1,donor2,27
donor2_GAGACCCAGCGATGGT-1,donor2,3
donor2_GAGACCCAGTCAGCCC-1,donor2,8
donor2_GAGACCCCAAGTGGAC-1,donor2,18
donor2_GAGACCCCACTAGTAC-1,donor2,16
donor2_GAGACCCCACTCAGAT-1,donor2,17
donor2_GAGACCCGTATGCAAA-1,donor2,3
donor2_GAGACCCGTCTCCTGT-1,donor2,19
donor2_GAGACCCGTGGCTCTG-1,donor2,19
donor2_GAGACCCGTTCAAACC-1,donor2,5
donor2_GAGACCCTCGGAGATG-1,donor2,19
donor2_GAGACTTAGAACCCGA-1,donor2,0
donor2_GAGACTTAGAGGGTGG-1,donor2,19
donor2_GAGACTTAGAGTCTTC-1,donor2,21
donor2_GAGACTTAGCATGTTC-1,donor2,2
donor2_GAGACTTAGCGAGAAA-1,donor2,5
donor2_GAGACTTCAACCCTCT-1,donor2,19
donor2_GAGACTTCAACGACAG-1,donor2,18
donor2_GAGACTTCACTCGATA-1,donor2,16
donor2_GAGACTTCAGCCTTCT-1,donor2,18
donor2_GAGACTTGTACGCTAT-1,donor2,23
donor2_GAGACTTGTACTAGCT-1,donor2,4
donor2_GAGACTTTCCGAGGCT-1,donor2,18
donor2_GAGACTTTCGCCAGAC-1,donor2,21
donor2_GAGACTTTCTGTACAG-1,donor2,2
donor2_GAGAGGTAGACCAAGC-1,donor2,8
donor2_GAGAGGTAGCATGAAT-1,donor2,2
donor2_GAGAGGTAGCTCGCAC-1,donor2,3
donor2_GAGAGGTAGTATGATG-1,donor2,18
donor2_GAGAGGTAGTTGTACC-1,donor2,8
donor2_GAGAGGTCAATAGTCC-1,donor2,2
donor2_GAGAGGTCACTAACGT-1,donor2,19
donor2_GAGAGGTCAGGAACCA-1,donor2,18
donor2_GAGAGGTCATATGAAG-1,donor2,2
donor2_GAGAGGTCATCGATAC-1,donor2,19
donor2_GAGAGGTGTACTAACC-1,donor2,15
donor2_GAGAGGTGTATGATCC-1,donor2,4
donor2_GAGAGGTGTCCTGGTG-1,donor2,2
donor2_GAGAGGTGTGCCCGTA-1,donor2,19
donor2_GAGAGGTGTTACGTAC-1,donor2,21
donor2_GAGAGGTTCACAAGAA-1,donor2,19
donor2_GAGAGGTTCACTGTCC-1,donor2,2
donor2_GAGAGGTTCCATTGCC-1,donor2,3
donor2_GAGAGGTTCCTCGATC-1,donor2,17
donor2_GAGAGGTTCGTTCTCG-1,donor2,4
donor2_GAGATGGAGAGCAGCT-1,donor2,19
donor2_GAGATGGAGCCTCATA-1,donor2,16
donor2_GAGATGGAGTAAGGGA-1,donor2,3
donor2_GAGATGGAGTACGAGC-1,donor2,16
donor2_GAGATGGAGTCAGCGA-1,donor2,2
donor2_GAGATGGCAAACGTGG-1,donor2,8
donor2_GAGATGGCACCGGCTA-1,donor2,19
donor2_GAGATGGCAGTTTCGA-1,donor2,15
donor2_GAGATGGCATCTCATT-1,donor2,21
donor2_GAGATGGGTGAATATG-1,donor2,4
donor2_GAGATGGGTTGGCCGT-1,donor2,21
donor2_GAGCCTGAGATGAATC-1,donor2,16
donor2_GAGCCTGAGCAATTAG-1,donor2,0
donor2_GAGCCTGAGTATGAAC-1,donor2,15
donor2_GAGCCTGCAAAGCTCT-1,donor2,1
donor2_GAGCCTGCAACCAGAG-1,donor2,8
donor2_GAGCCTGCAGCACAAG-1,donor2,3
donor2_GAGCCTGGTAACTAAG-1,donor2,26
donor2_GAGCCTGGTGCAGATG-1,donor2,2
donor2_GAGCCTGGTTAGTCGT-1,donor2,22
donor2_GAGCCTGGTTCTCACC-1,donor2,8
donor2_GAGCCTGTCAAGAGTA-1,donor2,15
donor2_GAGCCTGTCGAACGCC-1,donor2,8
donor2_GAGCTGCAGACCACGA-1,donor2,17
donor2_GAGCTGCAGATACGAT-1,donor2,8
donor2_GAGCTGCAGCCTATCA-1,donor2,19
donor2_GAGCTGCAGTTTCTTC-1,donor2,3
donor2_GAGCTGCCAATAACCC-1,donor2,17
donor2_GAGCTGCCACTTACAG-1,donor2,1
donor2_GAGCTGCCATCCGAGC-1,donor2,8
donor2_GAGCTGCCATGATGCT-1,donor2,19
donor2_GAGCTGCGTACAGAGC-1,donor2,15
donor2_GAGCTGCGTAGGTCAG-1,donor2,0
donor2_GAGCTGCGTCGAGCAA-1,donor2,1
donor2_GAGCTGCGTGATTCTG-1,donor2,15
donor2_GAGCTGCGTGTGTGGA-1,donor2,18
donor2_GAGCTGCTCAGTCTTT-1,donor2,3
donor2_GAGCTGCTCCTGGCTT-1,donor2,16
donor2_GAGCTGCTCGCCTATC-1,donor2,3
donor2_GAGGCAAAGGCCTAAG-1,donor2,20
donor2_GAGGCAAAGGGAGTGG-1,donor2,2
donor2_GAGGCAACAAATGAGT-1,donor2,21
donor2_GAGGCAACACAACGCC-1,donor2,3
donor2_GAGGCAACAGTGGCTC-1,donor2,2
donor2_GAGGCAAGTAGCGAGT-1,donor2,17
donor2_GAGGCAAGTGTGGACA-1,donor2,19
donor2_GAGGCAATCAGATGCT-1,donor2,2
donor2_GAGGCAATCGGACTTA-1,donor2,2
donor2_GAGGCCTAGACTACGG-1,donor2,19
donor2_GAGGCCTAGAGCTTTC-1,donor2,16
donor2_GAGGCCTAGCATTTGC-1,donor2,17
donor2_GAGGCCTAGGTGGGTT-1,donor2,14
donor2_GAGGCCTAGTGGTGGT-1,donor2,18
donor2_GAGGCCTCACAGTACT-1,donor2,26
donor2_GAGGCCTCAGACCTAT-1,donor2,21
donor2_GAGGCCTCAGGTCCGT-1,donor2,16
donor2_GAGGCCTGTTGTATGC-1,donor2,1
donor2_GAGGCCTTCATTCATC-1,donor2,4
donor2_GAGGCCTTCGTTCAGA-1,donor2,15
donor2_GAGGCCTTCTAAACGC-1,donor2,27
donor2_GAGGGATAGAATGTTG-1,donor2,18
donor2_GAGGGATAGATGGTCG-1,donor2,1
donor2_GAGGGATAGCGCCTAC-1,donor2,8
donor2_GAGGGATAGGCTAGCA-1,donor2,17
donor2_GAGGGATCAAATCGGG-1,donor2,2
donor2_GAGGGATCAGGATCTT-1,donor2,8
donor2_GAGGGATCATACAGAA-1,donor2,20
donor2_GAGGGATCATCATTTC-1,donor2,3
donor2_GAGGGATCATGACTGT-1,donor2,3
donor2_GAGGGATGTAACTGCT-1,donor2,16
donor2_GAGGGATGTCACTCGG-1,donor2,2
donor2_GAGGGATGTCAGTCCG-1,donor2,0
donor2_GAGGGATGTGCATGTT-1,donor2,21
donor2_GAGGGTAAGCACTCCG-1,donor2,3
donor2_GAGGGTAAGCTCCGAC-1,donor2,21
donor2_GAGGGTAAGGGAGTTC-1,donor2,1
donor2_GAGGGTAAGTCTGTAC-1,donor2,2
donor2_GAGGGTACAAAGCGTG-1,donor2,19
donor2_GAGGGTACAACCGTGC-1,donor2,22
donor2_GAGGGTACACAATGCT-1,donor2,2
donor2_GAGGGTACAGCCGGTT-1,donor2,2
donor2_GAGGGTACATCCGTGG-1,donor2,12
donor2_GAGGGTAGTCATCCCT-1,donor2,19
donor2_GAGGGTAGTCGGCCTA-1,donor2,18
donor2_GAGGGTATCTCGAACA-1,donor2,22
donor2_GAGTCATAGTGTAGTA-1,donor2,2
donor2_GAGTCATCAGTGCGCT-1,donor2,3
donor2_GAGTCATGTACTCGTA-1,donor2,21
donor2_GAGTCATGTCAACATC-1,donor2,3
donor2_GAGTCATGTGGATTTC-1,donor2,15
donor2_GAGTCATTCCATCAGA-1,donor2,3
donor2_GAGTCATTCGGAAGGT-1,donor2,1
donor2_GAGTCATTCTGATTCT-1,donor2,2
donor2_GAGTCTAAGGACGCTA-1,donor2,19
donor2_GAGTCTAAGTAGACCG-1,donor2,5
donor2_GAGTCTACAGGTTTAC-1,donor2,4
donor2_GAGTCTACAGTTACCA-1,donor2,3
donor2_GAGTCTAGTAAGCAAT-1,donor2,2
donor2_GAGTCTAGTACCTATG-1,donor2,6
donor2_GAGTCTAGTTATGTGC-1,donor2,16
donor2_GAGTCTAGTTCCATTT-1,donor2,16
donor2_GAGTCTATCACCTTGC-1,donor2,17
donor2_GAGTCTATCACTTATC-1,donor2,1
donor2_GAGTCTATCATTCACT-1,donor2,4
donor2_GAGTCTATCCGATCTC-1,donor2,1
donor2_GAGTGAGAGGCTATCT-1,donor2,17
donor2_GAGTGAGAGGCTTAGG-1,donor2,3
donor2_GAGTGAGAGTACCATC-1,donor2,2
donor2_GAGTGAGAGTGGTGAC-1,donor2,15
donor2_GAGTGAGAGTGTAGAT-1,donor2,3
donor2_GAGTGAGCACCAGCGT-1,donor2,3
donor2_GAGTGAGCAGACAATA-1,donor2,20
donor2_GAGTGAGCAGCATACT-1,donor2,22
donor2_GAGTGAGGTACGAGCA-1,donor2,3
donor2_GAGTGAGGTTATCCAG-1,donor2,18
donor2_GAGTGAGGTTTCGTAG-1,donor2,1
donor2_GAGTGAGTCCACTAGA-1,donor2,6
donor2_GAGTGAGTCCCTTCCC-1,donor2,23
donor2_GAGTGAGTCGACCCAG-1,donor2,2
donor2_GAGTGAGTCGCTGTTC-1,donor2,4
donor2_GAGTGAGTCGGTGCAC-1,donor2,19
donor2_GAGTGAGTCTCTAGGA-1,donor2,16
donor2_GAGTGTTAGACGCAGT-1,donor2,4
donor2_GAGTGTTAGACTGAGC-1,donor2,18
donor2_GAGTGTTAGATACTGA-1,donor2,4
donor2_GAGTGTTAGCAACCAG-1,donor2,19
donor2_GAGTGTTAGTATGCAA-1,donor2,1
donor2_GAGTGTTCAAGCACAG-1,donor2,8
donor2_GAGTGTTCACCGTCTT-1,donor2,22
donor2_GAGTGTTCACCTCTGT-1,donor2,19
donor2_GAGTGTTCAGACCATT-1,donor2,16
donor2_GAGTGTTCAGGACTAG-1,donor2,21
donor2_GAGTGTTGTATGGTTC-1,donor2,2
donor2_GAGTGTTGTGGACCTC-1,donor2,8
donor2_GAGTGTTGTGGTCCCA-1,donor2,19
donor2_GAGTGTTTCCACAGGC-1,donor2,0
donor2_GAGTGTTTCTCGTTTA-1,donor2,0
donor2_GAGTTACAGCCAGACA-1,donor2,19
donor2_GAGTTACAGCGACTAG-1,donor2,3
donor2_GAGTTACAGCGTGTTT-1,donor2,19
donor2_GAGTTACAGTATGTAG-1,donor2,0
donor2_GAGTTACCAGCTGGTC-1,donor2,18
donor2_GAGTTACCATGCCGCA-1,donor2,8
donor2_GAGTTACGTAACATCC-1,donor2,18
donor2_GAGTTACGTTCCGCAG-1,donor2,18
donor2_GAGTTACGTTCTATCT-1,donor2,4
donor2_GAGTTACTCGGCAGTC-1,donor2,8
donor2_GAGTTACTCTCTCAAT-1,donor2,18
donor2_GAGTTACTCTGAGGCC-1,donor2,18
donor2_GAGTTACTCTGCACCT-1,donor2,20
donor2_GAGTTACTCTTTGCTA-1,donor2,0
donor2_GAGTTGTAGCCTCTGG-1,donor2,2
donor2_GAGTTGTAGTTACGAA-1,donor2,2
donor2_GAGTTGTAGTTCCGTA-1,donor2,3
donor2_GAGTTGTCACCATAAC-1,donor2,3
donor2_GAGTTGTCACCGCTGA-1,donor2,5
donor2_GAGTTGTGTGATGAAT-1,donor2,1
donor2_GAGTTGTGTGCATTTG-1,donor2,3
donor2_GAGTTGTGTTCACGAT-1,donor2,1
donor2_GAGTTGTTCAGCACCG-1,donor2,2
donor2_GAGTTGTTCAGTCAGT-1,donor2,19
donor2_GAGTTTGAGCCGTCGT-1,donor2,20
donor2_GAGTTTGAGCTGCGAA-1,donor2,0
donor2_GAGTTTGAGGCCCAAA-1,donor2,3
donor2_GAGTTTGCACTGCGTG-1,donor2,1
donor2_GAGTTTGCATTCTTCA-1,donor2,1
donor2_GAGTTTGGTCGAAGCA-1,donor2,1
donor2_GAGTTTGTCCCGTGTT-1,donor2,6
donor2_GAGTTTGTCCCTTGTG-1,donor2,3
donor2_GATAGAAAGACTTGTC-1,donor2,21
donor2_GATAGAAAGAGAGGGC-1,donor2,12
donor2_GATAGAAAGCCAGAGT-1,donor2,2
donor2_GATAGAAAGTCGCTAT-1,donor2,1
donor2_GATAGAAAGTGCGCTC-1,donor2,21
donor2_GATAGAAAGTTCCTGA-1,donor2,17
donor2_GATAGAACAATAAGGT-1,donor2,22
donor2_GATAGAAGTCAAATCC-1,donor2,0
donor2_GATAGAAGTGTGTGTT-1,donor2,16
donor2_GATAGAATCACATACG-1,donor2,15
donor2_GATAGAATCACCCTTG-1,donor2,2
donor2_GATAGAATCAGGTGTT-1,donor2,2
donor2_GATAGAATCCTCTCTT-1,donor2,17
donor2_GATAGCTAGACCTCCG-1,donor2,4
donor2_GATAGCTAGAGAGCAA-1,donor2,21
donor2_GATAGCTAGATGTTAG-1,donor2,2
donor2_GATAGCTAGCGATGAC-1,donor2,15
donor2_GATAGCTAGTCAATCC-1,donor2,2
donor2_GATAGCTAGTTGGAGC-1,donor2,6
donor2_GATAGCTCATCCGAGC-1,donor2,19
donor2_GATAGCTGTGACAGCA-1,donor2,0
donor2_GATAGCTTCTATCGTT-1,donor2,21
donor2_GATCACAAGCATCGAG-1,donor2,3
donor2_GATCACAAGCGATGGT-1,donor2,12
donor2_GATCACAAGCTACTAC-1,donor2,18
donor2_GATCACAAGTTGCTGT-1,donor2,3
donor2_GATCACAAGTTTGAGA-1,donor2,17
donor2_GATCACACAACTCCAA-1,donor2,0
donor2_GATCACACACCAGTAT-1,donor2,4
donor2_GATCACAGTAGTTAGA-1,donor2,3
donor2_GATCACAGTCTTGCGG-1,donor2,16
donor2_GATCACAGTGATCATC-1,donor2,18
donor2_GATCACAGTTCGGACC-1,donor2,2
donor2_GATCACATCAGAATAG-1,donor2,3
donor2_GATCACATCAGTGATC-1,donor2,5
donor2_GATCAGTAGCAAATGT-1,donor2,1
donor2_GATCAGTAGCCTAACT-1,donor2,19
donor2_GATCAGTAGGAAGTAG-1,donor2,19
donor2_GATCAGTAGGTACAAT-1,donor2,19
donor2_GATCAGTCAAGTGGGT-1,donor2,2
donor2_GATCAGTCACCAGCGT-1,donor2,4
donor2_GATCAGTCATCACGGC-1,donor2,2
donor2_GATCAGTCATTGTCGA-1,donor2,16
donor2_GATCAGTGTCCGGCAT-1,donor2,4
donor2_GATCAGTGTTCTCTCG-1,donor2,20
donor2_GATCAGTTCAATGTCG-1,donor2,8
donor2_GATCAGTTCCGCACGA-1,donor2,18
donor2_GATCAGTTCGGCCAAC-1,donor2,2
donor2_GATCAGTTCGTTCCCA-1,donor2,17
donor2_GATCAGTTCTTCGACC-1,donor2,15
donor2_GATCAGTTCTTGATTC-1,donor2,1
donor2_GATCATGAGAACTTCC-1,donor2,3
donor2_GATCATGAGCACTGGA-1,donor2,2
donor2_GATCATGAGCCTCTGG-1,donor2,15
donor2_GATCATGAGCTAAACA-1,donor2,4
donor2_GATCATGAGTCCCAGC-1,donor2,2
donor2_GATCATGCACAAAGTA-1,donor2,3
donor2_GATCATGCAGCGGTTC-1,donor2,3
donor2_GATCATGCAGTCGGTC-1,donor2,5
donor2_GATCATGCATACCATG-1,donor2,8
donor2_GATCATGGTACAACGG-1,donor2,2
donor2_GATCATGGTGCAGGAT-1,donor2,3
donor2_GATCATGGTGCGCTCA-1,donor2,21
donor2_GATCATGGTGTCATGT-1,donor2,2
donor2_GATCATGTCAAGTAAG-1,donor2,8
donor2_GATCATGTCAGGGATG-1,donor2,4
donor2_GATCATGTCGCTCCTA-1,donor2,1
donor2_GATCCCTAGGAAAGGT-1,donor2,19
donor2_GATCCCTAGGCATCTT-1,donor2,3
donor2_GATCCCTAGTGTAGTA-1,donor2,2
donor2_GATCCCTAGTTGGACG-1,donor2,2
donor2_GATCCCTCACGTACTA-1,donor2,5
donor2_GATCCCTCACTAGGTT-1,donor2,21
donor2_GATCCCTCAGACAAAT-1,donor2,2
donor2_GATCCCTCATACAGGG-1,donor2,2
donor2_GATCCCTGTGGTGATG-1,donor2,6
donor2_GATCCCTTCGTAGTGT-1,donor2,2
donor2_GATCCCTTCTCAACCC-1,donor2,4
donor2_GATCCCTTCTGGGAGA-1,donor2,18
donor2_GATCGTACACGTCGTG-1,donor2,8
donor2_GATCGTACACGTTGGC-1,donor2,7
donor2_GATCGTACAGAGGTAC-1,donor2,4
donor2_GATCGTAGTACGAGTG-1,donor2,3
donor2_GATCGTAGTCGTAATC-1,donor2,2
donor2_GATCGTAGTCTACGAT-1,donor2,2
donor2_GATCGTAGTGCGAGTA-1,donor2,3
donor2_GATCGTATCCATAGAC-1,donor2,8
donor2_GATCGTATCCATTCAT-1,donor2,18
donor2_GATCGTATCCTTATAC-1,donor2,16
donor2_GATCGTATCGACATCA-1,donor2,19
donor2_GATCGTATCGCGTGAC-1,donor2,8
donor2_GATGACTAGCATATGA-1,donor2,4
donor2_GATGACTAGCATGAAT-1,donor2,4
donor2_GATGACTAGGGATCTG-1,donor2,4
donor2_GATGACTCAAACTAGA-1,donor2,8
donor2_GATGACTCAGTTGAAA-1,donor2,4
donor2_GATGACTCATAAGCAA-1,donor2,2
donor2_GATGACTCATCTGTTT-1,donor2,2
donor2_GATGACTCATGCAGCC-1,donor2,20
donor2_GATGACTCATTATGCG-1,donor2,15
donor2_GATGACTGTCCATAGT-1,donor2,18
donor2_GATGACTTCATCGACA-1,donor2,20
donor2_GATGACTTCGTTCATT-1,donor2,16
donor2_GATGAGGAGAGAGTGA-1,donor2,15
donor2_GATGAGGAGCTCCGAC-1,donor2,17
donor2_GATGAGGAGGTTCTTG-1,donor2,1
donor2_GATGAGGCAATTGCTG-1,donor2,20
donor2_GATGAGGCACCGGTCA-1,donor2,20
donor2_GATGAGGCAGACACCC-1,donor2,3
donor2_GATGAGGCAGGGATAC-1,donor2,3
donor2_GATGAGGCATCCTGTC-1,donor2,17
donor2_GATGAGGGTAGTGCGA-1,donor2,2
donor2_GATGAGGGTCCATCTC-1,donor2,3
donor2_GATGAGGGTCCCAAAT-1,donor2,21
donor2_GATGAGGGTCCGTACG-1,donor2,16
donor2_GATGAGGGTTGTGCCG-1,donor2,3
donor2_GATGAGGTCCCTCGTA-1,donor2,17
donor2_GATGAGGTCGAGATGG-1,donor2,2
donor2_GATGATCAGATTGACA-1,donor2,27
donor2_GATGATCAGCGAATGC-1,donor2,0
donor2_GATGATCAGTACAGAT-1,donor2,27
donor2_GATGATCCAAAGCTCT-1,donor2,19
donor2_GATGATCCAAGGAGTC-1,donor2,19
donor2_GATGATCCAATTTCTC-1,donor2,16
donor2_GATGATCCACATGAAA-1,donor2,2
donor2_GATGATCCACTTCATT-1,donor2,21
donor2_GATGATCCAGAGGTAC-1,donor2,4
donor2_GATGATCCAGTAGGAC-1,donor2,2
donor2_GATGATCCATAGAAAC-1,donor2,18
donor2_GATGATCGTAGGTAGC-1,donor2,26
donor2_GATGATCGTATGGTAA-1,donor2,17
donor2_GATGATCTCGTACCTC-1,donor2,5
donor2_GATGATCTCTTACCAT-1,donor2,0
donor2_GATGCTAAGACGGAAA-1,donor2,3
donor2_GATGCTAAGATTGAGT-1,donor2,17
donor2_GATGCTAAGCCTGTGC-1,donor2,22
donor2_GATGCTAAGGTTGGTG-1,donor2,3
donor2_GATGCTAAGTATCCTG-1,donor2,19
donor2_GATGCTAAGTGATCGG-1,donor2,18
donor2_GATGCTACACTTACAG-1,donor2,0
donor2_GATGCTACAGAACTCT-1,donor2,9
donor2_GATGCTACAGAGTGAC-1,donor2,3
donor2_GATGCTAGTATTCCGA-1,donor2,18
donor2_GATGCTAGTTAGAGAT-1,donor2,19
donor2_GATGCTATCCCATAGA-1,donor2,17
donor2_GATGCTATCCTGTTGC-1,donor2,12
donor2_GATGCTATCGGAATTC-1,donor2,16
donor2_GATGCTATCTCTTAAC-1,donor2,8
donor2_GATGGAGAGTTTGAGA-1,donor2,12
donor2_GATGGAGCAAAGAACT-1,donor2,2
donor2_GATGGAGCACACTGGC-1,donor2,20
donor2_GATGGAGCACATTCGA-1,donor2,3
donor2_GATGGAGCAGAAGCGT-1,donor2,2
donor2_GATGGAGCAGCGTAGA-1,donor2,15
donor2_GATGGAGCAGGACGAT-1,donor2,3
donor2_GATGGAGCATAACCCA-1,donor2,1
donor2_GATGGAGGTACCATAC-1,donor2,18
donor2_GATGGAGGTAGATCCT-1,donor2,5
donor2_GATGGAGGTCAATGGG-1,donor2,19
donor2_GATGGAGGTCACTAGT-1,donor2,3
donor2_GATGGAGGTCCTTTGC-1,donor2,2
donor2_GATGGAGGTTCATCTT-1,donor2,2
donor2_GATGGAGGTTCTCACC-1,donor2,3
donor2_GATGGAGTCATGAAAG-1,donor2,2
donor2_GATGGAGTCCAATCTT-1,donor2,19
donor2_GATGGAGTCCCGAGGT-1,donor2,26
donor2_GATGGAGTCGCTATTT-1,donor2,2
donor2_GATGGAGTCTGTGTGA-1,donor2,16
donor2_GATGGAGTCTTGGTCC-1,donor2,8
donor2_GATGTTGAGCGACTTT-1,donor2,19
donor2_GATGTTGAGCGTTAGG-1,donor2,8
donor2_GATGTTGAGGTATCTC-1,donor2,17
donor2_GATGTTGAGGTGAGCT-1,donor2,8
donor2_GATGTTGAGTCAGAGC-1,donor2,18
donor2_GATGTTGCAAACTCTG-1,donor2,16
donor2_GATGTTGCACAGTGTT-1,donor2,3
donor2_GATGTTGCACATCATG-1,donor2,19
donor2_GATGTTGCACTAGTAC-1,donor2,1
donor2_GATGTTGCATACAGCT-1,donor2,4
donor2_GATGTTGCATCCAATG-1,donor2,5
donor2_GATGTTGGTCAAGTTC-1,donor2,3
donor2_GATGTTGGTCGACTTA-1,donor2,3
donor2_GATGTTGGTCGCGTCA-1,donor2,18
donor2_GATGTTGTCAGGAACG-1,donor2,1
donor2_GATGTTGTCCCGGTAG-1,donor2,4
donor2_GATGTTGTCCCTGGTT-1,donor2,17
donor2_GATGTTGTCCGATAAC-1,donor2,15
donor2_GATGTTGTCGCTCTCA-1,donor2,2
donor2_GATGTTGTCTCATTAC-1,donor2,2
donor2_GATGTTGTCTTGGGCG-1,donor2,3
donor2_GATTCGAAGGGTACGT-1,donor2,15
donor2_GATTCGAAGTGAGGTC-1,donor2,12
donor2_GATTCGACAACCGCTG-1,donor2,5
donor2_GATTCGACACATGGTT-1,donor2,2
donor2_GATTCGACACTACTTT-1,donor2,21
donor2_GATTCGACAGATTAAG-1,donor2,19
donor2_GATTCGACAGTTCACA-1,donor2,19
donor2_GATTCGAGTAGATTAG-1,donor2,3
donor2_GATTCGAGTCAAACGG-1,donor2,2
donor2_GATTCGAGTGGCATCC-1,donor2,4
donor2_GATTCGATCATATGGC-1,donor2,20
donor2_GATTCGATCATTGTGG-1,donor2,17
donor2_GATTCGATCGTACCTC-1,donor2,3
donor2_GATTCGATCTACTCAT-1,donor2,15
donor2_GATTCGATCTCATTAC-1,donor2,2
donor2_GATTCTTAGGACGCTA-1,donor2,6
donor2_GATTCTTCAAATACGA-1,donor2,21
donor2_GATTCTTCAAGGTACG-1,donor2,3
donor2_GATTCTTCACTATGTG-1,donor2,12
donor2_GATTCTTCAGCAATTC-1,donor2,3
donor2_GATTCTTCAGCTGTTA-1,donor2,3
donor2_GATTCTTGTGAGATAT-1,donor2,3
donor2_GATTCTTTCCTCGATC-1,donor2,17
donor2_GATTCTTTCTCCCATG-1,donor2,27
donor2_GATTGGTAGATTCGAA-1,donor2,7
donor2_GATTGGTAGTCGTCTA-1,donor2,8
donor2_GATTGGTAGTGCCGAA-1,donor2,8
donor2_GATTGGTCAATCGCCG-1,donor2,19
donor2_GATTGGTCACAGCATT-1,donor2,17
donor2_GATTGGTCACTCTGCT-1,donor2,17
donor2_GATTGGTCAGCGCTTG-1,donor2,1
donor2_GATTGGTGTGACGTCC-1,donor2,17
donor2_GATTGGTTCCACTTCG-1,donor2,8
donor2_GATTGGTTCTTTCCGG-1,donor2,15
donor2_GATTTCTAGGTCGCCT-1,donor2,8
donor2_GATTTCTAGTCTCCTC-1,donor2,17
donor2_GATTTCTCACCAGTAT-1,donor2,20
donor2_GATTTCTCAGGCACTC-1,donor2,15
donor2_GATTTCTCAGTAGATA-1,donor2,17
donor2_GATTTCTCATCTGCGG-1,donor2,21
donor2_GATTTCTGTACGATGG-1,donor2,3
donor2_GATTTCTGTCGTTGCG-1,donor2,6
donor2_GATTTCTGTGCCGAAA-1,donor2,17
donor2_GATTTCTGTGTCTTAG-1,donor2,2
donor2_GATTTCTGTTCTTGCC-1,donor2,20
donor2_GATTTCTTCACCTGTC-1,donor2,19
donor2_GATTTCTTCCGATGCG-1,donor2,19
donor2_GATTTCTTCGCTAGCG-1,donor2,16
donor2_GATTTCTTCTCGCAGG-1,donor2,20
donor2_GCAACATAGCGTCTGC-1,donor2,16
donor2_GCAACATCACAGCTTA-1,donor2,17
donor2_GCAACATGTACGGGAT-1,donor2,0
donor2_GCAACATGTAGGCTGA-1,donor2,17
donor2_GCAACATGTCCGGTGT-1,donor2,18
donor2_GCAACATGTCTCACGG-1,donor2,2
donor2_GCAACATGTGAGTCAG-1,donor2,21
donor2_GCAACATGTGGGCTCT-1,donor2,17
donor2_GCAACATGTTTACTGG-1,donor2,18
donor2_GCAACATGTTTGATCG-1,donor2,21
donor2_GCAACATTCATTGCGA-1,donor2,27
donor2_GCAACATTCCACACAA-1,donor2,4
donor2_GCAACATTCCATCTGC-1,donor2,8
donor2_GCAACATTCCATTTGT-1,donor2,21
donor2_GCAACCGAGACATCAA-1,donor2,19
donor2_GCAACCGAGAGTCCGA-1,donor2,8
donor2_GCAACCGAGCAGCAGT-1,donor2,2
donor2_GCAACCGAGTGGCGAT-1,donor2,2
donor2_GCAACCGCAGATCATC-1,donor2,5
donor2_GCAACCGCAGTGGCTC-1,donor2,4
donor2_GCAACCGCATATGGCT-1,donor2,8
donor2_GCAACCGCATTCACAG-1,donor2,0
donor2_GCAACCGGTAGAGTTA-1,donor2,15
donor2_GCAACCGGTCCACAGC-1,donor2,17
donor2_GCAACCGGTCGCCTAG-1,donor2,2
donor2_GCAACCGTCGGTCACG-1,donor2,4
donor2_GCAACCGTCGGTGCAC-1,donor2,25
donor2_GCACATAAGAAATTCG-1,donor2,2
donor2_GCACATAAGGCCGCTT-1,donor2,27
donor2_GCACATACAGATTTCG-1,donor2,2
donor2_GCACATAGTCATACCA-1,donor2,5
donor2_GCACATAGTCGTAATC-1,donor2,17
donor2_GCACATAGTGAGATAT-1,donor2,15
donor2_GCACATATCATTACGG-1,donor2,18
donor2_GCACATATCCCAACTC-1,donor2,2
donor2_GCACATATCCCTCTAG-1,donor2,17
donor2_GCACATATCCGATAGT-1,donor2,3
donor2_GCACATATCGTACCTC-1,donor2,4
donor2_GCACGGTAGCTGTACT-1,donor2,12
donor2_GCACGGTCAAAGTATG-1,donor2,8
donor2_GCACGGTCACTACACA-1,donor2,17
donor2_GCACGGTCAGACGGAT-1,donor2,2
donor2_GCACGGTCATGCCGGT-1,donor2,21
donor2_GCACGGTGTACAATAG-1,donor2,1
donor2_GCACGGTGTTTACTTC-1,donor2,4
donor2_GCACGGTTCCATCTAT-1,donor2,7
donor2_GCACGGTTCGACCCAG-1,donor2,2
donor2_GCACGTGAGGCTTTCA-1,donor2,0
donor2_GCACGTGCAGAAATCA-1,donor2,1
donor2_GCACGTGGTAAGATCA-1,donor2,19
donor2_GCACGTGGTACAAAGT-1,donor2,19
donor2_GCACGTGGTCACATTG-1,donor2,4
donor2_GCACGTGGTCACTGAT-1,donor2,17
donor2_GCACGTGGTTCAACGT-1,donor2,17
donor2_GCACGTGGTTTAGAGA-1,donor2,8
donor2_GCACGTGGTTTGGGTT-1,donor2,2
donor2_GCACGTGTCCCTCTCC-1,donor2,3
donor2_GCACGTGTCGACGAGA-1,donor2,3
donor2_GCACGTGTCGCAGATT-1,donor2,16
donor2_GCACGTGTCGGCTCTT-1,donor2,0
donor2_GCACTAAAGACTGAGC-1,donor2,19
donor2_GCACTAAAGCGCCTAC-1,donor2,17
donor2_GCACTAAAGTGCAACG-1,donor2,0
donor2_GCACTAAAGTGCCAGA-1,donor2,10
donor2_GCACTAAAGTTACGTC-1,donor2,8
donor2_GCACTAACAATTTCGG-1,donor2,21
donor2_GCACTAACACGGTGTC-1,donor2,17
donor2_GCACTAACACTGGATT-1,donor2,18
donor2_GCACTAACAGAACCGA-1,donor2,4
donor2_GCACTAACATCAGCAT-1,donor2,21
donor2_GCACTAAGTACAATAG-1,donor2,16
donor2_GCACTAAGTAGTCACT-1,donor2,21
donor2_GCACTAAGTCATCTAG-1,donor2,3
donor2_GCACTAAGTCCCTCAT-1,donor2,26
donor2_GCACTAAGTCCCTGTT-1,donor2,3
donor2_GCACTAAGTTACCCTC-1,donor2,18
donor2_GCACTAATCAACGAGG-1,donor2,2
donor2_GCACTAATCATTTCCA-1,donor2,19
donor2_GCACTAATCCGTTTCG-1,donor2,1
donor2_GCACTAATCTCCTGCA-1,donor2,1
donor2_GCACTAATCTTTCAGT-1,donor2,16
donor2_GCAGCCAAGCCTGGAA-1,donor2,17
donor2_GCAGCCAAGCTCTATG-1,donor2,20
donor2_GCAGCCAAGGAGTATT-1,donor2,1
donor2_GCAGCCACAGAGACTG-1,donor2,2
donor2_GCAGCCAGTTATAGAG-1,donor2,3
donor2_GCAGCCAGTTTCGTTT-1,donor2,0
donor2_GCAGCCATCCTGGTCT-1,donor2,8
donor2_GCAGCCATCTACCACC-1,donor2,8
donor2_GCAGCCATCTGCTGAA-1,donor2,8
donor2_GCAGCTGAGCACCGTC-1,donor2,18
donor2_GCAGCTGAGCCAGAGT-1,donor2,3
donor2_GCAGCTGAGGCGTTGA-1,donor2,4
donor2_GCAGCTGCAAAGCTCT-1,donor2,19
donor2_GCAGCTGCAAGCGAAC-1,donor2,1
donor2_GCAGCTGCAAGTAGTA-1,donor2,0
donor2_GCAGCTGCACTTTATC-1,donor2,8
donor2_GCAGCTGCAGAGTTCT-1,donor2,3
donor2_GCAGCTGCATCATCTT-1,donor2,3
donor2_GCAGCTGGTCAGATTC-1,donor2,17
donor2_GCAGCTGTCCGATGTA-1,donor2,0
donor2_GCAGCTGTCCTTATCA-1,donor2,8
donor2_GCAGCTGTCGATGGAG-1,donor2,3
donor2_GCAGCTGTCGGACTTA-1,donor2,1
donor2_GCAGGCTAGATGTTCC-1,donor2,15
donor2_GCAGGCTAGTCTGGAG-1,donor2,16
donor2_GCAGGCTAGTCTTGGT-1,donor2,3
donor2_GCAGGCTCAACGTATC-1,donor2,15
donor2_GCAGGCTCAAGAGAGA-1,donor2,24
donor2_GCAGGCTCACCATTCC-1,donor2,1
donor2_GCAGGCTCACCCATAA-1,donor2,27
donor2_GCAGGCTCAGCGAACA-1,donor2,21
donor2_GCAGGCTGTATGAAGT-1,donor2,17
donor2_GCAGGCTGTCCCGGTA-1,donor2,2
donor2_GCAGGCTGTGACTAAA-1,donor2,3
donor2_GCAGGCTTCACGTAGT-1,donor2,2
donor2_GCAGGCTTCACTGTCC-1,donor2,17
donor2_GCAGGCTTCAGAGTGG-1,donor2,18
donor2_GCAGGCTTCGAACTCA-1,donor2,21
donor2_GCAGGCTTCGACCAAT-1,donor2,1
donor2_GCAGGCTTCGGTGTAT-1,donor2,18
donor2_GCAGGCTTCGGTTGTA-1,donor2,3
donor2_GCAGGCTTCGTGAGAG-1,donor2,15
donor2_GCAGGCTTCTCTCTTC-1,donor2,2
donor2_GCAGGCTTCTTCCCAG-1,donor2,2
donor2_GCAGTTAAGACTCAAA-1,donor2,22
donor2_GCAGTTAAGTCGGCAA-1,donor2,21
donor2_GCAGTTACAAATGAAC-1,donor2,7
donor2_GCAGTTACATACACCA-1,donor2,15
donor2_GCAGTTACATTGCCGG-1,donor2,19
donor2_GCAGTTAGTAAGGCTG-1,donor2,17
donor2_GCAGTTAGTGCGGCTT-1,donor2,15
donor2_GCAGTTAGTGTATACC-1,donor2,12
donor2_GCAGTTATCAAACGAA-1,donor2,3
donor2_GCAGTTATCAGTCCGG-1,donor2,20
donor2_GCAGTTATCCAACCGG-1,donor2,21
donor2_GCAGTTATCCAATCTT-1,donor2,15
donor2_GCAGTTATCCACGTCT-1,donor2,1
donor2_GCAGTTATCCCGGTAG-1,donor2,19
donor2_GCAGTTATCCGGCAGT-1,donor2,2
donor2_GCAGTTATCGACTCCT-1,donor2,4
donor2_GCAGTTATCTAAGCGT-1,donor2,1
donor2_GCAGTTATCTGTGCGG-1,donor2,0
donor2_GCATCGGAGAGTTCGG-1,donor2,8
donor2_GCATCGGAGCTTCGTA-1,donor2,17
donor2_GCATCGGAGTCTGCGC-1,donor2,2
donor2_GCATCGGCAAGCAATA-1,donor2,2
donor2_GCATCGGCAGAGGCTA-1,donor2,0
donor2_GCATCGGCAGTAACGG-1,donor2,27
donor2_GCATCGGCATAGATCC-1,donor2,2
donor2_GCATCGGCATCCGTTC-1,donor2,2
donor2_GCATCGGTCTTGGTGA-1,donor2,15
donor2_GCATCTCAGTTTCAGC-1,donor2,17
donor2_GCATCTCCACCTCTGT-1,donor2,3
donor2_GCATCTCCATATTCGG-1,donor2,3
donor2_GCATCTCGTACACGCC-1,donor2,18
donor2_GCATCTCGTACGACTT-1,donor2,2
donor2_GCATCTCGTATGCTAC-1,donor2,21
donor2_GCATCTCGTCATCCGG-1,donor2,19
donor2_GCATCTCGTCGCATGC-1,donor2,2
donor2_GCATCTCGTGGCAACA-1,donor2,17
donor2_GCATCTCGTTGCGAAG-1,donor2,2
donor2_GCATCTCTCCATCTGC-1,donor2,8
donor2_GCATCTCTCTATCGCC-1,donor2,3
donor2_GCATCTCTCTGGGCAC-1,donor2,0
donor2_GCATGATAGGCGACAT-1,donor2,2
donor2_GCATGATAGTACTCGT-1,donor2,3
donor2_GCATGATAGTCTTCCC-1,donor2,15
donor2_GCATGATCAACCGTGC-1,donor2,17
donor2_GCATGATCAATACCCA-1,donor2,20
donor2_GCATGATCAGCACACC-1,donor2,3
donor2_GCATGATGTATCTCTT-1,donor2,3
donor2_GCATGATGTCCTCATC-1,donor2,20
donor2_GCATGATGTGTTGATC-1,donor2,16
donor2_GCATGATTCAAGCTTG-1,donor2,16
donor2_GCATGATTCGGTAAGG-1,donor2,0
donor2_GCATGATTCGGTATGT-1,donor2,21
donor2_GCATGATTCGTCAACA-1,donor2,3
donor2_GCATGATTCTGCTCTG-1,donor2,3
donor2_GCATTAGAGAATAACC-1,donor2,3
donor2_GCATTAGAGCAGGCAT-1,donor2,2
donor2_GCATTAGAGCGACAGT-1,donor2,0
donor2_GCATTAGAGGAGTCTG-1,donor2,6
donor2_GCATTAGAGTAACGTA-1,donor2,3
donor2_GCATTAGCAAGTGACG-1,donor2,19
donor2_GCATTAGCACGGCCAT-1,donor2,16
donor2_GCATTAGCATCTAGAC-1,donor2,8
donor2_GCATTAGGTGCGGTAA-1,donor2,2
donor2_GCATTAGGTTACCGTA-1,donor2,0
donor2_GCATTAGTCCCTTCCC-1,donor2,4
donor2_GCATTAGTCCGAAATC-1,donor2,19
donor2_GCATTAGTCCGGTTCT-1,donor2,0
donor2_GCATTAGTCGGCAGTC-1,donor2,21
donor2_GCATTAGTCGGCATAT-1,donor2,5
donor2_GCATTAGTCTCTGAGA-1,donor2,17
donor2_GCCAACGAGGTGCTGA-1,donor2,19
donor2_GCCAACGAGTAGCAAT-1,donor2,2
donor2_GCCAACGCACACGGAA-1,donor2,19
donor2_GCCAACGCACTTCCTG-1,donor2,19
donor2_GCCAACGGTAGCTGCC-1,donor2,18
donor2_GCCAACGGTCGCTGCA-1,donor2,4
donor2_GCCAACGGTGATTAGA-1,donor2,16
donor2_GCCAACGGTGGACTAG-1,donor2,15
donor2_GCCAACGTCAGAGTTC-1,donor2,8
donor2_GCCAACGTCCAAGCAT-1,donor2,2
donor2_GCCAACGTCGCGTGCA-1,donor2,4
donor2_GCCAGCAAGCCAGTAG-1,donor2,3
donor2_GCCAGCAAGTGCAAAT-1,donor2,17
donor2_GCCAGCACAGCGAACA-1,donor2,16
donor2_GCCAGCAGTACCTTCC-1,donor2,17
donor2_GCCAGCAGTGCTCGTG-1,donor2,1
donor2_GCCAGCAGTTCCGCGA-1,donor2,16
donor2_GCCAGCAGTTGTAAAG-1,donor2,1
donor2_GCCAGCATCATGACAC-1,donor2,2
donor2_GCCAGCATCCACGTCT-1,donor2,5
donor2_GCCAGCATCCATATGG-1,donor2,0
donor2_GCCAGCATCCTCGATC-1,donor2,3
donor2_GCCAGCATCTAGCCTC-1,donor2,18
donor2_GCCAGCATCTCATTAC-1,donor2,3
donor2_GCCAGGTAGGCGATAC-1,donor2,8
donor2_GCCAGGTAGTCGAATA-1,donor2,8
donor2_GCCAGGTCAACAGATA-1,donor2,5
donor2_GCCAGGTCAAGACAAT-1,donor2,22
donor2_GCCAGGTCAATGTTGC-1,donor2,3
donor2_GCCAGGTCAGCTGTGC-1,donor2,8
donor2_GCCAGGTCATACTGTG-1,donor2,19
donor2_GCCAGGTCATTAGGAA-1,donor2,8
donor2_GCCAGGTGTTTACCAG-1,donor2,3
donor2_GCCAGGTTCAGTCCGG-1,donor2,1
donor2_GCCAGGTTCTAACACG-1,donor2,8
donor2_GCCAGGTTCTCCTGCA-1,donor2,2
donor2_GCCAGTGAGAAACTGT-1,donor2,20
donor2_GCCAGTGAGCAGTACG-1,donor2,3
donor2_GCCAGTGAGTACAACA-1,donor2,8
donor2_GCCAGTGAGTCGAAGC-1,donor2,18
donor2_GCCAGTGCAATAGTCC-1,donor2,4
donor2_GCCAGTGGTAGTCTGT-1,donor2,2
donor2_GCCAGTGGTGATAGTA-1,donor2,8
donor2_GCCAGTGGTGGTCAAG-1,donor2,15
donor2_GCCAGTGTCACCATGA-1,donor2,18
donor2_GCCAGTGTCACTCGAA-1,donor2,18
donor2_GCCAGTGTCCAAGGGA-1,donor2,1
donor2_GCCAGTGTCCGCACGA-1,donor2,3
donor2_GCCAGTGTCCGCAGTG-1,donor2,19
donor2_GCCAGTGTCCGTATAG-1,donor2,2
donor2_GCCATGGAGAATACAC-1,donor2,16
donor2_GCCATGGAGTCGTTAC-1,donor2,2
donor2_GCCATGGCACATGGTT-1,donor2,17
donor2_GCCATGGCACTTGTCC-1,donor2,17
donor2_GCCATGGGTCGCTTAA-1,donor2,1
donor2_GCCATGGGTGTCCTAA-1,donor2,19
donor2_GCCATGGTCATTGAGC-1,donor2,19
donor2_GCCATGGTCCTGGGTG-1,donor2,2
donor2_GCCATGGTCGAGAATA-1,donor2,2
donor2_GCCATGGTCTGGCCAG-1,donor2,21
donor2_GCCATTCAGCACAAAT-1,donor2,19
donor2_GCCATTCAGCCTCATA-1,donor2,3
donor2_GCCATTCAGCGATGCA-1,donor2,19
donor2_GCCATTCAGCTCCATA-1,donor2,1
donor2_GCCATTCAGCTTCGTA-1,donor2,0
donor2_GCCATTCAGGAATCGC-1,donor2,4
donor2_GCCATTCAGGGCGAGA-1,donor2,24
donor2_GCCATTCAGGTGATCG-1,donor2,2
donor2_GCCATTCAGTGCACAG-1,donor2,2
donor2_GCCATTCAGTTTCGAC-1,donor2,1
donor2_GCCATTCCACTGGAAG-1,donor2,2
donor2_GCCATTCCACTTCTCG-1,donor2,18
donor2_GCCATTCCATGTGTCA-1,donor2,1
donor2_GCCATTCGTCACAGAG-1,donor2,17
donor2_GCCATTCGTCAGGTGA-1,donor2,0
donor2_GCCATTCGTCTACAGT-1,donor2,17
donor2_GCCATTCGTGGCTTAT-1,donor2,27
donor2_GCCATTCTCAGACCTA-1,donor2,2
donor2_GCCATTCTCCCTTGTG-1,donor2,19
donor2_GCCATTCTCGAACGCC-1,donor2,6
donor2_GCCATTCTCGAAGGAC-1,donor2,2
donor2_GCCATTCTCGGCCCAA-1,donor2,18
donor2_GCCATTCTCGTAGTCA-1,donor2,0
donor2_GCCATTCTCGTCGACG-1,donor2,8
donor2_GCCATTCTCTGCGGGT-1,donor2,2
donor2_GCCCAGAAGCACGGAT-1,donor2,15
donor2_GCCCAGACAGCATTGT-1,donor2,21
donor2_GCCCAGACAGTGTGGA-1,donor2,2
donor2_GCCCAGAGTTCAAACC-1,donor2,8
donor2_GCCCAGAGTTTGGAGG-1,donor2,21
donor2_GCCCAGATCATTACTC-1,donor2,3
donor2_GCCCGAAAGAGATGCC-1,donor2,8
donor2_GCCCGAAAGGATTCAA-1,donor2,6
donor2_GCCCGAAAGGCCACTC-1,donor2,0
donor2_GCCCGAACACAAGTTC-1,donor2,15
donor2_GCCCGAAGTAACATGA-1,donor2,17
donor2_GCCCGAAGTAACCAGG-1,donor2,8
donor2_GCCCGAAGTCACTTCC-1,donor2,2
donor2_GCCCGAAGTTACGTAC-1,donor2,2
donor2_GCCCGAAGTTTCGGCG-1,donor2,2
donor2_GCCCGAATCAATCAGC-1,donor2,4
donor2_GCCCGAATCGCCTAGG-1,donor2,5
donor2_GCCCGAATCGCTAAAC-1,donor2,19
donor2_GCCCGAATCGTCGATA-1,donor2,2
donor2_GCCCGAATCTGGCCAG-1,donor2,1
donor2_GCCGATGAGAAGTGTT-1,donor2,2
donor2_GCCGATGAGCTCATAC-1,donor2,4
donor2_GCCGATGAGCTGTACT-1,donor2,17
donor2_GCCGATGAGGTCGCCT-1,donor2,15
donor2_GCCGATGAGGTGCTGA-1,donor2,0
donor2_GCCGATGAGTATCTGC-1,donor2,3
donor2_GCCGATGAGTTCCGTA-1,donor2,3
donor2_GCCGATGCACTGCACG-1,donor2,2
donor2_GCCGATGGTGGCTACC-1,donor2,4
donor2_GCCGATGTCCGACGGT-1,donor2,2
donor2_GCCGATGTCTGCGGGT-1,donor2,2
donor2_GCCGATGTCTGGGCCA-1,donor2,19
donor2_GCCGTGAAGGAACTCG-1,donor2,2
donor2_GCCGTGAAGGACCCAA-1,donor2,16
donor2_GCCGTGAAGTAAGAGG-1,donor2,15
donor2_GCCGTGACAAGACGAC-1,donor2,26
donor2_GCCGTGACAAGCTGTT-1,donor2,15
donor2_GCCGTGACAGTTGAAA-1,donor2,3
donor2_GCCGTGAGTACTGAGG-1,donor2,19
donor2_GCCGTGAGTAGTTACC-1,donor2,18
donor2_GCCGTGATCGGACTGC-1,donor2,17
donor2_GCCGTGATCTGCGGGT-1,donor2,4
donor2_GCCTGTTAGACCAGAC-1,donor2,5
donor2_GCCTGTTAGATGCTTC-1,donor2,2
donor2_GCCTGTTAGCCTAACT-1,donor2,3
donor2_GCCTGTTAGGCAGGTT-1,donor2,17
donor2_GCCTGTTAGGTCACTT-1,donor2,0
donor2_GCCTGTTAGTAGAATC-1,donor2,16
donor2_GCCTGTTCAAAGGCGT-1,donor2,21
donor2_GCCTGTTCAGAGATGC-1,donor2,6
donor2_GCCTGTTCATAGGTAA-1,donor2,8
donor2_GCCTGTTCATGTGCTA-1,donor2,2
donor2_GCCTGTTCATTACGGT-1,donor2,3
donor2_GCCTGTTGTCGAGCAA-1,donor2,0
donor2_GCCTGTTGTCTCTCTG-1,donor2,19
donor2_GCCTGTTGTCTGTGAT-1,donor2,17
donor2_GCCTGTTGTGGTCTCG-1,donor2,3
donor2_GCCTGTTGTTTGGGTT-1,donor2,1
donor2_GCCTGTTGTTTGTTGG-1,donor2,3
donor2_GCCTGTTTCAGACCGC-1,donor2,0
donor2_GCCTGTTTCCATCTGC-1,donor2,17
donor2_GCCTGTTTCCTAAACG-1,donor2,2
donor2_GCCTGTTTCGTAACTG-1,donor2,1
donor2_GCCTGTTTCGTAGAGG-1,donor2,1
donor2_GCGAGAAAGCTGAGTG-1,donor2,15
donor2_GCGAGAAAGGCGCTCT-1,donor2,16
donor2_GCGAGAAAGGGCCTCT-1,donor2,19
donor2_GCGAGAAAGGTCCCTG-1,donor2,4
donor2_GCGAGAAAGTTCATGC-1,donor2,4
donor2_GCGAGAACACCAATTG-1,donor2,16
donor2_GCGAGAACAGCTTCCT-1,donor2,4
donor2_GCGAGAACATCAACCA-1,donor2,19
donor2_GCGAGAAGTAGTTAGA-1,donor2,2
donor2_GCGAGAATCTGCACCT-1,donor2,19
donor2_GCGATCGAGACGTCGA-1,donor2,3
donor2_GCGATCGAGCCTATTG-1,donor2,15
donor2_GCGATCGAGCGGTATG-1,donor2,17
donor2_GCGATCGAGTCACAGG-1,donor2,16
donor2_GCGATCGCAATTTCCT-1,donor2,2
donor2_GCGATCGCACAACATC-1,donor2,12
donor2_GCGATCGCAGAGTGAC-1,donor2,12
donor2_GCGATCGCATATCTCT-1,donor2,2
donor2_GCGATCGGTATCTTCT-1,donor2,1
donor2_GCGATCGGTGAACCGA-1,donor2,3
donor2_GCGATCGTCAACTCTT-1,donor2,2
donor2_GCGATCGTCACCATAG-1,donor2,17
donor2_GCGATCGTCCATAAGC-1,donor2,12
donor2_GCGATCGTCGCCTTGT-1,donor2,17
donor2_GCGATCGTCTGCTGAA-1,donor2,3
donor2_GCGGAAAAGACCTTTG-1,donor2,21
donor2_GCGGAAACACACGGAA-1,donor2,2
donor2_GCGGAAACATGAGATA-1,donor2,12
donor2_GCGGAAAGTCCTGGTG-1,donor2,17
donor2_GCGGAAAGTCGAGTTT-1,donor2,17
donor2_GCGGAAATCAAGTAAG-1,donor2,2
donor2_GCGGAAATCACAAGGG-1,donor2,4
donor2_GCGGAAATCACCTGGG-1,donor2,2
donor2_GCGGAAATCGGCTATA-1,donor2,4
donor2_GCGGATCAGAAACTCA-1,donor2,16
donor2_GCGGATCAGGTCGCCT-1,donor2,21
donor2_GCGGATCAGTCTTCCC-1,donor2,6
donor2_GCGGATCCACGACTAT-1,donor2,18
donor2_GCGGATCCAGAGCCCT-1,donor2,19
donor2_GCGGATCGTGATACTC-1,donor2,6
donor2_GCGGATCGTTTACGTG-1,donor2,3
donor2_GCGGATCTCCTAAGTG-1,donor2,22
donor2_GCGTGCAAGACCGTTT-1,donor2,15
donor2_GCGTGCAAGACTTGTC-1,donor2,19
donor2_GCGTGCAAGCACCCAC-1,donor2,3
donor2_GCGTGCAAGCACGATG-1,donor2,19
donor2_GCGTGCAAGGTCGTGA-1,donor2,4
donor2_GCGTGCAAGTCTCGTA-1,donor2,2
donor2_GCGTGCAAGTGCCCGT-1,donor2,3
donor2_GCGTGCACAATCGCGC-1,donor2,8
donor2_GCGTGCACAGAGCGTA-1,donor2,0
donor2_GCGTGCACAGGAGGTT-1,donor2,1
donor2_GCGTGCACAGGTGGAT-1,donor2,3
donor2_GCGTGCAGTCACTCAA-1,donor2,16
donor2_GCGTGCAGTTTGGGTT-1,donor2,0
donor2_GCGTGCATCCTGTAGA-1,donor2,20
donor2_GCGTGCATCCTTGGAA-1,donor2,2
donor2_GCGTGCATCGATGCAT-1,donor2,1
donor2_GCGTTTCAGATTAGAC-1,donor2,2
donor2_GCGTTTCAGGTCCGAA-1,donor2,1
donor2_GCGTTTCCACCCATAA-1,donor2,4
donor2_GCGTTTCCAGCTCGGT-1,donor2,8
donor2_GCGTTTCGTGGAATGC-1,donor2,2
donor2_GCGTTTCGTGTCACAT-1,donor2,16
donor2_GCGTTTCTCACCGCTT-1,donor2,3
donor2_GCGTTTCTCATCACAG-1,donor2,3
donor2_GCGTTTCTCCAGCTCT-1,donor2,18
donor2_GCGTTTCTCCATGATG-1,donor2,17
donor2_GCGTTTCTCCTAGCGG-1,donor2,2
donor2_GCGTTTCTCGACATTG-1,donor2,24
donor2_GCGTTTCTCGGATTAC-1,donor2,8
donor2_GCGTTTCTCGTCTAAG-1,donor2,2
donor2_GCGTTTCTCTACTGCC-1,donor2,17
donor2_GCGTTTCTCTGTAACG-1,donor2,2
donor2_GCTACAAAGCCATATC-1,donor2,0
donor2_GCTACAACAACCGTAT-1,donor2,3
donor2_GCTACAACACTTGAGT-1,donor2,15
donor2_GCTACAACAGCAGACA-1,donor2,18
donor2_GCTACAACATCGTGCG-1,donor2,17
donor2_GCTACAAGTATAATGG-1,donor2,2
donor2_GCTACAAGTCCAAAGG-1,donor2,2
donor2_GCTACAAGTTCACCGG-1,donor2,20
donor2_GCTACAATCAGCTGTA-1,donor2,20
donor2_GCTACAATCGTACACA-1,donor2,8
donor2_GCTACAATCTTGTGCC-1,donor2,4
donor2_GCTACCTAGAGTGAAG-1,donor2,18
donor2_GCTACCTAGGCAGCTA-1,donor2,3
donor2_GCTACCTAGTGCCTCG-1,donor2,2
donor2_GCTACCTCAAGTGGTG-1,donor2,2
donor2_GCTACCTCAGCCCACA-1,donor2,15
donor2_GCTACCTGTAGCGTTT-1,donor2,0
donor2_GCTACCTGTCCACTTC-1,donor2,18
donor2_GCTACCTGTGTGTGGA-1,donor2,19
donor2_GCTACCTGTGTTTCTT-1,donor2,8
donor2_GCTACCTGTTCAATCG-1,donor2,1
donor2_GCTACCTTCGCCTCTA-1,donor2,19
donor2_GCTCAAAAGAAATTGC-1,donor2,17
donor2_GCTCAAAAGATTAGCA-1,donor2,18
donor2_GCTCAAAAGCGAGTCA-1,donor2,12
donor2_GCTCAAAAGGGAACAA-1,donor2,5
donor2_GCTCAAAAGGTTCTAC-1,donor2,17
donor2_GCTCAAAAGTTGAAAC-1,donor2,19
donor2_GCTCAAACAGCAGTCC-1,donor2,19
donor2_GCTCAAAGTACTAACC-1,donor2,15
donor2_GCTCAAAGTAGAGTTA-1,donor2,16
donor2_GCTCAAATCATAGCAC-1,donor2,2
donor2_GCTGAATAGAGTAACT-1,donor2,19
donor2_GCTGAATAGTTGCCCG-1,donor2,8
donor2_GCTGAATAGTTGCGCC-1,donor2,8
donor2_GCTGAATCAGGGATAC-1,donor2,17
donor2_GCTGAATCATGAGAAT-1,donor2,2
donor2_GCTGAATCATGTGGCC-1,donor2,15
donor2_GCTGAATGTGCATGTT-1,donor2,16
donor2_GCTGAATGTTCCACGG-1,donor2,17
donor2_GCTGAATTCATTGGTG-1,donor2,17
donor2_GCTGAATTCCGTGACG-1,donor2,1
donor2_GCTGAATTCTACTGAG-1,donor2,1
donor2_GCTGCAGAGAATTCAG-1,donor2,3
donor2_GCTGCAGAGATGGGCT-1,donor2,17
donor2_GCTGCAGAGGCAATGC-1,donor2,1
donor2_GCTGCAGAGTCTAGAA-1,donor2,24
donor2_GCTGCAGAGTGGGAAA-1,donor2,27
donor2_GCTGCAGCACCTGTCT-1,donor2,18
donor2_GCTGCAGCACGACGTC-1,donor2,8
donor2_GCTGCAGCATGACACT-1,donor2,0
donor2_GCTGCAGGTATTCCGA-1,donor2,5
donor2_GCTGCAGGTGGAGGTT-1,donor2,2
donor2_GCTGCAGGTGTAGTGG-1,donor2,2
donor2_GCTGCAGGTTAGAGAT-1,donor2,21
donor2_GCTGCAGGTTCTCCCA-1,donor2,15
donor2_GCTGCAGGTTGGGCCT-1,donor2,8
donor2_GCTGCAGTCATAGCAC-1,donor2,21
donor2_GCTGCAGTCTCTTGCG-1,donor2,27
donor2_GCTGGGTAGAAATTGC-1,donor2,8
donor2_GCTGGGTAGAATCGAT-1,donor2,2
donor2_GCTGGGTAGCACTCCG-1,donor2,2
donor2_GCTGGGTAGCGTTCAT-1,donor2,19
donor2_GCTGGGTAGCTCGGCT-1,donor2,2
donor2_GCTGGGTCAAGGACAC-1,donor2,4
donor2_GCTGGGTCAGGTGAGT-1,donor2,8
donor2_GCTGGGTGTAGGTAGC-1,donor2,17
donor2_GCTGGGTGTGTAGCAG-1,donor2,4
donor2_GCTGGGTTCTGAGAAA-1,donor2,0
donor2_GCTTCACAGGTGATCG-1,donor2,1
donor2_GCTTCACCAAGTCATC-1,donor2,0
donor2_GCTTCACCATGCACTA-1,donor2,4
donor2_GCTTCACGTCACGTGC-1,donor2,3
donor2_GCTTCACGTCGCTCGA-1,donor2,17
donor2_GCTTCACGTCGCTTAA-1,donor2,17
donor2_GCTTCACGTGATAGTA-1,donor2,1
donor2_GCTTCACGTTCTGACA-1,donor2,19
donor2_GCTTCACTCTCAGTCC-1,donor2,2
donor2_GCTTGGGAGAACGTGC-1,donor2,18
donor2_GCTTGGGAGCTAATCC-1,donor2,3
donor2_GCTTGGGAGGCGAAGG-1,donor2,3
donor2_GCTTGGGCACTCTGCT-1,donor2,21
donor2_GCTTGGGCAGAGAGGG-1,donor2,18
donor2_GCTTGGGCAGTCAACT-1,donor2,17
donor2_GCTTGGGCATCATTGG-1,donor2,5
donor2_GCTTGGGGTAGACGGT-1,donor2,15
donor2_GCTTGGGGTTCGATTG-1,donor2,16
donor2_GCTTGGGTCACCTCAC-1,donor2,21
donor2_GCTTGGGTCATGGGAG-1,donor2,15
donor2_GCTTGGGTCGCATAGT-1,donor2,16
donor2_GCTTGGGTCGGAATGG-1,donor2,15
donor2_GCTTGGGTCTTGAACG-1,donor2,18
donor2_GCTTTCGAGGCCATAG-1,donor2,3
donor2_GCTTTCGAGTGCAGGT-1,donor2,21
donor2_GCTTTCGCACCCTATC-1,donor2,18
donor2_GCTTTCGCAGACACCC-1,donor2,15
donor2_GCTTTCGGTGGGTTGA-1,donor2,0
donor2_GCTTTCGTCACTTGTT-1,donor2,2
donor2_GCTTTCGTCAGCGGAA-1,donor2,8
donor2_GCTTTCGTCCTGCTAC-1,donor2,20
donor2_GCTTTCGTCTGAATCG-1,donor2,0
donor2_GCTTTCGTCTGGGTCG-1,donor2,8
donor2_GGAACCCAGCAAACAT-1,donor2,2
donor2_GGAACCCAGCATCCCG-1,donor2,15
donor2_GGAACCCAGCTTTGTG-1,donor2,0
donor2_GGAACCCAGGATCACG-1,donor2,1
donor2_GGAACCCAGGCATTTC-1,donor2,2
donor2_GGAACCCAGTCATGGG-1,donor2,3
donor2_GGAACCCCAAGTGGGT-1,donor2,8
donor2_GGAACCCCACTGAGTT-1,donor2,2
donor2_GGAACCCCAGCTTCGG-1,donor2,8
donor2_GGAACCCCAGTCGCTG-1,donor2,19
donor2_GGAACCCGTACGACAG-1,donor2,1
donor2_GGAACCCGTTGTCAGT-1,donor2,15
donor2_GGAACCCTCGGCATCG-1,donor2,15
donor2_GGAAGTGAGCAAGCCA-1,donor2,2
donor2_GGAAGTGAGCATGATA-1,donor2,2
donor2_GGAAGTGAGCCTGAGA-1,donor2,2
donor2_GGAAGTGAGGACTATA-1,donor2,6
donor2_GGAAGTGCAACAGCCC-1,donor2,21
donor2_GGAAGTGCAGCAGGAT-1,donor2,16
donor2_GGAAGTGCAGTTAAAG-1,donor2,3
donor2_GGAAGTGCATGGACAG-1,donor2,15
donor2_GGAAGTGGTACGCTAT-1,donor2,2
donor2_GGAAGTGGTGGTTTGT-1,donor2,26
donor2_GGAAGTGGTTTACCAG-1,donor2,3
donor2_GGAAGTGTCCACTTTA-1,donor2,19
donor2_GGAAGTGTCCTACGGG-1,donor2,4
donor2_GGAAGTGTCCTGATAG-1,donor2,21
donor2_GGAAGTGTCGCCTTTG-1,donor2,15
donor2_GGAAGTGTCTAAACGC-1,donor2,12
donor2_GGAATCTAGAAGTATC-1,donor2,8
donor2_GGAATCTAGACCAACG-1,donor2,18
donor2_GGAATCTAGAGAACCC-1,donor2,4
donor2_GGAATCTAGCCGATAG-1,donor2,15
donor2_GGAATCTAGCTATCTG-1,donor2,19
donor2_GGAATCTAGTCGAAGC-1,donor2,19
donor2_GGAATCTCACATAACC-1,donor2,0
donor2_GGAATCTCACCAACAT-1,donor2,3
donor2_GGAATCTCACGTCGGT-1,donor2,17
donor2_GGAATCTCAGCTCCTT-1,donor2,17
donor2_GGAATCTCATCGGTTA-1,donor2,0
donor2_GGAATCTGTACAGAAT-1,donor2,18
donor2_GGAATCTGTATTGACC-1,donor2,0
donor2_GGAATCTGTCGTCGGT-1,donor2,17
donor2_GGAATCTGTGGGTATG-1,donor2,8
donor2_GGAATCTGTGGTCAAG-1,donor2,8
donor2_GGAATCTGTGGTCTAT-1,donor2,3
donor2_GGAATCTTCACCGGGT-1,donor2,17
donor2_GGAATCTTCAGAGCGA-1,donor2,3
donor2_GGAATCTTCCAACACA-1,donor2,8
donor2_GGAATCTTCCGAAATC-1,donor2,15
donor2_GGAATCTTCGGACAAG-1,donor2,1
donor2_GGAATCTTCTAGTGTG-1,donor2,19
donor2_GGAATGGAGACTGAGC-1,donor2,3
donor2_GGAATGGAGCGCCATC-1,donor2,15
donor2_GGAATGGAGGTCACTT-1,donor2,4
donor2_GGAATGGAGTGAGCCA-1,donor2,4
donor2_GGAATGGCAGAACTCT-1,donor2,17
donor2_GGAATGGCATAAGCGG-1,donor2,3
donor2_GGAATGGGTTGGTAGG-1,donor2,19
donor2_GGAATGGTCCCTCTAG-1,donor2,18
donor2_GGAATGGTCTCTAAGG-1,donor2,17
donor2_GGAATGGTCTGGAAGG-1,donor2,3
donor2_GGACGTCAGACTTAAG-1,donor2,0
donor2_GGACGTCAGAGAGTGA-1,donor2,19
donor2_GGACGTCAGGGCATGT-1,donor2,17
donor2_GGACGTCAGTATTGCC-1,donor2,18
donor2_GGACGTCCATGGATCT-1,donor2,3
donor2_GGAGAACAGGATGTTA-1,donor2,1
donor2_GGAGAACAGGTTCACT-1,donor2,8
donor2_GGAGAACAGTCGCTAT-1,donor2,17
donor2_GGAGAACAGTTTAGGA-1,donor2,21
donor2_GGAGAACCAGAATGTA-1,donor2,2
donor2_GGAGAACCAGGAGACT-1,donor2,1
donor2_GGAGAACCAGTCTCTC-1,donor2,0
donor2_GGAGAACCATAGACTC-1,donor2,3
donor2_GGAGAACGTACCTATG-1,donor2,19
donor2_GGAGAACGTGAGGCAT-1,donor2,15
donor2_GGAGAACGTGTGACCC-1,donor2,18
donor2_GGAGAACGTGTTAACC-1,donor2,26
donor2_GGAGAACGTTCCAAAC-1,donor2,15
donor2_GGAGAACGTTGCATAC-1,donor2,15
donor2_GGAGAACTCAGTGATC-1,donor2,1
donor2_GGAGAACTCATTGGTG-1,donor2,22
donor2_GGAGAACTCGTAGCTA-1,donor2,20
donor2_GGAGAACTCTCGCGTT-1,donor2,3
donor2_GGAGAACTCTCGGCTT-1,donor2,3
donor2_GGAGAACTCTCTCAAT-1,donor2,21
donor2_GGAGATGAGCGTTGTT-1,donor2,6
donor2_GGAGATGAGCTTGTTG-1,donor2,0
donor2_GGAGATGAGGGTCTTT-1,donor2,0
donor2_GGAGATGAGGTTGCCC-1,donor2,2
donor2_GGAGATGAGTAAATGC-1,donor2,15
donor2_GGAGATGAGTAATCCC-1,donor2,2
donor2_GGAGATGAGTCTGCAT-1,donor2,3
donor2_GGAGATGGTCACTTCC-1,donor2,18
donor2_GGAGATGGTTAACAGA-1,donor2,18
donor2_GGAGATGGTTTAGTCG-1,donor2,3
donor2_GGAGATGTCCACTAGA-1,donor2,2
donor2_GGAGATGTCTGGCTGG-1,donor2,17
donor2_GGAGCAAAGCCTGAAG-1,donor2,8
donor2_GGAGCAAAGTCATCCA-1,donor2,20
donor2_GGAGCAACAAGTCGTT-1,donor2,6
donor2_GGAGCAACACAACGTT-1,donor2,1
donor2_GGAGCAACACGACGAA-1,donor2,8
donor2_GGAGCAACAGGAGGTT-1,donor2,0
donor2_GGAGCAACAGGGCTTC-1,donor2,4
donor2_GGAGCAAGTACGTAGG-1,donor2,20
donor2_GGAGCAAGTAGTGATA-1,donor2,3
donor2_GGAGCAAGTGAGACGT-1,donor2,3
donor2_GGAGCAAGTTGGAGGT-1,donor2,3
donor2_GGAGCAATCAAGGAGC-1,donor2,17
donor2_GGAGCAATCGACGCTG-1,donor2,0
donor2_GGAGCAATCGACGTCG-1,donor2,2
donor2_GGAGGATAGCATGATA-1,donor2,5
donor2_GGAGGATAGCGGCTCT-1,donor2,1
donor2_GGAGGATAGGTAAAGG-1,donor2,8
donor2_GGAGGATCAAATGGTA-1,donor2,15
donor2_GGAGGATCACCTGCTT-1,donor2,3
donor2_GGAGGATCACCTTCGT-1,donor2,4
donor2_GGAGGATCACTCATAG-1,donor2,20
donor2_GGAGGATCAGGTCAAG-1,donor2,3
donor2_GGAGGATGTATTTCGG-1,donor2,4
donor2_GGAGGATGTCTCGGAC-1,donor2,18
donor2_GGAGGATGTGAAAGTT-1,donor2,1
donor2_GGAGGATGTGAGACGT-1,donor2,1
donor2_GGAGGATGTGATAGAT-1,donor2,8
donor2_GGAGGATTCAACCCGG-1,donor2,0
donor2_GGAGGATTCTCGGTCT-1,donor2,4
donor2_GGAGGTAAGCAAATGT-1,donor2,2
donor2_GGAGGTAAGTAGACCG-1,donor2,18
donor2_GGAGGTAAGTAGGATT-1,donor2,16
donor2_GGAGGTAAGTCTGCGC-1,donor2,18
donor2_GGAGGTACACAACGAG-1,donor2,2
donor2_GGAGGTACAGTCTACA-1,donor2,18
donor2_GGAGGTAGTAATTGGA-1,donor2,19
donor2_GGAGGTAGTCGGCCTA-1,donor2,3
donor2_GGAGGTAGTCTTCATT-1,donor2,17
donor2_GGAGGTAGTGCCGTAC-1,donor2,3
donor2_GGAGGTAGTGGACTGA-1,donor2,18
donor2_GGAGGTAGTGTCCTAA-1,donor2,2
donor2_GGAGGTAGTTGGTGTT-1,donor2,4
donor2_GGAGGTATCCATAGAC-1,donor2,16
donor2_GGAGGTATCCGGCTTT-1,donor2,0
donor2_GGAGGTATCTATGTGG-1,donor2,19
donor2_GGATCTAAGCATGCGA-1,donor2,8
donor2_GGATCTAAGCCATTTG-1,donor2,15
donor2_GGATCTAAGTGAGGTC-1,donor2,4
donor2_GGATCTACACTGGCGT-1,donor2,3
donor2_GGATCTACAGGTGGAT-1,donor2,12
donor2_GGATCTACATGACGAG-1,donor2,1
donor2_GGATCTAGTCCTCATC-1,donor2,18
donor2_GGATCTATCTTAATCC-1,donor2,17
donor2_GGATGTTAGCTCCGAC-1,donor2,0
donor2_GGATGTTAGTACGTCT-1,donor2,15
donor2_GGATGTTCAACACACT-1,donor2,3
donor2_GGATGTTCAGGTGTGA-1,donor2,0
donor2_GGATGTTCATAGAAAC-1,donor2,19
donor2_GGATGTTCATTCTGTT-1,donor2,20
donor2_GGATGTTGTAAGCGGT-1,donor2,0
donor2_GGATGTTGTCTCGGAC-1,donor2,2
donor2_GGATGTTTCCTAAGTG-1,donor2,18
donor2_GGATGTTTCGAGATAA-1,donor2,18
donor2_GGATGTTTCGTTGCCT-1,donor2,19
donor2_GGCACGTCAGTCTCTC-1,donor2,8
donor2_GGCACGTCATCGGAAG-1,donor2,1
donor2_GGCACGTGTAACGATA-1,donor2,3
donor2_GGCACGTGTACACGTT-1,donor2,6
donor2_GGCACGTGTCATATGC-1,donor2,16
donor2_GGCACGTGTGAGCAGT-1,donor2,0
donor2_GGCACGTGTGCGTTTA-1,donor2,21
donor2_GGCACGTTCAGATTGC-1,donor2,2
donor2_GGCACGTTCCTGGGAC-1,donor2,15
donor2_GGCACGTTCTCCTGAC-1,donor2,16
donor2_GGCAGTCAGGCCTTCG-1,donor2,2
donor2_GGCAGTCAGTCTTCCC-1,donor2,2
donor2_GGCAGTCCAAAGGGTC-1,donor2,21
donor2_GGCAGTCCATCGCTCT-1,donor2,5
donor2_GGCAGTCGTAGACACG-1,donor2,3
donor2_GGCAGTCGTCCTATAG-1,donor2,3
donor2_GGCAGTCGTCTTACTT-1,donor2,20
donor2_GGCAGTCGTGCCTAAT-1,donor2,1
donor2_GGCAGTCGTGCGCTCA-1,donor2,5
donor2_GGCAGTCTCTGTAAGC-1,donor2,15
donor2_GGCAGTCTCTGTTGGA-1,donor2,17
donor2_GGCGTCAAGCCGATAG-1,donor2,5
donor2_GGCGTCAAGCGTGAAC-1,donor2,17
donor2_GGCGTCAAGGGCTGAT-1,donor2,2
donor2_GGCGTCAAGGTCCAGA-1,donor2,3
donor2_GGCGTCAAGTTTAGGA-1,donor2,6
donor2_GGCGTCACAAGCGAGT-1,donor2,2
donor2_GGCGTCACAAGTTCGT-1,donor2,17
donor2_GGCGTCACAATGTCTG-1,donor2,15
donor2_GGCGTCACACAGACGA-1,donor2,17
donor2_GGCGTCACACGATTCA-1,donor2,2
donor2_GGCGTCAGTTGAATCC-1,donor2,17
donor2_GGCGTCATCATGGCCG-1,donor2,15
donor2_GGCGTCATCCCAATAG-1,donor2,17
donor2_GGCGTCATCCTTCACG-1,donor2,2
donor2_GGCTGTGAGATAACAC-1,donor2,3
donor2_GGCTGTGAGGGTTGCA-1,donor2,17
donor2_GGCTGTGAGGTATCTC-1,donor2,3
donor2_GGCTGTGAGTGGAATT-1,donor2,20
donor2_GGCTGTGAGTTTCAGC-1,donor2,17
donor2_GGCTGTGCACTGTTCC-1,donor2,5
donor2_GGCTGTGGTAGCTGTT-1,donor2,1
donor2_GGCTGTGGTTCCATTT-1,donor2,1
donor2_GGCTGTGGTTTGTTCT-1,donor2,2
donor2_GGCTGTGTCGAACACT-1,donor2,15
donor2_GGCTGTGTCGGCTGTG-1,donor2,17
donor2_GGCTGTGTCGGCTTGG-1,donor2,22
donor2_GGCTGTGTCGTTCAGA-1,donor2,15
donor2_GGCTGTGTCTGAGATC-1,donor2,26
donor2_GGCTTGGAGAGGCCAT-1,donor2,17
donor2_GGCTTGGAGCGCTGAA-1,donor2,0
donor2_GGCTTGGAGGAACTCG-1,donor2,8
donor2_GGCTTGGAGGGTATAT-1,donor2,6
donor2_GGCTTGGCACGGTGTC-1,donor2,4
donor2_GGCTTGGCACTGGAAG-1,donor2,17
donor2_GGCTTGGCATGGGATG-1,donor2,1
donor2_GGCTTGGGTAGGTTTC-1,donor2,8
donor2_GGCTTGGGTCTTCAAG-1,donor2,3
donor2_GGCTTGGTCCAACCAA-1,donor2,8
donor2_GGCTTGGTCGCTCCTA-1,donor2,2
donor2_GGCTTGGTCGTCGACG-1,donor2,4
donor2_GGCTTTCAGATGCGAC-1,donor2,20
donor2_GGCTTTCAGCGTCAGA-1,donor2,2
donor2_GGCTTTCAGCGTTACT-1,donor2,3
donor2_GGCTTTCAGCGTTGTT-1,donor2,2
donor2_GGCTTTCAGGCCACTC-1,donor2,8
donor2_GGCTTTCAGGCTAACG-1,donor2,19
donor2_GGCTTTCAGTGGCAGT-1,donor2,24
donor2_GGCTTTCAGTGGTGGT-1,donor2,15
donor2_GGCTTTCCAAGACAAT-1,donor2,19
donor2_GGCTTTCCAATTTCGG-1,donor2,21
donor2_GGCTTTCCACATGAAA-1,donor2,2
donor2_GGCTTTCCACGTTGGC-1,donor2,18
donor2_GGCTTTCCACTTGACA-1,donor2,19
donor2_GGCTTTCCAGAGTTGG-1,donor2,15
donor2_GGCTTTCCAGCTGCCA-1,donor2,2
donor2_GGCTTTCGTAGCTGCC-1,donor2,6
donor2_GGCTTTCGTATCATGC-1,donor2,17
donor2_GGCTTTCGTCGAACAG-1,donor2,3
donor2_GGCTTTCGTTGTATGC-1,donor2,18
donor2_GGCTTTCTCACCGGGT-1,donor2,3
donor2_GGCTTTCTCAGCTTGA-1,donor2,17
donor2_GGCTTTCTCTAATTCC-1,donor2,17
donor2_GGGAAGTAGCGAACTG-1,donor2,18
donor2_GGGAAGTCAGCCGTCA-1,donor2,16
donor2_GGGAAGTCATATCTGG-1,donor2,19
donor2_GGGAAGTGTATGGTAA-1,donor2,2
donor2_GGGAAGTGTCCGTACG-1,donor2,18
donor2_GGGAAGTGTTAGGGTG-1,donor2,0
donor2_GGGAAGTTCACTGCTC-1,donor2,2
donor2_GGGAAGTTCAGGGATG-1,donor2,15
donor2_GGGAAGTTCCGTGTGG-1,donor2,2
donor2_GGGAAGTTCTACTCAT-1,donor2,17
donor2_GGGAAGTTCTCTGGTC-1,donor2,15
donor2_GGGACAAAGCATACTC-1,donor2,18
donor2_GGGACAAAGTTCCGTA-1,donor2,1
donor2_GGGACAAAGTTCGGTT-1,donor2,6
donor2_GGGACAACAAAGTATG-1,donor2,0
donor2_GGGACAACAACACTAC-1,donor2,0
donor2_GGGACAACACAGTATC-1,donor2,8
donor2_GGGACAAGTATCGAAA-1,donor2,3
donor2_GGGACAAGTGACACAG-1,donor2,15
donor2_GGGACAAGTTACCGTA-1,donor2,17
donor2_GGGACAAGTTCTCCCA-1,donor2,17
donor2_GGGACAAGTTCTTGCC-1,donor2,4
donor2_GGGACCTAGATCGACG-1,donor2,20
donor2_GGGACCTCAATAAGGT-1,donor2,4
donor2_GGGACCTCACAGCCTG-1,donor2,17
donor2_GGGACCTCACCTATCC-1,donor2,18
donor2_GGGACCTCACTGTCGG-1,donor2,0
donor2_GGGACCTCACTTCAAG-1,donor2,2
donor2_GGGACCTCAGTAGAAT-1,donor2,2
donor2_GGGACCTCAGTCCCGA-1,donor2,3
donor2_GGGACCTCATGCACTA-1,donor2,20
donor2_GGGACCTGTAACAAGT-1,donor2,2
donor2_GGGACCTGTGCAGATG-1,donor2,17
donor2_GGGACCTGTTAGTTCG-1,donor2,1
donor2_GGGACCTGTTGGAGAC-1,donor2,15
donor2_GGGACCTGTTGTTGTG-1,donor2,17
donor2_GGGACCTGTTTCTATC-1,donor2,18
donor2_GGGACCTTCACTCTTA-1,donor2,18
donor2_GGGACCTTCCACAGGC-1,donor2,0
donor2_GGGACCTTCCGCACGA-1,donor2,15
donor2_GGGACCTTCTTACCAT-1,donor2,4
donor2_GGGACTCAGAGTCAAT-1,donor2,4
donor2_GGGACTCAGGCATCAG-1,donor2,5
donor2_GGGACTCCACCGTGCA-1,donor2,19
donor2_GGGACTCCACTGTGTA-1,donor2,20
donor2_GGGACTCCAGCGACCT-1,donor2,19
donor2_GGGACTCGTAAGTTAG-1,donor2,12
donor2_GGGACTCGTCACTCTC-1,donor2,20
donor2_GGGACTCGTGTTAAAG-1,donor2,20
donor2_GGGACTCGTTATTCCT-1,donor2,17
donor2_GGGACTCTCAGACCCG-1,donor2,16
donor2_GGGAGATAGATTCGCT-1,donor2,17
donor2_GGGAGATAGCTGACTT-1,donor2,3
donor2_GGGAGATAGTTTGCTG-1,donor2,19
donor2_GGGAGATCAATTGCCA-1,donor2,15
donor2_GGGAGATCATAGCTGT-1,donor2,17
donor2_GGGAGATCATCGTGGC-1,donor2,4
donor2_GGGAGATGTAGCTGTT-1,donor2,20
donor2_GGGAGATGTCGCTCGA-1,donor2,2
donor2_GGGAGATGTTCCGCGA-1,donor2,8
donor2_GGGAGATGTTTCGCTC-1,donor2,17
donor2_GGGAGATTCCCTTCCC-1,donor2,5
donor2_GGGAGATTCGCACGGT-1,donor2,21
donor2_GGGAGATTCTGCGGAC-1,donor2,5
donor2_GGGAGTAAGAACCCGA-1,donor2,17
donor2_GGGAGTAAGATTCGAA-1,donor2,15
donor2_GGGAGTAAGCACTCCG-1,donor2,4
donor2_GGGAGTAAGCCTCAAT-1,donor2,18
donor2_GGGAGTAAGTCCGTCG-1,donor2,1
donor2_GGGAGTACAAAGAACT-1,donor2,19
donor2_GGGAGTACAGTGCCTG-1,donor2,17
donor2_GGGAGTAGTAACCAGG-1,donor2,1
donor2_GGGAGTAGTATGGAGC-1,donor2,0
donor2_GGGAGTAGTTTCGCTC-1,donor2,2
donor2_GGGAGTATCAGCCCAG-1,donor2,15
donor2_GGGAGTATCCTATTTG-1,donor2,19
donor2_GGGAGTATCTCTATAC-1,donor2,1
donor2_GGGAGTATCTGGAAGG-1,donor2,17
donor2_GGGATCCCAACTACGT-1,donor2,1
donor2_GGGATCCCAAGAGGTC-1,donor2,19
donor2_GGGATCCCAATGTGGG-1,donor2,16
donor2_GGGATCCCACTAACGT-1,donor2,3
donor2_GGGATCCCAGGGCTTC-1,donor2,2
donor2_GGGATCCCAGTAACCT-1,donor2,20
donor2_GGGATCCGTACAACGG-1,donor2,18
donor2_GGGATCCGTGGACAGT-1,donor2,19
donor2_GGGATCCTCAAACGAA-1,donor2,1
donor2_GGGATCCTCCCTCATG-1,donor2,18
donor2_GGGATCCTCCTCTCTT-1,donor2,2
donor2_GGGATCCTCTCGGGAC-1,donor2,17
donor2_GGGATGAAGCTACGTT-1,donor2,4
donor2_GGGATGAAGGGAGGTG-1,donor2,2
donor2_GGGATGAAGTAGGTTA-1,donor2,0
donor2_GGGATGACATCGTGCG-1,donor2,0
donor2_GGGATGACATGACTGT-1,donor2,8
donor2_GGGATGAGTCTACGTA-1,donor2,8
donor2_GGGATGAGTTCCATTT-1,donor2,21
donor2_GGGATGAGTTGCATTG-1,donor2,2
donor2_GGGATGATCAACCGAT-1,donor2,18
donor2_GGGATGATCAACTTTC-1,donor2,22
donor2_GGGATGATCAGGACGA-1,donor2,1
donor2_GGGATGATCGGTTCAA-1,donor2,0
donor2_GGGCCATAGAAGCCTG-1,donor2,21
donor2_GGGCCATAGACTGGGT-1,donor2,3
donor2_GGGCCATAGCGCCTAC-1,donor2,15
donor2_GGGCCATAGGATTTAG-1,donor2,19
donor2_GGGCCATAGTAGGGTC-1,donor2,12
donor2_GGGCCATAGTCAATCC-1,donor2,19
donor2_GGGCCATAGTGGTCAG-1,donor2,19
donor2_GGGCCATCAAACTCGT-1,donor2,19
donor2_GGGCCATCAAAGAACT-1,donor2,21
donor2_GGGCCATCAGGAAGTC-1,donor2,4
donor2_GGGCCATCATTCTCCG-1,donor2,0
donor2_GGGCCATGTACCCACG-1,donor2,3
donor2_GGGCCATGTAGGACTG-1,donor2,1
donor2_GGGCCATGTATCCTTT-1,donor2,4
donor2_GGGCCATGTATTTCCT-1,donor2,8
donor2_GGGCCATTCAGAATAG-1,donor2,3
donor2_GGGCCATTCTATACGG-1,donor2,17
donor2_GGGCGTTAGCATCCCG-1,donor2,4
donor2_GGGCGTTCACTATGTG-1,donor2,19
donor2_GGGCGTTGTAGATCGG-1,donor2,21
donor2_GGGCGTTGTAGCGCCT-1,donor2,8
donor2_GGGCGTTGTAGTAAGT-1,donor2,21
donor2_GGGCGTTGTATCACCA-1,donor2,3
donor2_GGGCGTTGTATGTGTC-1,donor2,3
donor2_GGGCGTTGTATTCCTT-1,donor2,3
donor2_GGGCGTTGTGAGAGGG-1,donor2,19
donor2_GGGCGTTGTGTCTCCT-1,donor2,15
donor2_GGGCGTTTCAATCTTC-1,donor2,2
donor2_GGGCGTTTCATTGAGC-1,donor2,17
donor2_GGGCGTTTCCAATGCA-1,donor2,2
donor2_GGGCGTTTCTCATGCC-1,donor2,17
donor2_GGGCTACAGACGGTCA-1,donor2,8
donor2_GGGCTACAGAGGCTGT-1,donor2,1
donor2_GGGCTACAGGCTCAAG-1,donor2,2
donor2_GGGCTACAGTAGTCAA-1,donor2,20
donor2_GGGCTACCACAGAGCA-1,donor2,21
donor2_GGGCTACCAGAGAATT-1,donor2,8
donor2_GGGCTACCATATTCGG-1,donor2,21
donor2_GGGCTACGTACGGTTT-1,donor2,19
donor2_GGGCTACGTCAAATCC-1,donor2,3
donor2_GGGCTACGTCTACGAT-1,donor2,0
donor2_GGGCTACGTCTCTCCA-1,donor2,19
donor2_GGGCTACGTGCGGCTT-1,donor2,8
donor2_GGGCTACGTGTCGCTG-1,donor2,23
donor2_GGGCTACGTTAAGAAC-1,donor2,18
donor2_GGGCTACGTTTGGGAG-1,donor2,2
donor2_GGGCTACTCGGCTGGT-1,donor2,3
donor2_GGGCTCAAGTGCCGAA-1,donor2,21
donor2_GGGCTCAGTCAACACT-1,donor2,5
donor2_GGGCTCAGTGGATGAC-1,donor2,2
donor2_GGGCTCATCAGCGCAC-1,donor2,2
donor2_GGGCTCATCCTCAGGG-1,donor2,15
donor2_GGGCTCATCGCCACTT-1,donor2,17
donor2_GGGCTCATCGGACCAC-1,donor2,18
donor2_GGGCTCATCTAAGCCA-1,donor2,0
donor2_GGGCTCATCTGCGGAC-1,donor2,17
donor2_GGGCTCATCTGGGCCA-1,donor2,4
donor2_GGGTAGAAGTCTTCGA-1,donor2,8
donor2_GGGTAGACAACTCCAA-1,donor2,15
donor2_GGGTAGACAGTTCTAG-1,donor2,12
donor2_GGGTAGAGTACAAACA-1,donor2,17
donor2_GGGTAGAGTTAAAGTG-1,donor2,2
donor2_GGGTAGAGTTGCCTAA-1,donor2,4
donor2_GGGTAGAGTTTAGAGA-1,donor2,17
donor2_GGGTAGAGTTTGTTGG-1,donor2,4
donor2_GGGTAGATCCAGGACC-1,donor2,2
donor2_GGGTAGATCGTAGTGT-1,donor2,5
donor2_GGGTAGATCTATCGCC-1,donor2,15
donor2_GGGTAGATCTGCGATA-1,donor2,15
donor2_GGGTATTAGACCAGAC-1,donor2,2
donor2_GGGTATTAGCTCGACC-1,donor2,21
donor2_GGGTATTAGGGTATAT-1,donor2,2
donor2_GGGTATTAGGTAGCCA-1,donor2,2
donor2_GGGTATTAGTAGATCA-1,donor2,2
donor2_GGGTATTCAAAGGGTC-1,donor2,15
donor2_GGGTATTCACACCAGC-1,donor2,21
donor2_GGGTATTCATGAAAGT-1,donor2,21
donor2_GGGTATTCATTGGATC-1,donor2,0
donor2_GGGTATTGTACATACC-1,donor2,23
donor2_GGGTATTGTGACTCTA-1,donor2,16
donor2_GGGTATTGTGAGGATC-1,donor2,8
donor2_GGGTATTGTGTCACAT-1,donor2,0
donor2_GGGTATTGTTCTATCT-1,donor2,15
donor2_GGGTATTTCGCTTTAT-1,donor2,18
donor2_GGGTATTTCTCCGAAA-1,donor2,19
donor2_GGGTATTTCTGTAACG-1,donor2,24
donor2_GGGTCACAGATCCAAA-1,donor2,15
donor2_GGGTCACAGCATGTTC-1,donor2,0
donor2_GGGTCACAGGGAGGGT-1,donor2,0
donor2_GGGTCACAGGGCCTCT-1,donor2,20
donor2_GGGTCACAGGTAAGGA-1,donor2,18
donor2_GGGTCACCAAAGCTCT-1,donor2,18
donor2_GGGTCACCAGCTTTGA-1,donor2,1
donor2_GGGTCACCATAACTCG-1,donor2,18
donor2_GGGTCACCATGTCTAG-1,donor2,16
donor2_GGGTCACGTCCTGTTC-1,donor2,4
donor2_GGGTCACGTTGGACCC-1,donor2,21
donor2_GGGTCACGTTGGGATG-1,donor2,8
donor2_GGGTCACTCAGTGGGA-1,donor2,21
donor2_GGGTCACTCATTCACT-1,donor2,14
donor2_GGGTCACTCCAACCAA-1,donor2,12
donor2_GGGTCACTCCGGTAAT-1,donor2,17
donor2_GGGTCACTCGCAATTG-1,donor2,19
donor2_GGGTCACTCGTTACCC-1,donor2,2
donor2_GGGTCACTCTGATTCT-1,donor2,21
donor2_GGGTCTGAGAGGATCC-1,donor2,8
donor2_GGGTCTGAGCATACTC-1,donor2,2
donor2_GGGTCTGCAAATAAGC-1,donor2,0
donor2_GGGTCTGCAAGGTCGA-1,donor2,21
donor2_GGGTCTGCAATAACGA-1,donor2,17
donor2_GGGTCTGCAGCACAAG-1,donor2,8
donor2_GGGTCTGCAGCTGTCG-1,donor2,15
donor2_GGGTCTGCATATAGCC-1,donor2,4
donor2_GGGTCTGCATCAGCAT-1,donor2,18
donor2_GGGTCTGCATCATTGG-1,donor2,19
donor2_GGGTCTGCATGGGCAA-1,donor2,3
donor2_GGGTCTGGTACCTATG-1,donor2,6
donor2_GGGTCTGGTGCCTTTC-1,donor2,21
donor2_GGGTCTGGTGGGCTCT-1,donor2,4
donor2_GGGTCTGTCACTTGTT-1,donor2,15
donor2_GGGTCTGTCGTCAAAC-1,donor2,8
donor2_GGGTCTGTCTATCGTT-1,donor2,18
donor2_GGGTGAAAGATTGGGC-1,donor2,12
donor2_GGGTGAAAGCAATTAG-1,donor2,2
donor2_GGGTGAAAGCGACTAG-1,donor2,17
donor2_GGGTGAAAGGCCTTGC-1,donor2,18
donor2_GGGTGAACAGTTAGAA-1,donor2,11
donor2_GGGTGAAGTTCTCAGA-1,donor2,3
donor2_GGGTGAATCACCCTCA-1,donor2,19
donor2_GGGTGAATCATTGTTC-1,donor2,21
donor2_GGGTGAATCGCCAGTG-1,donor2,0
donor2_GGGTGAATCTACCTTA-1,donor2,8
donor2_GGGTGTCAGACGGTTG-1,donor2,24
donor2_GGGTGTCAGATAGTGT-1,donor2,19
donor2_GGGTGTCAGCAGCCCT-1,donor2,15
donor2_GGGTGTCAGGCCACCT-1,donor2,1
donor2_GGGTGTCAGGTAAGTT-1,donor2,17
donor2_GGGTGTCAGTCGTCTA-1,donor2,16
donor2_GGGTGTCAGTGCGTCC-1,donor2,18
donor2_GGGTGTCCAACTGAAA-1,donor2,17
donor2_GGGTGTCCACGACGCT-1,donor2,20
donor2_GGGTGTCCATGGCACC-1,donor2,19
donor2_GGGTGTCGTACAGTTC-1,donor2,8
donor2_GGGTGTCGTATGCAAA-1,donor2,3
donor2_GGGTGTCGTCCATACA-1,donor2,8
donor2_GGGTGTCGTGGACCTC-1,donor2,16
donor2_GGGTGTCGTGGTACAG-1,donor2,17
donor2_GGGTGTCGTTTGCAGT-1,donor2,20
donor2_GGGTGTCTCGTAACCA-1,donor2,18
donor2_GGGTGTCTCTAGTACG-1,donor2,3
donor2_GGGTGTCTCTGACGCG-1,donor2,5
donor2_GGGTTATAGCATTTGC-1,donor2,2
donor2_GGGTTATAGGACGCAT-1,donor2,19
donor2_GGGTTATAGTAAGACT-1,donor2,8
donor2_GGGTTATAGTATTCCG-1,donor2,18
donor2_GGGTTATAGTTGGCGA-1,donor2,15
donor2_GGGTTATCAATTCGTG-1,donor2,2
donor2_GGGTTATCAGTCAGTT-1,donor2,0
donor2_GGGTTATGTACCGGAA-1,donor2,2
donor2_GGGTTATGTTTGGGAG-1,donor2,3
donor2_GGGTTATGTTTGGGTT-1,donor2,8
donor2_GGGTTATTCGCGTGAC-1,donor2,17
donor2_GGGTTTAAGACCTCCG-1,donor2,2
donor2_GGGTTTAAGAGGTGCT-1,donor2,18
donor2_GGGTTTAAGCCTCACG-1,donor2,16
donor2_GGGTTTAAGCTGGTGA-1,donor2,0
donor2_GGGTTTACACAGTATC-1,donor2,1
donor2_GGGTTTACATTGAAAG-1,donor2,0
donor2_GGGTTTAGTACCATAC-1,donor2,3
donor2_GGGTTTAGTTGCACGC-1,donor2,18
donor2_GGGTTTATCATTTGCT-1,donor2,0
donor2_GGGTTTATCCGATGTA-1,donor2,1
donor2_GGGTTTATCGCGCCAA-1,donor2,4
donor2_GGGTTTATCGTGCGAC-1,donor2,3
donor2_GGTAACTAGCACCCAC-1,donor2,18
donor2_GGTAACTAGGTAAGAG-1,donor2,2
donor2_GGTAACTCAAGACCGA-1,donor2,18
donor2_GGTAACTCAGTCGAGA-1,donor2,20
donor2_GGTAACTGTGAATGAT-1,donor2,5
donor2_GGTAACTTCAGCTGAT-1,donor2,17
donor2_GGTAACTTCCGCAACG-1,donor2,3
donor2_GGTAACTTCTAGCATG-1,donor2,17
donor2_GGTAACTTCTCCATAT-1,donor2,15
donor2_GGTAACTTCTTCGGTC-1,donor2,8
donor2_GGTAATCAGAGTCTGG-1,donor2,2
donor2_GGTAATCAGGATGAGA-1,donor2,22
donor2_GGTAATCAGGCTCTAT-1,donor2,15
donor2_GGTAATCAGTCACACT-1,donor2,20
donor2_GGTAATCCAAATACAG-1,donor2,15
donor2_GGTAATCCAACAAGTA-1,donor2,4
donor2_GGTAATCCACGGAAGT-1,donor2,19
donor2_GGTAATCCAGAGGTAC-1,donor2,2
donor2_GGTAATCGTCCCTGTT-1,donor2,1
donor2_GGTAATCGTCTCGACG-1,donor2,19
donor2_GGTAATCGTGATAGAT-1,donor2,3
donor2_GGTAATCGTGATTCTG-1,donor2,20
donor2_GGTAATCGTGCCTTTC-1,donor2,19
donor2_GGTAATCGTGGTCTCG-1,donor2,8
donor2_GGTAATCGTTAAACCC-1,donor2,17
donor2_GGTAATCTCCTACCGT-1,donor2,18
donor2_GGTAGAGAGACCAGAC-1,donor2,17
donor2_GGTAGAGAGACTCATC-1,donor2,15
donor2_GGTAGAGAGCGCATCC-1,donor2,15
donor2_GGTAGAGAGTTGTACC-1,donor2,2
donor2_GGTAGAGCAGTCAGTT-1,donor2,1
donor2_GGTAGAGCATCGCTAA-1,donor2,8
donor2_GGTAGAGGTACGATTC-1,donor2,3
donor2_GGTAGAGGTGAGTCAG-1,donor2,19
donor2_GGTAGAGGTGTTATCG-1,donor2,26
donor2_GGTAGAGTCAGAGCAG-1,donor2,19
donor2_GGTAGAGTCAGTCAGT-1,donor2,4
donor2_GGTAGAGTCCAGCTCT-1,donor2,3
donor2_GGTAGAGTCCATCAGA-1,donor2,3
donor2_GGTAGAGTCCTTCTAA-1,donor2,17
donor2_GGTAGAGTCGACACCG-1,donor2,3
donor2_GGTAGAGTCGCTCTCA-1,donor2,4
donor2_GGTAGAGTCTGGCCTT-1,donor2,21
donor2_GGTAGAGTCTTGGTCC-1,donor2,19
donor2_GGTCACGAGATCCGAG-1,donor2,19
donor2_GGTCACGAGGATCACG-1,donor2,19
donor2_GGTCACGAGTAAATGC-1,donor2,0
donor2_GGTCACGAGTTTCAGC-1,donor2,4
donor2_GGTCACGCAATCTCGA-1,donor2,2
donor2_GGTCACGCAATTCACG-1,donor2,7
donor2_GGTCACGGTCGAATGG-1,donor2,17
donor2_GGTCACGGTCGGAACA-1,donor2,19
donor2_GGTCACGGTGGCAACA-1,donor2,15
donor2_GGTCACGTCCGTTGAA-1,donor2,20
donor2_GGTCACGTCTCTCGCA-1,donor2,17
donor2_GGTCTGGAGAATTGTG-1,donor2,2
donor2_GGTCTGGAGCGCATCC-1,donor2,16
donor2_GGTCTGGCACTTGGGC-1,donor2,16
donor2_GGTCTGGCATCTTCGC-1,donor2,6
donor2_GGTCTGGCATGCCGGT-1,donor2,7
donor2_GGTCTGGCATGCTGCG-1,donor2,2
donor2_GGTCTGGGTCGTGTTA-1,donor2,21
donor2_GGTCTGGGTCTCAGAT-1,donor2,15
donor2_GGTCTGGTCAAACGAA-1,donor2,21
donor2_GGTCTGGTCCCGAACG-1,donor2,3
donor2_GGTCTGGTCCGACAGC-1,donor2,6
donor2_GGTCTGGTCGCCAATA-1,donor2,12
donor2_GGTCTGGTCTTCCAGC-1,donor2,3
donor2_GGTGAAGAGCCTCTGG-1,donor2,5
donor2_GGTGAAGAGCTTCGTA-1,donor2,3
donor2_GGTGAAGAGGTTCACT-1,donor2,3
donor2_GGTGAAGAGTAGGGTC-1,donor2,21
donor2_GGTGAAGCACCATTCC-1,donor2,18
donor2_GGTGAAGCAGCGTATT-1,donor2,21
donor2_GGTGAAGGTAGACAGC-1,donor2,0
donor2_GGTGAAGGTGATAGAT-1,donor2,17
donor2_GGTGAAGGTGTTACTG-1,donor2,8
donor2_GGTGAAGTCCATCAGA-1,donor2,3
donor2_GGTGAAGTCCTTCTGG-1,donor2,4
donor2_GGTGAAGTCGAATCCA-1,donor2,3
donor2_GGTGAAGTCGTGCATA-1,donor2,18
donor2_GGTGATTAGCTCTTCC-1,donor2,1
donor2_GGTGATTAGGGACCAT-1,donor2,2
donor2_GGTGATTAGGTACAAT-1,donor2,16
donor2_GGTGATTAGTGAGTTA-1,donor2,7
donor2_GGTGATTCAATACCCA-1,donor2,3
donor2_GGTGATTCAGTTTGGT-1,donor2,17
donor2_GGTGATTGTTTACCTT-1,donor2,16
donor2_GGTGATTTCGCCATAA-1,donor2,16
donor2_GGTGATTTCTACTATC-1,donor2,0
donor2_GGTGATTTCTTCGATT-1,donor2,24
donor2_GGTGGCTAGAAATGGG-1,donor2,3
donor2_GGTGGCTAGAGTGGCT-1,donor2,0
donor2_GGTGGCTAGCCATTTG-1,donor2,17
donor2_GGTGGCTAGGTAGGCT-1,donor2,8
donor2_GGTGGCTAGTTCGCAT-1,donor2,17
donor2_GGTGGCTCATACCAGT-1,donor2,8
donor2_GGTGGCTGTGATCATC-1,donor2,22
donor2_GGTGGCTGTGCAATAA-1,donor2,15
donor2_GGTGGCTTCACAAGGG-1,donor2,0
donor2_GGTGGCTTCCACACCT-1,donor2,18
donor2_GGTGGCTTCCCTCATG-1,donor2,8
donor2_GGTGTCGAGAGTCACG-1,donor2,17
donor2_GGTGTCGAGCATACTC-1,donor2,20
donor2_GGTGTCGAGGAAAGTG-1,donor2,2
donor2_GGTGTCGAGGATCACG-1,donor2,15
donor2_GGTGTCGAGGCCCGTT-1,donor2,6
donor2_GGTGTCGAGTAAACTG-1,donor2,4
donor2_GGTGTCGCACACCTGG-1,donor2,0
donor2_GGTGTCGCACGCGGTT-1,donor2,21
donor2_GGTGTCGCATCCTTGC-1,donor2,2
donor2_GGTGTCGGTGAGCCAA-1,donor2,1
donor2_GGTGTCGTCAACACCA-1,donor2,8
donor2_GGTGTCGTCGACGAGA-1,donor2,19
donor2_GGTGTCGTCGGAAGGT-1,donor2,15
donor2_GGTGTTAAGACTCATC-1,donor2,17
donor2_GGTGTTAAGCATATGA-1,donor2,3
donor2_GGTGTTAAGCATCAAA-1,donor2,6
donor2_GGTGTTAAGTCATACC-1,donor2,2
donor2_GGTGTTACAAACTAAG-1,donor2,2
donor2_GGTGTTACACAGTCAT-1,donor2,0
donor2_GGTGTTACATCGGATT-1,donor2,18
donor2_GGTGTTACATGTCTAG-1,donor2,6
donor2_GGTGTTACATTGTGCA-1,donor2,8
donor2_GGTGTTAGTATGAAGT-1,donor2,15
donor2_GGTGTTATCACGACTA-1,donor2,18
donor2_GGTGTTATCCTCACGT-1,donor2,15
donor2_GGTGTTATCCTTATGT-1,donor2,18
donor2_GGTGTTATCGGTGTTA-1,donor2,8
donor2_GGTGTTATCTCAATCT-1,donor2,2
donor2_GGTGTTATCTTGTTAC-1,donor2,3
donor2_GGTTAACAGGACAAGA-1,donor2,6
donor2_GGTTAACAGGCCTGCT-1,donor2,12
donor2_GGTTAACAGGCTCCCA-1,donor2,0
donor2_GGTTAACAGTCCGCGT-1,donor2,5
donor2_GGTTAACAGTCGAGGT-1,donor2,8
donor2_GGTTAACAGTTATGGA-1,donor2,6
donor2_GGTTAACCACTACACA-1,donor2,1
donor2_GGTTAACCAGCTCATA-1,donor2,27
donor2_GGTTAACGTACCATAC-1,donor2,2
donor2_GGTTAACGTATCAGGG-1,donor2,25
donor2_GGTTAACGTCCTACGG-1,donor2,18
donor2_GGTTAACGTTCCAAAC-1,donor2,6
donor2_GGTTAACGTTCTAAGC-1,donor2,0
donor2_GGTTAACGTTCTATCT-1,donor2,17
donor2_GGTTAACGTTTGTGGT-1,donor2,2
donor2_GGTTAACTCCGAAATC-1,donor2,20
donor2_GGTTAACTCTAGCCAA-1,donor2,3
donor2_GGTTAACTCTGCTGAA-1,donor2,0
donor2_GGTTAACTCTGGTGGC-1,donor2,19
donor2_GGTTCTCAGGTCACTT-1,donor2,4
donor2_GGTTCTCAGTGCACTT-1,donor2,21
donor2_GGTTCTCCAAAGGCTG-1,donor2,15
donor2_GGTTCTCCAATAGGGC-1,donor2,2
donor2_GGTTCTCCACGACCTG-1,donor2,8
donor2_GGTTCTCCACGAGGTA-1,donor2,18
donor2_GGTTCTCGTATAGGGC-1,donor2,16
donor2_GGTTCTCGTGCACATT-1,donor2,0
donor2_GGTTCTCGTGTTCGTA-1,donor2,2
donor2_GGTTCTCTCAATGCAC-1,donor2,2
donor2_GGTTCTCTCGAAGGAC-1,donor2,19
donor2_GGTTCTCTCGGACGTC-1,donor2,15
donor2_GGTTCTCTCTCCATAT-1,donor2,15
donor2_GGTTGTAAGCTAAGTA-1,donor2,22
donor2_GGTTGTAAGGTTCTAC-1,donor2,17
donor2_GGTTGTAAGGTTGACG-1,donor2,5
donor2_GGTTGTAAGTCCCGAC-1,donor2,18
donor2_GGTTGTAAGTGGAAGA-1,donor2,3
donor2_GGTTGTAAGTGGATAT-1,donor2,19
donor2_GGTTGTACAAATTGCC-1,donor2,3
donor2_GGTTGTACAAGTTTGC-1,donor2,12
donor2_GGTTGTACAATGTGGG-1,donor2,0
donor2_GGTTGTACAGTGCGCT-1,donor2,17
donor2_GGTTGTACATAAGATG-1,donor2,18
donor2_GGTTGTACATCAGCAT-1,donor2,18
donor2_GGTTGTAGTAGGACCA-1,donor2,2
donor2_GGTTGTATCAAGGTGG-1,donor2,2
donor2_GGTTGTATCACTTGTT-1,donor2,0
donor2_GGTTGTATCAGCTAGT-1,donor2,8
donor2_GGTTGTATCTCGACGG-1,donor2,17
donor2_GTAACACAGAAAGTCT-1,donor2,12
donor2_GTAACACAGCATGCGA-1,donor2,17
donor2_GTAACACAGGCCGCTT-1,donor2,19
donor2_GTAACACCAATGCAAA-1,donor2,16
donor2_GTAACACCAGTGCCTG-1,donor2,2
donor2_GTAACACGTCACCACG-1,donor2,6
donor2_GTAACACGTTAGGGAC-1,donor2,19
donor2_GTAACACTCATCCCGT-1,donor2,19
donor2_GTAACACTCATTGAGC-1,donor2,1
donor2_GTAACACTCCCGTTGT-1,donor2,18
donor2_GTAACACTCGAGAAGC-1,donor2,5
donor2_GTAACACTCTGGAGAG-1,donor2,17
donor2_GTAACCAAGAGAGCGG-1,donor2,2
donor2_GTAACCAAGCTGAAGC-1,donor2,21
donor2_GTAACCAAGGCAATGC-1,donor2,17
donor2_GTAACCAAGTAGGAAG-1,donor2,2
donor2_GTAACCAAGTTGCATC-1,donor2,19
donor2_GTAACCACACGATTCA-1,donor2,19
donor2_GTAACCACATCTGCGG-1,donor2,19
donor2_GTAACCAGTAGCGATG-1,donor2,3
donor2_GTAACCAGTGCTGCAC-1,donor2,3
donor2_GTAACCATCTGGGTCG-1,donor2,8
donor2_GTAAGTCAGAGGACTC-1,donor2,18
donor2_GTAAGTCAGCACGTCC-1,donor2,8
donor2_GTAAGTCAGGTACAGC-1,donor2,8
donor2_GTAAGTCAGTCACTCA-1,donor2,21
donor2_GTAAGTCCAGCCGGTT-1,donor2,18
donor2_GTAAGTCCATGGGAAC-1,donor2,2
donor2_GTAAGTCGTAATCAGA-1,donor2,19
donor2_GTAAGTCGTACCTAAC-1,donor2,18
donor2_GTAAGTCGTCAAAGTA-1,donor2,16
donor2_GTAAGTCGTGCAATGG-1,donor2,18
donor2_GTAAGTCGTGCCGAAA-1,donor2,6
donor2_GTAAGTCGTGGCTTGC-1,donor2,19
donor2_GTAAGTCGTGTCGCTG-1,donor2,8
donor2_GTAAGTCGTTTACGTG-1,donor2,6
donor2_GTAAGTCTCACGGGCT-1,donor2,8
donor2_GTAAGTCTCATAGCAC-1,donor2,4
donor2_GTAAGTCTCGAGTCTA-1,donor2,17
donor2_GTAATCGAGGCATCTT-1,donor2,4
donor2_GTAATCGAGGCGTTAG-1,donor2,8
donor2_GTAATCGAGTAGTCAA-1,donor2,20
donor2_GTAATCGAGTCTGGAG-1,donor2,4
donor2_GTAATCGCAACAAAGT-1,donor2,21
donor2_GTAATCGCAACGTAAA-1,donor2,19
donor2_GTAATCGCAAGTGTCT-1,donor2,3
donor2_GTAATCGCAGAACTAA-1,donor2,17
donor2_GTAATCGCATAACTCG-1,donor2,1
donor2_GTAATCGCATCCGTTC-1,donor2,17
donor2_GTAATCGCATGGATCT-1,donor2,3
donor2_GTAATCGCATGGCACC-1,donor2,3
donor2_GTAATCGGTGAGTGAC-1,donor2,19
donor2_GTAATCGGTGGGACAT-1,donor2,19
donor2_GTAATCGGTGTAAACA-1,donor2,2
donor2_GTAATCGTCACTTGTT-1,donor2,17
donor2_GTAATCGTCGCCGAAC-1,donor2,1
donor2_GTAATCGTCGCTGACG-1,donor2,3
donor2_GTAATCGTCGGTAGGA-1,donor2,16
donor2_GTAATCGTCTACCTTA-1,donor2,20
donor2_GTAATGCAGCCGTAAG-1,donor2,4
donor2_GTAATGCAGCGCCATC-1,donor2,15
donor2_GTAATGCAGGTATCTC-1,donor2,3
donor2_GTAATGCAGGTCCAGA-1,donor2,4
donor2_GTAATGCAGTCTCGTA-1,donor2,17
donor2_GTAATGCAGTCTGGAG-1,donor2,15
donor2_GTAATGCCAAACTCTG-1,donor2,16
donor2_GTAATGCCACGTAACT-1,donor2,0
donor2_GTAATGCCAGGCCTGT-1,donor2,19
donor2_GTAATGCGTAGGTTTC-1,donor2,19
donor2_GTAATGCGTCTAATCG-1,donor2,15
donor2_GTAATGCGTCTAGGCC-1,donor2,3
donor2_GTAATGCGTCTGTAGT-1,donor2,2
donor2_GTAATGCGTGTATACC-1,donor2,3
donor2_GTAATGCGTGTTAAAG-1,donor2,19
donor2_GTAATGCTCAATGCAC-1,donor2,2
donor2_GTAATGCTCAGACAAA-1,donor2,16
donor2_GTAATGCTCCATGATG-1,donor2,20
donor2_GTAATGCTCTACCACC-1,donor2,3
donor2_GTAATGCTCTACGGGC-1,donor2,4
donor2_GTAATGCTCTCAATCT-1,donor2,8
donor2_GTACAACAGACTGAGC-1,donor2,4
donor2_GTACAACCACAGCCAC-1,donor2,15
donor2_GTACAACCAGATACTC-1,donor2,16
donor2_GTACAACCATCGCTCT-1,donor2,2
donor2_GTACAACGTCACAGTT-1,donor2,3
donor2_GTACAACGTCGGAAAC-1,donor2,14
donor2_GTACAACGTTGTGGAG-1,donor2,3
donor2_GTACAACTCAATGCAC-1,donor2,4
donor2_GTACAACTCAGGACAG-1,donor2,15
donor2_GTACAACTCCTGTTAT-1,donor2,0
donor2_GTACAACTCGGTTCAA-1,donor2,17
donor2_GTACAACTCTTCCTAA-1,donor2,17
donor2_GTACAGTAGCATACTC-1,donor2,17
donor2_GTACAGTAGCATGAAT-1,donor2,21
donor2_GTACAGTAGGTAGTAT-1,donor2,21
donor2_GTACAGTCAACGGGTA-1,donor2,1
donor2_GTACAGTCAGCTATAC-1,donor2,26
donor2_GTAGAAAAGCGCCGTT-1,donor2,18
donor2_GTAGAAACAGAGGGTT-1,donor2,17
donor2_GTAGAAACAGGCTCTG-1,donor2,18
donor2_GTAGAAACATAATGCC-1,donor2,18
donor2_GTAGAAAGTACGATCT-1,donor2,8
donor2_GTAGAAAGTCGTAATC-1,donor2,1
donor2_GTAGAAAGTCTCCCTA-1,donor2,1
donor2_GTAGAAAGTGTTACAC-1,donor2,2
donor2_GTAGAAAGTTCGTTCC-1,donor2,16
donor2_GTAGAAATCAGCCTTC-1,donor2,8
donor2_GTAGAAATCATCCTAT-1,donor2,21
donor2_GTAGAAATCCGTTGGG-1,donor2,21
donor2_GTAGAAATCGTCCATC-1,donor2,18
donor2_GTAGAAATCTATACTC-1,donor2,8
donor2_GTAGAGGAGCGACTTT-1,donor2,20
donor2_GTAGAGGAGGCCTAAG-1,donor2,18
donor2_GTAGAGGAGTCTAGAA-1,donor2,4
donor2_GTAGAGGCAGACATCT-1,donor2,3
donor2_GTAGAGGCATCGTGCG-1,donor2,16
donor2_GTAGAGGGTATACCTG-1,donor2,18
donor2_GTAGAGGTCAGAGTTC-1,donor2,19
donor2_GTAGAGGTCATCGTAG-1,donor2,17
donor2_GTAGAGGTCCCTTTGG-1,donor2,1
donor2_GTAGAGGTCGCCTATC-1,donor2,2
donor2_GTAGAGGTCTGTAACG-1,donor2,16
donor2_GTAGATCAGACGGTCA-1,donor2,16
donor2_GTAGATCGTACGACAG-1,donor2,21
donor2_GTAGATCGTAGTGATA-1,donor2,0
donor2_GTAGATCTCAAGTGGG-1,donor2,26
donor2_GTAGATCTCACCCATC-1,donor2,17
donor2_GTAGATCTCATGGAGG-1,donor2,18
donor2_GTAGATCTCTCAGGCG-1,donor2,4
donor2_GTAGCTAAGGCAATGC-1,donor2,3
donor2_GTAGCTAAGTGCTCAT-1,donor2,18
donor2_GTAGCTACAAGCCCAC-1,donor2,21
donor2_GTAGCTACAGGGCTTC-1,donor2,21
donor2_GTAGCTAGTTCGAACT-1,donor2,0
donor2_GTAGCTATCCCGTGTT-1,donor2,0
donor2_GTAGCTATCGATAACC-1,donor2,19
donor2_GTAGGAGAGACGGAAA-1,donor2,3
donor2_GTAGGAGAGCGAGAAA-1,donor2,3
donor2_GTAGGAGAGGGCGAAG-1,donor2,3
donor2_GTAGGAGAGTTGTAGA-1,donor2,19
donor2_GTAGGAGCAATGAACA-1,donor2,17
donor2_GTAGGAGCACTCATAG-1,donor2,3
donor2_GTAGGAGCAGGACATG-1,donor2,18
donor2_GTAGGAGCATCTGTTT-1,donor2,15
donor2_GTAGGAGGTAACAAGT-1,donor2,2
donor2_GTAGGAGGTAAGTTAG-1,donor2,15
donor2_GTAGGAGGTACAAAGT-1,donor2,4
donor2_GTAGGAGGTCGCATGC-1,donor2,17
donor2_GTAGGAGGTGGCACTC-1,donor2,17
donor2_GTAGGAGTCAAGGTGG-1,donor2,18
donor2_GTAGGAGTCCAACTAG-1,donor2,17
donor2_GTAGGAGTCCGTGCGA-1,donor2,6
donor2_GTAGGTTAGCAGCACA-1,donor2,8
donor2_GTAGGTTAGGAACTAT-1,donor2,7
donor2_GTAGGTTAGGCTAGCA-1,donor2,2
donor2_GTAGGTTAGTGCAACG-1,donor2,12
donor2_GTAGGTTAGTGGCGAT-1,donor2,18
donor2_GTAGGTTCACAAATGA-1,donor2,25
donor2_GTAGGTTCACCCTAGG-1,donor2,18
donor2_GTAGGTTCACTGTCCT-1,donor2,18
donor2_GTAGGTTCAGAACGCA-1,donor2,3
donor2_GTAGGTTCATGGCACC-1,donor2,2
donor2_GTAGGTTCATTGAGCT-1,donor2,17
donor2_GTAGGTTGTAACCCGC-1,donor2,12
donor2_GTAGGTTGTCTCACAA-1,donor2,17
donor2_GTAGGTTGTGGCTAGA-1,donor2,8
donor2_GTAGGTTGTTACTCAG-1,donor2,19
donor2_GTAGGTTTCCATATGG-1,donor2,3
donor2_GTAGGTTTCGGTCAGC-1,donor2,19
donor2_GTAGGTTTCTAGGAAA-1,donor2,18
donor2_GTAGGTTTCTAGTGTG-1,donor2,4
donor2_GTAGGTTTCTTCTGTA-1,donor2,18
donor2_GTAGTACAGTAGTCTC-1,donor2,3
donor2_GTAGTACCAAATGATG-1,donor2,3
donor2_GTAGTACCAAGGTACG-1,donor2,4
donor2_GTAGTACCAAGTATCC-1,donor2,4
donor2_GTAGTACCAATTTCGG-1,donor2,17
donor2_GTAGTACCACTCCGGA-1,donor2,1
donor2_GTAGTACCAGTGGGTA-1,donor2,15
donor2_GTAGTACCATCTTAGG-1,donor2,17
donor2_GTAGTACCATGCTGCG-1,donor2,17
donor2_GTAGTACGTATGCGGA-1,donor2,18
donor2_GTAGTACGTCTGCGCA-1,donor2,18
donor2_GTAGTACGTGAAGCTG-1,donor2,17
donor2_GTAGTACTCAGACTGT-1,donor2,17
donor2_GTAGTACTCATGCAGT-1,donor2,2
donor2_GTAGTACTCGACTCCT-1,donor2,8
donor2_GTAGTACTCGAGATAA-1,donor2,17
donor2_GTAGTACTCTGTCGTC-1,donor2,20
donor2_GTATTGGAGAGCACTG-1,donor2,3
donor2_GTATTGGAGAGCAGAA-1,donor2,4
donor2_GTATTGGAGGTAATCA-1,donor2,21
donor2_GTATTGGCAAAGCACG-1,donor2,16
donor2_GTATTGGCAAAGGGTC-1,donor2,0
donor2_GTATTGGCACCTTCCA-1,donor2,0
donor2_GTATTGGCAGTAGATA-1,donor2,16
donor2_GTATTGGGTATCGTTG-1,donor2,2
donor2_GTATTGGGTCATTGCA-1,donor2,3
donor2_GTATTGGGTGAACGGT-1,donor2,16
donor2_GTATTGGGTTACACAC-1,donor2,17
donor2_GTATTGGGTTGTATGC-1,donor2,18
donor2_GTATTGGTCAAGCGTT-1,donor2,6
donor2_GTATTGGTCACACCGG-1,donor2,2
donor2_GTATTGGTCACCGCTT-1,donor2,4
donor2_GTATTGGTCTGTGCAA-1,donor2,15
donor2_GTATTTCAGATACTGA-1,donor2,4
donor2_GTATTTCAGCATCTTG-1,donor2,1
donor2_GTATTTCAGGGAGGAC-1,donor2,20
donor2_GTATTTCAGTTGGCGA-1,donor2,8
donor2_GTATTTCCAACAAAGT-1,donor2,18
donor2_GTATTTCGTACCTAAC-1,donor2,3
donor2_GTATTTCTCGTTCCCA-1,donor2,8
donor2_GTATTTCTCTACTGAG-1,donor2,2
donor2_GTATTTCTCTGTGTGA-1,donor2,19
donor2_GTCAAACAGCAGCCCT-1,donor2,2
donor2_GTCAAACAGCTTCTAG-1,donor2,19
donor2_GTCAAACAGGCTCAAG-1,donor2,2
donor2_GTCAAACCAAAGGAGA-1,donor2,17
donor2_GTCAAACCAAGATTGA-1,donor2,8
donor2_GTCAAACCACCCTGTT-1,donor2,1
donor2_GTCAAACCACCGTGAC-1,donor2,16
donor2_GTCAAACCATCTCGTC-1,donor2,8
donor2_GTCAAACGTAGCGTAG-1,donor2,4
donor2_GTCAAACTCCAACCAA-1,donor2,8
donor2_GTCAAACTCGCCGAGT-1,donor2,6
donor2_GTCAAACTCTACGGTA-1,donor2,0
donor2_GTCAAGTAGATAGGGA-1,donor2,0
donor2_GTCAAGTAGCGAGTCA-1,donor2,17
donor2_GTCAAGTAGCTAAACA-1,donor2,16
donor2_GTCAAGTCAAGAAACT-1,donor2,4
donor2_GTCAAGTCACATTCTT-1,donor2,16
donor2_GTCAAGTCACCTGCTT-1,donor2,3
donor2_GTCAAGTCATAGGTTC-1,donor2,3
donor2_GTCAAGTCATGTGGCC-1,donor2,18
donor2_GTCAAGTGTCAAATCC-1,donor2,17
donor2_GTCAAGTGTTTACGTG-1,donor2,6
donor2_GTCAAGTTCAAGCTGT-1,donor2,20
donor2_GTCAAGTTCCAGCAAT-1,donor2,8
donor2_GTCAAGTTCCTATGGA-1,donor2,0
donor2_GTCAAGTTCTACACTT-1,donor2,12
donor2_GTCACGGAGAGTCTTC-1,donor2,19
donor2_GTCACGGAGATAGGGA-1,donor2,19
donor2_GTCACGGAGGCGATAC-1,donor2,8
donor2_GTCACGGAGGTTCCAT-1,donor2,19
donor2_GTCACGGCAAGCGAGT-1,donor2,19
donor2_GTCACGGCAAGGTCGA-1,donor2,2
donor2_GTCACGGCACACGGAA-1,donor2,2
donor2_GTCACGGCACCAGCCA-1,donor2,19
donor2_GTCACGGCACCCATAA-1,donor2,8
donor2_GTCACGGCAGAGTTGG-1,donor2,3
donor2_GTCACGGCATATTCGG-1,donor2,4
donor2_GTCACGGCATGATGCT-1,donor2,17
donor2_GTCACGGGTATCCCAA-1,donor2,3
donor2_GTCACGGGTCTCAGGC-1,donor2,18
donor2_GTCACGGGTGTACGCC-1,donor2,0
donor2_GTCACGGTCGAGAGAC-1,donor2,2
donor2_GTCACGGTCTACCCAC-1,donor2,15
donor2_GTCACGGTCTCAACGA-1,donor2,15
donor2_GTCACGGTCTCAGAAC-1,donor2,15
donor2_GTCACTCAGACTACCT-1,donor2,17
donor2_GTCACTCAGATACGAT-1,donor2,16
donor2_GTCACTCAGCTGTCCG-1,donor2,11
donor2_GTCACTCAGGTGGTTG-1,donor2,2
donor2_GTCACTCCAACCGATT-1,donor2,17
donor2_GTCACTCCAGAGTGAC-1,donor2,2
donor2_GTCACTCGTACTCGAT-1,donor2,8
donor2_GTCACTCGTGAGACGT-1,donor2,1
donor2_GTCACTCGTTGAGGAC-1,donor2,8
donor2_GTCACTCTCAGCGGAA-1,donor2,15
donor2_GTCACTCTCCCATTTA-1,donor2,3
donor2_GTCACTCTCCGCGAGT-1,donor2,18
donor2_GTCAGCGAGGATGTTA-1,donor2,15
donor2_GTCAGCGAGGTGAGAA-1,donor2,2
donor2_GTCAGCGAGTATTAGG-1,donor2,17
donor2_GTCAGCGCACGTACTA-1,donor2,4
donor2_GTCAGCGCAGAAGTGC-1,donor2,19
donor2_GTCAGCGCATGAAAGT-1,donor2,2
donor2_GTCAGCGGTAGATCCT-1,donor2,18
donor2_GTCAGCGGTGTGGTCC-1,donor2,4
donor2_GTCAGCGGTTGTGCAT-1,donor2,3
donor2_GTCAGCGTCAAAGAAC-1,donor2,16
donor2_GTCAGCGTCAAGAATG-1,donor2,16
donor2_GTCAGCGTCGCAGTCG-1,donor2,3
donor2_GTCAGCGTCTGACGCG-1,donor2,2
donor2_GTCAGCGTCTGCCTCA-1,donor2,11
donor2_GTCATCCAGAAACCCG-1,donor2,2
donor2_GTCATCCAGGACGGAG-1,donor2,17
donor2_GTCATCCAGGTGCATG-1,donor2,0
donor2_GTCATCCAGTCATAGA-1,donor2,2
donor2_GTCATCCAGTGCGTCC-1,donor2,8
donor2_GTCATCCAGTTGCCCG-1,donor2,8
donor2_GTCATCCCATCAGCGC-1,donor2,2
donor2_GTCATCCCATGCAGCC-1,donor2,2
donor2_GTCATCCGTAGTCTTG-1,donor2,3
donor2_GTCATCCGTCGGTGAA-1,donor2,15
donor2_GTCATCCGTTGGGTAG-1,donor2,6
donor2_GTCATCCTCAGCTGAT-1,donor2,19
donor2_GTCATCCTCCGAACGC-1,donor2,0
donor2_GTCATCCTCCGTCCTA-1,donor2,3
donor2_GTCATCCTCTCCTACG-1,donor2,18
donor2_GTCATGAAGATAACGT-1,donor2,21
donor2_GTCATGAAGCCTCCAG-1,donor2,2
donor2_GTCATGAAGCTGGCTC-1,donor2,0
donor2_GTCATGAAGTAACGAT-1,donor2,3
donor2_GTCATGAAGTTGTAAG-1,donor2,2
donor2_GTCATGACACGGTGCT-1,donor2,17
donor2_GTCATGACAGAGACTG-1,donor2,18
donor2_GTCATGACATAATCCG-1,donor2,21
donor2_GTCATGACATGACGAG-1,donor2,20
donor2_GTCATGAGTAGAGTTA-1,donor2,12
donor2_GTCATGAGTCAGGTAG-1,donor2,2
donor2_GTCATGAGTCAGTCGC-1,donor2,19
donor2_GTCATGAGTCTGTGTA-1,donor2,18
donor2_GTCATGAGTGACAACG-1,donor2,5
donor2_GTCATGAGTGTGACCC-1,donor2,18
donor2_GTCATGAGTTCGAACT-1,donor2,2
donor2_GTCATGATCATAGCAC-1,donor2,19
donor2_GTCATGATCCTTGAAG-1,donor2,21
donor2_GTCATGATCGGCATCG-1,donor2,2
donor2_GTCATGATCGTCCATC-1,donor2,2
donor2_GTCATGATCTCGGCTT-1,donor2,8
donor2_GTCATTTAGAAAGCGA-1,donor2,1
donor2_GTCATTTAGGTCATTC-1,donor2,15
donor2_GTCATTTAGTAAGACT-1,donor2,0
donor2_GTCATTTCACAGGATG-1,donor2,16
donor2_GTCATTTCAGCGAACA-1,donor2,18
donor2_GTCATTTCAGTGTATC-1,donor2,17
donor2_GTCATTTGTGGTAATA-1,donor2,21
donor2_GTCATTTTCAAACCCA-1,donor2,2
donor2_GTCATTTTCACGGGCT-1,donor2,19
donor2_GTCATTTTCCCGATCT-1,donor2,17
donor2_GTCATTTTCGAGAGAC-1,donor2,26
donor2_GTCATTTTCGCTAAAC-1,donor2,8
donor2_GTCATTTTCGTGGCTG-1,donor2,17
donor2_GTCCACTAGCGACTGA-1,donor2,15
donor2_GTCCACTAGTTCAACC-1,donor2,19
donor2_GTCCACTCAGATACCT-1,donor2,15
donor2_GTCCACTGTACGACTT-1,donor2,3
donor2_GTCCACTGTCCAATCA-1,donor2,12
donor2_GTCCACTGTCGGAAAC-1,donor2,21
donor2_GTCCACTTCAGGAAAT-1,donor2,17
donor2_GTCCACTTCGAGTCCG-1,donor2,19
donor2_GTCCACTTCTCAAAGC-1,donor2,0
donor2_GTCCCATAGGACTGGT-1,donor2,17
donor2_GTCCCATAGGCACTAG-1,donor2,19
donor2_GTCCCATAGTCCTACA-1,donor2,6
donor2_GTCCCATCAAGACGGT-1,donor2,17
donor2_GTCCCATCAATGGCAG-1,donor2,2
donor2_GTCCCATCACCCTAAA-1,donor2,5
donor2_GTCCCATCATCATTTC-1,donor2,0
donor2_GTCCCATGTATTTCTC-1,donor2,8
donor2_GTCCCATGTCTTACTT-1,donor2,15
donor2_GTCCCATGTGCTAGCC-1,donor2,6
donor2_GTCCCATGTGTGTCCG-1,donor2,8
donor2_GTCCCATGTGTGTGGA-1,donor2,15
donor2_GTCCCATGTTATTCTC-1,donor2,3
donor2_GTCCCATGTTCCTTGC-1,donor2,18
donor2_GTCCCATTCCAAATGC-1,donor2,24
donor2_GTCCCATTCCCATTCG-1,donor2,3
donor2_GTCCCATTCCTGTTGC-1,donor2,17
donor2_GTCCCATTCTGGGTCG-1,donor2,19
donor2_GTCCTCACAAAGCAAT-1,donor2,3
donor2_GTCCTCACAAATGAGT-1,donor2,3
donor2_GTCCTCACACGACAGA-1,donor2,1
donor2_GTCCTCACACTCCCTA-1,donor2,18
donor2_GTCCTCACAGGAACCA-1,donor2,0
donor2_GTCCTCACAGGTCCGT-1,donor2,27
donor2_GTCCTCACATAAGATG-1,donor2,18
donor2_GTCCTCAGTACCGTGC-1,donor2,0
donor2_GTCCTCAGTCTGCAAT-1,donor2,1
donor2_GTCCTCAGTGTATTGC-1,donor2,2
donor2_GTCCTCAGTGTGGTCC-1,donor2,19
donor2_GTCCTCATCAAGTCGT-1,donor2,15
donor2_GTCCTCATCAATCTCT-1,donor2,19
donor2_GTCCTCATCACCCTCA-1,donor2,0
donor2_GTCCTCATCGACTCCT-1,donor2,12
donor2_GTCCTCATCGCTTAAG-1,donor2,17
donor2_GTCCTCATCTTGAGCA-1,donor2,15
donor2_GTCGAATAGAGAGAAC-1,donor2,16
donor2_GTCGAATAGTAGTCAA-1,donor2,12
donor2_GTCGAATAGTATGAAC-1,donor2,19
donor2_GTCGAATAGTCACACT-1,donor2,3
donor2_GTCGAATCAAATGCTC-1,donor2,8
donor2_GTCGAATCAACACAGG-1,donor2,5
donor2_GTCGAATCATCTGCGG-1,donor2,19
donor2_GTCGAATCATGACGTT-1,donor2,2
donor2_GTCGAATGTCCAATCA-1,donor2,2
donor2_GTCGAATGTCCGGTGT-1,donor2,21
donor2_GTCGAATGTGCTGATT-1,donor2,3
donor2_GTCGAATGTTCGAGCC-1,donor2,2
donor2_GTCGAATTCGCTGTTC-1,donor2,21
donor2_GTCGAATTCGCTTGAA-1,donor2,2
donor2_GTCGAATTCTCTAAGG-1,donor2,8
donor2_GTCGAATTCTTTGCAT-1,donor2,18
donor2_GTCGCGAAGATCGACG-1,donor2,3
donor2_GTCGCGAAGGCCTGCT-1,donor2,3
donor2_GTCGCGAAGGGCAACT-1,donor2,3
donor2_GTCGCGAAGTCACGAG-1,donor2,16
donor2_GTCGCGAAGTTAGTGA-1,donor2,16
donor2_GTCGCGACAAGTACCT-1,donor2,22
donor2_GTCGCGACACAGTGAG-1,donor2,17
donor2_GTCGCGACACCGTCGA-1,donor2,23
donor2_GTCGCGACAGCATTGT-1,donor2,19
donor2_GTCGCGAGTCAGGTAG-1,donor2,19
donor2_GTCGCGATCACCTTGC-1,donor2,18
donor2_GTCGCGATCTCCAAGA-1,donor2,2
donor2_GTCGTAAAGCAACCAG-1,donor2,17
donor2_GTCGTAAAGCATGGGT-1,donor2,17
donor2_GTCGTAACAATGTCAC-1,donor2,1
donor2_GTCGTAACACCATAAC-1,donor2,3
donor2_GTCGTAACAGCCGGTT-1,donor2,2
donor2_GTCGTAACAGTGGGTA-1,donor2,17
donor2_GTCGTAAGTGAGGCAT-1,donor2,5
donor2_GTCGTAAGTTATTCTC-1,donor2,17
donor2_GTCGTAATCCACGGAC-1,donor2,19
donor2_GTCGTTCAGAAACCAT-1,donor2,16
donor2_GTCGTTCAGAACTTCC-1,donor2,1
donor2_GTCGTTCAGACCAGCA-1,donor2,3
donor2_GTCGTTCAGCCTGAAG-1,donor2,15
donor2_GTCGTTCAGCGACTGA-1,donor2,5
donor2_GTCGTTCAGGAACTCG-1,donor2,1
donor2_GTCGTTCAGTAATTGG-1,donor2,2
donor2_GTCGTTCAGTCCTACA-1,donor2,21
donor2_GTCGTTCAGTCTGGAG-1,donor2,0
donor2_GTCGTTCCAAGCGAAC-1,donor2,8
donor2_GTCGTTCCAATCTAGC-1,donor2,17
donor2_GTCGTTCCACTGCACG-1,donor2,4
donor2_GTCGTTCCATCTATCT-1,donor2,3
donor2_GTCGTTCGTTGGGATG-1,donor2,1
donor2_GTCGTTCTCAGCCTCT-1,donor2,3
donor2_GTCGTTCTCCGGACTG-1,donor2,0
donor2_GTCGTTCTCCTAAGTG-1,donor2,3
donor2_GTCGTTCTCGAGAACG-1,donor2,4
donor2_GTCGTTCTCGCGGACT-1,donor2,4
donor2_GTCTACCAGCCGCACT-1,donor2,19
donor2_GTCTACCAGGGTGAAA-1,donor2,8
donor2_GTCTACCCACATGAAA-1,donor2,2
donor2_GTCTACCCAGGCTATT-1,donor2,2
donor2_GTCTACCGTATAATGG-1,donor2,0
donor2_GTCTACCGTCATGGCC-1,donor2,2
donor2_GTCTACCGTTTGAACC-1,donor2,18
donor2_GTCTACCTCAACTTTC-1,donor2,16
donor2_GTCTACCTCATCACTT-1,donor2,21
donor2_GTCTACCTCCCGTGAG-1,donor2,1
donor2_GTCTACCTCCTCGATC-1,donor2,26
donor2_GTCTACCTCGGATTAC-1,donor2,6
donor2_GTCTAGAAGAAGCTGC-1,donor2,3
donor2_GTCTAGAAGACGGTCA-1,donor2,4
donor2_GTCTAGAAGATGTAGT-1,donor2,2
donor2_GTCTAGAAGCACAAAT-1,donor2,3
donor2_GTCTAGAAGCATTTCG-1,donor2,16
donor2_GTCTAGAAGGCTGTAG-1,donor2,15
donor2_GTCTAGAAGTTCGCAT-1,donor2,4
donor2_GTCTAGAGTAGACACG-1,donor2,8
donor2_GTCTAGAGTAGGCTCC-1,donor2,21
donor2_GTCTAGAGTATCCTTT-1,donor2,3
donor2_GTCTAGAGTCATGACT-1,donor2,3
donor2_GTCTAGAGTGCAATGG-1,donor2,2
donor2_GTCTAGAGTGTCATCA-1,donor2,8
donor2_GTCTAGAGTGTCTAAC-1,donor2,1
donor2_GTCTAGAGTGTCTCCT-1,donor2,16
donor2_GTCTAGAGTGTGGTCC-1,donor2,18
donor2_GTCTAGAGTTCAATCG-1,donor2,17
donor2_GTCTAGATCACAATGC-1,donor2,16
donor2_GTCTAGATCTCGCAGG-1,donor2,8
donor2_GTCTCACAGACAAGCC-1,donor2,4
donor2_GTCTCACAGGAGTCTG-1,donor2,15
donor2_GTCTCACAGTCACTAC-1,donor2,18
donor2_GTCTCACCACCAATTG-1,donor2,3
donor2_GTCTCACCACGCGCAT-1,donor2,8
donor2_GTCTCACCAGAAGCTG-1,donor2,3
donor2_GTCTCACGTAACTAAG-1,donor2,17
donor2_GTCTCACGTCTTCCGT-1,donor2,4
donor2_GTCTCACGTGCTCTCT-1,donor2,18
donor2_GTCTCACTCCATTGGA-1,donor2,2
donor2_GTCTCACTCGGCACTG-1,donor2,5
donor2_GTCTGTCAGAATGTTG-1,donor2,17
donor2_GTCTGTCAGACGACGT-1,donor2,1
donor2_GTCTGTCAGGCCTTCG-1,donor2,2
donor2_GTCTGTCAGTACCATC-1,donor2,18
donor2_GTCTGTCCAACACGAG-1,donor2,17
donor2_GTCTGTCCAATAACCC-1,donor2,5
donor2_GTCTGTCCACACCAGC-1,donor2,21
donor2_GTCTGTCCAGATCATC-1,donor2,19
donor2_GTCTGTCCATTGTACG-1,donor2,16
donor2_GTCTGTCGTAGAGGAA-1,donor2,24
donor2_GTCTGTCGTGTGCCTG-1,donor2,12
donor2_GTCTGTCGTGTTACTG-1,donor2,19
donor2_GTCTGTCGTTATGTGC-1,donor2,2
donor2_GTCTGTCGTTGCTTGA-1,donor2,2
donor2_GTCTGTCTCAGGTAAA-1,donor2,0
donor2_GTCTGTCTCATTCATC-1,donor2,8
donor2_GTCTGTCTCCGTGGGT-1,donor2,3
donor2_GTCTTTAAGAGTAACT-1,donor2,1
donor2_GTCTTTAAGCTGAAAT-1,donor2,0
donor2_GTCTTTATCAAGAATG-1,donor2,2
donor2_GTCTTTATCACCTTGC-1,donor2,8
donor2_GTCTTTATCCGTAATG-1,donor2,4
donor2_GTCTTTATCCTAGCGG-1,donor2,1
donor2_GTGACGCAGACTCTTG-1,donor2,2
donor2_GTGACGCAGCACCCAC-1,donor2,18
donor2_GTGACGCCAATGTCAC-1,donor2,12
donor2_GTGACGCCATCCTTCG-1,donor2,16
donor2_GTGACGCGTACACGCC-1,donor2,0
donor2_GTGACGCGTCACATTG-1,donor2,8
donor2_GTGACGCGTGCCGGTT-1,donor2,15
donor2_GTGACGCGTTCAGCTA-1,donor2,26
donor2_GTGACGCTCAGCGGAA-1,donor2,17
donor2_GTGACGCTCGGTCGGT-1,donor2,2
donor2_GTGACGCTCGTAACCA-1,donor2,8
donor2_GTGACGCTCTAAGCCA-1,donor2,1
donor2_GTGAGCCAGAGATTCA-1,donor2,5
donor2_GTGAGCCAGCCTCAAT-1,donor2,8
donor2_GTGAGCCAGCTAATGA-1,donor2,19
donor2_GTGAGCCAGGCTTAGG-1,donor2,17
donor2_GTGAGCCCAGTAACAA-1,donor2,3
donor2_GTGAGCCCATCTTTCA-1,donor2,16
donor2_GTGAGCCCATTAGGCT-1,donor2,1
donor2_GTGAGCCGTACGATGG-1,donor2,16
donor2_GTGAGCCGTACGGCAA-1,donor2,3
donor2_GTGAGCCGTCCAGCAC-1,donor2,15
donor2_GTGAGCCGTGGCTTAT-1,donor2,17
donor2_GTGAGCCGTTGAAGTA-1,donor2,3
donor2_GTGAGCCGTTGTGCCG-1,donor2,2
donor2_GTGAGCCGTTTACTTC-1,donor2,8
donor2_GTGAGCCTCACAGAGG-1,donor2,18
donor2_GTGAGCCTCGACATTG-1,donor2,1
donor2_GTGAGCCTCTACAGGT-1,donor2,0
donor2_GTGAGCCTCTATCGGA-1,donor2,3
donor2_GTGAGGAAGGCCTTCG-1,donor2,15
donor2_GTGAGGAAGGTAGATT-1,donor2,12
donor2_GTGAGGAAGTCTTCCC-1,donor2,3
donor2_GTGAGGACAAATCGTC-1,donor2,4
donor2_GTGAGGACAATTGGTC-1,donor2,12
donor2_GTGAGGACATACCGTA-1,donor2,15
donor2_GTGAGGACATGTAACC-1,donor2,8
donor2_GTGAGGAGTCAAAGCG-1,donor2,17
donor2_GTGAGGAGTGAGCAGT-1,donor2,19
donor2_GTGAGGATCAAGTCGT-1,donor2,15
donor2_GTGAGGATCTTAATCC-1,donor2,19
donor2_GTGAGTTAGCAATAAC-1,donor2,18
donor2_GTGAGTTAGGGATCAC-1,donor2,8
donor2_GTGAGTTAGTCCCAAT-1,donor2,3
donor2_GTGAGTTCAAATGCGG-1,donor2,19
donor2_GTGAGTTCAACCCGCA-1,donor2,17
donor2_GTGAGTTCACCCATAA-1,donor2,3
donor2_GTGAGTTCAGATCACT-1,donor2,17
donor2_GTGAGTTCAGTCGCAC-1,donor2,0
donor2_GTGAGTTGTAGACACG-1,donor2,3
donor2_GTGAGTTGTAGAGACC-1,donor2,2
donor2_GTGAGTTGTCTTCCGT-1,donor2,3
donor2_GTGAGTTTCAAGATAG-1,donor2,3
donor2_GTGAGTTTCACCTTAT-1,donor2,18
donor2_GTGAGTTTCAGTGGGA-1,donor2,2
donor2_GTGAGTTTCCAAGAGG-1,donor2,15
donor2_GTGAGTTTCGAAGCCC-1,donor2,5
donor2_GTGAGTTTCGAGAAAT-1,donor2,12
donor2_GTGAGTTTCGGTAGAG-1,donor2,17
donor2_GTGATGTAGACATAAC-1,donor2,2
donor2_GTGATGTAGAGAGCCT-1,donor2,8
donor2_GTGATGTAGCTTAAGA-1,donor2,0
donor2_GTGATGTAGGATTTGA-1,donor2,21
donor2_GTGATGTAGTACAGCG-1,donor2,2
donor2_GTGATGTAGTAGTCAA-1,donor2,0
donor2_GTGATGTAGTGGATTA-1,donor2,15
donor2_GTGATGTAGTTCATGC-1,donor2,19
donor2_GTGATGTCAGCGCTTG-1,donor2,17
donor2_GTGATGTCAGGAAGTC-1,donor2,2
donor2_GTGATGTTCATGCTAG-1,donor2,20
donor2_GTGATGTTCCTGTTAT-1,donor2,20
donor2_GTGATGTTCGCTGCGA-1,donor2,4
donor2_GTGATGTTCTCCGATC-1,donor2,18
donor2_GTGCACGAGCATACTC-1,donor2,2
donor2_GTGCACGAGGGCAGAG-1,donor2,2
donor2_GTGCACGAGTCATCCA-1,donor2,3
donor2_GTGCACGGTCTTGCGG-1,donor2,6
donor2_GTGCACGGTGACCTGC-1,donor2,18
donor2_GTGCACGGTGACGCCT-1,donor2,19
donor2_GTGCACGTCAATCCGA-1,donor2,6
donor2_GTGCACGTCGCGCTGA-1,donor2,3
donor2_GTGCACGTCGGACTTA-1,donor2,2
donor2_GTGCAGCAGCCGCTTG-1,donor2,5
donor2_GTGCAGCCATGGAACG-1,donor2,15
donor2_GTGCAGCGTACCTAAC-1,donor2,1
donor2_GTGCAGCGTAGAAACT-1,donor2,8
donor2_GTGCAGCGTAGCTAAA-1,donor2,4
donor2_GTGCAGCGTAGTCACT-1,donor2,1
donor2_GTGCAGCGTTTACTTC-1,donor2,2
donor2_GTGCAGCTCCACGGGT-1,donor2,15
donor2_GTGCAGCTCCTCATAT-1,donor2,5
donor2_GTGCAGCTCGCTTGAA-1,donor2,17
donor2_GTGCAGCTCTTCGTGC-1,donor2,3
donor2_GTGCGTGAGAATCCCT-1,donor2,3
donor2_GTGCGTGAGGCGCTTC-1,donor2,3
donor2_GTGCGTGAGGGAGTGG-1,donor2,5
donor2_GTGCGTGAGGTCATAA-1,donor2,21
donor2_GTGCGTGCACAACATC-1,donor2,3
donor2_GTGCGTGCACACCGAC-1,donor2,2
donor2_GTGCGTGCAGTCAGCC-1,donor2,8
donor2_GTGCGTGGTACATTGC-1,donor2,19
donor2_GTGCGTGGTATCGATC-1,donor2,16
donor2_GTGCGTGGTCTTCCGT-1,donor2,2
donor2_GTGCGTGGTGCCTTTC-1,donor2,4
donor2_GTGCGTGGTTCCAAAC-1,donor2,8
donor2_GTGCGTGGTTGCCAAT-1,donor2,17
donor2_GTGCGTGTCCGATAAC-1,donor2,3
donor2_GTGCGTGTCTCTCTTC-1,donor2,3
donor2_GTGCGTGTCTGGAAGG-1,donor2,21
donor2_GTGCTGGAGCCTATCA-1,donor2,21
donor2_GTGCTGGAGTCGCGAA-1,donor2,20
donor2_GTGCTGGCAACAGCCC-1,donor2,11
donor2_GTGCTGGCAACCACAT-1,donor2,4
donor2_GTGCTGGCAAGACCGA-1,donor2,2
donor2_GTGCTGGCAGCGGATA-1,donor2,0
donor2_GTGCTGGCAGTATACC-1,donor2,0
donor2_GTGCTGGCATGGCCAC-1,donor2,16
donor2_GTGCTGGGTGGTTCTA-1,donor2,18
donor2_GTGCTGGGTTTGTGGT-1,donor2,1
donor2_GTGCTGGTCTCCCATG-1,donor2,27
donor2_GTGCTGGTCTTACTGT-1,donor2,19
donor2_GTGCTTCAGAAACACT-1,donor2,19
donor2_GTGCTTCAGATGTTGA-1,donor2,0
donor2_GTGCTTCAGTACGTCT-1,donor2,3
donor2_GTGCTTCCAAGGACAC-1,donor2,16
donor2_GTGCTTCCAATCACGT-1,donor2,4
donor2_GTGCTTCCACGGCTAC-1,donor2,3
donor2_GTGCTTCCATAATGCC-1,donor2,4
donor2_GTGCTTCCATCTCCCA-1,donor2,3
donor2_GTGCTTCGTCCTGTTC-1,donor2,4
donor2_GTGCTTCGTGGCTGAA-1,donor2,23
donor2_GTGCTTCGTTGCCTAA-1,donor2,3
donor2_GTGCTTCTCACCCTCA-1,donor2,19
donor2_GTGCTTCTCTTGCAGA-1,donor2,16
donor2_GTGGAAGAGCGTATAA-1,donor2,15
donor2_GTGGAAGCAGAGATTA-1,donor2,17
donor2_GTGGAAGGTTCATCGA-1,donor2,3
donor2_GTGGAAGGTTTACACG-1,donor2,4
donor2_GTGGAAGTCACATACG-1,donor2,18
donor2_GTGGAAGTCAGCTTCC-1,donor2,1
donor2_GTGGAAGTCCACAAGT-1,donor2,24
donor2_GTGGAAGTCCTTATGT-1,donor2,17
donor2_GTGGAAGTCTCAGGCG-1,donor2,15
donor2_GTGGAGAAGACAAGCC-1,donor2,3
donor2_GTGGAGAAGAGCTGCA-1,donor2,15
donor2_GTGGAGAAGCAGGTCA-1,donor2,18
donor2_GTGGAGAAGCGCCCAT-1,donor2,2
donor2_GTGGAGAAGTTTGCTG-1,donor2,8
donor2_GTGGAGACAACTGAAA-1,donor2,19
donor2_GTGGAGACAGGATCTT-1,donor2,4
donor2_GTGGAGAGTGCAAGAC-1,donor2,0
donor2_GTGGAGAGTGGCTTGC-1,donor2,6
donor2_GTGGAGAGTTAAGCAA-1,donor2,17
donor2_GTGGAGAGTTCTATCT-1,donor2,18
donor2_GTGGAGATCAAAGCCT-1,donor2,8
donor2_GTGGAGATCAAATGCC-1,donor2,3
donor2_GTGGAGATCACTGTTT-1,donor2,21
donor2_GTGGAGATCCTGGCTT-1,donor2,2
donor2_GTGGAGATCTCTTCAA-1,donor2,20
donor2_GTGGAGATCTGAATCG-1,donor2,2
donor2_GTGGAGATCTGCAGCG-1,donor2,3
donor2_GTGGCGTAGTTTGGCT-1,donor2,17
donor2_GTGGCGTCAACTCCAA-1,donor2,8
donor2_GTGGCGTCAAGACCTT-1,donor2,19
donor2_GTGGCGTCAGCACAAG-1,donor2,0
donor2_GTGGCGTGTTACACAC-1,donor2,15
donor2_GTGGCGTGTTCCTAAG-1,donor2,3
donor2_GTGGCGTTCACTTCTA-1,donor2,2
donor2_GTGGCGTTCAGAGTGG-1,donor2,18
donor2_GTGGCGTTCATCGTAG-1,donor2,19
donor2_GTGGCGTTCGGCAGTC-1,donor2,5
donor2_GTGGGAAAGCCTGGAA-1,donor2,15
donor2_GTGGGAAAGGCCGCTT-1,donor2,6
donor2_GTGGGAAAGTAACCGG-1,donor2,16
donor2_GTGGGAAAGTTAACGA-1,donor2,21
donor2_GTGGGAAAGTTCCTGA-1,donor2,12
donor2_GTGGGAACAAGGTCTT-1,donor2,18
donor2_GTGGGAACAATTCTCT-1,donor2,8
donor2_GTGGGAACAGCATCTA-1,donor2,3
donor2_GTGGGAACAGCTGAAG-1,donor2,1
donor2_GTGGGAACAGGAATAT-1,donor2,8
donor2_GTGGGAACATAATCGC-1,donor2,18
donor2_GTGGGAACATGGAATA-1,donor2,0
donor2_GTGGGAAGTATCTCGA-1,donor2,3
donor2_GTGGGAAGTCAAGGCA-1,donor2,0
donor2_GTGGGAAGTCTCGGGT-1,donor2,18
donor2_GTGGGAAGTGGTAACG-1,donor2,3
donor2_GTGGGAATCCTCTCTT-1,donor2,19
donor2_GTGGGAATCTAGCCTC-1,donor2,12
donor2_GTGGTTAAGCCGTTGC-1,donor2,18
donor2_GTGGTTAAGGGAGTGG-1,donor2,15
donor2_GTGGTTAAGGTCTTTG-1,donor2,21
donor2_GTGGTTAAGTAGAGTT-1,donor2,17
donor2_GTGGTTACAAGAGATT-1,donor2,26
donor2_GTGGTTAGTACGATCT-1,donor2,21
donor2_GTGGTTAGTGTGAATA-1,donor2,17
donor2_GTGGTTATCAGACAAA-1,donor2,21
donor2_GTGGTTATCCGTGGGT-1,donor2,1
donor2_GTGGTTATCGCTACAA-1,donor2,18
donor2_GTGGTTATCGGCAGTC-1,donor2,0
donor2_GTGGTTATCGTAACCA-1,donor2,1
donor2_GTGGTTATCTTGGTCC-1,donor2,4
donor2_GTGTAACAGACTACGG-1,donor2,2
donor2_GTGTAACAGCCTGCCA-1,donor2,3
donor2_GTGTAACAGGCTCACC-1,donor2,3
donor2_GTGTAACCAATTTCTC-1,donor2,3
donor2_GTGTAACCACATTGTG-1,donor2,0
donor2_GTGTAACCACCGTGGT-1,donor2,15
donor2_GTGTAACCACCTGTCT-1,donor2,0
donor2_GTGTAACCACGCGTGT-1,donor2,15
donor2_GTGTAACCAGAGTCAG-1,donor2,17
donor2_GTGTAACGTTGACTAC-1,donor2,2
donor2_GTGTAACGTTGCGGCT-1,donor2,1
donor2_GTGTAACTCAGGTGTT-1,donor2,5
donor2_GTGTAACTCATTATCC-1,donor2,19
donor2_GTGTCCTAGGACACTG-1,donor2,19
donor2_GTGTCCTAGTGATAAC-1,donor2,27
donor2_GTGTCCTAGTGTCATC-1,donor2,6
donor2_GTGTCCTAGTTGAAAC-1,donor2,15
donor2_GTGTCCTCACGCCAGT-1,donor2,19
donor2_GTGTCCTCACTATCCC-1,donor2,18
donor2_GTGTCCTCATCAACCA-1,donor2,15
donor2_GTGTCCTGTACGGCAA-1,donor2,21
donor2_GTGTCCTGTCAAGGCA-1,donor2,1
donor2_GTGTCCTGTGAGTGAC-1,donor2,22
donor2_GTGTCCTGTGTTGACT-1,donor2,16
donor2_GTGTCCTGTGTTTACG-1,donor2,2
donor2_GTGTCCTGTTAGCTAC-1,donor2,8
donor2_GTGTCCTTCGAGGCAA-1,donor2,18
donor2_GTGTCCTTCTCATGCC-1,donor2,3
donor2_GTGTCCTTCTGTCTCG-1,donor2,2
donor2_GTGTGATAGATGACAT-1,donor2,3
donor2_GTGTGATAGTGCAGGT-1,donor2,18
donor2_GTGTGATCAAGATTGA-1,donor2,8
donor2_GTGTGATCAGCGTATT-1,donor2,18
donor2_GTGTGATGTAGCTGAG-1,donor2,15
donor2_GTGTGATGTCCAGTTA-1,donor2,2
donor2_GTGTGATGTCCGGTCA-1,donor2,12
donor2_GTGTGATGTCGCTCGA-1,donor2,8
donor2_GTGTGATTCATGGCCG-1,donor2,1
donor2_GTGTGATTCCAATGCA-1,donor2,2
donor2_GTGTGATTCCCTCATG-1,donor2,0
donor2_GTGTGATTCCGAAATC-1,donor2,1
donor2_GTGTGATTCCGCGGAT-1,donor2,4
donor2_GTGTGATTCTCGACCT-1,donor2,0
donor2_GTGTGGCAGAACTTCC-1,donor2,17
donor2_GTGTGGCAGACGCTCC-1,donor2,18
donor2_GTGTGGCAGCGACTAG-1,donor2,12
donor2_GTGTGGCAGGAACTCG-1,donor2,12
donor2_GTGTGGCAGGCCTTGC-1,donor2,17
donor2_GTGTGGCAGGTCCTGC-1,donor2,5
donor2_GTGTGGCCAGAAGTGC-1,donor2,16
donor2_GTGTGGCCAGCTTCGG-1,donor2,8
donor2_GTGTGGCCATGCAGGA-1,donor2,3
donor2_GTGTGGCGTCATGCAT-1,donor2,4
donor2_GTGTGGCGTCCTGTCT-1,donor2,2
donor2_GTGTGGCGTTGCATGT-1,donor2,6
donor2_GTGTGGCGTTTGTTCT-1,donor2,17
donor2_GTGTGGCTCAAACCTG-1,donor2,4
donor2_GTGTTAGAGGTGCCTC-1,donor2,21
donor2_GTGTTAGCAGTTTCGA-1,donor2,2
donor2_GTGTTAGGTAGTGGCA-1,donor2,16
donor2_GTGTTAGGTGAGCAGT-1,donor2,3
donor2_GTGTTAGGTGATACTC-1,donor2,21
donor2_GTGTTAGGTGCTTATG-1,donor2,19
donor2_GTGTTAGGTGGTGATG-1,donor2,17
donor2_GTGTTAGTCGATACAC-1,donor2,17
donor2_GTGTTAGTCGTAGAGG-1,donor2,4
donor2_GTGTTCCAGAGCCATG-1,donor2,16
donor2_GTGTTCCAGAGGGTAA-1,donor2,0
donor2_GTGTTCCAGATGGCAC-1,donor2,0
donor2_GTGTTCCAGATTGACA-1,donor2,21
donor2_GTGTTCCAGGTGATCG-1,donor2,17
donor2_GTGTTCCAGTGTTCAC-1,donor2,3
donor2_GTGTTCCCACAGCTGC-1,donor2,0
donor2_GTGTTCCCAGTTTCAG-1,donor2,19
donor2_GTGTTCCCATCGATCA-1,donor2,26
donor2_GTGTTCCGTAGTCGTT-1,donor2,0
donor2_GTGTTCCGTCGGAAAC-1,donor2,19
donor2_GTGTTCCGTTCCTTGC-1,donor2,1
donor2_GTGTTCCGTTGCGGAA-1,donor2,3
donor2_GTGTTCCTCAATCTTC-1,donor2,2
donor2_GTGTTCCTCATCTGTT-1,donor2,16
donor2_GTGTTCCTCCCGAACG-1,donor2,2
donor2_GTGTTCCTCCGTGTAA-1,donor2,4
donor2_GTTACAGAGCCATGCC-1,donor2,15
donor2_GTTACAGAGCGAACTG-1,donor2,1
donor2_GTTACAGAGCTCGAAG-1,donor2,18
donor2_GTTACAGCACAGTATC-1,donor2,1
donor2_GTTACAGCACATTACG-1,donor2,3
donor2_GTTACAGCACCAAAGG-1,donor2,17
donor2_GTTACAGCACTACACA-1,donor2,19
donor2_GTTACAGCACTCCGGA-1,donor2,8
donor2_GTTACAGCAGATTTCG-1,donor2,16
donor2_GTTACAGGTGATTCAC-1,donor2,15
donor2_GTTACAGTCCCAAGCG-1,donor2,2
donor2_GTTACAGTCCTCACGT-1,donor2,6
donor2_GTTACAGTCTTCGGTC-1,donor2,17
donor2_GTTACCCAGACTCGAG-1,donor2,1
donor2_GTTACCCAGTCTGGAG-1,donor2,18
donor2_GTTACCCAGTGGAATT-1,donor2,1
donor2_GTTACCCCAAAGCTAA-1,donor2,4
donor2_GTTACCCCACCAGCTG-1,donor2,19
donor2_GTTACCCCATTCGATG-1,donor2,8
donor2_GTTACCCGTACCCAGC-1,donor2,3
donor2_GTTACCCGTACTTGTG-1,donor2,18
donor2_GTTACCCGTATTAAGG-1,donor2,2
donor2_GTTACCCTCCCTCTCC-1,donor2,3
donor2_GTTACCCTCCGAGGCT-1,donor2,2
donor2_GTTACCCTCGCATAGT-1,donor2,1
donor2_GTTACCCTCTATTTCG-1,donor2,17
donor2_GTTACCCTCTGGTTGA-1,donor2,21
donor2_GTTACGACAACGGCCT-1,donor2,15
donor2_GTTACGACAAGGCCTC-1,donor2,18
donor2_GTTACGACAGATTTCG-1,donor2,17
donor2_GTTACGACAGCCCAGT-1,donor2,21
donor2_GTTACGACAGTAGTGG-1,donor2,15
donor2_GTTACGACATGACGTT-1,donor2,17
donor2_GTTACGAGTGGTGATG-1,donor2,19
donor2_GTTACGATCCATATGG-1,donor2,2
donor2_GTTACGATCCTAAGTG-1,donor2,17
donor2_GTTACGATCTCGGTAA-1,donor2,15
donor2_GTTAGACAGATACTGA-1,donor2,0
donor2_GTTAGACAGCCTCTGG-1,donor2,3
donor2_GTTAGACAGGCGATAC-1,donor2,17
donor2_GTTAGACAGTCCGCGT-1,donor2,0
donor2_GTTAGACCAAGGACAC-1,donor2,2
donor2_GTTAGACCACCAACAT-1,donor2,16
donor2_GTTAGACCACGCGTCA-1,donor2,2
donor2_GTTAGACCAGCGCGTT-1,donor2,5
donor2_GTTAGACCAGGGCTTC-1,donor2,3
donor2_GTTAGACGTACTGTTG-1,donor2,19
donor2_GTTAGACGTCCGTTTC-1,donor2,18
donor2_GTTAGACGTGAGTTGG-1,donor2,2
donor2_GTTAGACGTGTGTTTG-1,donor2,0
donor2_GTTAGACGTGTTCGAT-1,donor2,16
donor2_GTTAGACGTTCGGCTG-1,donor2,0
donor2_GTTAGACTCAGTCATG-1,donor2,8
donor2_GTTAGACTCCAATCCC-1,donor2,1
donor2_GTTAGACTCGCGCTGA-1,donor2,6
donor2_GTTAGTGAGAGCAGCT-1,donor2,20
donor2_GTTAGTGAGAGTCTGG-1,donor2,3
donor2_GTTAGTGAGCAACAAT-1,donor2,2
donor2_GTTAGTGAGCGCCTCA-1,donor2,2
donor2_GTTAGTGAGCTAAACA-1,donor2,19
donor2_GTTAGTGCAATACGAA-1,donor2,15
donor2_GTTAGTGCAATTGAGA-1,donor2,15
donor2_GTTAGTGCACAATGTC-1,donor2,1
donor2_GTTAGTGCATGAATCC-1,donor2,18
donor2_GTTAGTGGTACGTGAG-1,donor2,4
donor2_GTTAGTGGTCCTGGTG-1,donor2,6
donor2_GTTAGTGGTTCCGCTT-1,donor2,8
donor2_GTTAGTGGTTGCATAC-1,donor2,2
donor2_GTTAGTGTCACTGAAC-1,donor2,17
donor2_GTTAGTGTCGGTTGTA-1,donor2,16
donor2_GTTAGTGTCTCCTGAC-1,donor2,0
donor2_GTTATGGAGCGCATCC-1,donor2,0
donor2_GTTATGGCAGCTGTCG-1,donor2,18
donor2_GTTATGGCAGGACATG-1,donor2,17
donor2_GTTATGGCATAGACTC-1,donor2,8
donor2_GTTATGGCATCGGATT-1,donor2,4
donor2_GTTATGGGTACTCCGG-1,donor2,2
donor2_GTTATGGGTAGACTGG-1,donor2,3
donor2_GTTATGGGTCCTCATC-1,donor2,1
donor2_GTTATGGGTTCAACGT-1,donor2,5
donor2_GTTATGGGTTTCCAAG-1,donor2,4
donor2_GTTATGGTCGACGCTG-1,donor2,19
donor2_GTTATGGTCGAGGCAA-1,donor2,2
donor2_GTTATGGTCGGACTTA-1,donor2,18
donor2_GTTCATTAGCCAAGGT-1,donor2,8
donor2_GTTCATTAGGCTTTCA-1,donor2,5
donor2_GTTCATTCACGATTCA-1,donor2,8
donor2_GTTCATTCAGCGTATT-1,donor2,16
donor2_GTTCATTCATGCAGCC-1,donor2,1
donor2_GTTCATTGTGATACTC-1,donor2,17
donor2_GTTCATTTCAATCTCT-1,donor2,17
donor2_GTTCATTTCAGCTGAT-1,donor2,3
donor2_GTTCATTTCTTGGGCG-1,donor2,19
donor2_GTTCATTTCTTTGCGC-1,donor2,8
donor2_GTTCCGTAGACACACG-1,donor2,3
donor2_GTTCCGTAGCCTAACT-1,donor2,19
donor2_GTTCCGTCAGAGGCTA-1,donor2,0
donor2_GTTCCGTGTATCGATC-1,donor2,19
donor2_GTTCCGTGTCACTTCC-1,donor2,8
donor2_GTTCCGTTCAAAGAAC-1,donor2,4
donor2_GTTCCGTTCCACCTGT-1,donor2,3
donor2_GTTCCGTTCCCTAGGG-1,donor2,19
donor2_GTTCGCTAGACTTGTC-1,donor2,0
donor2_GTTCGCTAGATACTGA-1,donor2,18
donor2_GTTCGCTAGGACAACC-1,donor2,16
donor2_GTTCGCTAGGATTACA-1,donor2,0
donor2_GTTCGCTAGGGAGGGT-1,donor2,8
donor2_GTTCGCTCAAGCGATG-1,donor2,2
donor2_GTTCGCTCACACGCCA-1,donor2,20
donor2_GTTCGCTCACGGCACT-1,donor2,17
donor2_GTTCGCTCAGAACTCT-1,donor2,1
donor2_GTTCGCTCATGACAGG-1,donor2,16
donor2_GTTCGCTGTATGACAA-1,donor2,2
donor2_GTTCGCTGTGAAGCTG-1,donor2,2
donor2_GTTCGCTGTGACTGTT-1,donor2,20
donor2_GTTCGCTGTTTACGTG-1,donor2,17
donor2_GTTCGCTTCGAGTTGT-1,donor2,0
donor2_GTTCGCTTCGTCTACC-1,donor2,18
donor2_GTTCGCTTCTGGCCTT-1,donor2,18
donor2_GTTCTATAGCAAGTGC-1,donor2,16
donor2_GTTCTATAGTGCCCGT-1,donor2,3
donor2_GTTCTATCAAAGCAAT-1,donor2,8
donor2_GTTCTATCACTCCGGA-1,donor2,3
donor2_GTTCTATCATCTTAGG-1,donor2,2
donor2_GTTCTATCATGAGATA-1,donor2,21
donor2_GTTCTATCATGAGGGT-1,donor2,19
donor2_GTTCTATGTATGTCAC-1,donor2,15
donor2_GTTCTATGTCTGCAAT-1,donor2,17
donor2_GTTCTATTCCCATACC-1,donor2,18
donor2_GTTCTATTCGGTCACG-1,donor2,0
donor2_GTTCTATTCGTTAGAC-1,donor2,20
donor2_GTTCTATTCTCCCATG-1,donor2,27
donor2_GTTGAACAGAGGCCAT-1,donor2,12
donor2_GTTGAACAGCCATTCA-1,donor2,17
donor2_GTTGAACAGCTGAGCA-1,donor2,21
donor2_GTTGAACAGGAAGTGA-1,donor2,2
donor2_GTTGAACAGGACTATA-1,donor2,18
donor2_GTTGAACAGGTTCATC-1,donor2,3
donor2_GTTGAACAGTATGAGT-1,donor2,17
donor2_GTTGAACCAGCATACT-1,donor2,6
donor2_GTTGAACCAGCCTTCT-1,donor2,19
donor2_GTTGAACCAGCTTCCT-1,donor2,3
donor2_GTTGAACCATCCGATA-1,donor2,0
donor2_GTTGAACGTACACTCA-1,donor2,15
donor2_GTTGAACGTATGGTTC-1,donor2,15
donor2_GTTGAACGTGTCATGT-1,donor2,18
donor2_GTTGAACGTTACGATC-1,donor2,3
donor2_GTTGAACTCAAGGAGC-1,donor2,21
donor2_GTTGAACTCAAGGTGG-1,donor2,15
donor2_GTTGAACTCATCACTT-1,donor2,17
donor2_GTTGAACTCCTTCTTC-1,donor2,3
donor2_GTTGAACTCGAAGTGG-1,donor2,8
donor2_GTTGAACTCGAGTGAG-1,donor2,20
donor2_GTTGAACTCTAGTCAG-1,donor2,2
donor2_GTTGAACTCTGCACCT-1,donor2,7
donor2_GTTGCGGAGAAGTCCG-1,donor2,18
donor2_GTTGCGGAGAATCGTA-1,donor2,8
donor2_GTTGCGGAGACCGCCT-1,donor2,2
donor2_GTTGCGGAGCTTCATG-1,donor2,3
donor2_GTTGCGGAGGCTTAAA-1,donor2,2
donor2_GTTGCGGCACAGCATT-1,donor2,18
donor2_GTTGCGGCAGAGTCAG-1,donor2,2
donor2_GTTGCGGGTATGCAAA-1,donor2,19
donor2_GTTGCGGGTTGATCGT-1,donor2,8
donor2_GTTGCGGGTTTGTGGT-1,donor2,15
donor2_GTTGCGGTCACCTCTG-1,donor2,1
donor2_GTTGCGGTCTATTCGT-1,donor2,1
donor2_GTTGCTCAGAGTCCGA-1,donor2,1
donor2_GTTGCTCAGCAACAGC-1,donor2,8
donor2_GTTGCTCAGCCAGAGT-1,donor2,2
donor2_GTTGCTCAGCTAAATG-1,donor2,18
donor2_GTTGCTCCAATAGTGA-1,donor2,2
donor2_GTTGCTCCACTCGATA-1,donor2,17
donor2_GTTGCTCCAGACAAGC-1,donor2,19
donor2_GTTGCTCCAGATCCAT-1,donor2,3
donor2_GTTGCTCCAGCTGTAT-1,donor2,4
donor2_GTTGCTCCAGGAGGTT-1,donor2,19
donor2_GTTGCTCCATGGCACC-1,donor2,4
donor2_GTTGCTCCATGTGGTT-1,donor2,21
donor2_GTTGCTCGTATCTCGA-1,donor2,3
donor2_GTTGCTCGTTCTAAGC-1,donor2,18
donor2_GTTGCTCTCACATTGG-1,donor2,2
donor2_GTTGCTCTCCTCTCTT-1,donor2,17
donor2_GTTGTAGAGAACGTGC-1,donor2,18
donor2_GTTGTAGAGAGGGTAA-1,donor2,16
donor2_GTTGTAGAGCTTAGTC-1,donor2,17
donor2_GTTGTAGAGGAGTATT-1,donor2,17
donor2_GTTGTAGAGTGGCAGT-1,donor2,15
donor2_GTTGTAGCAGCACAAG-1,donor2,6
donor2_GTTGTAGGTACCCAGC-1,donor2,6
donor2_GTTGTAGGTGGACTGA-1,donor2,4
donor2_GTTGTCCAGCATGATA-1,donor2,21
donor2_GTTGTCCAGCGCAATG-1,donor2,6
donor2_GTTGTCCCAGCTACTA-1,donor2,8
donor2_GTTGTCCCAGCTGTAT-1,donor2,0
donor2_GTTGTCCCAGGTCTCG-1,donor2,3
donor2_GTTGTCCCATGCACTA-1,donor2,21
donor2_GTTGTCCGTCTACAAC-1,donor2,15
donor2_GTTGTCCGTCTCGGAC-1,donor2,2
donor2_GTTGTCCGTGTAAACA-1,donor2,1
donor2_GTTGTCCGTTGTGTAC-1,donor2,2
donor2_GTTGTCCTCATGGCCG-1,donor2,4
donor2_GTTGTCCTCCGATCGG-1,donor2,21
donor2_GTTGTCCTCGTGCATA-1,donor2,1
donor2_GTTGTCCTCTACTATC-1,donor2,18
donor2_GTTGTGAAGATGTTGA-1,donor2,3
donor2_GTTGTGAAGCAATTAG-1,donor2,12
donor2_GTTGTGAAGCGTGCTC-1,donor2,18
donor2_GTTGTGAAGTAACCTC-1,donor2,2
donor2_GTTGTGAAGTTGGAGC-1,donor2,4
donor2_GTTGTGACAAATCAAG-1,donor2,20
donor2_GTTGTGACACGCGTCA-1,donor2,1
donor2_GTTGTGAGTGTCCAAT-1,donor2,18
donor2_GTTGTGATCAACGAGG-1,donor2,2
donor2_GTTGTGATCATGCATG-1,donor2,20
donor2_GTTGTGATCCACGTGG-1,donor2,3
donor2_GTTGTGATCCCTCATG-1,donor2,0
donor2_GTTGTGATCCGTTTCG-1,donor2,21
donor2_GTTGTGATCGTGCACG-1,donor2,19
donor2_GTTTACTAGACATAGT-1,donor2,0
donor2_GTTTACTAGAGGTATT-1,donor2,3
donor2_GTTTACTAGGAGCAAA-1,donor2,18
donor2_GTTTACTCAAATGGTA-1,donor2,0
donor2_GTTTACTCAAGAGCTG-1,donor2,5
donor2_GTTTACTCAGAACATA-1,donor2,12
donor2_GTTTACTGTAACGATA-1,donor2,18
donor2_GTTTACTGTACGTTCA-1,donor2,5
donor2_GTTTACTGTTAGCTAC-1,donor2,17
donor2_GTTTACTGTTCCAAAC-1,donor2,3
donor2_GTTTACTGTTGGGAAC-1,donor2,5
donor2_GTTTACTTCAAGTTGC-1,donor2,15
donor2_GTTTACTTCATCGCCT-1,donor2,15
donor2_GTTTACTTCTTCGATT-1,donor2,2
donor2_GTTTGGAAGCAGGCAT-1,donor2,17
donor2_GTTTGGAAGTAAACGT-1,donor2,0
donor2_GTTTGGAAGTACGAGC-1,donor2,15
donor2_GTTTGGAAGTATGATG-1,donor2,2
donor2_GTTTGGAAGTGGATAT-1,donor2,18
donor2_GTTTGGACAAATTAGG-1,donor2,5
donor2_GTTTGGACAGGTCCGT-1,donor2,2
donor2_GTTTGGACAGTTCTAG-1,donor2,17
donor2_GTTTGGACATAACTCG-1,donor2,27
donor2_GTTTGGAGTTCGTAAC-1,donor2,1
donor2_GTTTGGAGTTCTTCAT-1,donor2,0
donor2_GTTTGGATCTACTATC-1,donor2,15
donor2_TAACACGAGACCGTTT-1,donor2,4
donor2_TAACACGAGATCCAAA-1,donor2,0
donor2_TAACACGAGCTACTGT-1,donor2,0
donor2_TAACACGCAAAGTGTA-1,donor2,8
donor2_TAACACGCAAGATGTA-1,donor2,2
donor2_TAACACGCAGTTGAAA-1,donor2,1
donor2_TAACACGGTCACCACG-1,donor2,19
donor2_TAACACGGTCGTCGGT-1,donor2,1
donor2_TAACACGGTGACATCT-1,donor2,16
donor2_TAACACGTCAAGGACG-1,donor2,16
donor2_TAACACGTCAATCAGC-1,donor2,18
donor2_TAACACGTCACCGGGT-1,donor2,1
donor2_TAACACGTCCATAGAC-1,donor2,15
donor2_TAACACGTCGCCGAAC-1,donor2,17
donor2_TAACACGTCGCCGTGA-1,donor2,18
donor2_TAACCAGAGCCTCAGC-1,donor2,25
donor2_TAACCAGAGTAGAGTT-1,donor2,2
donor2_TAACCAGCAAAGCTCT-1,donor2,21
donor2_TAACCAGCAACGCATT-1,donor2,15
donor2_TAACCAGGTCTCGACG-1,donor2,18
donor2_TAACCAGGTTAGGGTG-1,donor2,3
donor2_TAACCAGGTTTCCATT-1,donor2,0
donor2_TAACCAGTCACGAACT-1,donor2,18
donor2_TAACCAGTCAGATTGC-1,donor2,17
donor2_TAACCAGTCATTTGCT-1,donor2,4
donor2_TAACCAGTCCCTAGGG-1,donor2,8
donor2_TAACCAGTCGGTCTAA-1,donor2,5
donor2_TAACCAGTCTGAGAGG-1,donor2,2
donor2_TAACCAGTCTTGCAGA-1,donor2,17
donor2_TAACGACAGAAACACT-1,donor2,4
donor2_TAACGACAGAGGATGA-1,donor2,3
donor2_TAACGACAGGACGCTA-1,donor2,2
donor2_TAACGACAGTCATGGG-1,donor2,17
donor2_TAACGACCACGCGGTT-1,donor2,20
donor2_TAACGACCAGGCTACC-1,donor2,8
donor2_TAACGACCATAATCGC-1,donor2,19
donor2_TAACGACCATCGGAAG-1,donor2,15
donor2_TAACGACGTAGCGCCT-1,donor2,2
donor2_TAACGACGTATTGGCT-1,donor2,4
donor2_TAACGACGTGAGGAAA-1,donor2,8
donor2_TAACGACGTTCGTTCC-1,donor2,3
donor2_TAACGACGTTCTCCCA-1,donor2,19
donor2_TAACGACGTTTCGGCG-1,donor2,19
donor2_TAACGACTCGCCTAGG-1,donor2,5
donor2_TAACGACTCTTCCAGC-1,donor2,8
donor2_TAACTTCGTCCAATCA-1,donor2,8
donor2_TAACTTCGTCCTGTTC-1,donor2,4
donor2_TAACTTCGTTACAGCT-1,donor2,5
donor2_TAACTTCGTTGCATTG-1,donor2,17
donor2_TAACTTCTCATCGCAA-1,donor2,18
donor2_TAACTTCTCCATCTAT-1,donor2,17
donor2_TAACTTCTCGTTACCC-1,donor2,2
donor2_TAACTTCTCTTTGCTA-1,donor2,0
donor2_TAAGCACAGATTGAGT-1,donor2,2
donor2_TAAGCACAGGCACCAA-1,donor2,2
donor2_TAAGCACAGGCATGGT-1,donor2,2
donor2_TAAGCACCAATGGCCC-1,donor2,2
donor2_TAAGCACGTCAACACT-1,donor2,17
donor2_TAAGCACGTCCAGCAC-1,donor2,19
donor2_TAAGCACGTTCAAACC-1,donor2,4
donor2_TAAGCACTCCAGGACC-1,donor2,2
donor2_TAAGCACTCCGGCAAC-1,donor2,19
donor2_TAAGCCAAGAAAGCGA-1,donor2,20
donor2_TAAGCCAAGCTCTATG-1,donor2,16
donor2_TAAGCCAAGTGCAAAT-1,donor2,19
donor2_TAAGCCACACGCTGAC-1,donor2,18
donor2_TAAGCCAGTAGGCAAC-1,donor2,3
donor2_TAAGCCAGTCACTCAA-1,donor2,1
donor2_TAAGCCAGTCTGTAAC-1,donor2,18
donor2_TAAGCCAGTTCTTGCC-1,donor2,17
donor2_TAAGCCATCCGATAGT-1,donor2,19
donor2_TAAGCCATCCGTACGG-1,donor2,16
donor2_TAAGCCATCCTAACAG-1,donor2,18
donor2_TAAGCCATCGATGCAT-1,donor2,18
donor2_TAAGCCATCTCCTGTG-1,donor2,15
donor2_TAAGCGTAGAGTCAGC-1,donor2,4
donor2_TAAGCGTAGCCTTCTC-1,donor2,2
donor2_TAAGCGTAGGTCACCC-1,donor2,21
donor2_TAAGCGTAGTTCCGTA-1,donor2,3
donor2_TAAGCGTCATACTTTC-1,donor2,4
donor2_TAAGCGTCATGACGTT-1,donor2,2
donor2_TAAGCGTCATGTAACC-1,donor2,2
donor2_TAAGCGTGTACGATGG-1,donor2,2
donor2_TAAGCGTGTCGGAAAC-1,donor2,4
donor2_TAAGCGTGTGATACTC-1,donor2,8
donor2_TAAGCGTTCACTACGA-1,donor2,2
donor2_TAAGCGTTCACTGTCC-1,donor2,8
donor2_TAAGCGTTCAGCCTTC-1,donor2,5
donor2_TAAGCGTTCTTAATCC-1,donor2,18
donor2_TAAGTCGAGGAATGTT-1,donor2,3
donor2_TAAGTCGAGTAGCATA-1,donor2,19
donor2_TAAGTCGAGTCGTTAC-1,donor2,6
donor2_TAAGTCGAGTGTAGAT-1,donor2,16
donor2_TAAGTCGAGTTTGGCT-1,donor2,8
donor2_TAAGTCGCACAAAGCG-1,donor2,15
donor2_TAAGTCGCACCCTGTT-1,donor2,19
donor2_TAAGTCGCACGACTAT-1,donor2,4
donor2_TAAGTCGCACTACAGT-1,donor2,16
donor2_TAAGTCGCAGGCAATG-1,donor2,1
donor2_TAAGTCGCAGTTAGAA-1,donor2,0
donor2_TAAGTCGGTATCGATC-1,donor2,19
donor2_TAAGTCGGTGAATAAC-1,donor2,3
donor2_TAAGTCGTCAAGAGGC-1,donor2,16
donor2_TAAGTCGTCGTAGCCG-1,donor2,3
donor2_TAATCTCAGGAACGCT-1,donor2,18
donor2_TAATCTCAGGTAGTCG-1,donor2,18
donor2_TAATCTCCAGTGTGCC-1,donor2,0
donor2_TAATCTCGTGTTCATG-1,donor2,3
donor2_TAATCTCGTTCGTACA-1,donor2,17
donor2_TAATCTCTCACAGTGT-1,donor2,17
donor2_TAATCTCTCCGGCAAC-1,donor2,2
donor2_TAATCTCTCCTTGGAA-1,donor2,16
donor2_TAATCTCTCGGCTCTT-1,donor2,27
donor2_TAATTCCAGAATAGTC-1,donor2,3
donor2_TAATTCCAGAGGCCAT-1,donor2,18
donor2_TAATTCCAGGCAGTCA-1,donor2,3
donor2_TAATTCCAGGTACAGC-1,donor2,15
donor2_TAATTCCCAAGCCTGC-1,donor2,2
donor2_TAATTCCCAGCACGAA-1,donor2,2
donor2_TAATTCCCATTACTCT-1,donor2,27
donor2_TAATTCCGTCACTAGT-1,donor2,18
donor2_TAATTCCGTCCGCAGT-1,donor2,4
donor2_TAATTCCGTGGGAGAG-1,donor2,3
donor2_TAATTCCTCCGCGGAT-1,donor2,3
donor2_TAATTCCTCTCACCCA-1,donor2,3
donor2_TACAACGAGAAGGATG-1,donor2,5
donor2_TACAACGAGAGCATCG-1,donor2,2
donor2_TACAACGAGCTGAAGC-1,donor2,12
donor2_TACAACGAGTTGCCTA-1,donor2,0
donor2_TACAACGCAAGTCCAT-1,donor2,18
donor2_TACAACGCAGGGAGAG-1,donor2,2
donor2_TACAACGCAGTTGTCA-1,donor2,17
donor2_TACAACGGTGACACAG-1,donor2,3
donor2_TACAACGGTTGCCATA-1,donor2,1
donor2_TACACCCAGCTTTCTT-1,donor2,2
donor2_TACACCCAGGGACTGT-1,donor2,0
donor2_TACACCCAGTGCGTCC-1,donor2,17
donor2_TACACCCGTTCGGCTG-1,donor2,4
donor2_TACACCCTCCGATAAC-1,donor2,8
donor2_TACAGGTAGATACATG-1,donor2,4
donor2_TACAGGTAGCCAAGTG-1,donor2,17
donor2_TACAGGTAGCGTTCCG-1,donor2,17
donor2_TACAGGTAGGTTTACC-1,donor2,3
donor2_TACAGGTCACACCGCA-1,donor2,6
donor2_TACAGGTCACTAACCA-1,donor2,4
donor2_TACAGGTCACTACTTT-1,donor2,15
donor2_TACAGGTCAGAGGCAT-1,donor2,8
donor2_TACAGGTCATTAAGCC-1,donor2,15
donor2_TACAGGTGTAAGCAAT-1,donor2,4
donor2_TACAGGTGTATTGCCA-1,donor2,19
donor2_TACAGGTGTGGACCTC-1,donor2,21
donor2_TACAGGTTCGCAACAT-1,donor2,4
donor2_TACAGGTTCTTGAGCA-1,donor2,4
donor2_TACATTCAGACCAACG-1,donor2,15
donor2_TACATTCAGACCGTTT-1,donor2,15
donor2_TACATTCAGACTGTTC-1,donor2,19
donor2_TACATTCAGCCATTCA-1,donor2,3
donor2_TACATTCAGCTGTCCG-1,donor2,1
donor2_TACATTCCAACATACC-1,donor2,8
donor2_TACATTCCAATAACCC-1,donor2,2
donor2_TACATTCGTAAGAACT-1,donor2,2
donor2_TACATTCTCAGGAAGC-1,donor2,3
donor2_TACATTCTCTTTCGAT-1,donor2,15
donor2_TACCCACAGACAGCTG-1,donor2,17
donor2_TACCCACAGCATTTGC-1,donor2,4
donor2_TACCCACAGCTTAGTC-1,donor2,3
donor2_TACCCACAGGTCATAA-1,donor2,18
donor2_TACCCACAGTATGAAC-1,donor2,26
donor2_TACCCACCAACTCCCT-1,donor2,15
donor2_TACCCACCAACTGAAA-1,donor2,2
donor2_TACCCACCATCAGTCA-1,donor2,4
donor2_TACCCACGTATCAAGA-1,donor2,15
donor2_TACCCACGTCAACCAT-1,donor2,15
donor2_TACCCACGTCGAGCAA-1,donor2,2
donor2_TACCCACTCAAGGACG-1,donor2,15
donor2_TACCCACTCCATTTCA-1,donor2,16
donor2_TACCCACTCGGACTGC-1,donor2,8
donor2_TACCCACTCGTGCAGC-1,donor2,3
donor2_TACCCACTCGTTGCCT-1,donor2,15
donor2_TACCCACTCGTTGTGA-1,donor2,17
donor2_TACCCACTCTGTCGTC-1,donor2,18
donor2_TACCCACTCTTAGCCC-1,donor2,27
donor2_TACCCGTAGCTCGAAG-1,donor2,2
donor2_TACCCGTAGGATATAC-1,donor2,15
donor2_TACCCGTCACACGGAA-1,donor2,3
donor2_TACCCGTCAGGTTCGC-1,donor2,19
donor2_TACCCGTCATATCTCT-1,donor2,16
donor2_TACCCGTGTATGTGTC-1,donor2,3
donor2_TACCCGTGTCCCGTGA-1,donor2,1
donor2_TACCCGTGTGTAGGAC-1,donor2,3
donor2_TACCCGTGTTGTCTAG-1,donor2,5
donor2_TACCCGTTCAGACCCG-1,donor2,17
donor2_TACCCGTTCGAACCAT-1,donor2,16
donor2_TACCCGTTCGACCAAT-1,donor2,22
donor2_TACCCGTTCTAGACAC-1,donor2,2
donor2_TACCCGTTCTATGTGG-1,donor2,7
donor2_TACCGAAAGCATCAGG-1,donor2,17
donor2_TACCGAAAGTTGCTGT-1,donor2,19
donor2_TACCGAAAGTTTAGGA-1,donor2,16
donor2_TACCGAACACATTCTT-1,donor2,2
donor2_TACCGAACACCACATA-1,donor2,2
donor2_TACCGAACACCTGCTT-1,donor2,0
donor2_TACCGAAGTACAACGG-1,donor2,20
donor2_TACCGAAGTCGCCACA-1,donor2,18
donor2_TACCGAAGTGACAGCA-1,donor2,19
donor2_TACCGAAGTGTCACAT-1,donor2,2
donor2_TACCGAAGTTGCAAGG-1,donor2,1
donor2_TACCGAATCATTTCGT-1,donor2,12
donor2_TACCGAATCTGTGTGA-1,donor2,2
donor2_TACCGAATCTTCACGC-1,donor2,2
donor2_TACCGAATCTTCTTCC-1,donor2,16
donor2_TACCGGGAGCGCTGCT-1,donor2,3
donor2_TACCGGGAGCTAATCC-1,donor2,21
donor2_TACCGGGAGGCAGGGA-1,donor2,3
donor2_TACCGGGAGTACAGCG-1,donor2,19
donor2_TACCGGGAGTTGTAGA-1,donor2,2
donor2_TACCGGGCAACACGTT-1,donor2,18
donor2_TACCGGGCAACAGAGC-1,donor2,17
donor2_TACCGGGCACAATCTG-1,donor2,19
donor2_TACCGGGCAGAGGCTA-1,donor2,21
donor2_TACCGGGCAGCCTATA-1,donor2,17
donor2_TACCGGGCAGGTCCCA-1,donor2,3
donor2_TACCGGGCATACACCA-1,donor2,3
donor2_TACCGGGGTAGAATGT-1,donor2,6
donor2_TACCGGGGTATACGGG-1,donor2,1
donor2_TACCGGGGTCGTTGGC-1,donor2,2
donor2_TACCGGGGTTGTATGC-1,donor2,16
donor2_TACCTCGAGATTCGAA-1,donor2,17
donor2_TACCTCGAGCAGCCCT-1,donor2,8
donor2_TACCTCGAGGCACTCC-1,donor2,19
donor2_TACCTCGAGTATAGGT-1,donor2,4
donor2_TACCTCGCACAGCCAC-1,donor2,19
donor2_TACCTCGCAGCCGGTT-1,donor2,21
donor2_TACCTCGCAGTGGGTA-1,donor2,15
donor2_TACCTCGGTAAGCAAT-1,donor2,2
donor2_TACCTCGGTACAGCGA-1,donor2,15
donor2_TACCTCGGTTACGTAC-1,donor2,2
donor2_TACCTCGGTTGTTGTG-1,donor2,19
donor2_TACCTCGTCGAGAAAT-1,donor2,17
donor2_TACCTCGTCGTAACCA-1,donor2,2
donor2_TACCTCGTCGTAGGGA-1,donor2,3
donor2_TACCTCGTCGTTCATT-1,donor2,27
donor2_TACCTGCAGCCTAACT-1,donor2,18
donor2_TACCTGCAGCCTATTG-1,donor2,18
donor2_TACCTGCAGGATCATA-1,donor2,2
donor2_TACCTGCCAAACGAGC-1,donor2,17
donor2_TACCTGCCAACCACGC-1,donor2,2
donor2_TACCTGCCAGACTCTA-1,donor2,3
donor2_TACCTGCCATAGGTTC-1,donor2,2
donor2_TACCTGCCATCTCCCA-1,donor2,3
donor2_TACCTGCGTTCAAGTC-1,donor2,4
donor2_TACCTGCGTTCGTACA-1,donor2,15
donor2_TACCTGCTCAGAGCAG-1,donor2,2
donor2_TACCTGCTCCAAGGGA-1,donor2,16
donor2_TACCTGCTCCACTTTA-1,donor2,21
donor2_TACCTGCTCCGTGGTG-1,donor2,3
donor2_TACCTGCTCCGTGTCT-1,donor2,3
donor2_TACCTGCTCGAGAATA-1,donor2,4
donor2_TACCTGCTCGCCTTTG-1,donor2,27
donor2_TACGCTCAGGAGTCTG-1,donor2,3
donor2_TACGCTCCAAGAGATT-1,donor2,16
donor2_TACGCTCCAGCGACCT-1,donor2,0
donor2_TACGCTCGTACTGCCG-1,donor2,4
donor2_TACGCTCGTCGAATGG-1,donor2,2
donor2_TACGCTCGTGGTTTAC-1,donor2,17
donor2_TACGCTCTCATAGGCT-1,donor2,3
donor2_TACGCTCTCCATGATG-1,donor2,19
donor2_TACGCTCTCTGGAAGG-1,donor2,3
donor2_TACGGGCAGAATAACC-1,donor2,17
donor2_TACGGGCAGGCACAAC-1,donor2,3
donor2_TACGGGCAGTACTGGG-1,donor2,3
donor2_TACGGGCCACCAGTAT-1,donor2,0
donor2_TACGGGCCACGAGGTA-1,donor2,21
donor2_TACGGGCCAGCAGAAC-1,donor2,1
donor2_TACGGGCCATATGCGT-1,donor2,3
donor2_TACGGGCCATGCCGCA-1,donor2,15
donor2_TACGGGCGTACATACC-1,donor2,15
donor2_TACGGGCGTCTCGGAC-1,donor2,21
donor2_TACGGGCGTGCAACAG-1,donor2,16
donor2_TACGGGCTCCCAAGCG-1,donor2,17
donor2_TACGGGCTCGTGGAAG-1,donor2,17
donor2_TACGGGCTCTCTGAGA-1,donor2,4
donor2_TACGGGCTCTGCATGA-1,donor2,19
donor2_TACGGTAAGAGTGAAG-1,donor2,16
donor2_TACGGTAAGCGCCCAT-1,donor2,17
donor2_TACGGTAAGTAAACGT-1,donor2,20
donor2_TACGGTAAGTCTTGGT-1,donor2,17
donor2_TACGGTACACAGGATG-1,donor2,18
donor2_TACGGTACACGTCGTG-1,donor2,8
donor2_TACGGTACAGACACAG-1,donor2,18
donor2_TACGGTACATCATCTT-1,donor2,21
donor2_TACGGTACATTCGATG-1,donor2,1
donor2_TACGGTAGTACCCGCA-1,donor2,21
donor2_TACGGTAGTGAATGAT-1,donor2,8
donor2_TACGGTAGTGACGCCT-1,donor2,0
donor2_TACGGTAGTGTAGGAC-1,donor2,16
donor2_TACGGTAGTTGCATAC-1,donor2,8
donor2_TACGGTATCCCTCTTT-1,donor2,15
donor2_TACGTCCAGAGCAGCT-1,donor2,20
donor2_TACGTCCAGCTGAGCA-1,donor2,18
donor2_TACGTCCCACGGGCTT-1,donor2,0
donor2_TACGTCCCACTTGACA-1,donor2,8
donor2_TACGTCCCAGCGGTCT-1,donor2,15
donor2_TACGTCCGTCTCGCGA-1,donor2,0
donor2_TACGTCCGTTCCTAGA-1,donor2,8
donor2_TACGTCCTCACAGTGT-1,donor2,3
donor2_TACGTCCTCAGGAGAC-1,donor2,4
donor2_TACGTCCTCTGAGGCC-1,donor2,4
donor2_TACGTCCTCTGTCGCT-1,donor2,17
donor2_TACTGCCAGCCGTAAG-1,donor2,17
donor2_TACTGCCAGCGGACAT-1,donor2,18
donor2_TACTGCCAGTGCCCGT-1,donor2,18
donor2_TACTGCCAGTTACGAA-1,donor2,2
donor2_TACTGCCCAGGGATAC-1,donor2,18
donor2_TACTGCCCATAACGGG-1,donor2,2
donor2_TACTGCCGTGACATCT-1,donor2,0
donor2_TACTGCCGTGACCGAA-1,donor2,3
donor2_TACTGCCGTGGAGAAA-1,donor2,15
donor2_TACTGCCGTTCATCGA-1,donor2,0
donor2_TACTTACAGAGAGCCT-1,donor2,4
donor2_TACTTACAGATAGCTA-1,donor2,3
donor2_TACTTACAGCCAAGGT-1,donor2,2
donor2_TACTTACAGTAAGCAT-1,donor2,3
donor2_TACTTACAGTGCACTT-1,donor2,5
donor2_TACTTACGTAGCGAGT-1,donor2,5
donor2_TACTTACGTCAAGTTC-1,donor2,2
donor2_TACTTACGTCATCTAG-1,donor2,2
donor2_TACTTACTCCTAAGTG-1,donor2,1
donor2_TACTTACTCGAGCCTG-1,donor2,17
donor2_TACTTACTCGTGGCGT-1,donor2,17
donor2_TACTTCAAGCATGATA-1,donor2,0
donor2_TACTTCAAGGAGTCTG-1,donor2,16
donor2_TACTTCAAGTGGAATT-1,donor2,2
donor2_TACTTCACAAGTCCAT-1,donor2,15
donor2_TACTTCACAAGTGCTT-1,donor2,17
donor2_TACTTCACAGACCAGA-1,donor2,17
donor2_TACTTCACAGATGCGA-1,donor2,3
donor2_TACTTCACATGAGATA-1,donor2,3
donor2_TACTTCAGTTTGAACC-1,donor2,15
donor2_TACTTCATCCGCAGTG-1,donor2,18
donor2_TACTTGTAGACAAGCC-1,donor2,21
donor2_TACTTGTAGCCGTCGT-1,donor2,2
donor2_TACTTGTAGGCTAGCA-1,donor2,17
donor2_TACTTGTAGGCTATCT-1,donor2,17
donor2_TACTTGTAGTGGAAGA-1,donor2,18
donor2_TACTTGTAGTGGACTG-1,donor2,8
donor2_TACTTGTCAAAGTGTA-1,donor2,19
donor2_TACTTGTCAAATAGCA-1,donor2,21
donor2_TACTTGTCACTACAGT-1,donor2,24
donor2_TACTTGTCAGCTTTGA-1,donor2,19
donor2_TACTTGTGTACCTATG-1,donor2,4
donor2_TACTTGTGTCCAGAAG-1,donor2,0
donor2_TACTTGTGTGGACCAA-1,donor2,21
donor2_TACTTGTGTTGCCGAC-1,donor2,3
donor2_TACTTGTTCAAGTCGT-1,donor2,3
donor2_TACTTGTTCGAAGGAC-1,donor2,18
donor2_TACTTGTTCTACACTT-1,donor2,1
donor2_TAGACCAAGGATGCGT-1,donor2,1
donor2_TAGACCAAGGTCTACT-1,donor2,8
donor2_TAGACCACAACGGGTA-1,donor2,5
donor2_TAGACCACAGAAATCA-1,donor2,8
donor2_TAGACCACAGCACACC-1,donor2,8
donor2_TAGACCACAGTCTGGC-1,donor2,17
donor2_TAGACCAGTAGGACCA-1,donor2,15
donor2_TAGACCAGTCGCAACC-1,donor2,27
donor2_TAGACCAGTGGACTGA-1,donor2,1
donor2_TAGACCAGTTGCCATA-1,donor2,2
donor2_TAGACCATCAGAGTGG-1,donor2,8
donor2_TAGACCATCCATTCAT-1,donor2,21
donor2_TAGACCATCGCAACAT-1,donor2,2
donor2_TAGACCATCTGTTCAT-1,donor2,6
donor2_TAGACTGAGCTGACCC-1,donor2,18
donor2_TAGACTGAGGTAATCA-1,donor2,2
donor2_TAGACTGAGTATGGCG-1,donor2,4
donor2_TAGACTGCAACGGCCT-1,donor2,2
donor2_TAGACTGCACAGTGTT-1,donor2,3
donor2_TAGACTGCACTCCCTA-1,donor2,1
donor2_TAGACTGCATGTTTGG-1,donor2,19
donor2_TAGACTGGTCGGAACA-1,donor2,0
donor2_TAGACTGTCAATCAGC-1,donor2,1
donor2_TAGACTGTCAGTCAGT-1,donor2,3
donor2_TAGACTGTCATCTATC-1,donor2,15
donor2_TAGACTGTCGCTAGCG-1,donor2,17
donor2_TAGAGTCAGGTTCTAC-1,donor2,21
donor2_TAGAGTCGTAGGCTCC-1,donor2,19
donor2_TAGAGTCGTCATCTAG-1,donor2,21
donor2_TAGAGTCGTCCGGTCA-1,donor2,18
donor2_TAGAGTCGTGTCACAT-1,donor2,20
donor2_TAGAGTCTCACTCACC-1,donor2,8
donor2_TAGAGTCTCACTTATC-1,donor2,19
donor2_TAGAGTCTCAGTCAGT-1,donor2,19
donor2_TAGAGTCTCATGCTAG-1,donor2,15
donor2_TAGAGTCTCCCGAGGT-1,donor2,16
donor2_TAGAGTCTCTCAGAAC-1,donor2,3
donor2_TAGAGTCTCTGTCGCT-1,donor2,0
donor2_TAGATCGAGAGAGGTA-1,donor2,2
donor2_TAGATCGAGGATACCG-1,donor2,2
donor2_TAGATCGCAACTTGGT-1,donor2,21
donor2_TAGATCGCACCCGTAG-1,donor2,1
donor2_TAGATCGCATGACTAC-1,donor2,3
donor2_TAGATCGGTGCATTAC-1,donor2,17
donor2_TAGATCGGTTCCAAAC-1,donor2,19
donor2_TAGATCGTCACATTGG-1,donor2,20
donor2_TAGATCGTCCAGCAAT-1,donor2,8
donor2_TAGATCGTCCTAGCGG-1,donor2,3
donor2_TAGCACAAGCGTGAGT-1,donor2,18
donor2_TAGCACACAAACTGCT-1,donor2,12
donor2_TAGCACACAACTTCTT-1,donor2,19
donor2_TAGCACACACCTTCCA-1,donor2,18
donor2_TAGCACACAGCGATTT-1,donor2,19
donor2_TAGCACAGTAGCTGTT-1,donor2,4
donor2_TAGCACAGTTCCGGTG-1,donor2,16
donor2_TAGCACATCAACTTTC-1,donor2,2
donor2_TAGCACATCAAGAGTA-1,donor2,0
donor2_TAGCACATCCTTACCG-1,donor2,21
donor2_TAGCACATCTCAGAAC-1,donor2,4
donor2_TAGCACATCTGAGAAA-1,donor2,8
donor2_TAGGAGGAGCCATCCG-1,donor2,3
donor2_TAGGAGGAGCCTATTG-1,donor2,17
donor2_TAGGAGGAGGATTTCC-1,donor2,15
donor2_TAGGAGGCAACCCGCA-1,donor2,8
donor2_TAGGAGGCACCTAAAC-1,donor2,15
donor2_TAGGAGGCATTCTTCA-1,donor2,12
donor2_TAGGAGGGTGTTACTG-1,donor2,3
donor2_TAGGAGGGTTCTGAGT-1,donor2,19
donor2_TAGGAGGTCACATCAG-1,donor2,15
donor2_TAGGGTTAGACGAGCT-1,donor2,2
donor2_TAGGGTTAGCATTGTC-1,donor2,0
donor2_TAGGGTTAGGATCATA-1,donor2,5
donor2_TAGGGTTAGGATTTGA-1,donor2,8
donor2_TAGGGTTAGTAGATCA-1,donor2,8
donor2_TAGGGTTCACCCTCTA-1,donor2,1
donor2_TAGGGTTCATACTGAC-1,donor2,19
donor2_TAGGGTTCATCATGAC-1,donor2,19
donor2_TAGGGTTGTTGCTTGA-1,donor2,16
donor2_TAGGGTTTCAAGGACG-1,donor2,3
donor2_TAGGGTTTCCCGAGAC-1,donor2,5
donor2_TAGGGTTTCTGTTGGA-1,donor2,2
donor2_TAGGTACAGAGAGCCT-1,donor2,4
donor2_TAGGTACAGGTGGCTA-1,donor2,2
donor2_TAGGTACCAGTCCCGA-1,donor2,4
donor2_TAGGTACCATGGAATA-1,donor2,6
donor2_TAGGTACGTCGTAATC-1,donor2,21
donor2_TAGGTACGTGCAGTGA-1,donor2,3
donor2_TAGGTACGTGCTGTCG-1,donor2,6
donor2_TAGGTACGTTCCCACT-1,donor2,17
donor2_TAGGTACTCCATTCAT-1,donor2,1
donor2_TAGGTACTCCTTATAC-1,donor2,15
donor2_TAGGTACTCCTTCACG-1,donor2,2
donor2_TAGGTACTCTACCTTA-1,donor2,19
donor2_TAGGTACTCTAGTGTG-1,donor2,17
donor2_TAGGTACTCTATACGG-1,donor2,2
donor2_TAGGTACTCTGTCCGT-1,donor2,7
donor2_TAGGTTGCACATGTTG-1,donor2,19
donor2_TAGGTTGCACTGAATC-1,donor2,15
donor2_TAGGTTGGTCATCGCG-1,donor2,17
donor2_TAGGTTGGTCGATTAC-1,donor2,19
donor2_TAGGTTGGTTCGAAGG-1,donor2,0
donor2_TAGGTTGTCATTGGTG-1,donor2,2
donor2_TAGGTTGTCCACTGGG-1,donor2,12
donor2_TAGGTTGTCCTCGCAT-1,donor2,0
donor2_TAGGTTGTCGAGAGCA-1,donor2,19
donor2_TAGGTTGTCGAGTCCG-1,donor2,4
donor2_TAGTGCAAGAGTGAAG-1,donor2,0
donor2_TAGTGCAAGGACGGAG-1,donor2,19
donor2_TAGTGCACACCCAAGC-1,donor2,4
donor2_TAGTGCACATCTATCT-1,donor2,2
donor2_TAGTGCAGTAATGCTC-1,donor2,5
donor2_TAGTGCAGTAGGAAAG-1,donor2,20
donor2_TAGTGCAGTTATCCAG-1,donor2,3
donor2_TAGTGCATCACAGAGG-1,donor2,20
donor2_TAGTGCATCAGAGTTC-1,donor2,4
donor2_TAGTGCATCATCGCAA-1,donor2,15
donor2_TAGTGCATCATTTCGT-1,donor2,17
donor2_TAGTGCATCCCGAGGT-1,donor2,22
donor2_TATACCTAGACTCCGC-1,donor2,18
donor2_TATACCTAGATTGAGT-1,donor2,18
donor2_TATACCTAGGTGGGTT-1,donor2,4
donor2_TATACCTAGTACCGGA-1,donor2,3
donor2_TATACCTCAGAGATGC-1,donor2,18
donor2_TATACCTCAGGTAGTG-1,donor2,8
donor2_TATACCTCATGTGCTA-1,donor2,16
donor2_TATACCTGTAACGTTC-1,donor2,0
donor2_TATACCTGTAGCGCTC-1,donor2,3
donor2_TATACCTGTCACTACA-1,donor2,18
donor2_TATACCTGTGTGTACT-1,donor2,4
donor2_TATACCTGTTGCATGT-1,donor2,1
donor2_TATACCTTCCACGAAT-1,donor2,18
donor2_TATACCTTCCGAAGGA-1,donor2,5
donor2_TATACCTTCGACGCGT-1,donor2,19
donor2_TATACCTTCGGTTGTA-1,donor2,15
donor2_TATATCCAGACTCATC-1,donor2,16
donor2_TATATCCAGATAACGT-1,donor2,4
donor2_TATATCCAGCCTGTGC-1,donor2,5
donor2_TATATCCAGTGGAATT-1,donor2,2
donor2_TATATCCCAAGCACAG-1,donor2,17
donor2_TATATCCCAATAACCC-1,donor2,15
donor2_TATATCCCAATAGAGT-1,donor2,17
donor2_TATATCCCAATAGTCC-1,donor2,2
donor2_TATATCCCACCATTCC-1,donor2,2
donor2_TATATCCCACTGGATT-1,donor2,1
donor2_TATATCCCATCCAACA-1,donor2,17
donor2_TATATCCGTACACGTT-1,donor2,26
donor2_TATATCCGTTCCATTT-1,donor2,8
donor2_TATATCCTCGCTCTAC-1,donor2,8
donor2_TATATCCTCTGCATGA-1,donor2,18
donor2_TATATCCTCTTACCAT-1,donor2,15
donor2_TATCAGGAGCATACTC-1,donor2,0
donor2_TATCAGGAGCCGGATA-1,donor2,4
donor2_TATCAGGAGGATATAC-1,donor2,18
donor2_TATCAGGAGGTAAAGG-1,donor2,4
donor2_TATCAGGCAGGCTACC-1,donor2,19
donor2_TATCAGGGTGAGAACC-1,donor2,2
donor2_TATCAGGGTGCATTTG-1,donor2,8
donor2_TATCCTAAGCCATTCA-1,donor2,17
donor2_TATCCTAAGTCCGCGT-1,donor2,1
donor2_TATCCTAAGTTACGAA-1,donor2,0
donor2_TATCCTAAGTTCGCAT-1,donor2,19
donor2_TATCCTACACCGTACG-1,donor2,17
donor2_TATCCTATCAGCGTCG-1,donor2,8
donor2_TATCCTATCGAGTCCG-1,donor2,0
donor2_TATCGCCAGGAAAGTG-1,donor2,2
donor2_TATCGCCAGTGCTCAT-1,donor2,19
donor2_TATCGCCCACAATGTC-1,donor2,18
donor2_TATCGCCGTATGAAGT-1,donor2,4
donor2_TATCGCCGTCAACCTA-1,donor2,1
donor2_TATCGCCGTGGCGCTT-1,donor2,3
donor2_TATCTGTAGAACTCCT-1,donor2,8
donor2_TATCTGTAGTTTGGCT-1,donor2,2
donor2_TATCTGTCAACGATTC-1,donor2,6
donor2_TATCTGTGTGCGTGCT-1,donor2,3
donor2_TATCTGTTCTCAATCT-1,donor2,8
donor2_TATCTGTTCTGACGCG-1,donor2,8
donor2_TATCTTGAGACGACGT-1,donor2,2
donor2_TATCTTGCACACGTGC-1,donor2,19
donor2_TATCTTGCACCTGAAT-1,donor2,1
donor2_TATCTTGCACGTAGAG-1,donor2,12
donor2_TATCTTGGTCACCCTT-1,donor2,16
donor2_TATCTTGGTCTTCAAG-1,donor2,20
donor2_TATCTTGGTGGAGAAA-1,donor2,21
donor2_TATCTTGTCAGCGCGT-1,donor2,15
donor2_TATGTTCAGACATCCT-1,donor2,12
donor2_TATGTTCAGTGCCAGA-1,donor2,18
donor2_TATGTTCAGTGGTTGG-1,donor2,15
donor2_TATGTTCCAAGACGAC-1,donor2,6
donor2_TATGTTCCACAGAGCA-1,donor2,3
donor2_TATGTTCCACCTAAAC-1,donor2,4
donor2_TATGTTCCAGGAAGTC-1,donor2,26
donor2_TATGTTCCATACAGAA-1,donor2,19
donor2_TATGTTCGTATGAGAT-1,donor2,2
donor2_TATGTTCGTCTCGGGT-1,donor2,4
donor2_TATGTTCGTGGTTTGT-1,donor2,0
donor2_TATGTTCGTTATGTGC-1,donor2,3
donor2_TATGTTCTCAGACCTA-1,donor2,18
donor2_TATGTTCTCAGTGGGA-1,donor2,2
donor2_TATGTTCTCATCAGTG-1,donor2,3
donor2_TATGTTCTCCGATGTA-1,donor2,3
donor2_TATGTTCTCGAATGCT-1,donor2,2
donor2_TATGTTCTCGTGGAAG-1,donor2,3
donor2_TATTCCAAGACCACGA-1,donor2,1
donor2_TATTCCAAGATTACCC-1,donor2,15
donor2_TATTCCAAGCACAAAT-1,donor2,15
donor2_TATTCCAAGGCTTAAA-1,donor2,15
donor2_TATTCCAAGTGATAGT-1,donor2,3
donor2_TATTCCACAACGACAG-1,donor2,18
donor2_TATTCCACAATATCCG-1,donor2,2
donor2_TATTCCACACTGAGGA-1,donor2,17
donor2_TATTCCACAGCGTATT-1,donor2,19
donor2_TATTCCACATAGACTC-1,donor2,18
donor2_TATTCCACATGGGATG-1,donor2,17
donor2_TATTCCAGTATCCTCC-1,donor2,20
donor2_TATTCCAGTCTTGCTC-1,donor2,18
donor2_TATTCCAGTGTCCAAT-1,donor2,19
donor2_TATTCCAGTGTTCATG-1,donor2,0
donor2_TATTCCAGTTGAGGAC-1,donor2,17
donor2_TATTCCATCACGAGGA-1,donor2,3
donor2_TATTCCATCATGCCAA-1,donor2,20
donor2_TATTCCATCCATCCGT-1,donor2,19
donor2_TATTCCATCTTGGCTC-1,donor2,16
donor2_TATTGCTAGCAGATAT-1,donor2,17
donor2_TATTGCTAGGAATCGC-1,donor2,16
donor2_TATTGCTAGGTCCTGC-1,donor2,17
donor2_TATTGCTAGTCTAGCT-1,donor2,8
donor2_TATTGCTAGTTATGGA-1,donor2,4
donor2_TATTGCTAGTTGTAGA-1,donor2,19
donor2_TATTGCTCAAAGGATT-1,donor2,8
donor2_TATTGCTCACTAACCA-1,donor2,8
donor2_TATTGCTCATGTGGTT-1,donor2,2
donor2_TATTGCTGTCGTTATG-1,donor2,0
donor2_TATTGCTGTTGTCATG-1,donor2,17
donor2_TATTGCTTCAATCCGA-1,donor2,0
donor2_TATTGCTTCAGACTGT-1,donor2,20
donor2_TATTGCTTCCGACAGC-1,donor2,0
donor2_TATTGCTTCGAGTGGA-1,donor2,15
donor2_TATTGCTTCGTAGCCG-1,donor2,3
donor2_TATTGCTTCTCCCATG-1,donor2,27
donor2_TATTGGGAGCAGGTCA-1,donor2,19
donor2_TATTGGGCAGAGGAAA-1,donor2,23
donor2_TATTGGGCAGCATACT-1,donor2,1
donor2_TATTGGGCAGTTTGGT-1,donor2,8
donor2_TATTGGGCATAGGTTC-1,donor2,4
donor2_TATTGGGCATCGATAC-1,donor2,15
donor2_TATTGGGCATCTATCT-1,donor2,3
donor2_TATTGGGGTTCAAAGA-1,donor2,18
donor2_TATTGGGTCCATTTAC-1,donor2,16
donor2_TATTGGGTCTAGGCAT-1,donor2,7
donor2_TATTGGGTCTCCCTAG-1,donor2,8
donor2_TATTGGGTCTCGAGTA-1,donor2,19
donor2_TATTTCGCAAGAGATT-1,donor2,21
donor2_TATTTCGCACTAGGCC-1,donor2,3
donor2_TATTTCGCAGGTCAGA-1,donor2,8
donor2_TATTTCGGTCAAATCC-1,donor2,2
donor2_TATTTCGGTCCGGACT-1,donor2,8
donor2_TATTTCGGTCTCACGG-1,donor2,18
donor2_TATTTCGGTCTGATAC-1,donor2,6
donor2_TATTTCGGTTAGGGTG-1,donor2,0
donor2_TATTTCGGTTTGTTCT-1,donor2,8
donor2_TATTTCGTCAGGGATG-1,donor2,15
donor2_TATTTCGTCAGGGTAG-1,donor2,3
donor2_TATTTCGTCCTCATAT-1,donor2,16
donor2_TATTTCGTCGCTAGCG-1,donor2,0
donor2_TATTTCGTCGGAGATG-1,donor2,2
donor2_TCAAGACAGCCTAACT-1,donor2,2
donor2_TCAAGACAGCGTCAGA-1,donor2,0
donor2_TCAAGACAGTGAGTGC-1,donor2,19
donor2_TCAAGACCAAGCAGGT-1,donor2,2
donor2_TCAAGACCACCTCGTT-1,donor2,8
donor2_TCAAGACCAGCCCAGT-1,donor2,2
donor2_TCAAGACCAGTTGGTT-1,donor2,8
donor2_TCAAGACCATCGTCCT-1,donor2,8
donor2_TCAAGACCATGCTGCG-1,donor2,3
donor2_TCAAGACGTATACCTG-1,donor2,8
donor2_TCAAGACGTGCACGCT-1,donor2,19
donor2_TCAAGACGTGCCTACG-1,donor2,3
donor2_TCAAGACTCCCTCGTA-1,donor2,18
donor2_TCAAGACTCTGCTCTG-1,donor2,3
donor2_TCAAGCAAGACAGTCG-1,donor2,15
donor2_TCAAGCAAGACGCTCC-1,donor2,6
donor2_TCAAGCAAGCGGCTCT-1,donor2,6
donor2_TCAAGCAAGGAACTCG-1,donor2,2
donor2_TCAAGCAAGGTGGGTT-1,donor2,2
donor2_TCAAGCAAGTGGTGAC-1,donor2,17
donor2_TCAAGCACAACAGCCC-1,donor2,3
donor2_TCAAGCACACAAGTTC-1,donor2,1
donor2_TCAAGCACATCCTTGC-1,donor2,17
donor2_TCAAGCACATCGCTAA-1,donor2,18
donor2_TCAAGCAGTCAGGTGA-1,donor2,8
donor2_TCAAGCATCATCGGGC-1,donor2,17
donor2_TCAAGTGAGATGGCGT-1,donor2,3
donor2_TCAAGTGAGCGAGTCA-1,donor2,4
donor2_TCAAGTGAGCGCTTCG-1,donor2,19
donor2_TCAAGTGAGCTACTGT-1,donor2,8
donor2_TCAAGTGAGGCTTTCA-1,donor2,2
donor2_TCAAGTGAGTATAACG-1,donor2,18
donor2_TCAAGTGAGTGGTGGT-1,donor2,0
donor2_TCAAGTGCAATAACCC-1,donor2,18
donor2_TCAAGTGCACAAGCCC-1,donor2,17
donor2_TCAAGTGCACTTGGGC-1,donor2,1
donor2_TCAAGTGCAGTAGTGG-1,donor2,19
donor2_TCAAGTGGTAGCGTAG-1,donor2,6
donor2_TCAAGTGGTAGGACCA-1,donor2,2
donor2_TCAAGTGGTATCCTCC-1,donor2,3
donor2_TCAAGTGTCTCTGCTG-1,donor2,6
donor2_TCAATCTAGAGTGACC-1,donor2,18
donor2_TCAATCTAGCACCCAC-1,donor2,2
donor2_TCAATCTAGCCATTGT-1,donor2,2
donor2_TCAATCTAGCTAGAAT-1,donor2,15
donor2_TCAATCTCATCCTATT-1,donor2,1
donor2_TCAATCTCATTGCCTC-1,donor2,11
donor2_TCAATCTGTAATTAGG-1,donor2,3
donor2_TCAATCTGTCTCGGAC-1,donor2,15
donor2_TCAATCTGTGAAGCTG-1,donor2,21
donor2_TCAATCTTCAAGGACG-1,donor2,15
donor2_TCAATCTTCACTTATC-1,donor2,27
donor2_TCAATCTTCCTAGCCT-1,donor2,20
donor2_TCAATCTTCTCGGTCT-1,donor2,6
donor2_TCAATTCAGATTCGCT-1,donor2,8
donor2_TCAATTCAGTGATCGG-1,donor2,0
donor2_TCAATTCCAAAGTATG-1,donor2,1
donor2_TCAATTCCAAGGCTTT-1,donor2,4
donor2_TCAATTCCACTGCGAC-1,donor2,12
donor2_TCAATTCCAGTTCACA-1,donor2,8
donor2_TCAATTCCATGACTCA-1,donor2,17
donor2_TCAATTCCATGTGACT-1,donor2,17
donor2_TCAATTCTCATGCTAG-1,donor2,17
donor2_TCAATTCTCCGCGGAT-1,donor2,2
donor2_TCAATTCTCGACATTG-1,donor2,21
donor2_TCACAAGAGACGCATG-1,donor2,21
donor2_TCACAAGAGCAACAGC-1,donor2,17
donor2_TCACAAGAGCAGAAAG-1,donor2,3
donor2_TCACAAGAGCCAAGTG-1,donor2,4
donor2_TCACAAGAGCGTTACT-1,donor2,3
donor2_TCACAAGAGGCAGGGA-1,donor2,4
donor2_TCACAAGCAGAACTAA-1,donor2,2
donor2_TCACAAGCAGCCCAGT-1,donor2,21
donor2_TCACAAGCATACGCAT-1,donor2,15
donor2_TCACAAGCATCCGGCA-1,donor2,19
donor2_TCACAAGCATTACGGT-1,donor2,3
donor2_TCACAAGGTCACTTAG-1,donor2,0
donor2_TCACAAGGTCGTACTA-1,donor2,4
donor2_TCACAAGGTTGTACGT-1,donor2,15
donor2_TCACAAGTCCACCCTA-1,donor2,6
donor2_TCACAAGTCCAGCAAT-1,donor2,16
donor2_TCACAAGTCCATGATG-1,donor2,3
donor2_TCACAAGTCCGTGACG-1,donor2,2
donor2_TCACAAGTCCTTGGAA-1,donor2,5
donor2_TCACACCAGAGTGGCT-1,donor2,3
donor2_TCACACCCAATAGTGA-1,donor2,17
donor2_TCACACCCACGTACAT-1,donor2,17
donor2_TCACACCCACTGGCGT-1,donor2,1
donor2_TCACACCCAGTCGAGA-1,donor2,8
donor2_TCACACCGTGACTATC-1,donor2,17
donor2_TCACACCGTTACACTG-1,donor2,0
donor2_TCACACCTCGCCAGAC-1,donor2,18
donor2_TCACATTAGAGGTCAC-1,donor2,15
donor2_TCACATTAGGCTGGAT-1,donor2,8
donor2_TCACATTAGTACCGGA-1,donor2,15
donor2_TCACATTCAGAGCTAG-1,donor2,19
donor2_TCACATTCAGCCTTCT-1,donor2,21
donor2_TCACATTCATCGCCTT-1,donor2,18
donor2_TCACATTGTCTTGTCC-1,donor2,0
donor2_TCACATTGTTACCGTA-1,donor2,17
donor2_TCACATTTCACCTTAT-1,donor2,16
donor2_TCACATTTCATTACGG-1,donor2,4
donor2_TCACATTTCCAATGCA-1,donor2,15
donor2_TCACATTTCCGAAATC-1,donor2,2
donor2_TCACATTTCGAGTGGA-1,donor2,2
donor2_TCACATTTCTTTGCAT-1,donor2,0
donor2_TCACGCTAGCTTTGTG-1,donor2,2
donor2_TCACGCTAGGCTTAAA-1,donor2,1
donor2_TCACGCTCACGAGGTA-1,donor2,2
donor2_TCACGCTCACTGTCCT-1,donor2,21
donor2_TCACGCTCAGACAATA-1,donor2,6
donor2_TCACGCTCAGCAGACA-1,donor2,12
donor2_TCACGCTCATCGATCA-1,donor2,8
donor2_TCACGCTGTAGTGCGA-1,donor2,8
donor2_TCACGCTTCAAGCCTA-1,donor2,21
donor2_TCACGCTTCATGGATC-1,donor2,8
donor2_TCACGCTTCCGGCAAC-1,donor2,6
donor2_TCACGCTTCGCAAGAG-1,donor2,5
donor2_TCACGCTTCTGAATCG-1,donor2,1
donor2_TCACGGGAGAAGTCAT-1,donor2,27
donor2_TCACGGGAGCGTTAGG-1,donor2,21
donor2_TCACGGGAGCTACTGT-1,donor2,1
donor2_TCACGGGAGCTGACAG-1,donor2,21
donor2_TCACGGGAGGAGTCTG-1,donor2,16
donor2_TCACGGGAGGCCTAAG-1,donor2,17
donor2_TCACGGGAGGCTCTAT-1,donor2,4
donor2_TCACGGGCAAGACGGT-1,donor2,18
donor2_TCACGGGCAAGTCATC-1,donor2,18
donor2_TCACGGGCACAATTCG-1,donor2,2
donor2_TCACGGGCACTATGTG-1,donor2,12
donor2_TCACGGGCAGTAGTTC-1,donor2,26
donor2_TCACGGGGTCGTGGTC-1,donor2,8
donor2_TCACGGGGTGGACTGA-1,donor2,20
donor2_TCACGGGGTTGCGGCT-1,donor2,8
donor2_TCACGGGGTTGGACTT-1,donor2,2
donor2_TCACGGGTCATTGGTG-1,donor2,17
donor2_TCACGGGTCATTGTTC-1,donor2,20
donor2_TCACGGGTCTAGACAC-1,donor2,0
donor2_TCACTATAGGTATCTC-1,donor2,18
donor2_TCACTATCAAGGCTTT-1,donor2,17
donor2_TCACTATCATTCTGTT-1,donor2,2
donor2_TCACTATGTAGGAGGG-1,donor2,19
donor2_TCACTATGTCAAGTTC-1,donor2,6
donor2_TCACTATGTGAGGAAA-1,donor2,4
donor2_TCACTATTCACTGTCC-1,donor2,18
donor2_TCACTATTCAGGTGTT-1,donor2,19
donor2_TCACTATTCCTACCAC-1,donor2,2
donor2_TCACTATTCGAGAGCA-1,donor2,3
donor2_TCACTCGAGCTTTGTG-1,donor2,15
donor2_TCACTCGCACCATAAC-1,donor2,16
donor2_TCACTCGGTGGTCTGC-1,donor2,19
donor2_TCACTCGGTGTTTGCA-1,donor2,8
donor2_TCACTCGTCCTAGCTC-1,donor2,17
donor2_TCAGCAAAGCCTCCAG-1,donor2,15
donor2_TCAGCAAAGGAATGTT-1,donor2,8
donor2_TCAGCAAAGGTTGGAC-1,donor2,19
donor2_TCAGCAAAGTCCCGAC-1,donor2,21
donor2_TCAGCAACAAACTAGA-1,donor2,17
donor2_TCAGCAACAAGTCATC-1,donor2,16
donor2_TCAGCAACACAAGCAG-1,donor2,2
donor2_TCAGCAACAGCAGAAC-1,donor2,3
donor2_TCAGCAACAGGGCTTC-1,donor2,15
donor2_TCAGCAACAGTTGCGC-1,donor2,21
donor2_TCAGCAACAGTTGTCA-1,donor2,18
donor2_TCAGCAACATAATCGC-1,donor2,4
donor2_TCAGCAACATAGGAGC-1,donor2,19
donor2_TCAGCAACATCCTGTC-1,donor2,19
donor2_TCAGCAAGTACCCGCA-1,donor2,19
donor2_TCAGCAAGTATCCTTT-1,donor2,8
donor2_TCAGCAAGTCCAGTTA-1,donor2,19
donor2_TCAGCAAGTCCCTGTT-1,donor2,3
donor2_TCAGCAATCATCACCC-1,donor2,21
donor2_TCAGCAATCGACCTAA-1,donor2,0
donor2_TCAGCCTAGAGCCTGA-1,donor2,1
donor2_TCAGCCTAGCACACAG-1,donor2,20
donor2_TCAGCCTAGCCATGCC-1,donor2,4
donor2_TCAGCCTAGCGCTGAA-1,donor2,3
donor2_TCAGCCTAGGCGTTAG-1,donor2,0
donor2_TCAGCCTAGGTGCCAA-1,donor2,21
donor2_TCAGCCTCAAAGAGTT-1,donor2,16
donor2_TCAGCCTCAATGGCAG-1,donor2,22
donor2_TCAGCCTCACTGCATA-1,donor2,15
donor2_TCAGCCTCAGGATTCT-1,donor2,21
donor2_TCAGCCTCATACAGCT-1,donor2,15
donor2_TCAGCCTGTCTTGCGG-1,donor2,2
donor2_TCAGCCTTCGAAGCAG-1,donor2,4
donor2_TCAGCCTTCGATTCCC-1,donor2,5
donor2_TCAGCCTTCTGCGGGT-1,donor2,4
donor2_TCAGGGCAGAGAGAAC-1,donor2,19
donor2_TCAGGGCCAAGACAAT-1,donor2,3
donor2_TCAGGGCCAGTTGGTT-1,donor2,3
donor2_TCAGGGCGTGGAGAAA-1,donor2,19
donor2_TCAGGGCTCATGCCCT-1,donor2,2
donor2_TCAGGGCTCCGTGGGT-1,donor2,17
donor2_TCAGGGCTCGGAGATG-1,donor2,3
donor2_TCAGGGCTCTCACCCA-1,donor2,3
donor2_TCAGGGCTCTCCCATG-1,donor2,27
donor2_TCAGGTAAGCCGATCC-1,donor2,18
donor2_TCAGGTAAGCGTGAGT-1,donor2,19
donor2_TCAGGTAAGTACTGGG-1,donor2,16
donor2_TCAGGTAAGTTGTAGA-1,donor2,17
donor2_TCAGGTACAAGCTCTA-1,donor2,2
donor2_TCAGGTACAGAACGCA-1,donor2,0
donor2_TCAGGTACAGCGTGCT-1,donor2,16
donor2_TCAGGTACAGGCATTT-1,donor2,3
donor2_TCAGGTAGTCAGACGA-1,donor2,16
donor2_TCAGGTAGTGTCCGTG-1,donor2,15
donor2_TCAGGTATCTCCACTG-1,donor2,8
donor2_TCAGTCCAGCAGGGAG-1,donor2,17
donor2_TCAGTCCCAAGTTTGC-1,donor2,17
donor2_TCAGTCCCACAGCCAC-1,donor2,16
donor2_TCAGTCCCAGCTCTGG-1,donor2,21
donor2_TCAGTCCGTAGTCCTA-1,donor2,15
donor2_TCAGTCCGTCGCCTAG-1,donor2,6
donor2_TCAGTCCGTCGTATGT-1,donor2,0
donor2_TCAGTCCGTGGAACAC-1,donor2,2
donor2_TCAGTCCGTTGGAGGT-1,donor2,2
donor2_TCAGTCCTCAATCCAG-1,donor2,2
donor2_TCAGTCCTCGAACTCA-1,donor2,18
donor2_TCAGTCCTCGCCTAGG-1,donor2,8
donor2_TCAGTCCTCGTTGTGA-1,donor2,15
donor2_TCAGTCCTCTCGCAGG-1,donor2,15
donor2_TCAGTGAAGCAAGTCG-1,donor2,17
donor2_TCAGTGAAGGGTACGT-1,donor2,17
donor2_TCAGTGAAGTAGAATC-1,donor2,19
donor2_TCAGTGAAGTCTGTAC-1,donor2,8
donor2_TCAGTGACACAAATGA-1,donor2,4
donor2_TCAGTGACACAGTGAG-1,donor2,17
donor2_TCAGTGACACGCGTGT-1,donor2,4
donor2_TCAGTGACATAGTCGT-1,donor2,15
donor2_TCAGTGAGTACGGATG-1,donor2,19
donor2_TCAGTGAGTGCATCTA-1,donor2,17
donor2_TCAGTGAGTTGCATAC-1,donor2,19
donor2_TCAGTGATCTGCACCT-1,donor2,15
donor2_TCAGTGATCTTCACAT-1,donor2,18
donor2_TCAGTTTAGCGAAACC-1,donor2,17
donor2_TCAGTTTAGCGTATGG-1,donor2,3
donor2_TCAGTTTAGTAAGAGG-1,donor2,0
donor2_TCAGTTTAGTGCTCAT-1,donor2,18
donor2_TCAGTTTAGTGGTGGT-1,donor2,17
donor2_TCAGTTTCAAGACCGA-1,donor2,3
donor2_TCAGTTTCAAGCGCTC-1,donor2,8
donor2_TCAGTTTCACGTACAT-1,donor2,2
donor2_TCAGTTTCATGTGACT-1,donor2,22
donor2_TCAGTTTGTACTAACC-1,donor2,21
donor2_TCAGTTTGTAGACGTG-1,donor2,2
donor2_TCAGTTTGTCTCAAGT-1,donor2,12
donor2_TCAGTTTGTTCCTAGA-1,donor2,19
donor2_TCAGTTTTCACACGAT-1,donor2,3
donor2_TCAGTTTTCCAATCTT-1,donor2,3
donor2_TCAGTTTTCGTTCTCG-1,donor2,20
donor2_TCAGTTTTCTTTACAC-1,donor2,20
donor2_TCATACTAGAGATTCA-1,donor2,4
donor2_TCATACTAGAGTAACT-1,donor2,0
donor2_TCATACTAGCCAACCC-1,donor2,20
donor2_TCATACTAGGAGTACC-1,donor2,4
donor2_TCATACTAGGGCAACT-1,donor2,22
donor2_TCATACTAGGGTTGCA-1,donor2,5
donor2_TCATACTCACATGGTT-1,donor2,6
donor2_TCATACTCAGTGCCTG-1,donor2,2
donor2_TCATACTCATGAAAGT-1,donor2,8
donor2_TCATACTGTGTTACTG-1,donor2,0
donor2_TCATACTGTTAGCTAC-1,donor2,16
donor2_TCATACTGTTTGAACC-1,donor2,15
donor2_TCATACTTCGTTCTAT-1,donor2,16
donor2_TCATATCAGAACCCGA-1,donor2,21
donor2_TCATATCAGAGTACCG-1,donor2,17
donor2_TCATATCAGCACACAG-1,donor2,20
donor2_TCATATCCACCAGCGT-1,donor2,21
donor2_TCATATCCACGGGCTT-1,donor2,1
donor2_TCATATCCAGAGTGAC-1,donor2,8
donor2_TCATATCCATCTCCCA-1,donor2,18
donor2_TCATATCGTAATGATG-1,donor2,17
donor2_TCATATCGTCACTACA-1,donor2,19
donor2_TCATATCGTCCTATAG-1,donor2,1
donor2_TCATATCGTCTTAGTG-1,donor2,16
donor2_TCATATCGTTCACCGG-1,donor2,18
donor2_TCATATCTCCAAACCA-1,donor2,17
donor2_TCATATCTCGGCCAAC-1,donor2,21
donor2_TCATATCTCTAGACCA-1,donor2,0
donor2_TCATCATAGCATCCCG-1,donor2,18
donor2_TCATCATCACAAGCAG-1,donor2,4
donor2_TCATCATCAGGTCCGT-1,donor2,21
donor2_TCATCATGTAGTTCCA-1,donor2,2
donor2_TCATCATTCCCGAGTG-1,donor2,21
donor2_TCATCATTCCTCTCTT-1,donor2,26
donor2_TCATCATTCGTAACTG-1,donor2,2
donor2_TCATCATTCTCGACGG-1,donor2,3
donor2_TCATCCGAGTTGGCGA-1,donor2,17
donor2_TCATCCGCAAGCCATT-1,donor2,6
donor2_TCATCCGCACATGGTT-1,donor2,15
donor2_TCATCCGCAGTTCTAG-1,donor2,8
donor2_TCATCCGGTGCCAAGA-1,donor2,19
donor2_TCATCCGGTGTTAACC-1,donor2,8
donor2_TCATCCGTCAGCTTGA-1,donor2,15
donor2_TCATCCGTCCGTATAG-1,donor2,18
donor2_TCATGAGAGCGCCATC-1,donor2,3
donor2_TCATGAGAGCTCTGTA-1,donor2,16
donor2_TCATGAGAGGGATCTG-1,donor2,17
donor2_TCATGAGAGTTAGTAG-1,donor2,16
donor2_TCATGAGCACTTGTGA-1,donor2,15
donor2_TCATGAGCATACAGGG-1,donor2,21
donor2_TCATGAGCATCACGGC-1,donor2,3
donor2_TCATGAGGTCATCCGG-1,donor2,17
donor2_TCATGAGGTGAGTAGC-1,donor2,3
donor2_TCATGAGGTTTACTTC-1,donor2,3
donor2_TCATGAGTCAGTCAGT-1,donor2,8
donor2_TCATGAGTCTTCCCAG-1,donor2,3
donor2_TCATGCCCAGAGGTTG-1,donor2,1
donor2_TCATGCCCATCTCAAG-1,donor2,17
donor2_TCATGCCCATCTGCGG-1,donor2,8
donor2_TCATGCCGTAAGGCTG-1,donor2,17
donor2_TCATGCCGTAGACAAT-1,donor2,4
donor2_TCATGCCGTATGAGCG-1,donor2,17
donor2_TCATGCCGTGCCGTTG-1,donor2,2
donor2_TCATGCCGTGGAGGTT-1,donor2,3
donor2_TCATGCCGTGTTGAGG-1,donor2,19
donor2_TCATGCCTCATGCCAA-1,donor2,12
donor2_TCATGCCTCCATCGTC-1,donor2,4
donor2_TCATGCCTCGACTCCT-1,donor2,2
donor2_TCATGCCTCGAGAGAC-1,donor2,8
donor2_TCATGCCTCTGGGATT-1,donor2,16
donor2_TCATGCCTCTTCGGAA-1,donor2,17
donor2_TCATGGAAGACCAAGC-1,donor2,18
donor2_TCATGGAAGCTCCGAC-1,donor2,15
donor2_TCATGGACAAGCCTGC-1,donor2,8
donor2_TCATGGACACCCATAA-1,donor2,2
donor2_TCATGGACACTCATAG-1,donor2,19
donor2_TCATGGACAGTTGGTT-1,donor2,12
donor2_TCATGGAGTAGCTCGC-1,donor2,3
donor2_TCATGGAGTGCGAGTA-1,donor2,2
donor2_TCATGGAGTGTAGCAG-1,donor2,15
donor2_TCATGGAGTTGTAGCT-1,donor2,8
donor2_TCATGGATCAACTTTC-1,donor2,2
donor2_TCATGGATCGCCTATC-1,donor2,15
donor2_TCATGGATCTTCGCTG-1,donor2,3
donor2_TCATGTTAGACCGCCT-1,donor2,2
donor2_TCATGTTAGACGAGCT-1,donor2,15
donor2_TCATGTTAGCCTCATA-1,donor2,8
donor2_TCATGTTCAAACGTGG-1,donor2,21
donor2_TCATGTTCAACCTATG-1,donor2,2
donor2_TCATGTTCAAGTTTGC-1,donor2,3
donor2_TCATGTTCAGAGGAAA-1,donor2,19
donor2_TCATGTTCAGCAGTTT-1,donor2,8
donor2_TCATGTTCAGGCGTTC-1,donor2,2
donor2_TCATGTTGTACTCAAC-1,donor2,22
donor2_TCATGTTGTACTCCCT-1,donor2,15
donor2_TCATGTTGTTGCATCA-1,donor2,3
donor2_TCATGTTTCAGTCTTT-1,donor2,16
donor2_TCATGTTTCCACTAGA-1,donor2,3
donor2_TCATGTTTCCCTCATG-1,donor2,1
donor2_TCATTACAGACTAGAT-1,donor2,17
donor2_TCATTACAGAGTAACT-1,donor2,19
donor2_TCATTACAGCATCAGG-1,donor2,6
donor2_TCATTACAGCATGCAG-1,donor2,18
donor2_TCATTACAGGTGGCTA-1,donor2,2
donor2_TCATTACAGTAGGTTA-1,donor2,2
donor2_TCATTACCAAGCCATT-1,donor2,19
donor2_TCATTACCACGCACCA-1,donor2,8
donor2_TCATTACCATGCCGAC-1,donor2,2
donor2_TCATTACCATTCTGTT-1,donor2,2
donor2_TCATTACGTCCGGTGT-1,donor2,4
donor2_TCATTACGTCTAGGTT-1,donor2,20
donor2_TCATTACGTGGTCTTA-1,donor2,15
donor2_TCATTACTCAATGCAC-1,donor2,1
donor2_TCATTACTCACACCCT-1,donor2,1
donor2_TCATTACTCACTTGGA-1,donor2,4
donor2_TCATTACTCGAGAGCA-1,donor2,17
donor2_TCATTACTCTAGAGCT-1,donor2,0
donor2_TCATTACTCTTGTGCC-1,donor2,17
donor2_TCATTCAAGGTGCATG-1,donor2,19
donor2_TCATTCAAGTTCCAGT-1,donor2,19
donor2_TCATTCACAGCACGAA-1,donor2,17
donor2_TCATTCAGTGTTACTG-1,donor2,21
donor2_TCATTCAGTTTGTTCT-1,donor2,4
donor2_TCATTCATCACATCAG-1,donor2,0
donor2_TCATTCATCAGGAGAC-1,donor2,1
donor2_TCATTCATCCAGTACA-1,donor2,4
donor2_TCATTCATCCGTGGCA-1,donor2,15
donor2_TCATTCATCGAAATCC-1,donor2,23
donor2_TCATTCATCGTGTGAT-1,donor2,19
donor2_TCATTCATCTTCTAAC-1,donor2,4
donor2_TCATTGTAGAAAGCGA-1,donor2,6
donor2_TCATTGTAGCGAGAAA-1,donor2,2
donor2_TCATTGTAGGGACACT-1,donor2,2
donor2_TCATTGTAGGTAAACT-1,donor2,12
donor2_TCATTGTCAACTCGAT-1,donor2,3
donor2_TCATTGTCACAAAGCG-1,donor2,1
donor2_TCATTGTCACCGCTGA-1,donor2,3
donor2_TCATTGTCAGGCTCTG-1,donor2,19
donor2_TCATTGTCATGGAATA-1,donor2,4
donor2_TCATTGTGTAACTTCG-1,donor2,2
donor2_TCATTGTGTCGTGGAA-1,donor2,2
donor2_TCATTGTTCCCATGGG-1,donor2,6
donor2_TCATTTGAGAGGTGCT-1,donor2,16
donor2_TCATTTGAGTGCACTT-1,donor2,20
donor2_TCATTTGCACGTACTA-1,donor2,0
donor2_TCATTTGCAGTCCGTG-1,donor2,2
donor2_TCATTTGCATCATTTC-1,donor2,16
donor2_TCATTTGGTAAGCTCT-1,donor2,19
donor2_TCATTTGGTACTCGAT-1,donor2,2
donor2_TCATTTGGTTTCGTAG-1,donor2,17
donor2_TCATTTGTCCCGGTAG-1,donor2,2
donor2_TCATTTGTCCGCTGTT-1,donor2,27
donor2_TCATTTGTCGAGCCAC-1,donor2,6
donor2_TCATTTGTCTTACCAT-1,donor2,3
donor2_TCCACCAAGCCACCGT-1,donor2,21
donor2_TCCACCAAGTAACAGT-1,donor2,26
donor2_TCCACCAAGTGGGAAA-1,donor2,27
donor2_TCCACCAAGTTCGGTT-1,donor2,1
donor2_TCCACCACAAAGGATT-1,donor2,2
donor2_TCCACCACAAGTCCCG-1,donor2,18
donor2_TCCACCACAATTTCCT-1,donor2,3
donor2_TCCACCACACAGGATG-1,donor2,15
donor2_TCCACCACAGATTTCG-1,donor2,15
donor2_TCCACCAGTAACATGA-1,donor2,15
donor2_TCCACCAGTTACGATC-1,donor2,1
donor2_TCCACCATCAAGGACG-1,donor2,19
donor2_TCCACCATCATGCCGG-1,donor2,0
donor2_TCCACCATCCCGTTGT-1,donor2,20
donor2_TCCACCATCTGTTGGA-1,donor2,3
donor2_TCCACGTAGCACTCCG-1,donor2,6
donor2_TCCACGTAGCTCTTCC-1,donor2,8
donor2_TCCACGTAGTAACCTC-1,donor2,3
donor2_TCCACGTCAAATAGCA-1,donor2,1
donor2_TCCACGTCAACCGCCA-1,donor2,2
donor2_TCCACGTCAAGTATCC-1,donor2,4
donor2_TCCACGTCACCCAACG-1,donor2,2
donor2_TCCACGTCACGACAAG-1,donor2,8
donor2_TCCACGTCAGGTTCAT-1,donor2,3
donor2_TCCACGTCATAAGCAA-1,donor2,16
donor2_TCCACGTGTACGAGCA-1,donor2,2
donor2_TCCACGTGTCGCACGT-1,donor2,8
donor2_TCCACGTGTGGTGATG-1,donor2,17
donor2_TCCACGTGTTACGTAC-1,donor2,21
donor2_TCCACGTGTTCGCGTG-1,donor2,8
donor2_TCCACGTTCAGCGGAA-1,donor2,21
donor2_TCCACGTTCATCGCCT-1,donor2,2
donor2_TCCACGTTCCACAAGT-1,donor2,20
donor2_TCCACGTTCGTCCATC-1,donor2,2
donor2_TCCACGTTCGTCTAAG-1,donor2,0
donor2_TCCAGAAAGAGCAGAA-1,donor2,3
donor2_TCCAGAAAGTCGCCAC-1,donor2,17
donor2_TCCAGAACAACCCGCA-1,donor2,2
donor2_TCCAGAACAACTGTGT-1,donor2,2
donor2_TCCAGAACAAGCTGTT-1,donor2,19
donor2_TCCAGAACACATACTG-1,donor2,21
donor2_TCCAGAAGTATAATGG-1,donor2,2
donor2_TCCAGAAGTGTTCCTC-1,donor2,17
donor2_TCCAGAATCAAACTGC-1,donor2,16
donor2_TCCAGAATCAATCAGC-1,donor2,19
donor2_TCCAGAATCACCGACG-1,donor2,3
donor2_TCCAGAATCCGCGAGT-1,donor2,19
donor2_TCCAGAATCGACATCA-1,donor2,2
donor2_TCCATCGAGAAACCAT-1,donor2,5
donor2_TCCATCGAGAGGATGA-1,donor2,17
donor2_TCCATCGAGGAAAGGT-1,donor2,17
donor2_TCCATCGAGGATTCCT-1,donor2,4
donor2_TCCATCGAGGGCAACT-1,donor2,17
donor2_TCCATCGAGGTAAGTT-1,donor2,17
donor2_TCCATCGCAAATAAGC-1,donor2,8
donor2_TCCATCGCACAAGTTC-1,donor2,2
donor2_TCCATCGCACAGTATC-1,donor2,18
donor2_TCCATCGCACTCACTC-1,donor2,16
donor2_TCCATCGCATTGTGCA-1,donor2,5
donor2_TCCATCGGTATTAAGG-1,donor2,18
donor2_TCCATCGGTGCGGATA-1,donor2,17
donor2_TCCATCGGTTGTTGTG-1,donor2,2
donor2_TCCATCGTCAACCTCC-1,donor2,19
donor2_TCCATCGTCAAGTGGG-1,donor2,2
donor2_TCCATCGTCCAATCTT-1,donor2,16
donor2_TCCATCGTCCGAGAAG-1,donor2,8
donor2_TCCATCGTCTCACGAA-1,donor2,1
donor2_TCCATGCAGAGAATCT-1,donor2,17
donor2_TCCATGCAGTTGCTCA-1,donor2,2
donor2_TCCATGCCAACGATTC-1,donor2,3
donor2_TCCATGCCAATTGCGT-1,donor2,19
donor2_TCCATGCCACGCAGTC-1,donor2,15
donor2_TCCATGCCACTTCAGA-1,donor2,17
donor2_TCCATGCCATACCACA-1,donor2,17
donor2_TCCATGCCATGGTACT-1,donor2,18
donor2_TCCATGCGTCGCTGCA-1,donor2,4
donor2_TCCATGCGTCTAATCG-1,donor2,4
donor2_TCCATGCGTGTCCTAA-1,donor2,3
donor2_TCCATGCGTTCCGCAG-1,donor2,22
donor2_TCCATGCGTTGCAACT-1,donor2,15
donor2_TCCATGCTCACCATAG-1,donor2,8
donor2_TCCATGCTCCACCCTA-1,donor2,19
donor2_TCCATGCTCCCTTTGG-1,donor2,16
donor2_TCCATGCTCCGTGCGA-1,donor2,2
donor2_TCCATGCTCGCTATTT-1,donor2,18
donor2_TCCATGCTCTATCACT-1,donor2,20
donor2_TCCCACAAGAGGTCAC-1,donor2,15
donor2_TCCCACAAGAGTAACT-1,donor2,8
donor2_TCCCACAAGGGCATGT-1,donor2,0
donor2_TCCCACAAGTCGCTAT-1,donor2,3
donor2_TCCCACACAACAGTGG-1,donor2,0
donor2_TCCCACACAGAACTAA-1,donor2,21
donor2_TCCCACACAGCATCTA-1,donor2,18
donor2_TCCCACACAGTGTACT-1,donor2,3
donor2_TCCCACACATTGTCGA-1,donor2,8
donor2_TCCCACAGTCCCACGA-1,donor2,4
donor2_TCCCACAGTCGTCAGC-1,donor2,0
donor2_TCCCACAGTGAATAAC-1,donor2,17
donor2_TCCCACAGTTGCATCA-1,donor2,16
donor2_TCCCACATCAGTGATC-1,donor2,3
donor2_TCCCACATCGGCAGTC-1,donor2,2
donor2_TCCCAGTAGCAATAAC-1,donor2,8
donor2_TCCCAGTAGCGCATCC-1,donor2,17
donor2_TCCCAGTAGGCACGAT-1,donor2,3
donor2_TCCCAGTAGGTCATCT-1,donor2,1
donor2_TCCCAGTCAAACACGG-1,donor2,3
donor2_TCCCAGTCAACTTGGT-1,donor2,19
donor2_TCCCAGTCAAGCTCTA-1,donor2,3
donor2_TCCCAGTCAGGTGTGA-1,donor2,0
donor2_TCCCAGTGTAGACAGC-1,donor2,18
donor2_TCCCAGTGTAGGAGGG-1,donor2,16
donor2_TCCCAGTGTCAGCGTC-1,donor2,3
donor2_TCCCAGTTCACTGGGC-1,donor2,18
donor2_TCCCAGTTCATTACGG-1,donor2,3
donor2_TCCCATGAGCTCTTCC-1,donor2,5
donor2_TCCCATGAGTATTGCC-1,donor2,18
donor2_TCCCATGAGTGATTCC-1,donor2,2
donor2_TCCCATGAGTGGTGGT-1,donor2,0
donor2_TCCCATGCAAAGAACT-1,donor2,15
donor2_TCCCATGGTTAACCTG-1,donor2,16
donor2_TCCCATGTCACCTCAC-1,donor2,18
donor2_TCCCATGTCATAGACC-1,donor2,17
donor2_TCCCATGTCGATTCCC-1,donor2,18
donor2_TCCCATGTCTGTGTGA-1,donor2,20
donor2_TCCGAAAAGCGGTAAC-1,donor2,5
donor2_TCCGAAAAGGATGCGT-1,donor2,1
donor2_TCCGAAACAGCTGAAG-1,donor2,2
donor2_TCCGAAACATTGTACG-1,donor2,17
donor2_TCCGAAAGTAGACGTG-1,donor2,18
donor2_TCCGAAAGTTACGTAC-1,donor2,2
donor2_TCCGAAAGTTGCCTAA-1,donor2,3
donor2_TCCGAAATCTCTGAGA-1,donor2,21
donor2_TCCGATCAGACGTCGA-1,donor2,4
donor2_TCCGATCAGAGGTATT-1,donor2,25
donor2_TCCGATCAGGAACTAT-1,donor2,20
donor2_TCCGATCAGGTAATCA-1,donor2,2
donor2_TCCGATCAGTGCACAG-1,donor2,14
donor2_TCCGATCCAAGTCATC-1,donor2,16
donor2_TCCGATCCAATTGCAC-1,donor2,22
donor2_TCCGATCCAGGGCTTC-1,donor2,2
donor2_TCCGATCCATGTGGCC-1,donor2,8
donor2_TCCGATCGTATAGCTC-1,donor2,19
donor2_TCCGATCGTGATACCT-1,donor2,27
donor2_TCCGATCGTGGCCCAT-1,donor2,6
donor2_TCCGATCGTGTCTAAC-1,donor2,8
donor2_TCCGATCTCAAGCCAT-1,donor2,17
donor2_TCCGATCTCGGCCTTT-1,donor2,15
donor2_TCCGATCTCGTTCTAT-1,donor2,15
donor2_TCCGATCTCTAGTTCT-1,donor2,5
donor2_TCCGGGAAGACGTCGA-1,donor2,8
donor2_TCCGGGAAGAGCCGTA-1,donor2,19
donor2_TCCGGGAAGAGGGTGG-1,donor2,3
donor2_TCCGGGAAGCCGGAAT-1,donor2,2
donor2_TCCGGGACAAATGAGT-1,donor2,2
donor2_TCCGGGACACCTGTCT-1,donor2,8
donor2_TCCGGGACAGAACCGA-1,donor2,12
donor2_TCCGGGACATGCGTGC-1,donor2,19
donor2_TCCGGGAGTAACCCTA-1,donor2,15
donor2_TCCGGGAGTACTAGCT-1,donor2,17
donor2_TCCGGGAGTAGGTCAG-1,donor2,19
donor2_TCCGGGAGTCACTGAT-1,donor2,20
donor2_TCCGGGAGTTCGAGCC-1,donor2,2
donor2_TCCGGGAGTTTGGCTA-1,donor2,17
donor2_TCCGGGATCCATGATG-1,donor2,4
donor2_TCCGGGATCGTCCTTG-1,donor2,17
donor2_TCCGTGTCAAGATGTA-1,donor2,18
donor2_TCCGTGTGTACATACC-1,donor2,20
donor2_TCCGTGTGTATAGGAT-1,donor2,2
donor2_TCCGTGTGTCACCACG-1,donor2,4
donor2_TCCGTGTGTGAACGGT-1,donor2,15
donor2_TCCGTGTGTGTATACC-1,donor2,18
donor2_TCCGTGTGTTAGGGTG-1,donor2,18
donor2_TCCGTGTGTTATAGAG-1,donor2,8
donor2_TCCGTGTGTTTATGCG-1,donor2,20
donor2_TCCGTGTTCAGGAAAT-1,donor2,12
donor2_TCCGTGTTCCAAGCTA-1,donor2,2
donor2_TCCGTGTTCCGACAGC-1,donor2,18
donor2_TCCGTGTTCGCATTGA-1,donor2,18
donor2_TCCTAATAGAATTGCA-1,donor2,15
donor2_TCCTAATAGATTCGAA-1,donor2,18
donor2_TCCTAATAGGTAGCCA-1,donor2,3
donor2_TCCTAATAGGTTGTTC-1,donor2,16
donor2_TCCTAATAGTTGAAAC-1,donor2,17
donor2_TCCTAATCAACGTATC-1,donor2,17
donor2_TCCTAATCAACTACGT-1,donor2,17
donor2_TCCTAATCAGAACTAA-1,donor2,18
donor2_TCCTAATGTAGAGGAA-1,donor2,2
donor2_TCCTAATGTATCTTCT-1,donor2,2
donor2_TCCTAATGTCCCTGAG-1,donor2,18
donor2_TCCTAATGTTAAAGTG-1,donor2,17
donor2_TCCTAATGTTAGGAGC-1,donor2,0
donor2_TCCTAATGTTCCAGGC-1,donor2,16
donor2_TCCTAATTCGGAGATG-1,donor2,16
donor2_TCCTCCCAGAGCCTGA-1,donor2,2
donor2_TCCTCCCAGAGCTGAC-1,donor2,2
donor2_TCCTCCCAGCATATGA-1,donor2,2
donor2_TCCTCCCAGCCAACCC-1,donor2,15
donor2_TCCTCCCCAAGTCCAT-1,donor2,2
donor2_TCCTCCCCACGACTAT-1,donor2,0
donor2_TCCTCCCCACGAGGTA-1,donor2,2
donor2_TCCTCCCGTGGGAGAG-1,donor2,3
donor2_TCCTCCCTCAAACTGC-1,donor2,1
donor2_TCCTCCCTCAGAGTTC-1,donor2,17
donor2_TCCTCCCTCTCCACTG-1,donor2,2
donor2_TCCTCGAAGCTAGATA-1,donor2,6
donor2_TCCTCGAAGGCGTTAG-1,donor2,5
donor2_TCCTCGAAGGGTTAAT-1,donor2,19
donor2_TCCTCGACAACAACAA-1,donor2,21
donor2_TCCTCGACACGACAGA-1,donor2,19
donor2_TCCTCGACAGCAGACA-1,donor2,17
donor2_TCCTCGACATGAGAAT-1,donor2,4
donor2_TCCTCGAGTGTCACAT-1,donor2,19
donor2_TCCTCGAGTGTCGCTG-1,donor2,2
donor2_TCCTCGAGTTTACGAC-1,donor2,26
donor2_TCCTCGATCAAAGACA-1,donor2,1
donor2_TCCTCGATCTCGCAGG-1,donor2,16
donor2_TCCTCTTAGATCCGAG-1,donor2,3
donor2_TCCTCTTAGATGGCAC-1,donor2,2
donor2_TCCTCTTAGCGTTCAT-1,donor2,18
donor2_TCCTCTTAGGATACCG-1,donor2,21
donor2_TCCTCTTAGTCATACC-1,donor2,6
donor2_TCCTCTTCAAGTATAG-1,donor2,2
donor2_TCCTCTTCACATTGTG-1,donor2,2
donor2_TCCTCTTCAGAACTCT-1,donor2,2
donor2_TCCTCTTCAGATAAAC-1,donor2,3
donor2_TCCTCTTCAGTTTCGA-1,donor2,2
donor2_TCCTCTTGTATACGGG-1,donor2,2
donor2_TCCTCTTGTGTTAAAG-1,donor2,15
donor2_TCCTCTTTCAATGTCG-1,donor2,17
donor2_TCCTCTTTCACCTCAC-1,donor2,17
donor2_TCCTCTTTCCCTCGTA-1,donor2,1
donor2_TCCTCTTTCGCTCCTA-1,donor2,20
donor2_TCCTCTTTCTTCACGC-1,donor2,1
donor2_TCCTGCAAGAGATCGC-1,donor2,17
donor2_TCCTGCAAGCCTGGAA-1,donor2,4
donor2_TCCTGCAAGCGTTCCG-1,donor2,2
donor2_TCCTGCAAGGAATCGC-1,donor2,3
donor2_TCCTGCAAGGGAGGGT-1,donor2,3
donor2_TCCTGCAAGTAGAATC-1,donor2,18
donor2_TCCTGCAAGTCCGCGT-1,donor2,0
donor2_TCCTGCACACTACTTT-1,donor2,5
donor2_TCCTGCACAGAACTCT-1,donor2,17
donor2_TCCTGCAGTAACGCGA-1,donor2,2
donor2_TCCTGCAGTCCGTTTC-1,donor2,18
donor2_TCCTGCAGTGTTACAC-1,donor2,1
donor2_TCCTGCAGTTTCCATT-1,donor2,3
donor2_TCCTGCATCGCTGTCT-1,donor2,18
donor2_TCCTGCATCGGAACTT-1,donor2,17
donor2_TCCTGCATCTAAACGC-1,donor2,8
donor2_TCCTGCATCTACAGGT-1,donor2,20
donor2_TCCTTCTAGATGCCGA-1,donor2,0
donor2_TCCTTCTAGCAAATCA-1,donor2,2
donor2_TCCTTCTAGCAACCAG-1,donor2,16
donor2_TCCTTCTAGGTCACTT-1,donor2,6
donor2_TCCTTCTAGGTTGGTG-1,donor2,15
donor2_TCCTTCTAGTTTAGGA-1,donor2,16
donor2_TCCTTCTCAAACAGGC-1,donor2,15
donor2_TCCTTCTCACCATTCC-1,donor2,15
donor2_TCCTTCTCACCGAATT-1,donor2,19
donor2_TCCTTCTCAGAGCTAG-1,donor2,0
donor2_TCCTTCTCAGTAGAAT-1,donor2,25
donor2_TCCTTCTGTAGCGATG-1,donor2,3
donor2_TCCTTCTGTCACCTTC-1,donor2,2
donor2_TCCTTCTGTCGTACTA-1,donor2,16
donor2_TCCTTCTGTCTAGTGT-1,donor2,2
donor2_TCCTTCTTCTGCTTTA-1,donor2,19
donor2_TCCTTTCAGATTGAGT-1,donor2,0
donor2_TCCTTTCAGGACAACC-1,donor2,15
donor2_TCCTTTCAGGGTTAGC-1,donor2,15
donor2_TCCTTTCAGGTTGAGC-1,donor2,5
donor2_TCCTTTCAGTTGTCGT-1,donor2,15
donor2_TCCTTTCCAATGCTCA-1,donor2,0
donor2_TCCTTTCCAGCATTGT-1,donor2,19
donor2_TCCTTTCCAGGGACTA-1,donor2,2
donor2_TCCTTTCCAGTTGGTT-1,donor2,2
donor2_TCCTTTCCATCACCAA-1,donor2,19
donor2_TCCTTTCCATCGTGCG-1,donor2,1
donor2_TCCTTTCCATTAAGCC-1,donor2,2
donor2_TCCTTTCGTAGGAGTC-1,donor2,19
donor2_TCCTTTCGTGAATGTA-1,donor2,6
donor2_TCCTTTCGTGTATTCG-1,donor2,2
donor2_TCCTTTCGTTCGAAGG-1,donor2,0
donor2_TCCTTTCGTTTGGGAG-1,donor2,19
donor2_TCCTTTCTCCATCCGT-1,donor2,2
donor2_TCCTTTCTCCTAGCTC-1,donor2,16
donor2_TCCTTTCTCGAGAATA-1,donor2,26
donor2_TCCTTTCTCTACCACC-1,donor2,27
donor2_TCCTTTCTCTCGTGAA-1,donor2,17
donor2_TCGAACAAGAATCGTA-1,donor2,0
donor2_TCGAACAAGACGTCCC-1,donor2,2
donor2_TCGAACAAGATAGCTA-1,donor2,0
donor2_TCGAACAAGCAACAAT-1,donor2,11
donor2_TCGAACAAGCTTCATG-1,donor2,1
donor2_TCGAACAAGGAGTATT-1,donor2,19
donor2_TCGAACACAACTTGCA-1,donor2,16
donor2_TCGAACACACCCTATC-1,donor2,21
donor2_TCGAACACACGCTGCA-1,donor2,18
donor2_TCGAACACAGAGGTTG-1,donor2,2
donor2_TCGAACAGTATCGCTA-1,donor2,18
donor2_TCGAACAGTCACTAGT-1,donor2,17
donor2_TCGAACAGTTACCTTT-1,donor2,21
donor2_TCGAACATCAAGTGTC-1,donor2,18
donor2_TCGAACATCGGTCGAC-1,donor2,4
donor2_TCGAACATCTCAGGCG-1,donor2,0
donor2_TCGAACATCTGTCGCT-1,donor2,2
donor2_TCGAAGTAGAACGTGC-1,donor2,1
donor2_TCGAAGTAGATTGATG-1,donor2,2
donor2_TCGAAGTAGCGAAACC-1,donor2,2
donor2_TCGAAGTCAGAGTCAG-1,donor2,16
donor2_TCGAAGTCAGCGTGCT-1,donor2,16
donor2_TCGAAGTCATCTGGGC-1,donor2,18
donor2_TCGAAGTCATTAAGCC-1,donor2,2
donor2_TCGAAGTGTAACCCGC-1,donor2,1
donor2_TCGAAGTGTAATACCC-1,donor2,17
donor2_TCGAAGTGTAGACGTG-1,donor2,3
donor2_TCGAAGTGTAGCACAG-1,donor2,0
donor2_TCGAAGTGTCCAAATC-1,donor2,19
donor2_TCGAAGTGTTGCCTAA-1,donor2,17
donor2_TCGAAGTTCAAGTTGC-1,donor2,18
donor2_TCGAAGTTCTCAGTCC-1,donor2,6
donor2_TCGACCTAGCACTCGC-1,donor2,1
donor2_TCGACCTAGGTGCTTT-1,donor2,21
donor2_TCGACCTCAAGCAATA-1,donor2,5
donor2_TCGACCTCAAGTGGTG-1,donor2,3
donor2_TCGACCTCACAAGTTC-1,donor2,17
donor2_TCGACCTCACCGGAAA-1,donor2,15
donor2_TCGACCTCACTAACGT-1,donor2,4
donor2_TCGACCTCAGTAACGG-1,donor2,20
donor2_TCGACCTGTATAGGGC-1,donor2,17
donor2_TCGACCTGTGAGGCAT-1,donor2,19
donor2_TCGACCTTCAAAGACA-1,donor2,3
donor2_TCGACCTTCAAGCTTG-1,donor2,0
donor2_TCGACCTTCATTTGGG-1,donor2,16
donor2_TCGACCTTCCACTTTA-1,donor2,3
donor2_TCGACCTTCCAGTACA-1,donor2,5
donor2_TCGACCTTCCTCGCAT-1,donor2,3
donor2_TCGACCTTCGGCATCG-1,donor2,14
donor2_TCGACCTTCTCATAGG-1,donor2,6
donor2_TCGACCTTCTCTATGT-1,donor2,16
donor2_TCGACCTTCTGGGTCG-1,donor2,27
donor2_TCGACCTTCTTTCGAT-1,donor2,4
donor2_TCGACGGAGCAATAAC-1,donor2,17
donor2_TCGACGGAGGATGTTA-1,donor2,3
donor2_TCGACGGCAATAGTGA-1,donor2,20
donor2_TCGACGGCACATAACC-1,donor2,21
donor2_TCGACGGCACCCAAGC-1,donor2,2
donor2_TCGACGGCACGTAGAG-1,donor2,2
donor2_TCGACGGCATGGCGCT-1,donor2,11
donor2_TCGACGGCATGTTCAG-1,donor2,1
donor2_TCGACGGGTCTCTCTG-1,donor2,3
donor2_TCGACGGTCCTTATAC-1,donor2,3
donor2_TCGACGGTCGACATAC-1,donor2,8
donor2_TCGACGGTCTCCTGTG-1,donor2,21
donor2_TCGATTTAGACTCTAC-1,donor2,8
donor2_TCGATTTAGAGTGAAG-1,donor2,1
donor2_TCGATTTAGGCTCACC-1,donor2,4
donor2_TCGATTTCAAATTGGA-1,donor2,6
donor2_TCGATTTCAATGGGTG-1,donor2,1
donor2_TCGATTTCACGATTCA-1,donor2,18
donor2_TCGATTTGTAGCGTTT-1,donor2,4
donor2_TCGATTTGTGCCCACA-1,donor2,18
donor2_TCGATTTGTGGTCTGC-1,donor2,8
donor2_TCGATTTGTTGCTAGT-1,donor2,3
donor2_TCGATTTTCAAGATAG-1,donor2,16
donor2_TCGATTTTCAGTCTTT-1,donor2,1
donor2_TCGATTTTCCGCCTAT-1,donor2,26
donor2_TCGATTTTCGCTACGG-1,donor2,3
donor2_TCGATTTTCGGTCGGT-1,donor2,3
donor2_TCGATTTTCTGACGCG-1,donor2,16
donor2_TCGCACTAGTACCATC-1,donor2,2
donor2_TCGCACTAGTATCCTG-1,donor2,4
donor2_TCGCACTCAAATGGCG-1,donor2,22
donor2_TCGCACTCAGACTGCC-1,donor2,2
donor2_TCGCACTGTAGGAGTC-1,donor2,21
donor2_TCGCACTGTATCACGT-1,donor2,2
donor2_TCGCACTGTCCAAATC-1,donor2,27
donor2_TCGCACTGTTGGTAGG-1,donor2,0
donor2_TCGCACTTCAACCCGG-1,donor2,5
donor2_TCGCACTTCACCCTTG-1,donor2,2
donor2_TCGCACTTCGAAGGAC-1,donor2,5
donor2_TCGCACTTCGAATGCT-1,donor2,1
donor2_TCGCACTTCTATCGTT-1,donor2,19
donor2_TCGCACTTCTCTAAGG-1,donor2,17
donor2_TCGCAGGAGAAGTCTA-1,donor2,0
donor2_TCGCAGGAGAATTGTG-1,donor2,17
donor2_TCGCAGGAGGACTTCT-1,donor2,15
donor2_TCGCAGGAGGGCTGAT-1,donor2,0
donor2_TCGCAGGAGTATGAGT-1,donor2,1
donor2_TCGCAGGCATCCTAAG-1,donor2,20
donor2_TCGCAGGCATCCTGTC-1,donor2,3
donor2_TCGCAGGCATGGAATA-1,donor2,17
donor2_TCGCAGGCATTACGGT-1,donor2,2
donor2_TCGCAGGGTCTGTGAT-1,donor2,21
donor2_TCGCAGGGTGGCAGAT-1,donor2,18
donor2_TCGCAGGGTTAGGGTG-1,donor2,3
donor2_TCGCAGGTCAGGACGA-1,donor2,3
donor2_TCGCTCAAGCGTGTTT-1,donor2,3
donor2_TCGCTCAAGGCATCGA-1,donor2,0
donor2_TCGCTCAAGGCGTTGA-1,donor2,19
donor2_TCGCTCAAGGCTAGCA-1,donor2,17
donor2_TCGCTCAAGGGTGGGA-1,donor2,3
donor2_TCGCTCAAGTTGCCCG-1,donor2,17
donor2_TCGCTCACAAGAATAC-1,donor2,2
donor2_TCGCTCACAAGAGGTC-1,donor2,2
donor2_TCGCTCACACCTTCCA-1,donor2,17
donor2_TCGCTCACAGTCAGAG-1,donor2,2
donor2_TCGCTCAGTCTCTCCA-1,donor2,16
donor2_TCGCTCAGTTTCACTT-1,donor2,3
donor2_TCGCTCATCATTGCCC-1,donor2,2
donor2_TCGCTTGAGCCAAGCA-1,donor2,8
donor2_TCGCTTGCAAGCCTGC-1,donor2,15
donor2_TCGCTTGCACGCCAGT-1,donor2,20
donor2_TCGCTTGGTATTCTCT-1,donor2,3
donor2_TCGCTTGGTCAGTTTG-1,donor2,15
donor2_TCGCTTGGTTGTGGCC-1,donor2,0
donor2_TCGCTTGTCAACGCTA-1,donor2,6
donor2_TCGCTTGTCAGACCTA-1,donor2,0
donor2_TCGCTTGTCCATAGGT-1,donor2,24
donor2_TCGCTTGTCCTTCACG-1,donor2,0
donor2_TCGCTTGTCGCCTAGG-1,donor2,18
donor2_TCGGATAAGAGCCGAT-1,donor2,2
donor2_TCGGATAAGATGGTAT-1,donor2,19
donor2_TCGGATAAGGCAATGC-1,donor2,17
donor2_TCGGATAAGTTGAATG-1,donor2,19
donor2_TCGGATACACGCGCTA-1,donor2,17
donor2_TCGGATACAGAGGACT-1,donor2,4
donor2_TCGGATACATGACTGT-1,donor2,3
donor2_TCGGATACATTACGGT-1,donor2,12
donor2_TCGGATAGTAGATGTA-1,donor2,22
donor2_TCGGATAGTGAGTAAT-1,donor2,2
donor2_TCGGATAGTTAGGAGC-1,donor2,2
donor2_TCGGATATCACGTCCT-1,donor2,8
donor2_TCGGATATCCTGCCAT-1,donor2,2
donor2_TCGGATATCGGTAGGA-1,donor2,2
donor2_TCGGGACAGCCAAGCA-1,donor2,3
donor2_TCGGGACAGTCACACT-1,donor2,26
donor2_TCGGGACAGTTGCCTA-1,donor2,20
donor2_TCGGGACCACAGAGCA-1,donor2,3
donor2_TCGGGACCATAACCCA-1,donor2,3
donor2_TCGGGACCATTCACCC-1,donor2,15
donor2_TCGGGACGTACTCCGG-1,donor2,16
donor2_TCGGGACGTGTAGTGG-1,donor2,16
donor2_TCGGGACTCACGTAGT-1,donor2,8
donor2_TCGGGACTCCACGTCT-1,donor2,16
donor2_TCGGGCAAGAGTGTTA-1,donor2,3
donor2_TCGGGCACAACGTTAC-1,donor2,15
donor2_TCGGGCACAAGTCATC-1,donor2,1
donor2_TCGGGCACACCCTTGT-1,donor2,3
donor2_TCGGGCACAGCGTTGC-1,donor2,19
donor2_TCGGGCAGTGCTCGTG-1,donor2,0
donor2_TCGGGCAGTTATAGCC-1,donor2,3
donor2_TCGGGCAGTTATCCAG-1,donor2,2
donor2_TCGGGCATCAGCTTCC-1,donor2,8
donor2_TCGGGCATCCAGCAAT-1,donor2,17
donor2_TCGGGCATCCTAGCCT-1,donor2,17
donor2_TCGGGCATCCTATGGA-1,donor2,18
donor2_TCGGGTGAGATGGCGT-1,donor2,21
donor2_TCGGGTGCACCGCTAG-1,donor2,2
donor2_TCGGGTGCATCGATAC-1,donor2,1
donor2_TCGGGTGCATTACGGT-1,donor2,3
donor2_TCGGGTGCATTGGATC-1,donor2,3
donor2_TCGGGTGGTGACCTGC-1,donor2,1
donor2_TCGGGTGGTGAGTGAC-1,donor2,3
donor2_TCGGGTGTCACATCAG-1,donor2,16
donor2_TCGGGTGTCCACCTCA-1,donor2,3
donor2_TCGGGTGTCGGTCTAA-1,donor2,6
donor2_TCGGTCTAGGTTGCCC-1,donor2,8
donor2_TCGGTCTCAGACATCT-1,donor2,2
donor2_TCGGTCTCAGCTTCCT-1,donor2,27
donor2_TCGGTCTCAGGCGTTC-1,donor2,4
donor2_TCGGTCTCATCAGTCA-1,donor2,21
donor2_TCGGTCTGTATTGACC-1,donor2,27
donor2_TCGGTCTGTGCGAGTA-1,donor2,2
donor2_TCGGTCTGTGGGTCAA-1,donor2,2
donor2_TCGGTCTTCCCGAGGT-1,donor2,2
donor2_TCGGTCTTCCGTGCGA-1,donor2,12
donor2_TCGGTCTTCCGTGGTG-1,donor2,17
donor2_TCGGTCTTCCTGGGAC-1,donor2,16
donor2_TCGGTCTTCGGTCACG-1,donor2,4
donor2_TCGTAGAAGGAACGCT-1,donor2,2
donor2_TCGTAGAAGGATTTAG-1,donor2,18
donor2_TCGTAGAAGTTCTACG-1,donor2,17
donor2_TCGTAGACAACCACGC-1,donor2,4
donor2_TCGTAGACAAGCAATA-1,donor2,18
donor2_TCGTAGAGTCGCAACC-1,donor2,3
donor2_TCGTAGAGTGTAACGG-1,donor2,17
donor2_TCGTAGAGTGTATACC-1,donor2,16
donor2_TCGTAGAGTGTTCCTC-1,donor2,17
donor2_TCGTAGAGTTCTGACA-1,donor2,0
donor2_TCGTAGAGTTTCGGCG-1,donor2,1
donor2_TCGTAGATCAAGGACG-1,donor2,17
donor2_TCGTAGATCATCCTGC-1,donor2,6
donor2_TCGTAGATCGACCTAA-1,donor2,27
donor2_TCGTAGATCTACAGGT-1,donor2,12
donor2_TCGTAGATCTTTACAC-1,donor2,21
donor2_TCGTCCAAGACAACTA-1,donor2,3
donor2_TCGTCCAAGAGGGCGA-1,donor2,20
donor2_TCGTCCAAGGATACGC-1,donor2,1
donor2_TCGTCCACAAGCAATA-1,donor2,1
donor2_TCGTCCACACAAATCC-1,donor2,25
donor2_TCGTCCACACTGATTG-1,donor2,21
donor2_TCGTCCAGTCCAGAAG-1,donor2,1
donor2_TCGTCCAGTCTGGTTA-1,donor2,15
donor2_TCGTCCAGTTGCTCAA-1,donor2,18
donor2_TCGTCCAGTTTCGTAG-1,donor2,18
donor2_TCGTCCATCCCGTAAA-1,donor2,8
donor2_TCGTGCTAGGTGCTAG-1,donor2,17
donor2_TCGTGCTAGTGTAGTA-1,donor2,3
donor2_TCGTGCTCACGTCTCT-1,donor2,12
donor2_TCGTGCTGTCTTACTT-1,donor2,8
donor2_TCGTGCTGTGCTTATG-1,donor2,16
donor2_TCGTGCTTCGAGTCCG-1,donor2,19
donor2_TCGTGGGAGGAGGGTG-1,donor2,0
donor2_TCGTGGGAGGCTAAAT-1,donor2,8
donor2_TCGTGGGCAAGGTCTT-1,donor2,20
donor2_TCGTGGGCACAACGAG-1,donor2,21
donor2_TCGTGGGCACGCGCTA-1,donor2,3
donor2_TCGTGGGCACTGTTCC-1,donor2,5
donor2_TCGTGGGCAGCCTTCT-1,donor2,2
donor2_TCGTGGGGTGGACAGT-1,donor2,17
donor2_TCGTGGGTCAAGTCGT-1,donor2,6
donor2_TCGTGGGTCAGACAAA-1,donor2,15
donor2_TCGTGGGTCCTCGCAT-1,donor2,0
donor2_TCGTGGGTCCTTACCG-1,donor2,1
donor2_TCTAACTCAAATGCGG-1,donor2,17
donor2_TCTAACTCAACCGACC-1,donor2,4
donor2_TCTAACTGTACGATGG-1,donor2,18
donor2_TCTAACTGTACGGCAA-1,donor2,18
donor2_TCTAACTGTAGAAACT-1,donor2,0
donor2_TCTAACTGTCAAGCGA-1,donor2,17
donor2_TCTAACTGTGAGATTA-1,donor2,2
donor2_TCTAACTGTGGATCAG-1,donor2,3
donor2_TCTAACTGTGTTCATG-1,donor2,8
donor2_TCTAACTTCAGAGTTC-1,donor2,1
donor2_TCTAACTTCGTTCTCG-1,donor2,5
donor2_TCTACATAGCGGCTCT-1,donor2,24
donor2_TCTACATAGCGTGAAC-1,donor2,0
donor2_TCTACATAGCGTTGTT-1,donor2,20
donor2_TCTACATAGGTAGGCT-1,donor2,16
donor2_TCTACATAGTAAACTG-1,donor2,0
donor2_TCTACATCAAGCTGTT-1,donor2,7
donor2_TCTACATCATCGTTCC-1,donor2,3
donor2_TCTACATTCAAGAATG-1,donor2,15
donor2_TCTACATTCACGTCCT-1,donor2,1
donor2_TCTACCGAGAAGAGCA-1,donor2,12
donor2_TCTACCGAGACCAGCA-1,donor2,15
donor2_TCTACCGAGGTAGACC-1,donor2,15
donor2_TCTACCGCAATAACGA-1,donor2,3
donor2_TCTACCGCAGAAATTG-1,donor2,2
donor2_TCTACCGCATAACCCA-1,donor2,3
donor2_TCTACCGCATGCAGGA-1,donor2,0
donor2_TCTACCGGTACCCAGC-1,donor2,6
donor2_TCTACCGGTAGAGCTG-1,donor2,2
donor2_TCTACCGGTATTTCGG-1,donor2,16
donor2_TCTACCGGTCTTGTCC-1,donor2,14
donor2_TCTACCGGTGATTGGG-1,donor2,20
donor2_TCTACCGGTTACACAC-1,donor2,8
donor2_TCTACCGTCCGGTAGC-1,donor2,1
donor2_TCTACCGTCCTGTACC-1,donor2,0
donor2_TCTACCGTCTGAGGTT-1,donor2,0
donor2_TCTACCGTCTTGAACG-1,donor2,4
donor2_TCTATACAGCGTGTCC-1,donor2,4
donor2_TCTATACAGGACGGAG-1,donor2,15
donor2_TCTATACAGGTTGGAC-1,donor2,19
donor2_TCTATACAGTTTGTCG-1,donor2,4
donor2_TCTATACCAATCTCGA-1,donor2,4
donor2_TCTATACCAGTGCCTG-1,donor2,8
donor2_TCTATACCAGTTAAAG-1,donor2,15
donor2_TCTATACGTCGTGCCA-1,donor2,4
donor2_TCTATACGTCTGATAC-1,donor2,19
donor2_TCTATACGTGTTCAGT-1,donor2,15
donor2_TCTATACTCCAAAGGG-1,donor2,8
donor2_TCTATACTCGCTACGG-1,donor2,23
donor2_TCTATCAAGCAAATGT-1,donor2,19
donor2_TCTATCAAGTCGGCAA-1,donor2,16
donor2_TCTATCAAGTGCCGAA-1,donor2,3
donor2_TCTATCACACAGCCAC-1,donor2,6
donor2_TCTATCACACCTGCTT-1,donor2,24
donor2_TCTATCACAGATACCT-1,donor2,0
donor2_TCTATCACATGACGTT-1,donor2,2
donor2_TCTATCACATTCCTCG-1,donor2,17
donor2_TCTATCAGTATTTCTC-1,donor2,0
donor2_TCTATCAGTCAAGGCA-1,donor2,3
donor2_TCTATCAGTGTGTGTT-1,donor2,19
donor2_TCTATCAGTTGAGGAC-1,donor2,8
donor2_TCTATCATCGATAACC-1,donor2,16
donor2_TCTATCATCGTCTACC-1,donor2,0
donor2_TCTATCATCGTTCTAT-1,donor2,8
donor2_TCTCACGAGCGACAGT-1,donor2,8
donor2_TCTCACGCATTCACCC-1,donor2,19
donor2_TCTCACGGTAGTCCTA-1,donor2,12
donor2_TCTCACGGTCGTTGCG-1,donor2,17
donor2_TCTCACGGTTCCGCGA-1,donor2,8
donor2_TCTCACGGTTCGGACC-1,donor2,18
donor2_TCTCACGTCACTTGTT-1,donor2,3
donor2_TCTCACGTCCACTTTA-1,donor2,19
donor2_TCTCACGTCTCTGAGA-1,donor2,2
donor2_TCTCAGCAGCGTGAGT-1,donor2,2
donor2_TCTCAGCCACACTTAG-1,donor2,17
donor2_TCTCAGCCACTAACCA-1,donor2,0
donor2_TCTCAGCCAGCTGTTA-1,donor2,4
donor2_TCTCAGCCAGTCGCTG-1,donor2,17
donor2_TCTCAGCGTGTCCGTG-1,donor2,19
donor2_TCTCAGCTCCGGCAAC-1,donor2,3
donor2_TCTCAGCTCGCTGACG-1,donor2,3
donor2_TCTCCGAAGGCTATCT-1,donor2,21
donor2_TCTCCGACACGGCTAC-1,donor2,3
donor2_TCTCCGACACGTTCGG-1,donor2,0
donor2_TCTCCGACAGATACTC-1,donor2,17
donor2_TCTCCGAGTGACATCT-1,donor2,17
donor2_TCTCCGAGTGTACATC-1,donor2,19
donor2_TCTCCGATCACGGGAA-1,donor2,8
donor2_TCTCCGATCAGACCCG-1,donor2,8
donor2_TCTCCGATCTCGGGAC-1,donor2,3
donor2_TCTCTGGAGTCCTGCG-1,donor2,18
donor2_TCTCTGGAGTTTCGAC-1,donor2,4
donor2_TCTCTGGCAAAGCTAA-1,donor2,18
donor2_TCTCTGGCATATGCGT-1,donor2,8
donor2_TCTCTGGGTCTCGCGA-1,donor2,5
donor2_TCTCTGGTCATAGGCT-1,donor2,2
donor2_TCTCTGGTCCTATGGA-1,donor2,3
donor2_TCTCTGGTCCTCTGCA-1,donor2,2
donor2_TCTCTGGTCGCCGAAC-1,donor2,2
donor2_TCTCTGGTCTATGTGG-1,donor2,12
donor2_TCTGCCAAGAGTAACT-1,donor2,12
donor2_TCTGCCAAGCCTATCA-1,donor2,2
donor2_TCTGCCAAGCGACATG-1,donor2,15
donor2_TCTGCCAAGCGGTAGT-1,donor2,21
donor2_TCTGCCACACAACGCC-1,donor2,0
donor2_TCTGCCACAGTAGGAC-1,donor2,8
donor2_TCTGCCAGTAGTCACT-1,donor2,4
donor2_TCTGCCAGTCCTACGG-1,donor2,17
donor2_TCTGCCAGTCGGTGTC-1,donor2,1
donor2_TCTGCCAGTGAACGGT-1,donor2,3
donor2_TCTGCCAGTGAGCCAA-1,donor2,2
donor2_TCTGCCAGTGGACTGA-1,donor2,17
donor2_TCTGCCATCAAACTGC-1,donor2,21
donor2_TCTGCCATCTCTCCGA-1,donor2,8
donor2_TCTGGCTAGCCGATAG-1,donor2,18
donor2_TCTGGCTAGTATGATG-1,donor2,2
donor2_TCTGGCTAGTCTAGCT-1,donor2,4
donor2_TCTGGCTAGTTCATCG-1,donor2,0
donor2_TCTGGCTCACCATATG-1,donor2,2
donor2_TCTGGCTCAGACATCT-1,donor2,3
donor2_TCTGGCTCAGACCTAT-1,donor2,15
donor2_TCTGGCTCAGGTTCAT-1,donor2,2
donor2_TCTGGCTGTGCATACT-1,donor2,19
donor2_TCTGGCTGTGCTGTCG-1,donor2,3
donor2_TCTGGCTGTTCAACGT-1,donor2,15
donor2_TCTGGCTGTTCTATCT-1,donor2,15
donor2_TCTGGCTGTTCTCTCG-1,donor2,17
donor2_TCTGGCTTCCAAATGC-1,donor2,8
donor2_TCTGGCTTCGCTGACG-1,donor2,8
donor2_TCTGGCTTCGGAGTAG-1,donor2,2
donor2_TCTGGCTTCGGCTGGT-1,donor2,20
donor2_TCTGGCTTCTCCTGAC-1,donor2,1
donor2_TCTGTCGAGCGATTCT-1,donor2,20
donor2_TCTGTCGAGGTAGACC-1,donor2,17
donor2_TCTGTCGAGGTCATCT-1,donor2,2
donor2_TCTGTCGAGTGGTCAG-1,donor2,20
donor2_TCTGTCGAGTTACTCG-1,donor2,4
donor2_TCTGTCGCAGAACTCT-1,donor2,21
donor2_TCTGTCGGTACCGCGT-1,donor2,17
donor2_TCTGTCGGTTGGGAAC-1,donor2,3
donor2_TCTGTCGGTTTGTGGT-1,donor2,8
donor2_TCTGTCGTCAGGGTAG-1,donor2,17
donor2_TCTGTCGTCATCCTGC-1,donor2,17
donor2_TCTGTCGTCATGCAGT-1,donor2,21
donor2_TCTGTCGTCATTTCGT-1,donor2,3
donor2_TCTGTCGTCATTTGCT-1,donor2,17
donor2_TCTGTCGTCCATTTCA-1,donor2,8
donor2_TCTGTCGTCGCAGTCG-1,donor2,21
donor2_TCTGTCGTCGGTAGAG-1,donor2,17
donor2_TCTGTCGTCTCACCCA-1,donor2,16
donor2_TCTTAGTAGACCCTTA-1,donor2,2
donor2_TCTTAGTAGACTCCGC-1,donor2,8
donor2_TCTTAGTAGGGAGGGT-1,donor2,17
donor2_TCTTAGTAGTATAACG-1,donor2,0
donor2_TCTTAGTCAAAGCTCT-1,donor2,8
donor2_TCTTAGTCAACTCCAA-1,donor2,8
donor2_TCTTAGTCAGCAGATG-1,donor2,19
donor2_TCTTAGTCAGGCATGA-1,donor2,2
donor2_TCTTAGTCAGTCAGCC-1,donor2,17
donor2_TCTTAGTCATCTCATT-1,donor2,4
donor2_TCTTAGTGTAAGATCA-1,donor2,16
donor2_TCTTAGTGTATCGCTA-1,donor2,5
donor2_TCTTAGTGTGCCGTTG-1,donor2,2
donor2_TCTTAGTTCAACTCTT-1,donor2,21
donor2_TCTTAGTTCGTTCTCG-1,donor2,2
donor2_TCTTAGTTCTCTGAGA-1,donor2,1
donor2_TCTTAGTTCTCTTCAA-1,donor2,4
donor2_TCTTAGTTCTTACCGC-1,donor2,18
donor2_TCTTCCTAGACGATAT-1,donor2,19
donor2_TCTTCCTAGCTTAGTC-1,donor2,4
donor2_TCTTCCTAGGTAAAGG-1,donor2,8
donor2_TCTTCCTAGTCGTTAC-1,donor2,6
donor2_TCTTCCTCAATGTGGG-1,donor2,8
donor2_TCTTCCTCACATTACG-1,donor2,8
donor2_TCTTCCTCACCCTAGG-1,donor2,17
donor2_TCTTCCTGTTACCGTA-1,donor2,3
donor2_TCTTCCTTCAGACTGT-1,donor2,1
donor2_TCTTCCTTCCTCTTTC-1,donor2,18
donor2_TCTTGCGAGTCCCGAC-1,donor2,8
donor2_TCTTGCGCAAGCTGCC-1,donor2,16
donor2_TCTTGCGCAGCACACC-1,donor2,4
donor2_TCTTGCGGTACTGCGC-1,donor2,15
donor2_TCTTGCGGTGGCAACA-1,donor2,17
donor2_TCTTGCGTCATCTACT-1,donor2,15
donor2_TCTTTGAAGAGGCGTT-1,donor2,8
donor2_TCTTTGAAGATCGGTG-1,donor2,17
donor2_TCTTTGAAGCCTCAGC-1,donor2,20
donor2_TCTTTGAAGGTTGCCC-1,donor2,2
donor2_TCTTTGAAGTGGAAGA-1,donor2,2
donor2_TCTTTGACAGAATGTA-1,donor2,1
donor2_TCTTTGACATCGCTAA-1,donor2,16
donor2_TCTTTGAGTCCGGACT-1,donor2,15
donor2_TCTTTGAGTCTGGTTA-1,donor2,21
donor2_TCTTTGAGTGGAAATT-1,donor2,19
donor2_TCTTTGAGTGTGCTTA-1,donor2,27
donor2_TCTTTGAGTTCGTGCG-1,donor2,0
donor2_TCTTTGATCCTAAACG-1,donor2,2
donor2_TCTTTGATCGCCAATA-1,donor2,3
donor2_TGAACGTAGATGGCGT-1,donor2,19
donor2_TGAACGTAGGGTGAAA-1,donor2,15
donor2_TGAACGTAGGTGCCTC-1,donor2,2
donor2_TGAACGTAGTCCCAGC-1,donor2,3
donor2_TGAACGTCATCAGTCA-1,donor2,15
donor2_TGAACGTCATGGAGAC-1,donor2,3
donor2_TGAACGTGTATGCTAC-1,donor2,18
donor2_TGAACGTGTCACATTG-1,donor2,21
donor2_TGAACGTGTGACTCTA-1,donor2,8
donor2_TGAACGTGTTATGGTC-1,donor2,2
donor2_TGAACGTTCATCAGTG-1,donor2,21
donor2_TGAACGTTCCTCACGT-1,donor2,19
donor2_TGAACGTTCCTCGATC-1,donor2,18
donor2_TGAACGTTCGACATCA-1,donor2,3
donor2_TGAACGTTCGCATGAT-1,donor2,1
donor2_TGAACGTTCGGCTTCT-1,donor2,3
donor2_TGAACGTTCTAGGCCG-1,donor2,19
donor2_TGAACGTTCTTCGATT-1,donor2,21
donor2_TGAATCGAGACGGTTG-1,donor2,18
donor2_TGAATCGAGGAGGGTG-1,donor2,8
donor2_TGAATCGAGGTACTGG-1,donor2,20
donor2_TGAATCGCAGACAAAT-1,donor2,17
donor2_TGAATCGGTAGTGGCA-1,donor2,21
donor2_TGAATCGGTTCGTAAC-1,donor2,3
donor2_TGAATCGTCAACTTTC-1,donor2,3
donor2_TGAATCGTCACTACGA-1,donor2,1
donor2_TGAATCGTCAGAACCT-1,donor2,8
donor2_TGAATCGTCATTTCGT-1,donor2,4
donor2_TGAATCGTCCGGTAAT-1,donor2,2
donor2_TGAATCGTCGATCCCT-1,donor2,15
donor2_TGAATCGTCGCCCAGA-1,donor2,21
donor2_TGAATCGTCTAGCATG-1,donor2,8
donor2_TGAATCGTCTCCCATG-1,donor2,27
donor2_TGAATCGTCTTCGGTC-1,donor2,17
donor2_TGAATGCCAAGTTTGC-1,donor2,4
donor2_TGAATGCCAATGACCT-1,donor2,16
donor2_TGAATGCCAATGTCAC-1,donor2,1
donor2_TGAATGCCACGAGGAT-1,donor2,1
donor2_TGAATGCCAGCGTGCT-1,donor2,3
donor2_TGAATGCCATGCTGCG-1,donor2,2
donor2_TGAATGCGTATCGGTT-1,donor2,18
donor2_TGAATGCGTATGAAAC-1,donor2,3
donor2_TGAATGCGTCACATTG-1,donor2,18
donor2_TGAATGCGTGAAGCTG-1,donor2,8
donor2_TGAATGCGTGCTCCGA-1,donor2,19
donor2_TGAATGCGTTGCATAC-1,donor2,19
donor2_TGAATGCTCAATCGGT-1,donor2,19
donor2_TGAATGCTCCCATACC-1,donor2,19
donor2_TGAATGCTCCCGGTAG-1,donor2,21
donor2_TGAATGCTCTGCCTCA-1,donor2,17
donor2_TGACAGTAGAATCGCG-1,donor2,17
donor2_TGACAGTAGAGACAAG-1,donor2,2
donor2_TGACAGTAGATTGTGA-1,donor2,16
donor2_TGACAGTAGCCTGCCA-1,donor2,3
donor2_TGACAGTAGTGAGTTA-1,donor2,21
donor2_TGACAGTCAACAAGTA-1,donor2,8
donor2_TGACAGTGTGCCTAAT-1,donor2,1
donor2_TGACAGTGTTGCCATA-1,donor2,18
donor2_TGACAGTTCATCTACT-1,donor2,17
donor2_TGACAGTTCCGATTAG-1,donor2,4
donor2_TGACAGTTCGTAGTCA-1,donor2,3
donor2_TGACCCTAGCTACAAA-1,donor2,4
donor2_TGACCCTAGGGTGAAA-1,donor2,8
donor2_TGACCCTAGGTGCCTC-1,donor2,12
donor2_TGACCCTCATGCCATA-1,donor2,2
donor2_TGACCCTGTAGGTTTC-1,donor2,15
donor2_TGACCCTGTGATATAG-1,donor2,18
donor2_TGACCCTGTTATCTGG-1,donor2,15
donor2_TGACCCTTCCCATTCG-1,donor2,19
donor2_TGACCCTTCTCGCTCA-1,donor2,16
donor2_TGACGCGAGACATGCG-1,donor2,3
donor2_TGACGCGAGAGCGACT-1,donor2,18
donor2_TGACGCGAGATGTTAG-1,donor2,2
donor2_TGACGCGAGCCACTCG-1,donor2,18
donor2_TGACGCGAGCCTAACT-1,donor2,2
donor2_TGACGCGAGCTGGCTC-1,donor2,0
donor2_TGACGCGCAAAGGCGT-1,donor2,8
donor2_TGACGCGCAATGTGGG-1,donor2,17
donor2_TGACGCGCACGTGAGA-1,donor2,4
donor2_TGACGCGCACTCATAG-1,donor2,2
donor2_TGACGCGCAGAGTGAC-1,donor2,3
donor2_TGACGCGCATCCGAGC-1,donor2,8
donor2_TGACGCGCATCCTTGC-1,donor2,15
donor2_TGACGCGCATCGCTCT-1,donor2,4
donor2_TGACGCGGTAGTATAG-1,donor2,17
donor2_TGACGCGGTAGTGTGG-1,donor2,2
donor2_TGACGCGGTGGCTACC-1,donor2,2
donor2_TGACGCGTCAGTGGGA-1,donor2,3
donor2_TGACGCGTCCAACCGG-1,donor2,3
donor2_TGACGCGTCCATTGTT-1,donor2,8
donor2_TGACGCGTCGATCCCT-1,donor2,0
donor2_TGACGCGTCTGCACCT-1,donor2,26
donor2_TGACTCCAGCGTTCAT-1,donor2,20
donor2_TGACTCCAGTATTCCG-1,donor2,15
donor2_TGACTCCAGTCTAGAA-1,donor2,16
donor2_TGACTCCAGTGTCATC-1,donor2,3
donor2_TGACTCCCAAAGAGTT-1,donor2,16
donor2_TGACTCCCACGCGTCA-1,donor2,2
donor2_TGACTCCCAGGTTCGC-1,donor2,4
donor2_TGACTCCCATTGCCGG-1,donor2,18
donor2_TGACTCCGTAAGACCG-1,donor2,19
donor2_TGACTCCGTCACGCTG-1,donor2,15
donor2_TGACTCCGTCTGTGGC-1,donor2,0
donor2_TGACTCCTCAACTACG-1,donor2,4
donor2_TGACTCCTCAAGTTGC-1,donor2,0
donor2_TGACTCCTCCTGGGTG-1,donor2,3
donor2_TGACTCCTCTCGAACA-1,donor2,8
donor2_TGACTCCTCTTGGGCG-1,donor2,3
donor2_TGAGACTAGAAAGCGA-1,donor2,8
donor2_TGAGACTAGAGAGTGA-1,donor2,0
donor2_TGAGACTAGGCATCGA-1,donor2,8
donor2_TGAGACTAGGGAGGTG-1,donor2,21
donor2_TGAGACTAGGTACAAT-1,donor2,3
donor2_TGAGACTAGGTCGAGT-1,donor2,17
donor2_TGAGACTAGTATGGAT-1,donor2,20
donor2_TGAGACTAGTTAACAG-1,donor2,17
donor2_TGAGACTCAATACAGA-1,donor2,8
donor2_TGAGACTCATATTCGG-1,donor2,2
donor2_TGAGACTGTATCATGC-1,donor2,15
donor2_TGAGACTGTGAGATTA-1,donor2,16
donor2_TGAGACTGTGGTTTAC-1,donor2,16
donor2_TGAGACTTCCGCTTAC-1,donor2,6
donor2_TGAGCATAGATTGACA-1,donor2,19
donor2_TGAGCATAGCTAAACA-1,donor2,19
donor2_TGAGCATAGCTAATGA-1,donor2,3
donor2_TGAGCATAGGTATCTC-1,donor2,18
donor2_TGAGCATCAATAGGGC-1,donor2,18
donor2_TGAGCATCACTTTAGG-1,donor2,2
donor2_TGAGCATCAGTAGAAT-1,donor2,8
donor2_TGAGCATCAGTCTTCC-1,donor2,17
donor2_TGAGCATGTACAAGCG-1,donor2,19
donor2_TGAGCATGTAGGTACG-1,donor2,19
donor2_TGAGCATGTAGTCGTT-1,donor2,21
donor2_TGAGCATGTTAAACAG-1,donor2,16
donor2_TGAGCATTCAGCTGTA-1,donor2,19
donor2_TGAGCATTCAGCTTCC-1,donor2,4
donor2_TGAGCATTCCCGAAAT-1,donor2,2
donor2_TGAGCATTCGACACCG-1,donor2,26
donor2_TGAGCATTCGCTTTAT-1,donor2,0
donor2_TGAGCATTCTAGTACG-1,donor2,1
donor2_TGAGCGCAGCGTTAGG-1,donor2,2
donor2_TGAGCGCAGGACTATA-1,donor2,3
donor2_TGAGCGCAGGCCACCT-1,donor2,17
donor2_TGAGCGCAGTAAACTG-1,donor2,2
donor2_TGAGCGCCACTCAGAT-1,donor2,21
donor2_TGAGCGCCAGACACAG-1,donor2,18
donor2_TGAGCGCCAGTCGCTG-1,donor2,15
donor2_TGAGCGCCATGAATAG-1,donor2,0
donor2_TGAGCGCCATGTTCAG-1,donor2,3
donor2_TGAGCGCGTCATAGTC-1,donor2,18
donor2_TGAGCGCTCGGTAGGA-1,donor2,17
donor2_TGAGCGCTCTCAACGA-1,donor2,8
donor2_TGAGGAGAGTTACGTC-1,donor2,21
donor2_TGAGGAGCACCAGTTA-1,donor2,8
donor2_TGAGGAGGTGGTGATG-1,donor2,17
donor2_TGAGGAGTCGGCTATA-1,donor2,2
donor2_TGAGGAGTCTAGTACG-1,donor2,19
donor2_TGAGGAGTCTCGTCGT-1,donor2,2
donor2_TGAGGGAAGCAGCGAT-1,donor2,20
donor2_TGAGGGAAGGGTACGT-1,donor2,0
donor2_TGAGGGACAGCTGTTA-1,donor2,17
donor2_TGAGGGAGTACGAGTG-1,donor2,3
donor2_TGAGGGAGTGATCGTT-1,donor2,5
donor2_TGAGGGAGTTGCACGC-1,donor2,19
donor2_TGAGGGATCACCCATC-1,donor2,17
donor2_TGAGGGATCATCAGTG-1,donor2,4
donor2_TGAGGGATCGTTCTAT-1,donor2,19
donor2_TGAGGTTAGAGGTATT-1,donor2,1
donor2_TGAGGTTAGTGATAAC-1,donor2,0
donor2_TGAGGTTAGTGGTCAG-1,donor2,19
donor2_TGAGGTTCAAAGCTAA-1,donor2,8
donor2_TGAGGTTCACTTGGGC-1,donor2,2
donor2_TGAGGTTCAGGCCTGT-1,donor2,8
donor2_TGAGGTTGTATGCAAA-1,donor2,27
donor2_TGAGGTTGTCGATTAC-1,donor2,15
donor2_TGAGGTTGTGGCCACT-1,donor2,21
donor2_TGAGGTTGTGTCATCA-1,donor2,1
donor2_TGAGGTTGTTGCTCCT-1,donor2,17
donor2_TGAGGTTTCCTGTAGA-1,donor2,16
donor2_TGAGTCAAGCCAGAGT-1,donor2,2
donor2_TGAGTCAAGTCAATCC-1,donor2,17
donor2_TGAGTCACAACAGCCC-1,donor2,15
donor2_TGAGTCACACATGTTG-1,donor2,8
donor2_TGAGTCACACCCTAGG-1,donor2,15
donor2_TGAGTCACAGGTTCCG-1,donor2,3
donor2_TGAGTCAGTATGCTAC-1,donor2,17
donor2_TGAGTCAGTCCCGTGA-1,donor2,8
donor2_TGAGTCAGTGATTCAC-1,donor2,3
donor2_TGAGTCAGTGCTGCAC-1,donor2,8
donor2_TGAGTCAGTGTGGTCC-1,donor2,18
donor2_TGAGTCAGTTGTGTTG-1,donor2,1
donor2_TGAGTCATCATGGTAC-1,donor2,25
donor2_TGATCAGCAACACACT-1,donor2,4
donor2_TGATCAGCAAGTGGGT-1,donor2,18
donor2_TGATCAGCAGTCTCTC-1,donor2,16
donor2_TGATCAGGTGCCTTTC-1,donor2,8
donor2_TGATCAGGTTTGGAAA-1,donor2,3
donor2_TGATCAGTCAAGAGTA-1,donor2,20
donor2_TGATCAGTCAGCCTCT-1,donor2,2
donor2_TGATCAGTCATCGCTC-1,donor2,19
donor2_TGATCAGTCGAACGCC-1,donor2,2
donor2_TGATCAGTCTGCATAG-1,donor2,15
donor2_TGATCTTAGCTAGAGC-1,donor2,2
donor2_TGATCTTAGTCCTACA-1,donor2,3
donor2_TGATCTTAGTGACACG-1,donor2,2
donor2_TGATCTTCAAGTCGTT-1,donor2,8
donor2_TGATCTTCAGGCAATG-1,donor2,0
donor2_TGATCTTGTACTCCGG-1,donor2,19
donor2_TGATCTTGTAGACAAT-1,donor2,2
donor2_TGATCTTGTATCTCGA-1,donor2,3
donor2_TGATCTTGTCCAGCGT-1,donor2,3
donor2_TGATCTTTCAATCCAG-1,donor2,1
donor2_TGATCTTTCAGAGTTC-1,donor2,18
donor2_TGATCTTTCATTTGTC-1,donor2,17
donor2_TGATGCAAGCATACTC-1,donor2,18
donor2_TGATGCAAGGTTGGTG-1,donor2,3
donor2_TGATGCACAATCAGCT-1,donor2,8
donor2_TGATGCACAGAATCGG-1,donor2,8
donor2_TGATGCACATCTAACG-1,donor2,8
donor2_TGATGCAGTGCTCTTC-1,donor2,3
donor2_TGATGCAGTGGTATGG-1,donor2,27
donor2_TGATGCAGTTAAACAG-1,donor2,8
donor2_TGATGCATCAACGTGT-1,donor2,1
donor2_TGATGCATCAGCCCAG-1,donor2,0
donor2_TGATGCATCATCTACT-1,donor2,17
donor2_TGATGCATCCTATTGT-1,donor2,2
donor2_TGATGCATCTACCTTA-1,donor2,6
donor2_TGATGGTAGAAATTCG-1,donor2,3
donor2_TGATGGTAGATCGGTG-1,donor2,20
donor2_TGATGGTAGCGCCTTG-1,donor2,4
donor2_TGATGGTAGCGCTTCG-1,donor2,1
donor2_TGATGGTCAAACGTGG-1,donor2,2
donor2_TGATGGTCAGTTAGGG-1,donor2,4
donor2_TGATGGTGTACCGTGC-1,donor2,3
donor2_TGATGGTGTCCAGTTA-1,donor2,19
donor2_TGATGGTGTGTAGGAC-1,donor2,21
donor2_TGATGGTGTTAGTTCG-1,donor2,17
donor2_TGATGGTTCATGGTAC-1,donor2,5
donor2_TGATGGTTCCATCTAT-1,donor2,6
donor2_TGATGGTTCCGGACTG-1,donor2,2
donor2_TGATGGTTCGATACGT-1,donor2,2
donor2_TGATTCTAGCGTCGAA-1,donor2,20
donor2_TGATTCTAGTTGTACC-1,donor2,14
donor2_TGATTCTCAAATTGGA-1,donor2,21
donor2_TGATTCTCACCTGTCT-1,donor2,0
donor2_TGATTCTCACTAACGT-1,donor2,2
donor2_TGATTCTCAGCGCTTG-1,donor2,2
donor2_TGATTCTTCAACTTTC-1,donor2,4
donor2_TGATTCTTCAGCGCGT-1,donor2,3
donor2_TGATTCTTCATTCGTT-1,donor2,1
donor2_TGATTCTTCATTTGTC-1,donor2,2
donor2_TGATTCTTCCGATAAC-1,donor2,3
donor2_TGATTCTTCTAGTCAG-1,donor2,19
donor2_TGATTCTTCTGGGCCA-1,donor2,8
donor2_TGATTCTTCTTCTTCC-1,donor2,8
donor2_TGATTTCAGACCTCAT-1,donor2,21
donor2_TGATTTCAGAGGTGCT-1,donor2,4
donor2_TGATTTCAGCATCCCG-1,donor2,3
donor2_TGATTTCAGCTTAGTC-1,donor2,0
donor2_TGATTTCAGTCTAGCT-1,donor2,2
donor2_TGATTTCCAAATGCGG-1,donor2,0
donor2_TGATTTCCACCAGCTG-1,donor2,0
donor2_TGATTTCCACGTATAC-1,donor2,1
donor2_TGATTTCCAGCATTGT-1,donor2,2
donor2_TGATTTCGTACCCACG-1,donor2,17
donor2_TGATTTCGTGTTAGCT-1,donor2,17
donor2_TGATTTCGTTGTGCCG-1,donor2,17
donor2_TGATTTCGTTTGCAGT-1,donor2,15
donor2_TGATTTCTCAGCGCAC-1,donor2,0
donor2_TGATTTCTCCACCCTA-1,donor2,8
donor2_TGATTTCTCCACTTCG-1,donor2,12
donor2_TGATTTCTCCCGGTAG-1,donor2,1
donor2_TGATTTCTCGGTAAGG-1,donor2,4
donor2_TGCACGGAGACTTCGT-1,donor2,17
donor2_TGCACGGAGCATGAAT-1,donor2,22
donor2_TGCACGGAGGATCACG-1,donor2,0
donor2_TGCACGGAGTAGTGCG-1,donor2,3
donor2_TGCACGGGTACCCGAC-1,donor2,15
donor2_TGCACGGGTACTGAGG-1,donor2,16
donor2_TGCACGGGTACTGCGC-1,donor2,15
donor2_TGCACGGGTAGTGGCA-1,donor2,15
donor2_TGCACGGGTCGTTGCG-1,donor2,2
donor2_TGCACGGGTGACTAAA-1,donor2,3
donor2_TGCACGGGTTCGATTG-1,donor2,8
donor2_TGCACGGGTTGCGTAT-1,donor2,0
donor2_TGCACGGTCCAATCCC-1,donor2,1
donor2_TGCACGGTCGAGCCTG-1,donor2,5
donor2_TGCACGGTCGTTCATT-1,donor2,15
donor2_TGCACGGTCTTACCGC-1,donor2,16
donor2_TGCACGGTCTTTCGAT-1,donor2,0
donor2_TGCAGATAGAAGGGAT-1,donor2,21
donor2_TGCAGATAGATACATG-1,donor2,19
donor2_TGCAGATAGATACCAA-1,donor2,3
donor2_TGCAGATAGCGGGTAT-1,donor2,2
donor2_TGCAGATAGTTCTACG-1,donor2,16
donor2_TGCAGATCAACTCGAT-1,donor2,18
donor2_TGCAGATCAGACCTAT-1,donor2,3
donor2_TGCAGATCATGGACAG-1,donor2,0
donor2_TGCAGATGTAGTCCTA-1,donor2,15
donor2_TGCAGATTCAAAGCCT-1,donor2,8
donor2_TGCAGATTCATTCACT-1,donor2,20
donor2_TGCAGATTCCAGTGCG-1,donor2,8
donor2_TGCAGATTCGTCCTTG-1,donor2,3
donor2_TGCAGATTCGTGCTCT-1,donor2,1
donor2_TGCAGGCAGCCGGAAT-1,donor2,2
donor2_TGCAGGCAGGCCACTC-1,donor2,8
donor2_TGCAGGCAGGGCTTCC-1,donor2,17
donor2_TGCAGGCAGGTGAGAA-1,donor2,15
donor2_TGCAGGCCAAGCTGCC-1,donor2,3
donor2_TGCAGGCCACGGCCAT-1,donor2,0
donor2_TGCAGGCCAGAGTCAG-1,donor2,2
donor2_TGCAGGCGTAGGAGGG-1,donor2,0
donor2_TGCAGGCTCAGATGCT-1,donor2,17
donor2_TGCAGGCTCTACGGTA-1,donor2,20
donor2_TGCAGGCTCTAGGCCG-1,donor2,15
donor2_TGCAGGCTCTGCATGA-1,donor2,3
donor2_TGCAGTAAGACCAGAC-1,donor2,4
donor2_TGCAGTAAGGCTGGAT-1,donor2,3
donor2_TGCAGTAAGGTTGGAC-1,donor2,21
donor2_TGCAGTAAGTGTAGTA-1,donor2,18
donor2_TGCAGTACAAACACCT-1,donor2,17
donor2_TGCAGTACAACGACAG-1,donor2,18
donor2_TGCAGTACAATACCTG-1,donor2,17
donor2_TGCAGTACACCCAAGC-1,donor2,2
donor2_TGCAGTACACTCATAG-1,donor2,22
donor2_TGCAGTACACTCGATA-1,donor2,2
donor2_TGCAGTACAGGAAGTC-1,donor2,19
donor2_TGCAGTACAGTAGAAT-1,donor2,8
donor2_TGCAGTAGTCAACGCC-1,donor2,6
donor2_TGCAGTAGTGCGAGTA-1,donor2,16
donor2_TGCAGTAGTGCGTGCT-1,donor2,20
donor2_TGCAGTAGTGGAACAC-1,donor2,2
donor2_TGCAGTAGTTTCGGCG-1,donor2,0
donor2_TGCAGTATCAACCGAT-1,donor2,1
donor2_TGCAGTATCACAGAGG-1,donor2,2
donor2_TGCAGTATCCCGTTCA-1,donor2,19
donor2_TGCAGTATCGCATTGA-1,donor2,17
donor2_TGCAGTATCTTACCGC-1,donor2,17
donor2_TGCATCCAGGGAGTGG-1,donor2,4
donor2_TGCATCCAGGGCAGTT-1,donor2,4
donor2_TGCATCCAGGTACCTT-1,donor2,27
donor2_TGCATCCCAATCGCGC-1,donor2,0
donor2_TGCATCCCATCTGTTT-1,donor2,21
donor2_TGCATCCGTAGACAGC-1,donor2,16
donor2_TGCATCCTCCAAGCTA-1,donor2,17
donor2_TGCATGAAGACTTCCA-1,donor2,17
donor2_TGCATGACACTACGGC-1,donor2,2
donor2_TGCATGACAGGACAGT-1,donor2,4
donor2_TGCATGACAGTTGTCA-1,donor2,2
donor2_TGCATGACATCGCTAA-1,donor2,16
donor2_TGCATGAGTAGCTAAA-1,donor2,2
donor2_TGCATGAGTGTTCAGT-1,donor2,5
donor2_TGCATGATCATAGACC-1,donor2,3
donor2_TGCATGATCGTTGTTT-1,donor2,4
donor2_TGCATGATCTCCGTGT-1,donor2,6
donor2_TGCATGATCTTGTTAC-1,donor2,16
donor2_TGCCGAGAGAACCGCA-1,donor2,1
donor2_TGCCGAGAGAATAGTC-1,donor2,3
donor2_TGCCGAGAGCGGGTAT-1,donor2,8
donor2_TGCCGAGAGGAGACCT-1,donor2,1
donor2_TGCCGAGAGGATACAT-1,donor2,2
donor2_TGCCGAGCAAATGAAC-1,donor2,4
donor2_TGCCGAGCACCAAATC-1,donor2,4
donor2_TGCCGAGCACTCATAG-1,donor2,4
donor2_TGCCGAGCACTTGTCC-1,donor2,1
donor2_TGCCGAGCATTGAAGA-1,donor2,3
donor2_TGCCGAGTCCTTTAGT-1,donor2,0
donor2_TGCCGAGTCGTCGACG-1,donor2,2
donor2_TGCGACGAGACCTTTG-1,donor2,2
donor2_TGCGACGAGACGGTCA-1,donor2,18
donor2_TGCGACGAGCACTAAA-1,donor2,19
donor2_TGCGACGAGGGTCAAC-1,donor2,18
donor2_TGCGACGCAAGAGTGC-1,donor2,5
donor2_TGCGACGCACGACAAG-1,donor2,8
donor2_TGCGACGCAGGAATAT-1,donor2,18
donor2_TGCGACGCAGTAACGG-1,donor2,18
donor2_TGCGACGCAGTTAGGG-1,donor2,15
donor2_TGCGACGTCAATCCAG-1,donor2,17
donor2_TGCGACGTCAGACAAA-1,donor2,21
donor2_TGCGACGTCAGAGTGG-1,donor2,19
donor2_TGCGACGTCAGCCTCT-1,donor2,18
donor2_TGCGACGTCATCGCAA-1,donor2,2
donor2_TGCGACGTCGAGCCTG-1,donor2,17
donor2_TGCGACGTCGAGTCCG-1,donor2,3
donor2_TGCGACGTCGGTATGT-1,donor2,0
donor2_TGCGACGTCTATACTC-1,donor2,20
donor2_TGCGACGTCTGGACCG-1,donor2,3
donor2_TGCGATAAGAACTCCT-1,donor2,0
donor2_TGCGATACAATCCTAG-1,donor2,17
donor2_TGCGATAGTTACGTAC-1,donor2,3
donor2_TGCGATATCAAAGGTA-1,donor2,5
donor2_TGCGATATCAGTGTTG-1,donor2,21
donor2_TGCGATATCCGCAGTG-1,donor2,18
donor2_TGCGATATCTCCCATG-1,donor2,27
donor2_TGCGATATCTGCGATA-1,donor2,5
donor2_TGCGGCAAGCATATGA-1,donor2,18
donor2_TGCGGCAAGGAGAGTA-1,donor2,2
donor2_TGCGGCAAGGCCACCT-1,donor2,2
donor2_TGCGGCAAGGCTAAAT-1,donor2,19
donor2_TGCGGCAAGGTAAACT-1,donor2,4
donor2_TGCGGCAAGTCGAAGC-1,donor2,3
donor2_TGCGGCACAAGAATGT-1,donor2,1
donor2_TGCGGCACACAGACGA-1,donor2,17
donor2_TGCGGCAGTCTCCCTA-1,donor2,3
donor2_TGCGGCATCCCTCAAC-1,donor2,0
donor2_TGCGGCATCCGTGGTG-1,donor2,22
donor2_TGCGGCATCTGCATAG-1,donor2,20
donor2_TGCGGCATCTTCGTAT-1,donor2,2
donor2_TGCGGCATCTTGCAAG-1,donor2,6
donor2_TGCGGGTAGACTAGAT-1,donor2,2
donor2_TGCGGGTAGCACTCTA-1,donor2,12
donor2_TGCGGGTAGGTAGTAT-1,donor2,16
donor2_TGCGGGTCAAACGAGC-1,donor2,2
donor2_TGCGGGTCAATACCCA-1,donor2,1
donor2_TGCGGGTGTAGACAGC-1,donor2,21
donor2_TGCGGGTGTATGCTAC-1,donor2,0
donor2_TGCGGGTGTCAGACGA-1,donor2,19
donor2_TGCGGGTGTCCCGGTA-1,donor2,2
donor2_TGCGGGTGTGATCATC-1,donor2,12
donor2_TGCGGGTGTGGGATTG-1,donor2,21
donor2_TGCGGGTTCGCCACTT-1,donor2,1
donor2_TGCGGGTTCGGAGTGA-1,donor2,24
donor2_TGCGGGTTCTGGGTCG-1,donor2,19
donor2_TGCTCCAAGATGCGAC-1,donor2,8
donor2_TGCTCCAAGGCCTAGA-1,donor2,2
donor2_TGCTCCACACAGAAGC-1,donor2,15
donor2_TGCTCCACACAGTACT-1,donor2,21
donor2_TGCTCCACATGAGTAA-1,donor2,0
donor2_TGCTCCACATTACGGT-1,donor2,19
donor2_TGCTCCAGTCAAAGAT-1,donor2,16
donor2_TGCTCCAGTCACGACC-1,donor2,2
donor2_TGCTCCAGTTCGTGCG-1,donor2,17
donor2_TGCTCGTAGAATACAC-1,donor2,3
donor2_TGCTCGTAGATTCGCT-1,donor2,2
donor2_TGCTCGTAGCGATCGA-1,donor2,0
donor2_TGCTCGTAGGCCTTGC-1,donor2,2
donor2_TGCTCGTAGGGAGTTC-1,donor2,8
donor2_TGCTCGTCACAAGCCC-1,donor2,3
donor2_TGCTCGTCACAATCTG-1,donor2,19
donor2_TGCTCGTCAGACTGCC-1,donor2,15
donor2_TGCTCGTCAGGCGATA-1,donor2,21
donor2_TGCTCGTCATCTCATT-1,donor2,2
donor2_TGCTCGTCATGTACGT-1,donor2,8
donor2_TGCTCGTGTCAAATCC-1,donor2,4
donor2_TGCTCGTGTCAACGCC-1,donor2,2
donor2_TGCTCGTGTCTCGACG-1,donor2,8
donor2_TGCTCGTGTGCTGATT-1,donor2,17
donor2_TGCTCGTGTTGCCGAC-1,donor2,2
donor2_TGCTCGTTCAACTTTC-1,donor2,19
donor2_TGCTCGTTCATTTGGG-1,donor2,18
donor2_TGCTCGTTCCGTATGA-1,donor2,19
donor2_TGCTGAAAGACGACTG-1,donor2,15
donor2_TGCTGAAAGACTTCAC-1,donor2,2
donor2_TGCTGAACACAGTGAG-1,donor2,18
donor2_TGCTGAACACTGTCGG-1,donor2,8
donor2_TGCTGAACAGAGGTAC-1,donor2,15
donor2_TGCTGAACATCGTTCC-1,donor2,2
donor2_TGCTGAAGTAGACGTG-1,donor2,17
donor2_TGCTGAAGTCGCCTAG-1,donor2,19
donor2_TGCTGAATCAAGAATG-1,donor2,19
donor2_TGCTGAATCCAAGAGG-1,donor2,0
donor2_TGCTGAATCCACGTCT-1,donor2,2
donor2_TGCTGAATCGGTCGAC-1,donor2,15
donor2_TGCTGAATCGTAGGGA-1,donor2,3
donor2_TGCTGAATCTGGGCCA-1,donor2,21
donor2_TGCTTCGCACCTGTCT-1,donor2,15
donor2_TGCTTCGGTACAAAGT-1,donor2,2
donor2_TGCTTCGGTCTTGGTA-1,donor2,17
donor2_TGCTTCGGTGCCTTTC-1,donor2,8
donor2_TGCTTCGGTGTGTGTT-1,donor2,17
donor2_TGCTTCGGTGTTTGCA-1,donor2,17
donor2_TGCTTCGGTTCTTGCC-1,donor2,18
donor2_TGCTTCGGTTGTAAAG-1,donor2,3
donor2_TGCTTCGTCAATCGGT-1,donor2,4
donor2_TGCTTCGTCATGCTAG-1,donor2,4
donor2_TGCTTCGTCGTTGCCT-1,donor2,20
donor2_TGCTTCGTCTCTCAAT-1,donor2,3
donor2_TGCTTGCAGCGTCAAG-1,donor2,0
donor2_TGCTTGCAGGTTCCGC-1,donor2,20
donor2_TGCTTGCAGTTCGGTT-1,donor2,21
donor2_TGCTTGCCACAATCTG-1,donor2,17
donor2_TGCTTGCCACTTGACA-1,donor2,2
donor2_TGCTTGCGTAGATTAG-1,donor2,17
donor2_TGCTTGCGTTAGGCCC-1,donor2,15
donor2_TGCTTGCTCAAGCTGT-1,donor2,17
donor2_TGCTTGCTCCTGATAG-1,donor2,2
donor2_TGGAACTAGATGACCG-1,donor2,18
donor2_TGGAACTCAAGATTGA-1,donor2,19
donor2_TGGAACTCATTCAGCA-1,donor2,5
donor2_TGGAACTGTAACATCC-1,donor2,8
donor2_TGGAACTGTACAGGTG-1,donor2,12
donor2_TGGAACTGTGAACTAA-1,donor2,19
donor2_TGGAACTTCAACCTCC-1,donor2,4
donor2_TGGAACTTCCTCTTTC-1,donor2,21
donor2_TGGAACTTCGCTTACC-1,donor2,3
donor2_TGGAACTTCTAGGCCG-1,donor2,18
donor2_TGGAACTTCTCGCTCA-1,donor2,19
donor2_TGGAACTTCTCTGCCA-1,donor2,20
donor2_TGGAGAGAGTATAGAC-1,donor2,19
donor2_TGGAGAGAGTCCCAGC-1,donor2,2
donor2_TGGAGAGCAAAGGAGA-1,donor2,0
donor2_TGGAGAGCACGGCACT-1,donor2,3
donor2_TGGAGAGCACTACACA-1,donor2,17
donor2_TGGAGAGCAGAATGTA-1,donor2,17
donor2_TGGAGAGCATAAGATG-1,donor2,4
donor2_TGGAGAGCATCAACCA-1,donor2,0
donor2_TGGAGAGCATTCAGCA-1,donor2,4
donor2_TGGAGAGGTGACTGAG-1,donor2,2
donor2_TGGAGAGGTGGGACAT-1,donor2,21
donor2_TGGAGAGGTGTGCCTG-1,donor2,17
donor2_TGGAGAGTCCGTGGCA-1,donor2,2
donor2_TGGAGAGTCTGGTGGC-1,donor2,20
donor2_TGGAGGAAGGAGAGTA-1,donor2,15
donor2_TGGAGGAAGGGCTAAC-1,donor2,3
donor2_TGGAGGAAGTCTAGAA-1,donor2,15
donor2_TGGAGGAAGTGGTTAA-1,donor2,22
donor2_TGGAGGACACAAATAG-1,donor2,15
donor2_TGGAGGACACCCTTAC-1,donor2,8
donor2_TGGAGGACAGAGAGGG-1,donor2,17
donor2_TGGAGGACAGAGATTA-1,donor2,26
donor2_TGGAGGACAGGAATCG-1,donor2,21
donor2_TGGAGGACAGGACTTT-1,donor2,15
donor2_TGGAGGACATCCGATA-1,donor2,3
donor2_TGGAGGACATTGAAAG-1,donor2,22
donor2_TGGAGGAGTGCACATT-1,donor2,19
donor2_TGGAGGAGTGGAGGTT-1,donor2,27
donor2_TGGAGGATCAACACGT-1,donor2,8
donor2_TGGAGGATCGCTGTTC-1,donor2,21
donor2_TGGAGGATCGGAATGG-1,donor2,1
donor2_TGGAGGATCGTCCTCA-1,donor2,3
donor2_TGGAGGATCTGTACAG-1,donor2,2
donor2_TGGATCAAGAACTTCC-1,donor2,21
donor2_TGGATCAAGCGACATG-1,donor2,22
donor2_TGGATCAAGGCAGCTA-1,donor2,3
donor2_TGGATCAAGGGCAATC-1,donor2,17
donor2_TGGATCACAAGCACCC-1,donor2,18
donor2_TGGATCACATAGTCAC-1,donor2,2
donor2_TGGATCAGTCACCGCA-1,donor2,2
donor2_TGGATCAGTCGTGTTA-1,donor2,3
donor2_TGGATCAGTTCCTAAG-1,donor2,19
donor2_TGGATCATCTGGAAGG-1,donor2,18
donor2_TGGATCATCTGGTCAA-1,donor2,17
donor2_TGGATGTAGACGCCCT-1,donor2,0
donor2_TGGATGTAGATTTGCC-1,donor2,2
donor2_TGGATGTAGCAGGGAG-1,donor2,2
donor2_TGGATGTCAAAGTGTA-1,donor2,0
donor2_TGGATGTCAACTGATC-1,donor2,17
donor2_TGGATGTCACTAAACC-1,donor2,17
donor2_TGGATGTCATAGCACT-1,donor2,4
donor2_TGGATGTGTAAGCTCT-1,donor2,3
donor2_TGGATGTGTATCACGT-1,donor2,15
donor2_TGGATGTGTCTACAAC-1,donor2,17
donor2_TGGATGTGTGTTGCCG-1,donor2,0
donor2_TGGATGTGTTTACTTC-1,donor2,17
donor2_TGGATGTTCACTGCTC-1,donor2,4
donor2_TGGATGTTCCTTCTGG-1,donor2,26
donor2_TGGATGTTCTTCACAT-1,donor2,1
donor2_TGGCGTGAGTTGTACC-1,donor2,21
donor2_TGGCGTGCACCACATA-1,donor2,6
donor2_TGGCGTGCACCTCGTT-1,donor2,1
donor2_TGGCGTGCAGAGCGTA-1,donor2,19
donor2_TGGCGTGGTAATCAGA-1,donor2,1
donor2_TGGCGTGGTATCGAAA-1,donor2,8
donor2_TGGCGTGGTGCTCTCT-1,donor2,7
donor2_TGGCGTGTCCTGGGTG-1,donor2,0
donor2_TGGCGTGTCGTAGTCA-1,donor2,18
donor2_TGGGAAGAGCTGACCC-1,donor2,19
donor2_TGGGAAGAGGAGCAAA-1,donor2,6
donor2_TGGGAAGCACTTGACA-1,donor2,26
donor2_TGGGAAGCATCCAATG-1,donor2,21
donor2_TGGGAAGCATGACTAC-1,donor2,2
donor2_TGGGAAGGTAGCTAAA-1,donor2,24
donor2_TGGGAAGGTTTGTTCT-1,donor2,19
donor2_TGGGAAGTCCCAGTGG-1,donor2,3
donor2_TGGGAAGTCGACACTA-1,donor2,16
donor2_TGGGAAGTCTCCAATT-1,donor2,2
donor2_TGGGAGAAGACAACAT-1,donor2,3
donor2_TGGGAGAAGACTTCAC-1,donor2,4
donor2_TGGGAGAAGGCAATGC-1,donor2,3
donor2_TGGGAGAAGGCGATAC-1,donor2,0
donor2_TGGGAGAAGTAGTCTC-1,donor2,20
donor2_TGGGAGACAAATTGGA-1,donor2,1
donor2_TGGGAGACAGCAGGAT-1,donor2,15
donor2_TGGGAGACATAGAAAC-1,donor2,18
donor2_TGGGAGACATCTGGGC-1,donor2,8
donor2_TGGGAGAGTACAGCGA-1,donor2,18
donor2_TGGGAGAGTATGAAGT-1,donor2,19
donor2_TGGGAGAGTCACCTTC-1,donor2,16
donor2_TGGGAGAGTGGACAGT-1,donor2,4
donor2_TGGGAGAGTGGTCTGC-1,donor2,11
donor2_TGGGAGAGTTCGTAAC-1,donor2,16
donor2_TGGGAGATCCATTGCC-1,donor2,4
donor2_TGGGATTAGCAAGGAA-1,donor2,8
donor2_TGGGATTAGCATACTC-1,donor2,17
donor2_TGGGATTAGGTAAGAG-1,donor2,1
donor2_TGGGATTAGGTCACTT-1,donor2,18
donor2_TGGGATTCATGTCGTA-1,donor2,21
donor2_TGGGATTGTAAGCGGT-1,donor2,3
donor2_TGGGATTGTAGTGATA-1,donor2,24
donor2_TGGGATTGTCCGGCAT-1,donor2,2
donor2_TGGGATTGTTATAGAG-1,donor2,17
donor2_TGGGATTTCAGACTGT-1,donor2,2
donor2_TGGGATTTCGCGTCGA-1,donor2,18
donor2_TGGGCGTAGAGATTCA-1,donor2,18
donor2_TGGGCGTAGCCAGAGT-1,donor2,0
donor2_TGGGCGTCAAGAGAGA-1,donor2,3
donor2_TGGGCGTCATCAGTCA-1,donor2,18
donor2_TGGGCGTGTATTAAGG-1,donor2,0
donor2_TGGGCGTTCATGCCCT-1,donor2,17
donor2_TGGGCGTTCGTCGCTT-1,donor2,3
donor2_TGGGCTGAGAAACTGT-1,donor2,15
donor2_TGGGCTGAGAACCCGA-1,donor2,4
donor2_TGGGCTGAGGGTGAAA-1,donor2,20
donor2_TGGGCTGAGGTCGACA-1,donor2,18
donor2_TGGGCTGAGTAACCTC-1,donor2,3
donor2_TGGGCTGGTAAGCTCT-1,donor2,4
donor2_TGGGCTGGTAGACGTG-1,donor2,21
donor2_TGGGCTGGTAGATTGA-1,donor2,19
donor2_TGGGCTGGTAGGACTG-1,donor2,17
donor2_TGGGCTGTCGTTGTTT-1,donor2,17
donor2_TGGGCTGTCTGACCCT-1,donor2,6
donor2_TGGGTTAAGGAAGTAG-1,donor2,0
donor2_TGGGTTACACATGTTG-1,donor2,19
donor2_TGGGTTACAGAAACCG-1,donor2,15
donor2_TGGGTTACATAGGTTC-1,donor2,21
donor2_TGGGTTAGTGAATAAC-1,donor2,1
donor2_TGGGTTAGTTAAACCC-1,donor2,2
donor2_TGGGTTAGTTGTAAAG-1,donor2,16
donor2_TGGGTTAGTTTCGACA-1,donor2,21
donor2_TGGGTTATCAAAGACA-1,donor2,4
donor2_TGGTACAAGAGGATGA-1,donor2,20
donor2_TGGTACAAGTTTGGCT-1,donor2,8
donor2_TGGTACACAACTAGAA-1,donor2,8
donor2_TGGTACACACCCTGAG-1,donor2,8
donor2_TGGTACACACTCCCTA-1,donor2,19
donor2_TGGTACACAGAGCTAG-1,donor2,15
donor2_TGGTACACAGCTCGGT-1,donor2,2
donor2_TGGTACACAGTATACC-1,donor2,21
donor2_TGGTACACATCAGCTA-1,donor2,22
donor2_TGGTACACATGTTCAG-1,donor2,4
donor2_TGGTACAGTGGGACAT-1,donor2,22
donor2_TGGTACAGTTCATCGA-1,donor2,16
donor2_TGGTACATCAAACCCA-1,donor2,15
donor2_TGGTACATCAATGTCG-1,donor2,19
donor2_TGGTACATCATTATCC-1,donor2,21
donor2_TGGTACATCGCCGTGA-1,donor2,16
donor2_TGGTACATCTGCGGCA-1,donor2,2
donor2_TGGTAGTAGACTTAAG-1,donor2,2
donor2_TGGTAGTAGCGGATCA-1,donor2,3
donor2_TGGTAGTAGCGGCTCT-1,donor2,22
donor2_TGGTAGTAGCTCGAAG-1,donor2,6
donor2_TGGTAGTAGGCACAAC-1,donor2,2
donor2_TGGTAGTAGTATGCAA-1,donor2,3
donor2_TGGTAGTCACAAGCTT-1,donor2,3
donor2_TGGTAGTCACTGCTTC-1,donor2,4
donor2_TGGTAGTGTACCCGAC-1,donor2,17
donor2_TGGTAGTGTATCGTTG-1,donor2,4
donor2_TGGTAGTGTGGGCTTC-1,donor2,3
donor2_TGGTAGTTCAACGAGG-1,donor2,21
donor2_TGGTAGTTCTTGATTC-1,donor2,8
donor2_TGGTGATAGAGCAGAA-1,donor2,15
donor2_TGGTGATAGCGAGAAA-1,donor2,3
donor2_TGGTGATAGGTGATCG-1,donor2,2
donor2_TGGTGATCAACAAAGT-1,donor2,19
donor2_TGGTGATCAATGACCT-1,donor2,2
donor2_TGGTGATCAGGAATAT-1,donor2,8
donor2_TGGTGATCAGGACTAG-1,donor2,18
donor2_TGGTGATGTAACCCTA-1,donor2,8
donor2_TGGTGATGTCGGCTAC-1,donor2,17
donor2_TGGTGATGTTAAACAG-1,donor2,2
donor2_TGGTGATGTTACACAC-1,donor2,2
donor2_TGGTGATTCCCGTTGT-1,donor2,21
donor2_TGGTGATTCGTTACCC-1,donor2,2
donor2_TGGTTAGAGACAAGCC-1,donor2,16
donor2_TGGTTAGAGACAGCGT-1,donor2,26
donor2_TGGTTAGAGGAAGTGA-1,donor2,16
donor2_TGGTTAGAGGAGAGTA-1,donor2,3
donor2_TGGTTAGAGGGATGTC-1,donor2,4
donor2_TGGTTAGCAAATGGCG-1,donor2,8
donor2_TGGTTAGCAACTGATC-1,donor2,2
donor2_TGGTTAGCAAGAATAC-1,donor2,2
donor2_TGGTTAGCAGGGTCTC-1,donor2,6
donor2_TGGTTAGGTTCCGCAG-1,donor2,1
donor2_TGGTTAGTCACGGTCG-1,donor2,18
donor2_TGGTTAGTCATTCTTG-1,donor2,16
donor2_TGGTTAGTCCCTTTGG-1,donor2,2
donor2_TGGTTAGTCCGTTGGG-1,donor2,15
donor2_TGGTTAGTCTTCCGTG-1,donor2,20
donor2_TGTAACGAGATGCGAC-1,donor2,4
donor2_TGTAACGAGCGAATGC-1,donor2,0
donor2_TGTAACGAGCGTCGAA-1,donor2,2
donor2_TGTAACGAGGGTTAGC-1,donor2,18
donor2_TGTAACGCATAAGCGG-1,donor2,3
donor2_TGTAACGGTCAGGCAA-1,donor2,16
donor2_TGTAACGGTGGTATGG-1,donor2,8
donor2_TGTAACGGTGTAAATG-1,donor2,19
donor2_TGTAACGGTGTCATTG-1,donor2,4
donor2_TGTAACGTCGAGATAA-1,donor2,3
donor2_TGTAACGTCGCTGTTC-1,donor2,17
donor2_TGTAAGCAGAAGCTCG-1,donor2,6
donor2_TGTAAGCAGAGAGCAA-1,donor2,19
donor2_TGTAAGCAGCGAGAAA-1,donor2,0
donor2_TGTAAGCAGTGCTACT-1,donor2,6
donor2_TGTAAGCCAAAGTGTA-1,donor2,8
donor2_TGTAAGCCATCCCGTT-1,donor2,0
donor2_TGTAAGCCATCCGATA-1,donor2,4
donor2_TGTAAGCCATTGTCGA-1,donor2,5
donor2_TGTAAGCGTGAGCCAA-1,donor2,21
donor2_TGTAAGCGTTGACGGA-1,donor2,0
donor2_TGTAAGCGTTGCCAAT-1,donor2,18
donor2_TGTAAGCTCGCCAGTG-1,donor2,0
donor2_TGTACAGAGAAAGTCT-1,donor2,3
donor2_TGTACAGAGATGGGCT-1,donor2,17
donor2_TGTACAGAGCGTGTCC-1,donor2,0
donor2_TGTACAGAGGTTGGAC-1,donor2,22
donor2_TGTACAGAGTGAGCCA-1,donor2,8
donor2_TGTACAGAGTGCCAGA-1,donor2,2
donor2_TGTACAGCAAACTAAG-1,donor2,12
donor2_TGTACAGCACTATCCC-1,donor2,0
donor2_TGTACAGCATTGAGCT-1,donor2,2
donor2_TGTACAGGTAGCCCTG-1,donor2,3
donor2_TGTACAGGTCAGGTAG-1,donor2,18
donor2_TGTACAGGTTAAGAAC-1,donor2,18
donor2_TGTACAGGTTCAGTAC-1,donor2,1
donor2_TGTACAGGTTTCTTAC-1,donor2,21
donor2_TGTACAGTCGCCTTGT-1,donor2,2
donor2_TGTACAGTCGTTCTAT-1,donor2,8
donor2_TGTAGACAGCTCTATG-1,donor2,2
donor2_TGTAGACAGGAACTCG-1,donor2,21
donor2_TGTAGACAGGGCGAGA-1,donor2,4
donor2_TGTAGACCACCAGGTC-1,donor2,2
donor2_TGTAGACCACTGGATT-1,donor2,1
donor2_TGTAGACCAGAATTCC-1,donor2,3
donor2_TGTAGACCAGTGTACT-1,donor2,1
donor2_TGTAGACCATAACAGA-1,donor2,4
donor2_TGTAGACGTTCGATTG-1,donor2,8
donor2_TGTAGACGTTTGCAGT-1,donor2,12
donor2_TGTCAGAAGACCATGG-1,donor2,1
donor2_TGTCAGAAGCATGCAG-1,donor2,19
donor2_TGTCAGAAGCCTGTGC-1,donor2,8
donor2_TGTCAGACAATAACCC-1,donor2,8
donor2_TGTCAGACACGAGGTA-1,donor2,19
donor2_TGTCAGACACTCCTGT-1,donor2,21
donor2_TGTCAGACATCCGAGC-1,donor2,18
donor2_TGTCAGACATGACTGT-1,donor2,3
donor2_TGTCAGAGTGAAGCTG-1,donor2,20
donor2_TGTCAGAGTGTTGCCG-1,donor2,2
donor2_TGTCAGATCATAGAGA-1,donor2,0
donor2_TGTCAGATCGTGGTAT-1,donor2,19
donor2_TGTCAGATCTGGTGGC-1,donor2,21
donor2_TGTCAGATCTTACGGA-1,donor2,1
donor2_TGTCCACAGTATGTAG-1,donor2,18
donor2_TGTCCACAGTTAACAG-1,donor2,18
donor2_TGTCCACCAATGTCAC-1,donor2,18
donor2_TGTCCACCAGCAGACA-1,donor2,21
donor2_TGTCCACGTAGTGATA-1,donor2,19
donor2_TGTCCACGTGTGTACT-1,donor2,6
donor2_TGTCCACGTTTGTGGT-1,donor2,19
donor2_TGTCCACTCACGGACC-1,donor2,8
donor2_TGTCCACTCCAACTGA-1,donor2,0
donor2_TGTCCACTCGAGCCTG-1,donor2,18
donor2_TGTCCACTCTATTTCG-1,donor2,17
donor2_TGTCCACTCTCTATGT-1,donor2,3
donor2_TGTCCCAAGAAGGGAT-1,donor2,0
donor2_TGTCCCAAGAGTCGAC-1,donor2,4
donor2_TGTCCCAAGTGACACG-1,donor2,0
donor2_TGTCCCAAGTTGCCTA-1,donor2,15
donor2_TGTCCCAAGTTTAGGA-1,donor2,3
donor2_TGTCCCACAATGCAGG-1,donor2,17
donor2_TGTCCCACATGAAGGC-1,donor2,15
donor2_TGTCCCAGTACCTAAC-1,donor2,19
donor2_TGTCCCAGTAGTTCCA-1,donor2,4
donor2_TGTCCCAGTCCGAAGA-1,donor2,15
donor2_TGTCCCAGTTGACTGT-1,donor2,3
donor2_TGTCCCATCCACAGGC-1,donor2,1
donor2_TGTCCCATCTCGCTCA-1,donor2,0
donor2_TGTCCCATCTTGGTCC-1,donor2,6
donor2_TGTCCTGAGACCTTTG-1,donor2,17
donor2_TGTCCTGCAATAGGAT-1,donor2,4
donor2_TGTCCTGCAGTGCCTG-1,donor2,8
donor2_TGTCCTGGTCTACGAT-1,donor2,18
donor2_TGTCCTGGTGAGTAAT-1,donor2,12
donor2_TGTCCTGTCATCTCTA-1,donor2,11
donor2_TGTCCTGTCGGCTGAC-1,donor2,0
donor2_TGTCCTGTCTCATGCC-1,donor2,8
donor2_TGTCCTGTCTTGGATG-1,donor2,16
donor2_TGTGAGTAGAACGTGC-1,donor2,0
donor2_TGTGAGTAGACATCAA-1,donor2,6
donor2_TGTGAGTAGCAATAGT-1,donor2,1
donor2_TGTGAGTAGGTCTGGA-1,donor2,4
donor2_TGTGAGTAGTTGGCGA-1,donor2,1
donor2_TGTGAGTCATCAGCGC-1,donor2,18
donor2_TGTGAGTGTATCGCTA-1,donor2,20
donor2_TGTGAGTGTCATCTAG-1,donor2,2
donor2_TGTGAGTGTGGCATCC-1,donor2,1
donor2_TGTGAGTTCACGAGGA-1,donor2,21
donor2_TGTGAGTTCATGAGTC-1,donor2,4
donor2_TGTGAGTTCCAACCGG-1,donor2,1
donor2_TGTGAGTTCCCGGTAG-1,donor2,2
donor2_TGTGAGTTCCCTGTTG-1,donor2,8
donor2_TGTGAGTTCGAGCTGC-1,donor2,20
donor2_TGTGATGAGAGCAAGA-1,donor2,21
donor2_TGTGATGAGTGGTTGG-1,donor2,19
donor2_TGTGATGCAACAGTGG-1,donor2,12
donor2_TGTGATGCACCTGCGA-1,donor2,2
donor2_TGTGATGCATATGCGT-1,donor2,18
donor2_TGTGATGTCAAAGAAC-1,donor2,15
donor2_TGTGATGTCAACCTCC-1,donor2,8
donor2_TGTGATGTCGATGGAG-1,donor2,17
donor2_TGTGATGTCTACTATC-1,donor2,17
donor2_TGTGCGGAGAGGTCGT-1,donor2,26
donor2_TGTGCGGAGCAAGCCA-1,donor2,2
donor2_TGTGCGGAGTGAGGCT-1,donor2,1
donor2_TGTGCGGCAAGGGCAT-1,donor2,6
donor2_TGTGCGGCACGCCACA-1,donor2,17
donor2_TGTGCGGCATACTGTG-1,donor2,0
donor2_TGTGCGGGTGAATGTA-1,donor2,15
donor2_TGTGCGGTCAAGGACG-1,donor2,18
donor2_TGTGCGGTCACGGAGA-1,donor2,3
donor2_TGTGCGGTCACTTGTT-1,donor2,2
donor2_TGTGCGGTCAGCCTTC-1,donor2,16
donor2_TGTGCGGTCAGGACGA-1,donor2,6
donor2_TGTGCGGTCGAGAGCA-1,donor2,15
donor2_TGTGCGGTCGCTGTTC-1,donor2,6
donor2_TGTGGCGAGAGCCGAT-1,donor2,18
donor2_TGTGGCGAGCGCCTTG-1,donor2,8
donor2_TGTGGCGAGGATGTTA-1,donor2,2
donor2_TGTGGCGAGGGACCAT-1,donor2,1
donor2_TGTGGCGAGGGAGAAT-1,donor2,3
donor2_TGTGGCGAGTAAAGCT-1,donor2,26
donor2_TGTGGCGAGTATGAGT-1,donor2,1
donor2_TGTGGCGAGTGGTTGG-1,donor2,21
donor2_TGTGGCGCAGAAGTGC-1,donor2,4
donor2_TGTGGCGCAGGCCCTA-1,donor2,21
donor2_TGTGGCGCAGGTACGA-1,donor2,2
donor2_TGTGGCGCATAAGCGG-1,donor2,18
donor2_TGTGGCGCATCCGAGC-1,donor2,2
donor2_TGTGGCGCATGTGACT-1,donor2,8
donor2_TGTGGCGGTAGTTAGA-1,donor2,0
donor2_TGTGGCGGTCGTGATT-1,donor2,11
donor2_TGTGGCGGTTGTCAGT-1,donor2,17
donor2_TGTGGCGTCGTAGGAG-1,donor2,0
donor2_TGTGTGAAGCGCGTTC-1,donor2,3
donor2_TGTGTGAAGCTGACCC-1,donor2,15
donor2_TGTGTGAAGGACGCTA-1,donor2,3
donor2_TGTGTGAAGGGAGGTG-1,donor2,21
donor2_TGTGTGACAAATGCTC-1,donor2,19
donor2_TGTGTGACAAGCTGTT-1,donor2,12
donor2_TGTGTGACAGGTGACA-1,donor2,19
donor2_TGTGTGACATCCGAGC-1,donor2,2
donor2_TGTGTGAGTCAACACT-1,donor2,0
donor2_TGTGTGAGTGGTCTAT-1,donor2,2
donor2_TGTGTGAGTGTAGTGG-1,donor2,4
donor2_TGTGTGAGTGTCTAAC-1,donor2,3
donor2_TGTGTGAGTTGTTGTG-1,donor2,22
donor2_TGTGTGATCAGTAGGG-1,donor2,2
donor2_TGTGTGATCGCCAGAC-1,donor2,16
donor2_TGTGTGATCTCAAAGC-1,donor2,6
donor2_TGTTACTAGATAGCTA-1,donor2,2
donor2_TGTTACTAGATGAAGG-1,donor2,19
donor2_TGTTACTAGCAATAAC-1,donor2,19
donor2_TGTTACTCACTATCGA-1,donor2,4
donor2_TGTTACTCAGCGTGAA-1,donor2,18
donor2_TGTTACTCAGGCACAA-1,donor2,2
donor2_TGTTACTGTAAGGAGA-1,donor2,18
donor2_TGTTACTGTACCAGAG-1,donor2,21
donor2_TGTTACTGTTGGTAGG-1,donor2,0
donor2_TGTTACTTCTGGGTCG-1,donor2,8
donor2_TGTTCATAGATTGCGG-1,donor2,18
donor2_TGTTCATAGCATTGTC-1,donor2,1
donor2_TGTTCATAGCGATTCT-1,donor2,0
donor2_TGTTCATAGGACAAGA-1,donor2,12
donor2_TGTTCATAGGCCTAAG-1,donor2,17
donor2_TGTTCATAGTTCGCAT-1,donor2,0
donor2_TGTTCATCAACCGTAT-1,donor2,17
donor2_TGTTCATCACAGCATT-1,donor2,5
donor2_TGTTCATCAGAGTTCT-1,donor2,0
donor2_TGTTCATCATTCTCTA-1,donor2,18
donor2_TGTTCATGTAGTATAG-1,donor2,25
donor2_TGTTCATGTCCGAAGA-1,donor2,8
donor2_TGTTCATGTCTCGACG-1,donor2,18
donor2_TGTTCATGTGCTGATT-1,donor2,16
donor2_TGTTCATGTGCTGCAC-1,donor2,16
donor2_TGTTCATGTTCGGACC-1,donor2,18
donor2_TGTTCATGTTTCCCAC-1,donor2,16
donor2_TGTTCATTCGCATTGA-1,donor2,3
donor2_TGTTCCGAGAAGGTAG-1,donor2,5
donor2_TGTTCCGAGGCTAACG-1,donor2,3
donor2_TGTTCCGAGGTTGAGC-1,donor2,2
donor2_TGTTCCGAGTAAGACT-1,donor2,25
donor2_TGTTCCGCACAGTACT-1,donor2,26
donor2_TGTTCCGCACGCAAAG-1,donor2,21
donor2_TGTTCCGCACTGGAAG-1,donor2,17
donor2_TGTTCCGGTAACGCGA-1,donor2,17
donor2_TGTTCCGGTATGAAAC-1,donor2,3
donor2_TGTTCCGGTTGAATCC-1,donor2,2
donor2_TGTTCCGTCCTTCTTC-1,donor2,19
donor2_TGTTCCGTCCTTGACC-1,donor2,2
donor2_TGTTCCGTCGACGTCG-1,donor2,3
donor2_TGTTCCGTCTGCTTAT-1,donor2,21
donor2_TGTTCCGTCTGGAAGG-1,donor2,16
donor2_TGTTCTAAGAAGGGAT-1,donor2,15
donor2_TGTTCTAAGAGTCAAT-1,donor2,12
donor2_TGTTCTAAGTCACTAC-1,donor2,19
donor2_TGTTCTAAGTTGGCGA-1,donor2,1
donor2_TGTTCTACAAAGACGC-1,donor2,0
donor2_TGTTCTACAGTATTCG-1,donor2,2
donor2_TGTTCTACATACAGAA-1,donor2,17
donor2_TGTTCTAGTCAACCAT-1,donor2,8
donor2_TGTTCTAGTTAGTTCG-1,donor2,15
donor2_TGTTCTATCATCGCAA-1,donor2,18
donor2_TGTTCTATCCAGCACG-1,donor2,5
donor2_TGTTCTATCGAACGGA-1,donor2,3
donor2_TGTTCTATCTCTGGTC-1,donor2,20
donor2_TGTTGAGAGACTTGTC-1,donor2,16
donor2_TGTTGAGAGTACTGGG-1,donor2,2
donor2_TGTTGAGCAATTGAAG-1,donor2,21
donor2_TGTTGAGCACTGTCGG-1,donor2,2
donor2_TGTTGAGCAGCTACAT-1,donor2,19
donor2_TGTTGAGGTACTGTTG-1,donor2,2
donor2_TGTTGAGGTAGACGTG-1,donor2,11
donor2_TGTTGAGGTGGTCCCA-1,donor2,8
donor2_TGTTGAGGTGGTTTAC-1,donor2,3
donor2_TGTTGAGGTTGTGGCC-1,donor2,3
donor2_TGTTGAGTCAAGTCTG-1,donor2,18
donor2_TGTTGAGTCATTTACC-1,donor2,12
donor2_TGTTGAGTCCAAGCAT-1,donor2,0
donor2_TGTTGAGTCCCATAAG-1,donor2,0
donor2_TGTTGAGTCGCAGAGA-1,donor2,0
donor2_TGTTGGAAGGAGTCTG-1,donor2,18
donor2_TGTTGGACAATGTTGC-1,donor2,1
donor2_TGTTGGACACACGGAA-1,donor2,18
donor2_TGTTGGACACCATATG-1,donor2,4
donor2_TGTTGGACACGTTCGG-1,donor2,17
donor2_TGTTGGACAGAACATA-1,donor2,2
donor2_TGTTGGACATTACGGT-1,donor2,19
donor2_TGTTGGAGTCCTATAG-1,donor2,1
donor2_TGTTGGAGTTGGAGGT-1,donor2,18
donor2_TGTTGGAGTTTCGCTC-1,donor2,1
donor2_TGTTGGATCATCTACT-1,donor2,0
donor2_TGTTGGATCTCTGAGA-1,donor2,2
donor2_TGTTGGATCTGGTGGC-1,donor2,19
donor2_TGTTTGTAGAGGGTCT-1,donor2,19
donor2_TGTTTGTAGCTCGGCT-1,donor2,19
donor2_TGTTTGTGTACTCGCG-1,donor2,19
donor2_TGTTTGTGTAGACGTG-1,donor2,20
donor2_TGTTTGTGTAGTCGTT-1,donor2,21
donor2_TGTTTGTGTCTAGATC-1,donor2,5
donor2_TGTTTGTGTGAGTCAG-1,donor2,20
donor2_TGTTTGTGTGATATAG-1,donor2,19
donor2_TGTTTGTGTGGACCAA-1,donor2,16
donor2_TGTTTGTGTGTTAAAG-1,donor2,19
donor2_TGTTTGTTCCAAATGC-1,donor2,19
donor2_TGTTTGTTCCTTTGAT-1,donor2,6
donor2_TGTTTGTTCGCCTTGT-1,donor2,19
donor2_TGTTTGTTCGTGGGAA-1,donor2,8
donor2_TTAATCCAGACTTGTC-1,donor2,6
donor2_TTAATCCAGATTCGAA-1,donor2,17
donor2_TTAATCCAGCAGCCCT-1,donor2,2
donor2_TTAATCCAGCGAAACC-1,donor2,6
donor2_TTAATCCAGCGTTGTT-1,donor2,15
donor2_TTAATCCAGCTATCCA-1,donor2,2
donor2_TTAATCCAGGCAGTCA-1,donor2,1
donor2_TTAATCCAGGGATGTC-1,donor2,18
donor2_TTAATCCAGGGTTGCA-1,donor2,0
donor2_TTAATCCAGTACGAGC-1,donor2,3
donor2_TTAATCCAGTGTAGAT-1,donor2,15
donor2_TTAATCCCAACTAGAA-1,donor2,3
donor2_TTAATCCCAAGAGCTG-1,donor2,3
donor2_TTAATCCCACCCTATC-1,donor2,17
donor2_TTAATCCCACTTCATT-1,donor2,18
donor2_TTAATCCCAGAGTCTT-1,donor2,1
donor2_TTAATCCCAGTAGATA-1,donor2,8
donor2_TTAATCCCAGTCGCTG-1,donor2,4
donor2_TTAATCCCATGGCCCA-1,donor2,17
donor2_TTAATCCGTAAGATAC-1,donor2,2
donor2_TTAATCCGTGTATACC-1,donor2,17
donor2_TTAATCCGTTCGGCTG-1,donor2,2
donor2_TTAATCCGTTGCCAAT-1,donor2,16
donor2_TTAATCCTCACGGGCT-1,donor2,1
donor2_TTAATCCTCCATCAGA-1,donor2,4
donor2_TTAATCCTCGACCCAG-1,donor2,21
donor2_TTAATCCTCGAGCTGC-1,donor2,8
donor2_TTAATCCTCGGTCTAA-1,donor2,8
donor2_TTAATCCTCGTGGGAA-1,donor2,0
donor2_TTACAGGAGGATTTCC-1,donor2,8
donor2_TTACAGGCACAATGAA-1,donor2,8
donor2_TTACAGGCAGAAATCA-1,donor2,19
donor2_TTACAGGCATCGAAGG-1,donor2,18
donor2_TTACAGGCATGAGAAT-1,donor2,17
donor2_TTACAGGGTCAACCAT-1,donor2,18
donor2_TTACAGGTCATCGGGC-1,donor2,16
donor2_TTACCATAGCCAGAGT-1,donor2,7
donor2_TTACCATCAGAGCGTA-1,donor2,26
donor2_TTACCATCATCCAACA-1,donor2,19
donor2_TTACCATCATCGTCCT-1,donor2,20
donor2_TTACCATGTAACCCTA-1,donor2,8
donor2_TTACCATGTAACGTTC-1,donor2,4
donor2_TTACCATGTATACCCA-1,donor2,5
donor2_TTACCATGTCCCTGTT-1,donor2,2
donor2_TTACCATGTCCTGGTG-1,donor2,6
donor2_TTACCATGTCGCAACC-1,donor2,0
donor2_TTACCATGTGGCCCAT-1,donor2,4
donor2_TTACCATGTTAATCGC-1,donor2,8
donor2_TTACCATTCACATACG-1,donor2,1
donor2_TTACCATTCCATGCAA-1,donor2,18
donor2_TTACCATTCCGAGATT-1,donor2,3
donor2_TTACCATTCTCTGAGA-1,donor2,21
donor2_TTACCGCAGGAGTCTG-1,donor2,6
donor2_TTACCGCAGGTAGATT-1,donor2,15
donor2_TTACCGCAGGTGCTTT-1,donor2,0
donor2_TTACCGCAGTCTACCA-1,donor2,3
donor2_TTACCGCAGTGAGGTC-1,donor2,19
donor2_TTACCGCAGTGGTTAA-1,donor2,17
donor2_TTACCGCCACATAACC-1,donor2,27
donor2_TTACCGCCAGGCGAAT-1,donor2,18
donor2_TTACCGCCATCATTTC-1,donor2,15
donor2_TTACCGCCATCCTATT-1,donor2,8
donor2_TTACCGCCATGACTGT-1,donor2,1
donor2_TTACCGCGTGAGCTCC-1,donor2,3
donor2_TTACCGCGTGTGACCC-1,donor2,8
donor2_TTACCGCTCACTGGGC-1,donor2,19
donor2_TTACCGCTCCGAGAAG-1,donor2,0
donor2_TTACCGCTCCGCTAGG-1,donor2,2
donor2_TTACCGCTCCTCTAGC-1,donor2,5
donor2_TTACCGCTCCTCTGCA-1,donor2,3
donor2_TTACCGCTCGCTTACC-1,donor2,3
donor2_TTACCGCTCTGGTCAA-1,donor2,12
donor2_TTACGCCCAATACGCT-1,donor2,0
donor2_TTACGCCCAATTGTGC-1,donor2,0
donor2_TTACGCCCAGAGGTTG-1,donor2,4
donor2_TTACGCCCATTACTCT-1,donor2,8
donor2_TTACGCCGTAATGTGA-1,donor2,27
donor2_TTACGCCGTCAGTCTA-1,donor2,17
donor2_TTACGCCGTCGATTAC-1,donor2,18
donor2_TTACGCCGTGATACAA-1,donor2,19
donor2_TTACGCCGTGTTCGTA-1,donor2,6
donor2_TTACGCCTCGGTTGTA-1,donor2,16
donor2_TTACGTTAGCGTCGAA-1,donor2,18
donor2_TTACGTTAGCTTTGTG-1,donor2,20
donor2_TTACGTTAGGAAAGGT-1,donor2,2
donor2_TTACGTTCAGATCCTA-1,donor2,16
donor2_TTACGTTCAGCAGTGA-1,donor2,21
donor2_TTACGTTCATCGGATT-1,donor2,1
donor2_TTACGTTGTCTACGTA-1,donor2,22
donor2_TTACGTTTCACCTCTG-1,donor2,18
donor2_TTACGTTTCCTATTTG-1,donor2,2
donor2_TTACGTTTCGCACGGT-1,donor2,11
donor2_TTACGTTTCGTCCTCA-1,donor2,2
donor2_TTACTGTAGAGCAGCT-1,donor2,0
donor2_TTACTGTAGCTCCACG-1,donor2,15
donor2_TTACTGTAGTCAACAA-1,donor2,2
donor2_TTACTGTCAGGTGAGT-1,donor2,1
donor2_TTACTGTCATGGAACG-1,donor2,18
donor2_TTACTGTGTCAAGTTC-1,donor2,19
donor2_TTACTGTTCCGCCTAT-1,donor2,5
donor2_TTACTGTTCGGAAACG-1,donor2,0
donor2_TTAGGCAAGAAACTAC-1,donor2,19
donor2_TTAGGCAAGAAGCTGC-1,donor2,15
donor2_TTAGGCAAGAGTGTTA-1,donor2,15
donor2_TTAGGCAAGATGCTGG-1,donor2,17
donor2_TTAGGCAAGCCTAACT-1,donor2,22
donor2_TTAGGCAAGCGGGTTA-1,donor2,0
donor2_TTAGGCAAGGTACCTT-1,donor2,17
donor2_TTAGGCAAGTAGGATT-1,donor2,3
donor2_TTAGGCAAGTCTGTAC-1,donor2,19
donor2_TTAGGCACAAGACAAT-1,donor2,1
donor2_TTAGGCACAATGTTGC-1,donor2,0
donor2_TTAGGCACAGGCATGA-1,donor2,0
donor2_TTAGGCACAGTCAGCC-1,donor2,17
donor2_TTAGGCACATTATGCG-1,donor2,27
donor2_TTAGGCACATTCAGGT-1,donor2,11
donor2_TTAGGCAGTAGCACAG-1,donor2,12
donor2_TTAGGCAGTCGTTGCG-1,donor2,21
donor2_TTAGGCAGTCTTAGTG-1,donor2,17
donor2_TTAGGCATCAAAGAAC-1,donor2,4
donor2_TTAGGCATCCTTTGAT-1,donor2,18
donor2_TTAGGCATCGTTCCTG-1,donor2,17
donor2_TTAGGCATCTACCAGA-1,donor2,1
donor2_TTAGGGTAGAACAAGG-1,donor2,15
donor2_TTAGGGTAGCCGATAG-1,donor2,6
donor2_TTAGGGTAGCGGTAGT-1,donor2,2
donor2_TTAGGGTAGCTTCTAG-1,donor2,21
donor2_TTAGGGTAGGCCCGTT-1,donor2,18
donor2_TTAGGGTAGTTCCGGC-1,donor2,2
donor2_TTAGGGTCAAGCGAAC-1,donor2,0
donor2_TTAGGGTCAATTAGGA-1,donor2,2
donor2_TTAGGGTCACAGTACT-1,donor2,1
donor2_TTAGGGTCACCCAATA-1,donor2,1
donor2_TTAGGGTCACCTAAAC-1,donor2,16
donor2_TTAGGGTCACGGATCC-1,donor2,18
donor2_TTAGGGTCACTCCTGT-1,donor2,8
donor2_TTAGGGTCACTCTCGT-1,donor2,17
donor2_TTAGGGTCAGGACGAT-1,donor2,2
donor2_TTAGGGTGTAGAGATT-1,donor2,4
donor2_TTAGGGTGTCCGGACT-1,donor2,0
donor2_TTAGGGTGTGGTCCCA-1,donor2,19
donor2_TTAGGGTGTTGTTGAC-1,donor2,4
donor2_TTAGGGTGTTTAAGGA-1,donor2,6
donor2_TTAGGGTTCCTTTAGT-1,donor2,8
donor2_TTAGGGTTCTCGTCAC-1,donor2,27
donor2_TTAGGGTTCTGCCCTA-1,donor2,18
donor2_TTAGGGTTCTGTCCGT-1,donor2,17
donor2_TTAGGGTTCTTGCGCT-1,donor2,19
donor2_TTAGTCTAGAAGCGCT-1,donor2,2
donor2_TTAGTCTAGATACAGT-1,donor2,3
donor2_TTAGTCTAGGCAGGTT-1,donor2,19
donor2_TTAGTCTAGTACAGCG-1,donor2,18
donor2_TTAGTCTCACTGGAAG-1,donor2,3
donor2_TTAGTCTCAGCGCGTT-1,donor2,15
donor2_TTAGTCTCATCGCTAA-1,donor2,16
donor2_TTAGTCTGTCAATGGG-1,donor2,0
donor2_TTAGTCTGTCTCGCGA-1,donor2,20
donor2_TTAGTCTTCACTTGGA-1,donor2,3
donor2_TTAGTCTTCCCTTTGG-1,donor2,5
donor2_TTAGTCTTCGAGGCAA-1,donor2,18
donor2_TTAGTCTTCTTAGGAC-1,donor2,15
donor2_TTATTGCAGCTATCTG-1,donor2,17
donor2_TTATTGCAGGAAGTGA-1,donor2,21
donor2_TTATTGCAGGAGGTTC-1,donor2,16
donor2_TTATTGCAGGCTCACC-1,donor2,16
donor2_TTATTGCAGGTCGTCC-1,donor2,8
donor2_TTATTGCAGGTGGTTG-1,donor2,20
donor2_TTATTGCAGTGGATAT-1,donor2,8
donor2_TTATTGCAGTTGAATG-1,donor2,16
donor2_TTATTGCCAATAACCC-1,donor2,19
donor2_TTATTGCCACCGTGGT-1,donor2,3
donor2_TTATTGCCACGTCATA-1,donor2,17
donor2_TTATTGCCAGAAACCG-1,donor2,20
donor2_TTATTGCCAGGAATCG-1,donor2,19
donor2_TTATTGCGTCAAACGG-1,donor2,22
donor2_TTATTGCGTCTCCCTA-1,donor2,17
donor2_TTATTGCTCCGGTTCT-1,donor2,2
donor2_TTATTGCTCTCGAACA-1,donor2,19
donor2_TTCAATCAGACTCCGC-1,donor2,17
donor2_TTCAATCAGAGCATAT-1,donor2,19
donor2_TTCAATCAGAGGTATT-1,donor2,20
donor2_TTCAATCAGCAATAAC-1,donor2,19
donor2_TTCAATCAGGTCATCT-1,donor2,19
donor2_TTCAATCCAAACCACT-1,donor2,18
donor2_TTCAATCCAAATCGGG-1,donor2,16
donor2_TTCAATCCAAGCGGAT-1,donor2,21
donor2_TTCAATCCACTGGACC-1,donor2,1
donor2_TTCAATCCAGAGGCAT-1,donor2,18
donor2_TTCAATCGTAGACAGC-1,donor2,3
donor2_TTCAATCGTAGCTGAG-1,donor2,2
donor2_TTCAATCGTGCGGCTT-1,donor2,5
donor2_TTCAATCGTGGTCAAG-1,donor2,3
donor2_TTCAATCTCACATCAG-1,donor2,15
donor2_TTCAATCTCCACGAAT-1,donor2,18
donor2_TTCAATCTCCATACAG-1,donor2,3
donor2_TTCAATCTCGCAATTG-1,donor2,0
donor2_TTCACCGAGACGGAAA-1,donor2,2
donor2_TTCACCGAGCGAACTG-1,donor2,17
donor2_TTCACCGAGGTTTGAA-1,donor2,3
donor2_TTCACCGAGTGCACTT-1,donor2,19
donor2_TTCACCGCAATAGTGA-1,donor2,3
donor2_TTCACCGCACGGGTAA-1,donor2,16
donor2_TTCACCGCACGGTAGA-1,donor2,3
donor2_TTCACCGCAGTTAAAG-1,donor2,20
donor2_TTCACCGCATACACCA-1,donor2,3
donor2_TTCACCGGTACAAGCG-1,donor2,18
donor2_TTCACCGGTGCAACGA-1,donor2,1
donor2_TTCACCGGTGTCCTAA-1,donor2,2
donor2_TTCACCGGTTCCTACC-1,donor2,8
donor2_TTCACCGTCCGTGGGT-1,donor2,15
donor2_TTCACCGTCCTAGCGG-1,donor2,19
donor2_TTCACCGTCCTTTAGT-1,donor2,19
donor2_TTCACCGTCGTGGGTC-1,donor2,1
donor2_TTCACCGTCTTCCCGA-1,donor2,0
donor2_TTCACGCAGACGACTG-1,donor2,19
donor2_TTCACGCAGCCTAGGA-1,donor2,1
donor2_TTCACGCAGCTCCGAC-1,donor2,21
donor2_TTCACGCAGCTCTATG-1,donor2,16
donor2_TTCACGCAGGCAGCTA-1,donor2,0
donor2_TTCACGCAGTCACAGG-1,donor2,4
donor2_TTCACGCCAAGGGTCA-1,donor2,4
donor2_TTCACGCCAATCCTAG-1,donor2,0
donor2_TTCACGCCACGTACTA-1,donor2,4
donor2_TTCACGCGTACGTACT-1,donor2,21
donor2_TTCACGCGTACTTCCC-1,donor2,12
donor2_TTCACGCGTATCTCGA-1,donor2,2
donor2_TTCACGCGTCAACACT-1,donor2,17
donor2_TTCACGCGTTAGGGTG-1,donor2,26
donor2_TTCACGCTCAACCCGG-1,donor2,15
donor2_TTCACGCTCCCTATTA-1,donor2,1
donor2_TTCACGCTCGAAATCC-1,donor2,2
donor2_TTCACGCTCGGCACTG-1,donor2,17
donor2_TTCACGCTCTATCGCC-1,donor2,5
donor2_TTCACGCTCTCCTGAC-1,donor2,3
donor2_TTCAGGAAGCCTATCA-1,donor2,2
donor2_TTCAGGAAGCCTGTCG-1,donor2,1
donor2_TTCAGGAAGCGCACAA-1,donor2,3
donor2_TTCAGGAAGGACTATA-1,donor2,4
donor2_TTCAGGAAGGAGAATG-1,donor2,1
donor2_TTCAGGAAGTGTAGTA-1,donor2,4
donor2_TTCAGGACATTGTAGC-1,donor2,1
donor2_TTCAGGAGTAGGAGGG-1,donor2,0
donor2_TTCAGGAGTCGTATGT-1,donor2,5
donor2_TTCAGGAGTGCACGCT-1,donor2,15
donor2_TTCAGGAGTGTCACAT-1,donor2,8
donor2_TTCAGGATCCCGAGGT-1,donor2,4
donor2_TTCAGGATCTTCACGC-1,donor2,4
donor2_TTCATGTAGAGGACTC-1,donor2,8
donor2_TTCATGTAGCATGCAG-1,donor2,16
donor2_TTCATGTAGTTTGCTG-1,donor2,3
donor2_TTCATGTCAAGCAATA-1,donor2,8
donor2_TTCATGTGTAGCCAGA-1,donor2,3
donor2_TTCATGTGTATTTCCT-1,donor2,8
donor2_TTCATGTTCACTGTTT-1,donor2,17
donor2_TTCATGTTCCGATTAG-1,donor2,0
donor2_TTCATGTTCCTTCTAA-1,donor2,18
donor2_TTCATGTTCGGACGTC-1,donor2,21
donor2_TTCATGTTCGTTGTGA-1,donor2,3
donor2_TTCATGTTCTAGTTCT-1,donor2,2
donor2_TTCATTGAGCTGCCAC-1,donor2,12
donor2_TTCATTGAGTATGATG-1,donor2,17
donor2_TTCATTGAGTCGTTAC-1,donor2,18
donor2_TTCATTGGTAAGGAGA-1,donor2,4
donor2_TTCATTGGTAGATTGA-1,donor2,21
donor2_TTCATTGGTCTGTGGC-1,donor2,3
donor2_TTCATTGGTTGCAAGG-1,donor2,8
donor2_TTCATTGGTTGCGAAG-1,donor2,8
donor2_TTCATTGTCAGCTTCC-1,donor2,3
donor2_TTCCAATAGCTAAGTA-1,donor2,17
donor2_TTCCAATAGCTCGGCT-1,donor2,17
donor2_TTCCAATAGGTTCTTG-1,donor2,4
donor2_TTCCAATAGTATTGCC-1,donor2,3
donor2_TTCCAATCATACACCA-1,donor2,17
donor2_TTCCAATCATTCCTCG-1,donor2,3
donor2_TTCCAATGTACAGTAA-1,donor2,1
donor2_TTCCAATGTAGTAAGT-1,donor2,4
donor2_TTCCAATGTATACCCA-1,donor2,4
donor2_TTCCAATGTTAGGCCC-1,donor2,19
donor2_TTCCAATGTTTCGGCG-1,donor2,6
donor2_TTCCAATTCAAAGACA-1,donor2,3
donor2_TTCCAATTCAAGTGGG-1,donor2,15
donor2_TTCCAATTCGCTCTCA-1,donor2,4
donor2_TTCCAATTCGCTTAAG-1,donor2,19
donor2_TTCCAATTCTAAGCCA-1,donor2,1
donor2_TTCCACGAGTAAATGC-1,donor2,17
donor2_TTCCACGAGTACCATC-1,donor2,16
donor2_TTCCACGAGTCACTCA-1,donor2,18
donor2_TTCCACGAGTCTAACC-1,donor2,17
donor2_TTCCACGAGTGGCGAT-1,donor2,17
donor2_TTCCACGAGTTGAAAC-1,donor2,20
donor2_TTCCACGCAAAGAGTT-1,donor2,3
donor2_TTCCACGCAAAGCACG-1,donor2,3
donor2_TTCCACGCAATTGCGT-1,donor2,19
donor2_TTCCACGCACATAACC-1,donor2,19
donor2_TTCCACGCACGAGAAC-1,donor2,2
donor2_TTCCACGCAGTATACC-1,donor2,20
donor2_TTCCACGGTCAACATC-1,donor2,2
donor2_TTCCACGGTCTCACGG-1,donor2,17
donor2_TTCCACGTCGACATCA-1,donor2,2
donor2_TTCCACGTCTTAGCCC-1,donor2,18
donor2_TTCCGGTAGCCTGACC-1,donor2,5
donor2_TTCCGGTAGCGCTGCT-1,donor2,19
donor2_TTCCGGTAGTAAACAC-1,donor2,18
donor2_TTCCGGTAGTCGCCAC-1,donor2,24
donor2_TTCCGGTAGTCTAGAA-1,donor2,19
donor2_TTCCGGTAGTGATCGG-1,donor2,2
donor2_TTCCGGTCACTATCGA-1,donor2,17
donor2_TTCCGGTGTAATCAGA-1,donor2,1
donor2_TTCCGGTGTATCCTCC-1,donor2,3
donor2_TTCCGGTGTGATACTC-1,donor2,3
donor2_TTCCGGTGTGCCTTCT-1,donor2,16
donor2_TTCCGGTTCAGACCTA-1,donor2,17
donor2_TTCCGGTTCGCCTTTG-1,donor2,1
donor2_TTCCGTGAGAGGTCGT-1,donor2,2
donor2_TTCCGTGAGCGCCCAT-1,donor2,22
donor2_TTCCGTGAGCGTATGG-1,donor2,4
donor2_TTCCGTGCAGACAAAT-1,donor2,2
donor2_TTCCGTGGTCGGAAAC-1,donor2,19
donor2_TTCCGTGGTGGTGATG-1,donor2,27
donor2_TTCCGTGGTTATAGAG-1,donor2,3
donor2_TTCCGTGTCGGCCTTT-1,donor2,19
donor2_TTCCGTGTCTGTGCAA-1,donor2,17
donor2_TTCCTAAAGTCTACCA-1,donor2,8
donor2_TTCCTAACAGCCGTCA-1,donor2,26
donor2_TTCCTAACATGGACAG-1,donor2,2
donor2_TTCCTAAGTACAGAAT-1,donor2,19
donor2_TTCCTAAGTGGTATGG-1,donor2,17
donor2_TTCCTAAGTTAGGGTG-1,donor2,1
donor2_TTCCTAAGTTGAGAGC-1,donor2,6
donor2_TTCCTAATCACCTCAC-1,donor2,19
donor2_TTCCTAATCCCACAGG-1,donor2,6
donor2_TTCCTAATCTCTGGTC-1,donor2,3
donor2_TTCCTCTAGCAGAAAG-1,donor2,2
donor2_TTCCTCTAGTTTCAGC-1,donor2,16
donor2_TTCCTCTCAAGACAAT-1,donor2,18
donor2_TTCCTCTCAATACGCT-1,donor2,17
donor2_TTCCTCTCACATCCCT-1,donor2,0
donor2_TTCCTCTCAGCGTACC-1,donor2,17
donor2_TTCCTCTGTAATCAAG-1,donor2,17
donor2_TTCCTCTGTAGAGGAA-1,donor2,19
donor2_TTCCTCTGTCCCTAAA-1,donor2,19
donor2_TTCCTCTGTCGGTGTC-1,donor2,21
donor2_TTCCTCTGTGGTCCCA-1,donor2,18
donor2_TTCCTCTTCACCATGA-1,donor2,11
donor2_TTCCTCTTCGGCAGTC-1,donor2,19
donor2_TTCCTCTTCGTAGTCA-1,donor2,1
donor2_TTCCTCTTCGTGTGAT-1,donor2,19
donor2_TTCCTCTTCTCTCTAA-1,donor2,3
donor2_TTCCTCTTCTTACCAT-1,donor2,4
donor2_TTCCTTCAGATACATG-1,donor2,18
donor2_TTCCTTCAGCATCCTA-1,donor2,21
donor2_TTCCTTCAGCTAAACA-1,donor2,17
donor2_TTCCTTCCAAATGAGT-1,donor2,8
donor2_TTCCTTCCAAGGCTTT-1,donor2,8
donor2_TTCCTTCCAAGTGGAC-1,donor2,27
donor2_TTCCTTCCAGTCAACT-1,donor2,16
donor2_TTCCTTCCAGTTGCGC-1,donor2,15
donor2_TTCCTTCGTACTAAGA-1,donor2,1
donor2_TTCCTTCGTCTGTGAT-1,donor2,2
donor2_TTCCTTCGTCTGTTAG-1,donor2,8
donor2_TTCCTTCGTGGAAGTC-1,donor2,1
donor2_TTCCTTCGTTTCGATG-1,donor2,3
donor2_TTCCTTCTCGAAGCCC-1,donor2,19
donor2_TTCCTTCTCTCCTACG-1,donor2,2
donor2_TTCCTTCTCTTCCAGC-1,donor2,27
donor2_TTCGATTAGAACCCGA-1,donor2,18
donor2_TTCGATTAGAGCATCG-1,donor2,1
donor2_TTCGATTAGCGCACAA-1,donor2,2
donor2_TTCGATTAGCGCCTAC-1,donor2,16
donor2_TTCGATTAGCGTATAA-1,donor2,15
donor2_TTCGATTAGCGTTGTT-1,donor2,1
donor2_TTCGATTAGTAGGAAG-1,donor2,3
donor2_TTCGATTAGTTGTCGT-1,donor2,20
donor2_TTCGATTCAATTCTCT-1,donor2,19
donor2_TTCGATTCAGAGGTTG-1,donor2,0
donor2_TTCGATTGTAACTAAG-1,donor2,2
donor2_TTCGATTGTACGAGTG-1,donor2,8
donor2_TTCGATTGTACTGCGC-1,donor2,8
donor2_TTCGATTGTAGCCCTG-1,donor2,18
donor2_TTCGATTGTGCATCTA-1,donor2,0
donor2_TTCGATTGTTACCGTA-1,donor2,2
donor2_TTCGATTTCCGTATAG-1,donor2,3
donor2_TTCGATTTCCTTATCA-1,donor2,18
donor2_TTCGATTTCTCTATAC-1,donor2,4
donor2_TTCGATTTCTCTTAAC-1,donor2,3
donor2_TTCGATTTCTGATTCT-1,donor2,8
donor2_TTCGCTGAGATACAGT-1,donor2,17
donor2_TTCGCTGAGCTATCCA-1,donor2,21
donor2_TTCGCTGAGGTTGGAC-1,donor2,17
donor2_TTCGCTGGTACTGCGC-1,donor2,18
donor2_TTCGCTGGTACTGGGA-1,donor2,0
donor2_TTCGCTGGTAGTTCCA-1,donor2,15
donor2_TTCGCTGGTATATGGA-1,donor2,3
donor2_TTCGCTGGTCACGCTG-1,donor2,17
donor2_TTCGCTGGTTATAGCC-1,donor2,15
donor2_TTCGCTGGTTCGCGTG-1,donor2,16
donor2_TTCGCTGGTTCGGTCG-1,donor2,8
donor2_TTCGCTGGTTCTTGCC-1,donor2,20
donor2_TTCGCTGTCGAGATAA-1,donor2,19
donor2_TTCGCTGTCTATCCAT-1,donor2,3
donor2_TTCGCTGTCTATCGTT-1,donor2,4
donor2_TTCGCTGTCTCCAAGA-1,donor2,18
donor2_TTCGCTGTCTCCCATG-1,donor2,27
donor2_TTCGCTGTCTTGGCTC-1,donor2,21
donor2_TTCGGTCAGAACCGCA-1,donor2,2
donor2_TTCGGTCAGGACTGGT-1,donor2,5
donor2_TTCGGTCAGGGAGAAT-1,donor2,2
donor2_TTCGGTCAGTCTCCTC-1,donor2,3
donor2_TTCGGTCAGTGCAAAT-1,donor2,5
donor2_TTCGGTCAGTTTGAGA-1,donor2,3
donor2_TTCGGTCCAAAGGCTG-1,donor2,3
donor2_TTCGGTCCAATTAGGA-1,donor2,15
donor2_TTCGGTCCACGTCGGT-1,donor2,4
donor2_TTCGGTCCAGAAATCA-1,donor2,3
donor2_TTCGGTCCATCATGAC-1,donor2,4
donor2_TTCGGTCCATTGTAGC-1,donor2,2
donor2_TTCGGTCGTCTGTAGT-1,donor2,25
donor2_TTCGGTCGTGAATTGA-1,donor2,15
donor2_TTCGGTCGTGCCTATA-1,donor2,15
donor2_TTCGGTCGTTGCCTAA-1,donor2,12
donor2_TTCGGTCTCCATTGGA-1,donor2,4
donor2_TTCGGTCTCGCCTATC-1,donor2,15
donor2_TTCGGTCTCGGTCACG-1,donor2,21
donor2_TTCTAACAGACTCTTG-1,donor2,23
donor2_TTCTAACCAACCGCCA-1,donor2,17
donor2_TTCTAACCAATAGTGA-1,donor2,1
donor2_TTCTAACCAATGAAAC-1,donor2,17
donor2_TTCTAACCAATGGCAG-1,donor2,6
donor2_TTCTAACCACGCCAGT-1,donor2,8
donor2_TTCTAACCAGGCATGA-1,donor2,1
donor2_TTCTAACTCAAAGGAT-1,donor2,18
donor2_TTCTAACTCCAGCTCT-1,donor2,17
donor2_TTCTAACTCGAGAAAT-1,donor2,20
donor2_TTCTAGTAGAAACCAT-1,donor2,1
donor2_TTCTAGTAGATTGATG-1,donor2,0
donor2_TTCTAGTCAAGGGCAT-1,donor2,8
donor2_TTCTAGTCAAGTTTGC-1,donor2,2
donor2_TTCTAGTCATCTTCGC-1,donor2,17
donor2_TTCTAGTGTAACGATA-1,donor2,12
donor2_TTCTAGTGTCGAGCAA-1,donor2,12
donor2_TTCTAGTGTTCTCTAT-1,donor2,3
donor2_TTCTAGTTCCTTGACC-1,donor2,0
donor2_TTCTAGTTCTACTGCC-1,donor2,21
donor2_TTCTAGTTCTTCTCAA-1,donor2,3
donor2_TTCTCTCAGATCACTC-1,donor2,19
donor2_TTCTCTCAGCATATGA-1,donor2,1
donor2_TTCTCTCAGTTGAAAC-1,donor2,8
donor2_TTCTCTCCAATTGTGC-1,donor2,21
donor2_TTCTCTCGTAACATGA-1,donor2,21
donor2_TTCTCTCGTAAGAACT-1,donor2,21
donor2_TTCTCTCGTAGGCAAC-1,donor2,1
donor2_TTCTCTCTCATATGGC-1,donor2,15
donor2_TTCTCTCTCCTTGGAA-1,donor2,3
donor2_TTCTCTCTCGTGGGTC-1,donor2,15
donor2_TTCTGTAAGCAACTTC-1,donor2,15
donor2_TTCTGTAAGCGACTGA-1,donor2,3
donor2_TTCTGTACAATCGTCA-1,donor2,21
donor2_TTCTGTACACATCATG-1,donor2,1
donor2_TTCTGTACACCAGTAT-1,donor2,17
donor2_TTCTGTACATGGAATA-1,donor2,8
donor2_TTCTGTAGTCGAACGA-1,donor2,17
donor2_TTCTGTAGTCTGTTAG-1,donor2,18
donor2_TTCTGTAGTCTTCGAA-1,donor2,3
donor2_TTCTGTATCGCGATCG-1,donor2,16
donor2_TTCTGTATCTGCGGGT-1,donor2,1
donor2_TTCTTCCAGCAAGGAA-1,donor2,17
donor2_TTCTTCCAGCCAAGGT-1,donor2,16
donor2_TTCTTCCAGCCACTCG-1,donor2,1
donor2_TTCTTCCAGCCTCTGG-1,donor2,27
donor2_TTCTTCCAGCGTCTGC-1,donor2,18
donor2_TTCTTCCCAAATGAGT-1,donor2,18
donor2_TTCTTCCCAGACAATA-1,donor2,15
donor2_TTCTTCCCAGGTTCCG-1,donor2,2
donor2_TTCTTCCGTATTAAGG-1,donor2,3
donor2_TTCTTCCGTCTATGAC-1,donor2,4
donor2_TTCTTCCGTCTTACTT-1,donor2,4
donor2_TTCTTCCGTCTTCTAT-1,donor2,4
donor2_TTCTTCCGTGGCGCTT-1,donor2,15
donor2_TTCTTCCGTGGGTATG-1,donor2,4
donor2_TTCTTCCGTTGCTCCT-1,donor2,15
donor2_TTCTTCCTCGTGCTCT-1,donor2,16
donor2_TTCTTGAAGAGGCCAT-1,donor2,8
donor2_TTCTTGAAGGATTCCT-1,donor2,19
donor2_TTCTTGACAAGACGGT-1,donor2,19
donor2_TTCTTGACACAAACGG-1,donor2,16
donor2_TTCTTGACACGAGAAC-1,donor2,2
donor2_TTCTTGACACTGGAAG-1,donor2,27
donor2_TTCTTGAGTCGAATTC-1,donor2,3
donor2_TTCTTGAGTGTGTGTT-1,donor2,0
donor2_TTCTTGAGTGTTCGAT-1,donor2,0
donor2_TTCTTGATCCAACTGA-1,donor2,12
donor2_TTCTTGATCGCTTTAT-1,donor2,17
donor2_TTGAACGAGCGTCTCG-1,donor2,15
donor2_TTGAACGCAACCGTGC-1,donor2,17
donor2_TTGAACGCAATATCCG-1,donor2,3
donor2_TTGAACGCACAGTCCG-1,donor2,2
donor2_TTGAACGCACGACTAT-1,donor2,19
donor2_TTGAACGCAGAACATA-1,donor2,0
donor2_TTGAACGCATGCCGAC-1,donor2,18
donor2_TTGAACGCATTACTCT-1,donor2,2
donor2_TTGAACGGTAGGAAAG-1,donor2,21
donor2_TTGAACGGTCACAATC-1,donor2,17
donor2_TTGAACGGTCTACAGT-1,donor2,17
donor2_TTGAACGGTGCAGTGA-1,donor2,21
donor2_TTGAACGGTTCTGAGT-1,donor2,4
donor2_TTGAACGTCCCTTCCC-1,donor2,19
donor2_TTGAACGTCTCTCGCA-1,donor2,6
donor2_TTGAACGTCTTACTGT-1,donor2,2
donor2_TTGACCCAGATTCGCT-1,donor2,3
donor2_TTGACCCAGGGTGAGG-1,donor2,22
donor2_TTGACCCAGTATCTGC-1,donor2,8
donor2_TTGACCCCACAGTCAT-1,donor2,2
donor2_TTGACCCCACTGCACG-1,donor2,4
donor2_TTGACCCGTACCTTCC-1,donor2,4
donor2_TTGACCCGTGTGAGCA-1,donor2,18
donor2_TTGACCCTCATAGCAC-1,donor2,16
donor2_TTGAGTGAGAATTTGG-1,donor2,0
donor2_TTGAGTGAGAGGTCGT-1,donor2,1
donor2_TTGAGTGAGGTACAAT-1,donor2,4
donor2_TTGAGTGAGTCTAACC-1,donor2,17
donor2_TTGAGTGCAAGCTACT-1,donor2,16
donor2_TTGAGTGCACTTGAAC-1,donor2,16
donor2_TTGAGTGCATTAGGCT-1,donor2,4
donor2_TTGAGTGGTGATTAGA-1,donor2,0
donor2_TTGAGTGGTGTAGCAG-1,donor2,20
donor2_TTGAGTGGTTTACTGG-1,donor2,2
donor2_TTGAGTGGTTTGATCG-1,donor2,21
donor2_TTGAGTGTCACCCATC-1,donor2,17
donor2_TTGAGTGTCAGAATAG-1,donor2,19
donor2_TTGAGTGTCAGCTGTA-1,donor2,17
donor2_TTGAGTGTCATGCTAG-1,donor2,16
donor2_TTGAGTGTCATTACTC-1,donor2,0
donor2_TTGAGTGTCCCGTGTT-1,donor2,2
donor2_TTGAGTGTCGTCGGGT-1,donor2,2
donor2_TTGAGTGTCGTTAGAC-1,donor2,16
donor2_TTGATGGCAGTCGCAC-1,donor2,18
donor2_TTGATGGGTCCAACGC-1,donor2,15
donor2_TTGATGGGTCTGTCAA-1,donor2,19
donor2_TTGATGGGTGTCCGTG-1,donor2,20
donor2_TTGATGGGTTCCATTT-1,donor2,8
donor2_TTGATGGGTTCTCACC-1,donor2,17
donor2_TTGATGGGTTGTTTGG-1,donor2,17
donor2_TTGCATTAGCCGGATA-1,donor2,19
donor2_TTGCATTCAAGCACAG-1,donor2,19
donor2_TTGCATTCACGCACCA-1,donor2,18
donor2_TTGCATTGTCACTCAA-1,donor2,17
donor2_TTGCATTGTCTTGAAC-1,donor2,2
donor2_TTGCATTGTGCCTTTC-1,donor2,18
donor2_TTGCATTTCAAAGGTA-1,donor2,8
donor2_TTGCATTTCAGCGTCG-1,donor2,0
donor2_TTGCATTTCCGCGATG-1,donor2,18
donor2_TTGCATTTCGAACGGA-1,donor2,2
donor2_TTGCATTTCGTTGTGA-1,donor2,1
donor2_TTGCATTTCTTTGCTA-1,donor2,20
donor2_TTGCCTGCATCTGCGG-1,donor2,6
donor2_TTGCCTGCATGAATAG-1,donor2,3
donor2_TTGCCTGCATTCGATG-1,donor2,3
donor2_TTGCCTGGTAGATTGA-1,donor2,5
donor2_TTGCCTGGTAGGCAGT-1,donor2,2
donor2_TTGCCTGGTCTCACAA-1,donor2,2
donor2_TTGCCTGGTGCACATT-1,donor2,17
donor2_TTGCCTGGTGGATCGA-1,donor2,18
donor2_TTGCCTGGTGGGTCAA-1,donor2,20
donor2_TTGCCTGTCCACTGAA-1,donor2,2
donor2_TTGCGTCAGGTCCGAA-1,donor2,2
donor2_TTGCGTCCATAAGATG-1,donor2,17
donor2_TTGCGTCCATCGCTAA-1,donor2,15
donor2_TTGCGTCCATCGGAGA-1,donor2,18
donor2_TTGCGTCCATTCCTCG-1,donor2,2
donor2_TTGCGTCGTTCAGTAC-1,donor2,20
donor2_TTGCGTCGTTTGGAAA-1,donor2,19
donor2_TTGCGTCTCCACTAGA-1,donor2,8
donor2_TTGCGTCTCTTACCGC-1,donor2,3
donor2_TTGCTGCAGGACAAGA-1,donor2,2
donor2_TTGCTGCAGTCAGAGC-1,donor2,17
donor2_TTGCTGCAGTGTACCT-1,donor2,19
donor2_TTGCTGCCAGAATCGG-1,donor2,4
donor2_TTGCTGCCAGGTACGA-1,donor2,17
donor2_TTGCTGCCATCCTTGC-1,donor2,15
donor2_TTGCTGCGTAAGTAGT-1,donor2,17
donor2_TTGCTGCGTCCTGTTC-1,donor2,19
donor2_TTGCTGCGTCTATGAC-1,donor2,16
donor2_TTGCTGCGTGTTCCTC-1,donor2,1
donor2_TTGCTGCGTTGCCATA-1,donor2,15
donor2_TTGCTGCGTTGTGGCC-1,donor2,2
donor2_TTGCTGCGTTTACGAC-1,donor2,19
donor2_TTGCTGCTCAAGGACG-1,donor2,16
donor2_TTGCTGCTCCATCACC-1,donor2,3
donor2_TTGCTGCTCCTCACCA-1,donor2,1
donor2_TTGCTGCTCCTTCTAA-1,donor2,0
donor2_TTGGATGAGCGTCTCG-1,donor2,1
donor2_TTGGATGAGGTAGCCA-1,donor2,3
donor2_TTGGATGAGTCACTCA-1,donor2,19
donor2_TTGGATGAGTCATAGA-1,donor2,3
donor2_TTGGATGCAGACCCGT-1,donor2,17
donor2_TTGGATGCATCTGCGG-1,donor2,19
donor2_TTGGATGGTACACGCC-1,donor2,2
donor2_TTGGATGGTAGGAAAG-1,donor2,19
donor2_TTGGATGGTCTGCGCA-1,donor2,2
donor2_TTGGATGGTGGGCTCT-1,donor2,22
donor2_TTGGATGGTTAAGACA-1,donor2,3
donor2_TTGGATGTCTGAGATC-1,donor2,17
donor2_TTGGATGTCTTGTTAC-1,donor2,2
donor2_TTGGGATAGAAACTCA-1,donor2,16
donor2_TTGGGATAGGGCTTCC-1,donor2,4
donor2_TTGGGATCAACACGAG-1,donor2,16
donor2_TTGGGATCAATGCAGG-1,donor2,1
donor2_TTGGGATCACCGTCGA-1,donor2,2
donor2_TTGGGATCAGGCCCTA-1,donor2,18
donor2_TTGGGATCATAGATCC-1,donor2,0
donor2_TTGGGATCATGTACGT-1,donor2,18
donor2_TTGGGATCATTCTGTT-1,donor2,17
donor2_TTGGGATGTCAGTCGC-1,donor2,19
donor2_TTGGGATGTCGTTGCG-1,donor2,5
donor2_TTGGGATGTGATGAAT-1,donor2,2
donor2_TTGGGATTCACTAGCA-1,donor2,19
donor2_TTGGGATTCGTAACCA-1,donor2,4
donor2_TTGGGATTCTAAGAAG-1,donor2,15
donor2_TTGGGCGAGAGTATAC-1,donor2,8
donor2_TTGGGCGAGGACAGCT-1,donor2,4
donor2_TTGGGCGAGGTCATCT-1,donor2,5
donor2_TTGGGCGAGTACTGGG-1,donor2,3
donor2_TTGGGCGCAGTTGTCA-1,donor2,19
donor2_TTGGGCGCATTGCCGG-1,donor2,14
donor2_TTGGGCGGTATCGATC-1,donor2,6
donor2_TTGGGCGGTTCCATTT-1,donor2,4
donor2_TTGGGCGGTTGGGAAC-1,donor2,15
donor2_TTGGGCGGTTTCCAAG-1,donor2,16
donor2_TTGGGCGTCAGTAGGG-1,donor2,11
donor2_TTGGGCGTCTCCGAAA-1,donor2,15
donor2_TTGGGTAAGAAGCTGC-1,donor2,16
donor2_TTGGGTAAGACATCAA-1,donor2,6
donor2_TTGGGTAAGAGCTGAC-1,donor2,2
donor2_TTGGGTAAGATGCCGA-1,donor2,3
donor2_TTGGGTAAGCACCCAC-1,donor2,3
donor2_TTGGGTAAGCCTTGAT-1,donor2,15
donor2_TTGGGTAAGTATCCTG-1,donor2,16
donor2_TTGGGTACAAACGAGC-1,donor2,21
donor2_TTGGGTAGTACAGCGA-1,donor2,5
donor2_TTGGGTAGTCGGTGAA-1,donor2,0
donor2_TTGGGTAGTGGTTTGT-1,donor2,12
donor2_TTGGGTATCGCTGCGA-1,donor2,18
donor2_TTGGTTTAGGTCGTAG-1,donor2,17
donor2_TTGGTTTAGTAAACGT-1,donor2,1
donor2_TTGGTTTAGTACAACA-1,donor2,19
donor2_TTGGTTTCAAAGCTCT-1,donor2,0
donor2_TTGGTTTCAACGACTT-1,donor2,2
donor2_TTGGTTTCAAGAAATC-1,donor2,4
donor2_TTGGTTTCAAGACTGG-1,donor2,18
donor2_TTGGTTTCAATGTTGC-1,donor2,16
donor2_TTGGTTTCATATAGCC-1,donor2,16
donor2_TTGGTTTCATGACTCA-1,donor2,16
donor2_TTGGTTTCATGGGCAA-1,donor2,0
donor2_TTGGTTTGTACCTGTA-1,donor2,17
donor2_TTGGTTTGTCGCATGC-1,donor2,15
donor2_TTGGTTTGTGTCCATA-1,donor2,7
donor2_TTGGTTTGTTCCACAA-1,donor2,17
donor2_TTGGTTTTCAGAGTGG-1,donor2,18
donor2_TTGGTTTTCAGCTTGA-1,donor2,2
donor2_TTGGTTTTCCACACCT-1,donor2,0
donor2_TTGGTTTTCCACGTAA-1,donor2,18
donor2_TTGTGGAAGAGTCGAC-1,donor2,2
donor2_TTGTGGAAGCCTGAGA-1,donor2,27
donor2_TTGTGGACAACCGCTG-1,donor2,15
donor2_TTGTGGACAATTGCTG-1,donor2,2
donor2_TTGTGGACATAGACTC-1,donor2,1
donor2_TTGTGGAGTCTCTCTG-1,donor2,17
donor2_TTGTGGATCGATAACC-1,donor2,1
donor2_TTGTGGATCGCGTTTC-1,donor2,16
donor2_TTGTGGATCTAGCAAC-1,donor2,0
donor2_TTGTGTTAGACGTCGA-1,donor2,16
donor2_TTGTGTTAGCACCCAC-1,donor2,2
donor2_TTGTGTTAGCCATTTG-1,donor2,20
donor2_TTGTGTTAGCGACCCT-1,donor2,17
donor2_TTGTGTTAGGACTGGT-1,donor2,2
donor2_TTGTGTTGTCAAGTTC-1,donor2,6
donor2_TTGTGTTGTGTTGCCG-1,donor2,8
donor2_TTGTTCAAGAGTGGCT-1,donor2,19
donor2_TTGTTCACAAGGTCGA-1,donor2,1
donor2_TTGTTCACACGCGTCA-1,donor2,2
donor2_TTGTTCAGTACAAGCG-1,donor2,16
donor2_TTGTTCAGTATCAGGG-1,donor2,1
donor2_TTGTTCAGTCAAAGCG-1,donor2,8
donor2_TTGTTCAGTCTGTAAC-1,donor2,4
donor2_TTGTTCAGTTCTCACC-1,donor2,4
donor2_TTGTTCATCCTACAAG-1,donor2,17
donor2_TTGTTCATCGACGTCG-1,donor2,2
donor2_TTGTTCATCGCCAATA-1,donor2,16
donor2_TTGTTCATCGTCGATA-1,donor2,19
donor2_TTGTTGTAGCGTGTCC-1,donor2,4
donor2_TTGTTGTAGGTAGTAT-1,donor2,3
donor2_TTGTTGTAGTCACTCA-1,donor2,8
donor2_TTGTTGTAGTTTCGGT-1,donor2,5
donor2_TTGTTGTCACACGGAA-1,donor2,2
donor2_TTGTTGTCAGTAACCT-1,donor2,19
donor2_TTGTTGTCATAGATGA-1,donor2,19
donor2_TTGTTGTGTCAGGTAG-1,donor2,1
donor2_TTGTTGTGTCGCCACA-1,donor2,4
donor2_TTGTTGTGTGGAGGTT-1,donor2,2
donor2_TTGTTGTGTTAGTCGT-1,donor2,0
donor2_TTGTTGTTCAGTCTTT-1,donor2,15
donor2_TTGTTGTTCGGATAAA-1,donor2,1
donor2_TTGTTGTTCTGGTGGC-1,donor2,18
donor2_TTGTTTGAGAGTACCG-1,donor2,6
donor2_TTGTTTGAGCGTGAAC-1,donor2,27
donor2_TTGTTTGAGGTCGTAG-1,donor2,19
donor2_TTGTTTGCAAACTCTG-1,donor2,1
donor2_TTGTTTGCAACAAGAT-1,donor2,2
donor2_TTGTTTGCAAGATGGC-1,donor2,3
donor2_TTGTTTGCAGAACTCT-1,donor2,17
donor2_TTGTTTGCATTGACTG-1,donor2,17
donor2_TTGTTTGGTCATACCA-1,donor2,3
donor2_TTGTTTGGTCCTCCAT-1,donor2,2
donor2_TTGTTTGGTGATGAAT-1,donor2,19
donor2_TTGTTTGGTTCGTACA-1,donor2,4
donor2_TTGTTTGTCCCAGGCA-1,donor2,1
donor2_TTGTTTGTCGGCACTG-1,donor2,15
donor2_TTGTTTGTCTCCCATG-1,donor2,27
donor2_TTTACCAAGGAGAGGC-1,donor2,0
donor2_TTTACCAAGTTCATCG-1,donor2,0
donor2_TTTACCACAACTCCCT-1,donor2,22
donor2_TTTACCACAATCTGCA-1,donor2,18
donor2_TTTACCACACCGTCGA-1,donor2,0
donor2_TTTACCACACTCACTC-1,donor2,21
donor2_TTTACCACAGAATGTA-1,donor2,21
donor2_TTTACCACAGTCGCAC-1,donor2,0
donor2_TTTACCACATTCGATG-1,donor2,6
donor2_TTTACCAGTCAGATTC-1,donor2,17
donor2_TTTACCAGTGATAGAT-1,donor2,12
donor2_TTTACCAGTGTGGTCC-1,donor2,4
donor2_TTTACGTAGAGATGCC-1,donor2,19
donor2_TTTACGTCAAGACAAT-1,donor2,2
donor2_TTTACGTCACGCTATA-1,donor2,3
donor2_TTTACGTCAGTCCCGA-1,donor2,20
donor2_TTTACGTCATACTTTC-1,donor2,2
donor2_TTTACGTCATGTTCGA-1,donor2,6
donor2_TTTACGTGTCCGGCAT-1,donor2,18
donor2_TTTACGTGTGGTCTAT-1,donor2,17
donor2_TTTACGTTCAGTCACA-1,donor2,19
donor2_TTTACGTTCAGTCATG-1,donor2,3
donor2_TTTACGTTCGCAGATT-1,donor2,17
donor2_TTTACTGAGTCTGGAG-1,donor2,4
donor2_TTTACTGCAAGTGGTG-1,donor2,17
donor2_TTTACTGCATCCGGCA-1,donor2,17
donor2_TTTACTGGTACTGACT-1,donor2,5
donor2_TTTACTGGTCAGGTGA-1,donor2,15
donor2_TTTACTGGTGTTAGCT-1,donor2,2
donor2_TTTACTGTCAAGTCTG-1,donor2,2
donor2_TTTACTGTCACTACGA-1,donor2,15
donor2_TTTACTGTCAGGAGAC-1,donor2,18
donor2_TTTACTGTCCCATAGA-1,donor2,18
donor2_TTTAGTCAGAGAGCAA-1,donor2,15
donor2_TTTAGTCAGGATTTAG-1,donor2,8
donor2_TTTAGTCAGTACCCTA-1,donor2,2
donor2_TTTAGTCCAATTGCAC-1,donor2,0
donor2_TTTAGTCCACGCGCAT-1,donor2,16
donor2_TTTAGTCCAGCCGTTG-1,donor2,18
donor2_TTTAGTCCATAACGGG-1,donor2,2
donor2_TTTAGTCCATACAGCT-1,donor2,1
donor2_TTTAGTCGTGGAACCA-1,donor2,18
donor2_TTTAGTCTCACATTGG-1,donor2,21
donor2_TTTAGTCTCCTAGCTC-1,donor2,3
donor2_TTTAGTCTCCTCCACA-1,donor2,18
donor2_TTTAGTCTCGACCAAT-1,donor2,16
donor2_TTTAGTCTCGCTCATC-1,donor2,2
donor2_TTTAGTCTCTGCATGA-1,donor2,20
donor2_TTTATGCAGACGATAT-1,donor2,2
donor2_TTTATGCAGAGCAAGA-1,donor2,18
donor2_TTTATGCAGTCGGCCT-1,donor2,17
donor2_TTTATGCCAACTTCTT-1,donor2,0
donor2_TTTATGCCAGCACACC-1,donor2,3
donor2_TTTATGCCATACTGTG-1,donor2,16
donor2_TTTATGCGTTCCATTT-1,donor2,3
donor2_TTTATGCTCAAAGCCT-1,donor2,8
donor2_TTTATGCTCACATCAG-1,donor2,19
donor2_TTTATGCTCGACATTG-1,donor2,0
donor2_TTTATGCTCGGTCTAA-1,donor2,6
donor2_TTTATGCTCTCTGGTC-1,donor2,2
donor2_TTTCACAAGAGGGCGA-1,donor2,6
donor2_TTTCACAAGGATCATA-1,donor2,18
donor2_TTTCACAAGGGCAATC-1,donor2,1
donor2_TTTCACAAGTGCTCGC-1,donor2,0
donor2_TTTCACACAAATTGCC-1,donor2,3
donor2_TTTCACAGTATCCCAA-1,donor2,21
donor2_TTTCACAGTGAGACCA-1,donor2,20
donor2_TTTCACAGTGAGTTTC-1,donor2,17
donor2_TTTCACATCCAACTGA-1,donor2,0
donor2_TTTCACATCTAGAACC-1,donor2,15
donor2_TTTCAGTAGAAGTCAT-1,donor2,0
donor2_TTTCAGTAGCGAGAAA-1,donor2,15
donor2_TTTCAGTCAATGAGCG-1,donor2,3
donor2_TTTCAGTCACAGCCAC-1,donor2,1
donor2_TTTCAGTCACGTAGTT-1,donor2,16
donor2_TTTCAGTCAGCTACTA-1,donor2,3
donor2_TTTCAGTCAGGCTATT-1,donor2,3
donor2_TTTCAGTGTATCGCAT-1,donor2,3
donor2_TTTCAGTGTCCACAGC-1,donor2,0
donor2_TTTCAGTGTCGCAACC-1,donor2,15
donor2_TTTCAGTGTCGTAATC-1,donor2,19
donor2_TTTCAGTGTCTTCCGT-1,donor2,3
donor2_TTTCAGTGTCTTTATC-1,donor2,4
donor2_TTTCAGTTCGGACCAC-1,donor2,18
donor2_TTTCAGTTCTTTCCGG-1,donor2,2
donor2_TTTCATGAGTACTGTC-1,donor2,17
donor2_TTTCATGCAAACTGCT-1,donor2,2
donor2_TTTCATGCACACACTA-1,donor2,17
donor2_TTTCATGCAGTGTGCC-1,donor2,3
donor2_TTTCATGCATGGGCAA-1,donor2,19
donor2_TTTCATGCATGTGCCG-1,donor2,8
donor2_TTTCATGGTACAGAGC-1,donor2,17
donor2_TTTCATGTCGACCATA-1,donor2,15
donor2_TTTCATGTCTATCGTT-1,donor2,18
donor2_TTTCCTCAGCACCGTC-1,donor2,0
donor2_TTTCCTCAGGAATGTT-1,donor2,20
donor2_TTTCCTCAGGCAATGC-1,donor2,8
donor2_TTTCCTCCACCCTAGG-1,donor2,19
donor2_TTTCCTCCACTGCACG-1,donor2,15
donor2_TTTCCTCCATGGAACG-1,donor2,5
donor2_TTTCCTCGTTCTATCT-1,donor2,4
donor2_TTTCCTCGTTTGGGAG-1,donor2,3
donor2_TTTCCTCTCTTCCGTG-1,donor2,20
donor2_TTTCGATAGATTCGAA-1,donor2,15
donor2_TTTCGATAGCCAGTAG-1,donor2,17
donor2_TTTCGATAGCTTTGTG-1,donor2,17
donor2_TTTCGATAGTCGTTAC-1,donor2,0
donor2_TTTCGATCAAATGAAC-1,donor2,1
donor2_TTTCGATCAAGAGATT-1,donor2,4
donor2_TTTCGATCAAGTGGAC-1,donor2,24
donor2_TTTCGATCACCCTAGG-1,donor2,21
donor2_TTTCGATCATCTCGTC-1,donor2,0
donor2_TTTCGATGTAACAAGT-1,donor2,15
donor2_TTTCGATGTAACCAGG-1,donor2,21
donor2_TTTCGATGTCTGCCTT-1,donor2,19
donor2_TTTCGATTCGGTGTAT-1,donor2,3
donor2_TTTCGATTCGTAGGGA-1,donor2,6
donor2_TTTCGATTCGTTATCT-1,donor2,3
donor2_TTTGACTAGCAGCGAT-1,donor2,20
donor2_TTTGACTAGCCTCACG-1,donor2,6
donor2_TTTGACTAGCGATGCA-1,donor2,2
donor2_TTTGACTAGCGCGTTC-1,donor2,15
donor2_TTTGACTAGTAGCTCT-1,donor2,18
donor2_TTTGACTCAAATCGTC-1,donor2,3
donor2_TTTGACTCAATTAGGA-1,donor2,17
donor2_TTTGACTCACTAGAGG-1,donor2,1
donor2_TTTGACTGTACCCACG-1,donor2,18
donor2_TTTGACTGTACTTCCC-1,donor2,18
donor2_TTTGACTGTGAGTCAG-1,donor2,8
donor2_TTTGACTGTGTCACAT-1,donor2,19
donor2_TTTGACTTCAGGAAAT-1,donor2,2
donor2_TTTGACTTCCATTTAC-1,donor2,19
donor2_TTTGACTTCCTACCAC-1,donor2,4
donor2_TTTGACTTCGTGTTCC-1,donor2,16
donor2_TTTGACTTCTACCCAC-1,donor2,3
donor2_TTTGACTTCTTCCCGA-1,donor2,17
donor2_TTTGACTTCTTGAGCA-1,donor2,21
donor2_TTTGATCAGACCGTTT-1,donor2,21
donor2_TTTGATCAGGCACTAG-1,donor2,21
donor2_TTTGATCAGGGACACT-1,donor2,2
donor2_TTTGATCCAGTTGTCA-1,donor2,18
donor2_TTTGATCGTACAGTCT-1,donor2,2
donor2_TTTGATCGTAGCTAAA-1,donor2,0
donor2_TTTGATCGTCATAGTC-1,donor2,8
donor2_TTTGATCGTCCACGCA-1,donor2,3
donor2_TTTGATCTCACCATAG-1,donor2,18
donor2_TTTGATCTCGTCCTTG-1,donor2,5
donor2_TTTGATCTCTAGATCG-1,donor2,2
donor2_TTTGGAGAGGAAAGGT-1,donor2,21
donor2_TTTGGAGAGGACTGGT-1,donor2,0
donor2_TTTGGAGAGTCCGCGT-1,donor2,15
donor2_TTTGGAGAGTCCGTCG-1,donor2,4
donor2_TTTGGAGCAGTGGCTC-1,donor2,3
donor2_TTTGGAGGTCATTGCA-1,donor2,1
donor2_TTTGGAGGTCGACTGC-1,donor2,7
donor2_TTTGGAGGTGAGGCAT-1,donor2,17
donor2_TTTGGAGGTGGAGAAA-1,donor2,18
donor2_TTTGGAGGTTTAAGGA-1,donor2,16
donor2_TTTGGAGTCACACCGG-1,donor2,19
donor2_TTTGGAGTCGCAGTCG-1,donor2,2
donor2_TTTGGAGTCGCTAAAC-1,donor2,3
donor2_TTTGGAGTCTAGTACG-1,donor2,18
donor2_TTTGGTTAGCACCGAA-1,donor2,0
donor2_TTTGGTTAGTAGAGTT-1,donor2,18
donor2_TTTGGTTCATCTGGGC-1,donor2,19
donor2_TTTGGTTCATGACGTT-1,donor2,0
donor2_TTTGGTTGTAATGCTC-1,donor2,21
donor2_TTTGGTTGTCGAGTTT-1,donor2,21
donor2_TTTGGTTGTCGCTGCA-1,donor2,20
donor2_TTTGGTTTCGTTAGTG-1,donor2,15
donor2_TTTGGTTTCTTTCTAG-1,donor2,16
donor2_TTTGTTGAGAAATTCG-1,donor2,3
donor2_TTTGTTGAGAGTATAC-1,donor2,17
donor2_TTTGTTGAGCCTCAGC-1,donor2,15
donor2_TTTGTTGAGGCCACTC-1,donor2,0
donor2_TTTGTTGCACAAATAG-1,donor2,2
donor2_TTTGTTGCACATACTG-1,donor2,17
donor2_TTTGTTGCAGAGATGC-1,donor2,4
donor2_TTTGTTGGTCATAAAG-1,donor2,1
donor2_TTTGTTGGTCATGACT-1,donor2,2
donor2_TTTGTTGGTCCACTTC-1,donor2,3
donor2_TTTGTTGTCACCTGTC-1,donor2,1
donor2_TTTGTTGTCAGTGTGT-1,donor2,12
donor2_TTTGTTGTCGTGGACC-1,donor2,17
donor3_AAACCCAAGCCTAACT-1,donor3,10
donor3_AAACCCACAGCACGAA-1,donor3,12
donor3_AAACCCAGTAGGCAAC-1,donor3,6
donor3_AAACCCAGTCAGGTGA-1,donor3,10
donor3_AAACCCAGTCGATTTG-1,donor3,12
donor3_AAACCCAGTTTGACAC-1,donor3,9
donor3_AAACCCATCAGTCACA-1,donor3,12
donor3_AAACCCATCGCGCTGA-1,donor3,11
donor3_AAACGAAAGATTTGCC-1,donor3,9
donor3_AAACGAAAGCACTAAA-1,donor3,11
donor3_AAACGAAAGGTAACTA-1,donor3,9
donor3_AAACGAACACACACGC-1,donor3,6
donor3_AAACGAACACGCGGTT-1,donor3,10
donor3_AAACGAACACGCTTAA-1,donor3,11
donor3_AAACGAAGTGGACTAG-1,donor3,6
donor3_AAACGAAGTGTTACAC-1,donor3,11
donor3_AAACGAAGTTAAGAAC-1,donor3,6
donor3_AAACGAATCACCTCTG-1,donor3,12
donor3_AAACGAATCGCAACAT-1,donor3,11
donor3_AAACGAATCGGACTTA-1,donor3,10
donor3_AAACGCTAGCGTTGTT-1,donor3,11
donor3_AAACGCTAGCTGTGCC-1,donor3,6
donor3_AAACGCTAGTGGACTG-1,donor3,9
donor3_AAACGCTAGTTCTACG-1,donor3,12
donor3_AAACGCTCATATACCG-1,donor3,10
donor3_AAACGCTCATTGCCTC-1,donor3,12
donor3_AAACGCTGTACGTTCA-1,donor3,12
donor3_AAACGCTGTAGAGGAA-1,donor3,10
donor3_AAACGCTGTCAATGGG-1,donor3,12
donor3_AAACGCTGTCATGGCC-1,donor3,12
donor3_AAACGCTGTGATGAAT-1,donor3,10
donor3_AAACGCTGTTACACTG-1,donor3,9
donor3_AAACGCTTCCTACGAA-1,donor3,9
donor3_AAACGCTTCGTTCTGC-1,donor3,9
donor3_AAACGCTTCTGAGTCA-1,donor3,10
donor3_AAAGAACAGAATCCCT-1,donor3,12
donor3_AAAGAACAGGCTCCCA-1,donor3,6
donor3_AAAGAACAGTTACGAA-1,donor3,11
donor3_AAAGAACCATCAGCTA-1,donor3,9
donor3_AAAGAACCATCCTGTC-1,donor3,11
donor3_AAAGAACGTACAAGTA-1,donor3,9
donor3_AAAGAACGTATTGGCT-1,donor3,10
donor3_AAAGAACGTGGGCTTC-1,donor3,10
donor3_AAAGAACGTTACTCAG-1,donor3,14
donor3_AAAGAACGTTGCTGAT-1,donor3,11
donor3_AAAGGATAGACTGGGT-1,donor3,6
donor3_AAAGGATAGGCTTCCG-1,donor3,9
donor3_AAAGGATCAAGACGAC-1,donor3,9
donor3_AAAGGATCACACCGCA-1,donor3,9
donor3_AAAGGATCATACTGTG-1,donor3,11
donor3_AAAGGATGTACAGAAT-1,donor3,6
donor3_AAAGGATGTACATACC-1,donor3,6
donor3_AAAGGATGTGCATCTA-1,donor3,9
donor3_AAAGGATGTTCTTAGG-1,donor3,11
donor3_AAAGGATTCCCATACC-1,donor3,11
donor3_AAAGGATTCTCCGATC-1,donor3,14
donor3_AAAGGGCAGCTGTGCC-1,donor3,12
donor3_AAAGGGCCAGAGTTCT-1,donor3,11
donor3_AAAGGGCCAGGAATAT-1,donor3,9
donor3_AAAGGGCGTACTCGTA-1,donor3,9
donor3_AAAGGGCGTCACCTTC-1,donor3,10
donor3_AAAGGGCGTGACGCCT-1,donor3,11
donor3_AAAGGGCGTGGTTTGT-1,donor3,10
donor3_AAAGGGCTCGAGAGCA-1,donor3,11
donor3_AAAGGTAAGTGAGTTA-1,donor3,12
donor3_AAAGGTACAGAAGTTA-1,donor3,6
donor3_AAAGGTACAGCGGATA-1,donor3,10
donor3_AAAGGTACATTGAGGG-1,donor3,20
donor3_AAAGGTATCAAGAGTA-1,donor3,12
donor3_AAAGTCCAGAGTCCGA-1,donor3,14
donor3_AAAGTCCAGCCGCACT-1,donor3,0
donor3_AAAGTCCAGGAGGCAG-1,donor3,10
donor3_AAAGTCCAGGTCACAG-1,donor3,9
donor3_AAAGTCCAGTCTTGGT-1,donor3,6
donor3_AAAGTCCGTAGCGCCT-1,donor3,23
donor3_AAAGTCCGTCTTGAAC-1,donor3,23
donor3_AAAGTCCTCAAGTCGT-1,donor3,12
donor3_AAAGTCCTCGGATACT-1,donor3,12
donor3_AAAGTCCTCTCGTGAA-1,donor3,12
donor3_AAAGTGAAGAGCCGAT-1,donor3,10
donor3_AAAGTGAAGGCCCACT-1,donor3,11
donor3_AAAGTGACACGCGTCA-1,donor3,10
donor3_AAAGTGACATTACTCT-1,donor3,10
donor3_AAAGTGACATTCACAG-1,donor3,14
donor3_AAAGTGAGTACGCTTA-1,donor3,9
donor3_AAAGTGAGTCAACGCC-1,donor3,9
donor3_AAAGTGAGTCGAAACG-1,donor3,7
donor3_AAAGTGAGTGGAACAC-1,donor3,10
donor3_AAAGTGAGTTGCGTAT-1,donor3,11
donor3_AAAGTGATCGCTACAA-1,donor3,23
donor3_AAAGTGATCGGTCATA-1,donor3,10
donor3_AAATGGAAGGATTTAG-1,donor3,12
donor3_AAATGGAAGGGTCACA-1,donor3,9
donor3_AAATGGAAGGTCGTGA-1,donor3,9
donor3_AAATGGAGTACAAGCG-1,donor3,6
donor3_AAATGGAGTACTGCCG-1,donor3,12
donor3_AAATGGATCACATACG-1,donor3,9
donor3_AAATGGATCCTACTGC-1,donor3,10
donor3_AAATGGATCGTTCAGA-1,donor3,9
donor3_AACAAAGAGGCAATGC-1,donor3,10
donor3_AACAAAGCATCATGAC-1,donor3,10
donor3_AACAAAGCATGGCACC-1,donor3,6
donor3_AACAAAGGTATGACAA-1,donor3,1
donor3_AACAAAGGTCAAAGTA-1,donor3,7
donor3_AACAAAGTCGGTCGAC-1,donor3,11
donor3_AACAACCAGCTGTCCG-1,donor3,10
donor3_AACAACCAGGAAACGA-1,donor3,10
donor3_AACAACCAGGTGAGAA-1,donor3,12
donor3_AACAACCCAACTCGAT-1,donor3,11
donor3_AACAACCCACAGTGTT-1,donor3,10
donor3_AACAACCGTATTCCGA-1,donor3,9
donor3_AACAACCGTCTGTTAG-1,donor3,9
donor3_AACAACCGTTTGGGAG-1,donor3,9
donor3_AACAAGAAGAATCCCT-1,donor3,6
donor3_AACAAGAAGCTAAACA-1,donor3,12
donor3_AACAAGACAAGGCGTA-1,donor3,12
donor3_AACAAGACAATACGCT-1,donor3,9
donor3_AACAAGACAATCACGT-1,donor3,0
donor3_AACAAGACATCTATCT-1,donor3,11
donor3_AACAAGATCCTCTTTC-1,donor3,12
donor3_AACAAGATCTGGGCCA-1,donor3,12
donor3_AACACACAGCCTCGTG-1,donor3,11
donor3_AACACACAGCGCCTTG-1,donor3,6
donor3_AACACACAGGCTCTAT-1,donor3,10
donor3_AACACACCAACTTGGT-1,donor3,10
donor3_AACACACCACTTGGGC-1,donor3,9
donor3_AACACACGTAACATAG-1,donor3,9
donor3_AACACACGTCGACTTA-1,donor3,9
donor3_AACACACGTCTGTTAG-1,donor3,9
donor3_AACACACTCCTAAACG-1,donor3,6
donor3_AACACACTCGCTAGCG-1,donor3,10
donor3_AACAGGGAGCACTCCG-1,donor3,12
donor3_AACAGGGCAATGGCAG-1,donor3,10
donor3_AACAGGGCACTACCCT-1,donor3,23
donor3_AACAGGGCAGCCATTA-1,donor3,9
donor3_AACAGGGGTACCACGC-1,donor3,12
donor3_AACAGGGGTCGATTCA-1,donor3,9
donor3_AACAGGGGTCGTTCAA-1,donor3,9
donor3_AACAGGGGTTACAGCT-1,donor3,12
donor3_AACAGGGGTTGGATCT-1,donor3,17
donor3_AACAGGGTCATTGCTT-1,donor3,6
donor3_AACAGGGTCCATGCAA-1,donor3,12
donor3_AACAGGGTCCTCACGT-1,donor3,10
donor3_AACAGGGTCGGAAACG-1,donor3,9
donor3_AACAGGGTCGTGGAAG-1,donor3,11
donor3_AACCAACAGCGACTTT-1,donor3,11
donor3_AACCAACCAACTTGGT-1,donor3,9
donor3_AACCAACCACTTCTCG-1,donor3,9
donor3_AACCAACCATCATCTT-1,donor3,9
donor3_AACCAACGTATGCGGA-1,donor3,6
donor3_AACCAACGTCATATGC-1,donor3,10
donor3_AACCAACGTTGAGTCT-1,donor3,9
donor3_AACCAACGTTGCACGC-1,donor3,9
donor3_AACCAACTCCATTGCC-1,donor3,9
donor3_AACCAACTCCTTTAGT-1,donor3,6
donor3_AACCACAAGACCAAAT-1,donor3,12
donor3_AACCACAAGATACATG-1,donor3,8
donor3_AACCACAAGGTCATTC-1,donor3,9
donor3_AACCACAGTCTACGAT-1,donor3,9
donor3_AACCACATCAAAGAAC-1,donor3,12
donor3_AACCACATCGGCCTTT-1,donor3,11
donor3_AACCATGCAAACTCTG-1,donor3,26
donor3_AACCATGCAAGTTCCA-1,donor3,10
donor3_AACCATGCAATACGAA-1,donor3,9
donor3_AACCATGCACAACGAG-1,donor3,12
donor3_AACCATGCAGGTGAGT-1,donor3,9
donor3_AACCATGCATCCGGCA-1,donor3,10
donor3_AACCATGGTCCTCAGG-1,donor3,10
donor3_AACCATGTCCATCACC-1,donor3,12
donor3_AACCATGTCTAGGCAT-1,donor3,6
donor3_AACCCAAAGTAAGGGA-1,donor3,9
donor3_AACCCAACACAATGTC-1,donor3,9
donor3_AACCCAAGTCATAACC-1,donor3,11
donor3_AACCCAAGTGAGTAAT-1,donor3,11
donor3_AACCCAAGTTCGGTTA-1,donor3,12
donor3_AACCCAAGTTGCTCCT-1,donor3,9
donor3_AACCCAATCCCGTGTT-1,donor3,10
donor3_AACCCAATCGATCCAA-1,donor3,7
donor3_AACCCAATCTTCCGTG-1,donor3,9
donor3_AACCTGAAGACCACGA-1,donor3,11
donor3_AACCTGAAGCACTAAA-1,donor3,9
donor3_AACCTGAAGCTAAACA-1,donor3,12
donor3_AACCTGAAGGCGATAC-1,donor3,11
donor3_AACCTGAAGGGAGGCA-1,donor3,9
donor3_AACCTGACAAAGACGC-1,donor3,11
donor3_AACCTGACAAAGAGTT-1,donor3,9
donor3_AACCTGACACAACGAG-1,donor3,9
donor3_AACCTGAGTACTCGTA-1,donor3,11
donor3_AACCTGAGTCACCCTT-1,donor3,12
donor3_AACCTGAGTGCAGGAT-1,donor3,9
donor3_AACCTGAGTGTTCCTC-1,donor3,6
donor3_AACCTGATCAAGGACG-1,donor3,9
donor3_AACCTGATCGAGCACC-1,donor3,9
donor3_AACCTTTAGAGGTTAT-1,donor3,26
donor3_AACCTTTCAAAGGGCT-1,donor3,12
donor3_AACCTTTTCACCGGGT-1,donor3,12
donor3_AACCTTTTCTAAGAAG-1,donor3,17
donor3_AACCTTTTCTCTCTTC-1,donor3,11
donor3_AACGAAACAACCGTAT-1,donor3,12
donor3_AACGAAACAGCTGAAG-1,donor3,14
donor3_AACGAAACAGTTTCAG-1,donor3,9
donor3_AACGAAAGTAGGTACG-1,donor3,7
donor3_AACGAAAGTCTAGGTT-1,donor3,14
donor3_AACGAAAGTTGTGTTG-1,donor3,14
donor3_AACGAAATCAAACGAA-1,donor3,6
donor3_AACGAAATCTCGCTTG-1,donor3,9
donor3_AACGAAATCTGAGTCA-1,donor3,10
donor3_AACGAAATCTTTGATC-1,donor3,14
donor3_AACGGGAAGAAACACT-1,donor3,9
donor3_AACGGGAAGATTGGGC-1,donor3,12
donor3_AACGGGAAGGGCCAAT-1,donor3,9
donor3_AACGGGACAGCGGTCT-1,donor3,12
donor3_AACGGGACAGTGGTGA-1,donor3,10
donor3_AACGGGACATCTGCGG-1,donor3,26
donor3_AACGGGAGTAATTGGA-1,donor3,9
donor3_AACGGGAGTATACAGA-1,donor3,23
donor3_AACGGGAGTGAGTCAG-1,donor3,12
donor3_AACGGGAGTGTTACAC-1,donor3,9
donor3_AACGGGATCAGGTGTT-1,donor3,14
donor3_AACGGGATCGCCACTT-1,donor3,11
donor3_AACGGGATCGTGTGGC-1,donor3,11
donor3_AACGTCAGTCAGGAGT-1,donor3,11
donor3_AACTTCTAGAGAGCCT-1,donor3,12
donor3_AACTTCTAGATGTTCC-1,donor3,11
donor3_AACTTCTCAACAAAGT-1,donor3,6
donor3_AACTTCTCAACTGATC-1,donor3,0
donor3_AACTTCTCACATTGTG-1,donor3,12
donor3_AACTTCTCATTCTGTT-1,donor3,10
donor3_AACTTCTGTAGGTGCA-1,donor3,12
donor3_AACTTCTGTTGGACTT-1,donor3,12
donor3_AACTTCTGTTTAGACC-1,donor3,9
donor3_AACTTCTTCGACATTG-1,donor3,9
donor3_AACTTCTTCTCATTGT-1,donor3,9
donor3_AAGAACAAGACTTCCA-1,donor3,6
donor3_AAGAACACAATTCTTC-1,donor3,9
donor3_AAGAACACACTTACAG-1,donor3,9
donor3_AAGAACACAGACCATT-1,donor3,10
donor3_AAGAACACATTGAAGA-1,donor3,9
donor3_AAGAACACATTGAGGG-1,donor3,10
donor3_AAGAACAGTCCGTTTC-1,donor3,10
donor3_AAGAACATCATTGCTT-1,donor3,10
donor3_AAGAACATCATTTCGT-1,donor3,11
donor3_AAGAACATCCGTGCGA-1,donor3,6
donor3_AAGAACATCCTGGCTT-1,donor3,10
donor3_AAGACAAAGTGCAGCA-1,donor3,12
donor3_AAGACAACACCGCTGA-1,donor3,10
donor3_AAGACAACAGGTATGG-1,donor3,9
donor3_AAGACAAGTACTTCCC-1,donor3,7
donor3_AAGACAAGTATCATGC-1,donor3,12
donor3_AAGACAAGTATTGAGA-1,donor3,6
donor3_AAGACAAGTTGCCGAC-1,donor3,12
donor3_AAGACAAGTTTGTTGG-1,donor3,9
donor3_AAGACAATCGCCTCTA-1,donor3,10
donor3_AAGACTCAGCGATGCA-1,donor3,23
donor3_AAGACTCAGCTGCGAA-1,donor3,9
donor3_AAGACTCCAATGGGTG-1,donor3,9
donor3_AAGACTCCAATGTGGG-1,donor3,11
donor3_AAGACTCCAGGGTCTC-1,donor3,6
donor3_AAGACTCCAGTAGATA-1,donor3,11
donor3_AAGACTCGTTCTTAGG-1,donor3,10
donor3_AAGACTCTCAAGTAAG-1,donor3,26
donor3_AAGACTCTCGGATAAA-1,donor3,12
donor3_AAGACTCTCTAGCATG-1,donor3,9
donor3_AAGACTCTCTCTCAAT-1,donor3,9
donor3_AAGATAGAGTGGGAAA-1,donor3,10
donor3_AAGATAGCAACGGCTC-1,donor3,11
donor3_AAGATAGCAACTCATG-1,donor3,10
donor3_AAGATAGCAAGTAGTA-1,donor3,12
donor3_AAGATAGCAGCTTCGG-1,donor3,9
donor3_AAGATAGCAGTACTAC-1,donor3,10
donor3_AAGATAGGTACTCGAT-1,donor3,12
donor3_AAGATAGGTATCGCAT-1,donor3,11
donor3_AAGATAGTCCTAACAG-1,donor3,6
donor3_AAGATAGTCTAAACGC-1,donor3,9
donor3_AAGATAGTCTTACGGA-1,donor3,10
donor3_AAGATAGTCTTAGCAG-1,donor3,6
donor3_AAGCATCAGATTGGGC-1,donor3,9
donor3_AAGCATCAGCGTTGTT-1,donor3,12
donor3_AAGCATCAGGGTTAAT-1,donor3,6
donor3_AAGCATCAGTAGTCAA-1,donor3,9
donor3_AAGCATCAGTCAGCCC-1,donor3,12
donor3_AAGCATCAGTGGACGT-1,donor3,6
donor3_AAGCATCCAAGGGCAT-1,donor3,11
donor3_AAGCATCTCCTACTGC-1,donor3,11
donor3_AAGCATCTCGCACGGT-1,donor3,9
donor3_AAGCATCTCTGGTCAA-1,donor3,12
donor3_AAGCCATAGCGTACAG-1,donor3,6
donor3_AAGCCATCAGAGTAAT-1,donor3,9
donor3_AAGCCATCATGACGAG-1,donor3,9
donor3_AAGCCATCATGAGTAA-1,donor3,12
donor3_AAGCCATGTAACTGCT-1,donor3,12
donor3_AAGCCATGTAAGACCG-1,donor3,12
donor3_AAGCCATTCGCCAGAC-1,donor3,12
donor3_AAGCCATTCGCGTGAC-1,donor3,23
donor3_AAGCCATTCTCGAACA-1,donor3,12
donor3_AAGCGAGAGAAACTCA-1,donor3,11
donor3_AAGCGAGAGAACTGAT-1,donor3,12
donor3_AAGCGAGAGTCGCTAT-1,donor3,6
donor3_AAGCGAGCACCAACAT-1,donor3,6
donor3_AAGCGAGCAGTATACC-1,donor3,11
donor3_AAGCGAGCATGGTACT-1,donor3,10
donor3_AAGCGAGGTGTTTACG-1,donor3,9
donor3_AAGCGAGGTTTCGCTC-1,donor3,10
donor3_AAGCGAGTCCCACAGG-1,donor3,9
donor3_AAGCGAGTCCTACGGG-1,donor3,10
donor3_AAGCGAGTCGTAGCCG-1,donor3,9
donor3_AAGCGTTAGTGCACAG-1,donor3,9
donor3_AAGCGTTAGTGGTGAC-1,donor3,9
donor3_AAGCGTTCACACCGAC-1,donor3,9
donor3_AAGCGTTCACAGAGAC-1,donor3,12
donor3_AAGCGTTCAGCTCATA-1,donor3,6
donor3_AAGCGTTGTGCCTGCA-1,donor3,11
donor3_AAGCGTTGTGGCAGAT-1,donor3,9
donor3_AAGCGTTGTTAAACAG-1,donor3,11
donor3_AAGCGTTGTTACCTTT-1,donor3,9
donor3_AAGCGTTTCGCCATAA-1,donor3,6
donor3_AAGCGTTTCGCTATTT-1,donor3,11
donor3_AAGGAATAGAGAGCAA-1,donor3,9
donor3_AAGGAATAGCATTGAA-1,donor3,26
donor3_AAGGAATAGGATTTAG-1,donor3,10
donor3_AAGGAATCAAATGGCG-1,donor3,6
donor3_AAGGAATCACTATGTG-1,donor3,6
donor3_AAGGAATCATAATGAG-1,donor3,23
donor3_AAGGAATCATGCCATA-1,donor3,10
donor3_AAGGAATTCTGGTCAA-1,donor3,9
donor3_AAGGTAACAATACCCA-1,donor3,12
donor3_AAGGTAACATAACAGA-1,donor3,6
donor3_AAGGTAACATAATGCC-1,donor3,12
donor3_AAGGTAATCATAGAGA-1,donor3,11
donor3_AAGTACCAGAGCAGCT-1,donor3,11
donor3_AAGTACCAGATCGGTG-1,donor3,9
donor3_AAGTACCAGGAGAGTA-1,donor3,9
donor3_AAGTACCAGGTCGACA-1,donor3,10
donor3_AAGTACCCATCCGTTC-1,donor3,9
donor3_AAGTACCCATGGACAG-1,donor3,12
donor3_AAGTACCGTACCGTCG-1,donor3,10
donor3_AAGTACCGTAGAATAC-1,donor3,12
donor3_AAGTACCGTATAGGAT-1,donor3,20
donor3_AAGTACCGTGGTCTTA-1,donor3,20
donor3_AAGTACCGTTGCCGCA-1,donor3,6
donor3_AAGTACCTCATCAGTG-1,donor3,12
donor3_AAGTCGTAGGGCAGGA-1,donor3,11
donor3_AAGTCGTAGGGTCTTT-1,donor3,9
donor3_AAGTCGTAGTAAGGGA-1,donor3,10
donor3_AAGTCGTCAGCGGTCT-1,donor3,12
donor3_AAGTCGTCATCACGGC-1,donor3,12
donor3_AAGTCGTGTGAGTGAC-1,donor3,10
donor3_AAGTCGTTCAATCCAG-1,donor3,12
donor3_AAGTCGTTCACACCGG-1,donor3,6
donor3_AAGTCGTTCCCATAAG-1,donor3,10
donor3_AAGTCGTTCGGACAAG-1,donor3,9
donor3_AAGTGAAAGGAAGAAC-1,donor3,6
donor3_AAGTGAAAGGTCCTGC-1,donor3,6
donor3_AAGTGAAAGTATGGCG-1,donor3,14
donor3_AAGTGAACACGACGAA-1,donor3,9
donor3_AAGTGAACACGGTGTC-1,donor3,10
donor3_AAGTGAACATCTGCGG-1,donor3,9
donor3_AAGTGAAGTAACCCGC-1,donor3,6
donor3_AAGTGAATCAACTGAC-1,donor3,12
donor3_AAGTGAATCAGTCTTT-1,donor3,11
donor3_AAGTGAATCCTCACTG-1,donor3,14
donor3_AAGTGAATCGAATCCA-1,donor3,9
donor3_AAGTGAATCGCACGAC-1,donor3,12
donor3_AAGTGAATCTCCCAAC-1,donor3,10
donor3_AAGTGAATCTGTGCAA-1,donor3,11
donor3_AAGTTCGAGACTTCCA-1,donor3,6
donor3_AAGTTCGAGAGGACTC-1,donor3,9
donor3_AAGTTCGGTCACGCTG-1,donor3,12
donor3_AAGTTCGTCCATGAGT-1,donor3,10
donor3_AATAGAGAGATGATTG-1,donor3,9
donor3_AATAGAGAGTATGGCG-1,donor3,10
donor3_AATAGAGCAAATGCGG-1,donor3,10
donor3_AATAGAGCAAGTCGTT-1,donor3,6
donor3_AATAGAGGTTAGTTCG-1,donor3,9
donor3_AATAGAGTCGCTTGCT-1,donor3,14
donor3_AATCACGAGCCGAATG-1,donor3,11
donor3_AATCACGCAACATCGT-1,donor3,12
donor3_AATCACGCAAGGTCTT-1,donor3,11
donor3_AATCACGCACACCTTC-1,donor3,9
donor3_AATCACGCAGCTCGGT-1,donor3,6
donor3_AATCACGGTCCACACG-1,donor3,10
donor3_AATCACGGTTCGGCCA-1,donor3,9
donor3_AATCACGTCACAGTGT-1,donor3,6
donor3_AATCACGTCATCCCGT-1,donor3,11
donor3_AATCACGTCGAACGCC-1,donor3,10
donor3_AATCACGTCTCTCGCA-1,donor3,11
donor3_AATCACGTCTTCGTGC-1,donor3,9
donor3_AATCGACAGACCACGA-1,donor3,6
donor3_AATCGACAGATTGACA-1,donor3,26
donor3_AATCGACAGGGAGGAC-1,donor3,6
donor3_AATCGACAGTTCCGGC-1,donor3,10
donor3_AATCGACCATGCACTA-1,donor3,12
donor3_AATCGACGTAAGGAGA-1,donor3,11
donor3_AATCGACGTATAGCTC-1,donor3,9
donor3_AATCGACGTGACCTGC-1,donor3,11
donor3_AATCGACGTGTCTTCC-1,donor3,9
donor3_AATCGACTCGAGCCAC-1,donor3,9
donor3_AATCGACTCTCCCAAC-1,donor3,12
donor3_AATCGACTCTCCCTAG-1,donor3,12
donor3_AATCGTGAGACGATAT-1,donor3,6
donor3_AATCGTGCAATCGCCG-1,donor3,10
donor3_AATCGTGCAGGCCCTA-1,donor3,10
donor3_AATCGTGGTGGTCAAG-1,donor3,10
donor3_AATCGTGTCCACAGGC-1,donor3,6
donor3_AATCGTGTCCGACAGC-1,donor3,10
donor3_AATCGTGTCGTTCTAT-1,donor3,11
donor3_AATGAAGCACCATAAC-1,donor3,26
donor3_AATGAAGCAGAGGTTG-1,donor3,12
donor3_AATGAAGCATACCACA-1,donor3,26
donor3_AATGAAGGTATGGAGC-1,donor3,9
donor3_AATGAAGGTCAACCTA-1,donor3,9
donor3_AATGAAGGTGGGACAT-1,donor3,6
donor3_AATGAAGGTTCTCTAT-1,donor3,12
donor3_AATGAAGTCAAGGAGC-1,donor3,6
donor3_AATGAAGTCCAACCAA-1,donor3,10
donor3_AATGACCAGACCCTTA-1,donor3,17
donor3_AATGACCAGCCTAGGA-1,donor3,14
donor3_AATGACCAGGCCTTCG-1,donor3,6
donor3_AATGACCAGGTCGACA-1,donor3,12
donor3_AATGACCCAAGCCATT-1,donor3,12
donor3_AATGACCCACCCTAGG-1,donor3,6
donor3_AATGACCCACGGCCAT-1,donor3,12
donor3_AATGACCCACTGGCGT-1,donor3,9
donor3_AATGACCCAGAGAGGG-1,donor3,23
donor3_AATGACCCAGGGAATC-1,donor3,11
donor3_AATGACCGTAGGGTAC-1,donor3,7
donor3_AATGACCGTCTGTGCG-1,donor3,10
donor3_AATGACCGTGCCTACG-1,donor3,10
donor3_AATGACCTCTACACTT-1,donor3,10
donor3_AATGCCAAGAAGGGAT-1,donor3,11
donor3_AATGCCAAGCGTCTGC-1,donor3,12
donor3_AATGCCAAGGGAGTGG-1,donor3,9
donor3_AATGCCAAGTAACGAT-1,donor3,11
donor3_AATGCCACATGAGAAT-1,donor3,12
donor3_AATGCCAGTGACCGAA-1,donor3,10
donor3_AATGCCATCACGAACT-1,donor3,12
donor3_AATGCCATCCTGGGAC-1,donor3,11
donor3_AATGCCATCGAGCACC-1,donor3,6
donor3_AATGGAAAGAATTGCA-1,donor3,12
donor3_AATGGAAAGACAACAT-1,donor3,6
donor3_AATGGAAAGATCGCCC-1,donor3,11
donor3_AATGGAAAGCTCGTGC-1,donor3,10
donor3_AATGGAACACGATAGG-1,donor3,14
donor3_AATGGAACACTCACTC-1,donor3,9
donor3_AATGGAACAGCAGAAC-1,donor3,21
donor3_AATGGAACATCTTAGG-1,donor3,6
donor3_AATGGAAGTCCCAAAT-1,donor3,10
donor3_AATGGAAGTCTTAGTG-1,donor3,11
donor3_AATGGAAGTTTACGAC-1,donor3,12
donor3_AATGGAATCGCTGACG-1,donor3,11
donor3_AATGGAATCTCCGATC-1,donor3,1
donor3_AATGGCTAGTAGTCCT-1,donor3,9
donor3_AATGGCTCAAGAGCTG-1,donor3,26
donor3_AATGGCTGTCACCGAC-1,donor3,10
donor3_AATGGCTGTGAGGAAA-1,donor3,10
donor3_AATGGCTGTGTGGACA-1,donor3,11
donor3_AATTCCTAGACATAGT-1,donor3,11
donor3_AATTCCTAGCCAGAGT-1,donor3,6
donor3_AATTCCTAGGGCATGT-1,donor3,11
donor3_AATTCCTAGGGCTGAT-1,donor3,6
donor3_AATTCCTCAATTTCTC-1,donor3,6
donor3_AATTCCTCACTGGCGT-1,donor3,11
donor3_AATTCCTCACTTGAAC-1,donor3,9
donor3_AATTCCTCATGGCACC-1,donor3,9
donor3_AATTCCTGTTCTTCAT-1,donor3,11
donor3_AATTCCTTCCCAGGCA-1,donor3,23
donor3_AATTCCTTCGAACGGA-1,donor3,12
donor3_AATTTCCAGATGACAT-1,donor3,9
donor3_AATTTCCAGCATCGAG-1,donor3,9
donor3_AATTTCCAGGGAGGTG-1,donor3,12
donor3_AATTTCCAGGGTGAAA-1,donor3,12
donor3_AATTTCCCAAGAGGTC-1,donor3,7
donor3_AATTTCCCATCCGGCA-1,donor3,9
donor3_AATTTCCGTGACGCCT-1,donor3,10
donor3_AATTTCCTCTCCCATG-1,donor3,9
donor3_AATTTCCTCTTGAGCA-1,donor3,12
donor3_ACAAAGAAGGCCATAG-1,donor3,11
donor3_ACAAAGAAGGCTTAGG-1,donor3,9
donor3_ACAAAGAGTATGACAA-1,donor3,12
donor3_ACAAAGAGTGCGGTAA-1,donor3,6
donor3_ACAAAGAGTTGTTGCA-1,donor3,11
donor3_ACAAAGATCAACTTTC-1,donor3,11
donor3_ACAAAGATCAGATGCT-1,donor3,12
donor3_ACAAAGATCTCTCCGA-1,donor3,12
donor3_ACAAAGATCTTCTCAA-1,donor3,6
donor3_ACAACCAAGCCTGACC-1,donor3,6
donor3_ACAACCAAGGAGATAG-1,donor3,11
donor3_ACAACCACAAAGGAGA-1,donor3,10
donor3_ACAACCACACAGCCAC-1,donor3,12
donor3_ACAACCACAGAAACCG-1,donor3,12
donor3_ACAACCAGTGAATATG-1,donor3,11
donor3_ACAACCAGTGTGGACA-1,donor3,11
donor3_ACAACCATCACGACTA-1,donor3,12
donor3_ACAACCATCGTAGAGG-1,donor3,6
donor3_ACAAGCTAGGAACGCT-1,donor3,11
donor3_ACAAGCTCATTAAAGG-1,donor3,10
donor3_ACAAGCTGTATGGAGC-1,donor3,9
donor3_ACAAGCTGTCTGATAC-1,donor3,10
donor3_ACAAGCTGTTGCACGC-1,donor3,12
donor3_ACAAGCTGTTTCCAAG-1,donor3,11
donor3_ACAAGCTTCATGCGGC-1,donor3,12
donor3_ACAAGCTTCGCGTGAC-1,donor3,6
donor3_ACAAGCTTCGCTAAAC-1,donor3,6
donor3_ACAAGCTTCTTAGTTC-1,donor3,12
donor3_ACACAGTAGCACCCAC-1,donor3,12
donor3_ACACAGTCAATACCTG-1,donor3,6
donor3_ACACAGTCATCTAGAC-1,donor3,11
donor3_ACACAGTGTGAATAAC-1,donor3,7
donor3_ACACAGTGTTTGGCTA-1,donor3,9
donor3_ACACAGTTCCTTGACC-1,donor3,7
donor3_ACACAGTTCGTGTGGC-1,donor3,6
donor3_ACACAGTTCTTCGATT-1,donor3,6
donor3_ACACCAAAGAAGGATG-1,donor3,10
donor3_ACACCAAAGTAGGATT-1,donor3,6
donor3_ACACCAACAAATGGAT-1,donor3,9
donor3_ACACCAACAAGGCTTT-1,donor3,7
donor3_ACACCAACAAGTTCCA-1,donor3,9
donor3_ACACCAACAGACGGAT-1,donor3,9
donor3_ACACCAAGTACGTGTT-1,donor3,11
donor3_ACACCAAGTCGCACGT-1,donor3,6
donor3_ACACCAAGTGTTGCCG-1,donor3,9
donor3_ACACCAAGTTTACTGG-1,donor3,11
donor3_ACACCAATCAGCGCGT-1,donor3,11
donor3_ACACCAATCATGAGGG-1,donor3,7
donor3_ACACCAATCTGTAAGC-1,donor3,11
donor3_ACACGCGAGGGTATAT-1,donor3,7
donor3_ACACGCGAGGGTGAGG-1,donor3,9
donor3_ACACGCGCAATTCTCT-1,donor3,14
donor3_ACACGCGCACTACGGC-1,donor3,11
donor3_ACACGCGCACTCTGCT-1,donor3,9
donor3_ACACGCGGTCCAACGC-1,donor3,11
donor3_ACACGCGGTTCAGCTA-1,donor3,12
donor3_ACACGCGTCATTTGGG-1,donor3,10
donor3_ACACGCGTCCTGCTAC-1,donor3,9
donor3_ACACTGAAGCTAATCC-1,donor3,11
donor3_ACACTGAAGGGTGGGA-1,donor3,9
donor3_ACACTGACAGCATACT-1,donor3,11
donor3_ACACTGACAGGTAGTG-1,donor3,12
donor3_ACACTGAGTACGTTCA-1,donor3,14
donor3_ACACTGAGTTGCCTAA-1,donor3,12
donor3_ACACTGATCCAACACA-1,donor3,10
donor3_ACACTGATCGGCATCG-1,donor3,6
donor3_ACACTGATCTCGGCTT-1,donor3,9
donor3_ACAGAAAAGACTCTTG-1,donor3,14
donor3_ACAGAAAAGAGGTCGT-1,donor3,6
donor3_ACAGAAAAGTATTAGG-1,donor3,11
donor3_ACAGAAAAGTGGAATT-1,donor3,11
donor3_ACAGAAAGTAACAGGC-1,donor3,9
donor3_ACAGAAAGTAGGACCA-1,donor3,12
donor3_ACAGAAAGTGACTATC-1,donor3,12
donor3_ACAGAAAGTGCACGCT-1,donor3,11
donor3_ACAGAAAGTGCCCTTT-1,donor3,23
donor3_ACAGAAAGTGCTTCAA-1,donor3,10
donor3_ACAGAAAGTTGGACTT-1,donor3,12
donor3_ACAGAAAGTTTACGAC-1,donor3,6
donor3_ACAGAAATCCATTTAC-1,donor3,26
donor3_ACAGAAATCTATCGCC-1,donor3,9
donor3_ACAGCCGAGATGCTTC-1,donor3,12
donor3_ACAGCCGAGCGCGTTC-1,donor3,9
donor3_ACAGCCGCACGACAAG-1,donor3,6
donor3_ACAGCCGCAGTCAACT-1,donor3,6
donor3_ACAGCCGCATTAAGCC-1,donor3,11
donor3_ACAGCCGGTACGAGCA-1,donor3,9
donor3_ACAGCCGGTATCATGC-1,donor3,6
donor3_ACAGCCGGTCGACTGC-1,donor3,9
donor3_ACAGCCGGTGTGTACT-1,donor3,7
donor3_ACAGCCGGTTGCTCAA-1,donor3,6
donor3_ACAGGGACAAGGCAAC-1,donor3,10
donor3_ACAGGGACACATTCGA-1,donor3,12
donor3_ACAGGGACAGTTTCGA-1,donor3,0
donor3_ACAGGGATCCTAAGTG-1,donor3,11
donor3_ACAGGGATCGCCAATA-1,donor3,12
donor3_ACAGGGATCGGCCCAA-1,donor3,21
donor3_ACAGGGATCGGCTCTT-1,donor3,9
donor3_ACAGGGATCGTGAGAG-1,donor3,9
donor3_ACATCCCAGAACAAGG-1,donor3,12
donor3_ACATCCCAGACTTAAG-1,donor3,10
donor3_ACATCCCAGGCTAAAT-1,donor3,10
donor3_ACATCCCAGGTGGGTT-1,donor3,9
donor3_ACATCCCAGTCATCGT-1,donor3,12
donor3_ACATCCCCAATCGCCG-1,donor3,10
donor3_ACATCCCCAGCGACCT-1,donor3,10
donor3_ACATCCCCAGTCAGCC-1,donor3,10
donor3_ACATCCCGTATCGAGG-1,donor3,6
donor3_ACATCCCTCAGTGTCA-1,donor3,6
donor3_ACATCCCTCCCTTCCC-1,donor3,10
donor3_ACATCCCTCTCAGAAC-1,donor3,11
donor3_ACATCGAAGATCCGAG-1,donor3,9
donor3_ACATCGAAGCAAACAT-1,donor3,10
donor3_ACATCGACACATGTTG-1,donor3,6
donor3_ACATCGACACCGGCTA-1,donor3,9
donor3_ACATCGACACTTCATT-1,donor3,9
donor3_ACATCGACAGTCGAGA-1,donor3,6
donor3_ACATCGACATTCCTAT-1,donor3,6
donor3_ACATCGATCAACCTTT-1,donor3,10
donor3_ACATCGATCTGGGAGA-1,donor3,12
donor3_ACATCGATCTTACACT-1,donor3,23
donor3_ACATGCAAGCTGGCTC-1,donor3,11
donor3_ACATGCAAGGGTGAAA-1,donor3,6
donor3_ACATGCAAGGTGAGAA-1,donor3,6
donor3_ACATGCACAAACGTGG-1,donor3,9
donor3_ACATGCACACCGTCGA-1,donor3,12
donor3_ACATGCACAGGGTTGA-1,donor3,10
donor3_ACATGCAGTCCACAGC-1,donor3,11
donor3_ACATGCAGTTTGCAGT-1,donor3,11
donor3_ACATGCATCAATCGGT-1,donor3,11
donor3_ACATGCATCGTCCATC-1,donor3,11
donor3_ACATTTCAGAACCGCA-1,donor3,10
donor3_ACATTTCAGACATGCG-1,donor3,10
donor3_ACATTTCAGCCATGCC-1,donor3,10
donor3_ACATTTCAGCTCATAC-1,donor3,10
donor3_ACATTTCAGGTTGCCC-1,donor3,9
donor3_ACATTTCCACCCTGAG-1,donor3,12
donor3_ACATTTCCACGACGAA-1,donor3,12
donor3_ACATTTCCATGAGAAT-1,donor3,12
donor3_ACATTTCGTAGTACGG-1,donor3,11
donor3_ACATTTCGTGACTATC-1,donor3,26
donor3_ACATTTCGTTCTAACG-1,donor3,12
donor3_ACATTTCTCATCGTAG-1,donor3,11
donor3_ACATTTCTCCCAACTC-1,donor3,6
donor3_ACATTTCTCCGCTGTT-1,donor3,11
donor3_ACATTTCTCTTGGATG-1,donor3,10
donor3_ACCAAACAGGCCTAAG-1,donor3,11
donor3_ACCAAACAGGCTGGAT-1,donor3,9
donor3_ACCAAACCAAGGGCAT-1,donor3,11
donor3_ACCAAACCAAGTAGTA-1,donor3,10
donor3_ACCAAACCATGTGCTA-1,donor3,11
donor3_ACCAAACGTAATGCGG-1,donor3,6
donor3_ACCAACAAGAAGCGGG-1,donor3,10
donor3_ACCAACAAGATGACAT-1,donor3,9
donor3_ACCAACACAAAGCAAT-1,donor3,10
donor3_ACCAACACATTGACAC-1,donor3,9
donor3_ACCAACACATTGCCTC-1,donor3,6
donor3_ACCAACAGTTGGGACA-1,donor3,9
donor3_ACCAACATCACCATAG-1,donor3,9
donor3_ACCAACATCTATTGTC-1,donor3,9
donor3_ACCAACATCTCCGTGT-1,donor3,10
donor3_ACCACAAAGCTGAGCA-1,donor3,12
donor3_ACCACAACACAAAGTA-1,donor3,6
donor3_ACCACAACAGAAATCA-1,donor3,9
donor3_ACCACAACATTGTACG-1,donor3,11
donor3_ACCACAAGTCACTCTC-1,donor3,12
donor3_ACCACAAGTCGCATTA-1,donor3,12
donor3_ACCACAAGTTGAAGTA-1,donor3,9
donor3_ACCACAATCTTCGCTG-1,donor3,6
donor3_ACCATTTAGAGTATAC-1,donor3,10
donor3_ACCATTTAGGAACTCG-1,donor3,10
donor3_ACCATTTAGTCGCGAA-1,donor3,12
donor3_ACCATTTCAATGGCCC-1,donor3,12
donor3_ACCATTTCACAATGCT-1,donor3,21
donor3_ACCATTTCAGTTAGGG-1,donor3,9
donor3_ACCATTTCATTACTCT-1,donor3,9
donor3_ACCATTTGTAGCTTTG-1,donor3,12
donor3_ACCATTTGTGTCCATA-1,donor3,26
donor3_ACCATTTTCTCCGTGT-1,donor3,11
donor3_ACCCAAACAAGATTGA-1,donor3,9
donor3_ACCCAAAGTAATGTGA-1,donor3,26
donor3_ACCCAAAGTCAACCTA-1,donor3,9
donor3_ACCCAAAGTCTTCTAT-1,donor3,11
donor3_ACCCAAAGTGGGCTTC-1,donor3,12
donor3_ACCCTCAAGGTAAGAG-1,donor3,10
donor3_ACCCTCAAGTGGGAAA-1,donor3,9
donor3_ACCCTCACAACCCGCA-1,donor3,9
donor3_ACCCTCACACGCTTAA-1,donor3,12
donor3_ACCCTCACATTGAGGG-1,donor3,9
donor3_ACCCTCAGTGGTAATA-1,donor3,9
donor3_ACCCTCAGTTTAGTCG-1,donor3,9
donor3_ACCCTCATCCCTGGTT-1,donor3,9
donor3_ACCCTCATCGCTAATG-1,donor3,6
donor3_ACCCTTGAGCAAGTGC-1,donor3,11
donor3_ACCCTTGAGCTACGTT-1,donor3,9
donor3_ACCCTTGAGTCATACC-1,donor3,11
donor3_ACCCTTGGTAGCGCTC-1,donor3,6
donor3_ACCCTTGGTATGCAAA-1,donor3,9
donor3_ACCCTTGGTTTCACTT-1,donor3,9
donor3_ACCGTTCAGATTCGCT-1,donor3,10
donor3_ACCGTTCCAATAGGGC-1,donor3,9
donor3_ACCGTTCGTGCATACT-1,donor3,9
donor3_ACCGTTCTCATCTCTA-1,donor3,10
donor3_ACCGTTCTCTCGCAGG-1,donor3,12
donor3_ACCTACCAGAAAGCGA-1,donor3,23
donor3_ACCTACCAGGGTTAAT-1,donor3,10
donor3_ACCTACCGTCAGATTC-1,donor3,6
donor3_ACCTACCTCATCAGTG-1,donor3,24
donor3_ACCTACCTCGCATGAT-1,donor3,9
donor3_ACCTGAAAGACATCAA-1,donor3,9
donor3_ACCTGAAAGATGCCGA-1,donor3,12
donor3_ACCTGAAAGTCCCAGC-1,donor3,10
donor3_ACCTGAAAGTTGCATC-1,donor3,10
donor3_ACCTGAAAGTTTGTCG-1,donor3,12
donor3_ACCTGAACATCCTTCG-1,donor3,9
donor3_ACCTGAAGTCACAGTT-1,donor3,10
donor3_ACCTGAAGTCCGTACG-1,donor3,12
donor3_ACCTGAATCACCATAG-1,donor3,12
donor3_ACCTGAATCCCATACC-1,donor3,11
donor3_ACCTGAATCCTAAACG-1,donor3,10
donor3_ACCTGAATCGGCATCG-1,donor3,9
donor3_ACCTGTCAGAAAGCGA-1,donor3,12
donor3_ACCTGTCAGCCATATC-1,donor3,12
donor3_ACCTGTCCAGCGAACA-1,donor3,11
donor3_ACCTGTCCATGACACT-1,donor3,0
donor3_ACCTGTCGTGCGGTAA-1,donor3,12
donor3_ACCTGTCGTGGAAGTC-1,donor3,11
donor3_ACCTGTCGTGTGATGG-1,donor3,10
donor3_ACCTGTCGTTGTGCAT-1,donor3,6
donor3_ACCTGTCTCACGGACC-1,donor3,6
donor3_ACCTGTCTCACTTGGA-1,donor3,10
donor3_ACCTGTCTCTGGTGCG-1,donor3,6
donor3_ACGATCACACAGACGA-1,donor3,12
donor3_ACGATCACATGACTTG-1,donor3,9
donor3_ACGATCAGTACGAAAT-1,donor3,0
donor3_ACGATCAGTAGTTAGA-1,donor3,11
donor3_ACGATCAGTTCCTTGC-1,donor3,6
donor3_ACGATCATCCAACTGA-1,donor3,0
donor3_ACGATCATCGACGCGT-1,donor3,12
donor3_ACGATCATCTCCATAT-1,donor3,12
donor3_ACGATGTAGAGGACTC-1,donor3,12
donor3_ACGATGTAGATCCTAC-1,donor3,6
donor3_ACGATGTAGGACGCTA-1,donor3,10
donor3_ACGATGTAGTCATTGC-1,donor3,9
donor3_ACGATGTAGTCCGCCA-1,donor3,23
donor3_ACGATGTCAAATTGGA-1,donor3,12
donor3_ACGATGTCAACCGATT-1,donor3,12
donor3_ACGATGTCACTTGACA-1,donor3,10
donor3_ACGATGTGTTGGGAAC-1,donor3,10
donor3_ACGCACGAGCAACAGC-1,donor3,7
donor3_ACGCACGCATGCCGAC-1,donor3,9
donor3_ACGCACGGTCGTATGT-1,donor3,6
donor3_ACGCACGGTCTTACAG-1,donor3,9
donor3_ACGCACGTCACAAGGG-1,donor3,9
donor3_ACGCACGTCGGCCCAA-1,donor3,9
donor3_ACGGAAGAGTCTGCGC-1,donor3,21
donor3_ACGGAAGCAATGTGGG-1,donor3,10
donor3_ACGGAAGCATGAATAG-1,donor3,9
donor3_ACGGAAGGTCGTGTTA-1,donor3,12
donor3_ACGGAAGGTGTGGACA-1,donor3,10
donor3_ACGGAAGTCATGCCAA-1,donor3,12
donor3_ACGGAAGTCGAGTTGT-1,donor3,5
donor3_ACGGAAGTCTTGTTAC-1,donor3,10
donor3_ACGGGTCAGAAGGCTC-1,donor3,10
donor3_ACGGGTCAGGTAGTAT-1,donor3,14
donor3_ACGGGTCCACAATTCG-1,donor3,6
donor3_ACGGGTCTCCATCTAT-1,donor3,12
donor3_ACGGTCGGTGATTCAC-1,donor3,6
donor3_ACGGTCGGTGTCCATA-1,donor3,9
donor3_ACGGTCGGTGTGTCCG-1,donor3,9
donor3_ACGGTCGGTTGTCATG-1,donor3,6
donor3_ACGGTCGTCATTGTTC-1,donor3,12
donor3_ACGGTCGTCGCAGTTA-1,donor3,9
donor3_ACGGTTAAGGTCATAA-1,donor3,6
donor3_ACGGTTACAAGAGTGC-1,donor3,12
donor3_ACGGTTACACAGTGTT-1,donor3,14
donor3_ACGGTTACAGTTACCA-1,donor3,9
donor3_ACGGTTACATATGAAG-1,donor3,9
donor3_ACGGTTAGTGATTCTG-1,donor3,1
donor3_ACGGTTAGTTAAGCAA-1,donor3,9
donor3_ACGGTTATCAAGGACG-1,donor3,9
donor3_ACGGTTATCAGAGCGA-1,donor3,6
donor3_ACGTAACAGACCAGAC-1,donor3,11
donor3_ACGTAACAGGTGCTAG-1,donor3,6
donor3_ACGTAACAGTAAGACT-1,donor3,6
donor3_ACGTAACAGTGAACAT-1,donor3,1
donor3_ACGTAACCAACAGTGG-1,donor3,9
donor3_ACGTAACCAGAAACCG-1,donor3,9
donor3_ACGTAACCAGATCCAT-1,donor3,6
donor3_ACGTAACCAGTATGAA-1,donor3,9
donor3_ACGTAACGTGGAACAC-1,donor3,12
donor3_ACGTAACGTTGGAGAC-1,donor3,10
donor3_ACGTAACTCGGCTTGG-1,donor3,9
donor3_ACGTAACTCGGTCACG-1,donor3,6
donor3_ACGTACAAGACTAAGT-1,donor3,20
donor3_ACGTACAAGCAACTCT-1,donor3,9
donor3_ACGTACAGTCCTGAAT-1,donor3,12
donor3_ACGTACAGTTAAGAAC-1,donor3,10
donor3_ACGTACAGTTGGAGAC-1,donor3,9
donor3_ACGTACATCCACACCT-1,donor3,9
donor3_ACGTACATCGAGATGG-1,donor3,12
donor3_ACGTACATCGTGGGAA-1,donor3,12
donor3_ACGTAGTAGGGTCTTT-1,donor3,10
donor3_ACGTAGTAGTAATCCC-1,donor3,6
donor3_ACGTAGTCACCTTCGT-1,donor3,9
donor3_ACGTAGTCACTCACTC-1,donor3,10
donor3_ACGTAGTCAGGTCCCA-1,donor3,12
donor3_ACGTAGTGTCGCCTAG-1,donor3,6
donor3_ACGTAGTGTGAACGGT-1,donor3,9
donor3_ACGTAGTTCATTGCCC-1,donor3,12
donor3_ACGTCCTAGACGCCCT-1,donor3,9
donor3_ACGTCCTAGCTCTATG-1,donor3,7
donor3_ACGTCCTAGGAAGTAG-1,donor3,9
donor3_ACGTCCTCAACCAGAG-1,donor3,9
donor3_ACGTCCTCAGACCTAT-1,donor3,9
donor3_ACGTCCTCATTGACAC-1,donor3,12
donor3_ACGTCCTGTCAACATC-1,donor3,11
donor3_ACGTCCTTCAAAGAAC-1,donor3,10
donor3_ACGTCCTTCACAAGGG-1,donor3,11
donor3_ACGTCCTTCATTACGG-1,donor3,12
donor3_ACGTCCTTCCCACAGG-1,donor3,10
donor3_ACGTCCTTCTGCTGAA-1,donor3,23
donor3_ACGTCCTTCTGTCGTC-1,donor3,11
donor3_ACGTTCCAGAAGTCAT-1,donor3,9
donor3_ACGTTCCAGGCCTGCT-1,donor3,10
donor3_ACGTTCCCACGTGTGC-1,donor3,12
donor3_ACGTTCCCATGGAGAC-1,donor3,6
donor3_ACGTTCCGTCGGCTAC-1,donor3,6
donor3_ACGTTCCGTTACCGTA-1,donor3,11
donor3_ACGTTCCTCAGTCAGT-1,donor3,10
donor3_ACGTTCCTCCCTCTCC-1,donor3,9
donor3_ACGTTCCTCCTAAGTG-1,donor3,6
donor3_ACGTTCCTCTTCGTGC-1,donor3,9
donor3_ACTACGAAGCGTCTCG-1,donor3,6
donor3_ACTACGAAGTGCACAG-1,donor3,12
donor3_ACTACGACACAAGGTG-1,donor3,12
donor3_ACTACGACATGACAGG-1,donor3,9
donor3_ACTACGAGTAATGCGG-1,donor3,11
donor3_ACTACGAGTATTTCGG-1,donor3,9
donor3_ACTACGAGTCTGATAC-1,donor3,9
donor3_ACTACGAGTTAACCTG-1,donor3,9
donor3_ACTACGAGTTTACTGG-1,donor3,9
donor3_ACTACGATCACCATAG-1,donor3,10
donor3_ACTACGATCATGGGAG-1,donor3,12
donor3_ACTACGATCGCGATCG-1,donor3,6
donor3_ACTACGATCTAACACG-1,donor3,12
donor3_ACTATCTAGAGTGTTA-1,donor3,9
donor3_ACTATCTAGCCGTTAT-1,donor3,10
donor3_ACTATCTAGTGATTCC-1,donor3,11
donor3_ACTATCTCACCCTAGG-1,donor3,10
donor3_ACTATCTGTAACATAG-1,donor3,11
donor3_ACTATCTGTGACTCTA-1,donor3,12
donor3_ACTATCTGTGCGTCGT-1,donor3,12
donor3_ACTATCTGTTAAAGTG-1,donor3,10
donor3_ACTATCTGTTGTGGAG-1,donor3,12
donor3_ACTATCTGTTTGGCTA-1,donor3,10
donor3_ACTATCTTCACCCTTG-1,donor3,9
donor3_ACTATCTTCGTCTACC-1,donor3,9
donor3_ACTATGGAGACGTCCC-1,donor3,11
donor3_ACTATGGAGCAGTACG-1,donor3,11
donor3_ACTATGGCAAGTGGCA-1,donor3,12
donor3_ACTATGGCAATTGAAG-1,donor3,14
donor3_ACTATGGGTCAGGTAG-1,donor3,12
donor3_ACTATGGTCACTCTTA-1,donor3,9
donor3_ACTATGGTCCTAACAG-1,donor3,7
donor3_ACTATGGTCTACCCAC-1,donor3,11
donor3_ACTATGGTCTGCGGCA-1,donor3,9
donor3_ACTATGGTCTTTCTAG-1,donor3,10
donor3_ACTATTCAGAGAGAAC-1,donor3,6
donor3_ACTATTCAGAGAGTTT-1,donor3,9
donor3_ACTATTCAGCGTCAGA-1,donor3,9
donor3_ACTATTCAGTAACGAT-1,donor3,10
donor3_ACTATTCCAGGCTTGC-1,donor3,6
donor3_ACTATTCCAGTCCCGA-1,donor3,12
donor3_ACTATTCTCACCCTTG-1,donor3,10
donor3_ACTATTCTCCTAGCTC-1,donor3,10
donor3_ACTCCCAAGCTATCCA-1,donor3,10
donor3_ACTCCCAGTCATGCAT-1,donor3,10
donor3_ACTCCCAGTGTATTGC-1,donor3,6
donor3_ACTCCCATCGACGATT-1,donor3,12
donor3_ACTCCCATCTTGGATG-1,donor3,9
donor3_ACTCTCGCAACCGTGC-1,donor3,9
donor3_ACTCTCGCAGCGTGCT-1,donor3,23
donor3_ACTCTCGGTAGAGTTA-1,donor3,6
donor3_ACTCTCGTCATTACTC-1,donor3,9
donor3_ACTCTCGTCCTGGGAC-1,donor3,10
donor3_ACTCTCGTCGCCGAGT-1,donor3,10
donor3_ACTGATGAGAGTGACC-1,donor3,12
donor3_ACTGATGAGCATTGAA-1,donor3,9
donor3_ACTGATGAGCGTTCCG-1,donor3,11
donor3_ACTGATGCAACCGATT-1,donor3,11
donor3_ACTGATGCACTGCGTG-1,donor3,9
donor3_ACTGATGCAGAGAATT-1,donor3,10
donor3_ACTGATGCATGACGTT-1,donor3,10
donor3_ACTGATGGTCAGATTC-1,donor3,23
donor3_ACTGATGGTTCCCAAA-1,donor3,9
donor3_ACTGATGTCAGCACCG-1,donor3,12
donor3_ACTGCAAAGTACTCGT-1,donor3,9
donor3_ACTGCAACACAAATAG-1,donor3,9
donor3_ACTGCAACACCGTGGT-1,donor3,14
donor3_ACTGCAAGTCAGGTGA-1,donor3,9
donor3_ACTGCAAGTCGAGTTT-1,donor3,11
donor3_ACTGCAAGTCTCGCGA-1,donor3,9
donor3_ACTGCAAGTTGTGGCC-1,donor3,9
donor3_ACTGCAATCAAGTGGG-1,donor3,10
donor3_ACTGCAATCCATTGCC-1,donor3,6
donor3_ACTGTCCCAAGCTGTT-1,donor3,6
donor3_ACTGTCCCAGCAATTC-1,donor3,10
donor3_ACTGTCCGTAGTCCTA-1,donor3,6
donor3_ACTGTCCGTCTTGAAC-1,donor3,9
donor3_ACTGTCCTCGTCTACC-1,donor3,12
donor3_ACTGTGAAGAAGTCAT-1,donor3,12
donor3_ACTGTGACAATCGTCA-1,donor3,12
donor3_ACTGTGACACGCGCTA-1,donor3,6
donor3_ACTGTGAGTACGATCT-1,donor3,14
donor3_ACTGTGAGTAGCTGAG-1,donor3,10
donor3_ACTGTGAGTTGTTGAC-1,donor3,10
donor3_ACTGTGATCAGAGCAG-1,donor3,0
donor3_ACTGTGATCATCAGTG-1,donor3,7
donor3_ACTGTGATCCCGTTGT-1,donor3,12
donor3_ACTTAGGAGATGAATC-1,donor3,12
donor3_ACTTAGGAGTACTCGT-1,donor3,12
donor3_ACTTAGGCACCAGACC-1,donor3,12
donor3_ACTTAGGCACGCAGTC-1,donor3,10
donor3_ACTTAGGCAGAGAATT-1,donor3,6
donor3_ACTTAGGGTAGGACTG-1,donor3,12
donor3_ACTTAGGGTCGGTAAG-1,donor3,12
donor3_ACTTAGGGTTCAAGGG-1,donor3,9
donor3_ACTTAGGTCACAGTGT-1,donor3,12
donor3_ACTTAGGTCATTCATC-1,donor3,10
donor3_ACTTAGGTCTAGGAAA-1,donor3,11
donor3_ACTTATCAGCCAGAGT-1,donor3,9
donor3_ACTTATCAGCGCATCC-1,donor3,10
donor3_ACTTATCCACGGTGCT-1,donor3,11
donor3_ACTTATCCACTGTCGG-1,donor3,7
donor3_ACTTATCCATGACTCA-1,donor3,10
donor3_ACTTATCGTCCAGGTC-1,donor3,10
donor3_ACTTATCGTCCGACGT-1,donor3,12
donor3_ACTTATCGTTCCCACT-1,donor3,10
donor3_ACTTATCTCACCGACG-1,donor3,14
donor3_ACTTATCTCCGAGAAG-1,donor3,12
donor3_ACTTCCGAGAGCCCAA-1,donor3,10
donor3_ACTTCCGAGCAGGCAT-1,donor3,9
donor3_ACTTCCGAGCGCTTCG-1,donor3,10
donor3_ACTTCCGAGTTGTAAG-1,donor3,9
donor3_ACTTCCGCAATTTCTC-1,donor3,12
donor3_ACTTCCGCACCGGCTA-1,donor3,11
donor3_ACTTCCGGTACCTAGT-1,donor3,9
donor3_ACTTCCGGTACGTTCA-1,donor3,9
donor3_ACTTCCGGTTGGATCT-1,donor3,10
donor3_ACTTCCGTCGCAATTG-1,donor3,12
donor3_ACTTCGCAGACCATGG-1,donor3,11
donor3_ACTTCGCAGGGAGGGT-1,donor3,12
donor3_ACTTCGCCAACCCTAA-1,donor3,10
donor3_ACTTCGCCAGACAAAT-1,donor3,12
donor3_ACTTCGCGTCATGGCC-1,donor3,10
donor3_ACTTCGCGTGAATGTA-1,donor3,6
donor3_ACTTCGCGTTGGGTTT-1,donor3,9
donor3_ACTTCGCTCCTCAGGG-1,donor3,11
donor3_ACTTCGCTCGAGGCAA-1,donor3,0
donor3_ACTTTCAAGCGGTATG-1,donor3,9
donor3_ACTTTCAAGGTCATCT-1,donor3,10
donor3_ACTTTCAAGTATGACA-1,donor3,11
donor3_ACTTTCACAACGGCTC-1,donor3,6
donor3_ACTTTCACAGGCGAAT-1,donor3,12
donor3_ACTTTCACAGGTCTCG-1,donor3,12
donor3_ACTTTCAGTAACACCT-1,donor3,9
donor3_ACTTTCAGTGCATTAC-1,donor3,10
donor3_ACTTTCATCTACCAGA-1,donor3,12
donor3_ACTTTCATCTAGCCAA-1,donor3,9
donor3_ACTTTCATCTCTCTTC-1,donor3,6
donor3_ACTTTGTAGCCAAGCA-1,donor3,9
donor3_ACTTTGTAGGCTTCCG-1,donor3,9
donor3_ACTTTGTAGGTTGCCC-1,donor3,9
donor3_ACTTTGTCAAACGAGC-1,donor3,7
donor3_ACTTTGTCAAGTCATC-1,donor3,6
donor3_ACTTTGTCAAGTGCAG-1,donor3,6
donor3_ACTTTGTGTGAGGAAA-1,donor3,6
donor3_ACTTTGTTCGCCAGTG-1,donor3,12
donor3_AGAAATGAGAGCATTA-1,donor3,10
donor3_AGAAATGAGGCCATAG-1,donor3,9
donor3_AGAAATGCAACCAGAG-1,donor3,11
donor3_AGAAATGCAGCTGTGC-1,donor3,9
donor3_AGAAATGCATAGATGA-1,donor3,12
donor3_AGAAATGCATCGTCCT-1,donor3,11
donor3_AGAAATGCATGGCCAC-1,donor3,10
donor3_AGAAATGGTCAAGCCC-1,donor3,9
donor3_AGAAATGGTCTGTCCT-1,donor3,10
donor3_AGAAATGTCACAAGAA-1,donor3,12
donor3_AGAAATGTCCTTTGAT-1,donor3,9
donor3_AGAACAAAGCCAGAGT-1,donor3,7
donor3_AGAACAAAGGAACGTC-1,donor3,9
donor3_AGAACAAAGGCCCGTT-1,donor3,9
donor3_AGAACAACAAGTTTGC-1,donor3,7
donor3_AGAACAACAGGATCTT-1,donor3,12
donor3_AGAACAACATGTGACT-1,donor3,12
donor3_AGAACAATCACGGGAA-1,donor3,9
donor3_AGAACCTAGGTGATAT-1,donor3,11
donor3_AGAACCTCAAGCTACT-1,donor3,9
donor3_AGAACCTCATGGGTTT-1,donor3,12
donor3_AGAACCTGTAACGGTG-1,donor3,6
donor3_AGAACCTGTCGTATTG-1,donor3,6
donor3_AGAACCTGTTGCCATA-1,donor3,12
donor3_AGAACCTTCTCCGAAA-1,donor3,9
donor3_AGAAGCGAGAACGCGT-1,donor3,9
donor3_AGAAGCGAGGGAGGGT-1,donor3,6
donor3_AGAAGCGCAACGGCTC-1,donor3,12
donor3_AGAAGCGCAACGGGTA-1,donor3,9
donor3_AGAAGCGGTACCATAC-1,donor3,26
donor3_AGAAGCGGTACGTACT-1,donor3,10
donor3_AGAAGCGGTATCGTGT-1,donor3,9
donor3_AGAAGCGTCAGGAAAT-1,donor3,12
donor3_AGAAGCGTCCGGCAAC-1,donor3,7
donor3_AGAAGCGTCTTGATTC-1,donor3,14
donor3_AGAAGTAAGATGCTTC-1,donor3,9
donor3_AGAAGTAAGCCAACCC-1,donor3,11
donor3_AGAAGTAAGCCTGGAA-1,donor3,10
donor3_AGAAGTAAGGCAGTCA-1,donor3,11
donor3_AGAAGTAAGGGTGGGA-1,donor3,12
donor3_AGAAGTACAGTCCGTG-1,donor3,12
donor3_AGAAGTAGTCACAATC-1,donor3,11
donor3_AGAAGTAGTCCAGCCA-1,donor3,11
donor3_AGAAGTAGTCCCACGA-1,donor3,20
donor3_AGAAGTATCCACTGGG-1,donor3,9
donor3_AGAAGTATCCATCTGC-1,donor3,9
donor3_AGACAAAAGATCCTAC-1,donor3,9
donor3_AGACAAAAGCCAAGCA-1,donor3,6
donor3_AGACAAAAGTTACTCG-1,donor3,12
donor3_AGACAAACAACCACAT-1,donor3,11
donor3_AGACAAACACATCCCT-1,donor3,9
donor3_AGACAAACACCGGCTA-1,donor3,6
donor3_AGACAAACACTAGTAC-1,donor3,11
donor3_AGACAAACATACTGAC-1,donor3,10
donor3_AGACAAACATAGGTAA-1,donor3,9
donor3_AGACAAACATTACTCT-1,donor3,9
donor3_AGACAAAGTATTGCCA-1,donor3,11
donor3_AGACAAAGTCCGGACT-1,donor3,10
donor3_AGACAAAGTCGATTCA-1,donor3,12
donor3_AGACACTAGTCCGTCG-1,donor3,9
donor3_AGACACTAGTGTACCT-1,donor3,6
donor3_AGACACTCAAACTCTG-1,donor3,9
donor3_AGACACTCACCACTGG-1,donor3,9
donor3_AGACACTCACTTCAAG-1,donor3,10
donor3_AGACACTCATGACTGT-1,donor3,11
donor3_AGACACTGTATCCTCC-1,donor3,9
donor3_AGACACTGTCCACTTC-1,donor3,10
donor3_AGACACTTCCAACTGA-1,donor3,6
donor3_AGACACTTCGGTGCAC-1,donor3,10
donor3_AGACAGGAGACTCTTG-1,donor3,10
donor3_AGACAGGAGATGGGCT-1,donor3,9
donor3_AGACAGGCAAGACCGA-1,donor3,12
donor3_AGACAGGCACGCGCAT-1,donor3,12
donor3_AGACAGGGTAGGCTCC-1,donor3,10
donor3_AGACAGGGTCAAGTTC-1,donor3,9
donor3_AGACAGGGTCCTTGTC-1,donor3,9
donor3_AGACAGGGTCGAGCAA-1,donor3,9
donor3_AGACAGGGTGAATGTA-1,donor3,23
donor3_AGACAGGTCTAGGAAA-1,donor3,12
donor3_AGACCATAGAAACTAC-1,donor3,6
donor3_AGACCATAGACATAGT-1,donor3,12
donor3_AGACCATAGCGGACAT-1,donor3,6
donor3_AGACCATAGTGGATTA-1,donor3,9
donor3_AGACCATCACGTGAGA-1,donor3,6
donor3_AGACCATCAGGCGAAT-1,donor3,9
donor3_AGACCATGTCACTGAT-1,donor3,9
donor3_AGACCATTCAATCTTC-1,donor3,6
donor3_AGACCATTCGGACAAG-1,donor3,7
donor3_AGACCCGAGATCGGTG-1,donor3,10
donor3_AGACCCGAGGCTGAAC-1,donor3,6
donor3_AGACCCGAGTCGCCAC-1,donor3,9
donor3_AGACCCGCACAATCTG-1,donor3,10
donor3_AGACCCGCACGGTAGA-1,donor3,1
donor3_AGACCCGCAGGGAATC-1,donor3,9
donor3_AGACCCGGTACAAGCG-1,donor3,10
donor3_AGACCCGGTCCTACGG-1,donor3,10
donor3_AGACCCGGTGAAGCGT-1,donor3,9
donor3_AGACCCGGTGGCACTC-1,donor3,11
donor3_AGACCCGTCACTTGGA-1,donor3,10
donor3_AGACCCGTCGACCACG-1,donor3,12
donor3_AGACTCAAGGTACATA-1,donor3,12
donor3_AGACTCACAAGTGGAC-1,donor3,9
donor3_AGACTCACACAGTGTT-1,donor3,6
donor3_AGACTCACACCCTAAA-1,donor3,6
donor3_AGACTCACACCCTATC-1,donor3,10
donor3_AGACTCACAGCGAACA-1,donor3,9
donor3_AGACTCAGTATCAAGA-1,donor3,12
donor3_AGACTCATCATGGGAG-1,donor3,6
donor3_AGACTCATCCCTCTTT-1,donor3,9
donor3_AGACTCATCGAGAATA-1,donor3,6
donor3_AGAGAATAGGGAGTGG-1,donor3,9
donor3_AGAGAATGTGGACTAG-1,donor3,11
donor3_AGAGAATGTGGCATCC-1,donor3,11
donor3_AGAGAATGTGGTCTTA-1,donor3,26
donor3_AGAGAATGTTCCACAA-1,donor3,12
donor3_AGAGAATTCCGAGATT-1,donor3,10
donor3_AGAGAATTCGAACCAT-1,donor3,11
donor3_AGAGAGCAGCTAGTTC-1,donor3,14
donor3_AGAGAGCAGCTGAGCA-1,donor3,11
donor3_AGAGAGCCACCTGCGA-1,donor3,9
donor3_AGAGAGCGTAGACGTG-1,donor3,9
donor3_AGAGAGCGTCAAAGCG-1,donor3,6
donor3_AGAGAGCGTGACTATC-1,donor3,11
donor3_AGAGAGCTCACTGAAC-1,donor3,9
donor3_AGAGAGCTCCCTCTCC-1,donor3,9
donor3_AGAGAGCTCTCCAAGA-1,donor3,9
donor3_AGAGCAGAGGGCCTCT-1,donor3,9
donor3_AGAGCAGAGGTTCATC-1,donor3,12
donor3_AGAGCAGCACGTACAT-1,donor3,11
donor3_AGAGCAGCATCCGAAT-1,donor3,10
donor3_AGAGCAGCATCTGGGC-1,donor3,11
donor3_AGAGCAGTCAGCAGAG-1,donor3,10
donor3_AGAGCAGTCATCGGGC-1,donor3,10
donor3_AGAGCAGTCCGTCCTA-1,donor3,6
donor3_AGAGCAGTCGAACCAT-1,donor3,0
donor3_AGAGCAGTCGAGAAGC-1,donor3,12
donor3_AGAGCCCAGAACAGGA-1,donor3,9
donor3_AGAGCCCAGAGGGCGA-1,donor3,12
donor3_AGAGCCCAGGACGCAT-1,donor3,6
donor3_AGAGCCCAGGATACGC-1,donor3,14
donor3_AGAGCCCAGTCGTTAC-1,donor3,12
donor3_AGAGCCCCAAGGCCTC-1,donor3,9
donor3_AGAGCCCGTCTCACGG-1,donor3,10
donor3_AGAGCCCTCAGCTCTC-1,donor3,11
donor3_AGAGCCCTCCGATGTA-1,donor3,14
donor3_AGAGCCCTCGCCGAAC-1,donor3,11
donor3_AGAGCCCTCTAAGCGT-1,donor3,9
donor3_AGATAGAAGAGGGTAA-1,donor3,10
donor3_AGATAGAAGATCACCT-1,donor3,26
donor3_AGATAGACACGCTATA-1,donor3,11
donor3_AGATAGACAGTGTGCC-1,donor3,6
donor3_AGATAGACATGATAGA-1,donor3,12
donor3_AGATAGAGTCTTTATC-1,donor3,0
donor3_AGATAGAGTTGTTGAC-1,donor3,10
donor3_AGATAGATCTAGCAAC-1,donor3,9
donor3_AGATCCAAGCCTATTG-1,donor3,6
donor3_AGATCCACAACCAACT-1,donor3,10
donor3_AGATCCACAAGTGCAG-1,donor3,6
donor3_AGATCCACACATACGT-1,donor3,7
donor3_AGATCCAGTATGGAGC-1,donor3,10
donor3_AGATCCAGTCAGTCTA-1,donor3,12
donor3_AGATCCAGTTGCAACT-1,donor3,21
donor3_AGATCCATCTGATTCT-1,donor3,6
donor3_AGATCGTAGCAGGGAG-1,donor3,9
donor3_AGATCGTCAAGACAAT-1,donor3,12
donor3_AGATCGTCACTCCCTA-1,donor3,6
donor3_AGATCGTCATGCCATA-1,donor3,10
donor3_AGATCGTGTGCACATT-1,donor3,10
donor3_AGATCGTTCCACCCTA-1,donor3,6
donor3_AGATCGTTCCGATCGG-1,donor3,23
donor3_AGATCGTTCTGTCAGA-1,donor3,5
donor3_AGATGAAAGTTCCTGA-1,donor3,14
donor3_AGATGAACAAATGATG-1,donor3,10
donor3_AGATGAACACAACGCC-1,donor3,12
donor3_AGATGAACACTGCACG-1,donor3,10
donor3_AGATGAACAGTAGTTC-1,donor3,10
donor3_AGATGAAGTAAGTTAG-1,donor3,9
donor3_AGATGAAGTCCATACA-1,donor3,23
donor3_AGATGAAGTGAGTAGC-1,donor3,6
donor3_AGATGAATCAAATGAG-1,donor3,21
donor3_AGATGAATCTCCGAGG-1,donor3,6
donor3_AGATGCTAGACACACG-1,donor3,9
donor3_AGATGCTAGCCTGACC-1,donor3,6
donor3_AGATGCTAGGGCAACT-1,donor3,12
donor3_AGATGCTAGTGGAAGA-1,donor3,12
donor3_AGATGCTCAGATTTCG-1,donor3,11
donor3_AGATGCTCATCAGTGT-1,donor3,9
donor3_AGATGCTGTACGATGG-1,donor3,17
donor3_AGATGCTGTATCACCA-1,donor3,9
donor3_AGATGCTTCAGCCCAG-1,donor3,12
donor3_AGATGCTTCTTCCCAG-1,donor3,9
donor3_AGCATCAAGCATGCAG-1,donor3,10
donor3_AGCATCAAGCCGAATG-1,donor3,11
donor3_AGCATCAAGGCGTTGA-1,donor3,9
donor3_AGCATCACAAATCGGG-1,donor3,11
donor3_AGCATCACAACACGAG-1,donor3,12
donor3_AGCATCACAGCGTTTA-1,donor3,6
donor3_AGCATCACAGTTCTAG-1,donor3,11
donor3_AGCATCACATCAGTGT-1,donor3,11
donor3_AGCATCAGTCGTTGCG-1,donor3,12
donor3_AGCATCAGTTGCTCCT-1,donor3,9
donor3_AGCATCAGTTTCCATT-1,donor3,10
donor3_AGCCAATAGTAAACGT-1,donor3,9
donor3_AGCCAATCAAACTAAG-1,donor3,9
donor3_AGCCAATCAGATTCGT-1,donor3,10
donor3_AGCCAATGTGCCCGTA-1,donor3,9
donor3_AGCCAATGTTAAACAG-1,donor3,9
donor3_AGCCAATGTTCGGTAT-1,donor3,9
donor3_AGCCAATTCGTGGGTC-1,donor3,23
donor3_AGCCACGAGACCATTC-1,donor3,11
donor3_AGCCACGAGACGTCCC-1,donor3,11
donor3_AGCCACGAGCCGCACT-1,donor3,10
donor3_AGCCACGCAAAGCACG-1,donor3,6
donor3_AGCCACGCACAAGTGG-1,donor3,9
donor3_AGCCACGCATTACTCT-1,donor3,6
donor3_AGCCACGGTCTAACTG-1,donor3,6
donor3_AGCCACGGTGCATTTG-1,donor3,11
donor3_AGCCAGCCACAAGGTG-1,donor3,6
donor3_AGCCAGCCACTAAACC-1,donor3,17
donor3_AGCCAGCGTAATGCTC-1,donor3,9
donor3_AGCCAGCGTACCAGAG-1,donor3,22
donor3_AGCCAGCGTCACTACA-1,donor3,6
donor3_AGCCAGCTCAAGGACG-1,donor3,10
donor3_AGCCAGCTCATCAGTG-1,donor3,10
donor3_AGCCAGCTCTCTGACC-1,donor3,12
donor3_AGCCAGCTCTGTCTCG-1,donor3,10
donor3_AGCGATTCAAAGACGC-1,donor3,6
donor3_AGCGATTCAATACGAA-1,donor3,10
donor3_AGCGATTCACATAACC-1,donor3,6
donor3_AGCGATTTCACCGGTG-1,donor3,11
donor3_AGCGCCAAGATACATG-1,donor3,9
donor3_AGCGCCAAGGAATCGC-1,donor3,11
donor3_AGCGCCAAGTTGGGAC-1,donor3,9
donor3_AGCGCCACAACAGAGC-1,donor3,12
donor3_AGCGCCACAACTACGT-1,donor3,12
donor3_AGCGCCACACATTACG-1,donor3,12
donor3_AGCGCCACATTAAAGG-1,donor3,9
donor3_AGCGCCAGTCAATCTG-1,donor3,9
donor3_AGCGCCATCACCATAG-1,donor3,9
donor3_AGCGCTGAGAAGTCTA-1,donor3,11
donor3_AGCGCTGAGTATAGAC-1,donor3,6
donor3_AGCGCTGCACCTGCAG-1,donor3,11
donor3_AGCGCTGTCGTTGCCT-1,donor3,11
donor3_AGCGCTGTCTTTCGAT-1,donor3,10
donor3_AGCGTATAGCGGTAGT-1,donor3,14
donor3_AGCGTATAGTTCATCG-1,donor3,1
donor3_AGCGTATCATTGGGAG-1,donor3,10
donor3_AGCGTATGTACAGAGC-1,donor3,12
donor3_AGCGTATGTCGGTGTC-1,donor3,7
donor3_AGCGTATTCGTGGTAT-1,donor3,9
donor3_AGCGTATTCTTGGATG-1,donor3,6
donor3_AGCGTCGAGAATCGAT-1,donor3,9
donor3_AGCGTCGAGACTACCT-1,donor3,12
donor3_AGCGTCGAGTGGAAGA-1,donor3,11
donor3_AGCGTCGAGTTGAATG-1,donor3,11
donor3_AGCGTCGCACCGTCGA-1,donor3,12
donor3_AGCGTCGCAGAAGCGT-1,donor3,11
donor3_AGCGTCGGTCCACTTC-1,donor3,12
donor3_AGCGTCGGTTCCCACT-1,donor3,12
donor3_AGCGTCGGTTGGGAAC-1,donor3,9
donor3_AGCGTCGTCAACGAGG-1,donor3,9
donor3_AGCGTCGTCATCACTT-1,donor3,11
donor3_AGCGTCGTCCAGTACA-1,donor3,11
donor3_AGCGTCGTCTCCGATC-1,donor3,11
donor3_AGCTACAAGTCTCGTA-1,donor3,12
donor3_AGCTACACAATACCTG-1,donor3,9
donor3_AGCTACACATCGGATT-1,donor3,9
donor3_AGCTACACATGACCCG-1,donor3,12
donor3_AGCTACATCAGGAAGC-1,donor3,10
donor3_AGCTACATCCCAAGCG-1,donor3,12
donor3_AGCTCAAAGCCGCACT-1,donor3,14
donor3_AGCTCAAGTCGCGTTG-1,donor3,12
donor3_AGCTCAATCAAGTTGC-1,donor3,10
donor3_AGCTCAATCGGCAGTC-1,donor3,6
donor3_AGCTTCCAGTGTTGTC-1,donor3,7
donor3_AGCTTCCGTCGCAACC-1,donor3,9
donor3_AGCTTCCGTGACACAG-1,donor3,10
donor3_AGCTTCCGTGACTATC-1,donor3,9
donor3_AGCTTCCTCATTGCGA-1,donor3,14
donor3_AGCTTCCTCGAGAAAT-1,donor3,11
donor3_AGCTTCCTCTCTCTTC-1,donor3,10
donor3_AGCTTCCTCTGGCCAG-1,donor3,26
donor3_AGGAAATAGACCGCCT-1,donor3,11
donor3_AGGAAATAGCAACAGC-1,donor3,6
donor3_AGGAAATAGGACAAGA-1,donor3,9
donor3_AGGAAATAGGGATGTC-1,donor3,11
donor3_AGGAAATAGGTTAAAC-1,donor3,9
donor3_AGGAAATGTAGGAGGG-1,donor3,9
donor3_AGGAAATGTATCCCTC-1,donor3,11
donor3_AGGAAATTCAGTGTCA-1,donor3,0
donor3_AGGAAATTCGACGAGA-1,donor3,11
donor3_AGGAATAAGAGAAGGT-1,donor3,9
donor3_AGGAATAAGCGTGTTT-1,donor3,11
donor3_AGGAATACAGGACATG-1,donor3,10
donor3_AGGAATAGTACCAGAG-1,donor3,0
donor3_AGGAATAGTATCGGTT-1,donor3,12
donor3_AGGAATAGTCACCGAC-1,donor3,10
donor3_AGGAATATCATTGCGA-1,donor3,9
donor3_AGGACGAAGATGTTGA-1,donor3,12
donor3_AGGACGAAGCATTGAA-1,donor3,0
donor3_AGGACGAAGCCAACCC-1,donor3,6
donor3_AGGACGAAGTGATAAC-1,donor3,12
donor3_AGGACGAGTAAGCAAT-1,donor3,10
donor3_AGGACGAGTTCCACGG-1,donor3,9
donor3_AGGACGAGTTGACGGA-1,donor3,11
donor3_AGGACGATCATTGCCC-1,donor3,9
donor3_AGGACGATCCGACATA-1,donor3,11
donor3_AGGACGATCCTAAGTG-1,donor3,12
donor3_AGGACGATCTGTACAG-1,donor3,26
donor3_AGGACTTAGAATAGTC-1,donor3,12
donor3_AGGACTTAGGACTGGT-1,donor3,9
donor3_AGGACTTAGTAGGAAG-1,donor3,11
donor3_AGGACTTCAACCGACC-1,donor3,9
donor3_AGGACTTCAATCAAGA-1,donor3,9
donor3_AGGACTTCACCAGTAT-1,donor3,9
donor3_AGGACTTCACCTTCGT-1,donor3,10
donor3_AGGACTTCACTTTATC-1,donor3,11
donor3_AGGACTTCATGCACTA-1,donor3,11
donor3_AGGACTTGTCGCTTGG-1,donor3,23
donor3_AGGACTTTCATCGCCT-1,donor3,6
donor3_AGGACTTTCTGGCCTT-1,donor3,12
donor3_AGGAGGTAGAGGGTGG-1,donor3,12
donor3_AGGAGGTAGCAGCAGT-1,donor3,6
donor3_AGGAGGTAGTAAGACT-1,donor3,10
donor3_AGGAGGTCATACCACA-1,donor3,12
donor3_AGGAGGTCATGAAAGT-1,donor3,12
donor3_AGGAGGTGTGGATCAG-1,donor3,12
donor3_AGGAGGTGTTCTTGCC-1,donor3,10
donor3_AGGATAAAGCGTTCAT-1,donor3,11
donor3_AGGATAAAGTGGCAGT-1,donor3,10
donor3_AGGATAACACCGGCTA-1,donor3,6
donor3_AGGATAACATTGAGGG-1,donor3,9
donor3_AGGATAAGTTAGGGTG-1,donor3,10
donor3_AGGATAAGTTGAATCC-1,donor3,12
donor3_AGGATAATCAGGTGTT-1,donor3,14
donor3_AGGATAATCCGATCGG-1,donor3,10
donor3_AGGATAATCTCGGCTT-1,donor3,14
donor3_AGGATCTAGAACTCCT-1,donor3,9
donor3_AGGATCTAGAATTGTG-1,donor3,11
donor3_AGGATCTAGCGACTGA-1,donor3,9
donor3_AGGATCTAGTAGACAT-1,donor3,9
donor3_AGGATCTCACCGGCTA-1,donor3,1
donor3_AGGATCTCATCACGGC-1,donor3,9
donor3_AGGATCTGTCACATTG-1,donor3,12
donor3_AGGATCTGTGGTATGG-1,donor3,6
donor3_AGGATCTGTTGATCGT-1,donor3,11
donor3_AGGATCTTCAGCTGTA-1,donor3,10
donor3_AGGATCTTCTAAACGC-1,donor3,9
donor3_AGGCATTAGCTAAACA-1,donor3,9
donor3_AGGCATTAGGGCCTCT-1,donor3,11
donor3_AGGCATTAGTAGAATC-1,donor3,12
donor3_AGGCATTCAGACAATA-1,donor3,9
donor3_AGGCATTTCCATGCAA-1,donor3,14
donor3_AGGCATTTCGAAGAAT-1,donor3,12
donor3_AGGCATTTCGCCTTTG-1,donor3,11
donor3_AGGCCACAGCATGGGT-1,donor3,6
donor3_AGGCCACAGGCCTTGC-1,donor3,12
donor3_AGGCCACAGTACCGGA-1,donor3,14
donor3_AGGCCACCAAGTTCCA-1,donor3,12
donor3_AGGCCACCACCGGCTA-1,donor3,11
donor3_AGGCCACCAGAAACCG-1,donor3,10
donor3_AGGCCACCATACCAGT-1,donor3,9
donor3_AGGCCACGTAAGTCAA-1,donor3,10
donor3_AGGCCACGTAGCTGCC-1,donor3,12
donor3_AGGCCACGTCGTACTA-1,donor3,9
donor3_AGGCCACGTGCACAAG-1,donor3,10
donor3_AGGCCACTCACCATAG-1,donor3,9
donor3_AGGCCACTCCAGTGTA-1,donor3,11
donor3_AGGCTGCAGAGTGGCT-1,donor3,10
donor3_AGGCTGCAGCGCCTCA-1,donor3,6
donor3_AGGCTGCGTAGCTGTT-1,donor3,9
donor3_AGGCTGCGTGTTAAAG-1,donor3,12
donor3_AGGCTGCTCCAAATGC-1,donor3,10
donor3_AGGCTGCTCCCTATTA-1,donor3,10
donor3_AGGCTGCTCCGAAGGA-1,donor3,11
donor3_AGGCTGCTCCTGGCTT-1,donor3,9
donor3_AGGCTGCTCGCTTTAT-1,donor3,7
donor3_AGGCTGCTCTAGAACC-1,donor3,8
donor3_AGGGAGTAGGGAACAA-1,donor3,10
donor3_AGGGAGTAGTACGTCT-1,donor3,0
donor3_AGGGAGTAGTTCTACG-1,donor3,6
donor3_AGGGAGTCAAGGATGC-1,donor3,9
donor3_AGGGAGTCAATTAGGA-1,donor3,11
donor3_AGGGAGTCATAGTCGT-1,donor3,10
donor3_AGGGAGTGTAGCGCTC-1,donor3,7
donor3_AGGGAGTGTCAACATC-1,donor3,6
donor3_AGGGAGTGTTGCATGT-1,donor3,11
donor3_AGGGAGTTCCAGTGTA-1,donor3,9
donor3_AGGGCCTAGCGGGTAT-1,donor3,26
donor3_AGGGCCTCAAATGAAC-1,donor3,6
donor3_AGGGCCTCAAGGACAC-1,donor3,12
donor3_AGGGCCTCACCTGCTT-1,donor3,9
donor3_AGGGCCTGTAGTATAG-1,donor3,9
donor3_AGGGCCTGTTATAGAG-1,donor3,12
donor3_AGGGCCTTCACTCACC-1,donor3,0
donor3_AGGGCCTTCTCGTTTA-1,donor3,9
donor3_AGGGCTCAGCTTAAGA-1,donor3,9
donor3_AGGGCTCCAGTGAGCA-1,donor3,9
donor3_AGGGCTCGTTAAGGGC-1,donor3,14
donor3_AGGGCTCTCAAACGAA-1,donor3,9
donor3_AGGGCTCTCATCGCAA-1,donor3,6
donor3_AGGGCTCTCTCTGAGA-1,donor3,0
donor3_AGGGTCCAGTTACGTC-1,donor3,9
donor3_AGGGTCCCAAGACCTT-1,donor3,11
donor3_AGGGTCCCAGGGATAC-1,donor3,14
donor3_AGGGTCCCAGGTTCCG-1,donor3,20
donor3_AGGGTCCGTTTGAAAG-1,donor3,1
donor3_AGGGTCCTCATATGGC-1,donor3,9
donor3_AGGGTCCTCCCTTGGT-1,donor3,6
donor3_AGGGTCCTCGATCCAA-1,donor3,12
donor3_AGGGTCCTCGGTAACT-1,donor3,9
donor3_AGGGTGAAGATGGTAT-1,donor3,9
donor3_AGGGTGAAGTGGCAGT-1,donor3,11
donor3_AGGGTGACAAATGAAC-1,donor3,12
donor3_AGGGTGAGTCAGCGTC-1,donor3,6
donor3_AGGGTGAGTCTACGTA-1,donor3,9
donor3_AGGGTGAGTCTCAGAT-1,donor3,14
donor3_AGGGTGAGTTCGGTCG-1,donor3,9
donor3_AGGGTGAGTTGCCATA-1,donor3,6
donor3_AGGGTGAGTTGCGGAA-1,donor3,11
donor3_AGGGTGATCCATATGG-1,donor3,6
donor3_AGGGTGATCGGCTATA-1,donor3,7
donor3_AGGGTTTAGACCACGA-1,donor3,10
donor3_AGGGTTTAGAGTCGAC-1,donor3,9
donor3_AGGGTTTAGCGATGAC-1,donor3,9
donor3_AGGGTTTCACAGCCTG-1,donor3,11
donor3_AGGGTTTGTGGGATTG-1,donor3,10
donor3_AGGGTTTGTTAGGAGC-1,donor3,12
donor3_AGGGTTTTCACGGAGA-1,donor3,9
donor3_AGGGTTTTCCACTGAA-1,donor3,9
donor3_AGGGTTTTCCTTCACG-1,donor3,9
donor3_AGGGTTTTCGCTCCTA-1,donor3,10
donor3_AGGTAGGAGCAATAAC-1,donor3,9
donor3_AGGTAGGAGTGTAGAT-1,donor3,11
donor3_AGGTAGGCAATGGCAG-1,donor3,9
donor3_AGGTAGGCACTTTATC-1,donor3,6
donor3_AGGTAGGGTATCGAGG-1,donor3,12
donor3_AGGTAGGGTCGCGTTG-1,donor3,10
donor3_AGGTAGGGTGTCTTCC-1,donor3,10
donor3_AGGTAGGGTGTTATCG-1,donor3,9
donor3_AGGTAGGGTTGAGGAC-1,donor3,9
donor3_AGGTAGGTCATCGACA-1,donor3,12
donor3_AGGTAGGTCGAAGTGG-1,donor3,6
donor3_AGGTCATAGATTGACA-1,donor3,9
donor3_AGGTCATAGGAGGCAG-1,donor3,12
donor3_AGGTCATAGTCAGAGC-1,donor3,11
donor3_AGGTCATCAGCAGTAG-1,donor3,10
donor3_AGGTCATCATGCGTGC-1,donor3,12
donor3_AGGTCATGTCAGATTC-1,donor3,10
donor3_AGGTCATGTCTCGACG-1,donor3,14
donor3_AGGTCATGTGCCCTTT-1,donor3,10
donor3_AGGTCATTCTACACTT-1,donor3,9
donor3_AGGTCATTCTATCGGA-1,donor3,9
donor3_AGGTCTACAATCTCTT-1,donor3,6
donor3_AGGTCTACAGCTACTA-1,donor3,12
donor3_AGGTCTAGTATGAGCG-1,donor3,6
donor3_AGGTCTAGTGAGATTA-1,donor3,11
donor3_AGGTCTAGTGCCGTTG-1,donor3,12
donor3_AGGTCTATCGTGCGAC-1,donor3,9
donor3_AGGTCTATCTTAGCTT-1,donor3,9
donor3_AGGTGTTAGGGCGAGA-1,donor3,9
donor3_AGGTGTTAGTCGGGAT-1,donor3,6
donor3_AGGTGTTCACACGGTC-1,donor3,10
donor3_AGGTGTTCACATGTTG-1,donor3,0
donor3_AGGTGTTCATTGGCAT-1,donor3,9
donor3_AGGTGTTGTCCGTACG-1,donor3,9
donor3_AGGTGTTGTGCAACGA-1,donor3,11
donor3_AGGTGTTTCCACAGGC-1,donor3,11
donor3_AGGTGTTTCTCGGCTT-1,donor3,9
donor3_AGGTTACAGACCAAAT-1,donor3,9
donor3_AGGTTACAGATTGAGT-1,donor3,11
donor3_AGGTTACAGCACACAG-1,donor3,9
donor3_AGGTTACAGCTCTGTA-1,donor3,10
donor3_AGGTTACAGTGAGGCT-1,donor3,7
donor3_AGGTTACAGTTGCGCC-1,donor3,6
donor3_AGGTTACCAACTGCTA-1,donor3,6
donor3_AGGTTACCAAGGCTTT-1,donor3,9
donor3_AGGTTACCACTTCATT-1,donor3,10
donor3_AGGTTACGTCGTATGT-1,donor3,7
donor3_AGGTTACGTGCCTGAC-1,donor3,12
donor3_AGGTTACGTGGATACG-1,donor3,10
donor3_AGGTTACGTGGTCCGT-1,donor3,11
donor3_AGGTTACTCAGCAGAG-1,donor3,9
donor3_AGGTTACTCGGTGCAC-1,donor3,9
donor3_AGGTTACTCTTGATTC-1,donor3,10
donor3_AGGTTGTAGGGCCAAT-1,donor3,12
donor3_AGGTTGTAGTTCCTGA-1,donor3,10
donor3_AGGTTGTCAACCCTAA-1,donor3,9
donor3_AGGTTGTCAATTCGTG-1,donor3,26
donor3_AGGTTGTCACTGCTTC-1,donor3,9
donor3_AGGTTGTGTCAGGTAG-1,donor3,10
donor3_AGGTTGTGTCCGACGT-1,donor3,11
donor3_AGGTTGTGTCGAGCAA-1,donor3,9
donor3_AGGTTGTGTGCAGTGA-1,donor3,14
donor3_AGGTTGTGTTACACAC-1,donor3,9
donor3_AGTAACCAGATTGCGG-1,donor3,9
donor3_AGTAACCAGCACTCCG-1,donor3,23
donor3_AGTAACCCAAACAGGC-1,donor3,11
donor3_AGTAACCCAACTGATC-1,donor3,17
donor3_AGTAACCCAAGTACCT-1,donor3,23
donor3_AGTAACCCAATGCTCA-1,donor3,10
donor3_AGTAACCCATTGTACG-1,donor3,23
donor3_AGTAACCTCACTGTCC-1,donor3,12
donor3_AGTACCAAGACATACA-1,donor3,9
donor3_AGTACCAAGCGAACTG-1,donor3,11
donor3_AGTACCAAGGTGCCTC-1,donor3,10
donor3_AGTACCACAACTCGTA-1,donor3,12
donor3_AGTACCACAATGTCTG-1,donor3,10
donor3_AGTACCACACAGTATC-1,donor3,12
donor3_AGTACCACATGACTCA-1,donor3,10
donor3_AGTACCAGTAAGATAC-1,donor3,12
donor3_AGTACCAGTATGACAA-1,donor3,12
donor3_AGTACCATCGGAGCAA-1,donor3,10
donor3_AGTACCATCTGGGATT-1,donor3,1
donor3_AGTACTGAGAGGATCC-1,donor3,10
donor3_AGTACTGCAGAGATTA-1,donor3,9
donor3_AGTACTGCAGATCCAT-1,donor3,9
donor3_AGTACTGCATCATCCC-1,donor3,10
donor3_AGTACTGGTAAGTAGT-1,donor3,11
donor3_AGTACTGGTATCGTGT-1,donor3,6
donor3_AGTACTGTCGAACCTA-1,donor3,23
donor3_AGTACTGTCTCGTGAA-1,donor3,12
donor3_AGTAGCTAGATTGTGA-1,donor3,9
donor3_AGTAGCTAGTATAGAC-1,donor3,10
donor3_AGTAGCTAGTATTCCG-1,donor3,11
donor3_AGTAGCTCACTGTGTA-1,donor3,9
donor3_AGTAGCTCAGACATCT-1,donor3,12
donor3_AGTAGCTCAGAGAAAG-1,donor3,10
donor3_AGTAGCTGTATTTCTC-1,donor3,12
donor3_AGTAGTCAGAATGTTG-1,donor3,10
donor3_AGTAGTCAGAATTCAG-1,donor3,9
donor3_AGTAGTCAGCGAGAAA-1,donor3,10
donor3_AGTAGTCAGGTAGTAT-1,donor3,6
donor3_AGTAGTCAGTTTGAGA-1,donor3,1
donor3_AGTAGTCCAATGGGTG-1,donor3,11
donor3_AGTAGTCCAGATCCAT-1,donor3,9
donor3_AGTAGTCCAGTGCGCT-1,donor3,11
donor3_AGTAGTCGTCAGATTC-1,donor3,12
donor3_AGTAGTCGTCCTACGG-1,donor3,9
donor3_AGTAGTCGTGGCCCAT-1,donor3,9
donor3_AGTAGTCGTTTCTATC-1,donor3,10
donor3_AGTAGTCTCACGAACT-1,donor3,10
donor3_AGTAGTCTCGAATGCT-1,donor3,6
donor3_AGTAGTCTCGTCAGAT-1,donor3,12
donor3_AGTAGTCTCTACAGGT-1,donor3,11
donor3_AGTAGTCTCTGCGGCA-1,donor3,11
donor3_AGTCAACAGACCGTTT-1,donor3,10
donor3_AGTCAACAGACGGAAA-1,donor3,9
donor3_AGTCAACAGATAGTGT-1,donor3,9
donor3_AGTCAACAGATGCGAC-1,donor3,12
donor3_AGTCAACAGCGTATGG-1,donor3,14
donor3_AGTCAACAGGGTGAGG-1,donor3,11
donor3_AGTCAACCAACCGCTG-1,donor3,6
donor3_AGTCAACCAATACCTG-1,donor3,13
donor3_AGTCAACCACCCGTAG-1,donor3,11
donor3_AGTCAACCACTTGTGA-1,donor3,6
donor3_AGTCAACCATCTGTTT-1,donor3,10
donor3_AGTCAACGTCTCGCGA-1,donor3,12
donor3_AGTCAACGTCTGTGTA-1,donor3,11
donor3_AGTCAACGTGCAACAG-1,donor3,10
donor3_AGTCAACTCCGCAAAT-1,donor3,12
donor3_AGTCAACTCTTGCGCT-1,donor3,14
donor3_AGTCACAAGAACGCGT-1,donor3,9
donor3_AGTCACAAGAGTGAAG-1,donor3,11
donor3_AGTCACAAGCAATTAG-1,donor3,11
donor3_AGTCACAAGGCCACTC-1,donor3,6
donor3_AGTCACACAGTACTAC-1,donor3,10
donor3_AGTCACACATGGGTCC-1,donor3,9
donor3_AGTCACAGTTTCAGAC-1,donor3,12
donor3_AGTCACATCGTTCAGA-1,donor3,10
donor3_AGTCACATCTTGGGCG-1,donor3,6
donor3_AGTCATGAGAACAGGA-1,donor3,6
donor3_AGTCATGAGATTGAGT-1,donor3,9
donor3_AGTCATGAGTCGGCAA-1,donor3,21
donor3_AGTCATGAGTTCCTGA-1,donor3,12
donor3_AGTCATGCAAATCGTC-1,donor3,9
donor3_AGTCATGCACTGGAAG-1,donor3,12
donor3_AGTCATGGTACTCAAC-1,donor3,23
donor3_AGTCATGGTGACTCTA-1,donor3,10
donor3_AGTCATGTCGCCCAGA-1,donor3,11
donor3_AGTCATGTCTGTAACG-1,donor3,9
donor3_AGTCTCCAGAGAACCC-1,donor3,10
donor3_AGTCTCCAGCAATTCC-1,donor3,9
donor3_AGTCTCCAGGAGCAAA-1,donor3,11
donor3_AGTCTCCCAGAACTTC-1,donor3,9
donor3_AGTCTCCCATGTGACT-1,donor3,10
donor3_AGTCTCCGTAGCTGTT-1,donor3,11
donor3_AGTCTCCGTATACCCA-1,donor3,9
donor3_AGTCTCCTCATGCCAA-1,donor3,11
donor3_AGTCTCCTCCGGCAGT-1,donor3,9
donor3_AGTCTCCTCGATAACC-1,donor3,12
donor3_AGTGACTAGTATGAGT-1,donor3,9
donor3_AGTGACTAGTTCCGTA-1,donor3,10
donor3_AGTGACTCAAACGTGG-1,donor3,12
donor3_AGTGACTCACAAGTGG-1,donor3,10
donor3_AGTGACTCAGACAAGC-1,donor3,12
donor3_AGTGACTGTCCGGTGT-1,donor3,6
donor3_AGTGACTGTGTTAGCT-1,donor3,12
donor3_AGTGACTTCCTGTACC-1,donor3,11
donor3_AGTGATCAGGTATCTC-1,donor3,11
donor3_AGTGATCCACTAAACC-1,donor3,9
donor3_AGTGATCCACTCAAGT-1,donor3,11
donor3_AGTGATCCAGAATCGG-1,donor3,10
donor3_AGTGATCGTCCAAAGG-1,donor3,12
donor3_AGTGATCGTTACGCCG-1,donor3,11
donor3_AGTGATCGTTTGATCG-1,donor3,14
donor3_AGTGATCTCAAGTTGC-1,donor3,6
donor3_AGTGATCTCCTAGCTC-1,donor3,9
donor3_AGTGATCTCTCCGAAA-1,donor3,10
donor3_AGTGCCGAGAATTTGG-1,donor3,10
donor3_AGTGCCGAGCAGGTCA-1,donor3,12
donor3_AGTGCCGCACGTACAT-1,donor3,9
donor3_AGTGCCGCATGGGCAA-1,donor3,12
donor3_AGTGCCGGTGAGGCAT-1,donor3,11
donor3_AGTGCCGTCAACCGAT-1,donor3,10
donor3_AGTGTTGAGCCTGGAA-1,donor3,10
donor3_AGTGTTGAGTATGACA-1,donor3,10
donor3_AGTGTTGAGTTGTCAC-1,donor3,12
donor3_AGTGTTGCACAGTATC-1,donor3,11
donor3_AGTGTTGCACGCTTAA-1,donor3,11
donor3_AGTGTTGCAGAGTCTT-1,donor3,11
donor3_AGTGTTGCAGTGCGCT-1,donor3,11
donor3_AGTGTTGCATCGATCA-1,donor3,10
donor3_AGTGTTGGTTCCTTGC-1,donor3,9
donor3_AGTGTTGTCGTGCATA-1,donor3,12
donor3_AGTTAGCCATACACCA-1,donor3,10
donor3_AGTTAGCCATGGGTTT-1,donor3,7
donor3_AGTTAGCGTCACAATC-1,donor3,9
donor3_AGTTAGCGTGAATATG-1,donor3,21
donor3_AGTTAGCGTGTATTGC-1,donor3,17
donor3_AGTTAGCTCCGTTGGG-1,donor3,23
donor3_AGTTAGCTCCTCACTG-1,donor3,10
donor3_AGTTAGCTCGTCGACG-1,donor3,21
donor3_AGTTAGCTCGTTACCC-1,donor3,9
donor3_AGTTAGCTCTCAATCT-1,donor3,12
donor3_AGTTAGCTCTGCTAGA-1,donor3,9
donor3_AGTTCCCCAAGCCATT-1,donor3,26
donor3_AGTTCCCCAGACCTAT-1,donor3,12
donor3_AGTTCCCCAGATTCGT-1,donor3,9
donor3_AGTTCCCGTCATACCA-1,donor3,10
donor3_AGTTCCCTCCGCACGA-1,donor3,10
donor3_AGTTCCCTCTCTAGGA-1,donor3,9
donor3_AGTTCGACACAATGCT-1,donor3,9
donor3_AGTTCGACACTTGTGA-1,donor3,10
donor3_AGTTCGACATCCGATA-1,donor3,12
donor3_AGTTCGACATGGGATG-1,donor3,10
donor3_AGTTCGAGTACACTCA-1,donor3,9
donor3_AGTTCGAGTTTACTGG-1,donor3,11
donor3_AGTTCGATCGGCACTG-1,donor3,6
donor3_ATACCGAAGCAGGGAG-1,donor3,12
donor3_ATACCGAAGGCCACTC-1,donor3,11
donor3_ATACCGAAGTAGTCAA-1,donor3,12
donor3_ATACCGAAGTGCAGCA-1,donor3,14
donor3_ATACCGACACAAACGG-1,donor3,9
donor3_ATACCGACATCTATCT-1,donor3,10
donor3_ATACCGAGTACGCGTC-1,donor3,6
donor3_ATACCGAGTATGCTTG-1,donor3,6
donor3_ATACCGAGTTGGAGGT-1,donor3,9
donor3_ATACCGATCGGAGTAG-1,donor3,7
donor3_ATACCGATCTTCGTAT-1,donor3,11
donor3_ATACCTTAGTCATCGT-1,donor3,12
donor3_ATACCTTAGTGGTCAG-1,donor3,10
donor3_ATACCTTCACAACATC-1,donor3,12
donor3_ATACCTTGTAGAGATT-1,donor3,9
donor3_ATACCTTGTATCACCA-1,donor3,20
donor3_ATACCTTGTCGGAACA-1,donor3,6
donor3_ATACCTTGTCGTTGCG-1,donor3,10
donor3_ATACCTTGTGCAGTGA-1,donor3,10
donor3_ATACCTTTCAAATGAG-1,donor3,11
donor3_ATACCTTTCGGCCCAA-1,donor3,10
donor3_ATACCTTTCTTCGTAT-1,donor3,9
donor3_ATACTTCAGAAGTCTA-1,donor3,9
donor3_ATACTTCAGCAGCCCT-1,donor3,10
donor3_ATACTTCAGCGCCTCA-1,donor3,12
donor3_ATACTTCCACCTCTAC-1,donor3,9
donor3_ATACTTCCAGTGTATC-1,donor3,6
donor3_ATACTTCGTGACTGAG-1,donor3,10
donor3_ATACTTCGTGCCGTTG-1,donor3,12
donor3_ATACTTCTCACACCGG-1,donor3,9
donor3_ATACTTCTCCCATTTA-1,donor3,9
donor3_ATAGACCAGATACATG-1,donor3,10
donor3_ATAGACCAGCAAATGT-1,donor3,12
donor3_ATAGACCCAGTAGTTC-1,donor3,9
donor3_ATAGACCGTAGCTGTT-1,donor3,10
donor3_ATAGACCGTCCACATA-1,donor3,9
donor3_ATAGACCTCACTGATG-1,donor3,9
donor3_ATAGACCTCAGCGCAC-1,donor3,10
donor3_ATAGACCTCGATACGT-1,donor3,6
donor3_ATAGACCTCTCCCATG-1,donor3,12
donor3_ATAGACCTCTGAGGCC-1,donor3,10
donor3_ATAGAGAAGATGTTGA-1,donor3,12
donor3_ATAGAGAAGGGATCTG-1,donor3,12
donor3_ATAGAGAAGTAAATGC-1,donor3,6
donor3_ATAGAGAAGTTGCTCA-1,donor3,12
donor3_ATAGAGACAAGTTCCA-1,donor3,11
donor3_ATAGAGAGTACCGGCT-1,donor3,10
donor3_ATAGAGAGTATGCGTT-1,donor3,9
donor3_ATAGAGAGTCGCAGTC-1,donor3,10
donor3_ATAGAGAGTTGTTTGG-1,donor3,6
donor3_ATAGAGATCAAATGAG-1,donor3,11
donor3_ATAGAGATCGACCCAG-1,donor3,12
donor3_ATAGAGATCGGTGTAT-1,donor3,10
donor3_ATAGGCTAGGATTACA-1,donor3,11
donor3_ATAGGCTAGGGAGTGG-1,donor3,11
donor3_ATAGGCTGTAACGGTG-1,donor3,11
donor3_ATAGGCTGTGCTGTCG-1,donor3,9
donor3_ATAGGCTGTGGCTACC-1,donor3,9
donor3_ATAGGCTTCGGTCATA-1,donor3,11
donor3_ATATCCTAGCAACAAT-1,donor3,10
donor3_ATATCCTAGGTATTGA-1,donor3,9
donor3_ATATCCTCAATTCTTC-1,donor3,10
donor3_ATATCCTCACTAACGT-1,donor3,6
donor3_ATATCCTGTCATAACC-1,donor3,11
donor3_ATATCCTGTGTAGCAG-1,donor3,0
donor3_ATATCCTTCAAGTGTC-1,donor3,12
donor3_ATATCCTTCCTCTAAT-1,donor3,10
donor3_ATATCCTTCGACATTG-1,donor3,14
donor3_ATATCCTTCGCAATTG-1,donor3,9
donor3_ATCACAGAGACGACTG-1,donor3,10
donor3_ATCACAGAGATTGTGA-1,donor3,11
donor3_ATCACAGAGCGGGTTA-1,donor3,10
donor3_ATCACAGAGCGTGCTC-1,donor3,10
donor3_ATCACAGAGGGCATGT-1,donor3,9
donor3_ATCACAGAGGTTCAGG-1,donor3,6
donor3_ATCACAGCACCCATAA-1,donor3,12
donor3_ATCACAGCACTATCCC-1,donor3,10
donor3_ATCACAGCATCGGAAG-1,donor3,11
donor3_ATCACAGGTAGATTAG-1,donor3,10
donor3_ATCACAGTCCGAACGC-1,donor3,11
donor3_ATCACAGTCGGATTAC-1,donor3,11
donor3_ATCACAGTCGGTCTGG-1,donor3,12
donor3_ATCACAGTCGTGCACG-1,donor3,11
donor3_ATCACAGTCGTTGTTT-1,donor3,9
donor3_ATCACGAAGGAAACGA-1,donor3,12
donor3_ATCACGAAGGTATAGT-1,donor3,9
donor3_ATCACGACAATGTCAC-1,donor3,9
donor3_ATCACGACAGCGACAA-1,donor3,6
donor3_ATCACGACATGCTGCG-1,donor3,11
donor3_ATCACGAGTACTGCCG-1,donor3,10
donor3_ATCACGAGTATGAGAT-1,donor3,9
donor3_ATCACGATCGCTGTTC-1,donor3,6
donor3_ATCACGATCGTCAGAT-1,donor3,6
donor3_ATCACGATCTTCTTCC-1,donor3,10
donor3_ATCACTTCAGGTACGA-1,donor3,14
donor3_ATCACTTGTCAGGCAA-1,donor3,10
donor3_ATCACTTGTCTACATG-1,donor3,6
donor3_ATCACTTGTTTGATCG-1,donor3,12
donor3_ATCAGGTAGAGTCAAT-1,donor3,14
donor3_ATCAGGTAGGGCATGT-1,donor3,9
donor3_ATCAGGTCAATATCCG-1,donor3,6
donor3_ATCAGGTCACTCCACT-1,donor3,12
donor3_ATCAGGTCACTGCGTG-1,donor3,10
donor3_ATCAGGTCATCCAACA-1,donor3,10
donor3_ATCAGGTGTATGCAAA-1,donor3,0
donor3_ATCAGGTGTGTAGCAG-1,donor3,12
donor3_ATCAGGTTCAACGCTA-1,donor3,6
donor3_ATCAGGTTCTGTCAGA-1,donor3,12
donor3_ATCATTCAGAAACCAT-1,donor3,12
donor3_ATCATTCAGAATGTTG-1,donor3,10
donor3_ATCATTCAGAGGTGCT-1,donor3,1
donor3_ATCATTCAGGTCATTC-1,donor3,12
donor3_ATCATTCAGTCTTCGA-1,donor3,9
donor3_ATCATTCCAACGGTAG-1,donor3,9
donor3_ATCATTCCACCCTTGT-1,donor3,6
donor3_ATCATTCCAGACGGAT-1,donor3,6
donor3_ATCATTCCAGGACTAG-1,donor3,9
donor3_ATCATTCGTCGGTGAA-1,donor3,12
donor3_ATCATTCGTGCACAAG-1,donor3,0
donor3_ATCATTCTCAATCTCT-1,donor3,9
donor3_ATCATTCTCTCTCGCA-1,donor3,10
donor3_ATCCACCCATACATCG-1,donor3,10
donor3_ATCCACCCATGGGTCC-1,donor3,23
donor3_ATCCACCGTACCTAGT-1,donor3,9
donor3_ATCCACCGTTAAGGAT-1,donor3,12
donor3_ATCCATTAGTCTCGTA-1,donor3,11
donor3_ATCCATTGTCTTCAAG-1,donor3,9
donor3_ATCCATTGTGGGTATG-1,donor3,14
donor3_ATCCATTGTTATTCTC-1,donor3,9
donor3_ATCCATTTCGCAATTG-1,donor3,9
donor3_ATCCATTTCTGTAACG-1,donor3,6
donor3_ATCCCTGAGTGAACAT-1,donor3,6
donor3_ATCCCTGCACTCTAGA-1,donor3,9
donor3_ATCCCTGTCATGGCCG-1,donor3,11
donor3_ATCCGTCAGATCCTAC-1,donor3,10
donor3_ATCCGTCAGGACTATA-1,donor3,11
donor3_ATCCGTCAGTCACAGG-1,donor3,11
donor3_ATCCGTCCATCGATGT-1,donor3,12
donor3_ATCCGTCCATGGGCAA-1,donor3,6
donor3_ATCCGTCGTCGAACAG-1,donor3,10
donor3_ATCCGTCGTCGTATTG-1,donor3,21
donor3_ATCCGTCGTGGTTTAC-1,donor3,9
donor3_ATCCGTCGTGTCTTCC-1,donor3,9
donor3_ATCCGTCGTGTTGACT-1,donor3,9
donor3_ATCCGTCTCAGTAGGG-1,donor3,9
donor3_ATCCGTCTCTTGGCTC-1,donor3,9
donor3_ATCCTATAGCAAGCCA-1,donor3,10
donor3_ATCCTATAGCTAGAAT-1,donor3,7
donor3_ATCCTATCAAGGTCTT-1,donor3,6
donor3_ATCCTATCATCGGTTA-1,donor3,9
donor3_ATCCTATCATCTTAGG-1,donor3,6
donor3_ATCCTATGTACCAGAG-1,donor3,10
donor3_ATCCTATGTACTCGAT-1,donor3,9
donor3_ATCCTATGTGCTCCGA-1,donor3,10
donor3_ATCCTATGTTGGGATG-1,donor3,10
donor3_ATCCTATTCATGCCGG-1,donor3,9
donor3_ATCCTATTCTAGATCG-1,donor3,12
donor3_ATCCTATTCTCTAAGG-1,donor3,12
donor3_ATCGATGAGAACTGAT-1,donor3,6
donor3_ATCGATGAGAAGTGTT-1,donor3,6
donor3_ATCGATGAGCAGTCTT-1,donor3,9
donor3_ATCGATGAGCCGATCC-1,donor3,10
donor3_ATCGATGAGGTTGGAC-1,donor3,11
donor3_ATCGATGAGTGGCCTC-1,donor3,12
donor3_ATCGATGCAATTGCAC-1,donor3,23
donor3_ATCGATGCATTCACCC-1,donor3,9
donor3_ATCGATGGTGCTGTCG-1,donor3,11
donor3_ATCGATGGTGCTTATG-1,donor3,23
donor3_ATCGATGTCCATGATG-1,donor3,0
donor3_ATCGATGTCTGGTGCG-1,donor3,10
donor3_ATCGCCTAGACTGAGC-1,donor3,12
donor3_ATCGCCTAGCCTCTTC-1,donor3,23
donor3_ATCGCCTGTAACACGG-1,donor3,6
donor3_ATCGCCTGTAGTAAGT-1,donor3,10
donor3_ATCGCCTGTGCTTCAA-1,donor3,1
donor3_ATCGCCTTCAATCCGA-1,donor3,1
donor3_ATCGCCTTCATTCGTT-1,donor3,6
donor3_ATCGCCTTCCGTGGTG-1,donor3,10
donor3_ATCGCCTTCTCGTCAC-1,donor3,9
donor3_ATCGCCTTCTGGGAGA-1,donor3,19
donor3_ATCGGATAGACAACAT-1,donor3,10
donor3_ATCGGATAGCTTCTAG-1,donor3,6
donor3_ATCGGATGTATGTGTC-1,donor3,9
donor3_ATCGGATGTCCGATCG-1,donor3,1
donor3_ATCGGATGTTTACCAG-1,donor3,11
donor3_ATCGGATTCAGGTGTT-1,donor3,11
donor3_ATCGGATTCTTCTAAC-1,donor3,12
donor3_ATCGGCGAGACATAAC-1,donor3,9
donor3_ATCGGCGAGCATTGAA-1,donor3,12
donor3_ATCGGCGAGGGCAGAG-1,donor3,11
donor3_ATCGGCGAGGTCACTT-1,donor3,14
donor3_ATCGGCGAGTACTGGG-1,donor3,12
donor3_ATCGGCGCAATAGAGT-1,donor3,12
donor3_ATCGGCGCAGATCCAT-1,donor3,9
donor3_ATCGGCGCATTGCCTC-1,donor3,9
donor3_ATCGGCGGTAGGTCAG-1,donor3,9
donor3_ATCGGCGGTGAGAACC-1,donor3,11
donor3_ATCGGCGGTTCTCCAC-1,donor3,12
donor3_ATCGGCGGTTTGGGAG-1,donor3,6
donor3_ATCGGCGTCCAACCAA-1,donor3,7
donor3_ATCGGCGTCGACTCCT-1,donor3,10
donor3_ATCGGCGTCGCTGACG-1,donor3,10
donor3_ATCGGCGTCTCCCTAG-1,donor3,12
donor3_ATCGTAGAGAACCGCA-1,donor3,9
donor3_ATCGTAGAGACCAGAC-1,donor3,12
donor3_ATCGTAGAGAGTTGAT-1,donor3,6
donor3_ATCGTAGAGTCACACT-1,donor3,12
donor3_ATCGTAGCAAATGCTC-1,donor3,10
donor3_ATCGTAGCAACCGCCA-1,donor3,6
donor3_ATCGTAGCAGACGCTC-1,donor3,9
donor3_ATCGTAGGTACAAGTA-1,donor3,7
donor3_ATCGTAGGTCCAAATC-1,donor3,9
donor3_ATCGTAGGTTGACGGA-1,donor3,9
donor3_ATCGTAGTCATGCATG-1,donor3,10
donor3_ATCGTAGTCGAACCTA-1,donor3,6
donor3_ATCGTAGTCGCCTTTG-1,donor3,10
donor3_ATCGTCCAGAGACAAG-1,donor3,12
donor3_ATCGTCCAGCAGATAT-1,donor3,10
donor3_ATCGTCCAGTATGAAC-1,donor3,6
donor3_ATCGTCCCACGCGCTA-1,donor3,12
donor3_ATCGTCCGTGGCTGAA-1,donor3,9
donor3_ATCGTGAAGAAGCTGC-1,donor3,6
donor3_ATCGTGAAGGGAGGAC-1,donor3,9
donor3_ATCGTGACAACGACTT-1,donor3,10
donor3_ATCGTGACACGAGGTA-1,donor3,12
donor3_ATCGTGAGTCCTCATC-1,donor3,12
donor3_ATCGTGAGTGTACATC-1,donor3,10
donor3_ATCGTGAGTGTGTCCG-1,donor3,12
donor3_ATCGTGAGTTCCAGGC-1,donor3,9
donor3_ATCGTGATCTGCACCT-1,donor3,10
donor3_ATCTCTAAGAGTTGAT-1,donor3,6
donor3_ATCTCTAAGCATGAAT-1,donor3,9
donor3_ATCTCTAAGTGCAACG-1,donor3,10
donor3_ATCTCTACAATTGCAC-1,donor3,9
donor3_ATCTCTACACACCTGG-1,donor3,6
donor3_ATCTCTACAGTTCACA-1,donor3,9
donor3_ATCTCTACATCATCCC-1,donor3,6
donor3_ATCTCTAGTGGGCTTC-1,donor3,9
donor3_ATCTCTAGTGTTCATG-1,donor3,10
donor3_ATCTCTAGTGTTGACT-1,donor3,12
donor3_ATCTCTATCCACGGAC-1,donor3,6
donor3_ATCTCTATCCGTGGTG-1,donor3,11
donor3_ATCTCTATCTCTCGCA-1,donor3,10
donor3_ATCTTCACAGACAATA-1,donor3,12
donor3_ATCTTCACAGGTGGAT-1,donor3,12
donor3_ATCTTCACATGTCTAG-1,donor3,7
donor3_ATCTTCAGTGTTTACG-1,donor3,6
donor3_ATCTTCATCACCTTGC-1,donor3,6
donor3_ATCTTCATCGACGATT-1,donor3,11
donor3_ATGAAAGAGAGTCACG-1,donor3,10
donor3_ATGAAAGCAATAACCC-1,donor3,9
donor3_ATGAAAGCACTCATAG-1,donor3,10
donor3_ATGAAAGCAGAGTGTG-1,donor3,9
donor3_ATGAAAGCATGAAGCG-1,donor3,10
donor3_ATGAAAGGTGACAGGT-1,donor3,11
donor3_ATGAAAGGTTAACAGA-1,donor3,1
donor3_ATGAAAGTCAACTACG-1,donor3,11
donor3_ATGAAAGTCACAAGAA-1,donor3,11
donor3_ATGAAAGTCATGACAC-1,donor3,10
donor3_ATGAAAGTCGAGAAGC-1,donor3,6
donor3_ATGAAAGTCGGCCCAA-1,donor3,10
donor3_ATGAAAGTCTGGAGAG-1,donor3,9
donor3_ATGACCAAGCTGCCTG-1,donor3,12
donor3_ATGACCAAGTCGAAGC-1,donor3,26
donor3_ATGACCAAGTTATGGA-1,donor3,14
donor3_ATGACCACAGACCTGC-1,donor3,10
donor3_ATGACCACAGTAACAA-1,donor3,10
donor3_ATGACCAGTAACAGGC-1,donor3,12
donor3_ATGACCAGTAGTCGGA-1,donor3,14
donor3_ATGACCAGTATCATGC-1,donor3,9
donor3_ATGACCAGTCCGTTTC-1,donor3,7
donor3_ATGACCAGTCCTGGTG-1,donor3,7
donor3_ATGACCATCCTTGAAG-1,donor3,9
donor3_ATGACCATCGCATTAG-1,donor3,11
donor3_ATGACCATCGCCGTGA-1,donor3,3
donor3_ATGACCATCGCTCATC-1,donor3,12
donor3_ATGAGGGAGAATCTAG-1,donor3,11
donor3_ATGAGGGAGATAGGGA-1,donor3,9
donor3_ATGAGGGAGGTCGCCT-1,donor3,0
donor3_ATGAGGGCACTAGTAC-1,donor3,11
donor3_ATGAGGGCAGGTTCAT-1,donor3,9
donor3_ATGAGGGCATGGCGCT-1,donor3,6
donor3_ATGAGGGGTACGAGCA-1,donor3,9
donor3_ATGAGGGGTATCAAGA-1,donor3,12
donor3_ATGAGGGGTGTGTTTG-1,donor3,10
donor3_ATGAGGGTCAACTGAC-1,donor3,12
donor3_ATGAGGGTCACGTCCT-1,donor3,10
donor3_ATGAGGGTCCCTAGGG-1,donor3,6
donor3_ATGAGGGTCTCAGGCG-1,donor3,10
donor3_ATGAGGGTCTCATGGA-1,donor3,11
donor3_ATGAGGGTCTCGTCAC-1,donor3,12
donor3_ATGAGTCCAAGACGGT-1,donor3,6
donor3_ATGAGTCCAGAACTAA-1,donor3,11
donor3_ATGAGTCCATATGCGT-1,donor3,9
donor3_ATGAGTCGTACCAATC-1,donor3,10
donor3_ATGAGTCGTCATGGCC-1,donor3,12
donor3_ATGAGTCGTTGGGCCT-1,donor3,9
donor3_ATGAGTCTCCCATAAG-1,donor3,9
donor3_ATGAGTCTCCCGTGTT-1,donor3,10
donor3_ATGATCGAGCCGCACT-1,donor3,14
donor3_ATGATCGAGCTGACTT-1,donor3,14
donor3_ATGATCGAGGATTCCT-1,donor3,12
donor3_ATGATCGAGTCTTCCC-1,donor3,10
donor3_ATGATCGAGTTGCCCG-1,donor3,6
donor3_ATGATCGGTATTCCTT-1,donor3,10
donor3_ATGATCGGTCTCGGAC-1,donor3,11
donor3_ATGATCGGTGCAGATG-1,donor3,10
donor3_ATGATCGGTTCTATCT-1,donor3,6
donor3_ATGATCGTCCAGGACC-1,donor3,6
donor3_ATGCATGAGCACTCCG-1,donor3,6
donor3_ATGCATGAGTAAATGC-1,donor3,9
donor3_ATGCATGCAAAGCGTG-1,donor3,21
donor3_ATGCATGCAACCTAAC-1,donor3,9
donor3_ATGCATGCACAACGAG-1,donor3,10
donor3_ATGCATGCAGGACATG-1,donor3,9
donor3_ATGCATGGTAGAAACT-1,donor3,11
donor3_ATGCATGGTCACTGAT-1,donor3,10
donor3_ATGCATGGTGGTCTTA-1,donor3,6
donor3_ATGCATGTCAGTCTTT-1,donor3,10
donor3_ATGCATGTCGAACGGA-1,donor3,12
donor3_ATGCCTCAGATAACGT-1,donor3,12
donor3_ATGCCTCAGATCACCT-1,donor3,10
donor3_ATGCCTCAGCAGATAT-1,donor3,9
donor3_ATGCCTCAGCTGAAAT-1,donor3,9
donor3_ATGCCTCCAAAGGAGA-1,donor3,6
donor3_ATGCCTCCAGTCAGTT-1,donor3,10
donor3_ATGCCTCGTGGCCCAT-1,donor3,10
donor3_ATGCCTCTCCTACCGT-1,donor3,10
donor3_ATGCCTCTCGGAACTT-1,donor3,10
donor3_ATGCCTCTCTCGCTCA-1,donor3,9
donor3_ATGCGATAGCCTTCTC-1,donor3,9
donor3_ATGCGATAGTCGCCCA-1,donor3,11
donor3_ATGCGATAGTGCACAG-1,donor3,9
donor3_ATGCGATCAAGCCTGC-1,donor3,11
donor3_ATGCGATCATCACCAA-1,donor3,12
donor3_ATGCGATGTACAAAGT-1,donor3,12
donor3_ATGCGATGTTGCGGAA-1,donor3,14
donor3_ATGCGATTCGGCGATC-1,donor3,6
donor3_ATGCGATTCGTGGCTG-1,donor3,10
donor3_ATGCGATTCTACTGAG-1,donor3,11
donor3_ATGGAGGAGAGCCGAT-1,donor3,11
donor3_ATGGAGGAGATCCCAT-1,donor3,9
donor3_ATGGAGGAGGCATCTT-1,donor3,9
donor3_ATGGAGGAGGTTCCAT-1,donor3,10
donor3_ATGGAGGCACTGTCCT-1,donor3,10
donor3_ATGGAGGCATGAGATA-1,donor3,9
donor3_ATGGAGGGTATTGAGA-1,donor3,9
donor3_ATGGAGGGTGCCGTTG-1,donor3,11
donor3_ATGGAGGGTGCGAACA-1,donor3,9
donor3_ATGGAGGTCCATGAGT-1,donor3,10
donor3_ATGGAGGTCCGCATAA-1,donor3,12
donor3_ATGGATCAGCGTCGAA-1,donor3,14
donor3_ATGGATCCAATCAAGA-1,donor3,12
donor3_ATGGATCGTAACACCT-1,donor3,12
donor3_ATGGATCGTAAGATCA-1,donor3,9
donor3_ATGGATCGTAGCTGTT-1,donor3,9
donor3_ATGGATCGTGAGTAGC-1,donor3,12
donor3_ATGGATCGTGATGTAA-1,donor3,12
donor3_ATGGATCTCACCGCTT-1,donor3,11
donor3_ATGGATCTCACCTCAC-1,donor3,12
donor3_ATGGATCTCATTATCC-1,donor3,10
donor3_ATGGATCTCCAAACCA-1,donor3,7
donor3_ATGGATCTCGCAATTG-1,donor3,11
donor3_ATGGGAGAGAGGGCGA-1,donor3,12
donor3_ATGGGAGAGTTCATCG-1,donor3,9
donor3_ATGGGAGCAAACTCGT-1,donor3,10
donor3_ATGGGAGCAATAGTGA-1,donor3,10
donor3_ATGGGAGCAGCGTACC-1,donor3,11
donor3_ATGGGAGCATTGAAAG-1,donor3,6
donor3_ATGGGAGGTGTGTCCG-1,donor3,12
donor3_ATGGGAGTCGTAACCA-1,donor3,12
donor3_ATGGGTTAGACGTCCC-1,donor3,6
donor3_ATGGGTTAGAGCAGCT-1,donor3,12
donor3_ATGGGTTAGCCTGGAA-1,donor3,6
donor3_ATGGGTTAGGTACATA-1,donor3,1
donor3_ATGGGTTAGTAAATGC-1,donor3,12
donor3_ATGGGTTGTGGAATGC-1,donor3,10
donor3_ATGGGTTGTTCTGACA-1,donor3,12
donor3_ATGGGTTGTTGAAGTA-1,donor3,9
donor3_ATGGGTTGTTGGTGTT-1,donor3,9
donor3_ATGGGTTTCAACCGAT-1,donor3,9
donor3_ATGGTTGAGGGAGGCA-1,donor3,12
donor3_ATGGTTGAGGTCACCC-1,donor3,10
donor3_ATGGTTGAGGTCACTT-1,donor3,12
donor3_ATGGTTGAGTTGAATG-1,donor3,10
donor3_ATGGTTGCATGCCGCA-1,donor3,0
donor3_ATGGTTGCATGGAGAC-1,donor3,14
donor3_ATGGTTGGTACAAAGT-1,donor3,20
donor3_ATGGTTGGTATATGGA-1,donor3,9
donor3_ATGGTTGGTCTCGGAC-1,donor3,10
donor3_ATGGTTGGTGGTCTTA-1,donor3,9
donor3_ATGGTTGTCACCTCAC-1,donor3,10
donor3_ATGGTTGTCACTCACC-1,donor3,9
donor3_ATGGTTGTCATTTGGG-1,donor3,9
donor3_ATGGTTGTCCAAGCTA-1,donor3,12
donor3_ATGGTTGTCCATTTGT-1,donor3,6
donor3_ATGGTTGTCCTTCTTC-1,donor3,11
donor3_ATGTCCCAGATACATG-1,donor3,10
donor3_ATGTCCCAGGACAACC-1,donor3,11
donor3_ATGTCCCAGTTCACTG-1,donor3,11
donor3_ATGTCCCCACTAACCA-1,donor3,10
donor3_ATGTCCCCATGGGTCC-1,donor3,14
donor3_ATGTCCCGTAGGACCA-1,donor3,14
donor3_ATGTCCCTCCAATCTT-1,donor3,12
donor3_ATGTCCCTCTCGCAGG-1,donor3,12
donor3_ATGTCTTAGCAACCAG-1,donor3,21
donor3_ATGTCTTAGCCTGACC-1,donor3,11
donor3_ATGTCTTAGTCGGCCT-1,donor3,9
donor3_ATGTCTTCAGATAAAC-1,donor3,9
donor3_ATGTCTTCATTGACAC-1,donor3,6
donor3_ATGTCTTGTACTAAGA-1,donor3,7
donor3_ATGTCTTGTCACATTG-1,donor3,25
donor3_ATGTCTTGTCACCCTT-1,donor3,14
donor3_ATGTCTTTCAGACCCG-1,donor3,9
donor3_ATGTCTTTCAGCTTGA-1,donor3,7
donor3_ATGTCTTTCCAACTAG-1,donor3,12
donor3_ATGTCTTTCGATTCCC-1,donor3,12
donor3_ATGTCTTTCGGCTCTT-1,donor3,10
donor3_ATGTCTTTCGTCGGGT-1,donor3,12
donor3_ATTACCTAGGTGCCTC-1,donor3,11
donor3_ATTACCTCAGCTTCGG-1,donor3,9
donor3_ATTACCTCATGACTTG-1,donor3,6
donor3_ATTACCTCATGTTCAG-1,donor3,23
donor3_ATTACCTCATTATGCG-1,donor3,9
donor3_ATTACCTGTATGAGGC-1,donor3,20
donor3_ATTACCTGTCGATTTG-1,donor3,12
donor3_ATTACCTGTCTTGAGT-1,donor3,9
donor3_ATTACCTGTGCCGTTG-1,donor3,11
donor3_ATTACCTGTTGCCAAT-1,donor3,9
donor3_ATTACCTTCAATGTCG-1,donor3,11
donor3_ATTACCTTCCACGGGT-1,donor3,10
donor3_ATTACCTTCTCCCATG-1,donor3,9
donor3_ATTACCTTCTTCGGTC-1,donor3,14
donor3_ATTACTCAGATTGAGT-1,donor3,9
donor3_ATTACTCAGCTAGTTC-1,donor3,10
donor3_ATTACTCAGGGACACT-1,donor3,9
donor3_ATTACTCCACTGCATA-1,donor3,12
donor3_ATTACTCGTAGTGATA-1,donor3,12
donor3_ATTACTCGTGTAGGAC-1,donor3,9
donor3_ATTACTCGTTGCCGAC-1,donor3,9
donor3_ATTACTCTCATGCAGT-1,donor3,9
donor3_ATTACTCTCCATGCAA-1,donor3,9
donor3_ATTATCCAGGGTACAC-1,donor3,7
donor3_ATTATCCCACACCTAA-1,donor3,7
donor3_ATTATCCCACCTCTAC-1,donor3,11
donor3_ATTATCCGTAGTCCTA-1,donor3,9
donor3_ATTATCCGTATGGTAA-1,donor3,9
donor3_ATTATCCGTCTAGATC-1,donor3,12
donor3_ATTATCCGTGTCTAAC-1,donor3,7
donor3_ATTATCCGTTACCTGA-1,donor3,12
donor3_ATTATCCTCGAAGCAG-1,donor3,14
donor3_ATTCACTAGAATTGCA-1,donor3,9
donor3_ATTCACTAGGCATCAG-1,donor3,23
donor3_ATTCACTCAGCTATAC-1,donor3,6
donor3_ATTCACTCATTCGATG-1,donor3,10
donor3_ATTCACTGTAAGCAAT-1,donor3,6
donor3_ATTCACTGTACGACTT-1,donor3,10
donor3_ATTCACTGTCTCACAA-1,donor3,9
donor3_ATTCACTTCGTTGTAG-1,donor3,11
donor3_ATTCAGGAGTCCCTAA-1,donor3,9
donor3_ATTCAGGCATACTGTG-1,donor3,11
donor3_ATTCAGGCATTCAGGT-1,donor3,9
donor3_ATTCAGGGTATGTGTC-1,donor3,10
donor3_ATTCAGGGTCAGTCTA-1,donor3,12
donor3_ATTCAGGTCCTCTGCA-1,donor3,9
donor3_ATTCAGGTCGTGTTCC-1,donor3,10
donor3_ATTCATCAGAGCATTA-1,donor3,0
donor3_ATTCATCAGCCAGACA-1,donor3,14
donor3_ATTCATCAGCGCGTTC-1,donor3,10
donor3_ATTCATCAGGAATCGC-1,donor3,12
donor3_ATTCATCAGGGCATGT-1,donor3,12
donor3_ATTCATCCAAGCGGAT-1,donor3,6
donor3_ATTCATCGTGAGTAAT-1,donor3,11
donor3_ATTCATCGTGCGGTAA-1,donor3,6
donor3_ATTCATCGTGTCCCTT-1,donor3,12
donor3_ATTCCATCATCACGGC-1,donor3,10
donor3_ATTCCATGTAAGGCCA-1,donor3,9
donor3_ATTCCATGTCCAGCAC-1,donor3,11
donor3_ATTCCATGTCTGTCAA-1,donor3,6
donor3_ATTCCATTCAAGTCGT-1,donor3,9
donor3_ATTCCATTCGCAGTCG-1,donor3,9
donor3_ATTCCATTCGCGTCGA-1,donor3,6
donor3_ATTCCATTCGTTCCCA-1,donor3,9
donor3_ATTCCATTCTGGTGGC-1,donor3,10
donor3_ATTCCCGAGAAGCGGG-1,donor3,21
donor3_ATTCCCGAGCGACAGT-1,donor3,10
donor3_ATTCCCGAGGCCTAGA-1,donor3,12
donor3_ATTCCCGAGTGTACAA-1,donor3,11
donor3_ATTCCCGCAACATCGT-1,donor3,7
donor3_ATTCCCGCACAAATAG-1,donor3,11
donor3_ATTCCCGCATGGGTCC-1,donor3,9
donor3_ATTCCCGGTATCGATC-1,donor3,10
donor3_ATTCCCGGTCATTGCA-1,donor3,9
donor3_ATTCCCGGTTACACAC-1,donor3,10
donor3_ATTCCCGGTTGTCAGT-1,donor3,12
donor3_ATTCCCGTCCACGGGT-1,donor3,9
donor3_ATTCCCGTCCATTTGT-1,donor3,6
donor3_ATTCCCGTCGAACCAT-1,donor3,10
donor3_ATTCCTAAGCTCGTGC-1,donor3,11
donor3_ATTCCTAAGTCCTACA-1,donor3,11
donor3_ATTCCTACACGAGGAT-1,donor3,9
donor3_ATTCCTACAGGCACAA-1,donor3,11
donor3_ATTCCTAGTAGATTGA-1,donor3,12
donor3_ATTCCTAGTTTCTTAC-1,donor3,10
donor3_ATTCCTAGTTTGCAGT-1,donor3,7
donor3_ATTCGTTAGTAAGAGG-1,donor3,11
donor3_ATTCGTTCAACTAGAA-1,donor3,10
donor3_ATTCGTTCAGACGCTC-1,donor3,12
donor3_ATTCGTTCAGCTACAT-1,donor3,10
donor3_ATTCGTTCAGTTGCGC-1,donor3,6
donor3_ATTCGTTCATACAGCT-1,donor3,12
donor3_ATTCGTTCATGCGTGC-1,donor3,9
donor3_ATTCGTTCATTGAAGA-1,donor3,6
donor3_ATTCGTTGTGCATGAG-1,donor3,6
donor3_ATTCGTTGTGCTCGTG-1,donor3,10
donor3_ATTCGTTGTGTGCCTG-1,donor3,12
donor3_ATTCTACAGAGCTGAC-1,donor3,11
donor3_ATTCTACAGCTACTGT-1,donor3,9
donor3_ATTCTACCAAATACAG-1,donor3,9
donor3_ATTCTACCAAGCTGCC-1,donor3,6
donor3_ATTCTACGTGGTCTTA-1,donor3,11
donor3_ATTCTACTCAAACCTG-1,donor3,10
donor3_ATTCTACTCGCCTTTG-1,donor3,12
donor3_ATTCTACTCTCTTCAA-1,donor3,7
donor3_ATTCTTGAGCATCCCG-1,donor3,9
donor3_ATTCTTGAGGACGGAG-1,donor3,9
donor3_ATTCTTGGTACCAGAG-1,donor3,12
donor3_ATTCTTGGTTGGACTT-1,donor3,9
donor3_ATTGGGTAGAAACTAC-1,donor3,10
donor3_ATTGGGTAGACCGTTT-1,donor3,6
donor3_ATTGGGTAGATCCCGC-1,donor3,9
donor3_ATTGGGTAGCGAGTAC-1,donor3,10
donor3_ATTGGGTAGGTTCAGG-1,donor3,10
donor3_ATTGGGTCACGCTGAC-1,donor3,10
donor3_ATTGGGTGTCGAAACG-1,donor3,6
donor3_ATTGGGTGTCTGGTTA-1,donor3,14
donor3_ATTGGGTGTTGGCCTG-1,donor3,6
donor3_ATTGGGTTCACTGCTC-1,donor3,6
donor3_ATTGTTCAGAGGTATT-1,donor3,10
donor3_ATTGTTCAGATCACTC-1,donor3,11
donor3_ATTGTTCCAAACTGCT-1,donor3,6
donor3_ATTGTTCCAAAGGCAC-1,donor3,9
donor3_ATTGTTCCAGCTACTA-1,donor3,10
donor3_ATTGTTCCATTGACTG-1,donor3,11
donor3_ATTGTTCGTATTGCCA-1,donor3,10
donor3_ATTGTTCGTCCATAGT-1,donor3,10
donor3_ATTGTTCGTCTCGGGT-1,donor3,9
donor3_ATTGTTCGTGAGTAAT-1,donor3,14
donor3_ATTGTTCGTTCTCCTG-1,donor3,9
donor3_ATTGTTCTCACCCATC-1,donor3,11
donor3_ATTGTTCTCCTTACCG-1,donor3,12
donor3_ATTGTTCTCTTTGATC-1,donor3,6
donor3_ATTTACCAGCATTGTC-1,donor3,9
donor3_ATTTACCAGGCTATCT-1,donor3,9
donor3_ATTTACCCAAGTCGTT-1,donor3,12
donor3_ATTTACCCAGGCTTGC-1,donor3,6
donor3_ATTTACCCAGGTCAGA-1,donor3,11
donor3_ATTTACCGTAATGCGG-1,donor3,7
donor3_ATTTACCGTCATAACC-1,donor3,12
donor3_ATTTACCGTCGGAAAC-1,donor3,11
donor3_ATTTACCGTGCGACAA-1,donor3,9
donor3_ATTTACCGTTGCTGAT-1,donor3,26
donor3_ATTTCACAGCCGCACT-1,donor3,10
donor3_ATTTCACCAATGAGCG-1,donor3,9
donor3_ATTTCACCACGACGCT-1,donor3,6
donor3_ATTTCACCACGACGTC-1,donor3,12
donor3_ATTTCACCATGATAGA-1,donor3,11
donor3_ATTTCACGTCGTTGCG-1,donor3,9
donor3_ATTTCACGTCTACATG-1,donor3,9
donor3_ATTTCACGTTAAGAAC-1,donor3,6
donor3_ATTTCACGTTGCCAAT-1,donor3,12
donor3_ATTTCACTCCATTTAC-1,donor3,9
donor3_ATTTCACTCCCTCTAG-1,donor3,10
donor3_ATTTCACTCGAACTCA-1,donor3,10
donor3_ATTTCACTCGGTTAGT-1,donor3,6
donor3_ATTTCTGAGAAAGTCT-1,donor3,9
donor3_ATTTCTGAGATGACAT-1,donor3,12
donor3_ATTTCTGAGCCAGTAG-1,donor3,12
donor3_ATTTCTGAGCCGTCGT-1,donor3,12
donor3_ATTTCTGAGGTACCTT-1,donor3,6
donor3_ATTTCTGAGTTGTAGA-1,donor3,12
donor3_ATTTCTGGTACTAGCT-1,donor3,11
donor3_ATTTCTGGTCAACACT-1,donor3,0
donor3_ATTTCTGTCTGAGTCA-1,donor3,10
donor3_CAAAGAAAGAAACTGT-1,donor3,10
donor3_CAAAGAAAGTCCTGCG-1,donor3,12
donor3_CAAAGAAAGTGGCAGT-1,donor3,21
donor3_CAAAGAAAGTTTGCTG-1,donor3,6
donor3_CAAAGAACAATACCTG-1,donor3,9
donor3_CAAAGAACACAACGTT-1,donor3,12
donor3_CAAAGAAGTCGCAACC-1,donor3,12
donor3_CAAAGAAGTCGGTGAA-1,donor3,10
donor3_CAAAGAAGTGTTGCCG-1,donor3,12
donor3_CAAAGAATCCCTCAAC-1,donor3,11
donor3_CAACAACAGCCTCCAG-1,donor3,0
donor3_CAACAACAGGGTACAC-1,donor3,12
donor3_CAACAACCAACGGGTA-1,donor3,9
donor3_CAACAACCAACTGGTT-1,donor3,9
donor3_CAACAACCACTAGTAC-1,donor3,10
donor3_CAACAACCAGTAACAA-1,donor3,11
donor3_CAACAACCATGAAGCG-1,donor3,10
donor3_CAACAACGTAGGTAGC-1,donor3,14
donor3_CAACAACGTGGAAATT-1,donor3,10
donor3_CAACAACGTTACGCCG-1,donor3,12
donor3_CAACAACGTTGCCGCA-1,donor3,6
donor3_CAACAACTCAACTGGT-1,donor3,6
donor3_CAACAACTCATTGCGA-1,donor3,6
donor3_CAACAACTCCAAACCA-1,donor3,11
donor3_CAACAACTCCAAGAGG-1,donor3,9
donor3_CAACAGTAGCATTGAA-1,donor3,23
donor3_CAACAGTAGCGACTGA-1,donor3,10
donor3_CAACAGTAGGTGTGAC-1,donor3,11
donor3_CAACAGTAGTGTTCCA-1,donor3,0
donor3_CAACAGTGTCTGTAAC-1,donor3,12
donor3_CAACAGTGTGCCAAGA-1,donor3,11
donor3_CAACAGTGTTCCCAAA-1,donor3,12
donor3_CAACAGTTCCCTTCCC-1,donor3,12
donor3_CAACAGTTCGCCTCTA-1,donor3,10
donor3_CAACCAAAGCGACTGA-1,donor3,14
donor3_CAACCAAAGCTTACGT-1,donor3,6
donor3_CAACCAACACTAGGTT-1,donor3,10
donor3_CAACCAACAGGCGAAT-1,donor3,9
donor3_CAACCAACATCCGGCA-1,donor3,11
donor3_CAACCAAGTAATGATG-1,donor3,6
donor3_CAACCAAGTCACAGTT-1,donor3,10
donor3_CAACCAAGTCCCGCAA-1,donor3,12
donor3_CAACCAAGTCCGATCG-1,donor3,10
donor3_CAACCAAGTGGTGATG-1,donor3,10
donor3_CAACCAAGTGTTGATC-1,donor3,9
donor3_CAACCTCAGCTTGTTG-1,donor3,11
donor3_CAACCTCAGTAACCTC-1,donor3,6
donor3_CAACCTCCACCTTCCA-1,donor3,11
donor3_CAACCTCCACGAAGAC-1,donor3,9
donor3_CAACCTCCAGATACTC-1,donor3,12
donor3_CAACCTCCAGTTGAAA-1,donor3,9
donor3_CAACCTCGTAGGTAGC-1,donor3,9
donor3_CAACCTCGTCATGGCC-1,donor3,21
donor3_CAACCTCGTGCGTTTA-1,donor3,9
donor3_CAACCTCTCGTTCTCG-1,donor3,10
donor3_CAACGATAGACTTCCA-1,donor3,9
donor3_CAACGATAGAGATCGC-1,donor3,9
donor3_CAACGATAGATAGTGT-1,donor3,10
donor3_CAACGATAGGGATGTC-1,donor3,9
donor3_CAACGATAGTCTCCTC-1,donor3,6
donor3_CAACGATCACAGGATG-1,donor3,6
donor3_CAACGATCACTAACCA-1,donor3,11
donor3_CAACGATCAGACGCTC-1,donor3,10
donor3_CAACGATGTATCTTCT-1,donor3,26
donor3_CAACGATGTCACCGCA-1,donor3,6
donor3_CAACGATGTTCCCACT-1,donor3,11
donor3_CAACGATGTTCCTACC-1,donor3,11
donor3_CAACGATTCAGTGTCA-1,donor3,12
donor3_CAACGATTCCATTTGT-1,donor3,10
donor3_CAACGATTCGGCAGTC-1,donor3,12
donor3_CAACGATTCGTTCTCG-1,donor3,11
donor3_CAACGATTCTGTCCCA-1,donor3,9
donor3_CAACGGCAGAGTTGTA-1,donor3,9
donor3_CAACGGCAGGGAGTGG-1,donor3,10
donor3_CAACGGCAGTTCCTGA-1,donor3,12
donor3_CAACGGCCAAGTGGAC-1,donor3,12
donor3_CAACGGCCACGACAGA-1,donor3,7
donor3_CAACGGCCATCGAAGG-1,donor3,10
donor3_CAACGGCCATGTGCCG-1,donor3,6
donor3_CAACGGCGTAAGGTCG-1,donor3,9
donor3_CAACGGCTCCATTTAC-1,donor3,9
donor3_CAACGGCTCGTACCTC-1,donor3,9
donor3_CAAGACTAGAAGTATC-1,donor3,12
donor3_CAAGACTAGCGTGTCC-1,donor3,10
donor3_CAAGACTAGTTCATGC-1,donor3,10
donor3_CAAGACTAGTTGGCGA-1,donor3,9
donor3_CAAGACTCAAGGTCAG-1,donor3,9
donor3_CAAGACTCAATTGGTC-1,donor3,12
donor3_CAAGACTCACTGATTG-1,donor3,10
donor3_CAAGACTCAGGAGACT-1,donor3,10
donor3_CAAGACTTCAGGAACG-1,donor3,23
donor3_CAAGACTTCATCTCTA-1,donor3,12
donor3_CAAGAGGAGAAGTCCG-1,donor3,10
donor3_CAAGAGGAGCTGGCCT-1,donor3,9
donor3_CAAGAGGCAACGGTAG-1,donor3,9
donor3_CAAGAGGCACGATTCA-1,donor3,14
donor3_CAAGAGGGTACAGTAA-1,donor3,11
donor3_CAAGAGGGTACGATCT-1,donor3,9
donor3_CAAGAGGGTGGATCGA-1,donor3,12
donor3_CAAGAGGGTGTTCGTA-1,donor3,12
donor3_CAAGAGGTCATGACAC-1,donor3,12
donor3_CAAGAGGTCTCCCATG-1,donor3,9
donor3_CAAGAGGTCTTCACAT-1,donor3,6
donor3_CAAGCTAAGGACAGCT-1,donor3,9
donor3_CAAGCTAAGTACAGCG-1,donor3,11
donor3_CAAGCTACACCAGCCA-1,donor3,11
donor3_CAAGCTACACCTCGTT-1,donor3,11
donor3_CAAGCTACACTCGATA-1,donor3,12
donor3_CAAGCTACATCTCATT-1,donor3,9
donor3_CAAGCTAGTAGCACAG-1,donor3,12
donor3_CAAGCTAGTCCTACAA-1,donor3,10
donor3_CAAGCTAGTGGCCTCA-1,donor3,12
donor3_CAAGCTATCCCATGGG-1,donor3,23
donor3_CAAGCTATCCCGAGTG-1,donor3,11
donor3_CAAGCTATCGCTGTTC-1,donor3,20
donor3_CAAGCTATCGGACAAG-1,donor3,10
donor3_CAAGCTATCGTCGACG-1,donor3,9
donor3_CAAGGGAAGGTAATCA-1,donor3,9
donor3_CAAGGGACAGACCAAG-1,donor3,12
donor3_CAAGGGATCAACACCA-1,donor3,11
donor3_CAAGGGATCGGCATCG-1,donor3,12
donor3_CAAGGGATCTCCGAAA-1,donor3,11
donor3_CAAGGGATCTGCAGCG-1,donor3,9
donor3_CAAGGGATCTTAGCAG-1,donor3,10
donor3_CAATACGAGCCGAATG-1,donor3,12
donor3_CAATACGAGGCAATGC-1,donor3,26
donor3_CAATACGCAACACAAA-1,donor3,14
donor3_CAATACGCATAGAAAC-1,donor3,10
donor3_CAATACGCATCCAACA-1,donor3,9
donor3_CAATACGGTACGATTC-1,donor3,9
donor3_CAATACGGTCTCAGGC-1,donor3,9
donor3_CAATACGTCCTTCACG-1,donor3,12
donor3_CAATCGAAGCACCCAC-1,donor3,9
donor3_CAATCGAAGCGACATG-1,donor3,9
donor3_CAATCGACATAACCCA-1,donor3,10
donor3_CAATCGACATCAACCA-1,donor3,12
donor3_CAATCGACATTGCTGA-1,donor3,12
donor3_CAATCGAGTAAGCTCT-1,donor3,6
donor3_CAATCGAGTCGGAACA-1,donor3,11
donor3_CAATCGAGTGCAGTGA-1,donor3,12
donor3_CAATCGAGTTAGCTAC-1,donor3,12
donor3_CAATCGATCAGTCAGT-1,donor3,12
donor3_CAATCGATCTATCGTT-1,donor3,9
donor3_CAATGACAGCACGTCC-1,donor3,6
donor3_CAATGACAGTCATACC-1,donor3,12
donor3_CAATGACCAGAACCGA-1,donor3,10
donor3_CAATGACGTAATGTGA-1,donor3,10
donor3_CAATGACGTAGACACG-1,donor3,0
donor3_CAATGACGTCATCCCT-1,donor3,6
donor3_CAATGACGTCCTGTCT-1,donor3,14
donor3_CAATGACGTGGGCTCT-1,donor3,6
donor3_CAATGACGTTAAGACA-1,donor3,23
donor3_CAATGACTCGAATCCA-1,donor3,6
donor3_CAATGACTCGGTCGGT-1,donor3,10
donor3_CAATGACTCTCTGACC-1,donor3,12
donor3_CAATTTCAGGCTATCT-1,donor3,0
donor3_CAATTTCAGTGCCTCG-1,donor3,23
donor3_CAATTTCCAACACGAG-1,donor3,9
donor3_CAATTTCCAATTCACG-1,donor3,12
donor3_CAATTTCCATCGTGCG-1,donor3,9
donor3_CAATTTCTCCTCACCA-1,donor3,11
donor3_CAATTTCTCGCGCTGA-1,donor3,10
donor3_CAATTTCTCGTCTAAG-1,donor3,11
donor3_CACAACAAGGAATTAC-1,donor3,10
donor3_CACAACAAGTCGTCTA-1,donor3,12
donor3_CACAACACAGAGAGGG-1,donor3,10
donor3_CACAACAGTACACGCC-1,donor3,11
donor3_CACAACAGTCTGATCA-1,donor3,9
donor3_CACAACAGTGGTCCGT-1,donor3,6
donor3_CACAACATCCGGGACT-1,donor3,12
donor3_CACAACATCTAGCCAA-1,donor3,11
donor3_CACACAAAGCATTTCG-1,donor3,9
donor3_CACACAAAGGGCCTCT-1,donor3,10
donor3_CACACAAGTGCATTTG-1,donor3,9
donor3_CACACAAGTGCCTACG-1,donor3,12
donor3_CACACAATCAAGCTGT-1,donor3,6
donor3_CACACAATCACGGACC-1,donor3,10
donor3_CACAGATAGAAACTGT-1,donor3,10
donor3_CACAGATAGACTTCAC-1,donor3,6
donor3_CACAGATAGATGACCG-1,donor3,12
donor3_CACAGATAGCCTGAGA-1,donor3,9
donor3_CACAGATCACGTAGTT-1,donor3,10
donor3_CACAGATCAGAGAAAG-1,donor3,10
donor3_CACAGATCAGCCTACG-1,donor3,11
donor3_CACAGATCATGGAACG-1,donor3,10
donor3_CACAGATGTACAAACA-1,donor3,11
donor3_CACAGATGTGCGTTTA-1,donor3,14
donor3_CACAGATGTTAAACAG-1,donor3,12
donor3_CACAGATTCACCCTCA-1,donor3,11
donor3_CACAGATTCATAGAGA-1,donor3,12
donor3_CACAGATTCCAAGGGA-1,donor3,12
donor3_CACAGATTCGATAACC-1,donor3,12
donor3_CACAGGCAGGTTCTTG-1,donor3,9
donor3_CACAGGCCAACACGTT-1,donor3,12
donor3_CACAGGCCAACGGGTA-1,donor3,12
donor3_CACAGGCCAAGACGAC-1,donor3,10
donor3_CACAGGCCAAGAGCTG-1,donor3,10
donor3_CACAGGCCAGGTAGTG-1,donor3,11
donor3_CACAGGCCATCAGCGC-1,donor3,12
donor3_CACAGGCGTCTACGAT-1,donor3,12
donor3_CACAGGCTCCACACAA-1,donor3,11
donor3_CACAGGCTCGCGTGCA-1,donor3,10
donor3_CACAGGCTCTATCACT-1,donor3,6
donor3_CACAGGCTCTTGATTC-1,donor3,21
donor3_CACATGAAGGCTCCCA-1,donor3,12
donor3_CACATGACAACCAGAG-1,donor3,10
donor3_CACATGACAGAGACTG-1,donor3,12
donor3_CACATGACATCGGTTA-1,donor3,10
donor3_CACATGAGTAGACAGC-1,donor3,10
donor3_CACATGAGTCTAACTG-1,donor3,11
donor3_CACATGATCATAGAGA-1,donor3,11
donor3_CACATGATCATCGACA-1,donor3,12
donor3_CACATGATCATTTGGG-1,donor3,6
donor3_CACATGATCGAAACAA-1,donor3,12
donor3_CACCAAAAGATTCGAA-1,donor3,12
donor3_CACCAAACAAACTGCT-1,donor3,12
donor3_CACCAAACAGGTTACT-1,donor3,10
donor3_CACCAAAGTCTACACA-1,donor3,23
donor3_CACCAAAGTGGCTTGC-1,donor3,11
donor3_CACCGTTAGACGTCGA-1,donor3,14
donor3_CACCGTTAGGTCGTCC-1,donor3,10
donor3_CACCGTTAGGTGCAGT-1,donor3,10
donor3_CACCGTTCAGAGGCTA-1,donor3,9
donor3_CACCGTTCAGTTAGAA-1,donor3,6
donor3_CACCGTTGTATTCTCT-1,donor3,14
donor3_CACCGTTTCAAACCTG-1,donor3,10
donor3_CACCGTTTCAAGAGGC-1,donor3,20
donor3_CACCGTTTCCACAGCG-1,donor3,11
donor3_CACCGTTTCGACGATT-1,donor3,10
donor3_CACCGTTTCGCCTAGG-1,donor3,21
donor3_CACCGTTTCTTGCAGA-1,donor3,9
donor3_CACGAATCAAGTTGGG-1,donor3,10
donor3_CACGAATCACGGGCTT-1,donor3,6
donor3_CACGAATCAGAATCGG-1,donor3,1
donor3_CACGAATGTACAGAGC-1,donor3,11
donor3_CACGAATGTGAGCCAA-1,donor3,12
donor3_CACGAATGTGTTCGTA-1,donor3,6
donor3_CACGAATTCATAGGCT-1,donor3,12
donor3_CACGAATTCTTGCGCT-1,donor3,6
donor3_CACGGGTAGCAGCACA-1,donor3,6
donor3_CACGGGTGTTATTCTC-1,donor3,10
donor3_CACGGGTTCGCGTTTC-1,donor3,12
donor3_CACGGGTTCGGTATGT-1,donor3,6
donor3_CACGGGTTCTCCGCAT-1,donor3,9
donor3_CACGTGGAGAATGTTG-1,donor3,12
donor3_CACGTGGCAATGAAAC-1,donor3,11
donor3_CACGTGGCATCCAACA-1,donor3,9
donor3_CACGTGGGTGCCTTCT-1,donor3,9
donor3_CACGTGGGTGGATCGA-1,donor3,10
donor3_CACGTGGTCCGCATAA-1,donor3,6
donor3_CACGTGGTCGAACGGA-1,donor3,9
donor3_CACGTGGTCGATCCCT-1,donor3,6
donor3_CACGTGGTCTGGCCTT-1,donor3,12
donor3_CACGTTCAGGCCCAAA-1,donor3,10
donor3_CACGTTCAGGTGCAGT-1,donor3,1
donor3_CACGTTCAGTTGCATC-1,donor3,12
donor3_CACGTTCCAAGTCGTT-1,donor3,20
donor3_CACGTTCGTAGAATGT-1,donor3,12
donor3_CACGTTCGTATGAGAT-1,donor3,12
donor3_CACGTTCGTGAGATAT-1,donor3,12
donor3_CACGTTCGTGCTCGTG-1,donor3,9
donor3_CACGTTCGTGCTTCAA-1,donor3,12
donor3_CACGTTCGTTCAGGTT-1,donor3,11
donor3_CACGTTCTCATCTCTA-1,donor3,6
donor3_CACGTTCTCGGAATTC-1,donor3,6
donor3_CACTAAGAGAACAGGA-1,donor3,6
donor3_CACTAAGAGAAGGATG-1,donor3,6
donor3_CACTAAGAGTGGGAAA-1,donor3,9
donor3_CACTAAGCAAACAGGC-1,donor3,14
donor3_CACTAAGCACAAGTGG-1,donor3,11
donor3_CACTAAGCACGGTCTG-1,donor3,11
donor3_CACTAAGGTGTCCTAA-1,donor3,9
donor3_CACTAAGTCCACACAA-1,donor3,6
donor3_CACTAAGTCGCTTGAA-1,donor3,9
donor3_CACTAAGTCTTGGCTC-1,donor3,21
donor3_CACTGAAAGGGAACAA-1,donor3,11
donor3_CACTGAAAGGTCCAGA-1,donor3,10
donor3_CACTGAAAGTATAGGT-1,donor3,10
donor3_CACTGAACAGCGAACA-1,donor3,12
donor3_CACTGAACAGGATTCT-1,donor3,9
donor3_CACTGAACATAAGCGG-1,donor3,10
donor3_CACTGGGAGAAACTCA-1,donor3,10
donor3_CACTGGGAGGAAGTGA-1,donor3,10
donor3_CACTGGGAGTCATCGT-1,donor3,9
donor3_CACTGGGAGTGCCCGT-1,donor3,12
donor3_CACTGGGCATCCGAAT-1,donor3,14
donor3_CACTGGGGTGTAAACA-1,donor3,11
donor3_CACTGGGGTGTATCCA-1,donor3,12
donor3_CACTGGGTCGGCAGTC-1,donor3,9
donor3_CACTGGGTCGGCCAAC-1,donor3,9
donor3_CACTGGGTCTCTGACC-1,donor3,7
donor3_CACTGTCAGAGGTCGT-1,donor3,9
donor3_CACTGTCAGCAACCAG-1,donor3,10
donor3_CACTGTCAGGAGTACC-1,donor3,26
donor3_CACTGTCGTAGTTACC-1,donor3,6
donor3_CACTGTCGTATCGTAC-1,donor3,10
donor3_CACTGTCTCCACATAG-1,donor3,20
donor3_CACTGTCTCCTACGGG-1,donor3,10
donor3_CACTGTCTCTTCCAGC-1,donor3,10
donor3_CACTTCGAGCGATGAC-1,donor3,23
donor3_CACTTCGAGTAGACCG-1,donor3,12
donor3_CACTTCGAGTATTAGG-1,donor3,10
donor3_CACTTCGAGTGGAATT-1,donor3,9
donor3_CACTTCGCAGCGTACC-1,donor3,11
donor3_CACTTCGGTCATCAGT-1,donor3,12
donor3_CACTTCGGTGTTCCTC-1,donor3,9
donor3_CACTTCGGTTGGTAGG-1,donor3,10
donor3_CACTTCGTCGGAGTGA-1,donor3,6
donor3_CAGAGCCAGAACGCGT-1,donor3,11
donor3_CAGAGCCAGCTCCGAC-1,donor3,1
donor3_CAGAGCCGTATAGCTC-1,donor3,6
donor3_CAGAGCCGTGCTTCAA-1,donor3,23
donor3_CAGAGCCGTTTCCATT-1,donor3,10
donor3_CAGAGCCTCAGTCACA-1,donor3,10
donor3_CAGATACAGCAGCACA-1,donor3,9
donor3_CAGATACAGTAGAGTT-1,donor3,7
donor3_CAGATACCACCAACAT-1,donor3,0
donor3_CAGATACCATTAGGAA-1,donor3,12
donor3_CAGATACGTGGTAACG-1,donor3,12
donor3_CAGATCAAGCACCCAC-1,donor3,10
donor3_CAGATCAAGCTAAACA-1,donor3,9
donor3_CAGATCACAAATGCGG-1,donor3,21
donor3_CAGATCACATTGTACG-1,donor3,9
donor3_CAGATCAGTCCATCTC-1,donor3,6
donor3_CAGATCAGTCTGATCA-1,donor3,9
donor3_CAGATCAGTGAAGCGT-1,donor3,6
donor3_CAGATCATCAACACCA-1,donor3,10
donor3_CAGATCATCCCTTGTG-1,donor3,11
donor3_CAGATCATCGGTCGGT-1,donor3,0
donor3_CAGATCATCGGTCTAA-1,donor3,6
donor3_CAGATCATCGTGACTA-1,donor3,10
donor3_CAGATTGAGCATCAAA-1,donor3,11
donor3_CAGATTGCAACGAGGT-1,donor3,9
donor3_CAGATTGCACGTCTCT-1,donor3,6
donor3_CAGATTGCATTGCTGA-1,donor3,10
donor3_CAGATTGGTTGAGAGC-1,donor3,12
donor3_CAGATTGTCGTAACAC-1,donor3,11
donor3_CAGCAATAGGCGCTTC-1,donor3,10
donor3_CAGCAATGTATTGACC-1,donor3,6
donor3_CAGCAATGTGCGTGCT-1,donor3,12
donor3_CAGCAATGTGTCGCTG-1,donor3,10
donor3_CAGCAATTCCTCTTTC-1,donor3,20
donor3_CAGCAATTCGGCTTGG-1,donor3,9
donor3_CAGCACGAGTCGTTAC-1,donor3,12
donor3_CAGCACGCAACACAAA-1,donor3,11
donor3_CAGCACGCAAGAGCTG-1,donor3,9
donor3_CAGCACGGTCGACGCT-1,donor3,11
donor3_CAGCACGGTTGCAAGG-1,donor3,9
donor3_CAGCACGGTTGGACCC-1,donor3,9
donor3_CAGCACGTCGTAACTG-1,donor3,21
donor3_CAGCAGCAGGAGACCT-1,donor3,10
donor3_CAGCAGCCAAGTCGTT-1,donor3,6
donor3_CAGCAGCCATCAGTCA-1,donor3,9
donor3_CAGCAGCCATCTCGTC-1,donor3,11
donor3_CAGCAGCGTGACACGA-1,donor3,9
donor3_CAGCAGCGTGGGAGAG-1,donor3,11
donor3_CAGCAGCGTTCCAAAC-1,donor3,11
donor3_CAGCAGCTCTGATTCT-1,donor3,10
donor3_CAGCCAGAGGTTGAGC-1,donor3,11
donor3_CAGCCAGAGGTTTACC-1,donor3,6
donor3_CAGCCAGGTACTAAGA-1,donor3,6
donor3_CAGCCAGGTCAGGCAA-1,donor3,9
donor3_CAGCCAGGTTGATGTC-1,donor3,12
donor3_CAGCCAGTCAAGATAG-1,donor3,10
donor3_CAGCCAGTCCGTATAG-1,donor3,12
donor3_CAGCGTGAGAAGAGCA-1,donor3,10
donor3_CAGCGTGAGCGTATAA-1,donor3,11
donor3_CAGCGTGGTACACGCC-1,donor3,9
donor3_CAGCGTGGTGCGGTAA-1,donor3,9
donor3_CAGCGTGGTGCTCTCT-1,donor3,9
donor3_CAGCGTGGTGGCATCC-1,donor3,20
donor3_CAGCGTGGTGGTTCTA-1,donor3,12
donor3_CAGCGTGGTTTACGAC-1,donor3,6
donor3_CAGCGTGTCATACGAC-1,donor3,9
donor3_CAGCGTGTCGGAGCAA-1,donor3,10
donor3_CAGCGTGTCTGGCCAG-1,donor3,12
donor3_CAGGCCAAGAGGGTCT-1,donor3,11
donor3_CAGGCCAAGAGTCTGG-1,donor3,26
donor3_CAGGCCAAGCCGGAAT-1,donor3,10
donor3_CAGGCCAAGCGCCTCA-1,donor3,9
donor3_CAGGCCAAGTACAACA-1,donor3,9
donor3_CAGGCCAAGTCTAGCT-1,donor3,10
donor3_CAGGCCACAAATGAGT-1,donor3,6
donor3_CAGGCCACAACCGATT-1,donor3,10
donor3_CAGGCCACACAGAAGC-1,donor3,11
donor3_CAGGCCACACAGAGCA-1,donor3,10
donor3_CAGGCCACAGCGACAA-1,donor3,14
donor3_CAGGCCAGTTTATGCG-1,donor3,12
donor3_CAGGCCATCATGGTAC-1,donor3,12
donor3_CAGGGCTAGCACAAAT-1,donor3,9
donor3_CAGGGCTAGCGTCAGA-1,donor3,9
donor3_CAGGGCTAGGAATTAC-1,donor3,6
donor3_CAGGGCTCAAAGCTCT-1,donor3,10
donor3_CAGGGCTCAGGGTTGA-1,donor3,10
donor3_CAGGGCTCATGACAAA-1,donor3,10
donor3_CAGGGCTTCGAGTGAG-1,donor3,12
donor3_CAGGGCTTCTGACCCT-1,donor3,11
donor3_CAGGTATCACAGTATC-1,donor3,11
donor3_CAGGTATCACTATGTG-1,donor3,12
donor3_CAGGTATCAGTAGGAC-1,donor3,10
donor3_CAGGTATCATCCGGCA-1,donor3,9
donor3_CAGGTATCATCTTTCA-1,donor3,12
donor3_CAGGTATCATTGCCTC-1,donor3,10
donor3_CAGGTATGTATGAGAT-1,donor3,11
donor3_CAGGTATGTCGGTACC-1,donor3,6
donor3_CAGGTATGTCGTCTCT-1,donor3,10
donor3_CAGGTATGTGTTAACC-1,donor3,11
donor3_CAGGTATGTTTCGACA-1,donor3,10
donor3_CAGGTATTCGCAGTTA-1,donor3,9
donor3_CAGTGCGAGATCGACG-1,donor3,11
donor3_CAGTGCGAGATCGCTT-1,donor3,6
donor3_CAGTGCGAGTAAAGCT-1,donor3,12
donor3_CAGTGCGAGTTGGCGA-1,donor3,11
donor3_CAGTGCGCAAGAATAC-1,donor3,9
donor3_CAGTGCGGTGCAACAG-1,donor3,14
donor3_CAGTGCGGTGGTCCCA-1,donor3,3
donor3_CAGTGCGTCCCGTGTT-1,donor3,12
donor3_CAGTGCGTCTTACCGC-1,donor3,10
donor3_CAGTTAGAGCCTCTGG-1,donor3,9
donor3_CAGTTAGAGGAATCGC-1,donor3,6
donor3_CAGTTAGCAATTTCCT-1,donor3,9
donor3_CAGTTAGCACGTGAGA-1,donor3,12
donor3_CAGTTAGCATACTGAC-1,donor3,26
donor3_CAGTTAGCATCGAACT-1,donor3,10
donor3_CAGTTAGGTAGGACCA-1,donor3,12
donor3_CAGTTAGTCCCGATCT-1,donor3,9
donor3_CAGTTAGTCTGACAGT-1,donor3,20
donor3_CAGTTCCAGGAACATT-1,donor3,9
donor3_CAGTTCCAGGACTTCT-1,donor3,11
donor3_CAGTTCCCAGTGGTGA-1,donor3,9
donor3_CAGTTCCCATTACGGT-1,donor3,9
donor3_CAGTTCCGTTACGGAG-1,donor3,10
donor3_CATAAGCAGAGCACTG-1,donor3,9
donor3_CATAAGCAGTAGTCTC-1,donor3,10
donor3_CATAAGCAGTTAGTGA-1,donor3,6
donor3_CATAAGCCAACCGACC-1,donor3,10
donor3_CATAAGCCAATTTCTC-1,donor3,11
donor3_CATAAGCCACCGTCTT-1,donor3,9
donor3_CATAAGCGTATACAGA-1,donor3,12
donor3_CATAAGCGTCCACACG-1,donor3,11
donor3_CATAAGCGTGGCTACC-1,donor3,6
donor3_CATAAGCTCACGGAGA-1,donor3,9
donor3_CATACAGAGACTGAGC-1,donor3,20
donor3_CATACAGAGCATAGGC-1,donor3,10
donor3_CATACAGAGCATGGGT-1,donor3,11
donor3_CATACAGAGGCCACCT-1,donor3,0
donor3_CATACAGCAAGTCCAT-1,donor3,10
donor3_CATACAGCACTAGTAC-1,donor3,9
donor3_CATACAGCAGAAGCGT-1,donor3,11
donor3_CATACAGGTAGACACG-1,donor3,9
donor3_CATACAGGTGCGAACA-1,donor3,9
donor3_CATACAGGTTCAGTAC-1,donor3,10
donor3_CATACAGGTTGTTGCA-1,donor3,9
donor3_CATACAGTCTAGCCAA-1,donor3,12
donor3_CATACAGTCTGCACCT-1,donor3,12
donor3_CATACCCAGAGTGAAG-1,donor3,12
donor3_CATACCCAGGCCTTGC-1,donor3,23
donor3_CATACCCAGGTGCCAA-1,donor3,12
donor3_CATACCCCATAATGCC-1,donor3,6
donor3_CATACCCGTAAGTAGT-1,donor3,26
donor3_CATACCCGTACGATGG-1,donor3,10
donor3_CATACCCGTGATGAAT-1,donor3,10
donor3_CATACCCTCAGGAAGC-1,donor3,6
donor3_CATACTTCATAATGCC-1,donor3,9
donor3_CATACTTCATCCTATT-1,donor3,6
donor3_CATACTTCATGGGCAA-1,donor3,9
donor3_CATACTTGTAAGGAGA-1,donor3,11
donor3_CATACTTGTCACCCTT-1,donor3,9
donor3_CATACTTGTCAGTCTA-1,donor3,23
donor3_CATACTTGTGATAGAT-1,donor3,10
donor3_CATACTTGTGTTAACC-1,donor3,11
donor3_CATACTTTCACGATAC-1,donor3,9
donor3_CATAGACAGCATAGGC-1,donor3,11
donor3_CATAGACAGGAGAGGC-1,donor3,9
donor3_CATAGACAGGTTCCAT-1,donor3,10
donor3_CATAGACAGTCATGAA-1,donor3,9
donor3_CATAGACAGTGGTTCT-1,donor3,9
donor3_CATAGACCACAGTCCG-1,donor3,9
donor3_CATAGACCAGAAATCA-1,donor3,11
donor3_CATAGACCAGCATCTA-1,donor3,6
donor3_CATAGACGTACCTAAC-1,donor3,10
donor3_CATAGACGTTGCTAGT-1,donor3,9
donor3_CATAGACTCTTCTGTA-1,donor3,9
donor3_CATCAAGCACTTTATC-1,donor3,12
donor3_CATCAAGCATGCGTGC-1,donor3,7
donor3_CATCAAGGTGGCCACT-1,donor3,10
donor3_CATCAAGTCACCCATC-1,donor3,9
donor3_CATCAAGTCCAGTTCC-1,donor3,6
donor3_CATCAAGTCGCCAGAC-1,donor3,6
donor3_CATCAAGTCTTGGAAC-1,donor3,12
donor3_CATCCACAGATCACCT-1,donor3,12
donor3_CATCCACAGCCAAGCA-1,donor3,6
donor3_CATCCACAGCTTTCCC-1,donor3,10
donor3_CATCCACAGGAGAGGC-1,donor3,11
donor3_CATCCACAGGTGAGCT-1,donor3,10
donor3_CATCCACAGTCGAGGT-1,donor3,6
donor3_CATCCACCAAACTGCT-1,donor3,10
donor3_CATCCACCACGGCTAC-1,donor3,14
donor3_CATCCACTCCAGCAAT-1,donor3,12
donor3_CATCCACTCCTCGCAT-1,donor3,7
donor3_CATCCACTCGACGCTG-1,donor3,10
donor3_CATCCACTCGAGAATA-1,donor3,10
donor3_CATCCACTCTACACAG-1,donor3,10
donor3_CATCCACTCTGAGTCA-1,donor3,11
donor3_CATCCCAAGATGCTAA-1,donor3,9
donor3_CATCCCAAGCAATAGT-1,donor3,6
donor3_CATCCCAAGCGCGTTC-1,donor3,9
donor3_CATCCCAAGGACAACC-1,donor3,12
donor3_CATCCCAAGTTAGAAC-1,donor3,12
donor3_CATCCCACAGTTCCAA-1,donor3,10
donor3_CATCCCACATGATGCT-1,donor3,12
donor3_CATCCCAGTACGCTAT-1,donor3,12
donor3_CATCCCAGTAGGACCA-1,donor3,10
donor3_CATCCCAGTGATATAG-1,donor3,6
donor3_CATCCCAGTGCCTTCT-1,donor3,6
donor3_CATCCCAGTTGCCGAC-1,donor3,12
donor3_CATCCCATCAATGCAC-1,donor3,6
donor3_CATCCCATCATGGCCG-1,donor3,6
donor3_CATCCCATCATTCACT-1,donor3,9
donor3_CATCCCATCCAAGGGA-1,donor3,12
donor3_CATCCCATCTAGTCAG-1,donor3,10
donor3_CATCCCATCTTCTTCC-1,donor3,12
donor3_CATCCGTAGCGTATGG-1,donor3,9
donor3_CATCCGTAGGAGTATT-1,donor3,9
donor3_CATCCGTCACGAAGAC-1,donor3,11
donor3_CATCCGTCATATCTGG-1,donor3,12
donor3_CATCCGTCATGTGGTT-1,donor3,9
donor3_CATCCGTGTGGTCCGT-1,donor3,11
donor3_CATCCGTGTGGTCTTA-1,donor3,6
donor3_CATCCGTGTGTCCGTG-1,donor3,12
donor3_CATCGCTAGGCAGGGA-1,donor3,9
donor3_CATCGCTCAACAGCTT-1,donor3,6
donor3_CATCGCTCACGAAGAC-1,donor3,12
donor3_CATCGCTGTATCGATC-1,donor3,11
donor3_CATCGCTGTATGCTAC-1,donor3,11
donor3_CATCGCTGTCAGGCAA-1,donor3,9
donor3_CATCGCTGTCTGCATA-1,donor3,6
donor3_CATCGCTGTCTGTGCG-1,donor3,9
donor3_CATCGCTGTGCAGATG-1,donor3,0
donor3_CATCGCTTCCGCTTAC-1,donor3,6
donor3_CATCGCTTCGTGCGAC-1,donor3,10
donor3_CATCGCTTCTCGTCAC-1,donor3,12
donor3_CATCGGGAGAAGAGCA-1,donor3,9
donor3_CATCGGGAGAAGGTAG-1,donor3,10
donor3_CATCGGGAGGATACAT-1,donor3,20
donor3_CATCGGGCAAGCTCTA-1,donor3,10
donor3_CATCGGGGTACCGGCT-1,donor3,9
donor3_CATCGGGGTACGTAGG-1,donor3,10
donor3_CATCGGGGTCACCGAC-1,donor3,1
donor3_CATCGGGGTCGAACGA-1,donor3,12
donor3_CATCGGGGTCTTAGTG-1,donor3,11
donor3_CATCGGGGTTCCATTT-1,donor3,11
donor3_CATCGGGTCATGGGAG-1,donor3,9
donor3_CATCGGGTCCCGTGAG-1,donor3,9
donor3_CATCGGGTCGGCCAAC-1,donor3,9
donor3_CATCGTCAGCGATGAC-1,donor3,6
donor3_CATCGTCCACGCCAGT-1,donor3,10
donor3_CATCGTCGTACAGAGC-1,donor3,11
donor3_CATCGTCGTCCAGTTA-1,donor3,10
donor3_CATCGTCGTCTGTGCG-1,donor3,9
donor3_CATCGTCGTTGGCTAT-1,donor3,9
donor3_CATCGTCTCCCGTTGT-1,donor3,12
donor3_CATCGTCTCCCTCGAT-1,donor3,10
donor3_CATCGTCTCGAACCTA-1,donor3,9
donor3_CATCGTCTCTACTCAT-1,donor3,9
donor3_CATGAGTAGAGGTGCT-1,donor3,10
donor3_CATGAGTAGATGCTTC-1,donor3,11
donor3_CATGAGTAGCCACTCG-1,donor3,23
donor3_CATGAGTAGTTTCGGT-1,donor3,9
donor3_CATGAGTCACCGTCGA-1,donor3,10
donor3_CATGAGTGTCGCAACC-1,donor3,9
donor3_CATGAGTGTTCTCCCA-1,donor3,14
donor3_CATGAGTTCACCTCGT-1,donor3,14
donor3_CATGAGTTCGATCCCT-1,donor3,12
donor3_CATGCAAAGCAAGTGC-1,donor3,12
donor3_CATGCAAAGCTTTCCC-1,donor3,11
donor3_CATGCAAAGTGGCAGT-1,donor3,9
donor3_CATGCAACACGGTGCT-1,donor3,12
donor3_CATGCAACACTCTCGT-1,donor3,20
donor3_CATGCAAGTACATTGC-1,donor3,19
donor3_CATGCAAGTACTCGAT-1,donor3,10
donor3_CATGCAAGTGCCTACG-1,donor3,11
donor3_CATGCAATCAAATGCC-1,donor3,6
donor3_CATGCAATCCTTGAAG-1,donor3,10
donor3_CATGCAATCGACGATT-1,donor3,9
donor3_CATGCAATCGGACGTC-1,donor3,10
donor3_CATGCCTAGAGGTCGT-1,donor3,6
donor3_CATGCCTAGATCACTC-1,donor3,9
donor3_CATGCCTCAATTCACG-1,donor3,12
donor3_CATGCCTCACCTTCGT-1,donor3,10
donor3_CATGCCTCACGTCGTG-1,donor3,9
donor3_CATGCCTCAGTATTCG-1,donor3,6
donor3_CATGCCTCAGTTTCAG-1,donor3,9
donor3_CATGCGGAGAAACACT-1,donor3,1
donor3_CATGCGGAGCCTTTCC-1,donor3,9
donor3_CATGCGGAGCGAGAAA-1,donor3,9
donor3_CATGCGGAGTAACGAT-1,donor3,10
donor3_CATGCGGCAAGATGGC-1,donor3,0
donor3_CATGCGGCACGATAGG-1,donor3,12
donor3_CATGCGGCATGCAGCC-1,donor3,11
donor3_CATGCGGCATTGAGGG-1,donor3,11
donor3_CATGCGGGTTACCGTA-1,donor3,9
donor3_CATGCGGTCAAGGCTT-1,donor3,6
donor3_CATGCGGTCGATGCAT-1,donor3,12
donor3_CATGCGGTCGTAGCTA-1,donor3,21
donor3_CATGCTCAGAACTGAT-1,donor3,9
donor3_CATGCTCAGAACTTCC-1,donor3,9
donor3_CATGCTCAGCCAAGCA-1,donor3,12
donor3_CATGCTCAGGCTCTCG-1,donor3,10
donor3_CATGCTCCACTAGGCC-1,donor3,9
donor3_CATGCTCCAGTCGCAC-1,donor3,7
donor3_CATGCTCCATCCTAAG-1,donor3,6
donor3_CATGCTCGTCGAGTGA-1,donor3,6
donor3_CATGCTCGTCGTAATC-1,donor3,6
donor3_CATGCTCTCTCTAAGG-1,donor3,21
donor3_CATGCTCTCTTCCTAA-1,donor3,9
donor3_CATGGATAGTTGGCGA-1,donor3,23
donor3_CATGGATCAAAGGATT-1,donor3,21
donor3_CATGGATCAGCTGTGC-1,donor3,23
donor3_CATGGATCAGGACAGT-1,donor3,11
donor3_CATGGATCATAGGTTC-1,donor3,9
donor3_CATGGATCATTCACCC-1,donor3,12
donor3_CATGGATGTAGGACTG-1,donor3,10
donor3_CATGGATGTTGTATGC-1,donor3,9
donor3_CATGGATTCATAGACC-1,donor3,10
donor3_CATGGATTCGTTCTGC-1,donor3,12
donor3_CATGGTACACCCTGAG-1,donor3,6
donor3_CATGGTACAGTCTGGC-1,donor3,12
donor3_CATGGTAGTCATATGC-1,donor3,9
donor3_CATGGTAGTCGTCATA-1,donor3,6
donor3_CATGGTAGTGGGACAT-1,donor3,11
donor3_CATGGTAGTTTCGTAG-1,donor3,9
donor3_CATGGTAGTTTGGGAG-1,donor3,10
donor3_CATGGTATCCTATTGT-1,donor3,6
donor3_CATGGTATCCTTGAAG-1,donor3,11
donor3_CATGGTATCTATCGCC-1,donor3,9
donor3_CATGGTATCTCCCATG-1,donor3,9
donor3_CATTCATAGTTGCATC-1,donor3,6
donor3_CATTCATCAAGCAATA-1,donor3,11
donor3_CATTCATGTGATACCT-1,donor3,9
donor3_CATTCATGTTAAGGAT-1,donor3,6
donor3_CATTCATTCGCTAGCG-1,donor3,12
donor3_CATTCCGAGCAGTCTT-1,donor3,10
donor3_CATTCCGCAATAACCC-1,donor3,7
donor3_CATTCCGCAGGACAGT-1,donor3,6
donor3_CATTCCGCATGGAACG-1,donor3,12
donor3_CATTCCGCATGTAACC-1,donor3,1
donor3_CATTCCGGTTATCCAG-1,donor3,6
donor3_CATTCCGTCGTCCTCA-1,donor3,9
donor3_CATTCTAAGCTGTGCC-1,donor3,10
donor3_CATTCTAAGGAACATT-1,donor3,10
donor3_CATTCTAAGGGCAACT-1,donor3,23
donor3_CATTCTATCACCTGGG-1,donor3,6
donor3_CATTCTATCAGCAATC-1,donor3,12
donor3_CATTCTATCGAAGTGG-1,donor3,11
donor3_CATTCTATCGACGAGA-1,donor3,9
donor3_CATTCTATCGTGGGTC-1,donor3,10
donor3_CATTCTATCTAGCATG-1,donor3,9
donor3_CATTGAGAGACTCTTG-1,donor3,23
donor3_CATTGAGAGAGCCGTA-1,donor3,9
donor3_CATTGAGAGCGCCTAC-1,donor3,12
donor3_CATTGAGCACTTGAAC-1,donor3,12
donor3_CATTGAGCATAATGAG-1,donor3,9
donor3_CATTGAGCATTCGATG-1,donor3,12
donor3_CATTGAGGTAAGCAAT-1,donor3,12
donor3_CATTGAGGTATAATGG-1,donor3,9
donor3_CATTGAGGTGGAATGC-1,donor3,10
donor3_CATTGAGTCCGATTAG-1,donor3,11
donor3_CATTGCCCAGTAGTGG-1,donor3,9
donor3_CATTGCCGTCCTTTGC-1,donor3,9
donor3_CATTGCCGTGATGGCA-1,donor3,11
donor3_CATTGCCTCTCCATAT-1,donor3,12
donor3_CATTGTTAGAACGTGC-1,donor3,12
donor3_CATTGTTAGAAGGTAG-1,donor3,12
donor3_CATTGTTAGTCATGCT-1,donor3,11
donor3_CATTGTTAGTGCAGGT-1,donor3,12
donor3_CATTGTTCAATCCAGT-1,donor3,12
donor3_CATTGTTCACTGGACC-1,donor3,11
donor3_CATTGTTCATAGATCC-1,donor3,12
donor3_CATTGTTCATGTGCTA-1,donor3,12
donor3_CATTGTTGTGAGACGT-1,donor3,11
donor3_CATTGTTGTGGTTCTA-1,donor3,12
donor3_CATTGTTGTGTTGATC-1,donor3,23
donor3_CATTGTTGTTCATCTT-1,donor3,11
donor3_CATTGTTTCGAGAGCA-1,donor3,6
donor3_CATTGTTTCGCGGACT-1,donor3,12
donor3_CATTTCACAATGACCT-1,donor3,9
donor3_CATTTCACATACAGGG-1,donor3,9
donor3_CATTTCAGTCAGCTTA-1,donor3,11
donor3_CATTTCATCATCAGTG-1,donor3,9
donor3_CATTTCATCCGATAAC-1,donor3,10
donor3_CATTTCATCCTTTGAT-1,donor3,0
donor3_CATTTCATCTATTGTC-1,donor3,10
donor3_CATTTCATCTCCGATC-1,donor3,11
donor3_CATTTCATCTCGGCTT-1,donor3,11
donor3_CCAAGCGCACATATCG-1,donor3,9
donor3_CCAAGCGCAGAGTCTT-1,donor3,12
donor3_CCAAGCGGTAGTGGCA-1,donor3,10
donor3_CCAAGCGGTTAGAGAT-1,donor3,11
donor3_CCAAGCGTCACTCTTA-1,donor3,9
donor3_CCAAGCGTCAGCTTCC-1,donor3,9
donor3_CCAAGCGTCATATGGC-1,donor3,10
donor3_CCAATGAAGAGCATAT-1,donor3,6
donor3_CCAATGAAGGTGGGTT-1,donor3,9
donor3_CCAATGAGTCGCGGTT-1,donor3,11
donor3_CCAATGATCTAGTCAG-1,donor3,10
donor3_CCAATTTAGATTCGCT-1,donor3,9
donor3_CCAATTTAGCCGCACT-1,donor3,11
donor3_CCAATTTAGGAAAGAC-1,donor3,12
donor3_CCAATTTAGGGAGGAC-1,donor3,12
donor3_CCAATTTAGTGGTGGT-1,donor3,10
donor3_CCAATTTGTGACACGA-1,donor3,12
donor3_CCAATTTGTTCGAACT-1,donor3,10
donor3_CCAATTTTCTCAACGA-1,donor3,11
donor3_CCACAAAAGCATTTCG-1,donor3,14
donor3_CCACAAAAGGATATGT-1,donor3,6
donor3_CCACAAAAGTTATGGA-1,donor3,10
donor3_CCACAAACAATAAGGT-1,donor3,9
donor3_CCACAAACACCTGAAT-1,donor3,10
donor3_CCACAAACACGGATCC-1,donor3,11
donor3_CCACAAACAGACCCGT-1,donor3,11
donor3_CCACAAACAGTTAAAG-1,donor3,11
donor3_CCACAAACATCAGCAT-1,donor3,9
donor3_CCACAAACATTGCTTT-1,donor3,25
donor3_CCACAAAGTCTAACTG-1,donor3,11
donor3_CCACAAAGTTACCCAA-1,donor3,9
donor3_CCACAAAGTTACTCAG-1,donor3,9
donor3_CCACAAATCACCGGTG-1,donor3,26
donor3_CCACAAATCAGAATAG-1,donor3,23
donor3_CCACAAATCCACTAGA-1,donor3,9
donor3_CCACAAATCCTAGCTC-1,donor3,10
donor3_CCACAAATCTAGTTCT-1,donor3,14
donor3_CCACACTAGACATAGT-1,donor3,14
donor3_CCACACTAGGGTCAAC-1,donor3,10
donor3_CCACACTCAAGAGATT-1,donor3,9
donor3_CCACACTCACAGCGCT-1,donor3,12
donor3_CCACACTCAGTTGCGC-1,donor3,6
donor3_CCACACTCATAACAGA-1,donor3,12
donor3_CCACACTGTACCGTGC-1,donor3,23
donor3_CCACACTGTATCGATC-1,donor3,14
donor3_CCACACTGTTTACGTG-1,donor3,9
donor3_CCACACTTCCGTGTGG-1,donor3,9
donor3_CCACACTTCGACGTCG-1,donor3,12
donor3_CCACCATAGGGCAGTT-1,donor3,9
donor3_CCACCATCAGCTCATA-1,donor3,12
donor3_CCACCATGTAGAATGT-1,donor3,1
donor3_CCACCATGTGTTCCAA-1,donor3,12
donor3_CCACCATTCAAGCCGC-1,donor3,11
donor3_CCACGAGAGTAGGTTA-1,donor3,9
donor3_CCACGAGAGTGAATAC-1,donor3,10
donor3_CCACGAGCATTGACTG-1,donor3,12
donor3_CCACGAGGTTCCCAAA-1,donor3,12
donor3_CCACGAGTCCCTTCCC-1,donor3,6
donor3_CCACGAGTCTCATTGT-1,donor3,11
donor3_CCACGTTAGGTCCAGA-1,donor3,11
donor3_CCACGTTCAACAAGTA-1,donor3,10
donor3_CCACGTTCACGCTTAA-1,donor3,11
donor3_CCACGTTCAGAGAAAG-1,donor3,12
donor3_CCACGTTGTATTCCGA-1,donor3,12
donor3_CCACGTTGTGAATAAC-1,donor3,6
donor3_CCACGTTGTGTCATGT-1,donor3,9
donor3_CCACGTTGTTCCTAGA-1,donor3,12
donor3_CCACGTTTCAAAGGTA-1,donor3,23
donor3_CCACGTTTCACTGGGC-1,donor3,12
donor3_CCACTTGAGACTCCGC-1,donor3,9
donor3_CCACTTGAGCACACCC-1,donor3,6
donor3_CCACTTGAGCCTGTCG-1,donor3,12
donor3_CCACTTGAGGGTGAAA-1,donor3,11
donor3_CCACTTGCAACATACC-1,donor3,11
donor3_CCACTTGCAACCCGCA-1,donor3,0
donor3_CCACTTGCAATACGCT-1,donor3,11
donor3_CCACTTGCACCCTTGT-1,donor3,9
donor3_CCACTTGCACGGCCAT-1,donor3,10
donor3_CCACTTGGTGGCTAGA-1,donor3,23
donor3_CCACTTGGTTGCGGAA-1,donor3,6
donor3_CCACTTGTCCACGTCT-1,donor3,7
donor3_CCACTTGTCGGACGTC-1,donor3,11
donor3_CCACTTGTCTCCGAGG-1,donor3,12
donor3_CCATAAGAGGCCTAAG-1,donor3,9
donor3_CCATAAGAGTCGAAAT-1,donor3,0
donor3_CCATAAGAGTCGCCCA-1,donor3,9
donor3_CCATAAGCATCGCTAA-1,donor3,12
donor3_CCATAAGTCACCGCTT-1,donor3,6
donor3_CCATAAGTCAGGAAAT-1,donor3,1
donor3_CCATAAGTCGCTTTAT-1,donor3,10
donor3_CCATAAGTCGTTGCCT-1,donor3,12
donor3_CCATCACAGCCACAAG-1,donor3,10
donor3_CCATCACCAAGAAACT-1,donor3,12
donor3_CCATCACCAATTGCCA-1,donor3,9
donor3_CCATCACCACCACTGG-1,donor3,9
donor3_CCATCACCAGCACGAA-1,donor3,10
donor3_CCATCACGTAACAGGC-1,donor3,12
donor3_CCATCACGTAAGGCCA-1,donor3,9
donor3_CCATCACGTATCTCGA-1,donor3,12
donor3_CCATCACTCATTTGTC-1,donor3,11
donor3_CCATCACTCCCAACTC-1,donor3,6
donor3_CCATCACTCCGTGTGG-1,donor3,9
donor3_CCATCACTCCTTCGAC-1,donor3,9
donor3_CCATCACTCGAGTTGT-1,donor3,9
donor3_CCATCACTCTAAGCGT-1,donor3,14
donor3_CCCAACTCAACTGGTT-1,donor3,11
donor3_CCCAACTCACGTCTCT-1,donor3,9
donor3_CCCAACTCAGACCATT-1,donor3,23
donor3_CCCAACTGTCCGGCAT-1,donor3,6
donor3_CCCAACTTCCCTTGGT-1,donor3,10
donor3_CCCATTGAGACTCTAC-1,donor3,9
donor3_CCCATTGAGTCGAAGC-1,donor3,11
donor3_CCCATTGCAAAGCGTG-1,donor3,6
donor3_CCCATTGCAACCGCTG-1,donor3,10
donor3_CCCATTGCACGTAGTT-1,donor3,12
donor3_CCCATTGCACTCCCTA-1,donor3,26
donor3_CCCATTGGTAAGTTAG-1,donor3,10
donor3_CCCATTGTCCCATTTA-1,donor3,6
donor3_CCCATTGTCCCGAACG-1,donor3,12
donor3_CCCGAAGAGCATGGGT-1,donor3,9
donor3_CCCGAAGAGGACAGTC-1,donor3,12
donor3_CCCGAAGAGTACAACA-1,donor3,12
donor3_CCCGAAGCACATGAAA-1,donor3,12
donor3_CCCGAAGCACTCCCTA-1,donor3,9
donor3_CCCGAAGGTATAATGG-1,donor3,1
donor3_CCCGAAGGTCCTCCAT-1,donor3,10
donor3_CCCGAAGTCGAACGGA-1,donor3,12
donor3_CCCGAAGTCGCGTTTC-1,donor3,10
donor3_CCCGAAGTCTCGACCT-1,donor3,9
donor3_CCCGGAAAGGTAGCCA-1,donor3,12
donor3_CCCGGAACACTACCCT-1,donor3,12
donor3_CCCGGAAGTAGGGAGG-1,donor3,9
donor3_CCCGGAAGTCCGTTTC-1,donor3,10
donor3_CCCGGAAGTTACCCAA-1,donor3,12
donor3_CCCTAACCAAGGATGC-1,donor3,7
donor3_CCCTAACCACAGTCCG-1,donor3,6
donor3_CCCTAACCACCCATAA-1,donor3,12
donor3_CCCTAACCACGCAAAG-1,donor3,10
donor3_CCCTAACCAGAGAATT-1,donor3,9
donor3_CCCTAACGTCGACTGC-1,donor3,12
donor3_CCCTAACTCAAACTGC-1,donor3,12
donor3_CCCTAACTCTACGGGC-1,donor3,12
donor3_CCCTCAAAGGTGGTTG-1,donor3,6
donor3_CCCTCAAAGTTCCTGA-1,donor3,12
donor3_CCCTCAACAAGTGGAC-1,donor3,6
donor3_CCCTCAAGTTGCCGCA-1,donor3,10
donor3_CCCTCAATCCGCAAAT-1,donor3,6
donor3_CCCTCAATCTACAGGT-1,donor3,10
donor3_CCCTCTCAGGAGAGTA-1,donor3,21
donor3_CCCTCTCCACTCTAGA-1,donor3,12
donor3_CCCTCTCCATACAGAA-1,donor3,9
donor3_CCCTCTCCATAGCACT-1,donor3,9
donor3_CCCTCTCCATATCTCT-1,donor3,11
donor3_CCCTCTCGTATGCGGA-1,donor3,10
donor3_CCCTCTCGTCCGCAGT-1,donor3,12
donor3_CCCTCTCTCACTCGAA-1,donor3,14
donor3_CCCTCTCTCACTGTCC-1,donor3,10
donor3_CCCTCTCTCCGCACGA-1,donor3,9
donor3_CCCTGATAGAAGTGTT-1,donor3,12
donor3_CCCTGATAGACCACGA-1,donor3,12
donor3_CCCTGATAGCTCACTA-1,donor3,12
donor3_CCCTGATCATCTGGGC-1,donor3,11
donor3_CCCTGATCATGGACAG-1,donor3,6
donor3_CCCTGATCATGGGTTT-1,donor3,26
donor3_CCCTGATGTACCAATC-1,donor3,7
donor3_CCCTGATGTGAGGATC-1,donor3,11
donor3_CCCTGATGTGCGGTAA-1,donor3,9
donor3_CCCTGATGTTCTCCTG-1,donor3,9
donor3_CCCTGATTCACCGGTG-1,donor3,12
donor3_CCCTTAGAGGGCCTCT-1,donor3,6
donor3_CCCTTAGAGTATTGCC-1,donor3,9
donor3_CCCTTAGCATAAGATG-1,donor3,9
donor3_CCCTTAGGTAGTACGG-1,donor3,10
donor3_CCCTTAGGTCTGCAAT-1,donor3,6
donor3_CCCTTAGGTTAGAAAC-1,donor3,11
donor3_CCCTTAGGTTGGATCT-1,donor3,23
donor3_CCCTTAGTCCCTCTCC-1,donor3,12
donor3_CCCTTAGTCGTCCTCA-1,donor3,10
donor3_CCGAACGAGAACGTGC-1,donor3,12
donor3_CCGAACGAGATGCTAA-1,donor3,12
donor3_CCGAACGAGCCTCCAG-1,donor3,14
donor3_CCGAACGAGGGAGATA-1,donor3,12
donor3_CCGAACGCAAGCCATT-1,donor3,11
donor3_CCGAACGCAAGTCGTT-1,donor3,12
donor3_CCGAACGCACACTTAG-1,donor3,11
donor3_CCGAACGCATCGAGCC-1,donor3,9
donor3_CCGAACGGTACCGCGT-1,donor3,14
donor3_CCGAACGGTTACACTG-1,donor3,6
donor3_CCGAACGGTTCTCTCG-1,donor3,10
donor3_CCGAACGTCGACGCGT-1,donor3,10
donor3_CCGAACGTCTCGCAGG-1,donor3,9
donor3_CCGAACGTCTGTAAGC-1,donor3,7
donor3_CCGAACGTCTGTCCCA-1,donor3,12
donor3_CCGATCTAGTGGACTG-1,donor3,6
donor3_CCGATCTCAGTAGTGG-1,donor3,10
donor3_CCGATCTCATAATGCC-1,donor3,9
donor3_CCGATCTTCTGCTCTG-1,donor3,12
donor3_CCGATGGAGGATTCAA-1,donor3,10
donor3_CCGATGGAGGTACATA-1,donor3,9
donor3_CCGATGGCACCCTGAG-1,donor3,14
donor3_CCGATGGCAGAAGCGT-1,donor3,6
donor3_CCGATGGGTACGTAGG-1,donor3,6
donor3_CCGATGGGTCGTACAT-1,donor3,23
donor3_CCGATGGGTGAGCTCC-1,donor3,12
donor3_CCGATGGGTGTTCGAT-1,donor3,10
donor3_CCGATGGTCGCCCAGA-1,donor3,12
donor3_CCGATGGTCTCAACCC-1,donor3,9
donor3_CCGCAAGAGCTAAACA-1,donor3,9
donor3_CCGCAAGCAAGTGATA-1,donor3,12
donor3_CCGCAAGCACAATGCT-1,donor3,12
donor3_CCGCAAGCACCAGACC-1,donor3,20
donor3_CCGCAAGGTACCTAGT-1,donor3,11
donor3_CCGCAAGTCGAGAATA-1,donor3,9
donor3_CCGCAAGTCTATTTCG-1,donor3,9
donor3_CCGGACAAGCTCACTA-1,donor3,9
donor3_CCGGACAAGGCTCAAG-1,donor3,6
donor3_CCGGACAAGGTAAGTT-1,donor3,9
donor3_CCGGACACACCATTCC-1,donor3,12
donor3_CCGGACACAGAGGTTG-1,donor3,9
donor3_CCGGACACATGAGAAT-1,donor3,9
donor3_CCGGACAGTGTTTGCA-1,donor3,11
donor3_CCGGACAGTTGCCTAA-1,donor3,9
donor3_CCGGACAGTTGTGGAG-1,donor3,10
donor3_CCGGACATCCGCGAGT-1,donor3,6
donor3_CCGGACATCGACGTCG-1,donor3,12
donor3_CCGGACATCGCGTTTC-1,donor3,11
donor3_CCGGACATCGGCTCTT-1,donor3,1
donor3_CCGGGTAAGGTAAACT-1,donor3,9
donor3_CCGGGTAAGTTCCTGA-1,donor3,12
donor3_CCGGGTACACCGAATT-1,donor3,11
donor3_CCGGGTAGTCTCACGG-1,donor3,10
donor3_CCGGGTATCATAGAGA-1,donor3,10
donor3_CCGGGTATCATGAGTC-1,donor3,10
donor3_CCGGGTATCGCTAAAC-1,donor3,9
donor3_CCGGGTATCGGCTGAC-1,donor3,14
donor3_CCGGTAGCAAGAGCTG-1,donor3,10
donor3_CCGGTAGCAGCTGAAG-1,donor3,9
donor3_CCGGTAGCATGAATCC-1,donor3,10
donor3_CCGGTAGCATGGTACT-1,donor3,11
donor3_CCGGTAGCATTCTTCA-1,donor3,21
donor3_CCGGTAGGTCCAGTTA-1,donor3,6
donor3_CCGGTAGGTGGGTCAA-1,donor3,10
donor3_CCGGTAGGTTCCTAGA-1,donor3,9
donor3_CCGGTAGGTTCTAAGC-1,donor3,10
donor3_CCGGTGAAGCATCCCG-1,donor3,6
donor3_CCGGTGACAAGAAACT-1,donor3,12
donor3_CCGGTGACACGCGTCA-1,donor3,9
donor3_CCGGTGATCAGACCCG-1,donor3,11
donor3_CCGGTGATCAGACCTA-1,donor3,10
donor3_CCGTAGGAGCCTGTGC-1,donor3,10
donor3_CCGTAGGAGGGAACAA-1,donor3,10
donor3_CCGTAGGAGTCTACCA-1,donor3,12
donor3_CCGTAGGAGTGATGGC-1,donor3,10
donor3_CCGTAGGCACAGTCGC-1,donor3,11
donor3_CCGTAGGCAGAAACCG-1,donor3,11
donor3_CCGTAGGGTAGAATAC-1,donor3,12
donor3_CCGTAGGGTAGCGCTC-1,donor3,10
donor3_CCGTAGGGTAGGCAAC-1,donor3,12
donor3_CCGTAGGGTCCGACGT-1,donor3,11
donor3_CCGTAGGTCAGCCTTC-1,donor3,10
donor3_CCGTAGGTCGACCACG-1,donor3,12
donor3_CCGTAGGTCGCACTCT-1,donor3,11
donor3_CCGTAGGTCGTCCTTG-1,donor3,12
donor3_CCGTAGGTCTCTATAC-1,donor3,9
donor3_CCGTGAGAGTAGATCA-1,donor3,6
donor3_CCGTGAGCAATCTGCA-1,donor3,9
donor3_CCGTGAGCACAACCGC-1,donor3,9
donor3_CCGTGAGCAGATACCT-1,donor3,14
donor3_CCGTGAGCAGTTAAAG-1,donor3,11
donor3_CCGTGAGGTACAAAGT-1,donor3,9
donor3_CCGTGAGGTCCAGTTA-1,donor3,9
donor3_CCGTGAGGTGTTAAAG-1,donor3,10
donor3_CCGTGAGTCGAACACT-1,donor3,6
donor3_CCGTGAGTCTTCCGTG-1,donor3,10
donor3_CCGTTCAAGTCTGTAC-1,donor3,6
donor3_CCGTTCACAAAGGCGT-1,donor3,9
donor3_CCGTTCACACTCCTGT-1,donor3,10
donor3_CCGTTCAGTCAACATC-1,donor3,9
donor3_CCGTTCAGTGTGTGGA-1,donor3,10
donor3_CCGTTCAGTTGAGGAC-1,donor3,10
donor3_CCGTTCATCACATACG-1,donor3,0
donor3_CCGTTCATCGACTCCT-1,donor3,12
donor3_CCGTTCATCGCGGACT-1,donor3,10
donor3_CCGTTCATCGGAGTAG-1,donor3,12
donor3_CCGTTCATCGTTCCCA-1,donor3,14
donor3_CCTAACCAGCAATAAC-1,donor3,11
donor3_CCTAACCAGGTTGTTC-1,donor3,9
donor3_CCTAACCAGTTTGAGA-1,donor3,14
donor3_CCTAACCCACGTCGTG-1,donor3,10
donor3_CCTAACCGTCGAATTC-1,donor3,9
donor3_CCTAACCTCAAATGCC-1,donor3,12
donor3_CCTAAGAAGTAGTGCG-1,donor3,1
donor3_CCTAAGAAGTGGTCAG-1,donor3,11
donor3_CCTAAGAAGTGTACCT-1,donor3,9
donor3_CCTAAGAAGTTCCATG-1,donor3,9
donor3_CCTAAGACAATAGGAT-1,donor3,11
donor3_CCTAAGACACACGGTC-1,donor3,9
donor3_CCTAAGAGTAAGTAGT-1,donor3,6
donor3_CCTAAGAGTAGCGTAG-1,donor3,11
donor3_CCTAAGAGTGCCAAGA-1,donor3,9
donor3_CCTACGTAGCAACCAG-1,donor3,11
donor3_CCTACGTAGGAGAGTA-1,donor3,12
donor3_CCTACGTCACCAGCCA-1,donor3,9
donor3_CCTACGTCACTGGACC-1,donor3,9
donor3_CCTACGTCAGGCTTGC-1,donor3,9
donor3_CCTACGTGTTCTTCAT-1,donor3,10
donor3_CCTACGTTCACCACAA-1,donor3,9
donor3_CCTACGTTCCCTCTAG-1,donor3,12
donor3_CCTATCGCACTGAGGA-1,donor3,9
donor3_CCTATCGGTCGAAGCA-1,donor3,11
donor3_CCTATCGGTTGCAAGG-1,donor3,11
donor3_CCTATCGTCCCGAACG-1,donor3,20
donor3_CCTATCGTCCGAAATC-1,donor3,20
donor3_CCTATCGTCTAGTGAC-1,donor3,11
donor3_CCTCAACAGCGTGCCT-1,donor3,6
donor3_CCTCAACAGCTAGCCC-1,donor3,10
donor3_CCTCAACAGGAGAGTA-1,donor3,9
donor3_CCTCAACAGGTTCCGC-1,donor3,10
donor3_CCTCAACAGTTCATGC-1,donor3,12
donor3_CCTCAACCAATCCTAG-1,donor3,11
donor3_CCTCAACCATTGCCGG-1,donor3,12
donor3_CCTCAACGTAACAAGT-1,donor3,10
donor3_CCTCAACGTAAGTCAA-1,donor3,10
donor3_CCTCAACGTATCGTAC-1,donor3,6
donor3_CCTCAACGTCCAAATC-1,donor3,9
donor3_CCTCAACGTGATTGGG-1,donor3,12
donor3_CCTCAACTCATCGGGC-1,donor3,12
donor3_CCTCAACTCTCCTACG-1,donor3,6
donor3_CCTCACAAGAGCTGCA-1,donor3,12
donor3_CCTCACAAGCAAGTGC-1,donor3,9
donor3_CCTCACAAGGGTGAAA-1,donor3,11
donor3_CCTCACACAAGTCCAT-1,donor3,9
donor3_CCTCACACACGCTGTG-1,donor3,11
donor3_CCTCACAGTCCGTTTC-1,donor3,10
donor3_CCTCACATCAGAGTTC-1,donor3,12
donor3_CCTCACATCATGCATG-1,donor3,11
donor3_CCTCACATCATTCGGA-1,donor3,10
donor3_CCTCAGTAGCGGGTTA-1,donor3,9
donor3_CCTCAGTAGTCTGCAT-1,donor3,11
donor3_CCTCAGTCAACCGTGC-1,donor3,9
donor3_CCTCAGTGTAGCCAGA-1,donor3,9
donor3_CCTCAGTTCATCCTGC-1,donor3,6
donor3_CCTCAGTTCCAGGACC-1,donor3,9
donor3_CCTCATGAGACCAACG-1,donor3,12
donor3_CCTCATGAGATGAATC-1,donor3,7
donor3_CCTCATGAGCACCGAA-1,donor3,10
donor3_CCTCATGAGTCCCAAT-1,donor3,9
donor3_CCTCATGCAAACTAAG-1,donor3,9
donor3_CCTCATGCAAGTGGTG-1,donor3,10
donor3_CCTCATGCAATCAAGA-1,donor3,0
donor3_CCTCATGCACTCCCTA-1,donor3,23
donor3_CCTCATGCACTTCTCG-1,donor3,11
donor3_CCTCATGCATCATTTC-1,donor3,6
donor3_CCTCATGGTCCGGATC-1,donor3,10
donor3_CCTCATGGTGTGATGG-1,donor3,11
donor3_CCTCATGGTTACGATC-1,donor3,10
donor3_CCTCATGTCACTCTTA-1,donor3,9
donor3_CCTCATGTCCCTCGTA-1,donor3,26
donor3_CCTCATGTCCTCACCA-1,donor3,9
donor3_CCTCATGTCGCTGATA-1,donor3,10
donor3_CCTCCAAAGGATACCG-1,donor3,6
donor3_CCTCCAACAAGTTGGG-1,donor3,11
donor3_CCTCCAACAATGTGGG-1,donor3,12
donor3_CCTCCAACACATAACC-1,donor3,10
donor3_CCTCCAACATACTGTG-1,donor3,6
donor3_CCTCCAAGTTAAGACA-1,donor3,10
donor3_CCTCCAATCAGGAAAT-1,donor3,10
donor3_CCTCCAATCCGATCTC-1,donor3,10
donor3_CCTCCAATCTAGACAC-1,donor3,11
donor3_CCTCCTCAGAAGCGAA-1,donor3,11
donor3_CCTCCTCAGCCTTTGA-1,donor3,11
donor3_CCTCCTCAGGTGCTGA-1,donor3,9
donor3_CCTCCTCAGTGGTTGG-1,donor3,9
donor3_CCTCCTCGTCCTTAAG-1,donor3,11
donor3_CCTCCTCTCCATTCAT-1,donor3,10
donor3_CCTCCTCTCGTGCATA-1,donor3,6
donor3_CCTCCTCTCTACTGCC-1,donor3,9
donor3_CCTCCTCTCTCGGGAC-1,donor3,11
donor3_CCTCTAGAGATGGTAT-1,donor3,10
donor3_CCTCTAGAGTCGCTAT-1,donor3,14
donor3_CCTCTAGCAACTTGCA-1,donor3,25
donor3_CCTCTAGCAAGCTGTT-1,donor3,11
donor3_CCTCTAGCAAGTTCCA-1,donor3,12
donor3_CCTCTAGCACCCTGAG-1,donor3,9
donor3_CCTCTAGCAGTACTAC-1,donor3,9
donor3_CCTCTAGCAGTCTGGC-1,donor3,12
donor3_CCTCTAGGTAGAGTTA-1,donor3,12
donor3_CCTCTAGTCCACGGAC-1,donor3,10
donor3_CCTCTAGTCCTATGGA-1,donor3,6
donor3_CCTCTCCAGACCACGA-1,donor3,10
donor3_CCTCTCCAGCACACAG-1,donor3,12
donor3_CCTCTCCAGCAGGCTA-1,donor3,6
donor3_CCTCTCCAGCAGGGAG-1,donor3,9
donor3_CCTCTCCAGGCTCCCA-1,donor3,10
donor3_CCTCTCCAGGTCGTCC-1,donor3,9
donor3_CCTCTCCCACAACGTT-1,donor3,11
donor3_CCTCTCCCAGTCGGTC-1,donor3,17
donor3_CCTCTCCGTCATCACA-1,donor3,12
donor3_CCTCTCCGTCCTTGTC-1,donor3,11
donor3_CCTCTCCTCGAATCCA-1,donor3,9
donor3_CCTGCATAGAGCTTTC-1,donor3,9
donor3_CCTGCATAGCGCAATG-1,donor3,23
donor3_CCTGCATCACGCTTAA-1,donor3,6
donor3_CCTGCATCAGACCTAT-1,donor3,11
donor3_CCTGCATGTCTGCGCA-1,donor3,12
donor3_CCTGCATTCACCTCTG-1,donor3,6
donor3_CCTGCATTCATCACAG-1,donor3,6
donor3_CCTGTTGCACAACGTT-1,donor3,26
donor3_CCTGTTGCACAGCGCT-1,donor3,10
donor3_CCTGTTGCAGATCATC-1,donor3,11
donor3_CCTGTTGGTAACTGCT-1,donor3,6
donor3_CCTGTTGGTGTCCTAA-1,donor3,10
donor3_CCTGTTGTCAGCTCTC-1,donor3,9
donor3_CCTGTTGTCGGAGTGA-1,donor3,10
donor3_CCTGTTGTCTGCGATA-1,donor3,11
donor3_CCTGTTGTCTGGACTA-1,donor3,6
donor3_CCTTCAGGTCCACTCT-1,donor3,10
donor3_CCTTCAGGTCTACACA-1,donor3,10
donor3_CCTTCAGTCATCGTAG-1,donor3,9
donor3_CCTTGTGAGCATTTCG-1,donor3,10
donor3_CCTTGTGAGTGCTACT-1,donor3,6
donor3_CCTTGTGCAAAGGGCT-1,donor3,6
donor3_CCTTGTGCAAGAGAGA-1,donor3,12
donor3_CCTTGTGCAGGCTATT-1,donor3,12
donor3_CCTTGTGGTATTGAGA-1,donor3,7
donor3_CCTTGTGGTCACTCGG-1,donor3,6
donor3_CCTTGTGTCCGACATA-1,donor3,10
donor3_CCTTGTGTCGAGTTGT-1,donor3,9
donor3_CCTTGTGTCGTAACTG-1,donor3,23
donor3_CCTTTGGAGCGTACAG-1,donor3,10
donor3_CCTTTGGAGGACTGGT-1,donor3,12
donor3_CCTTTGGAGGCCATAG-1,donor3,11
donor3_CCTTTGGAGGCGATAC-1,donor3,6
donor3_CCTTTGGAGGCTAGCA-1,donor3,6
donor3_CCTTTGGCAGACCTGC-1,donor3,10
donor3_CCTTTGGGTACATTGC-1,donor3,10
donor3_CCTTTGGGTACCTAAC-1,donor3,6
donor3_CCTTTGGGTCACATTG-1,donor3,12
donor3_CCTTTGGGTCCTGTCT-1,donor3,6
donor3_CCTTTGGGTGTAGGAC-1,donor3,6
donor3_CCTTTGGGTTACAGCT-1,donor3,9
donor3_CCTTTGGGTTCGAGCC-1,donor3,12
donor3_CCTTTGGTCCACAGGC-1,donor3,12
donor3_CCTTTGGTCCACGTCT-1,donor3,11
donor3_CCTTTGGTCCCTCGAT-1,donor3,6
donor3_CCTTTGGTCTCTCGCA-1,donor3,10
donor3_CGAAGGAAGATCACTC-1,donor3,10
donor3_CGAAGGAAGCGTGTTT-1,donor3,9
donor3_CGAAGGAAGTTACGAA-1,donor3,11
donor3_CGAAGGACACCCAATA-1,donor3,9
donor3_CGAAGGACAGATGCGA-1,donor3,9
donor3_CGAAGGACAGTGGGTA-1,donor3,12
donor3_CGAAGGACATCCTATT-1,donor3,10
donor3_CGAAGGAGTAGTGTGG-1,donor3,9
donor3_CGAAGGAGTTACCCTC-1,donor3,12
donor3_CGAAGGATCACAGTGT-1,donor3,10
donor3_CGAAGTTAGCACTCTA-1,donor3,10
donor3_CGAAGTTAGCGATCGA-1,donor3,12
donor3_CGAAGTTGTCTTCAAG-1,donor3,6
donor3_CGAAGTTGTGATGTAA-1,donor3,10
donor3_CGAAGTTGTTCCGTTC-1,donor3,9
donor3_CGAAGTTTCCCGTTCA-1,donor3,10
donor3_CGAAGTTTCTCGACCT-1,donor3,9
donor3_CGAAGTTTCTTCTAAC-1,donor3,6
donor3_CGAATTGAGCTAGATA-1,donor3,10
donor3_CGAATTGAGGTAATCA-1,donor3,6
donor3_CGAATTGCAAACGGCA-1,donor3,11
donor3_CGAATTGCATCATTGG-1,donor3,11
donor3_CGAATTGTCGTTCATT-1,donor3,11
donor3_CGACAGCCAGAGTGAC-1,donor3,12
donor3_CGACAGCCAGCCTTCT-1,donor3,12
donor3_CGACAGCCATGCCGAC-1,donor3,9
donor3_CGACAGCGTGTCCGGT-1,donor3,0
donor3_CGACAGCTCAGAGTGG-1,donor3,11
donor3_CGACAGCTCCGACGGT-1,donor3,10
donor3_CGAGAAGAGAGTTGTA-1,donor3,12
donor3_CGAGAAGAGTAGCCAG-1,donor3,12
donor3_CGAGAAGCAGACTGCC-1,donor3,9
donor3_CGAGAAGGTGGGCTCT-1,donor3,11
donor3_CGAGAAGTCATTGCCC-1,donor3,23
donor3_CGAGAAGTCATTGTGG-1,donor3,6
donor3_CGAGAAGTCCAACCGG-1,donor3,9
donor3_CGAGAAGTCGGCTATA-1,donor3,9
donor3_CGAGGAAAGCACAAAT-1,donor3,6
donor3_CGAGGAAAGGGATCTG-1,donor3,9
donor3_CGAGGAAAGGGTTAAT-1,donor3,11
donor3_CGAGGAACACATAGCT-1,donor3,12
donor3_CGAGGAACACGACTAT-1,donor3,12
donor3_CGAGGAACACTTGAAC-1,donor3,7
donor3_CGAGGAACAGATCACT-1,donor3,9
donor3_CGAGGAAGTAGACGGT-1,donor3,7
donor3_CGAGGAAGTATGAGCG-1,donor3,10
donor3_CGAGGAATCACGGACC-1,donor3,11
donor3_CGAGGAATCTTAGCCC-1,donor3,9
donor3_CGAGGCTAGCAGCCCT-1,donor3,10
donor3_CGAGGCTAGCTGGCCT-1,donor3,9
donor3_CGAGGCTCAGCATTGT-1,donor3,12
donor3_CGAGGCTCATCCGTTC-1,donor3,6
donor3_CGAGGCTGTAACGATA-1,donor3,9
donor3_CGAGGCTGTATGAAAC-1,donor3,9
donor3_CGAGGCTGTATTGCCA-1,donor3,10
donor3_CGAGGCTGTGCCTAAT-1,donor3,12
donor3_CGAGGCTTCTGCGTCT-1,donor3,10
donor3_CGAGTGCAGAGAGTGA-1,donor3,14
donor3_CGAGTGCAGGCAGTCA-1,donor3,14
donor3_CGAGTGCAGGGAGGGT-1,donor3,20
donor3_CGAGTGCCACACCAGC-1,donor3,11
donor3_CGAGTGCCAGATTCGT-1,donor3,9
donor3_CGAGTGCGTCTGTGAT-1,donor3,11
donor3_CGAGTGCTCAGTCAGT-1,donor3,11
donor3_CGAGTGCTCATTACTC-1,donor3,12
donor3_CGAGTGCTCGGACAAG-1,donor3,12
donor3_CGAGTTAAGAGAAGGT-1,donor3,10
donor3_CGAGTTAAGGCTCAAG-1,donor3,7
donor3_CGAGTTAAGTAAGGGA-1,donor3,12
donor3_CGAGTTACAACCAACT-1,donor3,10
donor3_CGAGTTACAGAGTAAT-1,donor3,11
donor3_CGAGTTACAGGAACCA-1,donor3,9
donor3_CGAGTTACAGGCTCTG-1,donor3,9
donor3_CGAGTTAGTACGATTC-1,donor3,10
donor3_CGAGTTAGTCGCGGTT-1,donor3,6
donor3_CGAGTTAGTGATACCT-1,donor3,11
donor3_CGAGTTATCAGTCAGT-1,donor3,10
donor3_CGAGTTATCGGTCGAC-1,donor3,0
donor3_CGATCGGAGAGATGCC-1,donor3,7
donor3_CGATCGGAGCTAAGTA-1,donor3,10
donor3_CGATCGGAGTGAGGTC-1,donor3,9
donor3_CGATCGGCATCTAACG-1,donor3,11
donor3_CGATCGGGTCATATGC-1,donor3,9
donor3_CGATCGGTCGGCATTA-1,donor3,9
donor3_CGATCGGTCTCCATAT-1,donor3,9
donor3_CGATGCGAGACTCTTG-1,donor3,9
donor3_CGATGCGCAATGACCT-1,donor3,9
donor3_CGATGCGCAGGATCTT-1,donor3,21
donor3_CGATGCGCAGGTAGTG-1,donor3,17
donor3_CGATGCGGTACCATAC-1,donor3,10
donor3_CGATGCGGTCCAGAAG-1,donor3,10
donor3_CGATGCGGTTGCTCCT-1,donor3,9
donor3_CGATGCGTCACCACAA-1,donor3,6
donor3_CGATGCGTCAGTCCGG-1,donor3,21
donor3_CGATGCGTCCCAGTGG-1,donor3,11
donor3_CGATGCGTCGCCAACG-1,donor3,12
donor3_CGATGGCAGGCTAAAT-1,donor3,9
donor3_CGATGGCCAAAGGCGT-1,donor3,14
donor3_CGATGGCCAGAGCTAG-1,donor3,21
donor3_CGATGGCCAGCTGGTC-1,donor3,6
donor3_CGATGGCGTATCTCGA-1,donor3,10
donor3_CGATGGCGTCTCTCTG-1,donor3,9
donor3_CGATGGCGTGCGGTAA-1,donor3,9
donor3_CGCAGGTAGCTGAGCA-1,donor3,12
donor3_CGCAGGTCACAGCTTA-1,donor3,10
donor3_CGCAGGTGTAAGCAAT-1,donor3,9
donor3_CGCAGGTGTCTAACTG-1,donor3,9
donor3_CGCAGGTGTCTTTCTA-1,donor3,11
donor3_CGCAGGTTCTCGGGAC-1,donor3,7
donor3_CGCATAAAGATCCCGC-1,donor3,9
donor3_CGCATAAAGCATGATA-1,donor3,14
donor3_CGCATAAAGTCAGCCC-1,donor3,12
donor3_CGCATAACATTGAAAG-1,donor3,14
donor3_CGCATAAGTCCGGATC-1,donor3,6
donor3_CGCATGGAGGTCGTAG-1,donor3,23
donor3_CGCATGGAGTGAATAC-1,donor3,9
donor3_CGCATGGCAAGCGCTC-1,donor3,10
donor3_CGCATGGCAGAGATTA-1,donor3,11
donor3_CGCATGGCAGATTTCG-1,donor3,12
donor3_CGCATGGCAGCTGAGA-1,donor3,23
donor3_CGCATGGGTACCATAC-1,donor3,6
donor3_CGCATGGGTAGCTTAC-1,donor3,14
donor3_CGCATGGGTCCGATCG-1,donor3,10
donor3_CGCATGGGTGGATACG-1,donor3,6
donor3_CGCATGGGTTTATGCG-1,donor3,12
donor3_CGCATGGGTTTGATCG-1,donor3,10
donor3_CGCATGGTCGCAGAGA-1,donor3,12
donor3_CGCATGGTCTCCTGTG-1,donor3,10
donor3_CGCCAGAAGACCAGAC-1,donor3,11
donor3_CGCCAGAAGCGATGAC-1,donor3,12
donor3_CGCCAGAAGTATGTAG-1,donor3,11
donor3_CGCCAGACAAATGGTA-1,donor3,10
donor3_CGCCAGACAAGTTGGG-1,donor3,14
donor3_CGCCAGACACGGGTAA-1,donor3,12
donor3_CGCCAGACAGCAGTGA-1,donor3,11
donor3_CGCCAGACATTCCTAT-1,donor3,11
donor3_CGCCAGAGTAGTACGG-1,donor3,6
donor3_CGCCAGAGTTGATGTC-1,donor3,23
donor3_CGCCAGAGTTTACCAG-1,donor3,7
donor3_CGCCAGATCATCACAG-1,donor3,12
donor3_CGCCAGATCCGTATGA-1,donor3,11
donor3_CGCCAGATCGATAACC-1,donor3,11
donor3_CGCCATTAGCGCATCC-1,donor3,6
donor3_CGCCATTGTCTCGGAC-1,donor3,6
donor3_CGCCATTGTTCGAAGG-1,donor3,6
donor3_CGCGTGAAGACACACG-1,donor3,6
donor3_CGCGTGAAGGGCAGTT-1,donor3,10
donor3_CGCGTGAAGTTGCTGT-1,donor3,6
donor3_CGCGTGACAAAGCGTG-1,donor3,23
donor3_CGCGTGACAAGAGAGA-1,donor3,11
donor3_CGCGTGACACGTCATA-1,donor3,9
donor3_CGCGTGATCAAATGCC-1,donor3,9
donor3_CGCGTGATCAGGAACG-1,donor3,11
donor3_CGCGTGATCATGGTAC-1,donor3,10
donor3_CGCGTGATCCACTGGG-1,donor3,12
donor3_CGCGTGATCCTATTTG-1,donor3,6
donor3_CGGAACCAGCATTTGC-1,donor3,12
donor3_CGGAACCAGTGGCCTC-1,donor3,26
donor3_CGGAACCCAATCAGCT-1,donor3,12
donor3_CGGAACCCACAGTACT-1,donor3,11
donor3_CGGAACCCACTTCAGA-1,donor3,6
donor3_CGGAACCCATCTGGGC-1,donor3,11
donor3_CGGAACCGTGCCTTCT-1,donor3,11
donor3_CGGAACCGTGGAGGTT-1,donor3,9
donor3_CGGAACCGTTCTTAGG-1,donor3,10
donor3_CGGAACCTCAGCTGTA-1,donor3,10
donor3_CGGAACCTCTCACTCG-1,donor3,10
donor3_CGGAACCTCTCCAAGA-1,donor3,9
donor3_CGGAACCTCTCTAGGA-1,donor3,11
donor3_CGGAATTAGAGGGTAA-1,donor3,12
donor3_CGGAATTAGGTCGTCC-1,donor3,11
donor3_CGGAATTAGTTCCATG-1,donor3,11
donor3_CGGAATTCACCGTACG-1,donor3,12
donor3_CGGAATTCAGAGCCCT-1,donor3,9
donor3_CGGAATTCAGTTAGAA-1,donor3,10
donor3_CGGAATTCATGAGTAA-1,donor3,12
donor3_CGGAATTGTGGCTCTG-1,donor3,6
donor3_CGGAATTTCGCGTGAC-1,donor3,9
donor3_CGGACACAGAGATCGC-1,donor3,11
donor3_CGGACACAGTGCTAGG-1,donor3,7
donor3_CGGACACCACATTCGA-1,donor3,11
donor3_CGGACACGTACCAGAG-1,donor3,10
donor3_CGGACACGTGAGCAGT-1,donor3,9
donor3_CGGACACTCCGTTGAA-1,donor3,10
donor3_CGGACACTCGCTCATC-1,donor3,12
donor3_CGGAGAAAGAGTCACG-1,donor3,26
donor3_CGGAGAAAGGCATGGT-1,donor3,11
donor3_CGGAGAACAGGATCTT-1,donor3,10
donor3_CGGAGAACATACCGTA-1,donor3,21
donor3_CGGAGAACATGCCGAC-1,donor3,9
donor3_CGGAGAAGTAAGTAGT-1,donor3,12
donor3_CGGAGAAGTGGCGTAA-1,donor3,10
donor3_CGGAGAAGTGTCCATA-1,donor3,10
donor3_CGGAGAATCCATTTAC-1,donor3,9
donor3_CGGAGAATCCCAATAG-1,donor3,9
donor3_CGGCAGTAGACATATG-1,donor3,12
donor3_CGGCAGTAGGATGAGA-1,donor3,12
donor3_CGGCAGTAGTGGACGT-1,donor3,10
donor3_CGGCAGTCAATGAACA-1,donor3,9
donor3_CGGCAGTCAGAGCCCT-1,donor3,12
donor3_CGGCAGTCAGCGAGTA-1,donor3,9
donor3_CGGCAGTCATTGACAC-1,donor3,9
donor3_CGGCAGTGTAAGATTG-1,donor3,25
donor3_CGGCAGTGTCAATCTG-1,donor3,9
donor3_CGGCAGTGTCCAGGTC-1,donor3,12
donor3_CGGCAGTGTTAGTCGT-1,donor3,12
donor3_CGGGACTAGGTTAGTA-1,donor3,12
donor3_CGGGACTCAGCTGCCA-1,donor3,11
donor3_CGGGACTCAGTTGTTG-1,donor3,11
donor3_CGGGACTCATCGTGGC-1,donor3,14
donor3_CGGGACTGTACTTCCC-1,donor3,10
donor3_CGGGACTTCATCACTT-1,donor3,10
donor3_CGGGACTTCGTGTGAT-1,donor3,10
donor3_CGGGCATAGAAGATCT-1,donor3,11
donor3_CGGGCATCAGACGGAT-1,donor3,11
donor3_CGGGCATGTACCGGAA-1,donor3,10
donor3_CGGGCATGTAGCACAG-1,donor3,12
donor3_CGGGCATGTATCCTTT-1,donor3,6
donor3_CGGGCATGTCGTACAT-1,donor3,9
donor3_CGGGCATGTCTGTGTA-1,donor3,11
donor3_CGGGCATGTGACAGGT-1,donor3,9
donor3_CGGGCATGTTGTCATG-1,donor3,10
donor3_CGGGCATTCCTCACTG-1,donor3,9
donor3_CGGGCATTCGGCTGAC-1,donor3,10
donor3_CGGGTCAAGATAGGGA-1,donor3,12
donor3_CGGGTCACACTTCATT-1,donor3,0
donor3_CGGGTCAGTATACCTG-1,donor3,11
donor3_CGGGTCAGTGTCTCCT-1,donor3,11
donor3_CGGGTCAGTTCCGGTG-1,donor3,6
donor3_CGGGTCATCATCACTT-1,donor3,14
donor3_CGGGTGTAGTTCTACG-1,donor3,20
donor3_CGGGTGTCAAATGGAT-1,donor3,10
donor3_CGGGTGTCAGACCAGA-1,donor3,6
donor3_CGGGTGTCAGGTATGG-1,donor3,11
donor3_CGGGTGTCAGTGCCTG-1,donor3,9
donor3_CGGGTGTCATCCGAAT-1,donor3,9
donor3_CGGGTGTGTACGACAG-1,donor3,12
donor3_CGGGTGTGTCACCACG-1,donor3,21
donor3_CGGGTGTGTCTTCATT-1,donor3,14
donor3_CGGGTGTGTGTCACAT-1,donor3,6
donor3_CGGGTGTTCGTAGTCA-1,donor3,10
donor3_CGGTCAGAGCACCTGC-1,donor3,12
donor3_CGGTCAGAGGATACCG-1,donor3,10
donor3_CGGTCAGAGGATTCAA-1,donor3,9
donor3_CGGTCAGAGGTAACTA-1,donor3,10
donor3_CGGTCAGCAGCAGATG-1,donor3,12
donor3_CGGTCAGCATCGGATT-1,donor3,12
donor3_CGGTCAGGTATGAAGT-1,donor3,10
donor3_CGGTCAGGTCGTATGT-1,donor3,11
donor3_CGGTCAGGTGTGCCTG-1,donor3,10
donor3_CGGTCAGGTTATGTCG-1,donor3,11
donor3_CGGTCAGTCGCTATTT-1,donor3,20
donor3_CGTAAGTAGACTTCAC-1,donor3,12
donor3_CGTAAGTAGTGCTCGC-1,donor3,11
donor3_CGTAAGTCAATAGTCC-1,donor3,9
donor3_CGTAAGTCACTCGATA-1,donor3,12
donor3_CGTAAGTCAGATTCGT-1,donor3,12
donor3_CGTAAGTGTACCCAGC-1,donor3,9
donor3_CGTAAGTGTTAGGAGC-1,donor3,9
donor3_CGTAAGTTCGGATACT-1,donor3,20
donor3_CGTAAGTTCTGAGAGG-1,donor3,10
donor3_CGTAATGAGGGTTAAT-1,donor3,6
donor3_CGTAATGAGGTCACTT-1,donor3,10
donor3_CGTAATGCAACGATCT-1,donor3,10
donor3_CGTAATGCATGGCCAC-1,donor3,10
donor3_CGTAATGCATGGTACT-1,donor3,6
donor3_CGTAATGGTAGTCACT-1,donor3,6
donor3_CGTAATGGTCCACTCT-1,donor3,12
donor3_CGTAATGGTTCAAACC-1,donor3,11
donor3_CGTAATGTCCCGTTCA-1,donor3,10
donor3_CGTAATGTCGCAACAT-1,donor3,12
donor3_CGTAATGTCGGATAAA-1,donor3,9
donor3_CGTAGTACAAGCGCTC-1,donor3,14
donor3_CGTAGTACAAGCTCTA-1,donor3,12
donor3_CGTAGTATCTGTGCGG-1,donor3,10
donor3_CGTCAAAAGAGAGCCT-1,donor3,11
donor3_CGTCAAAAGCTCGGCT-1,donor3,6
donor3_CGTCAAAAGTGCCGAA-1,donor3,9
donor3_CGTCAAACAAGCTGCC-1,donor3,10
donor3_CGTCAAACAGGCACAA-1,donor3,12
donor3_CGTCAAACAGGTCCCA-1,donor3,10
donor3_CGTCAAACAGGTGAGT-1,donor3,10
donor3_CGTCAAACAGGTGGAT-1,donor3,6
donor3_CGTCAAAGTGTCCGGT-1,donor3,11
donor3_CGTCAAAGTTGGTACT-1,donor3,9
donor3_CGTCCATAGGTGCCTC-1,donor3,0
donor3_CGTCCATCAAATCAAG-1,donor3,6
donor3_CGTCCATCAATAGTAG-1,donor3,9
donor3_CGTCCATCACCATATG-1,donor3,12
donor3_CGTCCATCATGGGCAA-1,donor3,9
donor3_CGTCCATTCGCGTGCA-1,donor3,23
donor3_CGTCCATTCTCCTACG-1,donor3,12
donor3_CGTGAATCACTGCATA-1,donor3,9
donor3_CGTGAATCATCGCCTT-1,donor3,11
donor3_CGTGAATCATTCATCT-1,donor3,12
donor3_CGTGAATGTAAGATTG-1,donor3,23
donor3_CGTGAATGTACCGGAA-1,donor3,26
donor3_CGTGAATGTATCATGC-1,donor3,12
donor3_CGTGAATGTGATTAGA-1,donor3,7
donor3_CGTGAATGTGGTTTGT-1,donor3,9
donor3_CGTGAATTCACCTGGG-1,donor3,11
donor3_CGTGAATTCAGGGATG-1,donor3,21
donor3_CGTGAATTCCGATGCG-1,donor3,9
donor3_CGTGATAAGAATCGAT-1,donor3,12
donor3_CGTGATAAGGAAAGTG-1,donor3,8
donor3_CGTGATAGTCGTCTCT-1,donor3,12
donor3_CGTGATATCGTCCTCA-1,donor3,6
donor3_CGTGATATCTAGATCG-1,donor3,12
donor3_CGTGCTTAGCTGGAGT-1,donor3,6
donor3_CGTGCTTAGGTTCTTG-1,donor3,6
donor3_CGTGCTTAGTAGGATT-1,donor3,12
donor3_CGTGCTTAGTTGTAGA-1,donor3,9
donor3_CGTGCTTCACTTCTCG-1,donor3,12
donor3_CGTGCTTCAGAATTCC-1,donor3,10
donor3_CGTGCTTCAGCAGAAC-1,donor3,11
donor3_CGTGCTTCAGCGTTTA-1,donor3,9
donor3_CGTGCTTCATATACCG-1,donor3,10
donor3_CGTGCTTCATATGAAG-1,donor3,10
donor3_CGTGCTTTCAAATGCC-1,donor3,12
donor3_CGTGCTTTCACACCCT-1,donor3,12
donor3_CGTGCTTTCCCTTGGT-1,donor3,9
donor3_CGTGTCTAGGGCAATC-1,donor3,10
donor3_CGTGTCTCAGCTTTCC-1,donor3,12
donor3_CGTGTCTCATCATCCC-1,donor3,12
donor3_CGTGTCTGTTCAAGGG-1,donor3,11
donor3_CGTTAGAAGAGGTTAT-1,donor3,11
donor3_CGTTAGACACGTACAT-1,donor3,9
donor3_CGTTAGAGTAAGAACT-1,donor3,11
donor3_CGTTAGAGTACTGAGG-1,donor3,10
donor3_CGTTAGAGTGCGTGCT-1,donor3,11
donor3_CGTTAGATCATGCGGC-1,donor3,11
donor3_CGTTAGATCCATCTGC-1,donor3,9
donor3_CGTTAGATCGACGACC-1,donor3,9
donor3_CGTTCTGAGCCTATTG-1,donor3,6
donor3_CGTTCTGAGGATCACG-1,donor3,26
donor3_CGTTCTGAGGCCCACT-1,donor3,9
donor3_CGTTCTGCAGCTTCCT-1,donor3,6
donor3_CGTTCTGGTATGGGAC-1,donor3,14
donor3_CGTTCTGGTGAACCGA-1,donor3,6
donor3_CGTTCTGGTGGCTGCT-1,donor3,10
donor3_CGTTCTGTCAGCACCG-1,donor3,9
donor3_CGTTCTGTCGGTTGTA-1,donor3,6
donor3_CGTTGGGAGACAACTA-1,donor3,10
donor3_CGTTGGGCAGAGTCAG-1,donor3,12
donor3_CGTTGGGCAGGAAGTC-1,donor3,10
donor3_CGTTGGGGTAGGAGGG-1,donor3,11
donor3_CGTTGGGGTGTAGCAG-1,donor3,9
donor3_CGTTGGGGTTTATGCG-1,donor3,6
donor3_CGTTGGGTCTCACCCA-1,donor3,11
donor3_CGTTGGGTCTCTCTAA-1,donor3,12
donor3_CTAACCCCAAAGACGC-1,donor3,12
donor3_CTAACCCCAGTAACGG-1,donor3,10
donor3_CTAACCCCATGAGGGT-1,donor3,9
donor3_CTAACCCGTAATGTGA-1,donor3,10
donor3_CTAACCCGTACGATCT-1,donor3,10
donor3_CTAACCCGTGCATGTT-1,donor3,12
donor3_CTAACCCTCATGAGGG-1,donor3,6
donor3_CTAACTTAGCGTTCAT-1,donor3,9
donor3_CTAACTTCAGTGTATC-1,donor3,23
donor3_CTAACTTCATCTCGTC-1,donor3,10
donor3_CTAACTTCATGTGGTT-1,donor3,9
donor3_CTAACTTGTACTGCGC-1,donor3,12
donor3_CTAACTTGTCTGTAAC-1,donor3,9
donor3_CTAACTTGTGTGCTTA-1,donor3,11
donor3_CTAACTTTCATTCGGA-1,donor3,9
donor3_CTAAGTGAGACGACGT-1,donor3,12
donor3_CTAAGTGAGCCTTGAT-1,donor3,9
donor3_CTAAGTGAGCGTGCCT-1,donor3,12
donor3_CTAAGTGAGGGCTAAC-1,donor3,12
donor3_CTAAGTGCAAAGGGCT-1,donor3,11
donor3_CTAAGTGCATCGATGT-1,donor3,6
donor3_CTAAGTGGTACAGAGC-1,donor3,10
donor3_CTAAGTGGTATTCCGA-1,donor3,14
donor3_CTAAGTGGTCGACTTA-1,donor3,10
donor3_CTAAGTGGTGGCGCTT-1,donor3,6
donor3_CTAAGTGTCAAAGACA-1,donor3,6
donor3_CTAAGTGTCCTACGGG-1,donor3,10
donor3_CTAAGTGTCCTCTCGA-1,donor3,9
donor3_CTACAGAAGACGCAGT-1,donor3,14
donor3_CTACAGAAGCATGCAG-1,donor3,9
donor3_CTACAGAAGGCTAACG-1,donor3,10
donor3_CTACAGAAGTGACCTT-1,donor3,10
donor3_CTACAGACAGCTACTA-1,donor3,12
donor3_CTACAGAGTCCTATAG-1,donor3,6
donor3_CTACAGATCGTTCTCG-1,donor3,9
donor3_CTACAGATCTACTCAT-1,donor3,6
donor3_CTACATTCACTAGGTT-1,donor3,12
donor3_CTACATTCATACTGTG-1,donor3,9
donor3_CTACATTCATGACGGA-1,donor3,11
donor3_CTACATTGTAGGGAGG-1,donor3,6
donor3_CTACATTGTCGATTCA-1,donor3,10
donor3_CTACATTGTCGCGGTT-1,donor3,11
donor3_CTACATTGTGGCGTAA-1,donor3,14
donor3_CTACATTGTTAAACAG-1,donor3,12
donor3_CTACCCAAGAAGCCTG-1,donor3,6
donor3_CTACCCAAGTCTCCTC-1,donor3,0
donor3_CTACCCAAGTGATAGT-1,donor3,12
donor3_CTACCCACATCCAACA-1,donor3,14
donor3_CTACCCAGTATAGCTC-1,donor3,1
donor3_CTACCCATCGGTCTAA-1,donor3,12
donor3_CTACCCATCTTCTCAA-1,donor3,10
donor3_CTACCTGAGAAACCCG-1,donor3,11
donor3_CTACCTGAGTAGCCAG-1,donor3,0
donor3_CTACCTGAGTCGAAAT-1,donor3,6
donor3_CTACCTGAGTCGCGAA-1,donor3,11
donor3_CTACCTGCAAGCGAAC-1,donor3,9
donor3_CTACCTGCACTTGAAC-1,donor3,12
donor3_CTACCTGGTCGCGGTT-1,donor3,11
donor3_CTACCTGGTTAGGGAC-1,donor3,10
donor3_CTACCTGGTTGTTGCA-1,donor3,9
donor3_CTACCTGTCCGCACGA-1,donor3,10
donor3_CTACCTGTCCTAAACG-1,donor3,9
donor3_CTACCTGTCGTGACTA-1,donor3,9
donor3_CTACCTGTCTCATAGG-1,donor3,11
donor3_CTACCTGTCTCCAAGA-1,donor3,11
donor3_CTACGGGCAATCTAGC-1,donor3,12
donor3_CTACGGGCAGACTCTA-1,donor3,11
donor3_CTACGGGCAGAGTGTG-1,donor3,11
donor3_CTACGGGCAGCGCGTT-1,donor3,10
donor3_CTACGGGCAGTAACAA-1,donor3,12
donor3_CTACGGGGTCCCTAAA-1,donor3,10
donor3_CTACGGGGTGCATGTT-1,donor3,12
donor3_CTACGGGGTGGCCCAT-1,donor3,10
donor3_CTACGGGGTTATAGAG-1,donor3,12
donor3_CTACGGGTCAGAGCAG-1,donor3,12
donor3_CTACTATAGAACTTCC-1,donor3,12
donor3_CTACTATAGATGTTAG-1,donor3,9
donor3_CTACTATAGCCGATTT-1,donor3,6
donor3_CTACTATAGCCTCAAT-1,donor3,10
donor3_CTACTATCAACGGTAG-1,donor3,12
donor3_CTACTATCAAGAGTTA-1,donor3,12
donor3_CTACTATGTCCATAGT-1,donor3,12
donor3_CTACTATGTCTACGTA-1,donor3,9
donor3_CTACTATGTGTTGACT-1,donor3,9
donor3_CTACTATTCGAAGCCC-1,donor3,10
donor3_CTACTATTCGGTCTGG-1,donor3,9
donor3_CTAGACAAGAGTAACT-1,donor3,11
donor3_CTAGACACACTTCAGA-1,donor3,12
donor3_CTAGACACAGTATACC-1,donor3,12
donor3_CTAGACACATGTTTGG-1,donor3,11
donor3_CTAGACAGTCAGACTT-1,donor3,6
donor3_CTAGACAGTGGCTTGC-1,donor3,9
donor3_CTAGACAGTGTAAACA-1,donor3,10
donor3_CTAGACATCAATGCAC-1,donor3,9
donor3_CTAGACATCGGAGCAA-1,donor3,23
donor3_CTAGACATCTGGCCAG-1,donor3,6
donor3_CTAGGTAAGGTTGACG-1,donor3,12
donor3_CTAGGTACACCTGCGA-1,donor3,12
donor3_CTAGGTACATATTCGG-1,donor3,11
donor3_CTAGGTACATGGCTAT-1,donor3,0
donor3_CTAGGTAGTCTTGCTC-1,donor3,9
donor3_CTAGGTATCATCACTT-1,donor3,10
donor3_CTAGGTATCTAAGGAA-1,donor3,10
donor3_CTAGGTATCTTTGCAT-1,donor3,1
donor3_CTATAGGAGCGCCGTT-1,donor3,9
donor3_CTATAGGAGGTAACTA-1,donor3,11
donor3_CTATAGGTCAATCCAG-1,donor3,9
donor3_CTATAGGTCACTGTTT-1,donor3,6
donor3_CTATAGGTCAGGTGTT-1,donor3,12
donor3_CTATAGGTCGCTACAA-1,donor3,9
donor3_CTATAGGTCTAGAGCT-1,donor3,12
donor3_CTATAGGTCTCAGGCG-1,donor3,6
donor3_CTATCCGAGACCTCCG-1,donor3,10
donor3_CTATCCGAGCCACCGT-1,donor3,9
donor3_CTATCCGAGTAGCTCT-1,donor3,6
donor3_CTATCCGCAATGGCCC-1,donor3,12
donor3_CTATCCGCACAAATGA-1,donor3,9
donor3_CTATCCGCACACCGCA-1,donor3,12
donor3_CTATCCGTCCACGTCT-1,donor3,14
donor3_CTATCCGTCCTGCCAT-1,donor3,9
donor3_CTATCCGTCTGCGTCT-1,donor3,6
donor3_CTATCCGTCTTCGTAT-1,donor3,14
donor3_CTATCCGTCTTGAGCA-1,donor3,14
donor3_CTATCTAAGAAGCTGC-1,donor3,12
donor3_CTATCTAAGCGACAGT-1,donor3,6
donor3_CTATCTAAGCTGAAGC-1,donor3,6
donor3_CTATCTACACAGAGAC-1,donor3,11
donor3_CTATCTACATAGGAGC-1,donor3,11
donor3_CTATCTACATATGCGT-1,donor3,6
donor3_CTATCTAGTCATCCGG-1,donor3,12
donor3_CTATCTAGTTGCCGCA-1,donor3,12
donor3_CTATCTATCATTATCC-1,donor3,9
donor3_CTATCTATCTGCACCT-1,donor3,12
donor3_CTATCTATCTTCCACG-1,donor3,12
donor3_CTCAACCAGAAGTCTA-1,donor3,14
donor3_CTCAACCAGGGCTGAT-1,donor3,6
donor3_CTCAACCAGGTAACTA-1,donor3,9
donor3_CTCAACCAGTACCGGA-1,donor3,12
donor3_CTCAACCAGTGCAACG-1,donor3,11
donor3_CTCAACCCAACTTGGT-1,donor3,12
donor3_CTCAACCCACACAGCC-1,donor3,10
donor3_CTCAACCCATATACCG-1,donor3,12
donor3_CTCAACCGTTAGCGGA-1,donor3,11
donor3_CTCAACCGTTGACTGT-1,donor3,11
donor3_CTCAACCGTTTCTATC-1,donor3,11
donor3_CTCAACCTCACCTCAC-1,donor3,6
donor3_CTCAAGAAGACGAGCT-1,donor3,6
donor3_CTCAAGAAGAGGCGGA-1,donor3,9
donor3_CTCAAGAAGCAGATAT-1,donor3,10
donor3_CTCAAGAAGGCACCAA-1,donor3,9
donor3_CTCAAGACAAAGCTCT-1,donor3,11
donor3_CTCAAGACAGCTTTGA-1,donor3,14
donor3_CTCAAGACAGTGTGCC-1,donor3,6
donor3_CTCAAGAGTGCCGGTT-1,donor3,6
donor3_CTCAAGAGTGGCTTAT-1,donor3,10
donor3_CTCAAGAGTTGGGATG-1,donor3,10
donor3_CTCAAGATCGAAACAA-1,donor3,12
donor3_CTCAAGATCTGGAAGG-1,donor3,9
donor3_CTCAATTAGCCATTGT-1,donor3,10
donor3_CTCAATTAGGGAGGCA-1,donor3,9
donor3_CTCAATTCACGTCGTG-1,donor3,10
donor3_CTCAATTCAGCGAGTA-1,donor3,10
donor3_CTCAATTCAGTCGGTC-1,donor3,10
donor3_CTCAATTCAGTTAAAG-1,donor3,12
donor3_CTCAATTGTCCCTAAA-1,donor3,9
donor3_CTCACTGAGCATCGAG-1,donor3,12
donor3_CTCACTGCATGAAAGT-1,donor3,12
donor3_CTCACTGGTATGAGAT-1,donor3,9
donor3_CTCACTGGTTCCGCGA-1,donor3,11
donor3_CTCACTGTCACTACTT-1,donor3,14
donor3_CTCACTGTCCGCTTAC-1,donor3,10
donor3_CTCACTGTCTTCGTGC-1,donor3,1
donor3_CTCAGAAAGACGCTCC-1,donor3,7
donor3_CTCAGAAAGCAACCAG-1,donor3,10
donor3_CTCAGAAAGCGAAACC-1,donor3,12
donor3_CTCAGAAAGGACGGAG-1,donor3,10
donor3_CTCAGAACAAAGGATT-1,donor3,12
donor3_CTCAGAACAACACGAG-1,donor3,10
donor3_CTCAGAACATCGATAC-1,donor3,12
donor3_CTCAGAAGTAACAAGT-1,donor3,9
donor3_CTCAGAAGTAGACGGT-1,donor3,10
donor3_CTCAGAAGTAGGAGGG-1,donor3,0
donor3_CTCAGAAGTCCTTTGC-1,donor3,6
donor3_CTCAGAAGTGCATACT-1,donor3,9
donor3_CTCAGAAGTGCGTTTA-1,donor3,23
donor3_CTCAGAAGTGTGTCCG-1,donor3,12
donor3_CTCAGAATCATTTGTC-1,donor3,11
donor3_CTCAGAATCCGTGTGG-1,donor3,9
donor3_CTCAGGGAGCACCCAC-1,donor3,10
donor3_CTCAGGGAGTCCCGGT-1,donor3,12
donor3_CTCAGGGCACGCCAGT-1,donor3,7
donor3_CTCAGGGCAGTCGTTA-1,donor3,9
donor3_CTCAGGGGTAGTCGGA-1,donor3,10
donor3_CTCAGGGGTATGCGTT-1,donor3,12
donor3_CTCAGTCAGGAGTACC-1,donor3,11
donor3_CTCAGTCCAGAGCCCT-1,donor3,6
donor3_CTCAGTCCAGTTGTTG-1,donor3,9
donor3_CTCAGTCGTGAAGCGT-1,donor3,10
donor3_CTCAGTCTCTGCTTAT-1,donor3,6
donor3_CTCATCGAGAAATGGG-1,donor3,11
donor3_CTCATCGAGACCTGGA-1,donor3,6
donor3_CTCATCGAGACTCGAG-1,donor3,6
donor3_CTCATCGAGATGATTG-1,donor3,10
donor3_CTCATCGCAGGCCTGT-1,donor3,11
donor3_CTCATCGGTATGAAGT-1,donor3,9
donor3_CTCATCGGTGCGAACA-1,donor3,11
donor3_CTCATCGGTTGCTCGG-1,donor3,10
donor3_CTCATGCAGCGAGGAG-1,donor3,17
donor3_CTCATGCAGGTCACCC-1,donor3,10
donor3_CTCATGCAGTACTGTC-1,donor3,12
donor3_CTCATGCCAATGCTCA-1,donor3,9
donor3_CTCATGCCACGCTATA-1,donor3,9
donor3_CTCATGCCACTGCGAC-1,donor3,9
donor3_CTCATGCGTACTGAGG-1,donor3,10
donor3_CTCATGCGTCCACTCT-1,donor3,10
donor3_CTCATGCGTGCTAGCC-1,donor3,12
donor3_CTCATGCTCAATGCAC-1,donor3,12
donor3_CTCATGCTCCCGAAAT-1,donor3,6
donor3_CTCATGCTCGACGATT-1,donor3,10
donor3_CTCATGCTCGCTGATA-1,donor3,10
donor3_CTCATGCTCGGTATGT-1,donor3,10
donor3_CTCATTAAGAGTCTTC-1,donor3,10
donor3_CTCATTACAGCTGCCA-1,donor3,10
donor3_CTCATTACATGCGTGC-1,donor3,6
donor3_CTCATTAGTATCCCAA-1,donor3,23
donor3_CTCATTAGTCAACCAT-1,donor3,7
donor3_CTCATTAGTCTCCCTA-1,donor3,10
donor3_CTCATTAGTGAGACGT-1,donor3,10
donor3_CTCATTAGTGAGTCAG-1,donor3,12
donor3_CTCATTAGTTTCACTT-1,donor3,9
donor3_CTCATTATCCTATTTG-1,donor3,12
donor3_CTCATTATCGGTTCAA-1,donor3,9
donor3_CTCCAACAGGTTAAAC-1,donor3,9
donor3_CTCCAACGTCCATAGT-1,donor3,14
donor3_CTCCAACGTCTTACAG-1,donor3,12
donor3_CTCCAACGTGATACAA-1,donor3,10
donor3_CTCCAACGTGGCCTCA-1,donor3,12
donor3_CTCCAACTCCAGTTCC-1,donor3,11
donor3_CTCCACAAGTGAGGTC-1,donor3,12
donor3_CTCCACAAGTTTCTTC-1,donor3,10
donor3_CTCCACAGTCGTGGTC-1,donor3,10
donor3_CTCCACAGTGGATCGA-1,donor3,10
donor3_CTCCACATCCAAATGC-1,donor3,11
donor3_CTCCATGAGACATAGT-1,donor3,14
donor3_CTCCATGAGCACTCGC-1,donor3,9
donor3_CTCCATGAGCGCGTTC-1,donor3,10
donor3_CTCCATGCAATGCTCA-1,donor3,26
donor3_CTCCATGCACTCTCGT-1,donor3,0
donor3_CTCCATGGTAACCCGC-1,donor3,12
donor3_CTCCATGGTAGTCTTG-1,donor3,12
donor3_CTCCATGGTCGCTGCA-1,donor3,12
donor3_CTCCATGGTCTTGTCC-1,donor3,10
donor3_CTCCATGGTGAGAGGG-1,donor3,12
donor3_CTCCATGGTGCCTACG-1,donor3,9
donor3_CTCCATGGTTACCGTA-1,donor3,12
donor3_CTCCATGTCAGAGTTC-1,donor3,6
donor3_CTCCATGTCTCCTGAC-1,donor3,12
donor3_CTCCATGTCTGGCTGG-1,donor3,10
donor3_CTCCCAAAGACCGCCT-1,donor3,10
donor3_CTCCCAACAGAAGCGT-1,donor3,9
donor3_CTCCCAACAGAGATTA-1,donor3,9
donor3_CTCCCAATCATAGAGA-1,donor3,1
donor3_CTCCCAATCCGAGGCT-1,donor3,9
donor3_CTCCCAATCCGTCACT-1,donor3,9
donor3_CTCCCAATCGGATTAC-1,donor3,12
donor3_CTCCCTCCAATGGCCC-1,donor3,7
donor3_CTCCCTCGTCCAGGTC-1,donor3,6
donor3_CTCCCTCTCATGGCCG-1,donor3,6
donor3_CTCCCTCTCCCGGTAG-1,donor3,12
donor3_CTCCCTCTCGATTTCT-1,donor3,9
donor3_CTCCCTCTCTACTCAT-1,donor3,6
donor3_CTCCCTCTCTCTTAAC-1,donor3,6
donor3_CTCCGATAGAGTGACC-1,donor3,9
donor3_CTCCGATAGCAACAGC-1,donor3,6
donor3_CTCCGATAGCCGATTT-1,donor3,9
donor3_CTCCGATAGGTGGCTA-1,donor3,10
donor3_CTCCGATAGTAGATCA-1,donor3,10
donor3_CTCCGATAGTCAGCGA-1,donor3,12
donor3_CTCCGATCACTACACA-1,donor3,9
donor3_CTCCGATCACTCAGAT-1,donor3,10
donor3_CTCCGATCATGAATAG-1,donor3,6
donor3_CTCCGATTCGCATAGT-1,donor3,11
donor3_CTCCGATTCTAACGGT-1,donor3,12
donor3_CTCCGATTCTGCGGCA-1,donor3,9
donor3_CTCCGATTCTTACGGA-1,donor3,11
donor3_CTCCGATTCTTGGGCG-1,donor3,23
donor3_CTCCTCCCAACTGCCG-1,donor3,1
donor3_CTCCTCCCAATGTGGG-1,donor3,9
donor3_CTCCTCCCACATTACG-1,donor3,10
donor3_CTCCTCCGTGCATTTG-1,donor3,7
donor3_CTCCTCCTCCAAGGGA-1,donor3,6
donor3_CTCCTCCTCTGGGATT-1,donor3,12
donor3_CTCCTTTAGGTGGTTG-1,donor3,7
donor3_CTCCTTTCAAGCGAGT-1,donor3,6
donor3_CTCCTTTCAATGCTCA-1,donor3,9
donor3_CTCCTTTCACTGTCCT-1,donor3,9
donor3_CTCCTTTCAGGTGTGA-1,donor3,24
donor3_CTCCTTTCATTGGATC-1,donor3,10
donor3_CTCCTTTGTCACATTG-1,donor3,10
donor3_CTCCTTTTCACCGACG-1,donor3,14
donor3_CTCCTTTTCACTGTCC-1,donor3,12
donor3_CTCCTTTTCGCCTTGT-1,donor3,14
donor3_CTCGAGGAGCGTTCCG-1,donor3,10
donor3_CTCGAGGAGGACTAAT-1,donor3,9
donor3_CTCGAGGAGGCCACCT-1,donor3,11
donor3_CTCGAGGAGGTAAGGA-1,donor3,12
donor3_CTCGAGGCAAATTAGG-1,donor3,11
donor3_CTCGAGGGTCCGGATC-1,donor3,12
donor3_CTCGAGGTCACATACG-1,donor3,6
donor3_CTCGAGGTCAGGGTAG-1,donor3,12
donor3_CTCGAGGTCGGTAACT-1,donor3,9
donor3_CTCTCAGAGGGCATGT-1,donor3,7
donor3_CTCTCAGAGTCTACCA-1,donor3,11
donor3_CTCTCAGCAAATGAAC-1,donor3,9
donor3_CTCTCAGCAGCTACAT-1,donor3,6
donor3_CTCTCAGTCACGAGGA-1,donor3,11
donor3_CTCTCAGTCGGCATCG-1,donor3,6
donor3_CTCTCAGTCTAGACAC-1,donor3,11
donor3_CTCTCAGTCTGTTCAT-1,donor3,11
donor3_CTCTCGAAGATTACCC-1,donor3,12
donor3_CTCTCGAAGTTGAAGT-1,donor3,6
donor3_CTCTCGACAAGTATCC-1,donor3,9
donor3_CTCTCGACACATGGTT-1,donor3,11
donor3_CTCTCGACACGACGAA-1,donor3,9
donor3_CTCTCGACAGGTCCCA-1,donor3,6
donor3_CTCTCGACATGCAGCC-1,donor3,12
donor3_CTCTCGAGTCTCAAGT-1,donor3,5
donor3_CTCTCGAGTGGTCCCA-1,donor3,12
donor3_CTCTCGATCAACCGAT-1,donor3,23
donor3_CTCTCGATCCTCTAGC-1,donor3,12
donor3_CTCTCGATCGATTCCC-1,donor3,11
donor3_CTCTCGATCGGCAGTC-1,donor3,6
donor3_CTCTCGATCTTTCCAA-1,donor3,12
donor3_CTCTGGTAGTCTGGTT-1,donor3,9
donor3_CTCTGGTCAGCTTCGG-1,donor3,23
donor3_CTCTGGTCAGTCTTCC-1,donor3,11
donor3_CTCTGGTGTCACTAGT-1,donor3,6
donor3_CTGAATGAGTATGACA-1,donor3,11
donor3_CTGAATGAGTGCAAAT-1,donor3,11
donor3_CTGAATGCACGCACCA-1,donor3,12
donor3_CTGAATGCATCGTCCT-1,donor3,12
donor3_CTGAATGGTGTTATCG-1,donor3,6
donor3_CTGAATGTCCATTTCA-1,donor3,9
donor3_CTGAATGTCGCACGAC-1,donor3,12
donor3_CTGAGCGAGCCATTCA-1,donor3,6
donor3_CTGAGCGCAAACTGCT-1,donor3,10
donor3_CTGAGCGCAAATCAGA-1,donor3,11
donor3_CTGAGCGCAGAGACTG-1,donor3,9
donor3_CTGAGCGGTAATTAGG-1,donor3,9
donor3_CTGAGCGGTATGGAGC-1,donor3,10
donor3_CTGAGCGGTCTAGATC-1,donor3,9
donor3_CTGAGCGGTGTTTGCA-1,donor3,11
donor3_CTGAGCGGTTGGAGGT-1,donor3,11
donor3_CTGAGCGTCGGCTGGT-1,donor3,11
donor3_CTGAGCGTCTTCGGTC-1,donor3,14
donor3_CTGAGGCAGCACCAGA-1,donor3,12
donor3_CTGAGGCCAACACGTT-1,donor3,10
donor3_CTGAGGCCAAGCACCC-1,donor3,9
donor3_CTGAGGCCACATCCCT-1,donor3,11
donor3_CTGAGGCCACCTCAGG-1,donor3,6
donor3_CTGAGGCCACGTCGTG-1,donor3,9
donor3_CTGAGGCCATCCGATA-1,donor3,9
donor3_CTGAGGCCATTGCTTT-1,donor3,12
donor3_CTGAGGCGTAACGATA-1,donor3,12
donor3_CTGAGGCGTAGCGATG-1,donor3,6
donor3_CTGAGGCGTGACAGCA-1,donor3,6
donor3_CTGAGGCGTGCTATTG-1,donor3,12
donor3_CTGAGGCTCGAGTGGA-1,donor3,6
donor3_CTGATCCCAAGGCTTT-1,donor3,9
donor3_CTGATCCCAGTTGTCA-1,donor3,7
donor3_CTGATCCCATAATCGC-1,donor3,11
donor3_CTGATCCCATGACCCG-1,donor3,9
donor3_CTGATCCCATGTACGT-1,donor3,12
donor3_CTGATCCTCATGAGAA-1,donor3,9
donor3_CTGATCCTCCCATGGG-1,donor3,10
donor3_CTGATCCTCTTAGGAC-1,donor3,12
donor3_CTGCAGGAGAAATCCA-1,donor3,6
donor3_CTGCAGGAGAACCCGA-1,donor3,9
donor3_CTGCAGGAGCAGCAGT-1,donor3,6
donor3_CTGCAGGAGCGTGTTT-1,donor3,10
donor3_CTGCAGGAGTTGCATC-1,donor3,10
donor3_CTGCAGGAGTTGGCTT-1,donor3,12
donor3_CTGCAGGCAGGCATGA-1,donor3,9
donor3_CTGCAGGGTAAGACCG-1,donor3,12
donor3_CTGCAGGGTCATCTAG-1,donor3,10
donor3_CTGCAGGGTTACCTGA-1,donor3,10
donor3_CTGCAGGGTTGAATCC-1,donor3,26
donor3_CTGCAGGGTTTGACAC-1,donor3,11
donor3_CTGCAGGTCGCCCAGA-1,donor3,12
donor3_CTGCAGGTCTGCATAG-1,donor3,9
donor3_CTGCATCCAACCAATC-1,donor3,11
donor3_CTGCATCCAATCGCCG-1,donor3,9
donor3_CTGCATCCACATATGC-1,donor3,9
donor3_CTGCATCCACTATCGA-1,donor3,9
donor3_CTGCATCGTACCCGCA-1,donor3,12
donor3_CTGCATCGTAGGCTGA-1,donor3,11
donor3_CTGCATCTCGTTCGCT-1,donor3,12
donor3_CTGCCATAGGGTAATT-1,donor3,10
donor3_CTGCCATCAGAGACTG-1,donor3,12
donor3_CTGCCATCATTACTCT-1,donor3,9
donor3_CTGCCATGTACTCGTA-1,donor3,12
donor3_CTGCCATGTGGTTTGT-1,donor3,12
donor3_CTGCCATGTTCTATCT-1,donor3,9
donor3_CTGCCATTCCTCACTG-1,donor3,10
donor3_CTGCCATTCTAGAACC-1,donor3,10
donor3_CTGCCATTCTCATAGG-1,donor3,10
donor3_CTGCCTAAGATGTTCC-1,donor3,12
donor3_CTGCCTAAGCATAGGC-1,donor3,12
donor3_CTGCCTAAGGCATGCA-1,donor3,10
donor3_CTGCCTACACAGAGAC-1,donor3,10
donor3_CTGCCTACAGATCCTA-1,donor3,12
donor3_CTGCCTACATTGACAC-1,donor3,9
donor3_CTGCCTAGTAACATAG-1,donor3,11
donor3_CTGCCTATCATGGTAC-1,donor3,6
donor3_CTGCCTATCTTCGACC-1,donor3,23
donor3_CTGCGAGCACTGGAAG-1,donor3,9
donor3_CTGCGAGCACTGTGAT-1,donor3,6
donor3_CTGCGAGGTCGCTTAA-1,donor3,10
donor3_CTGCGAGGTTCTGACA-1,donor3,9
donor3_CTGCGAGGTTGCGGAA-1,donor3,11
donor3_CTGCGAGTCGGTGAAG-1,donor3,9
donor3_CTGCGAGTCTATCGCC-1,donor3,9
donor3_CTGCTCAAGCATGGGT-1,donor3,9
donor3_CTGCTCACAAGACGGT-1,donor3,11
donor3_CTGCTCACAAGATCCT-1,donor3,7
donor3_CTGCTCACACCCTAGG-1,donor3,12
donor3_CTGCTCAGTACAGTTC-1,donor3,6
donor3_CTGCTCAGTCCCGGTA-1,donor3,6
donor3_CTGCTCAGTCCGACGT-1,donor3,11
donor3_CTGCTCAGTGAATTAG-1,donor3,21
donor3_CTGCTCAGTGTAAATG-1,donor3,12
donor3_CTGCTCAGTTGTGGCC-1,donor3,11
donor3_CTGCTCATCATGCTAG-1,donor3,6
donor3_CTGCTCATCATTACGG-1,donor3,6
donor3_CTGCTCATCCTCTCTT-1,donor3,6
donor3_CTGCTCATCGAACGGA-1,donor3,6
donor3_CTGGACGAGTCGCCCA-1,donor3,9
donor3_CTGGACGCACTGTGAT-1,donor3,11
donor3_CTGGACGCAGATGCGA-1,donor3,6
donor3_CTGGACGCAGTTGCGC-1,donor3,23
donor3_CTGGACGCATATACCG-1,donor3,10
donor3_CTGGACGGTCTAATCG-1,donor3,12
donor3_CTGGACGTCATCTGTT-1,donor3,10
donor3_CTGGACGTCCTGTTGC-1,donor3,10
donor3_CTGGCAGAGAATTCAG-1,donor3,10
donor3_CTGGCAGAGTCCGTCG-1,donor3,12
donor3_CTGGCAGAGTGGCGAT-1,donor3,9
donor3_CTGGCAGCACCCTGTT-1,donor3,9
donor3_CTGGCAGCATGGCCAC-1,donor3,10
donor3_CTGGCAGTCCAGCAAT-1,donor3,12
donor3_CTGGCAGTCCGGCAGT-1,donor3,6
donor3_CTGGCAGTCGTTATCT-1,donor3,10
donor3_CTGGTCTAGAGGATGA-1,donor3,6
donor3_CTGGTCTAGCATGCGA-1,donor3,21
donor3_CTGGTCTAGCGTCAAG-1,donor3,9
donor3_CTGGTCTAGTGGTGGT-1,donor3,9
donor3_CTGGTCTCACGCTATA-1,donor3,9
donor3_CTGGTCTCAGGCAATG-1,donor3,9
donor3_CTGGTCTCAGGTGTTT-1,donor3,9
donor3_CTGTACCAGATTGAGT-1,donor3,23
donor3_CTGTACCAGCGTACAG-1,donor3,14
donor3_CTGTACCAGGTAGACC-1,donor3,10
donor3_CTGTACCCAGTAACCT-1,donor3,7
donor3_CTGTACCGTACTCAAC-1,donor3,12
donor3_CTGTAGAAGAACAAGG-1,donor3,10
donor3_CTGTAGAAGGAAGAAC-1,donor3,23
donor3_CTGTAGACACAAATGA-1,donor3,9
donor3_CTGTAGACACCAGTAT-1,donor3,9
donor3_CTGTAGAGTGGTCTTA-1,donor3,7
donor3_CTGTAGAGTTAGAAGT-1,donor3,0
donor3_CTGTAGAGTTCTATCT-1,donor3,9
donor3_CTGTAGAGTTGGCCTG-1,donor3,12
donor3_CTGTATTAGCTCGAAG-1,donor3,12
donor3_CTGTATTCACACGTGC-1,donor3,11
donor3_CTGTATTCAGAACGCA-1,donor3,10
donor3_CTGTATTCAGCGTACC-1,donor3,10
donor3_CTGTATTCATACCACA-1,donor3,11
donor3_CTGTATTGTTGAGGAC-1,donor3,6
donor3_CTGTATTTCATATGGC-1,donor3,12
donor3_CTGTATTTCGCGATCG-1,donor3,9
donor3_CTGTCGTAGCCTAACT-1,donor3,11
donor3_CTGTCGTCAGCAGACA-1,donor3,9
donor3_CTGTCGTGTTCTAAGC-1,donor3,10
donor3_CTGTCGTTCAGACCTA-1,donor3,12
donor3_CTGTCGTTCCCGTGAG-1,donor3,10
donor3_CTGTCGTTCCTGCTAC-1,donor3,13
donor3_CTGTCGTTCGTCACCT-1,donor3,10
donor3_CTGTCGTTCTAGATCG-1,donor3,9
donor3_CTGTCGTTCTAGGCCG-1,donor3,12
donor3_CTGTGAAAGACTCTAC-1,donor3,6
donor3_CTGTGAAAGATCCTAC-1,donor3,6
donor3_CTGTGAAAGGTAACTA-1,donor3,12
donor3_CTGTGAACATACTGAC-1,donor3,10
donor3_CTGTGAATCTCGACGG-1,donor3,9
donor3_CTGTGAATCTGCCTCA-1,donor3,11
donor3_CTGTGGGAGCGAACTG-1,donor3,12
donor3_CTGTGGGAGCTGTACT-1,donor3,10
donor3_CTGTGGGCAACAGTGG-1,donor3,11
donor3_CTGTGGGCACCAGCGT-1,donor3,6
donor3_CTGTGGGCATATCGGT-1,donor3,12
donor3_CTGTGGGGTACCTGTA-1,donor3,6
donor3_CTGTGGGGTAGTCCTA-1,donor3,12
donor3_CTTACCGAGCACCAGA-1,donor3,11
donor3_CTTACCGAGCTGAAGC-1,donor3,12
donor3_CTTACCGAGTAGGAAG-1,donor3,9
donor3_CTTACCGCAAATCAAG-1,donor3,1
donor3_CTTACCGCAACGAGGT-1,donor3,26
donor3_CTTACCGCAGCATCTA-1,donor3,12
donor3_CTTACCGGTACCCGCA-1,donor3,7
donor3_CTTACCGGTCATCTAG-1,donor3,10
donor3_CTTACCGTCACTGATG-1,donor3,9
donor3_CTTACCGTCATGAAAG-1,donor3,9
donor3_CTTACCGTCTAGTTCT-1,donor3,10
donor3_CTTACCGTCTTGAACG-1,donor3,9
donor3_CTTAGGAAGGTCACCC-1,donor3,9
donor3_CTTAGGAAGTATGAGT-1,donor3,9
donor3_CTTAGGAGTACTAAGA-1,donor3,0
donor3_CTTAGGAGTATCCTTT-1,donor3,9
donor3_CTTAGGAGTCGTGGAA-1,donor3,20
donor3_CTTAGGAGTTTGACAC-1,donor3,12
donor3_CTTAGGATCAGCAATC-1,donor3,6
donor3_CTTCAATAGCCAAGTG-1,donor3,20
donor3_CTTCAATAGTCTTCGA-1,donor3,6
donor3_CTTCAATCAACTGTGT-1,donor3,11
donor3_CTTCAATCACTAACGT-1,donor3,6
donor3_CTTCAATCAGGTTCGC-1,donor3,23
donor3_CTTCAATGTCAAACGG-1,donor3,10
donor3_CTTCAATGTCCTTGTC-1,donor3,6
donor3_CTTCAATGTGCGTGCT-1,donor3,9
donor3_CTTCAATGTTGTTGAC-1,donor3,12
donor3_CTTCAATTCCTTGACC-1,donor3,11
donor3_CTTCAATTCTCTCAAT-1,donor3,11
donor3_CTTCAATTCTGCTCTG-1,donor3,9
donor3_CTTCCGAAGTGAGGTC-1,donor3,10
donor3_CTTCCGACAGCGACCT-1,donor3,20
donor3_CTTCCGAGTACCTGTA-1,donor3,12
donor3_CTTCCGAGTCGTTATG-1,donor3,12
donor3_CTTCCGAGTGATACAA-1,donor3,14
donor3_CTTCCGATCAAAGCCT-1,donor3,9
donor3_CTTCCGATCAATGCAC-1,donor3,20
donor3_CTTCCGATCGCAAGAG-1,donor3,9
donor3_CTTCCTTAGAGTTCGG-1,donor3,9
donor3_CTTCCTTCAAAGCTCT-1,donor3,9
donor3_CTTCCTTCAAGTGATA-1,donor3,12
donor3_CTTCCTTGTAGCTTGT-1,donor3,10
donor3_CTTCCTTGTCTTCATT-1,donor3,11
donor3_CTTCCTTGTTCCAGGC-1,donor3,6
donor3_CTTCCTTTCCACGTGG-1,donor3,10
donor3_CTTCGGTAGCAACTCT-1,donor3,11
donor3_CTTCGGTAGCCTTTCC-1,donor3,11
donor3_CTTCGGTAGCTGGCTC-1,donor3,10
donor3_CTTCGGTAGGCATCTT-1,donor3,14
donor3_CTTCGGTAGTCTACCA-1,donor3,11
donor3_CTTCGGTAGTTCTACG-1,donor3,9
donor3_CTTCGGTCAGTATACC-1,donor3,12
donor3_CTTCGGTCATCGTGCG-1,donor3,6
donor3_CTTCGGTGTCATCCGG-1,donor3,9
donor3_CTTCGGTGTCCACATA-1,donor3,6
donor3_CTTCGGTGTTGTGGAG-1,donor3,0
donor3_CTTCGGTTCATTCTTG-1,donor3,6
donor3_CTTCGGTTCTTGGATG-1,donor3,11
donor3_CTTCTAAAGCTGACTT-1,donor3,10
donor3_CTTCTAAAGGGCAGTT-1,donor3,9
donor3_CTTCTAACACTGGAAG-1,donor3,12
donor3_CTTCTAACAGCTCGGT-1,donor3,11
donor3_CTTCTAACAGTTAGAA-1,donor3,6
donor3_CTTCTAAGTATGTCCA-1,donor3,11
donor3_CTTCTAAGTGAGTGAC-1,donor3,10
donor3_CTTCTCTAGACGAGCT-1,donor3,6
donor3_CTTCTCTAGAGCATAT-1,donor3,11
donor3_CTTCTCTCATGAGATA-1,donor3,6
donor3_CTTCTCTGTTCAAACC-1,donor3,12
donor3_CTTGAGAAGCATTGAA-1,donor3,10
donor3_CTTGAGAAGCTAGCCC-1,donor3,9
donor3_CTTGAGAAGGACATCG-1,donor3,10
donor3_CTTGAGAAGTAGACCG-1,donor3,6
donor3_CTTGAGAAGTGATCGG-1,donor3,9
donor3_CTTGAGACAAAGGAGA-1,donor3,12
donor3_CTTGAGACAAGCAATA-1,donor3,11
donor3_CTTGAGACACCCATAA-1,donor3,11
donor3_CTTGAGACATAGTCGT-1,donor3,12
donor3_CTTGAGACATCTTAGG-1,donor3,10
donor3_CTTGAGACATGGATCT-1,donor3,0
donor3_CTTGAGAGTCAACGCC-1,donor3,11
donor3_CTTGAGATCCAAGCCG-1,donor3,9
donor3_CTTGAGATCCGCTTAC-1,donor3,10
donor3_CTTGAGATCGTCGACG-1,donor3,10
donor3_CTTGATTAGAGTAACT-1,donor3,1
donor3_CTTGATTAGAGTCCGA-1,donor3,6
donor3_CTTGATTAGGCCCAAA-1,donor3,3
donor3_CTTGATTAGTCACTCA-1,donor3,10
donor3_CTTGATTAGTCCTGTA-1,donor3,9
donor3_CTTGATTCACTCCTGT-1,donor3,9
donor3_CTTGATTCATTGCTTT-1,donor3,12
donor3_CTTGATTGTAGTTACC-1,donor3,8
donor3_CTTGATTGTGGCAGAT-1,donor3,12
donor3_CTTGATTGTTGGGTAG-1,donor3,14
donor3_CTTGATTTCAAAGGAT-1,donor3,10
donor3_CTTGATTTCACCTCGT-1,donor3,6
donor3_CTTGATTTCCCTTGTG-1,donor3,9
donor3_CTTGATTTCTGCTAGA-1,donor3,9
donor3_CTTTCAAAGCCTCTTC-1,donor3,6
donor3_CTTTCAAAGCGTCTGC-1,donor3,9
donor3_CTTTCAAAGTTGTCAC-1,donor3,12
donor3_CTTTCAACAATCGCAT-1,donor3,12
donor3_CTTTCAACAATCGTCA-1,donor3,6
donor3_CTTTCAACACGTCGGT-1,donor3,12
donor3_CTTTCAAGTTCCGCGA-1,donor3,9
donor3_CTTTCAAGTTGGGCCT-1,donor3,12
donor3_CTTTCAATCACCCTTG-1,donor3,7
donor3_CTTTCAATCCCGTGTT-1,donor3,10
donor3_CTTTCAATCGGAATTC-1,donor3,12
donor3_CTTTCAATCTAGCCTC-1,donor3,9
donor3_CTTTCGGAGACAGCTG-1,donor3,12
donor3_CTTTCGGAGATGGCGT-1,donor3,11
donor3_CTTTCGGAGTGCTCAT-1,donor3,9
donor3_CTTTCGGCAAGCTGCC-1,donor3,26
donor3_CTTTCGGCACAATGCT-1,donor3,10
donor3_CTTTCGGGTACCCAGC-1,donor3,9
donor3_CTTTCGGGTGTTGAGG-1,donor3,9
donor3_CTTTCGGGTTACGGAG-1,donor3,11
donor3_CTTTCGGGTTGGATCT-1,donor3,12
donor3_GAAACCTAGAGGCTGT-1,donor3,6
donor3_GAAACCTAGTTGAAGT-1,donor3,10
donor3_GAAACCTAGTTGCCTA-1,donor3,10
donor3_GAAACCTCAACTCCAA-1,donor3,10
donor3_GAAACCTCAAGCGAAC-1,donor3,9
donor3_GAAACCTCACTGGACC-1,donor3,26
donor3_GAAACCTCAGCAGACA-1,donor3,12
donor3_GAAACCTCATAATCGC-1,donor3,12
donor3_GAAACCTCATGGAATA-1,donor3,10
donor3_GAAACCTGTAAGACCG-1,donor3,10
donor3_GAAACCTGTAGACAAT-1,donor3,11
donor3_GAAACCTGTCTCAGGC-1,donor3,11
donor3_GAAACCTGTGCACATT-1,donor3,12
donor3_GAAACCTTCAACCCGG-1,donor3,1
donor3_GAAACCTTCTAGTACG-1,donor3,10
donor3_GAAACCTTCTGTAAGC-1,donor3,11
donor3_GAAATGAAGAAGATCT-1,donor3,12
donor3_GAAATGAAGGAGCAAA-1,donor3,10
donor3_GAAATGAAGGATACAT-1,donor3,9
donor3_GAAATGAAGGCCATAG-1,donor3,10
donor3_GAAATGACAAAGGCGT-1,donor3,6
donor3_GAAATGACAATAACCC-1,donor3,11
donor3_GAAATGACAATACCCA-1,donor3,6
donor3_GAAATGACACCTCGTT-1,donor3,11
donor3_GAAATGAGTATTGACC-1,donor3,7
donor3_GAAATGAGTCATCACA-1,donor3,9
donor3_GAAATGAGTTCCACGG-1,donor3,9
donor3_GAAATGATCACATCAG-1,donor3,10
donor3_GAAATGATCCGCTTAC-1,donor3,10
donor3_GAAATGATCGAACGCC-1,donor3,6
donor3_GAAATGATCTGAGAGG-1,donor3,12
donor3_GAACACTAGACGGATC-1,donor3,9
donor3_GAACACTAGAGAGCGG-1,donor3,10
donor3_GAACACTAGGTGGGTT-1,donor3,9
donor3_GAACACTAGTCGCCAC-1,donor3,9
donor3_GAACACTAGTGGAATT-1,donor3,9
donor3_GAACACTCACAGCCTG-1,donor3,10
donor3_GAACACTGTAGAGATT-1,donor3,6
donor3_GAACACTGTGATGAAT-1,donor3,12
donor3_GAACACTGTGGCCCAT-1,donor3,9
donor3_GAACACTGTGGGTATG-1,donor3,26
donor3_GAACACTTCTATTGTC-1,donor3,9
donor3_GAACGTTAGATCGCTT-1,donor3,10
donor3_GAACGTTAGCCGTTGC-1,donor3,10
donor3_GAACGTTAGTTGCCCG-1,donor3,10
donor3_GAACGTTCAACAAAGT-1,donor3,10
donor3_GAACGTTCACAAATGA-1,donor3,10
donor3_GAACGTTCACTCCCTA-1,donor3,11
donor3_GAACGTTCAGGTCCGT-1,donor3,6
donor3_GAACGTTCATGACCCG-1,donor3,6
donor3_GAACGTTCATGGAACG-1,donor3,11
donor3_GAACGTTGTACTGTTG-1,donor3,9
donor3_GAACGTTGTAGGGAGG-1,donor3,12
donor3_GAACGTTGTTCTCAGA-1,donor3,12
donor3_GAACGTTTCAAACTGC-1,donor3,11
donor3_GAACTGTAGAGTGAAG-1,donor3,10
donor3_GAACTGTAGGATACGC-1,donor3,11
donor3_GAACTGTAGTAAATGC-1,donor3,11
donor3_GAACTGTCACTGGACC-1,donor3,14
donor3_GAACTGTCATACAGAA-1,donor3,6
donor3_GAACTGTGTCATCTAG-1,donor3,21
donor3_GAACTGTGTTACCCAA-1,donor3,12
donor3_GAACTGTTCGTAGCTA-1,donor3,9
donor3_GAACTGTTCGTGCGAC-1,donor3,10
donor3_GAAGAATAGCAGCCCT-1,donor3,12
donor3_GAAGAATAGGTCGTAG-1,donor3,11
donor3_GAAGAATCACCCTATC-1,donor3,12
donor3_GAAGAATCAGAGTGAC-1,donor3,6
donor3_GAAGAATCAGTTTCGA-1,donor3,10
donor3_GAAGAATGTACGTACT-1,donor3,0
donor3_GAAGAATGTCGTCAGC-1,donor3,14
donor3_GAAGAATGTGTTGATC-1,donor3,6
donor3_GAAGAATTCCCGAATA-1,donor3,9
donor3_GAAGCCCAGATTAGAC-1,donor3,14
donor3_GAAGCCCAGCGTACAG-1,donor3,11
donor3_GAAGCCCAGGAGCTGT-1,donor3,12
donor3_GAAGCCCAGGTATTGA-1,donor3,6
donor3_GAAGCCCCACCAGCCA-1,donor3,10
donor3_GAAGCCCCATTGCCGG-1,donor3,6
donor3_GAAGCCCGTACGTACT-1,donor3,10
donor3_GAAGCCCTCCGCTAGG-1,donor3,10
donor3_GAAGCGAAGAAGATCT-1,donor3,11
donor3_GAAGCGAAGAAGCTGC-1,donor3,10
donor3_GAAGCGATCCGAAATC-1,donor3,11
donor3_GAAGCGATCGGCCTTT-1,donor3,9
donor3_GAAGGACAGATGGTCG-1,donor3,9
donor3_GAAGGACAGCTGCCTG-1,donor3,7
donor3_GAAGGACAGGGCAGGA-1,donor3,20
donor3_GAAGGACAGTACAACA-1,donor3,9
donor3_GAAGGACCACAACATC-1,donor3,9
donor3_GAAGGACCACGGATCC-1,donor3,9
donor3_GAAGGACGTATCGAAA-1,donor3,10
donor3_GAAGGACGTCCTTGTC-1,donor3,9
donor3_GAAGGACGTGGTTCTA-1,donor3,10
donor3_GAAGGACGTTGCATAC-1,donor3,7
donor3_GAAGGACTCATCACTT-1,donor3,12
donor3_GAAGGACTCGTTAGAC-1,donor3,9
donor3_GAAGGGTAGAATACAC-1,donor3,11
donor3_GAAGGGTCAAAGCTCT-1,donor3,9
donor3_GAAGGGTCAACCAACT-1,donor3,9
donor3_GAAGGGTCATACTTTC-1,donor3,10
donor3_GAAGGGTGTAGTCTGT-1,donor3,11
donor3_GAAGGGTGTTCGGTCG-1,donor3,12
donor3_GAAGGGTGTTCTCTCG-1,donor3,12
donor3_GAAGGGTGTTTGTGGT-1,donor3,11
donor3_GAAGGGTTCCGCAACG-1,donor3,7
donor3_GAAGGGTTCGCTATTT-1,donor3,6
donor3_GAAGGGTTCGCTCCTA-1,donor3,9
donor3_GAAGGGTTCGTGGAAG-1,donor3,12
donor3_GAAGTAAAGATAACAC-1,donor3,11
donor3_GAAGTAACAACCGATT-1,donor3,9
donor3_GAAGTAACAATTCTCT-1,donor3,12
donor3_GAAGTAACACCGGAAA-1,donor3,10
donor3_GAAGTAACACGGATCC-1,donor3,12
donor3_GAAGTAACAGACCAAG-1,donor3,11
donor3_GAAGTAACAGGCATGA-1,donor3,9
donor3_GAAGTAACATAAGCAA-1,donor3,12
donor3_GAAGTAAGTTACAGCT-1,donor3,14
donor3_GAAGTAAGTTGTACGT-1,donor3,12
donor3_GAATAGAAGATCACCT-1,donor3,10
donor3_GAATAGAAGCATGAAT-1,donor3,6
donor3_GAATAGAAGCTCGTGC-1,donor3,10
donor3_GAATAGACAAGACCTT-1,donor3,14
donor3_GAATAGACAGTCTTCC-1,donor3,9
donor3_GAATAGAGTACTCGCG-1,donor3,9
donor3_GAATAGAGTAGAGGAA-1,donor3,6
donor3_GAATAGAGTGCCCACA-1,donor3,12
donor3_GAATAGATCAGCTCTC-1,donor3,9
donor3_GAATAGATCGGAGCAA-1,donor3,10
donor3_GAATAGATCTCCCATG-1,donor3,9
donor3_GAATAGATCTGTGCTC-1,donor3,10
donor3_GAATAGATCTTTGCAT-1,donor3,9
donor3_GAATCACAGAAATTGC-1,donor3,10
donor3_GAATCACAGAGAGTGA-1,donor3,11
donor3_GAATCACAGCTCCGAC-1,donor3,10
donor3_GAATCACAGGCATGGT-1,donor3,14
donor3_GAATCACAGTCAAGCG-1,donor3,26
donor3_GAATCACCACAGTGAG-1,donor3,10
donor3_GAATCACCACATATGC-1,donor3,11
donor3_GAATCACCAGCTTCGG-1,donor3,6
donor3_GAATCACCAGGTAGTG-1,donor3,14
donor3_GAATCACCATGTGCCG-1,donor3,6
donor3_GAATCACGTAAGCGGT-1,donor3,10
donor3_GAATCACGTACACTCA-1,donor3,9
donor3_GAATCACTCTAGAGCT-1,donor3,9
donor3_GAATCACTCTGTCGTC-1,donor3,9
donor3_GAATCACTCTTTCCAA-1,donor3,10
donor3_GAATCGTAGCAGCGAT-1,donor3,10
donor3_GAATCGTAGGGCCCTT-1,donor3,9
donor3_GAATCGTAGGGCGAGA-1,donor3,14
donor3_GAATCGTAGGTTGGTG-1,donor3,12
donor3_GAATCGTCAAGACCTT-1,donor3,11
donor3_GAATCGTCATAATCCG-1,donor3,10
donor3_GAATCGTGTGTGACCC-1,donor3,11
donor3_GAATCGTGTTAGGCTT-1,donor3,6
donor3_GACACGCCAACAGCTT-1,donor3,11
donor3_GACACGCCAAGTTGGG-1,donor3,10
donor3_GACACGCCAGAGTTGG-1,donor3,9
donor3_GACACGCGTCCAAAGG-1,donor3,10
donor3_GACACGCGTCCGTACG-1,donor3,7
donor3_GACACGCTCAAACCCA-1,donor3,12
donor3_GACACGCTCTAGCATG-1,donor3,23
donor3_GACAGCCAGCTAGATA-1,donor3,12
donor3_GACAGCCCAACGTTAC-1,donor3,6
donor3_GACAGCCGTAGCACAG-1,donor3,12
donor3_GACAGCCGTATCGCAT-1,donor3,0
donor3_GACAGCCGTGGAGGTT-1,donor3,7
donor3_GACAGCCGTGGCTCTG-1,donor3,10
donor3_GACAGCCGTTACCCAA-1,donor3,6
donor3_GACAGCCGTTAGAAAC-1,donor3,6
donor3_GACAGCCGTTCGGACC-1,donor3,12
donor3_GACAGCCGTTGCGAAG-1,donor3,1
donor3_GACAGCCGTTGTACGT-1,donor3,12
donor3_GACAGCCTCATGTCAG-1,donor3,10
donor3_GACAGCCTCCAGTGCG-1,donor3,10
donor3_GACAGCCTCGCGTGAC-1,donor3,9
donor3_GACAGCCTCGTCCATC-1,donor3,6
donor3_GACAGCCTCTCACGAA-1,donor3,10
donor3_GACAGCCTCTCCAAGA-1,donor3,7
donor3_GACAGCCTCTTCGACC-1,donor3,10
donor3_GACATCAAGCAATAAC-1,donor3,11
donor3_GACATCAAGTAGGTTA-1,donor3,6
donor3_GACATCACAACAGATA-1,donor3,11
donor3_GACATCACAAGCGGAT-1,donor3,10
donor3_GACATCACAATGGCAG-1,donor3,12
donor3_GACATCACATGGAATA-1,donor3,23
donor3_GACATCAGTTCGGTAT-1,donor3,12
donor3_GACATCAGTTTCCATT-1,donor3,6
donor3_GACATCATCCTGGGAC-1,donor3,0
donor3_GACATCATCTAGACAC-1,donor3,10
donor3_GACCAATAGCATGATA-1,donor3,11
donor3_GACCAATAGTCGCGAA-1,donor3,12
donor3_GACCAATCAACGTATC-1,donor3,9
donor3_GACCAATCAAGAGGTC-1,donor3,9
donor3_GACCAATCACACTGGC-1,donor3,12
donor3_GACCAATCACTCTAGA-1,donor3,12
donor3_GACCAATCATACTGTG-1,donor3,12
donor3_GACCAATGTGCAACAG-1,donor3,11
donor3_GACCAATGTGCCCTTT-1,donor3,6
donor3_GACCAATGTGCCTGCA-1,donor3,21
donor3_GACCAATGTGGCTTGC-1,donor3,6
donor3_GACCAATTCGCATTGA-1,donor3,6
donor3_GACCAATTCGCCTTTG-1,donor3,12
donor3_GACCAATTCGGCTGTG-1,donor3,10
donor3_GACCCAGAGGCATGGT-1,donor3,0
donor3_GACCCAGAGGGAGAAT-1,donor3,9
donor3_GACCCAGAGGTTTACC-1,donor3,12
donor3_GACCCAGAGTCAGCCC-1,donor3,11
donor3_GACCCAGAGTCATCCA-1,donor3,9
donor3_GACCCAGCAACGGCCT-1,donor3,12
donor3_GACCCAGCACACCGAC-1,donor3,12
donor3_GACCCAGCACGAAGAC-1,donor3,10
donor3_GACCCAGCAGAGTGTG-1,donor3,12
donor3_GACCCAGCAGGTGACA-1,donor3,10
donor3_GACCCAGCATAAGCGG-1,donor3,14
donor3_GACCCAGGTCCCTGAG-1,donor3,10
donor3_GACCCAGGTCTGCGCA-1,donor3,9
donor3_GACCCAGGTGGTAACG-1,donor3,12
donor3_GACCCAGTCCACGAAT-1,donor3,6
donor3_GACCCAGTCGCGGTAC-1,donor3,12
donor3_GACCCAGTCGTGGAAG-1,donor3,10
donor3_GACCCTTAGCCTTTGA-1,donor3,21
donor3_GACCCTTCACCGTGAC-1,donor3,10
donor3_GACCCTTCAGGGTCTC-1,donor3,9
donor3_GACCCTTGTAACGCGA-1,donor3,12
donor3_GACCCTTGTAGAGGAA-1,donor3,9
donor3_GACCCTTGTCGAAACG-1,donor3,6
donor3_GACCCTTGTGACACAG-1,donor3,12
donor3_GACCCTTGTGGATACG-1,donor3,9
donor3_GACCCTTGTTACGATC-1,donor3,10
donor3_GACCCTTGTTCTTCAT-1,donor3,12
donor3_GACCCTTTCACGATAC-1,donor3,7
donor3_GACCCTTTCCTTCGAC-1,donor3,12
donor3_GACCCTTTCGCCAGTG-1,donor3,11
donor3_GACCCTTTCGGCATAT-1,donor3,10
donor3_GACCCTTTCTTACCGC-1,donor3,10
donor3_GACCGTGCAACTGGTT-1,donor3,6
donor3_GACCGTGCAAGACCTT-1,donor3,14
donor3_GACCGTGCACCGCTAG-1,donor3,10
donor3_GACCGTGCAGTTAGGG-1,donor3,9
donor3_GACCGTGGTACCTATG-1,donor3,9
donor3_GACCGTGTCAATCAGC-1,donor3,10
donor3_GACCGTGTCACTTCTA-1,donor3,10
donor3_GACCGTGTCATCGACA-1,donor3,6
donor3_GACCGTGTCATTTACC-1,donor3,9
donor3_GACCGTGTCCTACGGG-1,donor3,10
donor3_GACCGTGTCGGAAACG-1,donor3,7
donor3_GACCGTGTCGTTCCTG-1,donor3,12
donor3_GACCGTGTCGTTCGCT-1,donor3,12
donor3_GACCTTCAGATGCTTC-1,donor3,14
donor3_GACCTTCCAGCCGGTT-1,donor3,9
donor3_GACCTTCGTCGCATCG-1,donor3,9
donor3_GACCTTCGTTGTGGAG-1,donor3,6
donor3_GACGCTGAGCCGAATG-1,donor3,10
donor3_GACGCTGAGCTTCATG-1,donor3,12
donor3_GACGCTGAGGGAGTGG-1,donor3,6
donor3_GACGCTGAGTCGAGGT-1,donor3,10
donor3_GACGCTGCACTGGACC-1,donor3,9
donor3_GACGCTGCAGTCAGCC-1,donor3,9
donor3_GACGCTGGTATGCTTG-1,donor3,10
donor3_GACGCTGTCAATCTTC-1,donor3,10
donor3_GACGCTGTCCATCAGA-1,donor3,11
donor3_GACGCTGTCGTGAGAG-1,donor3,12
donor3_GACGCTGTCTCCCTAG-1,donor3,10
donor3_GACGTTAAGACCATGG-1,donor3,12
donor3_GACGTTAAGATGGCAC-1,donor3,10
donor3_GACGTTAAGCCAGACA-1,donor3,6
donor3_GACGTTACAGCATCTA-1,donor3,11
donor3_GACGTTACATCGATGT-1,donor3,10
donor3_GACGTTAGTCACAGTT-1,donor3,9
donor3_GACGTTAGTTCCGCAG-1,donor3,9
donor3_GACGTTATCTGCTCTG-1,donor3,12
donor3_GACGTTATCTTCACAT-1,donor3,10
donor3_GACTATGAGACTTCAC-1,donor3,7
donor3_GACTATGAGCAACTCT-1,donor3,6
donor3_GACTATGAGGAGATAG-1,donor3,9
donor3_GACTATGAGTATCCTG-1,donor3,10
donor3_GACTATGCAAGCCATT-1,donor3,6
donor3_GACTATGCATTCTCCG-1,donor3,6
donor3_GACTATGGTAGCGAGT-1,donor3,12
donor3_GACTATGGTGACTGTT-1,donor3,12
donor3_GACTATGGTTCAACGT-1,donor3,9
donor3_GACTATGTCAAGCCAT-1,donor3,12
donor3_GACTCAAAGAGCAAGA-1,donor3,9
donor3_GACTCAAAGCAAATGT-1,donor3,6
donor3_GACTCAAAGGGTCACA-1,donor3,14
donor3_GACTCAACATCGAGCC-1,donor3,11
donor3_GACTCAAGTGCTCTCT-1,donor3,9
donor3_GACTCAATCACGGGCT-1,donor3,20
donor3_GACTCAATCTAGTGTG-1,donor3,6
donor3_GACTCTCAGACTTAAG-1,donor3,10
donor3_GACTCTCCAAAGGCTG-1,donor3,9
donor3_GACTCTCGTACAGAAT-1,donor3,10
donor3_GACTCTCGTCATTCCC-1,donor3,12
donor3_GACTCTCGTCCTTTGC-1,donor3,12
donor3_GACTGATAGACATCAA-1,donor3,23
donor3_GACTGATAGAGGTTTA-1,donor3,9
donor3_GACTGATCACACCTGG-1,donor3,14
donor3_GACTGATCACTTCTCG-1,donor3,6
donor3_GACTGATCATACCGTA-1,donor3,12
donor3_GACTGATCATGGGTCC-1,donor3,10
donor3_GACTGATGTGAATGTA-1,donor3,9
donor3_GACTGATTCAGACAAA-1,donor3,10
donor3_GACTGATTCTAGGCAT-1,donor3,9
donor3_GACTGATTCTCGTGAA-1,donor3,6
donor3_GACTGATTCTGGTGCG-1,donor3,6
donor3_GACTTCCAGGAACGTC-1,donor3,21
donor3_GACTTCCAGTGGACTG-1,donor3,10
donor3_GACTTCCCACATCCCT-1,donor3,9
donor3_GACTTCCCATTACGGT-1,donor3,10
donor3_GACTTCCGTATTGACC-1,donor3,6
donor3_GACTTCCGTCGTTGGC-1,donor3,7
donor3_GACTTCCGTTAAACAG-1,donor3,11
donor3_GACTTCCTCTAGCCTC-1,donor3,9
donor3_GACTTCCTCTTACCGC-1,donor3,10
donor3_GAGAAATAGGAAGTCC-1,donor3,10
donor3_GAGAAATAGGGTGGGA-1,donor3,12
donor3_GAGAAATAGTTCACTG-1,donor3,9
donor3_GAGAAATCAGCGAACA-1,donor3,12
donor3_GAGAAATGTGTGATGG-1,donor3,6
donor3_GAGAAATTCCCAAGTA-1,donor3,9
donor3_GAGAAATTCGAAGCAG-1,donor3,6
donor3_GAGAAATTCGACACTA-1,donor3,7
donor3_GAGAAATTCGGCGATC-1,donor3,12
donor3_GAGACCCAGACATGCG-1,donor3,14
donor3_GAGACCCCAAATGCGG-1,donor3,10
donor3_GAGACCCCACCCGTAG-1,donor3,11
donor3_GAGACCCCATCTATCT-1,donor3,6
donor3_GAGACCCCATGCAGGA-1,donor3,1
donor3_GAGACCCCATGGGAAC-1,donor3,11
donor3_GAGACCCCATGTGTCA-1,donor3,21
donor3_GAGACCCGTACGTAGG-1,donor3,6
donor3_GAGACCCGTGGTTCTA-1,donor3,11
donor3_GAGACCCTCCGTGGTG-1,donor3,9
donor3_GAGACCCTCGGCTGAC-1,donor3,10
donor3_GAGACTTAGAGCGACT-1,donor3,10
donor3_GAGACTTAGAGTCACG-1,donor3,10
donor3_GAGACTTAGATGATTG-1,donor3,10
donor3_GAGACTTAGCCTCAGC-1,donor3,12
donor3_GAGACTTAGCTTTGTG-1,donor3,14
donor3_GAGACTTAGGATTTGA-1,donor3,11
donor3_GAGACTTCAACCGGAA-1,donor3,12
donor3_GAGACTTCACTTTAGG-1,donor3,12
donor3_GAGACTTTCCCTAGGG-1,donor3,12
donor3_GAGAGGTAGATCCAAA-1,donor3,10
donor3_GAGAGGTAGGCACTCC-1,donor3,12
donor3_GAGAGGTAGTGTACAA-1,donor3,10
donor3_GAGAGGTAGTTTGAGA-1,donor3,12
donor3_GAGAGGTCAACACAGG-1,donor3,9
donor3_GAGAGGTCAAGCGGAT-1,donor3,10
donor3_GAGAGGTCAGATCCTA-1,donor3,10
donor3_GAGAGGTCATTGCTGA-1,donor3,10
donor3_GAGAGGTGTCCACAGC-1,donor3,6
donor3_GAGAGGTGTTGGACCC-1,donor3,11
donor3_GAGAGGTTCACCGCTT-1,donor3,12
donor3_GAGATGGAGACTAGAT-1,donor3,11
donor3_GAGATGGAGAGGTTAT-1,donor3,10
donor3_GAGATGGAGGCACAAC-1,donor3,11
donor3_GAGATGGCACGAGGAT-1,donor3,9
donor3_GAGATGGCATGACTGT-1,donor3,6
donor3_GAGATGGGTAAGCAAT-1,donor3,9
donor3_GAGATGGGTCTGGTTA-1,donor3,9
donor3_GAGATGGGTGACTCGC-1,donor3,12
donor3_GAGATGGGTTTATGCG-1,donor3,10
donor3_GAGATGGTCGCCGAAC-1,donor3,1
donor3_GAGCCTGAGTTGCTCA-1,donor3,12
donor3_GAGCCTGCACCAGTAT-1,donor3,14
donor3_GAGCCTGCATGTGGTT-1,donor3,14
donor3_GAGCCTGTCCCATTCG-1,donor3,12
donor3_GAGCCTGTCCGCAACG-1,donor3,6
donor3_GAGCTGCAGACTACCT-1,donor3,9
donor3_GAGCTGCAGAGGTTAT-1,donor3,6
donor3_GAGCTGCAGGTACTGG-1,donor3,11
donor3_GAGCTGCAGTATGCAA-1,donor3,10
donor3_GAGCTGCCAAGCGCAA-1,donor3,10
donor3_GAGCTGCCACGGCTAC-1,donor3,6
donor3_GAGCTGCCACTCCGAG-1,donor3,6
donor3_GAGCTGCCAGCCATTA-1,donor3,10
donor3_GAGCTGCGTAGAGTTA-1,donor3,17
donor3_GAGCTGCGTTGTCAGT-1,donor3,12
donor3_GAGCTGCTCATAGACC-1,donor3,9
donor3_GAGCTGCTCATTGTTC-1,donor3,6
donor3_GAGCTGCTCATTTCGT-1,donor3,6
donor3_GAGCTGCTCCATAGGT-1,donor3,11
donor3_GAGCTGCTCGCATTGA-1,donor3,6
donor3_GAGCTGCTCTAGGAAA-1,donor3,12
donor3_GAGGCAAAGAGCATTA-1,donor3,12
donor3_GAGGCAAAGCCGCTTG-1,donor3,9
donor3_GAGGCAAAGTGCAAAT-1,donor3,9
donor3_GAGGCAACAACGGCCT-1,donor3,11
donor3_GAGGCAACAGGATTCT-1,donor3,1
donor3_GAGGCAACAGTGTATC-1,donor3,6
donor3_GAGGCAAGTAACCCTA-1,donor3,10
donor3_GAGGCAAGTACGAGCA-1,donor3,12
donor3_GAGGCAAGTACTTGTG-1,donor3,11
donor3_GAGGCAAGTAGGTGCA-1,donor3,9
donor3_GAGGCAATCATCGCTC-1,donor3,10
donor3_GAGGCAATCCACCTGT-1,donor3,10
donor3_GAGGCAATCGGACTTA-1,donor3,12
donor3_GAGGCCTAGATTTGCC-1,donor3,9
donor3_GAGGCCTAGCGTCTGC-1,donor3,9
donor3_GAGGCCTAGGGAGAAT-1,donor3,9
donor3_GAGGCCTAGGTACAAT-1,donor3,14
donor3_GAGGCCTAGGTTAAAC-1,donor3,9
donor3_GAGGCCTCACTGAGGA-1,donor3,10
donor3_GAGGCCTCATGACCCG-1,donor3,6
donor3_GAGGCCTCATTACGGT-1,donor3,12
donor3_GAGGCCTGTACGTACT-1,donor3,12
donor3_GAGGCCTGTGCTCTCT-1,donor3,11
donor3_GAGGCCTTCGACGCTG-1,donor3,9
donor3_GAGGCCTTCTTCCAGC-1,donor3,9
donor3_GAGGGATCAACTCCCT-1,donor3,13
donor3_GAGGGATCAATAGTGA-1,donor3,10
donor3_GAGGGATCACAGAGCA-1,donor3,11
donor3_GAGGGATCACTAGGCC-1,donor3,10
donor3_GAGGGATTCCGTATGA-1,donor3,7
donor3_GAGGGATTCCGTTGGG-1,donor3,6
donor3_GAGGGTACAAAGACTA-1,donor3,11
donor3_GAGGGTACAAGGGCAT-1,donor3,11
donor3_GAGGGTACACGGCGTT-1,donor3,10
donor3_GAGGGTACATCTTAGG-1,donor3,26
donor3_GAGGGTAGTGCCGAAA-1,donor3,1
donor3_GAGGGTATCGTAGTGT-1,donor3,12
donor3_GAGGGTATCTCGAACA-1,donor3,9
donor3_GAGTCATAGAAGCTGC-1,donor3,9
donor3_GAGTCATAGATTCGCT-1,donor3,23
donor3_GAGTCATAGGTCGACA-1,donor3,12
donor3_GAGTCATGTCGAGATG-1,donor3,10
donor3_GAGTCATGTCGCCACA-1,donor3,11
donor3_GAGTCATGTGCTTCAA-1,donor3,10
donor3_GAGTCATGTGGATCGA-1,donor3,6
donor3_GAGTCATGTGTGTTTG-1,donor3,11
donor3_GAGTCATTCATGCATG-1,donor3,10
donor3_GAGTCATTCTGCGGCA-1,donor3,11
donor3_GAGTCTAAGGATCACG-1,donor3,14
donor3_GAGTCTAAGGCTTTCA-1,donor3,21
donor3_GAGTCTAAGGGAGGGT-1,donor3,11
donor3_GAGTCTACAAGCGCAA-1,donor3,10
donor3_GAGTCTACATCTTAGG-1,donor3,0
donor3_GAGTCTAGTGAATTGA-1,donor3,12
donor3_GAGTCTAGTTCACGAT-1,donor3,21
donor3_GAGTCTATCTCAGTCC-1,donor3,26
donor3_GAGTCTATCTGGAGAG-1,donor3,10
donor3_GAGTGAGAGGGCGAGA-1,donor3,6
donor3_GAGTGAGCAGCGACAA-1,donor3,11
donor3_GAGTGAGCATTGAAAG-1,donor3,6
donor3_GAGTGAGGTTATAGCC-1,donor3,6
donor3_GAGTGAGGTTGCATGT-1,donor3,11
donor3_GAGTGAGTCGAGAAAT-1,donor3,9
donor3_GAGTGAGTCGATCCCT-1,donor3,6
donor3_GAGTGAGTCGGCCAAC-1,donor3,9
donor3_GAGTGTTAGAATAGTC-1,donor3,11
donor3_GAGTGTTAGTCATTGC-1,donor3,11
donor3_GAGTGTTAGTTCATGC-1,donor3,9
donor3_GAGTGTTCAATAAGGT-1,donor3,11
donor3_GAGTGTTCACGACGCT-1,donor3,9
donor3_GAGTGTTTCTTCCGTG-1,donor3,12
donor3_GAGTTACAGGGCAAGG-1,donor3,12
donor3_GAGTTACCACAATCTG-1,donor3,9
donor3_GAGTTACCAGTCGGAA-1,donor3,9
donor3_GAGTTACGTACAGTAA-1,donor3,0
donor3_GAGTTACGTATGTCCA-1,donor3,10
donor3_GAGTTACGTGGATACG-1,donor3,11
donor3_GAGTTACTCTCCCATG-1,donor3,9
donor3_GAGTTACTCTGGGCAC-1,donor3,9
donor3_GAGTTGTAGCGACTAG-1,donor3,10
donor3_GAGTTGTCAAGAGGCT-1,donor3,11
donor3_GAGTTGTCATTGACAC-1,donor3,9
donor3_GAGTTGTGTGATTCAC-1,donor3,11
donor3_GAGTTGTGTGTTTGCA-1,donor3,9
donor3_GAGTTGTGTTACCTGA-1,donor3,9
donor3_GAGTTGTTCCGCAGTG-1,donor3,11
donor3_GAGTTTGAGACTACGG-1,donor3,21
donor3_GAGTTTGGTAACGCGA-1,donor3,6
donor3_GAGTTTGGTCCAATCA-1,donor3,12
donor3_GAGTTTGGTCGTACTA-1,donor3,10
donor3_GAGTTTGGTGATTCTG-1,donor3,12
donor3_GAGTTTGGTGCAGTGA-1,donor3,12
donor3_GATAGAAAGAAACCCG-1,donor3,10
donor3_GATAGAAAGGTACTGG-1,donor3,11
donor3_GATAGAAGTAGACGGT-1,donor3,10
donor3_GATAGAAGTGGATCAG-1,donor3,12
donor3_GATAGAATCATATGGC-1,donor3,11
donor3_GATAGAATCTGTCTCG-1,donor3,12
donor3_GATAGCTAGATCCCAT-1,donor3,12
donor3_GATAGCTAGCTGTACT-1,donor3,11
donor3_GATAGCTCAACCGATT-1,donor3,12
donor3_GATAGCTCAGAATCGG-1,donor3,11
donor3_GATAGCTCAGTTCTAG-1,donor3,11
donor3_GATAGCTCATACCATG-1,donor3,9
donor3_GATAGCTGTGGTTCTA-1,donor3,14
donor3_GATAGCTTCACAGTGT-1,donor3,11
donor3_GATAGCTTCGAGAGAC-1,donor3,9
donor3_GATAGCTTCGTAGAGG-1,donor3,12
donor3_GATCACAAGCATGGGT-1,donor3,12
donor3_GATCACAAGCCTCAGC-1,donor3,6
donor3_GATCACAAGGCCTTCG-1,donor3,10
donor3_GATCACACATATCTCT-1,donor3,11
donor3_GATCACATCGGAACTT-1,donor3,10
donor3_GATCAGTAGAAGTCTA-1,donor3,9
donor3_GATCAGTAGGTGCAGT-1,donor3,14
donor3_GATCAGTCAGCGTTGC-1,donor3,9
donor3_GATCAGTGTAGTGGCA-1,donor3,12
donor3_GATCAGTGTCTGTCCT-1,donor3,9
donor3_GATCAGTTCCACAAGT-1,donor3,14
donor3_GATCAGTTCCTCCACA-1,donor3,11
donor3_GATCATGAGAAATTCG-1,donor3,12
donor3_GATCATGAGAATTGCA-1,donor3,12
donor3_GATCATGAGGAACGTC-1,donor3,1
donor3_GATCATGAGGGACAGG-1,donor3,6
donor3_GATCATGAGGTCGTCC-1,donor3,9
donor3_GATCATGAGGTTCAGG-1,donor3,11
donor3_GATCATGAGTAAACGT-1,donor3,10
donor3_GATCATGAGTCGGGAT-1,donor3,6
donor3_GATCATGCACGAAGAC-1,donor3,11
donor3_GATCATGCACTAAACC-1,donor3,9
donor3_GATCATGCACTGGATT-1,donor3,9
donor3_GATCATGCAGACAAGC-1,donor3,9
donor3_GATCATGCATCCGGCA-1,donor3,11
donor3_GATCATGGTACGAGTG-1,donor3,10
donor3_GATCATGGTGGTCTCG-1,donor3,10
donor3_GATCATGTCTCCCTAG-1,donor3,14
donor3_GATCCCTAGAAGTATC-1,donor3,21
donor3_GATCCCTAGAGCAGCT-1,donor3,17
donor3_GATCCCTGTACTGGGA-1,donor3,12
donor3_GATCCCTGTCGAGCAA-1,donor3,12
donor3_GATCCCTGTGTCCAAT-1,donor3,12
donor3_GATCCCTGTTGGGAAC-1,donor3,0
donor3_GATCCCTTCCAGTGTA-1,donor3,10
donor3_GATCCCTTCCGTGTGG-1,donor3,12
donor3_GATCCCTTCCTAGCGG-1,donor3,9
donor3_GATCGTAAGCAGGTCA-1,donor3,12
donor3_GATCGTAAGTAACCGG-1,donor3,9
donor3_GATCGTAAGTCACAGG-1,donor3,12
donor3_GATCGTACACCAGCGT-1,donor3,10
donor3_GATCGTACATGACTTG-1,donor3,9
donor3_GATCGTAGTCAGGAGT-1,donor3,9
donor3_GATCGTATCCACGGGT-1,donor3,13
donor3_GATCGTATCCGCCTAT-1,donor3,10
donor3_GATGACTCACCGTGAC-1,donor3,21
donor3_GATGACTGTAGGATAT-1,donor3,6
donor3_GATGACTGTTCATCGA-1,donor3,12
donor3_GATGACTTCCTTATGT-1,donor3,9
donor3_GATGACTTCTTGTGCC-1,donor3,6
donor3_GATGAGGAGGTTCTTG-1,donor3,10
donor3_GATGAGGAGTGCGCTC-1,donor3,9
donor3_GATGAGGCAAGAGTAT-1,donor3,11
donor3_GATGAGGCAGACGGAT-1,donor3,10
donor3_GATGAGGGTACCTGTA-1,donor3,12
donor3_GATGAGGGTGAGATAT-1,donor3,11
donor3_GATGATCAGACCCGCT-1,donor3,9
donor3_GATGATCAGCACCGAA-1,donor3,7
donor3_GATGATCAGGTCTACT-1,donor3,7
donor3_GATGATCCAACTGCCG-1,donor3,0
donor3_GATGATCCATCGAACT-1,donor3,12
donor3_GATGATCGTTACAGCT-1,donor3,12
donor3_GATGATCGTTCGTTCC-1,donor3,12
donor3_GATGCTAAGAAAGTCT-1,donor3,12
donor3_GATGCTAAGGCATGCA-1,donor3,14
donor3_GATGCTACAAATTGCC-1,donor3,12
donor3_GATGCTAGTACAGTAA-1,donor3,9
donor3_GATGCTATCCAGTACA-1,donor3,23
donor3_GATGCTATCTGACAGT-1,donor3,10
donor3_GATGGAGAGATGAACT-1,donor3,12
donor3_GATGGAGAGCGAATGC-1,donor3,10
donor3_GATGGAGAGTAACGAT-1,donor3,10
donor3_GATGGAGAGTATGTAG-1,donor3,6
donor3_GATGGAGCAATTGAAG-1,donor3,6
donor3_GATGGAGCATGAAAGT-1,donor3,12
donor3_GATGGAGTCAATCGGT-1,donor3,9
donor3_GATGGAGTCACGTAGT-1,donor3,9
donor3_GATGGAGTCGGAACTT-1,donor3,11
donor3_GATGTTGAGGCTGTAG-1,donor3,11
donor3_GATGTTGCAAAGCTCT-1,donor3,12
donor3_GATGTTGCAATGCAGG-1,donor3,10
donor3_GATGTTGCACTACTTT-1,donor3,12
donor3_GATGTTGCACTTCAGA-1,donor3,12
donor3_GATGTTGCAGGAGGTT-1,donor3,11
donor3_GATGTTGGTACCTATG-1,donor3,6
donor3_GATGTTGGTGGGTATG-1,donor3,9
donor3_GATGTTGGTTCCATTT-1,donor3,9
donor3_GATGTTGGTTGCTCAA-1,donor3,9
donor3_GATGTTGTCCACGGAC-1,donor3,10
donor3_GATGTTGTCCGGCAGT-1,donor3,6
donor3_GATGTTGTCGAGATAA-1,donor3,11
donor3_GATTCGAAGAACCGCA-1,donor3,10
donor3_GATTCGAAGGGTCACA-1,donor3,12
donor3_GATTCGACAAGAGTGC-1,donor3,12
donor3_GATTCGACACGCAAAG-1,donor3,9
donor3_GATTCGACAGTAGGAC-1,donor3,9
donor3_GATTCGACAGTCAACT-1,donor3,10
donor3_GATTCGAGTATGGTTC-1,donor3,11
donor3_GATTCGAGTTCTCCCA-1,donor3,11
donor3_GATTCGATCAAACTGC-1,donor3,9
donor3_GATTCGATCACGTAGT-1,donor3,23
donor3_GATTCGATCCTAGCGG-1,donor3,9
donor3_GATTCGATCTACACAG-1,donor3,10
donor3_GATTCGATCTAGAACC-1,donor3,10
donor3_GATTCTTCATAAGCGG-1,donor3,6
donor3_GATTCTTGTTGCATGT-1,donor3,0
donor3_GATTCTTGTTTCACAG-1,donor3,10
donor3_GATTCTTTCAGTGCGC-1,donor3,12
donor3_GATTCTTTCCATCTAT-1,donor3,6
donor3_GATTCTTTCTACGCAA-1,donor3,10
donor3_GATTGGTAGCACTCGC-1,donor3,26
donor3_GATTGGTAGGTCACCC-1,donor3,12
donor3_GATTGGTAGTCAGGGT-1,donor3,14
donor3_GATTGGTCAAGGCTTT-1,donor3,6
donor3_GATTGGTCACAAAGTA-1,donor3,11
donor3_GATTGGTCATAAGCAA-1,donor3,10
donor3_GATTGGTGTAGACGGT-1,donor3,11
donor3_GATTGGTGTCAGGTGA-1,donor3,9
donor3_GATTGGTGTCGCTCGA-1,donor3,10
donor3_GATTGGTTCCGATAGT-1,donor3,9
donor3_GATTGGTTCTAACACG-1,donor3,12
donor3_GATTTCTAGTCGAAGC-1,donor3,9
donor3_GATTTCTCAATCAGCT-1,donor3,11
donor3_GATTTCTCAGATACTC-1,donor3,11
donor3_GATTTCTCAGGCACTC-1,donor3,11
donor3_GATTTCTCATCGGAGA-1,donor3,6
donor3_GATTTCTGTATGGAAT-1,donor3,11
donor3_GATTTCTGTTCGGTCG-1,donor3,10
donor3_GATTTCTGTTGTGCCG-1,donor3,6
donor3_GATTTCTTCATGGATC-1,donor3,10
donor3_GATTTCTTCCTGTAAG-1,donor3,6
donor3_GCAACATAGAAAGTCT-1,donor3,10
donor3_GCAACATAGCCGCACT-1,donor3,6
donor3_GCAACATAGGAACATT-1,donor3,9
donor3_GCAACATAGGGCGAGA-1,donor3,12
donor3_GCAACATAGTATGACA-1,donor3,12
donor3_GCAACATCAACCGTAT-1,donor3,11
donor3_GCAACATCAGACGCTC-1,donor3,10
donor3_GCAACATCAGCGGTCT-1,donor3,20
donor3_GCAACATCATTGACAC-1,donor3,9
donor3_GCAACATGTTCCTAGA-1,donor3,6
donor3_GCAACATTCTGCGAGC-1,donor3,9
donor3_GCAACCGAGGTTCAGG-1,donor3,12
donor3_GCAACCGAGTAGAATC-1,donor3,11
donor3_GCAACCGAGTTCCATG-1,donor3,12
donor3_GCAACCGCAAAGACGC-1,donor3,6
donor3_GCAACCGCACCAATTG-1,donor3,10
donor3_GCAACCGTCTGGACCG-1,donor3,17
donor3_GCACATAAGTGCAACG-1,donor3,12
donor3_GCACATACAAGAGTAT-1,donor3,11
donor3_GCACATACAAGTATCC-1,donor3,12
donor3_GCACATACAGCGGTCT-1,donor3,10
donor3_GCACATACAGCTGTTA-1,donor3,9
donor3_GCACATACATCATCTT-1,donor3,6
donor3_GCACATAGTTCTCGCT-1,donor3,20
donor3_GCACATAGTTGACTAC-1,donor3,9
donor3_GCACATATCAGTCCGG-1,donor3,7
donor3_GCACGGTCAAACTGCT-1,donor3,6
donor3_GCACGGTCACACACTA-1,donor3,12
donor3_GCACGGTCAGTTCCAA-1,donor3,11
donor3_GCACGGTGTAGCTGAG-1,donor3,9
donor3_GCACGGTGTGGTAACG-1,donor3,9
donor3_GCACGGTTCAGATGCT-1,donor3,9
donor3_GCACGGTTCGGCCAAC-1,donor3,1
donor3_GCACGGTTCGTCAGAT-1,donor3,10
donor3_GCACGTGAGAGGCTGT-1,donor3,12
donor3_GCACGTGAGGTTCATC-1,donor3,6
donor3_GCACGTGAGTGCGCTC-1,donor3,12
donor3_GCACGTGCACGCGGTT-1,donor3,9
donor3_GCACGTGCAGCTGCCA-1,donor3,9
donor3_GCACGTGGTATCCTTT-1,donor3,0
donor3_GCACGTGGTCTGTAAC-1,donor3,23
donor3_GCACGTGTCGGTGTAT-1,donor3,10
donor3_GCACTAAGTCGACTGC-1,donor3,21
donor3_GCACTAAGTGATGAAT-1,donor3,10
donor3_GCACTAAGTGTGCCTG-1,donor3,12
donor3_GCACTAAGTTTAGACC-1,donor3,11
donor3_GCACTAATCGCAGTGC-1,donor3,14
donor3_GCACTAATCTAGAGCT-1,donor3,14
donor3_GCACTAATCTATCACT-1,donor3,21
donor3_GCAGCCAAGAGCGACT-1,donor3,10
donor3_GCAGCCAAGCGATCGA-1,donor3,11
donor3_GCAGCCACACAGTCCG-1,donor3,6
donor3_GCAGCCACACATAGCT-1,donor3,9
donor3_GCAGCCACACATATCG-1,donor3,12
donor3_GCAGCCAGTAATACCC-1,donor3,14
donor3_GCAGCCAGTCACCACG-1,donor3,9
donor3_GCAGCCATCACCGACG-1,donor3,10
donor3_GCAGCCATCCGATCGG-1,donor3,12
donor3_GCAGCCATCCTAGCCT-1,donor3,9
donor3_GCAGCTGAGACATCAA-1,donor3,9
donor3_GCAGCTGCAAAGGAGA-1,donor3,6
donor3_GCAGCTGCAGGGACTA-1,donor3,10
donor3_GCAGCTGCATCGATGT-1,donor3,1
donor3_GCAGCTGCATCTCGTC-1,donor3,7
donor3_GCAGCTGCATGCAGGA-1,donor3,6
donor3_GCAGCTGGTACGCTTA-1,donor3,9
donor3_GCAGCTGGTCACGCTG-1,donor3,10
donor3_GCAGCTGGTGTCCCTT-1,donor3,12
donor3_GCAGCTGGTTAGCTAC-1,donor3,10
donor3_GCAGCTGTCCAGCAAT-1,donor3,7
donor3_GCAGCTGTCCGATCGG-1,donor3,6
donor3_GCAGCTGTCGTTCTCG-1,donor3,9
donor3_GCAGGCTAGAATCCCT-1,donor3,12
donor3_GCAGGCTAGTCTAGCT-1,donor3,12
donor3_GCAGGCTCAAGAAATC-1,donor3,26
donor3_GCAGGCTCAGATGCGA-1,donor3,9
donor3_GCAGGCTGTTCGTAAC-1,donor3,9
donor3_GCAGGCTTCACCCATC-1,donor3,12
donor3_GCAGGCTTCCAACTGA-1,donor3,6
donor3_GCAGGCTTCGTGGCTG-1,donor3,9
donor3_GCAGTTAAGAGTCAAT-1,donor3,12
donor3_GCAGTTACAAGATTGA-1,donor3,10
donor3_GCAGTTACATCCGATA-1,donor3,14
donor3_GCAGTTAGTCATACCA-1,donor3,6
donor3_GCAGTTATCAAGCCTA-1,donor3,12
donor3_GCAGTTATCACATCAG-1,donor3,6
donor3_GCAGTTATCCGCACGA-1,donor3,10
donor3_GCAGTTATCGTCTAAG-1,donor3,0
donor3_GCAGTTATCTCCCATG-1,donor3,9
donor3_GCAGTTATCTGTCAGA-1,donor3,11
donor3_GCAGTTATCTTTCAGT-1,donor3,6
donor3_GCATCGGAGCGGGTAT-1,donor3,12
donor3_GCATCGGAGCTAAATG-1,donor3,10
donor3_GCATCGGAGTTTGAGA-1,donor3,12
donor3_GCATCGGCAACCAATC-1,donor3,6
donor3_GCATCGGCAATCAAGA-1,donor3,7
donor3_GCATCGGCACGCTGAC-1,donor3,12
donor3_GCATCGGCAGACCATT-1,donor3,0
donor3_GCATCGGCAGGAATAT-1,donor3,11
donor3_GCATCGGCATCCGGCA-1,donor3,9
donor3_GCATCGGGTAAGTTAG-1,donor3,9
donor3_GCATCGGTCACGGGAA-1,donor3,10
donor3_GCATCGGTCATAGACC-1,donor3,7
donor3_GCATCTCAGCTAAACA-1,donor3,9
donor3_GCATCTCAGCTGAGTG-1,donor3,9
donor3_GCATCTCAGTATGGAT-1,donor3,9
donor3_GCATCTCAGTGTAGTA-1,donor3,6
donor3_GCATCTCCACCTCTAC-1,donor3,6
donor3_GCATCTCCAGATACTC-1,donor3,9
donor3_GCATCTCGTCGTATTG-1,donor3,10
donor3_GCATCTCGTGCAACAG-1,donor3,10
donor3_GCATCTCTCACCTCAC-1,donor3,12
donor3_GCATCTCTCTCCCATG-1,donor3,11
donor3_GCATGATAGCTGCGAA-1,donor3,6
donor3_GCATGATAGTTGGCGA-1,donor3,11
donor3_GCATGATCACAGTCAT-1,donor3,10
donor3_GCATGATCAGCTACTA-1,donor3,23
donor3_GCATGATCATGTTCGA-1,donor3,12
donor3_GCATGATGTAGATGTA-1,donor3,9
donor3_GCATGATTCCCGGTAG-1,donor3,12
donor3_GCATTAGAGACCAAGC-1,donor3,9
donor3_GCATTAGAGATCGCCC-1,donor3,6
donor3_GCATTAGAGGTAAAGG-1,donor3,17
donor3_GCATTAGAGTAACGAT-1,donor3,6
donor3_GCATTAGAGTCAAGCG-1,donor3,7
donor3_GCATTAGGTACAGTTC-1,donor3,11
donor3_GCATTAGGTACCTGTA-1,donor3,10
donor3_GCATTAGGTCCTCAGG-1,donor3,6
donor3_GCATTAGTCCTACAAG-1,donor3,6
donor3_GCATTAGTCGCTAGCG-1,donor3,12
donor3_GCATTAGTCTTCCTAA-1,donor3,9
donor3_GCATTAGTCTTGGAAC-1,donor3,9
donor3_GCCAACGAGCTCGAAG-1,donor3,12
donor3_GCCAACGAGGATGCGT-1,donor3,11
donor3_GCCAACGAGTGGCGAT-1,donor3,11
donor3_GCCAACGAGTTGTAAG-1,donor3,12
donor3_GCCAACGCAAATCAGA-1,donor3,12
donor3_GCCAACGCAACGTAAA-1,donor3,12
donor3_GCCAACGCACAAGTGG-1,donor3,10
donor3_GCCAACGCAGGCATTT-1,donor3,12
donor3_GCCAACGCATCTGCGG-1,donor3,12
donor3_GCCAACGGTCCTACAA-1,donor3,11
donor3_GCCAACGTCACGAACT-1,donor3,12
donor3_GCCAACGTCCAATGCA-1,donor3,11
donor3_GCCAACGTCCGATCGG-1,donor3,14
donor3_GCCAACGTCCTTATGT-1,donor3,21
donor3_GCCAGCACATTGAGGG-1,donor3,6
donor3_GCCAGCAGTAGACGTG-1,donor3,6
donor3_GCCAGGTAGAGGGTCT-1,donor3,12
donor3_GCCAGGTAGGCGATAC-1,donor3,9
donor3_GCCAGGTCATCGTGGC-1,donor3,12
donor3_GCCAGGTGTCTACACA-1,donor3,12
donor3_GCCAGGTGTGGTACAG-1,donor3,9
donor3_GCCAGGTTCAAAGGTA-1,donor3,9
donor3_GCCAGGTTCAGGGTAG-1,donor3,9
donor3_GCCAGGTTCATCGGGC-1,donor3,26
donor3_GCCAGGTTCGAACCTA-1,donor3,7
donor3_GCCAGGTTCTGATGGT-1,donor3,6
donor3_GCCAGTGAGGCTCAAG-1,donor3,9
donor3_GCCAGTGAGTTGCTCA-1,donor3,10
donor3_GCCAGTGCAAGAGATT-1,donor3,10
donor3_GCCAGTGCAATAGTAG-1,donor3,12
donor3_GCCAGTGCACTAGGTT-1,donor3,10
donor3_GCCAGTGGTACAAGTA-1,donor3,12
donor3_GCCAGTGGTCGTACAT-1,donor3,9
donor3_GCCAGTGGTCTAATCG-1,donor3,14
donor3_GCCAGTGGTTCGAAGG-1,donor3,11
donor3_GCCATGGAGAAAGCGA-1,donor3,12
donor3_GCCATGGAGAGGCCAT-1,donor3,12
donor3_GCCATGGAGATCGACG-1,donor3,11
donor3_GCCATGGAGGGACACT-1,donor3,12
donor3_GCCATGGAGTAAGGGA-1,donor3,11
donor3_GCCATGGGTACCATAC-1,donor3,10
donor3_GCCATGGGTCATCTAG-1,donor3,0
donor3_GCCATGGGTCGGAAAC-1,donor3,6
donor3_GCCATGGGTCTGTAGT-1,donor3,9
donor3_GCCATGGGTCTTCGAA-1,donor3,12
donor3_GCCATGGGTGGTCCGT-1,donor3,9
donor3_GCCATGGTCATAGAGA-1,donor3,10
donor3_GCCATGGTCCCAGCGA-1,donor3,12
donor3_GCCATGGTCGACATAC-1,donor3,10
donor3_GCCATGGTCGCTTACC-1,donor3,12
donor3_GCCATTCAGACGCAGT-1,donor3,9
donor3_GCCATTCAGCCGAATG-1,donor3,9
donor3_GCCATTCAGCGACCCT-1,donor3,9
donor3_GCCATTCAGGTTCAGG-1,donor3,12
donor3_GCCATTCCAGGTTCCG-1,donor3,9
donor3_GCCATTCGTCCACAGC-1,donor3,10
donor3_GCCATTCGTGTCATCA-1,donor3,10
donor3_GCCATTCTCCTCTAAT-1,donor3,9
donor3_GCCATTCTCGGTAAGG-1,donor3,12
donor3_GCCATTCTCTGAGATC-1,donor3,6
donor3_GCCATTCTCTGTCTCG-1,donor3,10
donor3_GCCCAGAAGAACTCCT-1,donor3,11
donor3_GCCCAGAAGCTGGTGA-1,donor3,6
donor3_GCCCAGACACTGAATC-1,donor3,10
donor3_GCCCAGACAGCGATTT-1,donor3,6
donor3_GCCCAGACAGCGGATA-1,donor3,10
donor3_GCCCAGAGTCTGTCCT-1,donor3,12
donor3_GCCCAGAGTTACCTGA-1,donor3,6
donor3_GCCCAGATCCAAGGGA-1,donor3,11
donor3_GCCCAGATCCATGAGT-1,donor3,6
donor3_GCCCAGATCTATCCAT-1,donor3,11
donor3_GCCCGAAAGCGCGTTC-1,donor3,10
donor3_GCCCGAAAGGGCAAGG-1,donor3,23
donor3_GCCCGAAAGTGGACTG-1,donor3,10
donor3_GCCCGAACAAGCCTGC-1,donor3,11
donor3_GCCCGAACACGTCGTG-1,donor3,12
donor3_GCCCGAACAGTTTCAG-1,donor3,11
donor3_GCCCGAATCAAAGCCT-1,donor3,10
donor3_GCCCGAATCTTCGGAA-1,donor3,12
donor3_GCCGATGAGATCCCAT-1,donor3,6
donor3_GCCGATGAGCAGGTCA-1,donor3,14
donor3_GCCGATGAGCCTAGGA-1,donor3,9
donor3_GCCGATGAGGACAGCT-1,donor3,10
donor3_GCCGATGAGGTGAGAA-1,donor3,6
donor3_GCCGATGAGTGCCCGT-1,donor3,12
donor3_GCCGATGAGTGCGTCC-1,donor3,6
donor3_GCCGATGCAAAGGAGA-1,donor3,12
donor3_GCCGATGCAAGATGTA-1,donor3,9
donor3_GCCGATGCAAGCTACT-1,donor3,10
donor3_GCCGATGCAGTGACCC-1,donor3,6
donor3_GCCGATGCATCAACCA-1,donor3,12
donor3_GCCGATGGTCCTGTTC-1,donor3,12
donor3_GCCGATGTCCCGTGTT-1,donor3,9
donor3_GCCGATGTCGCTGTTC-1,donor3,12
donor3_GCCGTGAAGACTCTAC-1,donor3,9
donor3_GCCGTGAAGCAGCGAT-1,donor3,7
donor3_GCCGTGAAGTGGCGAT-1,donor3,14
donor3_GCCGTGACAAGGCTTT-1,donor3,14
donor3_GCCGTGACACATATGC-1,donor3,10
donor3_GCCGTGAGTCGTTTCC-1,donor3,11
donor3_GCCGTGATCCCATTCG-1,donor3,12
donor3_GCCGTGATCCTTCGAC-1,donor3,14
donor3_GCCGTGATCGAGAGAC-1,donor3,9
donor3_GCCGTGATCGCACGGT-1,donor3,10
donor3_GCCTGTTAGAGTCAGC-1,donor3,10
donor3_GCCTGTTCAAAGGCGT-1,donor3,9
donor3_GCCTGTTGTAGATCGG-1,donor3,12
donor3_GCCTGTTGTGGTCCCA-1,donor3,11
donor3_GCCTGTTGTTCCGTTC-1,donor3,9
donor3_GCCTGTTGTTGTGGCC-1,donor3,9
donor3_GCCTGTTTCGACATCA-1,donor3,26
donor3_GCCTGTTTCGTCAAAC-1,donor3,14
donor3_GCCTGTTTCTATCCAT-1,donor3,10
donor3_GCCTGTTTCTCGCAGG-1,donor3,23
donor3_GCCTGTTTCTGGGATT-1,donor3,10
donor3_GCGAGAAAGAGATCGC-1,donor3,25
donor3_GCGAGAAAGGAAAGGT-1,donor3,12
donor3_GCGAGAAAGGTGCTTT-1,donor3,11
donor3_GCGAGAAAGTTGGCGA-1,donor3,11
donor3_GCGAGAAGTAGACGGT-1,donor3,6
donor3_GCGAGAAGTTACCCTC-1,donor3,12
donor3_GCGAGAAGTTCCCAAA-1,donor3,9
donor3_GCGAGAAGTTGCGGCT-1,donor3,6
donor3_GCGAGAATCACTGAAC-1,donor3,9
donor3_GCGAGAATCCCGAAAT-1,donor3,10
donor3_GCGAGAATCCGCAGTG-1,donor3,10
donor3_GCGAGAATCTGCGAGC-1,donor3,10
donor3_GCGATCGAGAGTGGCT-1,donor3,0
donor3_GCGATCGAGATCGCTT-1,donor3,9
donor3_GCGATCGAGGCTCACC-1,donor3,12
donor3_GCGATCGCATGTTACG-1,donor3,21
donor3_GCGATCGGTCAACCAT-1,donor3,10
donor3_GCGATCGTCACCTTAT-1,donor3,14
donor3_GCGATCGTCATTCATC-1,donor3,11
donor3_GCGATCGTCCCGATCT-1,donor3,9
donor3_GCGATCGTCGAGAAGC-1,donor3,10
donor3_GCGATCGTCGCGCCAA-1,donor3,11
donor3_GCGATCGTCGGCTGAC-1,donor3,10
donor3_GCGATCGTCTTGTTAC-1,donor3,12
donor3_GCGGAAAAGAGTATAC-1,donor3,7
donor3_GCGGAAAAGGCCTTCG-1,donor3,14
donor3_GCGGAAACATCGAACT-1,donor3,10
donor3_GCGGAAAGTGCTGTCG-1,donor3,10
donor3_GCGGAAAGTGTATTCG-1,donor3,6
donor3_GCGGAAATCGCTGTTC-1,donor3,9
donor3_GCGGAAATCTCCACTG-1,donor3,9
donor3_GCGGATCAGGTCCCTG-1,donor3,9
donor3_GCGGATCAGTCGCTAT-1,donor3,6
donor3_GCGGATCCATAACTCG-1,donor3,12
donor3_GCGGATCGTAGCTCGC-1,donor3,9
donor3_GCGGATCGTCCACTTC-1,donor3,12
donor3_GCGGATCTCCGTGGTG-1,donor3,9
donor3_GCGTGCAAGACCTCCG-1,donor3,12
donor3_GCGTGCAAGTAGGCCA-1,donor3,9
donor3_GCGTGCAAGTATAGGT-1,donor3,12
donor3_GCGTGCACAGACCATT-1,donor3,9
donor3_GCGTGCACATGGGTTT-1,donor3,12
donor3_GCGTGCAGTAACACGG-1,donor3,6
donor3_GCGTGCAGTGATGGCA-1,donor3,12
donor3_GCGTGCAGTTGTGCCG-1,donor3,11
donor3_GCGTGCATCAAACTGC-1,donor3,9
donor3_GCGTGCATCAACCCGG-1,donor3,14
donor3_GCGTGCATCTTGGAAC-1,donor3,9
donor3_GCGTTTCAGAAACTCA-1,donor3,9
donor3_GCGTTTCAGAAATGGG-1,donor3,9
donor3_GCGTTTCAGCGCCTCA-1,donor3,23
donor3_GCGTTTCAGCGTCAGA-1,donor3,11
donor3_GCGTTTCCAGGTTCGC-1,donor3,10
donor3_GCGTTTCGTATGTCAC-1,donor3,12
donor3_GCGTTTCGTCCTGGTG-1,donor3,12
donor3_GCGTTTCGTCGTTGCG-1,donor3,9
donor3_GCGTTTCGTGCTCCGA-1,donor3,12
donor3_GCGTTTCTCCTCGATC-1,donor3,10
donor3_GCGTTTCTCCTGTTGC-1,donor3,1
donor3_GCGTTTCTCGCGGACT-1,donor3,10
donor3_GCTACAAAGACATACA-1,donor3,10
donor3_GCTACAAAGAGTGTGC-1,donor3,12
donor3_GCTACAAAGGACAACC-1,donor3,11
donor3_GCTACAACACCCTGAG-1,donor3,14
donor3_GCTACAACAGCACAAG-1,donor3,12
donor3_GCTACAACAGCGATTT-1,donor3,10
donor3_GCTACAACAGCGTATT-1,donor3,6
donor3_GCTACAACATACCGTA-1,donor3,6
donor3_GCTACAAGTATGTCAC-1,donor3,6
donor3_GCTACAAGTCGAGATG-1,donor3,9
donor3_GCTACAATCTCCGTGT-1,donor3,7
donor3_GCTACCTAGACGTCGA-1,donor3,10
donor3_GCTACCTAGCACCCAC-1,donor3,23
donor3_GCTACCTAGGATGAGA-1,donor3,12
donor3_GCTACCTCATGGCACC-1,donor3,10
donor3_GCTACCTGTCACAATC-1,donor3,10
donor3_GCTACCTGTGTGGACA-1,donor3,10
donor3_GCTACCTTCCTGTAGA-1,donor3,9
donor3_GCTACCTTCTCGCGTT-1,donor3,12
donor3_GCTCAAAAGGCGAACT-1,donor3,12
donor3_GCTCAAACAACGATTC-1,donor3,11
donor3_GCTCAAACACACACGC-1,donor3,9
donor3_GCTCAAACAGAAACCG-1,donor3,10
donor3_GCTCAAACATCTCAAG-1,donor3,12
donor3_GCTCAAAGTCTCGGGT-1,donor3,6
donor3_GCTCAAAGTGGAAGTC-1,donor3,0
donor3_GCTCAAATCCATTGGA-1,donor3,12
donor3_GCTCAAATCTATGTGG-1,donor3,11
donor3_GCTGAATAGAGCTGAC-1,donor3,11
donor3_GCTGAATAGCCAAGTG-1,donor3,11
donor3_GCTGAATAGGTAGATT-1,donor3,12
donor3_GCTGAATAGTGGGAAA-1,donor3,12
donor3_GCTGAATCACTGGCCA-1,donor3,10
donor3_GCTGAATGTACAGTAA-1,donor3,11
donor3_GCTGAATGTCATCCGG-1,donor3,6
donor3_GCTGAATGTCCCGTGA-1,donor3,9
donor3_GCTGAATGTTACGCCG-1,donor3,12
donor3_GCTGAATGTTAGTTCG-1,donor3,10
donor3_GCTGAATTCCAGCCTT-1,donor3,26
donor3_GCTGAATTCTCTCGCA-1,donor3,12
donor3_GCTGCAGAGAGGGTAA-1,donor3,12
donor3_GCTGCAGAGGTGCTAG-1,donor3,6
donor3_GCTGCAGCAAACCACT-1,donor3,9
donor3_GCTGCAGCAACCGTGC-1,donor3,14
donor3_GCTGCAGCACGAGGTA-1,donor3,12
donor3_GCTGCAGGTGGCTAGA-1,donor3,14
donor3_GCTGCAGGTTCTTGTT-1,donor3,10
donor3_GCTGCAGGTTGTTGCA-1,donor3,12
donor3_GCTGCAGGTTTACCTT-1,donor3,14
donor3_GCTGCAGTCATCGCAA-1,donor3,10
donor3_GCTGCAGTCCCGAATA-1,donor3,11
donor3_GCTGCAGTCTGCATAG-1,donor3,10
donor3_GCTGGGTAGCCATTGT-1,donor3,9
donor3_GCTGGGTCACTGCTTC-1,donor3,11
donor3_GCTGGGTCATCAGCTA-1,donor3,12
donor3_GCTGGGTCATTGAGCT-1,donor3,11
donor3_GCTGGGTGTCAGACGA-1,donor3,12
donor3_GCTGGGTGTGAATGTA-1,donor3,26
donor3_GCTGGGTGTGATCGTT-1,donor3,10
donor3_GCTGGGTTCAAGAAAC-1,donor3,11
donor3_GCTGGGTTCCCTGTTG-1,donor3,12
donor3_GCTGGGTTCGGAACTT-1,donor3,10
donor3_GCTGGGTTCGTCAGAT-1,donor3,11
donor3_GCTGGGTTCTCTCTTC-1,donor3,11
donor3_GCTGGGTTCTTTGATC-1,donor3,11
donor3_GCTTCACAGATGCAGC-1,donor3,9
donor3_GCTTCACAGCAACAGC-1,donor3,6
donor3_GCTTCACAGCTTTCCC-1,donor3,10
donor3_GCTTCACCAAAGAGTT-1,donor3,11
donor3_GCTTCACCACCCTATC-1,donor3,7
donor3_GCTTCACCACGTATAC-1,donor3,12
donor3_GCTTCACCAGCCCAGT-1,donor3,10
donor3_GCTTCACCAGGGTCTC-1,donor3,12
donor3_GCTTCACGTACATTGC-1,donor3,10
donor3_GCTTCACGTCAATGGG-1,donor3,11
donor3_GCTTCACGTCTGTTAG-1,donor3,6
donor3_GCTTCACGTGCCTTTC-1,donor3,10
donor3_GCTTCACGTGTCCGTG-1,donor3,10
donor3_GCTTCACTCCGTTTCG-1,donor3,9
donor3_GCTTCACTCGTTAGAC-1,donor3,9
donor3_GCTTGGGAGCACGGAT-1,donor3,6
donor3_GCTTGGGAGGGTGAGG-1,donor3,10
donor3_GCTTGGGCACACCAGC-1,donor3,10
donor3_GCTTGGGGTAACGATA-1,donor3,20
donor3_GCTTGGGGTCACTCTC-1,donor3,12
donor3_GCTTGGGTCATCCTGC-1,donor3,9
donor3_GCTTGGGTCCTGCCAT-1,donor3,9
donor3_GCTTTCGAGAGAATCT-1,donor3,10
donor3_GCTTTCGAGAGCAACC-1,donor3,6
donor3_GCTTTCGAGGGTCTTT-1,donor3,12
donor3_GCTTTCGAGGTAACTA-1,donor3,11
donor3_GCTTTCGAGTCCTGTA-1,donor3,6
donor3_GCTTTCGCAGCCCAGT-1,donor3,13
donor3_GCTTTCGCAGGCATGA-1,donor3,6
donor3_GCTTTCGCATGACACT-1,donor3,20
donor3_GCTTTCGGTTGCGTAT-1,donor3,9
donor3_GCTTTCGTCTTCCCGA-1,donor3,10
donor3_GGAACCCCACAAGTTC-1,donor3,9
donor3_GGAACCCTCATCACTT-1,donor3,10
donor3_GGAACCCTCGTCGCTT-1,donor3,9
donor3_GGAAGTGAGTCATTGC-1,donor3,10
donor3_GGAAGTGCAGCTACAT-1,donor3,10
donor3_GGAAGTGTCCCTGTTG-1,donor3,9
donor3_GGAAGTGTCGATTGGT-1,donor3,11
donor3_GGAAGTGTCTGCCTGT-1,donor3,11
donor3_GGAATCTCAATCTCTT-1,donor3,9
donor3_GGAATCTCAATTGTGC-1,donor3,12
donor3_GGAATCTCATATGGCT-1,donor3,9
donor3_GGAATCTCATGAATCC-1,donor3,12
donor3_GGAATCTGTATCGTGT-1,donor3,10
donor3_GGAATCTGTGCCAAGA-1,donor3,11
donor3_GGAATCTGTTCATCGA-1,donor3,10
donor3_GGAATCTGTTCTTCAT-1,donor3,11
donor3_GGAATCTTCCTGGCTT-1,donor3,11
donor3_GGAATCTTCGAGCACC-1,donor3,9
donor3_GGAATCTTCGCAATGT-1,donor3,11
donor3_GGAATGGCAAGAGTAT-1,donor3,9
donor3_GGAATGGCAGCGGTCT-1,donor3,11
donor3_GGAATGGCATGTCTAG-1,donor3,6
donor3_GGAATGGTCGAGAACG-1,donor3,6
donor3_GGAATGGTCTAGATCG-1,donor3,9
donor3_GGACGTCAGCAATAGT-1,donor3,10
donor3_GGACGTCAGTGAGCCA-1,donor3,12
donor3_GGACGTCAGTGCCTCG-1,donor3,9
donor3_GGACGTCAGTGCGTCC-1,donor3,12
donor3_GGACGTCAGTTCACTG-1,donor3,6
donor3_GGACGTCCAGCTCCTT-1,donor3,12
donor3_GGACGTCGTCCTCAGG-1,donor3,7
donor3_GGACGTCTCCACAGCG-1,donor3,10
donor3_GGACGTCTCTTAGTTC-1,donor3,10
donor3_GGAGAACAGAATAGTC-1,donor3,11
donor3_GGAGAACAGAGCCCAA-1,donor3,10
donor3_GGAGAACAGAGTTCGG-1,donor3,9
donor3_GGAGAACAGGTCGTAG-1,donor3,12
donor3_GGAGAACCAAATCCCA-1,donor3,6
donor3_GGAGAACCAGTGCCTG-1,donor3,12
donor3_GGAGAACGTATACAGA-1,donor3,12
donor3_GGAGAACGTGTCCAAT-1,donor3,9
donor3_GGAGAACGTTGCCGAC-1,donor3,6
donor3_GGAGAACTCATCACAG-1,donor3,12
donor3_GGAGAACTCGTTGTTT-1,donor3,6
donor3_GGAGATGCAATGGGTG-1,donor3,10
donor3_GGAGATGGTACACTCA-1,donor3,9
donor3_GGAGATGGTATGCTAC-1,donor3,12
donor3_GGAGATGGTCTCAAGT-1,donor3,12
donor3_GGAGATGTCATCTGTT-1,donor3,11
donor3_GGAGATGTCATGAGTC-1,donor3,6
donor3_GGAGATGTCGAGCACC-1,donor3,6
donor3_GGAGCAAAGATGACAT-1,donor3,12
donor3_GGAGCAAAGCCGATTT-1,donor3,12
donor3_GGAGCAACAACGTAAA-1,donor3,11
donor3_GGAGCAACAAGCCCAC-1,donor3,9
donor3_GGAGCAACAATCGCCG-1,donor3,12
donor3_GGAGCAACACAACGCC-1,donor3,1
donor3_GGAGCAACATGGAATA-1,donor3,6
donor3_GGAGCAAGTGCCTGCA-1,donor3,11
donor3_GGAGCAATCGCCTAGG-1,donor3,9
donor3_GGAGGATAGAACGCGT-1,donor3,7
donor3_GGAGGATAGTTGAAAC-1,donor3,9
donor3_GGAGGATCAAGACCGA-1,donor3,10
donor3_GGAGGATCAGGAATCG-1,donor3,6
donor3_GGAGGATCATGTCAGT-1,donor3,9
donor3_GGAGGATGTCTTAGTG-1,donor3,9
donor3_GGAGGATGTGATTCTG-1,donor3,9
donor3_GGAGGATTCTAGTCAG-1,donor3,7
donor3_GGAGGTAAGAGCAAGA-1,donor3,11
donor3_GGAGGTAAGCAAGGAA-1,donor3,12
donor3_GGAGGTAAGGGAGGCA-1,donor3,14
donor3_GGAGGTACAACGGCTC-1,donor3,9
donor3_GGAGGTACACCCTTAC-1,donor3,11
donor3_GGAGGTACAGGTCAGA-1,donor3,9
donor3_GGAGGTAGTAACCCGC-1,donor3,12
donor3_GGAGGTATCATGAGAA-1,donor3,6
donor3_GGAGGTATCTGCACCT-1,donor3,9
donor3_GGATCTAAGAGATTCA-1,donor3,23
donor3_GGATCTAAGTGATAAC-1,donor3,9
donor3_GGATCTACAGATGCGA-1,donor3,6
donor3_GGATCTACAGTCAGAG-1,donor3,9
donor3_GGATCTAGTAAGACCG-1,donor3,9
donor3_GGATCTAGTAGAGATT-1,donor3,9
donor3_GGATCTAGTGATCATC-1,donor3,10
donor3_GGATCTATCCCATTCG-1,donor3,11
donor3_GGATCTATCGCCGAAC-1,donor3,6
donor3_GGATCTATCTAGGCAT-1,donor3,6
donor3_GGATCTATCTTACACT-1,donor3,12
donor3_GGATGTTAGGATTCCT-1,donor3,14
donor3_GGATGTTCAACACAGG-1,donor3,12
donor3_GGATGTTGTAACATGA-1,donor3,9
donor3_GGATGTTGTATGCAAA-1,donor3,12
donor3_GGATGTTGTCGTCGGT-1,donor3,9
donor3_GGATGTTGTTAGCGGA-1,donor3,11
donor3_GGATGTTTCTCATGCC-1,donor3,10
donor3_GGCACGTAGTATTCCG-1,donor3,9
donor3_GGCACGTCACAGTACT-1,donor3,12
donor3_GGCACGTCAGAGGACT-1,donor3,12
donor3_GGCACGTCAGTTTCAG-1,donor3,10
donor3_GGCACGTGTTAGTCGT-1,donor3,9
donor3_GGCACGTTCCAATCTT-1,donor3,12
donor3_GGCACGTTCCGTTGAA-1,donor3,12
donor3_GGCACGTTCTCGTGAA-1,donor3,6
donor3_GGCACGTTCTCTAGGA-1,donor3,11
donor3_GGCAGTCGTATACCCA-1,donor3,9
donor3_GGCAGTCGTTAGCTAC-1,donor3,12
donor3_GGCAGTCTCGGAGTGA-1,donor3,6
donor3_GGCAGTCTCTGTCTCG-1,donor3,14
donor3_GGCGTCAAGCTCTGTA-1,donor3,10
donor3_GGCGTCAAGGGCGAGA-1,donor3,6
donor3_GGCGTCAAGTCAGAGC-1,donor3,10
donor3_GGCGTCAAGTCCTACA-1,donor3,9
donor3_GGCGTCACAGCAGGAT-1,donor3,10
donor3_GGCGTCAGTCACTCAA-1,donor3,12
donor3_GGCGTCAGTCATGACT-1,donor3,10
donor3_GGCGTCAGTTGCGGAA-1,donor3,9
donor3_GGCTGTGAGGTCGCCT-1,donor3,10
donor3_GGCTGTGCAAGGTCAG-1,donor3,11
donor3_GGCTGTGCACGTCATA-1,donor3,11
donor3_GGCTGTGTCTAACGGT-1,donor3,9
donor3_GGCTGTGTCTAGCCAA-1,donor3,11
donor3_GGCTGTGTCTTTCCGG-1,donor3,11
donor3_GGCTTGGAGATGAAGG-1,donor3,6
donor3_GGCTTGGAGGCGAACT-1,donor3,9
donor3_GGCTTGGCACCAGACC-1,donor3,6
donor3_GGCTTGGCAGCTGTCG-1,donor3,9
donor3_GGCTTGGGTTACGTAC-1,donor3,9
donor3_GGCTTGGTCCGTAGGC-1,donor3,6
donor3_GGCTTGGTCTTCTGGC-1,donor3,12
donor3_GGCTTTCAGAAACTAC-1,donor3,10
donor3_GGCTTTCAGCTTCTAG-1,donor3,6
donor3_GGCTTTCAGGAGAGTA-1,donor3,11
donor3_GGCTTTCAGGGACCAT-1,donor3,9
donor3_GGCTTTCAGTGCTACT-1,donor3,9
donor3_GGCTTTCCAACACGTT-1,donor3,9
donor3_GGCTTTCCACCCAACG-1,donor3,9
donor3_GGCTTTCCAGCTCCTT-1,donor3,11
donor3_GGCTTTCCATATAGCC-1,donor3,7
donor3_GGCTTTCCATCCGAAT-1,donor3,1
donor3_GGCTTTCGTAGGTGCA-1,donor3,10
donor3_GGCTTTCGTATCGTTG-1,donor3,12
donor3_GGCTTTCGTTAGAGTA-1,donor3,9
donor3_GGCTTTCTCGAATCCA-1,donor3,6
donor3_GGCTTTCTCGCGTCGA-1,donor3,12
donor3_GGGAAGTAGACGGATC-1,donor3,10
donor3_GGGAAGTAGGTTGACG-1,donor3,9
donor3_GGGAAGTAGTCCCAGC-1,donor3,10
donor3_GGGAAGTCACTCCTGT-1,donor3,12
donor3_GGGAAGTCAGTCGGAA-1,donor3,12
donor3_GGGAAGTCATCCTTCG-1,donor3,12
donor3_GGGAAGTGTGGCTAGA-1,donor3,7
donor3_GGGAAGTGTGGGAGAG-1,donor3,9
donor3_GGGAAGTGTTGAGAGC-1,donor3,12
donor3_GGGAAGTTCACACCGG-1,donor3,6
donor3_GGGAAGTTCAGCATTG-1,donor3,12
donor3_GGGAAGTTCGTGGACC-1,donor3,7
donor3_GGGACAAAGAAATGGG-1,donor3,0
donor3_GGGACAAAGTGGCCTC-1,donor3,6
donor3_GGGACAACAACAAGAT-1,donor3,10
donor3_GGGACAACATGAAGGC-1,donor3,9
donor3_GGGACAAGTCTAATCG-1,donor3,9
donor3_GGGACAAGTGGTAACG-1,donor3,9
donor3_GGGACAAGTTATGTGC-1,donor3,12
donor3_GGGACAAGTTCTCCAC-1,donor3,6
donor3_GGGACAAGTTGTGCCG-1,donor3,9
donor3_GGGACAATCAGGAAAT-1,donor3,6
donor3_GGGACAATCCCTTTGG-1,donor3,12
donor3_GGGACAATCCTACGAA-1,donor3,6
donor3_GGGACAATCGATTCCC-1,donor3,7
donor3_GGGACCTAGTCCGTCG-1,donor3,10
donor3_GGGACCTCAAACGTGG-1,donor3,10
donor3_GGGACCTCACAGTCAT-1,donor3,9
donor3_GGGACCTCAGAGGTTG-1,donor3,12
donor3_GGGACCTCAGCTATAC-1,donor3,10
donor3_GGGACCTCATATTCGG-1,donor3,9
donor3_GGGACCTTCCGTATGA-1,donor3,21
donor3_GGGACCTTCCTTGAAG-1,donor3,10
donor3_GGGACCTTCGACATTG-1,donor3,11
donor3_GGGACTCAGCGTCTCG-1,donor3,9
donor3_GGGACTCAGGGCAAGG-1,donor3,12
donor3_GGGACTCAGTATGAGT-1,donor3,9
donor3_GGGACTCGTGAGATCG-1,donor3,10
donor3_GGGACTCTCATGCCAA-1,donor3,11
donor3_GGGACTCTCCACTGAA-1,donor3,21
donor3_GGGAGATAGTCGCGAA-1,donor3,9
donor3_GGGAGATTCCATCTAT-1,donor3,11
donor3_GGGAGATTCCGTGCGA-1,donor3,12
donor3_GGGAGATTCTGGTCAA-1,donor3,7
donor3_GGGAGTACAATGGCCC-1,donor3,9
donor3_GGGAGTACACCTTCCA-1,donor3,6
donor3_GGGAGTACACGCGTGT-1,donor3,11
donor3_GGGAGTACAGCGGTTC-1,donor3,12
donor3_GGGAGTAGTGGAGGTT-1,donor3,11
donor3_GGGAGTATCACGATCA-1,donor3,12
donor3_GGGATCCAGCATAGGC-1,donor3,6
donor3_GGGATCCCACACGTGC-1,donor3,11
donor3_GGGATCCCACATGAAA-1,donor3,9
donor3_GGGATCCGTAGAAACT-1,donor3,11
donor3_GGGATCCGTCAGTCCG-1,donor3,10
donor3_GGGATCCGTCCGGCAT-1,donor3,14
donor3_GGGATCCGTGTATACC-1,donor3,12
donor3_GGGATCCGTTGTGGCC-1,donor3,11
donor3_GGGATCCTCTCTTGCG-1,donor3,6
donor3_GGGATCCTCTGAGAAA-1,donor3,12
donor3_GGGATCCTCTGCGGAC-1,donor3,6
donor3_GGGATGAAGCTGGCTC-1,donor3,6
donor3_GGGATGACAATGGCCC-1,donor3,11
donor3_GGGATGAGTCCAATCA-1,donor3,14
donor3_GGGATGAGTTGACTGT-1,donor3,10
donor3_GGGCCATAGCACCCAC-1,donor3,12
donor3_GGGCCATAGCTAAACA-1,donor3,6
donor3_GGGCCATAGTCCCAGC-1,donor3,12
donor3_GGGCCATAGTGGACTG-1,donor3,9
donor3_GGGCCATCACAATGCT-1,donor3,11
donor3_GGGCCATCACGTAACT-1,donor3,10
donor3_GGGCCATGTCGAAACG-1,donor3,14
donor3_GGGCCATGTTGGGATG-1,donor3,10
donor3_GGGCCATTCACCCTTG-1,donor3,6
donor3_GGGCCATTCGATACTG-1,donor3,12
donor3_GGGCGTTAGATTCGCT-1,donor3,9
donor3_GGGCGTTAGGATCATA-1,donor3,10
donor3_GGGCGTTAGGATGTTA-1,donor3,9
donor3_GGGCGTTAGTTGCATC-1,donor3,7
donor3_GGGCGTTCATCCGCGA-1,donor3,12
donor3_GGGCGTTCATGTGGCC-1,donor3,10
donor3_GGGCGTTGTCGCACAC-1,donor3,12
donor3_GGGCGTTGTGGCAACA-1,donor3,6
donor3_GGGCGTTGTTCTGACA-1,donor3,20
donor3_GGGCGTTTCGTTGTTT-1,donor3,9
donor3_GGGCGTTTCTGAGAAA-1,donor3,7
donor3_GGGCTACAGAAACCCG-1,donor3,9
donor3_GGGCTACAGGATTTCC-1,donor3,9
donor3_GGGCTACGTAGAGGAA-1,donor3,11
donor3_GGGCTACGTAGCGATG-1,donor3,7
donor3_GGGCTACGTGATACCT-1,donor3,12
donor3_GGGCTACGTGCATTTG-1,donor3,0
donor3_GGGCTACTCTGTTCAT-1,donor3,14
donor3_GGGCTCAAGAAACTGT-1,donor3,12
donor3_GGGCTCAAGAAGGATG-1,donor3,11
donor3_GGGCTCAAGTTGGCGA-1,donor3,11
donor3_GGGCTCACAAATAAGC-1,donor3,9
donor3_GGGCTCACAGGGTCTC-1,donor3,9
donor3_GGGCTCACATGCACTA-1,donor3,9
donor3_GGGCTCAGTCATCACA-1,donor3,9
donor3_GGGCTCAGTGAGCTCC-1,donor3,10
donor3_GGGCTCATCATTCATC-1,donor3,9
donor3_GGGCTCATCTAGAGCT-1,donor3,9
donor3_GGGTAGAAGCGACTTT-1,donor3,9
donor3_GGGTAGAAGCTAAGTA-1,donor3,6
donor3_GGGTAGAAGTGAGCCA-1,donor3,11
donor3_GGGTAGACAACTGATC-1,donor3,9
donor3_GGGTAGACAGGCGAAT-1,donor3,9
donor3_GGGTAGAGTAACGATA-1,donor3,12
donor3_GGGTAGAGTACAAGCG-1,donor3,11
donor3_GGGTAGATCCAAGAGG-1,donor3,9
donor3_GGGTAGATCCAATCTT-1,donor3,1
donor3_GGGTATTCAACACAGG-1,donor3,11
donor3_GGGTATTCAATTGCAC-1,donor3,7
donor3_GGGTATTCAGCGTTTA-1,donor3,0
donor3_GGGTATTCATATTCGG-1,donor3,21
donor3_GGGTATTGTACCGGCT-1,donor3,10
donor3_GGGTATTGTAGTGATA-1,donor3,12
donor3_GGGTATTGTCATAACC-1,donor3,6
donor3_GGGTATTGTGGAAATT-1,donor3,12
donor3_GGGTATTGTTCCTACC-1,donor3,10
donor3_GGGTATTGTTTAAGGA-1,donor3,11
donor3_GGGTATTTCACTTGGA-1,donor3,10
donor3_GGGTATTTCTAAGCGT-1,donor3,11
donor3_GGGTATTTCTGCTCTG-1,donor3,12
donor3_GGGTCACAGCGAATGC-1,donor3,12
donor3_GGGTCACAGGCTCACC-1,donor3,9
donor3_GGGTCACCACCACTGG-1,donor3,7
donor3_GGGTCACCACGGTGTC-1,donor3,12
donor3_GGGTCACCACTACCGG-1,donor3,12
donor3_GGGTCACCACTCCGGA-1,donor3,12
donor3_GGGTCACGTAGCCCTG-1,donor3,9
donor3_GGGTCACTCCGGTAAT-1,donor3,11
donor3_GGGTCACTCTGGAGAG-1,donor3,12
donor3_GGGTCTGAGAGGCCAT-1,donor3,11
donor3_GGGTCTGAGCACTCGC-1,donor3,20
donor3_GGGTCTGAGGAGACCT-1,donor3,6
donor3_GGGTCTGCAATGAGCG-1,donor3,6
donor3_GGGTCTGCACATTCTT-1,donor3,11
donor3_GGGTCTGTCGGCATCG-1,donor3,14
donor3_GGGTCTGTCGTGCATA-1,donor3,12
donor3_GGGTGAAAGATGGCGT-1,donor3,12
donor3_GGGTGAAAGCAGTACG-1,donor3,9
donor3_GGGTGAAAGTGCTACT-1,donor3,9
donor3_GGGTGAACAAACGTGG-1,donor3,23
donor3_GGGTGAAGTATCGTGT-1,donor3,22
donor3_GGGTGAAGTCATCACA-1,donor3,9
donor3_GGGTGAAGTCCTTGTC-1,donor3,14
donor3_GGGTGAAGTGCATTTG-1,donor3,9
donor3_GGGTGAAGTGGTCCGT-1,donor3,6
donor3_GGGTGAAGTTTCGGCG-1,donor3,11
donor3_GGGTGAATCAGTAGGG-1,donor3,12
donor3_GGGTGAATCATTCACT-1,donor3,11
donor3_GGGTGAATCCTAAGTG-1,donor3,12
donor3_GGGTGAATCCTCGATC-1,donor3,6
donor3_GGGTGTCCATGGATCT-1,donor3,10
donor3_GGGTGTCGTACTCGCG-1,donor3,10
donor3_GGGTGTCGTCATCAGT-1,donor3,12
donor3_GGGTGTCGTGGTACAG-1,donor3,12
donor3_GGGTGTCTCAGCTGAT-1,donor3,9
donor3_GGGTGTCTCGTGGCTG-1,donor3,9
donor3_GGGTTATAGTCGTCTA-1,donor3,9
donor3_GGGTTATCAACTTGGT-1,donor3,9
donor3_GGGTTATCACACTTAG-1,donor3,9
donor3_GGGTTATCAGCAGATG-1,donor3,12
donor3_GGGTTATCATACAGCT-1,donor3,12
donor3_GGGTTATGTCTAACTG-1,donor3,6
donor3_GGGTTATGTGGCTGAA-1,donor3,21
donor3_GGGTTATGTGGCTGCT-1,donor3,12
donor3_GGGTTATGTTATTCTC-1,donor3,6
donor3_GGGTTATTCATTCCTA-1,donor3,9
donor3_GGGTTATTCGCACGGT-1,donor3,9
donor3_GGGTTATTCTGACGCG-1,donor3,9
donor3_GGGTTTACACCTGATA-1,donor3,9
donor3_GGGTTTACACTTCCTG-1,donor3,11
donor3_GGGTTTACAGGAACCA-1,donor3,20
donor3_GGGTTTACAGGTTACT-1,donor3,12
donor3_GGGTTTACATTCACAG-1,donor3,7
donor3_GGGTTTAGTCCTTAAG-1,donor3,11
donor3_GGGTTTAGTCGATTCA-1,donor3,9
donor3_GGGTTTAGTCTGCGCA-1,donor3,10
donor3_GGGTTTAGTTCCTAGA-1,donor3,9
donor3_GGGTTTATCAACTGGT-1,donor3,7
donor3_GGGTTTATCAGAATAG-1,donor3,9
donor3_GGGTTTATCATCGCTC-1,donor3,6
donor3_GGGTTTATCCATTTAC-1,donor3,10
donor3_GGGTTTATCGGCCTTT-1,donor3,6
donor3_GGTAACTAGGCATGGT-1,donor3,6
donor3_GGTAACTCACGGTGCT-1,donor3,6
donor3_GGTAACTCAGCCTATA-1,donor3,10
donor3_GGTAACTCATTACGGT-1,donor3,11
donor3_GGTAACTGTCTGATAC-1,donor3,9
donor3_GGTAACTGTGTAACGG-1,donor3,10
donor3_GGTAACTGTTTGCCGG-1,donor3,12
donor3_GGTAACTTCAGAGCGA-1,donor3,9
donor3_GGTAACTTCATGGCCG-1,donor3,12
donor3_GGTAACTTCCACGTGG-1,donor3,12
donor3_GGTAATCAGCGGCTCT-1,donor3,12
donor3_GGTAATCAGTTCCATG-1,donor3,9
donor3_GGTAATCCACCTGAAT-1,donor3,12
donor3_GGTAATCCACGCCAGT-1,donor3,6
donor3_GGTAATCCATCGATAC-1,donor3,12
donor3_GGTAATCGTCACTACA-1,donor3,6
donor3_GGTAATCGTCAGGAGT-1,donor3,9
donor3_GGTAATCGTCTCTCCA-1,donor3,9
donor3_GGTAATCGTTCTCTAT-1,donor3,9
donor3_GGTAATCTCCTTCTAA-1,donor3,12
donor3_GGTAATCTCTACACTT-1,donor3,10
donor3_GGTAGAGAGGCGCTCT-1,donor3,10
donor3_GGTAGAGCACCTTCCA-1,donor3,12
donor3_GGTAGAGCATCAGTGT-1,donor3,9
donor3_GGTAGAGTCAAGATAG-1,donor3,11
donor3_GGTAGAGTCGCCTATC-1,donor3,9
donor3_GGTAGAGTCGTCGGGT-1,donor3,12
donor3_GGTCACGAGTGCAACG-1,donor3,11
donor3_GGTCACGCAAGAAATC-1,donor3,9
donor3_GGTCACGCAATCAAGA-1,donor3,9
donor3_GGTCACGCATGTTCAG-1,donor3,6
donor3_GGTCACGGTCAGTCGC-1,donor3,23
donor3_GGTCACGTCCCAGGCA-1,donor3,11
donor3_GGTCACGTCTATCGGA-1,donor3,9
donor3_GGTCACGTCTCCGTGT-1,donor3,14
donor3_GGTCTGGAGTAGCCAG-1,donor3,10
donor3_GGTCTGGAGTGTACAA-1,donor3,1
donor3_GGTCTGGGTACGGCAA-1,donor3,11
donor3_GGTCTGGGTGTAAATG-1,donor3,10
donor3_GGTCTGGTCACGGACC-1,donor3,12
donor3_GGTCTGGTCTGGCCGA-1,donor3,11
donor3_GGTGAAGAGAGCAACC-1,donor3,6
donor3_GGTGAAGAGAGTCGAC-1,donor3,10
donor3_GGTGAAGAGATGTAGT-1,donor3,11
donor3_GGTGAAGCAACATCGT-1,donor3,14
donor3_GGTGAAGCAACCGTGC-1,donor3,9
donor3_GGTGAAGCAAGCTCTA-1,donor3,9
donor3_GGTGAAGCACCCGTAG-1,donor3,6
donor3_GGTGAAGCACTTCATT-1,donor3,11
donor3_GGTGAAGCATCAGTCA-1,donor3,12
donor3_GGTGAAGGTCACCTTC-1,donor3,11
donor3_GGTGAAGGTCCAACGC-1,donor3,12
donor3_GGTGAAGGTCCAAGAG-1,donor3,10
donor3_GGTGAAGGTGACTCGC-1,donor3,11
donor3_GGTGAAGGTGGGTCAA-1,donor3,10
donor3_GGTGAAGTCTTGGTCC-1,donor3,12
donor3_GGTGATTCAACCGCCA-1,donor3,6
donor3_GGTGATTCAGAGGACT-1,donor3,10
donor3_GGTGATTCAGCACGAA-1,donor3,7
donor3_GGTGATTGTCGGTAAG-1,donor3,10
donor3_GGTGATTGTCTCAGAT-1,donor3,9
donor3_GGTGATTTCAAGAGTA-1,donor3,6
donor3_GGTGATTTCACGATCA-1,donor3,10
donor3_GGTGATTTCCCGAGAC-1,donor3,9
donor3_GGTGATTTCCGTCACT-1,donor3,10
donor3_GGTGGCTAGACCAAGC-1,donor3,12
donor3_GGTGGCTAGCACGATG-1,donor3,12
donor3_GGTGGCTAGCTGAGCA-1,donor3,9
donor3_GGTGGCTAGTATTGCC-1,donor3,9
donor3_GGTGGCTAGTGTTGAA-1,donor3,11
donor3_GGTGGCTCACTGCACG-1,donor3,10
donor3_GGTGGCTCATTGAGGG-1,donor3,11
donor3_GGTGGCTGTCTGCATA-1,donor3,6
donor3_GGTGTCGAGGAACGTC-1,donor3,10
donor3_GGTGTCGAGGTCGACA-1,donor3,12
donor3_GGTGTCGCACAGCATT-1,donor3,11
donor3_GGTGTCGCACATCCCT-1,donor3,6
donor3_GGTGTCGCAGAGGAAA-1,donor3,10
donor3_GGTGTCGCAGCTTTGA-1,donor3,12
donor3_GGTGTCGGTGAGTTTC-1,donor3,6
donor3_GGTGTCGGTGTTCCTC-1,donor3,23
donor3_GGTGTCGGTTCGAGCC-1,donor3,12
donor3_GGTGTCGGTTCTCCTG-1,donor3,10
donor3_GGTGTCGGTTTCGACA-1,donor3,9
donor3_GGTGTCGTCATTTACC-1,donor3,10
donor3_GGTGTCGTCCTACCGT-1,donor3,12
donor3_GGTGTCGTCGACATCA-1,donor3,6
donor3_GGTGTTAAGGCCTGAA-1,donor3,10
donor3_GGTGTTAAGTCATTGC-1,donor3,9
donor3_GGTGTTAAGTGCTAGG-1,donor3,10
donor3_GGTGTTACAATCCTAG-1,donor3,12
donor3_GGTGTTACAGGAATCG-1,donor3,6
donor3_GGTGTTAGTAGCTGTT-1,donor3,6
donor3_GGTGTTAGTCCCGCAA-1,donor3,12
donor3_GGTGTTAGTGAATGTA-1,donor3,14
donor3_GGTGTTAGTTGACGGA-1,donor3,12
donor3_GGTGTTAGTTTGGAGG-1,donor3,6
donor3_GGTGTTATCCCAAGCG-1,donor3,11
donor3_GGTGTTATCCCGTGTT-1,donor3,14
donor3_GGTTAACAGTGAATAC-1,donor3,12
donor3_GGTTAACAGTGACACG-1,donor3,10
donor3_GGTTAACCACGGTAGA-1,donor3,9
donor3_GGTTAACCATCATCCC-1,donor3,11
donor3_GGTTAACCATCCGATA-1,donor3,14
donor3_GGTTAACCATCGTGCG-1,donor3,12
donor3_GGTTAACCATTGCCTC-1,donor3,12
donor3_GGTTAACGTTAGAGAT-1,donor3,11
donor3_GGTTAACTCGTGCATA-1,donor3,9
donor3_GGTTCTCAGAGTACCG-1,donor3,14
donor3_GGTTCTCAGCGCCGTT-1,donor3,9
donor3_GGTTCTCAGGTTCTAC-1,donor3,23
donor3_GGTTCTCCATCGATCA-1,donor3,11
donor3_GGTTCTCCATGGTACT-1,donor3,14
donor3_GGTTCTCGTACGTACT-1,donor3,12
donor3_GGTTCTCGTCGATGCC-1,donor3,11
donor3_GGTTCTCTCAACTGGT-1,donor3,12
donor3_GGTTCTCTCAACTTTC-1,donor3,9
donor3_GGTTCTCTCCAACACA-1,donor3,9
donor3_GGTTGTACACAAGGTG-1,donor3,9
donor3_GGTTGTACACTGAATC-1,donor3,20
donor3_GGTTGTACATGCGGTC-1,donor3,23
donor3_GGTTGTATCCACAGCG-1,donor3,12
donor3_GTAACACAGTGCCAGA-1,donor3,6
donor3_GTAACACCAGGGTTGA-1,donor3,10
donor3_GTAACACCATCGATGT-1,donor3,10
donor3_GTAACACGTAGTCACT-1,donor3,6
donor3_GTAACACGTTGCTCCT-1,donor3,10
donor3_GTAACACGTTTGTGGT-1,donor3,12
donor3_GTAACCACAGATTAAG-1,donor3,9
donor3_GTAACCACATGACCCG-1,donor3,11
donor3_GTAACCACATGATCTG-1,donor3,12
donor3_GTAACCAGTCGATGCC-1,donor3,10
donor3_GTAACCAGTTTCAGAC-1,donor3,12
donor3_GTAACCATCGGATTAC-1,donor3,6
donor3_GTAAGTCAGCAACAAT-1,donor3,10
donor3_GTAAGTCAGCGCTGAA-1,donor3,12
donor3_GTAAGTCAGTCGAATA-1,donor3,12
donor3_GTAAGTCCATACAGAA-1,donor3,12
donor3_GTAAGTCGTAACCCGC-1,donor3,6
donor3_GTAAGTCGTCTGTTAG-1,donor3,6
donor3_GTAAGTCGTGTCCTAA-1,donor3,10
donor3_GTAAGTCGTGTGTACT-1,donor3,9
donor3_GTAAGTCGTTCCACGG-1,donor3,11
donor3_GTAAGTCTCCCTATTA-1,donor3,12
donor3_GTAAGTCTCCGCTTAC-1,donor3,9
donor3_GTAAGTCTCTCTTAAC-1,donor3,9
donor3_GTAAGTCTCTTCACAT-1,donor3,12
donor3_GTAATCGAGCGACTTT-1,donor3,9
donor3_GTAATCGAGGGTTAAT-1,donor3,9
donor3_GTAATCGAGTAGTGCG-1,donor3,14
donor3_GTAATCGGTGCAGTGA-1,donor3,12
donor3_GTAATCGGTTACCCTC-1,donor3,10
donor3_GTAATCGGTTGGTAGG-1,donor3,14
donor3_GTAATCGTCAGGACAG-1,donor3,10
donor3_GTAATGCAGGCTGAAC-1,donor3,6
donor3_GTAATGCCAAGGCAAC-1,donor3,12
donor3_GTAATGCCAAGTGTCT-1,donor3,12
donor3_GTAATGCCAATTGCGT-1,donor3,12
donor3_GTAATGCCATAGGAGC-1,donor3,9
donor3_GTAATGCGTGTACGCC-1,donor3,11
donor3_GTAATGCGTTTCGATG-1,donor3,10
donor3_GTAATGCTCACACCCT-1,donor3,9
donor3_GTAATGCTCACCCTTG-1,donor3,7
donor3_GTAATGCTCACTACGA-1,donor3,9
donor3_GTAATGCTCCTTATAC-1,donor3,21
donor3_GTAATGCTCGCACGGT-1,donor3,9
donor3_GTAATGCTCTCCACTG-1,donor3,12
donor3_GTACAACAGAAGATCT-1,donor3,9
donor3_GTACAACAGACGCATG-1,donor3,1
donor3_GTACAACAGTGCGCTC-1,donor3,11
donor3_GTACAACCATAAGATG-1,donor3,12
donor3_GTACAACGTAGTGGCA-1,donor3,9
donor3_GTACAACGTCGCACGT-1,donor3,10
donor3_GTACAACGTCGCTCGA-1,donor3,9
donor3_GTACAACTCAAGGTGG-1,donor3,10
donor3_GTACAACTCTCCCTAG-1,donor3,6
donor3_GTACAGTAGATACAGT-1,donor3,21
donor3_GTACAGTAGCAATAAC-1,donor3,11
donor3_GTACAGTAGGGTTAGC-1,donor3,10
donor3_GTACAGTAGTCAATCC-1,donor3,12
donor3_GTACAGTCAAGTTCGT-1,donor3,11
donor3_GTACAGTCACGTACTA-1,donor3,9
donor3_GTACAGTCACTCCTGT-1,donor3,9
donor3_GTACAGTGTAACCAGG-1,donor3,9
donor3_GTACAGTGTCTTCATT-1,donor3,12
donor3_GTACAGTTCCGCACTT-1,donor3,23
donor3_GTACAGTTCGCTAAAC-1,donor3,9
donor3_GTACAGTTCGGTTAGT-1,donor3,9
donor3_GTAGAAACAATCCAGT-1,donor3,14
donor3_GTAGAAACACTACCCT-1,donor3,10
donor3_GTAGAAACAGAGTCAG-1,donor3,9
donor3_GTAGAAACAGCTGTAT-1,donor3,12
donor3_GTAGAAACAGTGCCTG-1,donor3,21
donor3_GTAGAAACATCTGTTT-1,donor3,12
donor3_GTAGAAAGTCAGGTAG-1,donor3,6
donor3_GTAGAAAGTGCTGATT-1,donor3,11
donor3_GTAGAAATCATTTGTC-1,donor3,9
donor3_GTAGAAATCCGTGGCA-1,donor3,9
donor3_GTAGAAATCGTAGGAG-1,donor3,10
donor3_GTAGAGGAGCCGATAG-1,donor3,26
donor3_GTAGAGGAGCGTACAG-1,donor3,12
donor3_GTAGAGGAGTGGATAT-1,donor3,9
donor3_GTAGAGGCACTTGTGA-1,donor3,10
donor3_GTAGAGGCAGTAACAA-1,donor3,10
donor3_GTAGAGGGTCCAGAAG-1,donor3,9
donor3_GTAGAGGGTCGGCACT-1,donor3,9
donor3_GTAGAGGGTGACCTGC-1,donor3,23
donor3_GTAGAGGTCATAAGGA-1,donor3,9
donor3_GTAGAGGTCATCTCTA-1,donor3,11
donor3_GTAGAGGTCGAAGTGG-1,donor3,10
donor3_GTAGAGGTCGTTCCTG-1,donor3,0
donor3_GTAGATCAGCACTCCG-1,donor3,12
donor3_GTAGATCCAATCGAAA-1,donor3,9
donor3_GTAGATCCACCCATAA-1,donor3,9
donor3_GTAGATCCAGTGTGGA-1,donor3,6
donor3_GTAGATCCATCCGAAT-1,donor3,12
donor3_GTAGATCGTGACTATC-1,donor3,14
donor3_GTAGATCGTTGATCGT-1,donor3,9
donor3_GTAGATCTCACACCGG-1,donor3,9
donor3_GTAGATCTCCAGGACC-1,donor3,14
donor3_GTAGATCTCCTGATAG-1,donor3,6
donor3_GTAGATCTCGTTCTAT-1,donor3,10
donor3_GTAGCTAAGCAGTACG-1,donor3,10
donor3_GTAGCTAAGGAGAGTA-1,donor3,11
donor3_GTAGCTAAGTCAGCCC-1,donor3,12
donor3_GTAGCTACAAGCAGGT-1,donor3,9
donor3_GTAGCTACACTGCATA-1,donor3,7
donor3_GTAGCTACATGGCCCA-1,donor3,9
donor3_GTAGCTAGTAGGGAGG-1,donor3,0
donor3_GTAGCTAGTCCCTCAT-1,donor3,11
donor3_GTAGCTAGTCGTTATG-1,donor3,12
donor3_GTAGCTATCAGACCTA-1,donor3,9
donor3_GTAGCTATCGGAATGG-1,donor3,12
donor3_GTAGCTATCTTCACAT-1,donor3,12
donor3_GTAGGAGAGTGATCGG-1,donor3,12
donor3_GTAGGAGCACTTTATC-1,donor3,10
donor3_GTAGGAGCAGACACCC-1,donor3,23
donor3_GTAGGAGCAGAGGAAA-1,donor3,12
donor3_GTAGGAGGTCAACCTA-1,donor3,9
donor3_GTAGGAGGTGTTACAC-1,donor3,9
donor3_GTAGGAGGTTAGGACG-1,donor3,9
donor3_GTAGGAGGTTAGGGTG-1,donor3,12
donor3_GTAGGAGTCCCTCTCC-1,donor3,6
donor3_GTAGGAGTCCGTAGTA-1,donor3,11
donor3_GTAGGTTAGGTAAACT-1,donor3,11
donor3_GTAGGTTAGTGGACGT-1,donor3,10
donor3_GTAGGTTAGTTGGCGA-1,donor3,6
donor3_GTAGGTTCACGACTAT-1,donor3,10
donor3_GTAGGTTGTGCCTACG-1,donor3,11
donor3_GTAGGTTGTGGAACAC-1,donor3,12
donor3_GTAGGTTGTTCGAAGG-1,donor3,6
donor3_GTAGGTTTCATTGCGA-1,donor3,10
donor3_GTAGGTTTCGCTGCGA-1,donor3,12
donor3_GTAGTACAGGTGAGAA-1,donor3,12
donor3_GTAGTACAGTGCGCTC-1,donor3,6
donor3_GTAGTACCAACTGCCG-1,donor3,9
donor3_GTAGTACCAAGGGCAT-1,donor3,9
donor3_GTAGTACCACATGACT-1,donor3,10
donor3_GTAGTACCAGAGTTGG-1,donor3,12
donor3_GTAGTACCATGGAATA-1,donor3,12
donor3_GTATTGGAGAGCAGAA-1,donor3,6
donor3_GTATTGGAGGAATGTT-1,donor3,10
donor3_GTATTGGCAAGACTGG-1,donor3,7
donor3_GTATTGGTCCCGAAAT-1,donor3,9
donor3_GTATTGGTCTCCCTAG-1,donor3,12
donor3_GTATTTCAGACCCGCT-1,donor3,11
donor3_GTATTTCAGATTCGAA-1,donor3,11
donor3_GTATTTCAGCCTTTGA-1,donor3,9
donor3_GTATTTCAGGATATAC-1,donor3,12
donor3_GTATTTCAGGTAACTA-1,donor3,9
donor3_GTATTTCCAAGGTACG-1,donor3,10
donor3_GTATTTCCACGTTGGC-1,donor3,12
donor3_GTATTTCGTAACGATA-1,donor3,12
donor3_GTATTTCGTCACTAGT-1,donor3,7
donor3_GTATTTCGTCCATCTC-1,donor3,11
donor3_GTATTTCGTCGACTGC-1,donor3,11
donor3_GTATTTCGTGAACTAA-1,donor3,11
donor3_GTATTTCGTGAGCAGT-1,donor3,23
donor3_GTATTTCTCCAAGCCG-1,donor3,9
donor3_GTATTTCTCCGAAGGA-1,donor3,12
donor3_GTATTTCTCGCTACGG-1,donor3,9
donor3_GTATTTCTCGGTAACT-1,donor3,10
donor3_GTATTTCTCTCCTGTG-1,donor3,11
donor3_GTCAAACAGAGAGTTT-1,donor3,9
donor3_GTCAAACAGATAACGT-1,donor3,1
donor3_GTCAAACAGCCTCAAT-1,donor3,9
donor3_GTCAAACAGTTGAATG-1,donor3,12
donor3_GTCAAACCAAGCGCAA-1,donor3,12
donor3_GTCAAACCAGCCTACG-1,donor3,11
donor3_GTCAAACCAGTGCGCT-1,donor3,10
donor3_GTCAAACCATGACTCA-1,donor3,10
donor3_GTCAAACGTCTGTCAA-1,donor3,9
donor3_GTCAAACGTTTGGAAA-1,donor3,9
donor3_GTCAAGTAGAGGGCGA-1,donor3,10
donor3_GTCAAGTAGGAGATAG-1,donor3,9
donor3_GTCAAGTAGGTCATCT-1,donor3,11
donor3_GTCAAGTAGTAGTCCT-1,donor3,12
donor3_GTCAAGTCACAACATC-1,donor3,11
donor3_GTCAAGTCACTACGGC-1,donor3,10
donor3_GTCAAGTCAGCATTGT-1,donor3,10
donor3_GTCAAGTCAGTGGGTA-1,donor3,21
donor3_GTCAAGTGTCTTACAG-1,donor3,9
donor3_GTCAAGTTCTCTCGAC-1,donor3,12
donor3_GTCAAGTTCTTGGATG-1,donor3,9
donor3_GTCACGGAGACATACA-1,donor3,10
donor3_GTCACGGAGATAGCTA-1,donor3,11
donor3_GTCACGGAGCGATTCT-1,donor3,6
donor3_GTCACGGAGCTGGAGT-1,donor3,6
donor3_GTCACGGAGTATAGGT-1,donor3,12
donor3_GTCACGGAGTTGTAGA-1,donor3,9
donor3_GTCACGGCAATAACCC-1,donor3,10
donor3_GTCACGGCACCGTCGA-1,donor3,7
donor3_GTCACGGCATCGTGCG-1,donor3,12
donor3_GTCACGGGTAACATAG-1,donor3,12
donor3_GTCACGGGTGCCTTCT-1,donor3,22
donor3_GTCACGGTCACCTGGG-1,donor3,10
donor3_GTCACGGTCCATTTGT-1,donor3,23
donor3_GTCACGGTCCCGAAAT-1,donor3,10
donor3_GTCACTCAGAGGCTGT-1,donor3,9
donor3_GTCACTCAGCAAGGAA-1,donor3,12
donor3_GTCACTCCACCAGTAT-1,donor3,21
donor3_GTCACTCCACTAACCA-1,donor3,10
donor3_GTCACTCCAGAACTCT-1,donor3,9
donor3_GTCACTCCATCATTTC-1,donor3,9
donor3_GTCACTCGTAGGGAGG-1,donor3,10
donor3_GTCACTCGTCAGGAGT-1,donor3,12
donor3_GTCACTCGTTGGACTT-1,donor3,9
donor3_GTCACTCTCAAGAGGC-1,donor3,6
donor3_GTCACTCTCCACTTCG-1,donor3,9
donor3_GTCACTCTCTAGGCAT-1,donor3,10
donor3_GTCAGCGAGATGAACT-1,donor3,10
donor3_GTCAGCGAGCCTCAGC-1,donor3,10
donor3_GTCAGCGAGTCGAAGC-1,donor3,9
donor3_GTCAGCGAGTCTAGCT-1,donor3,12
donor3_GTCAGCGCATAGGTAA-1,donor3,11
donor3_GTCAGCGCATCGAAGG-1,donor3,11
donor3_GTCAGCGCATCTTCGC-1,donor3,6
donor3_GTCAGCGGTCACATTG-1,donor3,6
donor3_GTCAGCGGTGGGCTTC-1,donor3,9
donor3_GTCAGCGGTTGGGTTT-1,donor3,26
donor3_GTCAGCGTCCGCTTAC-1,donor3,11
donor3_GTCAGCGTCCTGGCTT-1,donor3,6
donor3_GTCATCCAGGAAAGAC-1,donor3,12
donor3_GTCATCCCAATCCTTT-1,donor3,9
donor3_GTCATCCCATCAACCA-1,donor3,11
donor3_GTCATCCGTAAGTCAA-1,donor3,12
donor3_GTCATCCGTCGGTAAG-1,donor3,12
donor3_GTCATCCGTGCTCGTG-1,donor3,9
donor3_GTCATCCGTGTAGTGG-1,donor3,9
donor3_GTCATCCTCATAGACC-1,donor3,12
donor3_GTCATCCTCCAAGGGA-1,donor3,12
donor3_GTCATCCTCGGAATTC-1,donor3,10
donor3_GTCATGAAGCGTTGTT-1,donor3,11
donor3_GTCATGAAGGGTTAAT-1,donor3,25
donor3_GTCATGAAGGTACAGC-1,donor3,10
donor3_GTCATGAAGTCTGTAC-1,donor3,9
donor3_GTCATGACAATGAGCG-1,donor3,10
donor3_GTCATGACACCAATTG-1,donor3,9
donor3_GTCATGACACCAGCGT-1,donor3,11
donor3_GTCATGACAGAGAGGG-1,donor3,3
donor3_GTCATGACAGGTCAGA-1,donor3,7
donor3_GTCATGACAGTTTCGA-1,donor3,6
donor3_GTCATGAGTCCACTCT-1,donor3,10
donor3_GTCATGAGTCGAAGCA-1,donor3,12
donor3_GTCATGAGTGGTTTGT-1,donor3,12
donor3_GTCATGATCCGTGCGA-1,donor3,12
donor3_GTCATGATCCTATGGA-1,donor3,23
donor3_GTCATTTAGACCGTTT-1,donor3,20
donor3_GTCATTTAGGTATAGT-1,donor3,12
donor3_GTCATTTCAGGCCCTA-1,donor3,12
donor3_GTCATTTCATGACAGG-1,donor3,10
donor3_GTCATTTGTAAGATCA-1,donor3,9
donor3_GTCATTTGTTGCATTG-1,donor3,14
donor3_GTCATTTGTTGTCCCT-1,donor3,12
donor3_GTCATTTTCGGCATAT-1,donor3,10
donor3_GTCATTTTCTATCCAT-1,donor3,21
donor3_GTCCACTAGCCATATC-1,donor3,14
donor3_GTCCACTCACCCTATC-1,donor3,10
donor3_GTCCACTCATTCTTCA-1,donor3,14
donor3_GTCCACTGTAATGCTC-1,donor3,11
donor3_GTCCACTGTGCACAAG-1,donor3,9
donor3_GTCCACTTCCAATGCA-1,donor3,12
donor3_GTCCCATCAAGAAACT-1,donor3,11
donor3_GTCCCATCACTGGATT-1,donor3,6
donor3_GTCCCATCAGTTGAAA-1,donor3,12
donor3_GTCCCATCATACCACA-1,donor3,12
donor3_GTCCCATTCTTTGCTA-1,donor3,10
donor3_GTCCTCAAGAGTCTGG-1,donor3,11
donor3_GTCCTCAAGTTACTCG-1,donor3,11
donor3_GTCCTCACATCGATCA-1,donor3,11
donor3_GTCCTCAGTAGAGGAA-1,donor3,12
donor3_GTCCTCAGTCTTTCAT-1,donor3,11
donor3_GTCCTCAGTGTGAATA-1,donor3,7
donor3_GTCCTCATCAGGAAAT-1,donor3,10
donor3_GTCCTCATCTTGCAGA-1,donor3,11
donor3_GTCGAATAGCATAGGC-1,donor3,10
donor3_GTCGAATAGCTTTCTT-1,donor3,11
donor3_GTCGAATAGGGCATGT-1,donor3,12
donor3_GTCGAATCAAGCGCTC-1,donor3,26
donor3_GTCGAATCACAAGTTC-1,donor3,10
donor3_GTCGAATCACAGCGCT-1,donor3,10
donor3_GTCGAATCAGATCCTA-1,donor3,14
donor3_GTCGAATTCAATGCAC-1,donor3,11
donor3_GTCGAATTCCTCTCGA-1,donor3,9
donor3_GTCGCGAAGAATCCCT-1,donor3,10
donor3_GTCGCGAAGTGTAGAT-1,donor3,9
donor3_GTCGCGACAACAGAGC-1,donor3,9
donor3_GTCGCGACACCGGCTA-1,donor3,9
donor3_GTCGCGACACCTGTCT-1,donor3,12
donor3_GTCGCGACAGGATCTT-1,donor3,9
donor3_GTCGCGAGTAAGGAGA-1,donor3,26
donor3_GTCGCGAGTCTCGGGT-1,donor3,9
donor3_GTCGCGATCAAGCCCG-1,donor3,12
donor3_GTCGCGATCCATCAGA-1,donor3,10
donor3_GTCGCGATCCCTCAAC-1,donor3,12
donor3_GTCGCGATCTAGTGAC-1,donor3,9
donor3_GTCGTAAAGACTCTTG-1,donor3,7
donor3_GTCGTAAAGCAATAAC-1,donor3,9
donor3_GTCGTAAAGGCACAAC-1,donor3,7
donor3_GTCGTAAAGTAACAGT-1,donor3,12
donor3_GTCGTAAGTACCTTCC-1,donor3,10
donor3_GTCGTAAGTATGCTTG-1,donor3,6
donor3_GTCGTAAGTCGAATTC-1,donor3,12
donor3_GTCGTAAGTGTCTCCT-1,donor3,6
donor3_GTCGTAATCCCGAAAT-1,donor3,9
donor3_GTCGTTCAGACCCGCT-1,donor3,9
donor3_GTCGTTCAGCCGGAAT-1,donor3,10
donor3_GTCGTTCAGTGGAAAG-1,donor3,9
donor3_GTCGTTCCACGTGTGC-1,donor3,9
donor3_GTCGTTCCAGTACTAC-1,donor3,9
donor3_GTCGTTCGTAGATCGG-1,donor3,10
donor3_GTCGTTCGTTAAAGTG-1,donor3,12
donor3_GTCGTTCTCACCATAG-1,donor3,10
donor3_GTCGTTCTCGATGCAT-1,donor3,9
donor3_GTCGTTCTCTCGGCTT-1,donor3,9
donor3_GTCTACCAGATGTTGA-1,donor3,10
donor3_GTCTACCAGCCTCTGG-1,donor3,10
donor3_GTCTACCAGCTTAAGA-1,donor3,11
donor3_GTCTACCAGTAAACAC-1,donor3,9
donor3_GTCTACCCACTTCATT-1,donor3,10
donor3_GTCTACCCACTTCCTG-1,donor3,11
donor3_GTCTACCCAGAATGTA-1,donor3,11
donor3_GTCTACCCATACGCAT-1,donor3,6
donor3_GTCTACCCATGACGAG-1,donor3,9
donor3_GTCTACCCATGGCACC-1,donor3,9
donor3_GTCTACCGTACCTGTA-1,donor3,9
donor3_GTCTACCGTACTAACC-1,donor3,11
donor3_GTCTACCGTCTGTAAC-1,donor3,10
donor3_GTCTACCTCCAGGACC-1,donor3,21
donor3_GTCTAGAAGCTCGAAG-1,donor3,9
donor3_GTCTAGAAGGCCTGAA-1,donor3,23
donor3_GTCTAGACATAGCACT-1,donor3,6
donor3_GTCTAGACATTGAGGG-1,donor3,11
donor3_GTCTAGAGTCCTGGTG-1,donor3,12
donor3_GTCTAGAGTGTACGCC-1,donor3,10
donor3_GTCTAGAGTGTTTGCA-1,donor3,9
donor3_GTCTAGAGTTAAGGAT-1,donor3,11
donor3_GTCTAGATCCAGGACC-1,donor3,11
donor3_GTCTAGATCGACGACC-1,donor3,11
donor3_GTCTAGATCGGCTCTT-1,donor3,9
donor3_GTCTAGATCTGAGTCA-1,donor3,10
donor3_GTCTCACAGATTGATG-1,donor3,9
donor3_GTCTCACCAAATTAGG-1,donor3,12
donor3_GTCTCACGTAAGCAAT-1,donor3,7
donor3_GTCTCACGTCGTAATC-1,donor3,12
donor3_GTCTCACTCGTGCTCT-1,donor3,10
donor3_GTCTCACTCTGGAAGG-1,donor3,11
donor3_GTCTGTCAGATTCGCT-1,donor3,9
donor3_GTCTGTCAGGCACTAG-1,donor3,10
donor3_GTCTGTCAGTATGACA-1,donor3,9
donor3_GTCTGTCCACAAGCTT-1,donor3,12
donor3_GTCTGTCCAGCAGTCC-1,donor3,12
donor3_GTCTGTCCATCAGTCA-1,donor3,12
donor3_GTCTGTCGTAGGACTG-1,donor3,6
donor3_GTCTGTCGTGGTCTAT-1,donor3,11
donor3_GTCTGTCTCATCGCCT-1,donor3,9
donor3_GTCTGTCTCCGTCCTA-1,donor3,10
donor3_GTCTTTAAGATTGACA-1,donor3,12
donor3_GTCTTTAAGCAACTCT-1,donor3,10
donor3_GTCTTTACACCGGTCA-1,donor3,7
donor3_GTCTTTACACGCTTAA-1,donor3,10
donor3_GTCTTTACAGACGGAT-1,donor3,9
donor3_GTCTTTACATCAGCTA-1,donor3,12
donor3_GTCTTTAGTAGCTTAC-1,donor3,9
donor3_GTCTTTAGTCGCGTCA-1,donor3,12
donor3_GTCTTTAGTGACTATC-1,donor3,7
donor3_GTGACGCAGACTTCGT-1,donor3,12
donor3_GTGACGCAGTATGAAC-1,donor3,12
donor3_GTGACGCAGTGCAGCA-1,donor3,6
donor3_GTGACGCAGTGTAGAT-1,donor3,9
donor3_GTGACGCCAGGCGATA-1,donor3,0
donor3_GTGACGCCATGATAGA-1,donor3,10
donor3_GTGACGCCATGATGCT-1,donor3,20
donor3_GTGACGCCATGGCTAT-1,donor3,10
donor3_GTGACGCCATTGACAC-1,donor3,9
donor3_GTGACGCGTCAGTCCG-1,donor3,9
donor3_GTGACGCTCGAAACAA-1,donor3,0
donor3_GTGACGCTCTAAGAAG-1,donor3,12
donor3_GTGACGCTCTCGCAGG-1,donor3,10
donor3_GTGACGCTCTCTTCAA-1,donor3,9
donor3_GTGACGCTCTGGACCG-1,donor3,7
donor3_GTGAGCCAGACCCTTA-1,donor3,10
donor3_GTGAGCCAGCACTCAT-1,donor3,10
donor3_GTGAGCCAGCGAATGC-1,donor3,9
donor3_GTGAGCCCAGAGGACT-1,donor3,12
donor3_GTGAGCCGTAATTAGG-1,donor3,10
donor3_GTGAGCCGTAGCTCGC-1,donor3,9
donor3_GTGAGCCGTATACGGG-1,donor3,11
donor3_GTGAGCCTCACAGTGT-1,donor3,9
donor3_GTGAGCCTCACGAACT-1,donor3,10
donor3_GTGAGGAAGCCGATTT-1,donor3,10
donor3_GTGAGGACACATCCCT-1,donor3,9
donor3_GTGAGGACACTTTATC-1,donor3,12
donor3_GTGAGGACATAGATGA-1,donor3,9
donor3_GTGAGGACATCCTTCG-1,donor3,6
donor3_GTGAGGATCTTCCACG-1,donor3,9
donor3_GTGAGGATCTTTCCGG-1,donor3,10
donor3_GTGAGTTAGCCAGACA-1,donor3,1
donor3_GTGAGTTAGGCTTAGG-1,donor3,12
donor3_GTGAGTTCAAGTGGTG-1,donor3,12
donor3_GTGAGTTCAATTGCCA-1,donor3,12
donor3_GTGAGTTGTAGGGTAC-1,donor3,9
donor3_GTGAGTTGTATGCTAC-1,donor3,9
donor3_GTGAGTTGTGACAACG-1,donor3,6
donor3_GTGAGTTTCATGGATC-1,donor3,12
donor3_GTGAGTTTCGGCTTCT-1,donor3,9
donor3_GTGATGTGTGAATATG-1,donor3,6
donor3_GTGATGTGTGGTTTAC-1,donor3,10
donor3_GTGATGTTCAGTGTCA-1,donor3,12
donor3_GTGATGTTCATGGATC-1,donor3,12
donor3_GTGATGTTCGAATCCA-1,donor3,12
donor3_GTGATGTTCGGCACTG-1,donor3,9
donor3_GTGCACGAGAGGATGA-1,donor3,7
donor3_GTGCACGAGCCATTGT-1,donor3,12
donor3_GTGCACGAGTAAACGT-1,donor3,10
donor3_GTGCACGAGTGCTCGC-1,donor3,6
donor3_GTGCACGAGTGTCATC-1,donor3,9
donor3_GTGCACGCACACTGGC-1,donor3,12
donor3_GTGCACGCACTTGAGT-1,donor3,23
donor3_GTGCACGGTAACAGTA-1,donor3,9
donor3_GTGCACGTCAGTCATG-1,donor3,11
donor3_GTGCAGCAGACGCATG-1,donor3,11
donor3_GTGCAGCAGCACTCGC-1,donor3,9
donor3_GTGCAGCAGCCATATC-1,donor3,6
donor3_GTGCAGCAGCTAATGA-1,donor3,10
donor3_GTGCAGCAGCTAGATA-1,donor3,10
donor3_GTGCAGCAGGCGCTCT-1,donor3,12
donor3_GTGCAGCAGTAAGGGA-1,donor3,12
donor3_GTGCAGCCAATGACCT-1,donor3,9
donor3_GTGCAGCCACCAGGTC-1,donor3,12
donor3_GTGCAGCCAGGGAATC-1,donor3,10
donor3_GTGCAGCGTCACTTCC-1,donor3,9
donor3_GTGCAGCGTTACCCTC-1,donor3,9
donor3_GTGCAGCGTTTACTGG-1,donor3,6
donor3_GTGCAGCTCAAACCTG-1,donor3,12
donor3_GTGCAGCTCTACCACC-1,donor3,11
donor3_GTGCAGCTCTCGCTTG-1,donor3,10
donor3_GTGCGTGAGCACGTCC-1,donor3,23
donor3_GTGCGTGAGCACTCAT-1,donor3,11
donor3_GTGCGTGAGGAAGTGA-1,donor3,14
donor3_GTGCGTGAGGTCGAGT-1,donor3,11
donor3_GTGCGTGAGTGATAAC-1,donor3,12
donor3_GTGCGTGCAATGTTGC-1,donor3,12
donor3_GTGCGTGCAATTGGTC-1,donor3,12
donor3_GTGCGTGCACAACCGC-1,donor3,12
donor3_GTGCGTGCACAGTGTT-1,donor3,9
donor3_GTGCGTGCAGACCCGT-1,donor3,11
donor3_GTGCGTGGTACCCACG-1,donor3,6
donor3_GTGCGTGGTCACCTTC-1,donor3,9
donor3_GTGCGTGGTCCTATAG-1,donor3,12
donor3_GTGCGTGGTCGGTGAA-1,donor3,10
donor3_GTGCGTGGTCTGCATA-1,donor3,12
donor3_GTGCGTGGTGATAGAT-1,donor3,10
donor3_GTGCGTGGTGGATCAG-1,donor3,12
donor3_GTGCGTGTCATGGCCG-1,donor3,12
donor3_GTGCGTGTCGAAGCAG-1,donor3,10
donor3_GTGCGTGTCGTTGTGA-1,donor3,11
donor3_GTGCGTGTCTCGACGG-1,donor3,21
donor3_GTGCTGGAGACTACGG-1,donor3,9
donor3_GTGCTGGCACGCTGTG-1,donor3,6
donor3_GTGCTGGGTATTAAGG-1,donor3,9
donor3_GTGCTGGGTGGCCCAT-1,donor3,12
donor3_GTGCTGGGTTCTCCTG-1,donor3,12
donor3_GTGCTGGTCATCACCC-1,donor3,12
donor3_GTGCTGGTCCTACCAC-1,donor3,12
donor3_GTGCTGGTCGACCTAA-1,donor3,11
donor3_GTGCTGGTCTTCGACC-1,donor3,12
donor3_GTGCTTCAGCGGTAGT-1,donor3,9
donor3_GTGCTTCAGTGGTTGG-1,donor3,10
donor3_GTGCTTCCACTCCTTG-1,donor3,9
donor3_GTGCTTCCAGTCCGTG-1,donor3,11
donor3_GTGCTTCCATCTGTTT-1,donor3,6
donor3_GTGCTTCGTAGGGAGG-1,donor3,9
donor3_GTGCTTCGTCAAGCCC-1,donor3,21
donor3_GTGCTTCGTTGGGTTT-1,donor3,12
donor3_GTGCTTCTCACCGCTT-1,donor3,9
donor3_GTGCTTCTCTCACGAA-1,donor3,12
donor3_GTGGAAGAGTACGTCT-1,donor3,6
donor3_GTGGAAGAGTCCCTAA-1,donor3,10
donor3_GTGGAAGCACCCTATC-1,donor3,6
donor3_GTGGAAGCACTGCTTC-1,donor3,10
donor3_GTGGAAGCATATAGCC-1,donor3,10
donor3_GTGGAAGGTAAGGAGA-1,donor3,11
donor3_GTGGAAGGTCTTTCAT-1,donor3,9
donor3_GTGGAAGTCCTTCTGG-1,donor3,11
donor3_GTGGAGAAGGTCTACT-1,donor3,11
donor3_GTGGAGACAATGCAAA-1,donor3,10
donor3_GTGGAGACATGCGTGC-1,donor3,14
donor3_GTGGAGAGTCGTCTCT-1,donor3,21
donor3_GTGGAGAGTGTGTGTT-1,donor3,11
donor3_GTGGAGAGTTCGGTCG-1,donor3,11
donor3_GTGGAGATCCACTTCG-1,donor3,10
donor3_GTGGAGATCGGACGTC-1,donor3,23
donor3_GTGGCGTAGACTACCT-1,donor3,11
donor3_GTGGCGTAGATGAATC-1,donor3,10
donor3_GTGGCGTAGTGTTGTC-1,donor3,11
donor3_GTGGCGTCAACTGCCG-1,donor3,9
donor3_GTGGCGTCATACTGAC-1,donor3,11
donor3_GTGGCGTCATGACTTG-1,donor3,9
donor3_GTGGCGTGTCATAAAG-1,donor3,14
donor3_GTGGCGTTCCCTCTAG-1,donor3,12
donor3_GTGGCGTTCGAACGCC-1,donor3,1
donor3_GTGGGAAAGAACGCGT-1,donor3,6
donor3_GTGGGAAAGCTACTGT-1,donor3,6
donor3_GTGGGAACAGCATCTA-1,donor3,6
donor3_GTGGGAACAGGGATAC-1,donor3,6
donor3_GTGGGAAGTATTTCGG-1,donor3,10
donor3_GTGGGAAGTGACCGAA-1,donor3,11
donor3_GTGGGAAGTTGAGTCT-1,donor3,10
donor3_GTGGGAAGTTTACGAC-1,donor3,10
donor3_GTGGGAATCGGTCGAC-1,donor3,9
donor3_GTGGTTAAGACACACG-1,donor3,9
donor3_GTGGTTAAGACCAGAC-1,donor3,11
donor3_GTGGTTACAGCTAACT-1,donor3,9
donor3_GTGGTTACATCGGAAG-1,donor3,0
donor3_GTGGTTAGTATAGGAT-1,donor3,14
donor3_GTGGTTAGTATCGTAC-1,donor3,23
donor3_GTGGTTAGTGACATCT-1,donor3,10
donor3_GTGGTTATCATAGACC-1,donor3,7
donor3_GTGGTTATCCGAACGC-1,donor3,10
donor3_GTGTAACAGGAACATT-1,donor3,12
donor3_GTGTAACAGTCGGCCT-1,donor3,26
donor3_GTGTAACCACTACCGG-1,donor3,9
donor3_GTGTAACCAGGGAATC-1,donor3,12
donor3_GTGTAACGTCTCGCGA-1,donor3,9
donor3_GTGTAACGTGATCGTT-1,donor3,11
donor3_GTGTAACGTGGCAGAT-1,donor3,9
donor3_GTGTAACGTGTTCATG-1,donor3,11
donor3_GTGTAACGTTAGGGTG-1,donor3,12
donor3_GTGTAACTCAAACTGC-1,donor3,14
donor3_GTGTCCTAGGCACTCC-1,donor3,12
donor3_GTGTCCTCAGAAGTTA-1,donor3,9
donor3_GTGTCCTCAGAGATGC-1,donor3,14
donor3_GTGTCCTCATCACCAA-1,donor3,6
donor3_GTGTCCTCATCCTTGC-1,donor3,10
donor3_GTGTCCTGTCCAGAAG-1,donor3,10
donor3_GTGTCCTGTCCCAAAT-1,donor3,6
donor3_GTGTCCTGTGCCTGAC-1,donor3,26
donor3_GTGTCCTTCAACCTTT-1,donor3,10
donor3_GTGTGATAGAGTGGCT-1,donor3,9
donor3_GTGTGATAGGATATAC-1,donor3,10
donor3_GTGTGATAGTACCGGA-1,donor3,12
donor3_GTGTGATAGTGTAGTA-1,donor3,11
donor3_GTGTGATCATATACCG-1,donor3,9
donor3_GTGTGATTCTGCATAG-1,donor3,9
donor3_GTGTGGCAGTCACGCC-1,donor3,11
donor3_GTGTGGCCAATCAGCT-1,donor3,6
donor3_GTGTGGCCACGCGTGT-1,donor3,9
donor3_GTGTGGCCATGTAACC-1,donor3,6
donor3_GTGTGGCGTCATAAAG-1,donor3,9
donor3_GTGTGGCGTGAGCAGT-1,donor3,23
donor3_GTGTGGCGTTCACCGG-1,donor3,11
donor3_GTGTGGCTCCAGCTCT-1,donor3,9
donor3_GTGTGGCTCCCATTTA-1,donor3,12
donor3_GTGTGGCTCCGTCCTA-1,donor3,7
donor3_GTGTGGCTCTTGCGCT-1,donor3,12
donor3_GTGTTAGAGCTACGTT-1,donor3,10
donor3_GTGTTAGCACGTCTCT-1,donor3,0
donor3_GTGTTAGCACTTACAG-1,donor3,12
donor3_GTGTTAGGTTCAATCG-1,donor3,23
donor3_GTGTTAGGTTCTTGTT-1,donor3,6
donor3_GTGTTAGTCTCACCCA-1,donor3,10
donor3_GTGTTCCAGGTTCATC-1,donor3,6
donor3_GTGTTCCAGTGCAACG-1,donor3,6
donor3_GTGTTCCCACAGCCTG-1,donor3,10
donor3_GTGTTCCCACCCTTGT-1,donor3,6
donor3_GTGTTCCCATGTCTAG-1,donor3,9
donor3_GTGTTCCTCAGACAAA-1,donor3,10
donor3_GTGTTCCTCGTCGCTT-1,donor3,9
donor3_GTGTTCCTCTACTATC-1,donor3,7
donor3_GTTACAGAGATGGGCT-1,donor3,12
donor3_GTTACAGAGCTCCCTT-1,donor3,9
donor3_GTTACAGAGGGCATGT-1,donor3,10
donor3_GTTACAGAGTGGTTAA-1,donor3,7
donor3_GTTACAGAGTTGGAAT-1,donor3,11
donor3_GTTACAGCAAAGCTAA-1,donor3,9
donor3_GTTACAGGTATGAGCG-1,donor3,11
donor3_GTTACAGGTTATGACC-1,donor3,9
donor3_GTTACAGGTTTGGAAA-1,donor3,6
donor3_GTTACAGTCATCGACA-1,donor3,9
donor3_GTTACCCAGGACTATA-1,donor3,11
donor3_GTTACCCAGGGCCAAT-1,donor3,0
donor3_GTTACCCCAACATCGT-1,donor3,10
donor3_GTTACCCCAGGGACTA-1,donor3,10
donor3_GTTACCCCAGTAGATA-1,donor3,10
donor3_GTTACCCCATCTATCT-1,donor3,10
donor3_GTTACCCGTAACCAGG-1,donor3,10
donor3_GTTACCCGTCCTGTTC-1,donor3,12
donor3_GTTACCCTCGAGAATA-1,donor3,11
donor3_GTTACGAAGAGTCTGG-1,donor3,10
donor3_GTTACGACAAGTTTGC-1,donor3,17
donor3_GTTACGACAATACAGA-1,donor3,23
donor3_GTTACGACAGAACATA-1,donor3,11
donor3_GTTACGAGTCGCACAC-1,donor3,6
donor3_GTTACGAGTTCAAGGG-1,donor3,11
donor3_GTTACGATCCGACAGC-1,donor3,12
donor3_GTTAGACAGCTCCCTT-1,donor3,9
donor3_GTTAGACAGTGAGGCT-1,donor3,10
donor3_GTTAGACGTTCGGTCG-1,donor3,14
donor3_GTTAGTGAGAATCGTA-1,donor3,9
donor3_GTTAGTGAGACGGATC-1,donor3,10
donor3_GTTAGTGAGATAGCAT-1,donor3,9
donor3_GTTAGTGAGGGCATGT-1,donor3,20
donor3_GTTAGTGCAAGAGTGC-1,donor3,9
donor3_GTTAGTGCAATTCTCT-1,donor3,12
donor3_GTTAGTGCACGAGAAC-1,donor3,9
donor3_GTTAGTGCAGGACATG-1,donor3,20
donor3_GTTAGTGCAGTTGTCA-1,donor3,9
donor3_GTTAGTGGTAAGGCCA-1,donor3,26
donor3_GTTAGTGGTAATTGGA-1,donor3,6
donor3_GTTAGTGGTGCCCTTT-1,donor3,9
donor3_GTTAGTGGTGGCGCTT-1,donor3,6
donor3_GTTAGTGTCGATACAC-1,donor3,6
donor3_GTTAGTGTCTAGCCAA-1,donor3,6
donor3_GTTATGGAGTTCCATG-1,donor3,12
donor3_GTTATGGCACCCGTAG-1,donor3,11
donor3_GTTATGGCAGCACGAA-1,donor3,12
donor3_GTTATGGGTAGGAGTC-1,donor3,10
donor3_GTTATGGGTGACACAG-1,donor3,6
donor3_GTTATGGTCGAAACAA-1,donor3,9
donor3_GTTATGGTCGACACCG-1,donor3,6
donor3_GTTATGGTCGTGCAGC-1,donor3,10
donor3_GTTATGGTCTCCCTAG-1,donor3,12
donor3_GTTCATTAGACAGTCG-1,donor3,12
donor3_GTTCATTAGACCAACG-1,donor3,1
donor3_GTTCATTAGAGATCGC-1,donor3,11
donor3_GTTCATTAGAGCAGAA-1,donor3,6
donor3_GTTCATTAGGCTAAAT-1,donor3,9
donor3_GTTCATTAGGCTCACC-1,donor3,6
donor3_GTTCATTCAAACTCTG-1,donor3,11
donor3_GTTCATTCAATCGTCA-1,donor3,10
donor3_GTTCATTCACCGGTCA-1,donor3,14
donor3_GTTCATTCACTACACA-1,donor3,9
donor3_GTTCATTCATTCTCCG-1,donor3,26
donor3_GTTCATTTCACCGCTT-1,donor3,6
donor3_GTTCATTTCAGGGATG-1,donor3,9
donor3_GTTCATTTCGGAGTGA-1,donor3,12
donor3_GTTCATTTCTCCCATG-1,donor3,9
donor3_GTTCCGTAGACCACGA-1,donor3,11
donor3_GTTCCGTAGACTGAGC-1,donor3,10
donor3_GTTCCGTCAATCAAGA-1,donor3,11
donor3_GTTCCGTCACCCTAAA-1,donor3,6
donor3_GTTCCGTCAGACACAG-1,donor3,12
donor3_GTTCCGTCAGACCCGT-1,donor3,9
donor3_GTTCCGTGTACGATCT-1,donor3,10
donor3_GTTCCGTGTGCCTGCA-1,donor3,9
donor3_GTTCCGTGTTCCCACT-1,donor3,11
donor3_GTTCCGTTCATCGCCT-1,donor3,9
donor3_GTTCCGTTCGCTTGAA-1,donor3,6
donor3_GTTCGCTAGTGAGTTA-1,donor3,10
donor3_GTTCGCTAGTGGCCTC-1,donor3,6
donor3_GTTCGCTAGTTCCAGT-1,donor3,6
donor3_GTTCGCTCAACCGCCA-1,donor3,13
donor3_GTTCGCTCAAGGTCTT-1,donor3,9
donor3_GTTCGCTCAATAACCC-1,donor3,11
donor3_GTTCGCTCACAAGGTG-1,donor3,11
donor3_GTTCGCTCACGGAAGT-1,donor3,12
donor3_GTTCGCTCATACAGCT-1,donor3,6
donor3_GTTCGCTGTTAATCGC-1,donor3,6
donor3_GTTCGCTGTTCGAGCC-1,donor3,9
donor3_GTTCGCTTCGCCTATC-1,donor3,12
donor3_GTTCTATAGAGAGCAA-1,donor3,12
donor3_GTTCTATCAACGATCT-1,donor3,10
donor3_GTTCTATCACCAGACC-1,donor3,9
donor3_GTTCTATCACTGCGTG-1,donor3,6
donor3_GTTCTATGTGAGTAGC-1,donor3,9
donor3_GTTCTATGTTCGGGTC-1,donor3,6
donor3_GTTCTATTCAAGCTTG-1,donor3,10
donor3_GTTCTATTCAGTGTCA-1,donor3,12
donor3_GTTCTATTCTAACGGT-1,donor3,12
donor3_GTTCTATTCTACGGGC-1,donor3,9
donor3_GTTGAACCACACGTGC-1,donor3,11
donor3_GTTGAACCACTTGTCC-1,donor3,11
donor3_GTTGAACCAGAGAAAG-1,donor3,10
donor3_GTTGAACGTAGCTGAG-1,donor3,10
donor3_GTTGAACGTATCGCGC-1,donor3,11
donor3_GTTGAACGTGCCTGCA-1,donor3,9
donor3_GTTGAACGTTCAAGTC-1,donor3,10
donor3_GTTGAACTCAAGCTTG-1,donor3,11
donor3_GTTGAACTCGAGAATA-1,donor3,12
donor3_GTTGAACTCTTCGACC-1,donor3,26
donor3_GTTGAACTCTTCGTGC-1,donor3,11
donor3_GTTGCGGAGTCAATCC-1,donor3,11
donor3_GTTGCGGAGTGAATAC-1,donor3,9
donor3_GTTGCGGAGTTCCGTA-1,donor3,13
donor3_GTTGCGGCAACAACAA-1,donor3,10
donor3_GTTGCGGCAATCTGCA-1,donor3,10
donor3_GTTGCGGCACAGAGAC-1,donor3,12
donor3_GTTGCGGCACCGTGGT-1,donor3,12
donor3_GTTGCGGGTACCGGAA-1,donor3,6
donor3_GTTGCGGGTCCGGTCA-1,donor3,10
donor3_GTTGCGGGTCTGATCA-1,donor3,11
donor3_GTTGCGGTCAATCCAG-1,donor3,9
donor3_GTTGCGGTCATGCCGG-1,donor3,7
donor3_GTTGCGGTCCTGTAAG-1,donor3,12
donor3_GTTGCGGTCGAACCAT-1,donor3,6
donor3_GTTGCGGTCTCTCAAT-1,donor3,9
donor3_GTTGCTCAGCACACCC-1,donor3,9
donor3_GTTGCTCAGTGTTCAC-1,donor3,9
donor3_GTTGCTCCAAAGGTTA-1,donor3,10
donor3_GTTGCTCCAAGCACAG-1,donor3,6
donor3_GTTGCTCCAGCCCACA-1,donor3,9
donor3_GTTGCTCCAGCGTGCT-1,donor3,6
donor3_GTTGCTCTCACCTCAC-1,donor3,9
donor3_GTTGCTCTCTCTCAAT-1,donor3,1
donor3_GTTGCTCTCTTCACAT-1,donor3,12
donor3_GTTGTAGAGCCTGGAA-1,donor3,9
donor3_GTTGTAGAGCGAGTAC-1,donor3,9
donor3_GTTGTAGAGTTCGGTT-1,donor3,12
donor3_GTTGTAGCAAGATGTA-1,donor3,12
donor3_GTTGTAGCAGCTGTCG-1,donor3,12
donor3_GTTGTAGGTCCGCAGT-1,donor3,6
donor3_GTTGTAGGTTTACTTC-1,donor3,12
donor3_GTTGTAGTCCGACGGT-1,donor3,12
donor3_GTTGTAGTCTAGTGAC-1,donor3,6
donor3_GTTGTCCAGTATAGAC-1,donor3,12
donor3_GTTGTCCGTACCTAGT-1,donor3,12
donor3_GTTGTCCGTTCGTTCC-1,donor3,12
donor3_GTTGTGAAGGGTTAGC-1,donor3,9
donor3_GTTGTGACAATTCTTC-1,donor3,12
donor3_GTTGTGACAGTGCGCT-1,donor3,12
donor3_GTTGTGAGTGCTTATG-1,donor3,10
donor3_GTTGTGATCATTTCCA-1,donor3,23
donor3_GTTGTGATCGAGATAA-1,donor3,12
donor3_GTTGTGATCTGAGGCC-1,donor3,10
donor3_GTTTACTAGATGCAGC-1,donor3,10
donor3_GTTTACTAGGATATAC-1,donor3,12
donor3_GTTTACTCAACCCGCA-1,donor3,14
donor3_GTTTACTCATTCTCCG-1,donor3,10
donor3_GTTTACTGTAAGGCCA-1,donor3,12
donor3_GTTTACTGTATCACCA-1,donor3,12
donor3_GTTTACTGTCACAATC-1,donor3,11
donor3_GTTTACTGTCCTCAGG-1,donor3,6
donor3_GTTTACTGTTTACGAC-1,donor3,7
donor3_GTTTACTTCGTGGTAT-1,donor3,13
donor3_GTTTGGAAGAATCTAG-1,donor3,6
donor3_GTTTGGAAGCAGATAT-1,donor3,12
donor3_GTTTGGACAACCAGAG-1,donor3,10
donor3_GTTTGGAGTGCAACGA-1,donor3,23
donor3_GTTTGGAGTGTGGTCC-1,donor3,6
donor3_GTTTGGAGTTAGGAGC-1,donor3,5
donor3_GTTTGGAGTTCCAGGC-1,donor3,0
donor3_GTTTGGATCAGTCTTT-1,donor3,11
donor3_GTTTGGATCGAGAGCA-1,donor3,12
donor3_GTTTGGATCTCCCATG-1,donor3,9
donor3_TAACACGAGCAATAAC-1,donor3,11
donor3_TAACACGAGTCGCGAA-1,donor3,9
donor3_TAACACGCAAGGACAC-1,donor3,14
donor3_TAACACGCATAGCACT-1,donor3,12
donor3_TAACACGTCGACGAGA-1,donor3,20
donor3_TAACCAGAGCACTAGG-1,donor3,11
donor3_TAACCAGAGGAGTACC-1,donor3,10
donor3_TAACCAGCAACTGGTT-1,donor3,26
donor3_TAACCAGTCATTGGTG-1,donor3,12
donor3_TAACGACAGCTTAGTC-1,donor3,6
donor3_TAACGACGTCAAGCCC-1,donor3,12
donor3_TAACGACTCCACTAGA-1,donor3,10
donor3_TAACGACTCGTTCCTG-1,donor3,9
donor3_TAACTTCAGACGACTG-1,donor3,9
donor3_TAACTTCAGCATTGAA-1,donor3,12
donor3_TAACTTCAGCGATGAC-1,donor3,11
donor3_TAACTTCCAATTGGTC-1,donor3,9
donor3_TAACTTCCACACCGAC-1,donor3,10
donor3_TAACTTCCACCCTCTA-1,donor3,10
donor3_TAACTTCCATGAGGGT-1,donor3,10
donor3_TAACTTCGTAACTTCG-1,donor3,6
donor3_TAACTTCGTAGCGCTC-1,donor3,9
donor3_TAACTTCGTATCATGC-1,donor3,9
donor3_TAACTTCTCAATCTCT-1,donor3,12
donor3_TAACTTCTCCCGAACG-1,donor3,11
donor3_TAACTTCTCGACTCCT-1,donor3,0
donor3_TAAGCACAGACGCCCT-1,donor3,7
donor3_TAAGCACAGTACAGAT-1,donor3,12
donor3_TAAGCACCAACATACC-1,donor3,12
donor3_TAAGCACCAAGACGAC-1,donor3,11
donor3_TAAGCACCACAGCGCT-1,donor3,11
donor3_TAAGCACCACTACAGT-1,donor3,10
donor3_TAAGCACCATAGAAAC-1,donor3,12
donor3_TAAGCACGTACCGTGC-1,donor3,9
donor3_TAAGCACGTCTTGTCC-1,donor3,9
donor3_TAAGCACGTGTATCCA-1,donor3,9
donor3_TAAGCCAAGATTGACA-1,donor3,1
donor3_TAAGCCACACATACGT-1,donor3,11
donor3_TAAGCCACAGCGACAA-1,donor3,0
donor3_TAAGCCAGTAGGATAT-1,donor3,10
donor3_TAAGCCAGTCCGAAAG-1,donor3,1
donor3_TAAGCCATCCATTCAT-1,donor3,11
donor3_TAAGCCATCCGTAATG-1,donor3,9
donor3_TAAGCCATCGCCTATC-1,donor3,14
donor3_TAAGCGTAGGCACCAA-1,donor3,11
donor3_TAAGCGTAGTAGCTCT-1,donor3,10
donor3_TAAGCGTCAAGGCAAC-1,donor3,12
donor3_TAAGCGTCAATCAAGA-1,donor3,10
donor3_TAAGCGTCACAGTATC-1,donor3,6
donor3_TAAGCGTCAGAGTGTG-1,donor3,12
donor3_TAAGCGTGTACCTTCC-1,donor3,9
donor3_TAAGCGTGTACTTGTG-1,donor3,21
donor3_TAAGCGTGTGCGGTAA-1,donor3,9
donor3_TAAGCGTTCCGTAGGC-1,donor3,9
donor3_TAAGTCGAGACTAGAT-1,donor3,6
donor3_TAAGTCGCAAGTGGAC-1,donor3,9
donor3_TAAGTCGCACTGAATC-1,donor3,12
donor3_TAAGTCGCAGTTGCGC-1,donor3,12
donor3_TAAGTCGCATGACCCG-1,donor3,2
donor3_TAAGTCGCATTGTCGA-1,donor3,10
donor3_TAAGTCGGTCTGGTTA-1,donor3,11
donor3_TAAGTCGGTTTACACG-1,donor3,12
donor3_TAAGTCGTCCCTGTTG-1,donor3,9
donor3_TAAGTCGTCGGAAACG-1,donor3,10
donor3_TAAGTCGTCGGACGTC-1,donor3,11
donor3_TAAGTCGTCTCCGATC-1,donor3,9
donor3_TAAGTCGTCTTGGCTC-1,donor3,9
donor3_TAATCTCAGACCCTTA-1,donor3,9
donor3_TAATCTCAGGCGTTAG-1,donor3,11
donor3_TAATCTCAGTTGTAAG-1,donor3,6
donor3_TAATCTCGTCAGTCCG-1,donor3,10
donor3_TAATCTCGTGATTAGA-1,donor3,10
donor3_TAATCTCTCATGCCAA-1,donor3,10
donor3_TAATCTCTCGGTGCAC-1,donor3,12
donor3_TAATCTCTCTGGCTGG-1,donor3,23
donor3_TAATCTCTCTTCACGC-1,donor3,9
donor3_TAATTCCAGCGCCTCA-1,donor3,9
donor3_TAATTCCAGTCCTGCG-1,donor3,6
donor3_TAATTCCCAATTTCGG-1,donor3,11
donor3_TAATTCCGTACCTTCC-1,donor3,9
donor3_TAATTCCGTCCGAAAG-1,donor3,11
donor3_TAATTCCGTGTGTTTG-1,donor3,26
donor3_TAATTCCTCTACACAG-1,donor3,10
donor3_TACAACGAGAGTCACG-1,donor3,6
donor3_TACAACGAGGTAGGCT-1,donor3,11
donor3_TACAACGCAGAACCGA-1,donor3,0
donor3_TACAACGCAGGCATGA-1,donor3,12
donor3_TACAACGGTAGCGATG-1,donor3,11
donor3_TACAACGGTTCTCCTG-1,donor3,13
donor3_TACAACGTCAAGTCGT-1,donor3,10
donor3_TACAACGTCTCCGCAT-1,donor3,12
donor3_TACACCCAGATTTGCC-1,donor3,12
donor3_TACACCCAGCCTGAGA-1,donor3,7
donor3_TACACCCAGCGATGAC-1,donor3,0
donor3_TACACCCAGTGAGGCT-1,donor3,12
donor3_TACACCCCAAATCAGA-1,donor3,10
donor3_TACACCCCAACAGCCC-1,donor3,7
donor3_TACACCCCAGAGAATT-1,donor3,12
donor3_TACACCCCATAGCTGT-1,donor3,12
donor3_TACACCCGTACGATCT-1,donor3,0
donor3_TACACCCGTAGCTGTT-1,donor3,23
donor3_TACACCCGTGTACATC-1,donor3,10
donor3_TACACCCGTTGCGTAT-1,donor3,6
donor3_TACACCCGTTGTATGC-1,donor3,10
donor3_TACACCCTCTACCAGA-1,donor3,6
donor3_TACAGGTGTAGAGATT-1,donor3,9
donor3_TACAGGTGTCGATTTG-1,donor3,10
donor3_TACAGGTGTGCCCAGT-1,donor3,23
donor3_TACAGGTGTTGCTAGT-1,donor3,11
donor3_TACAGGTTCATCGCAA-1,donor3,9
donor3_TACAGGTTCCAATCCC-1,donor3,9
donor3_TACAGGTTCCGAGATT-1,donor3,6
donor3_TACAGGTTCCTAGCGG-1,donor3,9
donor3_TACAGGTTCGCAGATT-1,donor3,9
donor3_TACAGGTTCTAGTGAC-1,donor3,21
donor3_TACAGGTTCTTCTGGC-1,donor3,12
donor3_TACATTCCACAATTCG-1,donor3,12
donor3_TACATTCCAGTTAAAG-1,donor3,7
donor3_TACATTCCATCAGCAT-1,donor3,9
donor3_TACATTCCATGGTACT-1,donor3,10
donor3_TACATTCGTACCTGTA-1,donor3,11
donor3_TACATTCGTCGACTTA-1,donor3,6
donor3_TACATTCGTGTTCGAT-1,donor3,14
donor3_TACATTCTCTCACCCA-1,donor3,12
donor3_TACATTCTCTGGAGAG-1,donor3,9
donor3_TACCCACAGATGGGCT-1,donor3,12
donor3_TACCCACAGTAGGTTA-1,donor3,10
donor3_TACCCACCAATCGCCG-1,donor3,9
donor3_TACCCACCAGCCGTTG-1,donor3,10
donor3_TACCCACCATTGTACG-1,donor3,11
donor3_TACCCACGTTTGTTCT-1,donor3,12
donor3_TACCCACTCGAGGCAA-1,donor3,14
donor3_TACCCACTCTAGCATG-1,donor3,11
donor3_TACCCACTCTGGTGCG-1,donor3,12
donor3_TACCCACTCTGTCAGA-1,donor3,10
donor3_TACCCGTAGCGTGCCT-1,donor3,9
donor3_TACCCGTCAACTGCTA-1,donor3,11
donor3_TACCCGTCACATTCGA-1,donor3,9
donor3_TACCCGTCACTTTAGG-1,donor3,20
donor3_TACCCGTCATTCACAG-1,donor3,9
donor3_TACCCGTTCACTACTT-1,donor3,11
donor3_TACCCGTTCCAGCCTT-1,donor3,11
donor3_TACCGAAAGCACCAGA-1,donor3,10
donor3_TACCGAACAAGAATGT-1,donor3,21
donor3_TACCGAACAGGCGTTC-1,donor3,23
donor3_TACCGAAGTACTGAGG-1,donor3,10
donor3_TACCGAAGTAGAGCTG-1,donor3,23
donor3_TACCGAAGTAGCTTTG-1,donor3,12
donor3_TACCGAAGTCGTATGT-1,donor3,6
donor3_TACCGAAGTCTGCCTT-1,donor3,10
donor3_TACCGAAGTGAATATG-1,donor3,12
donor3_TACCGAATCATGAGAA-1,donor3,12
donor3_TACCGAATCCTCTTTC-1,donor3,9
donor3_TACCGAATCTACCTTA-1,donor3,7
donor3_TACCGGGAGAGAGCCT-1,donor3,6
donor3_TACCGGGCACAGTGAG-1,donor3,11
donor3_TACCGGGCACGGTCTG-1,donor3,12
donor3_TACCGGGCAGACAAAT-1,donor3,9
donor3_TACCGGGCAGATACCT-1,donor3,10
donor3_TACCGGGCATCCGGCA-1,donor3,23
donor3_TACCGGGGTAATGCTC-1,donor3,9
donor3_TACCGGGGTCTATGAC-1,donor3,11
donor3_TACCGGGGTGAACGGT-1,donor3,12
donor3_TACCGGGGTGAGATCG-1,donor3,6
donor3_TACCGGGGTGAGTAGC-1,donor3,9
donor3_TACCGGGTCTAGTCAG-1,donor3,6
donor3_TACCTCGAGCCTTTGA-1,donor3,6
donor3_TACCTCGAGGATACGC-1,donor3,6
donor3_TACCTCGAGGCAGCTA-1,donor3,10
donor3_TACCTCGAGTAAATGC-1,donor3,9
donor3_TACCTCGCAAGACAAT-1,donor3,9
donor3_TACCTCGGTATGGTAA-1,donor3,12
donor3_TACCTCGGTCCGGCAT-1,donor3,6
donor3_TACCTCGGTTAGGACG-1,donor3,9
donor3_TACCTCGTCACTTGGA-1,donor3,12
donor3_TACCTCGTCATGTCTT-1,donor3,12
donor3_TACCTGCAGACCTGGA-1,donor3,10
donor3_TACCTGCCAAAGAACT-1,donor3,10
donor3_TACCTGCCAAGTGTCT-1,donor3,9
donor3_TACCTGCCAATAGAGT-1,donor3,23
donor3_TACCTGCCAGCAGTCC-1,donor3,9
donor3_TACCTGCCAGCGTACC-1,donor3,6
donor3_TACCTGCGTCTGATCA-1,donor3,14
donor3_TACCTGCGTGCCGTAC-1,donor3,11
donor3_TACCTGCGTTCCGCTT-1,donor3,11
donor3_TACCTGCGTTGTCTAG-1,donor3,9
donor3_TACCTGCTCCAAATGC-1,donor3,12
donor3_TACCTGCTCGCCGTGA-1,donor3,14
donor3_TACCTGCTCTGAGAGG-1,donor3,10
donor3_TACGCTCAGACAGTCG-1,donor3,6
donor3_TACGCTCAGACCGTTT-1,donor3,9
donor3_TACGCTCAGGTGGTTG-1,donor3,9
donor3_TACGCTCAGTTGCCTA-1,donor3,12
donor3_TACGCTCCACTCTCGT-1,donor3,9
donor3_TACGCTCGTATGGTTC-1,donor3,6
donor3_TACGCTCGTCCGTTTC-1,donor3,6
donor3_TACGCTCTCGGCCAAC-1,donor3,9
donor3_TACGGGCAGAACTCCT-1,donor3,10
donor3_TACGGGCAGGCTGTAG-1,donor3,10
donor3_TACGGGCAGTCCGTCG-1,donor3,23
donor3_TACGGGCCACTACACA-1,donor3,10
donor3_TACGGGCCATTCTCTA-1,donor3,9
donor3_TACGGGCGTCTACACA-1,donor3,11
donor3_TACGGGCGTGCAATAA-1,donor3,10
donor3_TACGGGCGTGTTCGTA-1,donor3,14
donor3_TACGGGCTCAAAGGTA-1,donor3,10
donor3_TACGGGCTCGAGCCTG-1,donor3,6
donor3_TACGGGCTCTGGGCAC-1,donor3,1
donor3_TACGGTAAGATCGGTG-1,donor3,10
donor3_TACGGTAAGCTCGACC-1,donor3,12
donor3_TACGGTAAGGCTAGCA-1,donor3,6
donor3_TACGGTAAGGTTGCCC-1,donor3,10
donor3_TACGGTACACGCTTAA-1,donor3,10
donor3_TACGGTACATTAGGCT-1,donor3,6
donor3_TACGGTAGTAGTGTGG-1,donor3,12
donor3_TACGGTAGTCTGATAC-1,donor3,11
donor3_TACGGTAGTTCCGCTT-1,donor3,12
donor3_TACGGTAGTTTACACG-1,donor3,6
donor3_TACGGTATCAGGTAAA-1,donor3,11
donor3_TACGGTATCTCAGGCG-1,donor3,12
donor3_TACGGTATCTCTCTAA-1,donor3,10
donor3_TACGTCCAGTAGTCAA-1,donor3,12
donor3_TACGTCCCAAGAGTAT-1,donor3,6
donor3_TACGTCCCATAATGAG-1,donor3,9
donor3_TACGTCCCATATGCGT-1,donor3,10
donor3_TACGTCCGTACACTCA-1,donor3,23
donor3_TACGTCCGTGAGTCAG-1,donor3,11
donor3_TACGTCCGTGTCTTCC-1,donor3,9
donor3_TACGTCCTCCAAGGGA-1,donor3,10
donor3_TACGTCCTCCATCTCG-1,donor3,10
donor3_TACGTCCTCTCCGTGT-1,donor3,12
donor3_TACTGCCAGACTGTTC-1,donor3,9
donor3_TACTGCCAGAGAATCT-1,donor3,11
donor3_TACTGCCAGCGTTCAT-1,donor3,9
donor3_TACTGCCCATCACAGT-1,donor3,12
donor3_TACTGCCGTGCAGGAT-1,donor3,14
donor3_TACTGCCGTTGACTGT-1,donor3,6
donor3_TACTGCCTCACGATAC-1,donor3,9
donor3_TACTTACAGAATACAC-1,donor3,6
donor3_TACTTACCACAAGCAG-1,donor3,12
donor3_TACTTACGTAACATGA-1,donor3,9
donor3_TACTTACGTACGACTT-1,donor3,6
donor3_TACTTACGTCGTCTCT-1,donor3,6
donor3_TACTTACGTGAGTGAC-1,donor3,12
donor3_TACTTACGTGGATCGA-1,donor3,11
donor3_TACTTACGTGTTAACC-1,donor3,1
donor3_TACTTACGTTTGGAAA-1,donor3,14
donor3_TACTTACTCAGCTAGT-1,donor3,6
donor3_TACTTACTCAGGCGAA-1,donor3,6
donor3_TACTTACTCGGCTGAC-1,donor3,14
donor3_TACTTACTCTAGTGTG-1,donor3,10
donor3_TACTTCAAGCCAAGTG-1,donor3,9
donor3_TACTTCAAGCTTAAGA-1,donor3,6
donor3_TACTTCAAGGTAATCA-1,donor3,9
donor3_TACTTCAAGTGCAAAT-1,donor3,10
donor3_TACTTCACAAGGCCTC-1,donor3,9
donor3_TACTTCACATAGATGA-1,donor3,6
donor3_TACTTCACATGTAACC-1,donor3,10
donor3_TACTTCATCAACACCA-1,donor3,12
donor3_TACTTCATCCACTGAA-1,donor3,12
donor3_TACTTGTAGCGTTACT-1,donor3,9
donor3_TACTTGTAGGTTTACC-1,donor3,10
donor3_TACTTGTAGTCCGCCA-1,donor3,6
donor3_TACTTGTAGTCGCTAT-1,donor3,9
donor3_TACTTGTCAGACCAAG-1,donor3,12
donor3_TACTTGTGTATGACAA-1,donor3,11
donor3_TACTTGTGTGAGAGGG-1,donor3,12
donor3_TACTTGTGTGCCAAGA-1,donor3,12
donor3_TACTTGTGTGGAACAC-1,donor3,10
donor3_TACTTGTGTGTTAGCT-1,donor3,12
donor3_TACTTGTGTTACCTGA-1,donor3,12
donor3_TACTTGTGTTCTAACG-1,donor3,9
donor3_TACTTGTTCACTTTGT-1,donor3,10
donor3_TACTTGTTCCATAAGC-1,donor3,11
donor3_TACTTGTTCCTTGAAG-1,donor3,12
donor3_TAGACCAAGGGCTGAT-1,donor3,9
donor3_TAGACCACACAAAGCG-1,donor3,23
donor3_TAGACCACAGATTCGT-1,donor3,6
donor3_TAGACCACAGTGTATC-1,donor3,26
donor3_TAGACCACATAACTCG-1,donor3,10
donor3_TAGACCATCCATCTGC-1,donor3,12
donor3_TAGACTGAGCTCCGAC-1,donor3,10
donor3_TAGACTGAGGTGCCTC-1,donor3,6
donor3_TAGACTGCAATACCCA-1,donor3,11
donor3_TAGACTGCAGTCTGGC-1,donor3,9
donor3_TAGACTGCATTCCTCG-1,donor3,14
donor3_TAGACTGGTCCATCTC-1,donor3,12
donor3_TAGACTGGTGGCAGAT-1,donor3,12
donor3_TAGACTGTCAAGTAAG-1,donor3,12
donor3_TAGACTGTCCTGTAGA-1,donor3,10
donor3_TAGACTGTCTCTATAC-1,donor3,12
donor3_TAGAGTCAGCAGTAAT-1,donor3,11
donor3_TAGAGTCCAAGCGATG-1,donor3,12
donor3_TAGAGTCCACAGTATC-1,donor3,12
donor3_TAGAGTCGTAGGGTAC-1,donor3,7
donor3_TAGAGTCGTGCCTATA-1,donor3,14
donor3_TAGAGTCTCTAGTTCT-1,donor3,6
donor3_TAGAGTCTCTTAAGGC-1,donor3,6
donor3_TAGATCGAGGTAAGGA-1,donor3,10
donor3_TAGATCGAGTACAGAT-1,donor3,26
donor3_TAGATCGAGTGAACAT-1,donor3,9
donor3_TAGATCGCAACAGCTT-1,donor3,0
donor3_TAGATCGCACTACTTT-1,donor3,6
donor3_TAGATCGCACTCCACT-1,donor3,9
donor3_TAGATCGGTACGTAGG-1,donor3,11
donor3_TAGATCGGTCGACGCT-1,donor3,9
donor3_TAGATCGGTGAGTAAT-1,donor3,0
donor3_TAGATCGTCCCTCTCC-1,donor3,12
donor3_TAGATCGTCGGCTGAC-1,donor3,10
donor3_TAGATCGTCTTGGCTC-1,donor3,12
donor3_TAGCACACAGTGTGGA-1,donor3,6
donor3_TAGCACAGTATCGGTT-1,donor3,11
donor3_TAGCACAGTGCTGTCG-1,donor3,10
donor3_TAGCACAGTTCGGTCG-1,donor3,12
donor3_TAGCACATCGCCGTGA-1,donor3,9
donor3_TAGGAGGAGACATCAA-1,donor3,10
donor3_TAGGAGGAGGGCAATC-1,donor3,9
donor3_TAGGAGGAGTCAATCC-1,donor3,9
donor3_TAGGAGGAGTCTTCCC-1,donor3,12
donor3_TAGGAGGAGTGAGTTA-1,donor3,12
donor3_TAGGAGGCAAGTTTGC-1,donor3,10
donor3_TAGGAGGGTGGATCAG-1,donor3,6
donor3_TAGGGTTCAACGGCCT-1,donor3,14
donor3_TAGGGTTCAGTCAACT-1,donor3,10
donor3_TAGGGTTCATGCCGGT-1,donor3,12
donor3_TAGGGTTCATTGTCGA-1,donor3,6
donor3_TAGGGTTGTAACTAAG-1,donor3,9
donor3_TAGGGTTGTACCGGCT-1,donor3,6
donor3_TAGGGTTGTGAGATCG-1,donor3,12
donor3_TAGGGTTGTTCGGCTG-1,donor3,10
donor3_TAGGGTTTCATGAGAA-1,donor3,12
donor3_TAGGGTTTCGTGGGTC-1,donor3,10
donor3_TAGGGTTTCTAGCCAA-1,donor3,10
donor3_TAGGTACAGACTCAAA-1,donor3,26
donor3_TAGGTACAGAGTCACG-1,donor3,12
donor3_TAGGTACAGTGGTTCT-1,donor3,7
donor3_TAGGTACCAAGGTCAG-1,donor3,6
donor3_TAGGTACCACAACATC-1,donor3,9
donor3_TAGGTACGTGGTAACG-1,donor3,10
donor3_TAGGTACTCAACGTGT-1,donor3,12
donor3_TAGGTTGAGATACGAT-1,donor3,10
donor3_TAGGTTGCAACAAGTA-1,donor3,23
donor3_TAGGTTGCACAGTGTT-1,donor3,9
donor3_TAGGTTGTCTATGCCC-1,donor3,14
donor3_TAGGTTGTCTGGACTA-1,donor3,11
donor3_TAGTGCAAGAGCCGTA-1,donor3,12
donor3_TAGTGCAAGCAAGTGC-1,donor3,10
donor3_TAGTGCAAGCAGCACA-1,donor3,12
donor3_TAGTGCAAGTAACGAT-1,donor3,12
donor3_TAGTGCACACGCACCA-1,donor3,11
donor3_TAGTGCACACTGAGGA-1,donor3,9
donor3_TAGTGCACAGTCAACT-1,donor3,10
donor3_TAGTGCAGTACGATCT-1,donor3,14
donor3_TAGTGCAGTGCAGGAT-1,donor3,9
donor3_TAGTGCAGTGCCTGAC-1,donor3,11
donor3_TAGTGCATCATACGAC-1,donor3,12
donor3_TAGTGCATCCATCTAT-1,donor3,12
donor3_TATACCTAGATTCGCT-1,donor3,9
donor3_TATACCTCACTAACGT-1,donor3,10
donor3_TATACCTCATGCGTGC-1,donor3,12
donor3_TATACCTCATGTGCCG-1,donor3,9
donor3_TATACCTGTCCTGGGT-1,donor3,7
donor3_TATACCTGTCTCACGG-1,donor3,9
donor3_TATACCTGTTCCCACT-1,donor3,6
donor3_TATACCTGTTGCCATA-1,donor3,10
donor3_TATACCTTCTGTTCAT-1,donor3,10
donor3_TATATCCAGACCAGCA-1,donor3,12
donor3_TATATCCAGTTGGAAT-1,donor3,10
donor3_TATATCCCAAAGCTAA-1,donor3,11
donor3_TATATCCGTCGTTATG-1,donor3,12
donor3_TATATCCGTGACGCCT-1,donor3,10
donor3_TATATCCGTTACCCAA-1,donor3,11
donor3_TATATCCTCCGATCGG-1,donor3,9
donor3_TATATCCTCCTCACGT-1,donor3,11
donor3_TATATCCTCTGCGTCT-1,donor3,6
donor3_TATCAGGAGCTGTTAC-1,donor3,12
donor3_TATCAGGAGGTCGTGA-1,donor3,9
donor3_TATCAGGCAGTTCCAA-1,donor3,9
donor3_TATCAGGCATGAAGCG-1,donor3,9
donor3_TATCAGGGTCAGACGA-1,donor3,9
donor3_TATCAGGGTGTGACCC-1,donor3,9
donor3_TATCAGGGTTCTGACA-1,donor3,12
donor3_TATCAGGTCAAGAGGC-1,donor3,7
donor3_TATCAGGTCCTGGGAC-1,donor3,14
donor3_TATCAGGTCGAGATGG-1,donor3,6
donor3_TATCCTAAGATACATG-1,donor3,23
donor3_TATCCTAAGGCGCTCT-1,donor3,12
donor3_TATCCTAAGTTTGTCG-1,donor3,10
donor3_TATCCTACACTACCGG-1,donor3,9
donor3_TATCCTACATAGGAGC-1,donor3,9
donor3_TATCCTAGTGTCCGGT-1,donor3,10
donor3_TATCGCCAGACGGTCA-1,donor3,10
donor3_TATCGCCAGCTAAGTA-1,donor3,9
donor3_TATCGCCAGGACACTG-1,donor3,6
donor3_TATCGCCAGTCTAGCT-1,donor3,11
donor3_TATCGCCCACATTCTT-1,donor3,12
donor3_TATCGCCCATTCGATG-1,donor3,0
donor3_TATCGCCGTAATTGGA-1,donor3,10
donor3_TATCGCCGTTTGTTGG-1,donor3,12
donor3_TATCGCCTCCACGGGT-1,donor3,11
donor3_TATCGCCTCGCTGTCT-1,donor3,7
donor3_TATCTGTAGCGCCCAT-1,donor3,9
donor3_TATCTGTAGCGTATGG-1,donor3,10
donor3_TATCTGTAGTGACCTT-1,donor3,11
donor3_TATCTGTCAAGTGGCA-1,donor3,12
donor3_TATCTGTCACAGTCGC-1,donor3,12
donor3_TATCTGTCACCCATAA-1,donor3,6
donor3_TATCTGTCAGAATTCC-1,donor3,10
donor3_TATCTGTCAGTAGAGC-1,donor3,10
donor3_TATCTGTCATTAAAGG-1,donor3,10
donor3_TATCTGTGTCCTCAGG-1,donor3,20
donor3_TATCTGTGTGGACTGA-1,donor3,22
donor3_TATCTGTTCTCGTGGG-1,donor3,9
donor3_TATCTTGAGACTTCGT-1,donor3,21
donor3_TATCTTGAGCGCCCAT-1,donor3,12
donor3_TATCTTGAGGAGAGGC-1,donor3,10
donor3_TATCTTGCAAAGCTAA-1,donor3,9
donor3_TATCTTGTCAGCCTCT-1,donor3,12
donor3_TATCTTGTCCAAAGGG-1,donor3,12
donor3_TATGTTCCACGCCAGT-1,donor3,12
donor3_TATGTTCCAGTAGATA-1,donor3,26
donor3_TATGTTCCAGTCGAGA-1,donor3,11
donor3_TATGTTCGTCGCGTTG-1,donor3,12
donor3_TATGTTCGTCTACGAT-1,donor3,9
donor3_TATGTTCTCGTGGCTG-1,donor3,9
donor3_TATGTTCTCTGTGCAA-1,donor3,9
donor3_TATGTTCTCTTAGGAC-1,donor3,14
donor3_TATTCCAAGGCTATCT-1,donor3,14
donor3_TATTCCACAAACTCTG-1,donor3,9
donor3_TATTCCACACAAATGA-1,donor3,9
donor3_TATTCCAGTCTGTTAG-1,donor3,9
donor3_TATTCCATCGACGATT-1,donor3,6
donor3_TATTCCATCGGCCTTT-1,donor3,9
donor3_TATTCCATCTAACGCA-1,donor3,11
donor3_TATTCCATCTTCGTAT-1,donor3,11
donor3_TATTGCTAGCGCTGAA-1,donor3,11
donor3_TATTGCTAGGCCTAAG-1,donor3,12
donor3_TATTGCTAGGCCTGAA-1,donor3,6
donor3_TATTGCTAGTCGGCAA-1,donor3,12
donor3_TATTGCTCACAATGTC-1,donor3,10
donor3_TATTGCTGTCCTCCAT-1,donor3,11
donor3_TATTGCTGTTATCTGG-1,donor3,9
donor3_TATTGCTGTTGCTTGA-1,donor3,10
donor3_TATTGCTTCAAAGGTA-1,donor3,6
donor3_TATTGCTTCTACTGAG-1,donor3,12
donor3_TATTGGGAGGTCATTC-1,donor3,10
donor3_TATTGGGCAATAGAGT-1,donor3,12
donor3_TATTGGGCATGACCCG-1,donor3,11
donor3_TATTGGGGTAGACACG-1,donor3,6
donor3_TATTGGGGTCGCATGC-1,donor3,10
donor3_TATTGGGGTTAAGGGC-1,donor3,6
donor3_TATTGGGGTTGTGTTG-1,donor3,12
donor3_TATTGGGGTTTCACTT-1,donor3,6
donor3_TATTGGGGTTTCGTAG-1,donor3,0
donor3_TATTTCGCAACGCCCA-1,donor3,9
donor3_TATTTCGCATCGTCCT-1,donor3,12
donor3_TATTTCGGTACACGCC-1,donor3,9
donor3_TATTTCGGTACGTAGG-1,donor3,12
donor3_TATTTCGGTTATAGAG-1,donor3,9
donor3_TATTTCGTCAGTGGGA-1,donor3,10
donor3_TATTTCGTCATCAGTG-1,donor3,12
donor3_TATTTCGTCCGATAAC-1,donor3,6
donor3_TATTTCGTCGGAAACG-1,donor3,10
donor3_TATTTCGTCGTCAAAC-1,donor3,9
donor3_TCAAGACAGTCGCCAC-1,donor3,12
donor3_TCAAGACAGTTGGAAT-1,donor3,11
donor3_TCAAGACCACGCGCTA-1,donor3,12
donor3_TCAAGACGTACTCGCG-1,donor3,9
donor3_TCAAGACGTCACCTTC-1,donor3,9
donor3_TCAAGACGTCCAAGAG-1,donor3,12
donor3_TCAAGACGTGGCTAGA-1,donor3,6
donor3_TCAAGACGTGTTGCCG-1,donor3,9
donor3_TCAAGACTCAAGCCAT-1,donor3,23
donor3_TCAAGCAAGCGACTGA-1,donor3,9
donor3_TCAAGCAAGCTACTGT-1,donor3,10
donor3_TCAAGCAAGGATACGC-1,donor3,9
donor3_TCAAGCAGTAGAGATT-1,donor3,9
donor3_TCAAGCAGTAGTTCCA-1,donor3,12
donor3_TCAAGCAGTCATCCCT-1,donor3,10
donor3_TCAAGCAGTGACTCTA-1,donor3,11
donor3_TCAAGCAGTTCCTAAG-1,donor3,12
donor3_TCAAGCAGTTGGGTAG-1,donor3,6
donor3_TCAAGCATCACATCAG-1,donor3,6
donor3_TCAAGCATCAGCTTCC-1,donor3,12
donor3_TCAAGCATCATGCCCT-1,donor3,12
donor3_TCAAGCATCTGTAAGC-1,donor3,6
donor3_TCAAGTGAGGTTATAG-1,donor3,9
donor3_TCAAGTGCAGCTGGTC-1,donor3,6
donor3_TCAAGTGCAGTTAGAA-1,donor3,6
donor3_TCAAGTGCATGTCAGT-1,donor3,11
donor3_TCAAGTGGTCCACAGC-1,donor3,7
donor3_TCAAGTGGTCGAGATG-1,donor3,10
donor3_TCAAGTGGTTATAGAG-1,donor3,9
donor3_TCAAGTGTCAAGAGGC-1,donor3,7
donor3_TCAAGTGTCACCTGGG-1,donor3,9
donor3_TCAAGTGTCGATGCTA-1,donor3,6
donor3_TCAATCTAGCTGACAG-1,donor3,12
donor3_TCAATCTAGTAGTCCT-1,donor3,12
donor3_TCAATCTAGTTCCTGA-1,donor3,6
donor3_TCAATCTCACTGTCGG-1,donor3,9
donor3_TCAATCTCAGAACTCT-1,donor3,9
donor3_TCAATCTCAGGGATAC-1,donor3,12
donor3_TCAATCTCAGGGTTGA-1,donor3,9
donor3_TCAATCTGTAGATTAG-1,donor3,6
donor3_TCAATCTGTATCTCGA-1,donor3,11
donor3_TCAATCTGTGGCACTC-1,donor3,12
donor3_TCAATCTGTGTCCTAA-1,donor3,6
donor3_TCAATCTGTTACTCAG-1,donor3,14
donor3_TCAATCTGTTGAGGAC-1,donor3,6
donor3_TCAATTCAGAGCAAGA-1,donor3,6
donor3_TCAATTCAGTCACTCA-1,donor3,9
donor3_TCAATTCCACAAACGG-1,donor3,6
donor3_TCAATTCGTATACCTG-1,donor3,10
donor3_TCAATTCGTGTTACAC-1,donor3,20
donor3_TCAATTCGTTCTCACC-1,donor3,9
donor3_TCAATTCTCTAGGCAT-1,donor3,23
donor3_TCAATTCTCTGTCTCG-1,donor3,12
donor3_TCACAAGAGCAGTAAT-1,donor3,9
donor3_TCACAAGAGGCTCTAT-1,donor3,6
donor3_TCACAAGAGGTTACAA-1,donor3,10
donor3_TCACAAGAGTCACACT-1,donor3,21
donor3_TCACAAGCAAGTGCAG-1,donor3,6
donor3_TCACAAGCAGAGTGTG-1,donor3,6
donor3_TCACAAGCATTCCTAT-1,donor3,9
donor3_TCACAAGGTGCTCTTC-1,donor3,6
donor3_TCACAAGGTTCTCAGA-1,donor3,12
donor3_TCACAAGGTTCTTAGG-1,donor3,12
donor3_TCACACCAGACTTCAC-1,donor3,9
donor3_TCACACCAGATCCGAG-1,donor3,20
donor3_TCACACCAGTAGACAT-1,donor3,11
donor3_TCACACCCAACTCCAA-1,donor3,11
donor3_TCACACCCACCAGCGT-1,donor3,9
donor3_TCACACCCACCCTAGG-1,donor3,6
donor3_TCACACCCAGAGAATT-1,donor3,9
donor3_TCACACCCATCCCACT-1,donor3,9
donor3_TCACACCGTACTAAGA-1,donor3,12
donor3_TCACACCGTATCATGC-1,donor3,12
donor3_TCACACCGTTGGTAGG-1,donor3,9
donor3_TCACACCTCGGAATGG-1,donor3,9
donor3_TCACATTAGTCACTGT-1,donor3,6
donor3_TCACATTCAACGGCCT-1,donor3,6
donor3_TCACATTTCGAGTGGA-1,donor3,12
donor3_TCACATTTCGCTAAAC-1,donor3,9
donor3_TCACATTTCGTTCTGC-1,donor3,12
donor3_TCACGCTAGCATGTTC-1,donor3,12
donor3_TCACGCTAGCCATGCC-1,donor3,11
donor3_TCACGCTCACTAGAGG-1,donor3,9
donor3_TCACGCTGTAGGTACG-1,donor3,11
donor3_TCACGCTTCGCCGAGT-1,donor3,9
donor3_TCACGGGAGATGGCAC-1,donor3,14
donor3_TCACGGGAGGCGATAC-1,donor3,12
donor3_TCACGGGAGTCATGCT-1,donor3,6
donor3_TCACGGGAGTCTTCGA-1,donor3,12
donor3_TCACGGGCAGCGAGTA-1,donor3,10
donor3_TCACGGGCATCCGTTC-1,donor3,11
donor3_TCACGGGGTCGAGCTC-1,donor3,11
donor3_TCACGGGGTGATGGCA-1,donor3,12
donor3_TCACGGGTCAGAGTGG-1,donor3,9
donor3_TCACGGGTCCCTCTCC-1,donor3,11
donor3_TCACGGGTCCGATTAG-1,donor3,11
donor3_TCACGGGTCGGCTGTG-1,donor3,6
donor3_TCACGGGTCGTAGTGT-1,donor3,10
donor3_TCACTATAGAACTGAT-1,donor3,11
donor3_TCACTATCACGCTATA-1,donor3,10
donor3_TCACTATCAGTCTGGC-1,donor3,10
donor3_TCACTATGTCAAGGCA-1,donor3,9
donor3_TCACTATGTCGAACGA-1,donor3,9
donor3_TCACTATGTGAGATCG-1,donor3,12
donor3_TCACTATTCAGCTTGA-1,donor3,9
donor3_TCACTATTCCACCCTA-1,donor3,11
donor3_TCACTATTCTATTGTC-1,donor3,14
donor3_TCACTCGAGCGTGTTT-1,donor3,11
donor3_TCACTCGAGGCCCGTT-1,donor3,9
donor3_TCACTCGCAACCGCTG-1,donor3,12
donor3_TCACTCGCAATACAGA-1,donor3,6
donor3_TCACTCGCACACCGAC-1,donor3,11
donor3_TCACTCGCACGCTGTG-1,donor3,9
donor3_TCACTCGGTACGCGTC-1,donor3,10
donor3_TCACTCGTCGGCTATA-1,donor3,12
donor3_TCAGCAAAGGTCTACT-1,donor3,10
donor3_TCAGCAACAACATCGT-1,donor3,11
donor3_TCAGCAACAGAGTCTT-1,donor3,9
donor3_TCAGCAACATACGCAT-1,donor3,6
donor3_TCAGCAACATCTTAGG-1,donor3,9
donor3_TCAGCAAGTATGCGGA-1,donor3,10
donor3_TCAGCAAGTTCCTAGA-1,donor3,9
donor3_TCAGCAATCGGTAACT-1,donor3,12
donor3_TCAGCAATCTACCAGA-1,donor3,10
donor3_TCAGCCTAGAATCGAT-1,donor3,12
donor3_TCAGCCTAGATCCTAC-1,donor3,6
donor3_TCAGCCTAGCCATGCC-1,donor3,9
donor3_TCAGCCTAGGTCACTT-1,donor3,9
donor3_TCAGCCTGTAATTAGG-1,donor3,9
donor3_TCAGCCTGTGAAAGTT-1,donor3,26
donor3_TCAGCCTGTGTCCGTG-1,donor3,10
donor3_TCAGCCTGTTGGGATG-1,donor3,14
donor3_TCAGCCTGTTGTCAGT-1,donor3,12
donor3_TCAGCCTTCTAGTCAG-1,donor3,9
donor3_TCAGGGCAGAAATGGG-1,donor3,26
donor3_TCAGGGCAGACCATAA-1,donor3,10
donor3_TCAGGGCAGATGGCGT-1,donor3,6
donor3_TCAGGGCAGCAGTACG-1,donor3,7
donor3_TCAGGGCAGTGGAAAG-1,donor3,20
donor3_TCAGGGCCAATGAGCG-1,donor3,12
donor3_TCAGGGCGTACAAGTA-1,donor3,10
donor3_TCAGGGCTCAAGGTGG-1,donor3,9
donor3_TCAGGGCTCAGTCCGG-1,donor3,1
donor3_TCAGGTAAGCCTAGGA-1,donor3,12
donor3_TCAGGTAAGCGTTAGG-1,donor3,9
donor3_TCAGGTAAGGATGCGT-1,donor3,12
donor3_TCAGGTAGTTTGTGGT-1,donor3,6
donor3_TCAGGTATCATGCCAA-1,donor3,6
donor3_TCAGGTATCTCTATAC-1,donor3,10
donor3_TCAGTCCAGGATTACA-1,donor3,9
donor3_TCAGTCCAGGTGCCAA-1,donor3,10
donor3_TCAGTCCCAAATTAGG-1,donor3,10
donor3_TCAGTCCCACTGAGGA-1,donor3,21
donor3_TCAGTCCGTCCCTGTT-1,donor3,9
donor3_TCAGTCCGTGCATGTT-1,donor3,10
donor3_TCAGTCCGTTAAGGGC-1,donor3,10
donor3_TCAGTCCTCCAAAGGG-1,donor3,12
donor3_TCAGTCCTCCGTGGCA-1,donor3,6
donor3_TCAGTCCTCGCATGAT-1,donor3,11
donor3_TCAGTCCTCTTCCAGC-1,donor3,9
donor3_TCAGTGACATTCTGTT-1,donor3,9
donor3_TCAGTGAGTTCTCGTC-1,donor3,12
donor3_TCAGTGATCACCTTAT-1,donor3,10
donor3_TCAGTTTAGCTCAGAG-1,donor3,9
donor3_TCAGTTTCACAGTGAG-1,donor3,11
donor3_TCAGTTTCAGACCGCT-1,donor3,11
donor3_TCAGTTTGTCGTGGTC-1,donor3,12
donor3_TCATACTAGACTCTAC-1,donor3,6
donor3_TCATACTAGCATAGGC-1,donor3,11
donor3_TCATACTAGGATGGCT-1,donor3,9
donor3_TCATACTAGGTAGATT-1,donor3,12
donor3_TCATACTAGTTGTACC-1,donor3,11
donor3_TCATACTCACTTGGGC-1,donor3,11
donor3_TCATACTTCCACTGGG-1,donor3,20
donor3_TCATATCAGGACATCG-1,donor3,9
donor3_TCATATCCACAAACGG-1,donor3,12
donor3_TCATATCCAGAGATGC-1,donor3,11
donor3_TCATATCGTCCAAATC-1,donor3,1
donor3_TCATATCGTCTAGATC-1,donor3,12
donor3_TCATATCTCTATCGTT-1,donor3,14
donor3_TCATCATAGCACAAAT-1,donor3,23
donor3_TCATCATAGCGGACAT-1,donor3,12
donor3_TCATCATAGCGGTATG-1,donor3,9
donor3_TCATCATCAGCGTGAA-1,donor3,6
donor3_TCATCATGTAGAGATT-1,donor3,12
donor3_TCATCATGTGCACAAG-1,donor3,9
donor3_TCATCATGTGGACTGA-1,donor3,10
donor3_TCATCATGTTCAAACC-1,donor3,11
donor3_TCATCATTCATGCATG-1,donor3,14
donor3_TCATCATTCCTGATAG-1,donor3,11
donor3_TCATCCGAGACCACGA-1,donor3,12
donor3_TCATCCGCAACAACAA-1,donor3,10
donor3_TCATCCGCAGCTGTCG-1,donor3,11
donor3_TCATCCGCATTGCCGG-1,donor3,6
donor3_TCATCCGGTAGATTGA-1,donor3,9
donor3_TCATCCGTCAGACAAA-1,donor3,10
donor3_TCATCCGTCGTGCAGC-1,donor3,9
donor3_TCATGAGAGATTGCGG-1,donor3,10
donor3_TCATGAGAGGGACTGT-1,donor3,9
donor3_TCATGAGAGTGCAGCA-1,donor3,9
donor3_TCATGAGCACTGATTG-1,donor3,9
donor3_TCATGAGCAGTCCGTG-1,donor3,12
donor3_TCATGAGGTTCCGCTT-1,donor3,10
donor3_TCATGAGTCAACTTTC-1,donor3,12
donor3_TCATGCCAGAGCCATG-1,donor3,10
donor3_TCATGCCAGGTAAGTT-1,donor3,21
donor3_TCATGCCAGTATGAAC-1,donor3,9
donor3_TCATGCCCACTGCGAC-1,donor3,9
donor3_TCATGCCGTACGAGCA-1,donor3,0
donor3_TCATGCCGTCAAAGTA-1,donor3,10
donor3_TCATGCCTCACTGTCC-1,donor3,10
donor3_TCATGGAAGAGTTCGG-1,donor3,11
donor3_TCATGGAAGCGTATGG-1,donor3,12
donor3_TCATGGAAGTTCATCG-1,donor3,7
donor3_TCATGGACAGGAGACT-1,donor3,9
donor3_TCATGGAGTCTTGCTC-1,donor3,12
donor3_TCATGGAGTGCAACGA-1,donor3,11
donor3_TCATGGAGTTCACCGG-1,donor3,10
donor3_TCATGTTAGCAAATCA-1,donor3,11
donor3_TCATGTTAGCCGCTTG-1,donor3,11
donor3_TCATGTTAGGTAAACT-1,donor3,11
donor3_TCATGTTCAAACCATC-1,donor3,12
donor3_TCATGTTCACATATGC-1,donor3,10
donor3_TCATGTTCATGGGTCC-1,donor3,23
donor3_TCATGTTGTCTTCTAT-1,donor3,14
donor3_TCATGTTGTGCCGTAC-1,donor3,11
donor3_TCATGTTGTTGCATTG-1,donor3,6
donor3_TCATGTTGTTGGGACA-1,donor3,9
donor3_TCATGTTTCCTGTAAG-1,donor3,9
donor3_TCATTACAGAGAGCAA-1,donor3,6
donor3_TCATTACAGAGATGCC-1,donor3,9
donor3_TCATTACAGGAGAATG-1,donor3,10
donor3_TCATTACAGTTACGTC-1,donor3,12
donor3_TCATTACCAGAGTCTT-1,donor3,12
donor3_TCATTACTCCGAGGCT-1,donor3,12
donor3_TCATTACTCGCTCTAC-1,donor3,12
donor3_TCATTCAAGCGGATCA-1,donor3,9
donor3_TCATTCAAGTAAGAGG-1,donor3,12
donor3_TCATTCACAGCATCTA-1,donor3,12
donor3_TCATTCAGTAGGATAT-1,donor3,12
donor3_TCATTCAGTCGATTCA-1,donor3,9
donor3_TCATTCATCAGACTGT-1,donor3,9
donor3_TCATTCATCATGTCTT-1,donor3,12
donor3_TCATTGTGTAGACGGT-1,donor3,12
donor3_TCATTGTGTCAGGTGA-1,donor3,6
donor3_TCATTGTTCACGGGCT-1,donor3,11
donor3_TCATTGTTCGCATAGT-1,donor3,12
donor3_TCATTGTTCGTGGGTC-1,donor3,12
donor3_TCATTGTTCTGGGAGA-1,donor3,10
donor3_TCATTTGAGCGTGCTC-1,donor3,12
donor3_TCATTTGCACTTGTGA-1,donor3,12
donor3_TCATTTGGTCGGTGTC-1,donor3,7
donor3_TCATTTGGTTTCTTAC-1,donor3,9
donor3_TCATTTGTCACTTGGA-1,donor3,9
donor3_TCATTTGTCCTCTTTC-1,donor3,7
donor3_TCATTTGTCGACGTCG-1,donor3,11
donor3_TCATTTGTCGGTCGAC-1,donor3,0
donor3_TCCACCAAGCGTACAG-1,donor3,12
donor3_TCCACCAAGTCACGCC-1,donor3,11
donor3_TCCACCACAATCGCGC-1,donor3,10
donor3_TCCACCACAGCCCAGT-1,donor3,11
donor3_TCCACCACATAGTCGT-1,donor3,6
donor3_TCCACCATCCCTCTCC-1,donor3,6
donor3_TCCACCATCGAGCCTG-1,donor3,11
donor3_TCCACCATCGAGTGGA-1,donor3,11
donor3_TCCACGTAGATGCTTC-1,donor3,11
donor3_TCCACGTAGTTTCTTC-1,donor3,11
donor3_TCCACGTCAACGACAG-1,donor3,9
donor3_TCCACGTCAGACACAG-1,donor3,10
donor3_TCCACGTCAGATACTC-1,donor3,11
donor3_TCCACGTTCACCTACC-1,donor3,6
donor3_TCCACGTTCCACCTCA-1,donor3,12
donor3_TCCACGTTCTGTCGCT-1,donor3,9
donor3_TCCAGAAAGAACGCGT-1,donor3,9
donor3_TCCAGAAAGAGCAGAA-1,donor3,12
donor3_TCCAGAAAGAGCCGAT-1,donor3,9
donor3_TCCAGAAAGCAGCAGT-1,donor3,10
donor3_TCCAGAAGTAACGATA-1,donor3,9
donor3_TCCAGAAGTTCAGCGC-1,donor3,9
donor3_TCCAGAATCCTGTTAT-1,donor3,9
donor3_TCCAGAATCGAACGGA-1,donor3,10
donor3_TCCAGAATCTCCTGTG-1,donor3,12
donor3_TCCAGAATCTGGACCG-1,donor3,6
donor3_TCCATCGAGAGTCCGA-1,donor3,14
donor3_TCCATCGAGGAGAGGC-1,donor3,14
donor3_TCCATCGAGGTTGTTC-1,donor3,10
donor3_TCCATCGCAACAGATA-1,donor3,10
donor3_TCCATCGCACAGCCTG-1,donor3,1
donor3_TCCATCGCACGTCGGT-1,donor3,11
donor3_TCCATCGGTAGGCTCC-1,donor3,23
donor3_TCCATCGGTATATGGA-1,donor3,6
donor3_TCCATCGGTCAAGGCA-1,donor3,12
donor3_TCCATCGGTCTGTGGC-1,donor3,9
donor3_TCCATCGGTTCCAGGC-1,donor3,12
donor3_TCCATGCAGGATTACA-1,donor3,9
donor3_TCCATGCAGTTTCGGT-1,donor3,9
donor3_TCCATGCCACTGTCGG-1,donor3,11
donor3_TCCATGCCATCCGAGC-1,donor3,7
donor3_TCCATGCCATGAAGCG-1,donor3,6
donor3_TCCATGCGTAACCAGG-1,donor3,11
donor3_TCCATGCGTCAGTCTA-1,donor3,22
donor3_TCCATGCGTGACTGAG-1,donor3,9
donor3_TCCATGCGTTAGAGAT-1,donor3,9
donor3_TCCATGCTCCAGCAAT-1,donor3,6
donor3_TCCATGCTCTTCCTAA-1,donor3,10
donor3_TCCCACAAGGAAGTAG-1,donor3,9
donor3_TCCCACAAGGGTAATT-1,donor3,14
donor3_TCCCACAAGTGAGTTA-1,donor3,10
donor3_TCCCACAAGTTAGTGA-1,donor3,10
donor3_TCCCACACAGAGCCCT-1,donor3,9
donor3_TCCCACACAGCGTTTA-1,donor3,11
donor3_TCCCACACAGGACATG-1,donor3,9
donor3_TCCCACAGTCTGTGGC-1,donor3,11
donor3_TCCCACAGTTATGTGC-1,donor3,12
donor3_TCCCACAGTTCGGGTC-1,donor3,11
donor3_TCCCACATCGGTCTGG-1,donor3,9
donor3_TCCCACATCTAACACG-1,donor3,12
donor3_TCCCAGTAGCACAAAT-1,donor3,9
donor3_TCCCAGTCAAGAGGCT-1,donor3,9
donor3_TCCCAGTCAATTGTGC-1,donor3,6
donor3_TCCCAGTCAGATTTCG-1,donor3,9
donor3_TCCCAGTCAGGGTCTC-1,donor3,10
donor3_TCCCAGTCATGACAGG-1,donor3,14
donor3_TCCCAGTGTATCCCTC-1,donor3,10
donor3_TCCCAGTGTGCCGTAC-1,donor3,10
donor3_TCCCAGTGTTGCCAAT-1,donor3,12
donor3_TCCCAGTTCATCTGTT-1,donor3,6
donor3_TCCCAGTTCGATAACC-1,donor3,9
donor3_TCCCATGAGATTGTGA-1,donor3,11
donor3_TCCCATGAGCGAGAAA-1,donor3,6
donor3_TCCCATGCAACTACGT-1,donor3,10
donor3_TCCCATGCAGGCGATA-1,donor3,6
donor3_TCCCATGCATGACACT-1,donor3,6
donor3_TCCCATGGTCTTCTAT-1,donor3,10
donor3_TCCCATGTCAGCGTCG-1,donor3,6
donor3_TCCGAAAAGCGCATCC-1,donor3,12
donor3_TCCGAAAAGTCGGCCT-1,donor3,23
donor3_TCCGAAACACCCTAGG-1,donor3,11
donor3_TCCGAAACACTTGTGA-1,donor3,12
donor3_TCCGAAACAGCTTCGG-1,donor3,9
donor3_TCCGAAAGTCTCTCCA-1,donor3,9
donor3_TCCGAAAGTTAAGACA-1,donor3,7
donor3_TCCGAAATCAACACGT-1,donor3,10
donor3_TCCGAAATCCGCTGTT-1,donor3,11
donor3_TCCGAAATCTGAGGTT-1,donor3,12
donor3_TCCGAAATCTGTGCGG-1,donor3,12
donor3_TCCGAAATCTTACCAT-1,donor3,12
donor3_TCCGATCAGCAATAGT-1,donor3,12
donor3_TCCGATCAGCGTTCCG-1,donor3,6
donor3_TCCGATCCAACACAAA-1,donor3,10
donor3_TCCGATCCAAGGGTCA-1,donor3,6
donor3_TCCGATCCAATTCTTC-1,donor3,7
donor3_TCCGATCCACTGTGAT-1,donor3,6
donor3_TCCGATCCATTGCAAC-1,donor3,6
donor3_TCCGATCTCGAGTCTA-1,donor3,6
donor3_TCCGATCTCGTAGTCA-1,donor3,26
donor3_TCCGATCTCTATCGTT-1,donor3,12
donor3_TCCGATCTCTGTACAG-1,donor3,10
donor3_TCCGGGAAGGGTACAC-1,donor3,9
donor3_TCCGGGAAGTACAGAT-1,donor3,6
donor3_TCCGGGACAACAAAGT-1,donor3,12
donor3_TCCGGGACACAGTCAT-1,donor3,1
donor3_TCCGGGACAGTCACGC-1,donor3,11
donor3_TCCGGGAGTAAGGTCG-1,donor3,6
donor3_TCCGGGAGTATTTCCT-1,donor3,11
donor3_TCCGGGAGTCGCATTA-1,donor3,11
donor3_TCCGGGATCAGTCTTT-1,donor3,6
donor3_TCCGGGATCCACTGGG-1,donor3,9
donor3_TCCGGGATCCGATAGT-1,donor3,9
donor3_TCCGGGATCGCATAGT-1,donor3,17
donor3_TCCGGGATCGGTCACG-1,donor3,12
donor3_TCCGGGATCTTAGGAC-1,donor3,6
donor3_TCCGTGTCAAGAGAGA-1,donor3,23
donor3_TCCGTGTCATCGGAAG-1,donor3,6
donor3_TCCGTGTCATTAAAGG-1,donor3,20
donor3_TCCGTGTGTAGCGTCC-1,donor3,6
donor3_TCCGTGTGTGTCCGTG-1,donor3,10
donor3_TCCTAATAGACCAAAT-1,donor3,14
donor3_TCCTAATAGCAACCAG-1,donor3,10
donor3_TCCTAATCAGGATCTT-1,donor3,9
donor3_TCCTCCCAGATGGCGT-1,donor3,11
donor3_TCCTCCCCAAATGAAC-1,donor3,12
donor3_TCCTCCCGTCCAGTTA-1,donor3,6
donor3_TCCTCCCGTGCAATAA-1,donor3,11
donor3_TCCTCCCTCGCCGATG-1,donor3,7
donor3_TCCTCCCTCTTTACAC-1,donor3,6
donor3_TCCTCGACACACGGAA-1,donor3,6
donor3_TCCTCGATCGTAACTG-1,donor3,10
donor3_TCCTCTTAGACTTCAC-1,donor3,11
donor3_TCCTCTTAGGACAACC-1,donor3,10
donor3_TCCTCTTAGTGCACAG-1,donor3,9
donor3_TCCTCTTCAATCAGCT-1,donor3,11
donor3_TCCTCTTCACATGAAA-1,donor3,9
donor3_TCCTCTTCACCCTCTA-1,donor3,12
donor3_TCCTCTTCACGAAAGC-1,donor3,9
donor3_TCCTCTTCACGGCACT-1,donor3,12
donor3_TCCTCTTCACTACTTT-1,donor3,10
donor3_TCCTCTTGTCGCGTTG-1,donor3,6
donor3_TCCTCTTGTCTACACA-1,donor3,9
donor3_TCCTCTTGTGGACCAA-1,donor3,11
donor3_TCCTCTTGTTGTCCCT-1,donor3,10
donor3_TCCTCTTTCCAGGACC-1,donor3,12
donor3_TCCTGCAAGGCCATAG-1,donor3,9
donor3_TCCTGCAGTGAGAGGG-1,donor3,1
donor3_TCCTGCAGTGGCTAGA-1,donor3,6
donor3_TCCTGCAGTTCCCAAA-1,donor3,9
donor3_TCCTGCAGTTCGTACA-1,donor3,12
donor3_TCCTGCATCACTGCTC-1,donor3,12
donor3_TCCTGCATCTACGGTA-1,donor3,10
donor3_TCCTTCTAGCTTGTTG-1,donor3,12
donor3_TCCTTCTCAATAGGAT-1,donor3,12
donor3_TCCTTCTCAGAGGTTG-1,donor3,11
donor3_TCCTTCTCAGCATCTA-1,donor3,12
donor3_TCCTTCTCAGGGACTA-1,donor3,14
donor3_TCCTTCTCATGGACAG-1,donor3,10
donor3_TCCTTCTCATGGCTGC-1,donor3,9
donor3_TCCTTCTGTAGGTACG-1,donor3,14
donor3_TCCTTCTGTCAGACTT-1,donor3,6
donor3_TCCTTCTGTGCAGGAT-1,donor3,11
donor3_TCCTTCTGTGCCTACG-1,donor3,9
donor3_TCCTTCTGTGTGAATA-1,donor3,10
donor3_TCCTTCTTCAGGTGTT-1,donor3,6
donor3_TCCTTTCAGACGAGCT-1,donor3,9
donor3_TCCTTTCAGCTGACCC-1,donor3,12
donor3_TCCTTTCAGTTTAGGA-1,donor3,9
donor3_TCCTTTCCACTACAGT-1,donor3,12
donor3_TCCTTTCCATCGTTCC-1,donor3,14
donor3_TCCTTTCCATTGACAC-1,donor3,12
donor3_TCCTTTCGTGCATTTG-1,donor3,12
donor3_TCCTTTCTCGCTCCTA-1,donor3,10
donor3_TCGAACAAGTCGGCAA-1,donor3,10
donor3_TCGAACAAGTTGAAGT-1,donor3,6
donor3_TCGAACACACGACCTG-1,donor3,12
donor3_TCGAACACAGTTGCGC-1,donor3,14
donor3_TCGAACAGTGCAACAG-1,donor3,9
donor3_TCGAACAGTTCATCGA-1,donor3,9
donor3_TCGAACATCCCTCTAG-1,donor3,10
donor3_TCGAACATCGTACACA-1,donor3,6
donor3_TCGAAGTAGTGACCTT-1,donor3,7
donor3_TCGAAGTCAATACGAA-1,donor3,9
donor3_TCGAAGTCATCATCCC-1,donor3,10
donor3_TCGAAGTGTCTACAAC-1,donor3,23
donor3_TCGAAGTGTCTTTATC-1,donor3,12
donor3_TCGAAGTGTTGGGTTT-1,donor3,6
donor3_TCGAAGTGTTTGGCTA-1,donor3,12
donor3_TCGAAGTTCAACACCA-1,donor3,10
donor3_TCGAAGTTCGGCATTA-1,donor3,9
donor3_TCGACCTAGACCAGAC-1,donor3,14
donor3_TCGACCTAGGTTCCAT-1,donor3,10
donor3_TCGACCTAGTCGGCCT-1,donor3,10
donor3_TCGACCTCAAATTGCC-1,donor3,11
donor3_TCGACCTCAACACGAG-1,donor3,11
donor3_TCGACCTCAACTCGAT-1,donor3,11
donor3_TCGACCTCACTAACCA-1,donor3,9
donor3_TCGACCTCATGAAAGT-1,donor3,10
donor3_TCGACCTGTCAGCTTA-1,donor3,10
donor3_TCGACCTGTCAGGCAA-1,donor3,10
donor3_TCGACGGCAGCTTTGA-1,donor3,12
donor3_TCGACGGCAGGCGTTC-1,donor3,9
donor3_TCGACGGCATCGTCCT-1,donor3,9
donor3_TCGACGGTCACATACG-1,donor3,11
donor3_TCGACGGTCCTTCTAA-1,donor3,12
donor3_TCGACGGTCTTACCGC-1,donor3,9
donor3_TCGATTTAGAGCTGCA-1,donor3,10
donor3_TCGATTTCAAGGCTTT-1,donor3,12
donor3_TCGATTTCAATAACCC-1,donor3,10
donor3_TCGATTTCAGATGCGA-1,donor3,23
donor3_TCGATTTGTACAGAAT-1,donor3,6
donor3_TCGATTTGTATCAGGG-1,donor3,12
donor3_TCGATTTGTGACACGA-1,donor3,12
donor3_TCGATTTGTGGTTTAC-1,donor3,9
donor3_TCGATTTGTGTTCATG-1,donor3,9
donor3_TCGATTTGTTAGAAGT-1,donor3,10
donor3_TCGCACTAGAATCGCG-1,donor3,12
donor3_TCGCACTAGCTTGTGT-1,donor3,9
donor3_TCGCACTAGGAGTATT-1,donor3,12
donor3_TCGCACTAGTAGTGCG-1,donor3,14
donor3_TCGCACTAGTGGTGAC-1,donor3,6
donor3_TCGCACTCACAGGATG-1,donor3,10
donor3_TCGCACTCAGCTGAAG-1,donor3,6
donor3_TCGCACTCATGGAACG-1,donor3,6
donor3_TCGCACTGTCTGATAC-1,donor3,10
donor3_TCGCACTGTGATCGTT-1,donor3,10
donor3_TCGCACTTCGGTCAGC-1,donor3,9
donor3_TCGCAGGAGACCATAA-1,donor3,14
donor3_TCGCAGGAGATTAGCA-1,donor3,14
donor3_TCGCAGGAGGGCAGTT-1,donor3,11
donor3_TCGCAGGAGTCTCCTC-1,donor3,12
donor3_TCGCAGGCAAATACAG-1,donor3,6
donor3_TCGCAGGCAGACTCTA-1,donor3,12
donor3_TCGCAGGCATGCGGTC-1,donor3,10
donor3_TCGCAGGGTTCTCCAC-1,donor3,11
donor3_TCGCAGGTCGCTATTT-1,donor3,9
donor3_TCGCAGGTCTGAATGC-1,donor3,10
donor3_TCGCTCAAGATGCTAA-1,donor3,12
donor3_TCGCTCACACCTTCCA-1,donor3,6
donor3_TCGCTCACAGAGTAAT-1,donor3,9
donor3_TCGCTCATCAAGCTTG-1,donor3,9
donor3_TCGCTCATCACCCTCA-1,donor3,11
donor3_TCGCTCATCCATCAGA-1,donor3,14
donor3_TCGCTCATCCGATCTC-1,donor3,12
donor3_TCGCTCATCGAAATCC-1,donor3,12
donor3_TCGCTCATCGAGTCCG-1,donor3,23
donor3_TCGCTCATCGATGCAT-1,donor3,9
donor3_TCGCTCATCGTAGTGT-1,donor3,6
donor3_TCGCTTGCAGCTGTCG-1,donor3,12
donor3_TCGCTTGCATAGAGGC-1,donor3,6
donor3_TCGCTTGCATGAAGCG-1,donor3,9
donor3_TCGCTTGGTATCACGT-1,donor3,11
donor3_TCGCTTGGTCTCTCAC-1,donor3,7
donor3_TCGCTTGGTGAGTTTC-1,donor3,12
donor3_TCGCTTGGTTCCAGGC-1,donor3,9
donor3_TCGGATAAGGATTCAA-1,donor3,10
donor3_TCGGATACAATTGAGA-1,donor3,11
donor3_TCGGATAGTTCAGCTA-1,donor3,9
donor3_TCGGATATCACGAACT-1,donor3,9
donor3_TCGGATATCCATCTGC-1,donor3,9
donor3_TCGGATATCGAGCCTG-1,donor3,9
donor3_TCGGGACAGCACTCGC-1,donor3,10
donor3_TCGGGACCAACCTATG-1,donor3,12
donor3_TCGGGACCACCAAAGG-1,donor3,12
donor3_TCGGGACCACTTGGGC-1,donor3,11
donor3_TCGGGACCAGACCAGA-1,donor3,9
donor3_TCGGGACCAGCATCTA-1,donor3,12
donor3_TCGGGACCATCGGCCA-1,donor3,10
donor3_TCGGGACGTAAGGCTG-1,donor3,7
donor3_TCGGGACGTCTACACA-1,donor3,7
donor3_TCGGGACGTGCCTTTC-1,donor3,12
donor3_TCGGGACGTGCTCTTC-1,donor3,23
donor3_TCGGGACTCAGGAACG-1,donor3,9
donor3_TCGGGACTCGACCCAG-1,donor3,12
donor3_TCGGGACTCGGTTCAA-1,donor3,9
donor3_TCGGGACTCTTCTGTA-1,donor3,10
donor3_TCGGGCACACTTGGGC-1,donor3,12
donor3_TCGGGCAGTGATGTAA-1,donor3,10
donor3_TCGGGCATCCCGATCT-1,donor3,12
donor3_TCGGGCATCGTCAACA-1,donor3,11
donor3_TCGGGTGAGGCTAGCA-1,donor3,10
donor3_TCGGGTGCACCCAACG-1,donor3,6
donor3_TCGGGTGCAGTAACAA-1,donor3,9
donor3_TCGGTCTAGTCTAACC-1,donor3,11
donor3_TCGGTCTGTGAACGGT-1,donor3,6
donor3_TCGGTCTGTGGAGAAA-1,donor3,10
donor3_TCGGTCTGTTCTCTCG-1,donor3,10
donor3_TCGGTCTGTTCTTGCC-1,donor3,6
donor3_TCGGTCTGTTGCTCCT-1,donor3,10
donor3_TCGGTCTTCAACGAGG-1,donor3,12
donor3_TCGTAGAAGATACCAA-1,donor3,9
donor3_TCGTAGAAGCGCCCAT-1,donor3,6
donor3_TCGTAGACAAGGCTTT-1,donor3,10
donor3_TCGTAGACACCTAAAC-1,donor3,6
donor3_TCGTAGACATGATGCT-1,donor3,9
donor3_TCGTAGACATTGACTG-1,donor3,11
donor3_TCGTAGATCACAACCA-1,donor3,9
donor3_TCGTAGATCCCATGGG-1,donor3,11
donor3_TCGTAGATCGACCACG-1,donor3,10
donor3_TCGTAGATCGGAGTGA-1,donor3,10
donor3_TCGTAGATCTCTGAGA-1,donor3,11
donor3_TCGTCCAAGACCCTTA-1,donor3,14
donor3_TCGTCCAGTACAAGTA-1,donor3,10
donor3_TCGTCCAGTAGACTGG-1,donor3,9
donor3_TCGTCCAGTCAGGTGA-1,donor3,9
donor3_TCGTCCAGTGCCTAAT-1,donor3,6
donor3_TCGTCCAGTGGATCGA-1,donor3,11
donor3_TCGTCCATCCACCTCA-1,donor3,9
donor3_TCGTCCATCGGACTTA-1,donor3,9
donor3_TCGTCCATCTACGCGG-1,donor3,12
donor3_TCGTGCTCAGATCATC-1,donor3,10
donor3_TCGTGCTCATCGTCCT-1,donor3,10
donor3_TCGTGCTCATCTAGAC-1,donor3,14
donor3_TCGTGCTGTACTAAGA-1,donor3,11
donor3_TCGTGCTGTGATTAGA-1,donor3,12
donor3_TCGTGCTGTTGCCATA-1,donor3,6
donor3_TCGTGCTTCATTTGGG-1,donor3,10
donor3_TCGTGGGAGATGATTG-1,donor3,6
donor3_TCGTGGGCAAATAGCA-1,donor3,10
donor3_TCGTGGGCAGACAAAT-1,donor3,6
donor3_TCGTGGGGTTAGGCTT-1,donor3,9
donor3_TCGTGGGTCATACGGT-1,donor3,10
donor3_TCGTGGGTCCATAGGT-1,donor3,10
donor3_TCGTGGGTCCCAGGCA-1,donor3,9
donor3_TCGTGGGTCCTACAAG-1,donor3,9
donor3_TCGTGGGTCTCGTGGG-1,donor3,10
donor3_TCTAACTAGAACTTCC-1,donor3,12
donor3_TCTAACTAGGCATCTT-1,donor3,6
donor3_TCTAACTAGTGTAGAT-1,donor3,10
donor3_TCTAACTCACTTCAGA-1,donor3,10
donor3_TCTAACTCAGAACTTC-1,donor3,9
donor3_TCTAACTGTGACCGAA-1,donor3,10
donor3_TCTAACTGTGTTGACT-1,donor3,9
donor3_TCTAACTGTTGGTGTT-1,donor3,9
donor3_TCTAACTTCGACACTA-1,donor3,10
donor3_TCTAACTTCTGCTTTA-1,donor3,9
donor3_TCTACATAGCTTCATG-1,donor3,9
donor3_TCTACATCAGAGGCAT-1,donor3,6
donor3_TCTACATGTATAGCTC-1,donor3,11
donor3_TCTACATGTCATAGTC-1,donor3,14
donor3_TCTACATGTCGCCACA-1,donor3,11
donor3_TCTACATGTGACTAAA-1,donor3,12
donor3_TCTACATTCAACCCGG-1,donor3,9
donor3_TCTACATTCGTTCTGC-1,donor3,9
donor3_TCTACATTCTCATTGT-1,donor3,9
donor3_TCTACCGAGTAGATCA-1,donor3,12
donor3_TCTACCGAGTTTCGAC-1,donor3,10
donor3_TCTACCGCAAGGTACG-1,donor3,9
donor3_TCTACCGCAGAGAAAG-1,donor3,6
donor3_TCTACCGGTAGAGATT-1,donor3,10
donor3_TCTACCGGTCGAACAG-1,donor3,12
donor3_TCTACCGTCAGAACCT-1,donor3,12
donor3_TCTACCGTCGCGTTTC-1,donor3,11
donor3_TCTACCGTCTGGCCTT-1,donor3,10
donor3_TCTACCGTCTGTACAG-1,donor3,11
donor3_TCTATACAGAATTGTG-1,donor3,10
donor3_TCTATACAGCAGCCTC-1,donor3,9
donor3_TCTATACAGGAGGGTG-1,donor3,12
donor3_TCTATACCAAATCCCA-1,donor3,10
donor3_TCTATACCATTCCTAT-1,donor3,9
donor3_TCTATACGTCGACTTA-1,donor3,12
donor3_TCTATACGTTGGAGGT-1,donor3,0
donor3_TCTATACGTTGTTGAC-1,donor3,9
donor3_TCTATACGTTTCAGAC-1,donor3,11
donor3_TCTATACTCACCCATC-1,donor3,9
donor3_TCTATACTCATCACTT-1,donor3,7
donor3_TCTATCAAGCATCAAA-1,donor3,11
donor3_TCTATCAAGTCATGAA-1,donor3,9
donor3_TCTATCAAGTCTTCCC-1,donor3,6
donor3_TCTATCAGTACTAAGA-1,donor3,9
donor3_TCTATCAGTGTGTACT-1,donor3,10
donor3_TCTATCATCAGTCTTT-1,donor3,14
donor3_TCTATCATCATTTCGT-1,donor3,11
donor3_TCTATCATCTAGCAAC-1,donor3,10
donor3_TCTCACGAGCGGTAGT-1,donor3,9
donor3_TCTCACGAGTTTGCTG-1,donor3,11
donor3_TCTCACGCAAACTCTG-1,donor3,9
donor3_TCTCACGCAATCTCGA-1,donor3,11
donor3_TCTCACGCACTTGGCG-1,donor3,7
donor3_TCTCACGGTGTGTCCG-1,donor3,12
donor3_TCTCACGGTGTTGAGG-1,donor3,9
donor3_TCTCACGTCCCATGGG-1,donor3,6
donor3_TCTCACGTCGTGTTCC-1,donor3,10
donor3_TCTCAGCAGCTAATGA-1,donor3,11
donor3_TCTCAGCAGGAGTACC-1,donor3,9
donor3_TCTCAGCAGGTTGACG-1,donor3,12
donor3_TCTCAGCAGTGCACCC-1,donor3,6
donor3_TCTCAGCAGTGCCCGT-1,donor3,12
donor3_TCTCAGCCAGAGGCAT-1,donor3,12
donor3_TCTCAGCCAGCTCGGT-1,donor3,1
donor3_TCTCAGCGTCACTCAA-1,donor3,10
donor3_TCTCAGCGTTGGCCTG-1,donor3,0
donor3_TCTCAGCTCAACGCTA-1,donor3,11
donor3_TCTCAGCTCATTGTTC-1,donor3,12
donor3_TCTCAGCTCGAAGCCC-1,donor3,9
donor3_TCTCCGAAGCAACCAG-1,donor3,14
donor3_TCTCCGACAAAGAACT-1,donor3,11
donor3_TCTCCGAGTAGCGAGT-1,donor3,21
donor3_TCTCCGAGTTGGGTTT-1,donor3,9
donor3_TCTCCGAGTTTCGCTC-1,donor3,10
donor3_TCTCTGGCAACAACAA-1,donor3,6
donor3_TCTCTGGCAAGCTGTT-1,donor3,6
donor3_TCTCTGGCAAGTCCAT-1,donor3,9
donor3_TCTCTGGGTAGTCTGT-1,donor3,10
donor3_TCTCTGGGTATGCGTT-1,donor3,9
donor3_TCTCTGGGTCCGGACT-1,donor3,10
donor3_TCTCTGGGTGCTAGCC-1,donor3,9
donor3_TCTCTGGGTGCTTCAA-1,donor3,26
donor3_TCTCTGGGTTTGATCG-1,donor3,12
donor3_TCTCTGGTCAAGAGGC-1,donor3,6
donor3_TCTCTGGTCATGCCCT-1,donor3,11
donor3_TCTCTGGTCGACGCTG-1,donor3,11
donor3_TCTCTGGTCGCGCCAA-1,donor3,9
donor3_TCTCTGGTCTAAGAAG-1,donor3,12
donor3_TCTCTGGTCTTGGATG-1,donor3,9
donor3_TCTCTGGTCTTTCGAT-1,donor3,12
donor3_TCTGCCAAGACAACAT-1,donor3,9
donor3_TCTGCCAAGCTCCGAC-1,donor3,6
donor3_TCTGCCAAGGAATGTT-1,donor3,12
donor3_TCTGCCAAGTCGGCCT-1,donor3,21
donor3_TCTGCCAAGTGCGCTC-1,donor3,9
donor3_TCTGCCACAGTTGTTG-1,donor3,12
donor3_TCTGCCAGTAAGATAC-1,donor3,12
donor3_TCTGCCAGTGCGTGCT-1,donor3,6
donor3_TCTGCCATCGCGTGAC-1,donor3,10
donor3_TCTGCCATCTGTCAGA-1,donor3,11
donor3_TCTGGCTAGCAACTTC-1,donor3,10
donor3_TCTGGCTCACACAGAG-1,donor3,11
donor3_TCTGGCTCACAGTACT-1,donor3,11
donor3_TCTGGCTCAGAGGCTA-1,donor3,9
donor3_TCTGGCTCAGCGTGAA-1,donor3,6
donor3_TCTGGCTCAGGAGGTT-1,donor3,6
donor3_TCTGGCTCAGTAGTTC-1,donor3,12
donor3_TCTGGCTGTAGGATAT-1,donor3,10
donor3_TCTGGCTGTCAGGAGT-1,donor3,12
donor3_TCTGGCTGTCGGTGAA-1,donor3,26
donor3_TCTGGCTGTGAGTGAC-1,donor3,11
donor3_TCTGGCTGTTCCAAAC-1,donor3,9
donor3_TCTGGCTTCAACCCGG-1,donor3,12
donor3_TCTGTCGAGACATCCT-1,donor3,12
donor3_TCTGTCGAGCCTGTGC-1,donor3,10
donor3_TCTGTCGAGGCATCAG-1,donor3,9
donor3_TCTGTCGCAGGTGACA-1,donor3,9
donor3_TCTGTCGCATGCGGTC-1,donor3,14
donor3_TCTGTCGTCACCCATC-1,donor3,9
donor3_TCTGTCGTCGATTGGT-1,donor3,11
donor3_TCTTAGTAGCGCAATG-1,donor3,6
donor3_TCTTAGTAGTATAGGT-1,donor3,9
donor3_TCTTAGTCAACCCGCA-1,donor3,10
donor3_TCTTAGTCAAGCGAGT-1,donor3,6
donor3_TCTTAGTCACAACGTT-1,donor3,9
donor3_TCTTAGTCACATAGCT-1,donor3,9
donor3_TCTTAGTGTACAGAAT-1,donor3,9
donor3_TCTTAGTGTACAGCGA-1,donor3,10
donor3_TCTTAGTGTGACTGAG-1,donor3,9
donor3_TCTTAGTGTTACCCTC-1,donor3,7
donor3_TCTTAGTGTTTGTTCT-1,donor3,11
donor3_TCTTAGTTCCACTGGG-1,donor3,11
donor3_TCTTAGTTCCCAAGTA-1,donor3,10
donor3_TCTTCCTAGGAACTAT-1,donor3,20
donor3_TCTTCCTAGTTCTCTT-1,donor3,3
donor3_TCTTCCTCAAAGAGTT-1,donor3,10
donor3_TCTTCCTCAGATGCGA-1,donor3,11
donor3_TCTTCCTCAGCCTTCT-1,donor3,9
donor3_TCTTCCTGTAGAGTTA-1,donor3,6
donor3_TCTTCCTGTCGTATGT-1,donor3,11
donor3_TCTTCCTTCAAGCGTT-1,donor3,6
donor3_TCTTCCTTCCGTATGA-1,donor3,9
donor3_TCTTGCGAGAGTTCGG-1,donor3,11
donor3_TCTTGCGAGATCCCAT-1,donor3,9
donor3_TCTTGCGAGTTGCCTA-1,donor3,9
donor3_TCTTGCGCAATATCCG-1,donor3,9
donor3_TCTTGCGCACTAACGT-1,donor3,23
donor3_TCTTGCGCAGGGAGAG-1,donor3,10
donor3_TCTTGCGCAGTGCCTG-1,donor3,14
donor3_TCTTGCGGTTCATCGA-1,donor3,14
donor3_TCTTGCGTCCCTCTTT-1,donor3,12
donor3_TCTTGCGTCGCCTTTG-1,donor3,11
donor3_TCTTTGAAGAAGCGGG-1,donor3,1
donor3_TCTTTGAAGCTCCCTT-1,donor3,10
donor3_TCTTTGAAGCTTAGTC-1,donor3,9
donor3_TCTTTGAAGTCTAGCT-1,donor3,14
donor3_TCTTTGAAGTGCAAAT-1,donor3,10
donor3_TCTTTGACAACAACAA-1,donor3,12
donor3_TCTTTGACACAAATAG-1,donor3,12
donor3_TCTTTGACACGTCTCT-1,donor3,9
donor3_TCTTTGAGTAATTAGG-1,donor3,9
donor3_TCTTTGAGTATGAGGC-1,donor3,6
donor3_TCTTTGAGTATGCTTG-1,donor3,12
donor3_TCTTTGAGTCGTTTCC-1,donor3,9
donor3_TGAACGTAGCTGACTT-1,donor3,10
donor3_TGAACGTAGGATTACA-1,donor3,21
donor3_TGAACGTAGGGATCAC-1,donor3,9
donor3_TGAACGTAGTATGCAA-1,donor3,12
donor3_TGAACGTAGTCACACT-1,donor3,10
donor3_TGAACGTCACCGCTGA-1,donor3,9
donor3_TGAACGTCACTGCTTC-1,donor3,21
donor3_TGAACGTCAGAAATCA-1,donor3,11
donor3_TGAACGTGTCAACCTA-1,donor3,11
donor3_TGAACGTGTCCAAAGG-1,donor3,9
donor3_TGAACGTGTCGGCTAC-1,donor3,6
donor3_TGAACGTGTGGATTTC-1,donor3,9
donor3_TGAACGTTCATTACCT-1,donor3,23
donor3_TGAACGTTCGTGACTA-1,donor3,12
donor3_TGAATCGAGAGGCTGT-1,donor3,11
donor3_TGAATCGAGGCAATGC-1,donor3,7
donor3_TGAATCGAGTAATACG-1,donor3,6
donor3_TGAATCGCAAGGAGTC-1,donor3,10
donor3_TGAATCGCACTTGTCC-1,donor3,10
donor3_TGAATCGCAGAGATGC-1,donor3,14
donor3_TGAATCGCAGAGGCTA-1,donor3,10
donor3_TGAATCGCAGTGCGCT-1,donor3,14
donor3_TGAATCGGTATCAAGA-1,donor3,12
donor3_TGAATCGGTCACTACA-1,donor3,12
donor3_TGAATCGGTCATAGTC-1,donor3,12
donor3_TGAATCGGTGGCTAGA-1,donor3,12
donor3_TGAATCGTCACCGGGT-1,donor3,10
donor3_TGAATCGTCGATCCAA-1,donor3,9
donor3_TGAATCGTCGGCTGAC-1,donor3,10
donor3_TGAATCGTCTCGTGAA-1,donor3,12
donor3_TGAATGCCAACCGCCA-1,donor3,12
donor3_TGAATGCCAATAACGA-1,donor3,12
donor3_TGAATGCCACAGAGCA-1,donor3,11
donor3_TGAATGCCATATCGGT-1,donor3,12
donor3_TGAATGCGTAGGTTTC-1,donor3,12
donor3_TGAATGCGTGACCTGC-1,donor3,6
donor3_TGAATGCGTGGGTCAA-1,donor3,6
donor3_TGAATGCGTTCCTAAG-1,donor3,6
donor3_TGAATGCTCCGACATA-1,donor3,10
donor3_TGACAGTAGCTCTATG-1,donor3,12
donor3_TGACAGTAGGAATGTT-1,donor3,6
donor3_TGACAGTAGGTCGAGT-1,donor3,11
donor3_TGACAGTCAAGATCCT-1,donor3,6
donor3_TGACAGTCAATCGAAA-1,donor3,11
donor3_TGACAGTCACCCTATC-1,donor3,10
donor3_TGACAGTGTAGCGTCC-1,donor3,9
donor3_TGACAGTGTATAATGG-1,donor3,11
donor3_TGACAGTGTCGAATGG-1,donor3,12
donor3_TGACAGTGTTAATGAG-1,donor3,11
donor3_TGACAGTTCTGTGCTC-1,donor3,11
donor3_TGACCCTAGAGTTGTA-1,donor3,11
donor3_TGACCCTAGCGTTCAT-1,donor3,6
donor3_TGACCCTCAATGACCT-1,donor3,10
donor3_TGACCCTGTCGTGATT-1,donor3,12
donor3_TGACCCTGTTTGGGAG-1,donor3,11
donor3_TGACGCGAGAGGCGTT-1,donor3,11
donor3_TGACGCGAGGTCCTGC-1,donor3,12
donor3_TGACGCGCACAGTACT-1,donor3,6
donor3_TGACGCGTCCTTCTAA-1,donor3,9
donor3_TGACGCGTCTCCCATG-1,donor3,12
donor3_TGACTCCAGCAATTAG-1,donor3,11
donor3_TGACTCCAGTAGGGTC-1,donor3,9
donor3_TGACTCCAGTGAGCCA-1,donor3,11
donor3_TGACTCCAGTGCTCGC-1,donor3,10
donor3_TGACTCCCACCTCGTT-1,donor3,0
donor3_TGACTCCCACCTTCGT-1,donor3,10
donor3_TGACTCCCACTACCGG-1,donor3,10
donor3_TGACTCCCAGCTTCCT-1,donor3,12
donor3_TGACTCCCAGGACAGT-1,donor3,11
donor3_TGACTCCGTCCTATAG-1,donor3,7
donor3_TGACTCCGTCTAACGT-1,donor3,6
donor3_TGACTCCGTTAAAGTG-1,donor3,12
donor3_TGACTCCTCACACCCT-1,donor3,11
donor3_TGACTCCTCATGTCAG-1,donor3,6
donor3_TGACTCCTCGTCCTTG-1,donor3,9
donor3_TGACTCCTCTGTCCCA-1,donor3,6
donor3_TGAGACTAGGGTGAGG-1,donor3,11
donor3_TGAGACTAGTACTCGT-1,donor3,10
donor3_TGAGACTGTCGTATGT-1,donor3,11
donor3_TGAGACTTCGGCATAT-1,donor3,6
donor3_TGAGCATAGAACCGCA-1,donor3,9
donor3_TGAGCATCACGCTGAC-1,donor3,10
donor3_TGAGCATCATAATCGC-1,donor3,12
donor3_TGAGCATCATCTCAAG-1,donor3,10
donor3_TGAGCATGTAGCTTAC-1,donor3,10
donor3_TGAGCATGTCAGTCTA-1,donor3,10
donor3_TGAGCATGTGGAACAC-1,donor3,6
donor3_TGAGCATGTTCCTAGA-1,donor3,11
donor3_TGAGCATTCGCCAGTG-1,donor3,14
donor3_TGAGCATTCGCCTAGG-1,donor3,6
donor3_TGAGCATTCGTTAGAC-1,donor3,6
donor3_TGAGCATTCTGTCAGA-1,donor3,12
donor3_TGAGCGCAGAGAGCGG-1,donor3,11
donor3_TGAGCGCAGCGTTGTT-1,donor3,10
donor3_TGAGCGCCATAGACTC-1,donor3,12
donor3_TGAGCGCCATTCTGTT-1,donor3,12
donor3_TGAGCGCGTGCCGAAA-1,donor3,6
donor3_TGAGCGCTCGGTTGTA-1,donor3,12
donor3_TGAGGAGAGGTGCGAT-1,donor3,9
donor3_TGAGGAGCAATTGAAG-1,donor3,11
donor3_TGAGGAGGTAGATCCT-1,donor3,10
donor3_TGAGGAGGTAGCGTTT-1,donor3,9
donor3_TGAGGAGGTCCGAAGA-1,donor3,9
donor3_TGAGGAGGTCGCTGCA-1,donor3,12
donor3_TGAGGAGGTCGTTATG-1,donor3,9
donor3_TGAGGAGGTTATGTCG-1,donor3,12
donor3_TGAGGAGTCCAAATGC-1,donor3,10
donor3_TGAGGGAAGAATCCCT-1,donor3,11
donor3_TGAGGGAAGAGTCACG-1,donor3,9
donor3_TGAGGGAAGCTAGATA-1,donor3,12
donor3_TGAGGGAAGGACTTCT-1,donor3,20
donor3_TGAGGGAAGTGGAAAG-1,donor3,10
donor3_TGAGGGACAGAACGCA-1,donor3,10
donor3_TGAGGGAGTGCCGGTT-1,donor3,11
donor3_TGAGGGAGTGGAATGC-1,donor3,9
donor3_TGAGGGATCGATTGGT-1,donor3,9
donor3_TGAGGTTAGAAACACT-1,donor3,11
donor3_TGAGGTTAGGAGTACC-1,donor3,9
donor3_TGAGGTTCACCGTGGT-1,donor3,12
donor3_TGAGGTTCAGATTTCG-1,donor3,9
donor3_TGAGGTTGTAGTGTGG-1,donor3,10
donor3_TGAGGTTGTATGCGGA-1,donor3,6
donor3_TGAGGTTGTGGGATTG-1,donor3,11
donor3_TGAGGTTGTTCAATCG-1,donor3,10
donor3_TGAGGTTGTTTGCCGG-1,donor3,10
donor3_TGAGGTTTCTGCTGAA-1,donor3,11
donor3_TGAGTCAAGCATGAAT-1,donor3,9
donor3_TGAGTCAAGGATTCCT-1,donor3,9
donor3_TGAGTCAAGGGTACGT-1,donor3,11
donor3_TGAGTCAAGGGTGGGA-1,donor3,12
donor3_TGAGTCAGTAGCGTCC-1,donor3,9
donor3_TGAGTCATCTTACCGC-1,donor3,10
donor3_TGATCAGAGAAGAACG-1,donor3,11
donor3_TGATCAGAGAGGTCGT-1,donor3,10
donor3_TGATCAGCAATACGAA-1,donor3,6
donor3_TGATCAGCAGCAATTC-1,donor3,9
donor3_TGATCAGCATGGTGGA-1,donor3,11
donor3_TGATCAGGTGTGTGTT-1,donor3,11
donor3_TGATCAGGTGTTAAAG-1,donor3,9
donor3_TGATCAGGTGTTTGCA-1,donor3,12
donor3_TGATCAGGTTCCCAAA-1,donor3,11
donor3_TGATCAGTCAAGATAG-1,donor3,12
donor3_TGATCTTAGGATTTCC-1,donor3,12
donor3_TGATCTTAGGGCCCTT-1,donor3,10
donor3_TGATCTTCAACCGTAT-1,donor3,9
donor3_TGATCTTCACAATGAA-1,donor3,10
donor3_TGATCTTCACCTGCTT-1,donor3,9
donor3_TGATCTTCAGATTTCG-1,donor3,12
donor3_TGATCTTGTATGACAA-1,donor3,14
donor3_TGATCTTTCCACTTCG-1,donor3,9
donor3_TGATCTTTCCGGTTCT-1,donor3,9
donor3_TGATCTTTCGCCGATG-1,donor3,12
donor3_TGATCTTTCTAAGAAG-1,donor3,9
donor3_TGATCTTTCTAGTACG-1,donor3,12
donor3_TGATCTTTCTCACTCG-1,donor3,12
donor3_TGATGCAAGCGATCGA-1,donor3,11
donor3_TGATGCAAGTCATGCT-1,donor3,11
donor3_TGATGCACAATTCTTC-1,donor3,14
donor3_TGATGCAGTCGGCACT-1,donor3,10
donor3_TGATGCAGTCGTCAGC-1,donor3,9
donor3_TGATGCAGTTAAGGGC-1,donor3,9
donor3_TGATGCATCAATGCAC-1,donor3,9
donor3_TGATGCATCTGATGGT-1,donor3,11
donor3_TGATGGTCAACTACGT-1,donor3,10
donor3_TGATGGTCAAGTAGTA-1,donor3,14
donor3_TGATGGTCAATAGAGT-1,donor3,6
donor3_TGATGGTCATACTTTC-1,donor3,6
donor3_TGATGGTCATCGATCA-1,donor3,10
donor3_TGATGGTGTCCCAAAT-1,donor3,9
donor3_TGATGGTGTGAATATG-1,donor3,9
donor3_TGATGGTGTGGCTGCT-1,donor3,9
donor3_TGATGGTTCATTTGGG-1,donor3,12
donor3_TGATTCTCAGCATCTA-1,donor3,11
donor3_TGATTCTGTAGATGTA-1,donor3,11
donor3_TGATTCTGTCGAATGG-1,donor3,6
donor3_TGATTCTGTGAATATG-1,donor3,9
donor3_TGATTCTGTGAGACCA-1,donor3,9
donor3_TGATTCTGTGAGCGAT-1,donor3,12
donor3_TGATTTCAGACGCATG-1,donor3,6
donor3_TGATTTCAGCTCTTCC-1,donor3,6
donor3_TGATTTCCAAATAAGC-1,donor3,11
donor3_TGATTTCCACGGATCC-1,donor3,9
donor3_TGATTTCCACTGCACG-1,donor3,12
donor3_TGATTTCCATAATGCC-1,donor3,9
donor3_TGATTTCGTAGACTGG-1,donor3,9
donor3_TGATTTCGTCTGTTAG-1,donor3,11
donor3_TGATTTCTCCACTGGG-1,donor3,11
donor3_TGATTTCTCCTTATCA-1,donor3,10
donor3_TGATTTCTCTTCGACC-1,donor3,6
donor3_TGCACGGAGCAAATGT-1,donor3,10
donor3_TGCACGGAGCCTAGGA-1,donor3,12
donor3_TGCACGGCACAATCTG-1,donor3,9
donor3_TGCACGGCACACTTAG-1,donor3,11
donor3_TGCACGGGTGGGTATG-1,donor3,0
donor3_TGCACGGGTTAGCGGA-1,donor3,12
donor3_TGCACGGGTTCGATTG-1,donor3,7
donor3_TGCACGGTCACCTACC-1,donor3,11
donor3_TGCACGGTCATCTGTT-1,donor3,23
donor3_TGCACGGTCGGCCCAA-1,donor3,10
donor3_TGCAGATAGACGCCAA-1,donor3,11
donor3_TGCAGATAGCACCTGC-1,donor3,12
donor3_TGCAGATAGCGTCAGA-1,donor3,12
donor3_TGCAGATAGGCCATAG-1,donor3,12
donor3_TGCAGATAGGTTGTTC-1,donor3,12
donor3_TGCAGATCAAACTAAG-1,donor3,9
donor3_TGCAGATCAATGCTCA-1,donor3,10
donor3_TGCAGATCACGCGTCA-1,donor3,14
donor3_TGCAGATCACTATCGA-1,donor3,7
donor3_TGCAGATCAGAGGTTG-1,donor3,11
donor3_TGCAGATTCGCCGTGA-1,donor3,10
donor3_TGCAGATTCTCTGACC-1,donor3,10
donor3_TGCAGGCAGTAGGGTC-1,donor3,11
donor3_TGCAGGCAGTTAACGA-1,donor3,9
donor3_TGCAGGCCACAACGTT-1,donor3,12
donor3_TGCAGGCCAGAGTTGG-1,donor3,11
donor3_TGCAGGCGTAAGATTG-1,donor3,10
donor3_TGCAGGCGTCTACGAT-1,donor3,6
donor3_TGCAGGCGTCTGTAGT-1,donor3,11
donor3_TGCAGGCGTGTCCATA-1,donor3,9
donor3_TGCAGGCTCAACACGT-1,donor3,9
donor3_TGCAGGCTCCGTATGA-1,donor3,9
donor3_TGCAGGCTCCTCTAAT-1,donor3,10
donor3_TGCAGGCTCGGATAAA-1,donor3,12
donor3_TGCAGGCTCTAAGAAG-1,donor3,10
donor3_TGCAGTAAGAGTCAGC-1,donor3,9
donor3_TGCAGTACAAGTGACG-1,donor3,9
donor3_TGCAGTAGTACAGCGA-1,donor3,10
donor3_TGCAGTAGTACTAGCT-1,donor3,10
donor3_TGCAGTAGTACTGCGC-1,donor3,10
donor3_TGCAGTAGTAGTTAGA-1,donor3,6
donor3_TGCAGTATCAACCTCC-1,donor3,12
donor3_TGCAGTATCCCTCTAG-1,donor3,9
donor3_TGCAGTATCCGAGGCT-1,donor3,12
donor3_TGCAGTATCTGCGGAC-1,donor3,23
donor3_TGCATCCAGACTGTTC-1,donor3,9
donor3_TGCATCCAGAGTATAC-1,donor3,11
donor3_TGCATCCAGGTGCTGA-1,donor3,12
donor3_TGCATCCAGTACGTCT-1,donor3,10
donor3_TGCATCCCAGTGTACT-1,donor3,12
donor3_TGCATCCCAGTGTGGA-1,donor3,10
donor3_TGCATCCGTACAGTTC-1,donor3,9
donor3_TGCATCCGTAGACAGC-1,donor3,9
donor3_TGCATCCGTCGTTGCG-1,donor3,9
donor3_TGCATCCGTTCAGTAC-1,donor3,10
donor3_TGCATCCTCACCCTTG-1,donor3,12
donor3_TGCATGAAGCAACCAG-1,donor3,10
donor3_TGCATGAAGGATACAT-1,donor3,14
donor3_TGCATGAAGTAGAATC-1,donor3,12
donor3_TGCATGACATCCGTGG-1,donor3,10
donor3_TGCATGAGTACCTAAC-1,donor3,9
donor3_TGCATGAGTAGACTGG-1,donor3,12
donor3_TGCATGAGTCCAGTTA-1,donor3,11
donor3_TGCATGAGTCTTCTAT-1,donor3,10
donor3_TGCATGAGTGGTCTTA-1,donor3,10
donor3_TGCATGATCACCTCAC-1,donor3,14
donor3_TGCATGATCCGTCACT-1,donor3,10
donor3_TGCATGATCTCTTAAC-1,donor3,14
donor3_TGCCGAGAGGTTGTTC-1,donor3,9
donor3_TGCCGAGCACTCAAGT-1,donor3,9
donor3_TGCCGAGCAGGTTCAT-1,donor3,6
donor3_TGCCGAGGTTAAGCAA-1,donor3,9
donor3_TGCCGAGTCAGCTGAT-1,donor3,11
donor3_TGCCGAGTCGCCTAGG-1,donor3,9
donor3_TGCGACGAGAAACTCA-1,donor3,11
donor3_TGCGACGAGGTCGAGT-1,donor3,9
donor3_TGCGACGAGGTCTTTG-1,donor3,12
donor3_TGCGACGAGTCTCCTC-1,donor3,12
donor3_TGCGACGCAAAGAACT-1,donor3,6
donor3_TGCGACGCAAAGCTAA-1,donor3,6
donor3_TGCGACGCAGCATGCC-1,donor3,12
donor3_TGCGACGCATCATCTT-1,donor3,6
donor3_TGCGACGGTAGATCCT-1,donor3,9
donor3_TGCGACGGTGTTATCG-1,donor3,10
donor3_TGCGACGTCCGGACTG-1,donor3,11
donor3_TGCGACGTCGCGGTAC-1,donor3,9
donor3_TGCGATAAGAGGCCAT-1,donor3,9
donor3_TGCGATACATACCACA-1,donor3,9
donor3_TGCGATAGTATAGCTC-1,donor3,11
donor3_TGCGATAGTCAGTCTA-1,donor3,10
donor3_TGCGATAGTCATCCGG-1,donor3,6
donor3_TGCGATAGTCCAGTTA-1,donor3,9
donor3_TGCGATAGTGCATTTG-1,donor3,10
donor3_TGCGATAGTGCCTGCA-1,donor3,9
donor3_TGCGATATCACTGTTT-1,donor3,9
donor3_TGCGATATCGGCATCG-1,donor3,7
donor3_TGCGATATCGGTTGTA-1,donor3,6
donor3_TGCGATATCGTGTGGC-1,donor3,9
donor3_TGCGATATCTATCACT-1,donor3,11
donor3_TGCGATATCTCATAGG-1,donor3,9
donor3_TGCGATATCTGCCTGT-1,donor3,0
donor3_TGCGGCACAAGCAGGT-1,donor3,23
donor3_TGCGGCACAGGAAGTC-1,donor3,10
donor3_TGCGGCACATAACGGG-1,donor3,10
donor3_TGCGGCAGTAGTATAG-1,donor3,12
donor3_TGCGGCAGTATGCAAA-1,donor3,10
donor3_TGCGGCAGTCATCAGT-1,donor3,9
donor3_TGCGGCAGTGCATCTA-1,donor3,6
donor3_TGCGGCAGTTCTCCAC-1,donor3,6
donor3_TGCGGCAGTTGCATTG-1,donor3,9
donor3_TGCGGCATCAAGGCTT-1,donor3,11
donor3_TGCGGCATCGAGAATA-1,donor3,7
donor3_TGCGGGTAGCACAAAT-1,donor3,11
donor3_TGCGGGTAGCTACAAA-1,donor3,6
donor3_TGCGGGTAGCTGGAGT-1,donor3,9
donor3_TGCGGGTAGGGATGTC-1,donor3,10
donor3_TGCGGGTAGTCGTCTA-1,donor3,12
donor3_TGCGGGTCAGGTTACT-1,donor3,9
donor3_TGCGGGTGTCCACTCT-1,donor3,7
donor3_TGCGGGTGTGCATACT-1,donor3,12
donor3_TGCGGGTGTGTCTAAC-1,donor3,9
donor3_TGCGGGTGTGTTACTG-1,donor3,12
donor3_TGCGGGTGTGTTCCAA-1,donor3,9
donor3_TGCGGGTGTTGTGGAG-1,donor3,9
donor3_TGCGGGTTCCCATACC-1,donor3,12
donor3_TGCGGGTTCGCTCCTA-1,donor3,11
donor3_TGCGGGTTCGTCTCAC-1,donor3,9
donor3_TGCTCCAAGGTTACAA-1,donor3,6
donor3_TGCTCCACAGACCCGT-1,donor3,23
donor3_TGCTCCACAGCCGTCA-1,donor3,6
donor3_TGCTCCACATGACGTT-1,donor3,11
donor3_TGCTCCAGTAAGTAGT-1,donor3,6
donor3_TGCTCCAGTCGAACAG-1,donor3,10
donor3_TGCTCCAGTGCAACGA-1,donor3,12
donor3_TGCTCCATCAATCTCT-1,donor3,12
donor3_TGCTCCATCAATCTTC-1,donor3,1
donor3_TGCTCCATCACTAGCA-1,donor3,9
donor3_TGCTCCATCAGTGATC-1,donor3,11
donor3_TGCTCCATCATGCAGT-1,donor3,9
donor3_TGCTCCATCCTCTTTC-1,donor3,10
donor3_TGCTCCATCGACCCAG-1,donor3,12
donor3_TGCTCCATCGGTCACG-1,donor3,11
donor3_TGCTCGTAGATACGAT-1,donor3,6
donor3_TGCTCGTAGCGTTCAT-1,donor3,6
donor3_TGCTCGTAGGTATTGA-1,donor3,9
donor3_TGCTCGTCAGCTGTTA-1,donor3,6
donor3_TGCTCGTCATAGTCGT-1,donor3,11
donor3_TGCTCGTGTACTAGCT-1,donor3,10
donor3_TGCTCGTGTCCTTTGC-1,donor3,9
donor3_TGCTCGTTCTGCGTCT-1,donor3,6
donor3_TGCTGAAAGCATGGGT-1,donor3,11
donor3_TGCTGAAAGGTAGACC-1,donor3,11
donor3_TGCTGAAAGTGGTGAC-1,donor3,12
donor3_TGCTGAAAGTTTCTTC-1,donor3,10
donor3_TGCTGAAGTACGAGTG-1,donor3,12
donor3_TGCTGAAGTTGGACTT-1,donor3,6
donor3_TGCTGAATCACGTAGT-1,donor3,12
donor3_TGCTTCGAGTATTGCC-1,donor3,11
donor3_TGCTTCGCAACAAAGT-1,donor3,14
donor3_TGCTTCGCAAGTAGTA-1,donor3,12
donor3_TGCTTCGCAAGTATCC-1,donor3,20
donor3_TGCTTCGCACAGGATG-1,donor3,12
donor3_TGCTTCGCACCTTCGT-1,donor3,11
donor3_TGCTTCGCACTGCTTC-1,donor3,11
donor3_TGCTTCGCATTAGGAA-1,donor3,9
donor3_TGCTTCGGTGAATTGA-1,donor3,14
donor3_TGCTTCGGTTAGAGTA-1,donor3,12
donor3_TGCTTCGTCACATCAG-1,donor3,10
donor3_TGCTTCGTCACTGCTC-1,donor3,10
donor3_TGCTTCGTCGAGTGGA-1,donor3,10
donor3_TGCTTCGTCGGTAACT-1,donor3,11
donor3_TGCTTGCAGAATCGAT-1,donor3,10
donor3_TGCTTGCAGGTCGTGA-1,donor3,10
donor3_TGCTTGCAGTCATAGA-1,donor3,9
donor3_TGCTTGCCAAGAGTTA-1,donor3,10
donor3_TGCTTGCCAAGTTCGT-1,donor3,9
donor3_TGCTTGCCAAGTTTGC-1,donor3,10
donor3_TGCTTGCCAGAGTCAG-1,donor3,11
donor3_TGCTTGCCATGGTGGA-1,donor3,9
donor3_TGCTTGCGTAGCTGCC-1,donor3,10
donor3_TGCTTGCGTATCAGCT-1,donor3,12
donor3_TGCTTGCGTCACATTG-1,donor3,0
donor3_TGCTTGCGTGGTCTAT-1,donor3,11
donor3_TGCTTGCTCCTGGGTG-1,donor3,11
donor3_TGCTTGCTCTAATTCC-1,donor3,14
donor3_TGCTTGCTCTCCCTAG-1,donor3,12
donor3_TGCTTGCTCTGTGCAA-1,donor3,12
donor3_TGGAACTAGTTGTACC-1,donor3,6
donor3_TGGAACTCACAGGATG-1,donor3,9
donor3_TGGAACTCAGCGTTTA-1,donor3,11
donor3_TGGAACTCATGCAGCC-1,donor3,9
donor3_TGGAACTGTAGATCCT-1,donor3,9
donor3_TGGAACTGTCACTACA-1,donor3,6
donor3_TGGAACTGTCTTACAG-1,donor3,9
donor3_TGGAACTGTGAGCGAT-1,donor3,11
donor3_TGGAACTGTGTCCAAT-1,donor3,11
donor3_TGGAACTGTTCCTTGC-1,donor3,12
donor3_TGGAACTGTTGCTTGA-1,donor3,9
donor3_TGGAACTTCTATTCGT-1,donor3,11
donor3_TGGAACTTCTTTGATC-1,donor3,11
donor3_TGGAGAGCAAACACCT-1,donor3,12
donor3_TGGAGAGCATTCGGGC-1,donor3,9
donor3_TGGAGAGCATTCTTCA-1,donor3,10
donor3_TGGAGAGGTATCCCTC-1,donor3,6
donor3_TGGAGAGGTCACAATC-1,donor3,10
donor3_TGGAGAGGTCATGCAT-1,donor3,12
donor3_TGGAGAGGTTAAGGAT-1,donor3,11
donor3_TGGAGAGTCCGCTTAC-1,donor3,9
donor3_TGGAGAGTCTCTTAAC-1,donor3,9
donor3_TGGAGGAAGCGTTCAT-1,donor3,9
donor3_TGGAGGAAGGTATCTC-1,donor3,9
donor3_TGGAGGACATCGTGGC-1,donor3,14
donor3_TGGAGGAGTAATGCTC-1,donor3,10
donor3_TGGAGGAGTTAAGTCC-1,donor3,9
donor3_TGGAGGATCCATCACC-1,donor3,12
donor3_TGGATCAAGGGCAACT-1,donor3,9
donor3_TGGATCAAGGGCGAAG-1,donor3,12
donor3_TGGATCAAGGTCCCGT-1,donor3,11
donor3_TGGATCAAGTACAACA-1,donor3,12
donor3_TGGATCACACAAGCCC-1,donor3,6
donor3_TGGATCACAGAGGCAT-1,donor3,12
donor3_TGGATCACAGCTGAAG-1,donor3,12
donor3_TGGATCAGTAGCGATG-1,donor3,9
donor3_TGGATCAGTTAGTTCG-1,donor3,10
donor3_TGGATCAGTTGATGTC-1,donor3,10
donor3_TGGATCATCAGGAAGC-1,donor3,11
donor3_TGGATCATCCCAGTGG-1,donor3,9
donor3_TGGATCATCTCGACCT-1,donor3,12
donor3_TGGATGTAGAAGCCAC-1,donor3,10
donor3_TGGATGTAGAATTGTG-1,donor3,6
donor3_TGGATGTAGATAGCAT-1,donor3,12
donor3_TGGATGTAGTTCGCAT-1,donor3,6
donor3_TGGATGTCAACTGTGT-1,donor3,11
donor3_TGGATGTCAATGCAAA-1,donor3,11
donor3_TGGATGTCAGGCGATA-1,donor3,0
donor3_TGGATGTGTACATACC-1,donor3,21
donor3_TGGATGTGTATCAGCT-1,donor3,23
donor3_TGGATGTGTCGCAGTC-1,donor3,12
donor3_TGGATGTGTGTGTACT-1,donor3,10
donor3_TGGATGTGTTGCGGCT-1,donor3,9
donor3_TGGATGTTCATTACCT-1,donor3,14
donor3_TGGATGTTCTACACTT-1,donor3,23
donor3_TGGATGTTCTCAGGCG-1,donor3,1
donor3_TGGATGTTCTGTCCCA-1,donor3,10
donor3_TGGATGTTCTTCCTAA-1,donor3,10
donor3_TGGCGTGAGAGTCACG-1,donor3,9
donor3_TGGCGTGAGCACTAAA-1,donor3,9
donor3_TGGCGTGAGCGGGTAT-1,donor3,9
donor3_TGGCGTGAGGTACAAT-1,donor3,9
donor3_TGGCGTGAGTCCGCCA-1,donor3,12
donor3_TGGCGTGCAAGTCGTT-1,donor3,11
donor3_TGGCGTGCACCAGCGT-1,donor3,9
donor3_TGGCGTGCATGACAAA-1,donor3,14
donor3_TGGCGTGCATGATAGA-1,donor3,11
donor3_TGGCGTGGTACCAGAG-1,donor3,6
donor3_TGGCGTGGTATCGGTT-1,donor3,9
donor3_TGGCGTGGTTGCATCA-1,donor3,9
donor3_TGGCGTGTCAAATGCC-1,donor3,10
donor3_TGGCGTGTCCCTCTCC-1,donor3,9
donor3_TGGGAAGAGAATCTAG-1,donor3,10
donor3_TGGGAAGAGCACCAGA-1,donor3,12
donor3_TGGGAAGAGTAGATCA-1,donor3,12
donor3_TGGGAAGCAACCCTAA-1,donor3,9
donor3_TGGGAAGCACCGTGGT-1,donor3,21
donor3_TGGGAAGCATAAGATG-1,donor3,10
donor3_TGGGAAGCATACAGAA-1,donor3,9
donor3_TGGGAAGGTAGGGTAC-1,donor3,6
donor3_TGGGAAGTCCACGGGT-1,donor3,12
donor3_TGGGAAGTCGCTCTCA-1,donor3,10
donor3_TGGGAGAAGATAGCTA-1,donor3,12
donor3_TGGGAGACAACACACT-1,donor3,0
donor3_TGGGAGACATTGGGAG-1,donor3,11
donor3_TGGGAGAGTGAATAAC-1,donor3,10
donor3_TGGGAGATCATGGATC-1,donor3,6
donor3_TGGGAGATCGCTAAAC-1,donor3,20
donor3_TGGGATTGTACCCAGC-1,donor3,12
donor3_TGGGATTGTAGCGTTT-1,donor3,9
donor3_TGGGATTGTAGTAAGT-1,donor3,9
donor3_TGGGATTGTTCGGACC-1,donor3,9
donor3_TGGGATTTCCATTGTT-1,donor3,12
donor3_TGGGATTTCTCACGAA-1,donor3,6
donor3_TGGGATTTCTCTAGGA-1,donor3,10
donor3_TGGGCGTAGGCTTAAA-1,donor3,9
donor3_TGGGCGTCAAGTATCC-1,donor3,11
donor3_TGGGCGTCACCCTTGT-1,donor3,12
donor3_TGGGCGTGTACATACC-1,donor3,10
donor3_TGGGCGTGTCCTTTGC-1,donor3,11
donor3_TGGGCGTTCAAGTCGT-1,donor3,10
donor3_TGGGCGTTCAGGTAAA-1,donor3,9
donor3_TGGGCTGAGCATGCAG-1,donor3,9
donor3_TGGGCTGAGTAAGCAT-1,donor3,11
donor3_TGGGCTGAGTGAATAC-1,donor3,6
donor3_TGGGCTGCAACAAGTA-1,donor3,20
donor3_TGGGCTGCAACTCGAT-1,donor3,14
donor3_TGGGCTGCAAGTCATC-1,donor3,11
donor3_TGGGCTGGTAGAAACT-1,donor3,6
donor3_TGGGCTGGTCAAACGG-1,donor3,6
donor3_TGGGCTGGTCGAGTGA-1,donor3,6
donor3_TGGGCTGGTGCGAACA-1,donor3,11
donor3_TGGGCTGGTTTATGCG-1,donor3,14
donor3_TGGGCTGTCCATTCGC-1,donor3,12
donor3_TGGGCTGTCCTTATAC-1,donor3,9
donor3_TGGGTTAAGGTTAAAC-1,donor3,10
donor3_TGGGTTACAGCGGTCT-1,donor3,23
donor3_TGGGTTACATACATCG-1,donor3,9
donor3_TGGGTTAGTTCCGCGA-1,donor3,12
donor3_TGGGTTAGTTCGAAGG-1,donor3,6
donor3_TGGGTTATCAGCTGTA-1,donor3,9
donor3_TGGGTTATCATACAGC-1,donor3,12
donor3_TGGTACAAGCATGTTC-1,donor3,12
donor3_TGGTACAAGCCATGCC-1,donor3,12
donor3_TGGTACAAGGTACCTT-1,donor3,6
donor3_TGGTACAAGGTTCACT-1,donor3,6
donor3_TGGTACAAGTAGGATT-1,donor3,14
donor3_TGGTACACAAGCGCTC-1,donor3,7
donor3_TGGTACACATCGGTTA-1,donor3,9
donor3_TGGTACAGTGCAACGA-1,donor3,6
donor3_TGGTACAGTTATAGCC-1,donor3,11
donor3_TGGTACATCATTCCTA-1,donor3,12
donor3_TGGTAGTCAAGTGGTG-1,donor3,9
donor3_TGGTAGTCAATGTTGC-1,donor3,12
donor3_TGGTAGTCAGAATCGG-1,donor3,0
donor3_TGGTAGTCATACAGGG-1,donor3,20
donor3_TGGTAGTGTATGGTAA-1,donor3,11
donor3_TGGTAGTGTGTATCCA-1,donor3,0
donor3_TGGTAGTTCTCGCGTT-1,donor3,12
donor3_TGGTAGTTCTCTATAC-1,donor3,12
donor3_TGGTGATCAATCAGCT-1,donor3,10
donor3_TGGTGATCACACCTGG-1,donor3,10
donor3_TGGTGATCAGACCAGA-1,donor3,12
donor3_TGGTGATCAGATGCGA-1,donor3,12
donor3_TGGTGATCAGGGTCTC-1,donor3,10
donor3_TGGTGATCAGGGTTGA-1,donor3,6
donor3_TGGTGATCATCACAGT-1,donor3,12
donor3_TGGTGATGTGGGTATG-1,donor3,10
donor3_TGGTGATTCAAATGAG-1,donor3,14
donor3_TGGTGATTCACATCAG-1,donor3,9
donor3_TGGTGATTCGCCACTT-1,donor3,6
donor3_TGGTGATTCTACCAGA-1,donor3,10
donor3_TGGTGATTCTGAGTCA-1,donor3,14
donor3_TGGTTAGAGGAGGCAG-1,donor3,9
donor3_TGGTTAGAGGCGTCCT-1,donor3,12
donor3_TGGTTAGAGGTCCCGT-1,donor3,12
donor3_TGGTTAGCAGCATGCC-1,donor3,9
donor3_TGGTTAGCAGCTCGGT-1,donor3,9
donor3_TGGTTAGCATCTATCT-1,donor3,26
donor3_TGGTTAGCATTGGGAG-1,donor3,10
donor3_TGGTTAGGTCAGACTT-1,donor3,9
donor3_TGGTTAGGTGGTCCGT-1,donor3,9
donor3_TGGTTAGGTTACGTAC-1,donor3,11
donor3_TGGTTAGTCATTGAGC-1,donor3,12
donor3_TGGTTAGTCTGCTTTA-1,donor3,10
donor3_TGTAACGAGTGGCAGT-1,donor3,14
donor3_TGTAACGCAAGCCTGC-1,donor3,9
donor3_TGTAACGCACAATTCG-1,donor3,9
donor3_TGTAACGCAGTAGATA-1,donor3,6
donor3_TGTAACGCATAGAATG-1,donor3,12
donor3_TGTAACGGTCACCGCA-1,donor3,10
donor3_TGTAACGTCATTCGGA-1,donor3,6
donor3_TGTAACGTCCAACTAG-1,donor3,6
donor3_TGTAACGTCCACTGAA-1,donor3,6
donor3_TGTAAGCAGCTTTCTT-1,donor3,14
donor3_TGTAAGCCAACCTAAC-1,donor3,9
donor3_TGTAAGCCAGCGAACA-1,donor3,11
donor3_TGTAAGCGTCTCGCGA-1,donor3,10
donor3_TGTAAGCGTTGTCTAG-1,donor3,0
donor3_TGTAAGCGTTTCGATG-1,donor3,10
donor3_TGTAAGCTCAAGTCTG-1,donor3,12
donor3_TGTAAGCTCCACTGAA-1,donor3,21
donor3_TGTAAGCTCCGACAGC-1,donor3,12
donor3_TGTAAGCTCCGAGTGC-1,donor3,11
donor3_TGTAAGCTCGCAGTCG-1,donor3,9
donor3_TGTAAGCTCGGTCACG-1,donor3,9
donor3_TGTACAGAGCGAGTCA-1,donor3,1
donor3_TGTACAGAGGTAGGCT-1,donor3,7
donor3_TGTACAGAGTTAACGA-1,donor3,9
donor3_TGTACAGCAAGAGTTA-1,donor3,12
donor3_TGTACAGCACAAGCAG-1,donor3,6
donor3_TGTACAGCAGTGTGGA-1,donor3,9
donor3_TGTACAGGTCGTAATC-1,donor3,14
donor3_TGTACAGGTTTCGTAG-1,donor3,12
donor3_TGTACAGTCTGGTGCG-1,donor3,12
donor3_TGTAGACAGCTGCGAA-1,donor3,9
donor3_TGTAGACCACAGAGAC-1,donor3,10
donor3_TGTAGACCATCGTCCT-1,donor3,9
donor3_TGTAGACCATGCCGCA-1,donor3,12
donor3_TGTAGACCATTGAAAG-1,donor3,10
donor3_TGTAGACGTCGCAACC-1,donor3,11
donor3_TGTAGACGTGCCTGAC-1,donor3,6
donor3_TGTAGACGTTAATCGC-1,donor3,12
donor3_TGTAGACTCCGGCTTT-1,donor3,6
donor3_TGTAGACTCTTGCAAG-1,donor3,11
donor3_TGTCAGAAGTCGCCAC-1,donor3,6
donor3_TGTCAGAAGTTTAGGA-1,donor3,1
donor3_TGTCAGACAAACTAGA-1,donor3,6
donor3_TGTCAGACAGACACAG-1,donor3,12
donor3_TGTCAGACAGGATCTT-1,donor3,10
donor3_TGTCAGACATCTCAAG-1,donor3,7
donor3_TGTCAGAGTTACGATC-1,donor3,9
donor3_TGTCAGATCCTACGAA-1,donor3,12
donor3_TGTCAGATCCTGCTAC-1,donor3,11
donor3_TGTCCACAGTTCATCG-1,donor3,12
donor3_TGTCCACAGTTCCGGC-1,donor3,9
donor3_TGTCCACCACAATGCT-1,donor3,9
donor3_TGTCCACCACCCTAGG-1,donor3,11
donor3_TGTCCACGTATCGCGC-1,donor3,11
donor3_TGTCCACGTCAACCTA-1,donor3,1
donor3_TGTCCACGTCCAGCCA-1,donor3,9
donor3_TGTCCACGTGTGTTTG-1,donor3,26
donor3_TGTCCACGTTATTCCT-1,donor3,6
donor3_TGTCCACGTTGGGTTT-1,donor3,6
donor3_TGTCCCACAACAGAGC-1,donor3,10
donor3_TGTCCCACATAAGCGG-1,donor3,6
donor3_TGTCCCACATCGCTAA-1,donor3,10
donor3_TGTCCCAGTAGACAGC-1,donor3,9
donor3_TGTCCCAGTTGTCATG-1,donor3,11
donor3_TGTCCCATCCGTTGGG-1,donor3,10
donor3_TGTCCTGGTGATTAGA-1,donor3,10
donor3_TGTCCTGGTTGCTCAA-1,donor3,12
donor3_TGTCCTGTCGCTTTAT-1,donor3,6
donor3_TGTGAGTAGGCACCAA-1,donor3,6
donor3_TGTGAGTAGTAAACAC-1,donor3,6
donor3_TGTGAGTCAGAGGCTA-1,donor3,6
donor3_TGTGAGTCAGCTCCTT-1,donor3,7
donor3_TGTGAGTTCAACTGGT-1,donor3,10
donor3_TGTGAGTTCACTACGA-1,donor3,10
donor3_TGTGAGTTCTTAGCCC-1,donor3,10
donor3_TGTGATGAGCACACAG-1,donor3,1
donor3_TGTGATGAGGCAGCTA-1,donor3,9
donor3_TGTGATGAGTGTACCT-1,donor3,11
donor3_TGTGATGCAACTGCCG-1,donor3,6
donor3_TGTGATGCAACTTGGT-1,donor3,9
donor3_TGTGATGCACACAGAG-1,donor3,6
donor3_TGTGATGCACACCTAA-1,donor3,9
donor3_TGTGATGCACGACGCT-1,donor3,7
donor3_TGTGATGCAGCCCAGT-1,donor3,6
donor3_TGTGATGGTTCTTGCC-1,donor3,9
donor3_TGTGCGGAGCCGTAAG-1,donor3,6
donor3_TGTGCGGAGCTGCCAC-1,donor3,6
donor3_TGTGCGGCAGAGAGGG-1,donor3,6
donor3_TGTGCGGCAGATTAAG-1,donor3,6
donor3_TGTGCGGCATTAGGCT-1,donor3,9
donor3_TGTGCGGGTCGCAACC-1,donor3,11
donor3_TGTGCGGGTGACACAG-1,donor3,11
donor3_TGTGCGGGTTACCCAA-1,donor3,11
donor3_TGTGCGGTCCGCAGTG-1,donor3,23
donor3_TGTGCGGTCGAGAGCA-1,donor3,9
donor3_TGTGGCGAGACTCAAA-1,donor3,11
donor3_TGTGGCGAGCCGTTGC-1,donor3,10
donor3_TGTGGCGAGTGGTTCT-1,donor3,10
donor3_TGTGGCGCAGAGTGAC-1,donor3,11
donor3_TGTGGCGGTCGCATGC-1,donor3,9
donor3_TGTGGCGGTGCCTTTC-1,donor3,12
donor3_TGTGGCGTCTAAGAAG-1,donor3,11
donor3_TGTGTGAAGAGCTGCA-1,donor3,10
donor3_TGTGTGAAGCGCTTCG-1,donor3,9
donor3_TGTGTGAAGGAATTAC-1,donor3,12
donor3_TGTGTGAAGTCTGGTT-1,donor3,12
donor3_TGTGTGACAAAGGCTG-1,donor3,12
donor3_TGTGTGACAACACGTT-1,donor3,12
donor3_TGTGTGACACAATGCT-1,donor3,11
donor3_TGTGTGACAGGTGTGA-1,donor3,9
donor3_TGTGTGACAGTAGAGC-1,donor3,11
donor3_TGTGTGAGTGTAAACA-1,donor3,9
donor3_TGTGTGAGTTAGGAGC-1,donor3,6
donor3_TGTGTGAGTTCTAACG-1,donor3,10
donor3_TGTGTGAGTTCTTGTT-1,donor3,10
donor3_TGTGTGATCAGTGTCA-1,donor3,10
donor3_TGTTACTAGCTAGCCC-1,donor3,11
donor3_TGTTACTAGGGATCGT-1,donor3,9
donor3_TGTTACTCAGCGGTTC-1,donor3,10
donor3_TGTTACTCAGGAGGAG-1,donor3,9
donor3_TGTTACTCATCACAGT-1,donor3,6
donor3_TGTTACTCATGGCTAT-1,donor3,20
donor3_TGTTACTGTATCGATC-1,donor3,10
donor3_TGTTACTGTCAAGCGA-1,donor3,9
donor3_TGTTACTGTCGTCAGC-1,donor3,9
donor3_TGTTACTGTGACAGCA-1,donor3,9
donor3_TGTTACTGTGCAACGA-1,donor3,11
donor3_TGTTACTGTTAGTTCG-1,donor3,11
donor3_TGTTACTTCCATCAGA-1,donor3,6
donor3_TGTTCATAGAAGGCTC-1,donor3,10
donor3_TGTTCATAGGAAGTCC-1,donor3,9
donor3_TGTTCATCAAACCGGA-1,donor3,11
donor3_TGTTCATCAACGTATC-1,donor3,12
donor3_TGTTCATCACGACGCT-1,donor3,11
donor3_TGTTCATCAGTCAGAG-1,donor3,9
donor3_TGTTCATGTATACCTG-1,donor3,11
donor3_TGTTCATTCCAACTGA-1,donor3,9
donor3_TGTTCATTCCTGTACC-1,donor3,9
donor3_TGTTCATTCGCCGAAC-1,donor3,12
donor3_TGTTCATTCTTCGATT-1,donor3,10
donor3_TGTTCCGAGACCAGAC-1,donor3,9
donor3_TGTTCCGAGTGTTCAC-1,donor3,10
donor3_TGTTCCGCAAGCGAAC-1,donor3,9
donor3_TGTTCCGCACAGCTGC-1,donor3,9
donor3_TGTTCCGCATGAAGGC-1,donor3,6
donor3_TGTTCCGCATTCCTAT-1,donor3,9
donor3_TGTTCCGGTGAGTTGG-1,donor3,11
donor3_TGTTCCGTCATCTCTA-1,donor3,9
donor3_TGTTCCGTCCAACTAG-1,donor3,11
donor3_TGTTCTAAGCACCGTC-1,donor3,12
donor3_TGTTCTAAGCATCGAG-1,donor3,21
donor3_TGTTCTACAGAGGCTA-1,donor3,6
donor3_TGTTCTAGTGTCACAT-1,donor3,12
donor3_TGTTCTATCTCGCGTT-1,donor3,10
donor3_TGTTGAGAGCGACCCT-1,donor3,14
donor3_TGTTGAGAGGCATCGA-1,donor3,12
donor3_TGTTGAGAGTATGAGT-1,donor3,10
donor3_TGTTGAGCAAGCACCC-1,donor3,12
donor3_TGTTGAGCAAGTTCGT-1,donor3,11
donor3_TGTTGAGCAGAATCGG-1,donor3,10
donor3_TGTTGAGCAGTTTCGA-1,donor3,11
donor3_TGTTGAGCATGACGAG-1,donor3,10
donor3_TGTTGAGTCACCTCGT-1,donor3,10
donor3_TGTTGAGTCATTGAGC-1,donor3,3
donor3_TGTTGAGTCGCCGAGT-1,donor3,1
donor3_TGTTGAGTCGTTCGCT-1,donor3,12
donor3_TGTTGGAAGATGAATC-1,donor3,10
donor3_TGTTGGAAGATGGCAC-1,donor3,9
donor3_TGTTGGAAGTGAGTGC-1,donor3,9
donor3_TGTTGGACAAGCTGCC-1,donor3,10
donor3_TGTTGGACAGCTGTCG-1,donor3,12
donor3_TGTTGGACAGGAACCA-1,donor3,12
donor3_TGTTGGAGTACACTCA-1,donor3,11
donor3_TGTTGGAGTCCAAGAG-1,donor3,11
donor3_TGTTGGAGTCCCACGA-1,donor3,9
donor3_TGTTGGATCAGCATTG-1,donor3,14
donor3_TGTTGGATCATACAGC-1,donor3,12
donor3_TGTTGGATCGATACAC-1,donor3,6
donor3_TGTTTGTAGCAGGCTA-1,donor3,6
donor3_TGTTTGTAGGTTCAGG-1,donor3,10
donor3_TGTTTGTAGTGCCGAA-1,donor3,7
donor3_TGTTTGTCACAACGTT-1,donor3,6
donor3_TGTTTGTCATCCTTCG-1,donor3,10
donor3_TGTTTGTCATGGCTAT-1,donor3,6
donor3_TGTTTGTGTAGACACG-1,donor3,11
donor3_TGTTTGTGTCTTTATC-1,donor3,14
donor3_TGTTTGTGTTAGGCCC-1,donor3,6
donor3_TGTTTGTTCCCTCTAG-1,donor3,11
donor3_TGTTTGTTCCCTTGTG-1,donor3,9
donor3_TGTTTGTTCTCATGCC-1,donor3,14
donor3_TTAATCCCAGAGTTCT-1,donor3,9
donor3_TTAATCCCATCCGGTG-1,donor3,10
donor3_TTAATCCGTACGATGG-1,donor3,14
donor3_TTAATCCGTCGCGTCA-1,donor3,9
donor3_TTAATCCGTCTACGAT-1,donor3,6
donor3_TTAATCCGTGCACAAG-1,donor3,12
donor3_TTAATCCGTGTAAACA-1,donor3,9
donor3_TTAATCCTCACTTGGA-1,donor3,12
donor3_TTAATCCTCTTAGGAC-1,donor3,10
donor3_TTACAGGAGACCGCCT-1,donor3,10
donor3_TTACAGGAGACCTCAT-1,donor3,14
donor3_TTACAGGAGAGGTTAT-1,donor3,12
donor3_TTACAGGAGCATCAGG-1,donor3,10
donor3_TTACAGGAGGTTACCT-1,donor3,9
donor3_TTACAGGCAACGGCCT-1,donor3,11
donor3_TTACAGGCAGGTGACA-1,donor3,10
donor3_TTACAGGGTGACGCCT-1,donor3,14
donor3_TTACAGGGTGATGAAT-1,donor3,6
donor3_TTACAGGGTGTTCCTC-1,donor3,10
donor3_TTACAGGTCCGGACGT-1,donor3,9
donor3_TTACAGGTCTGCTAGA-1,donor3,12
donor3_TTACCATAGACTTCGT-1,donor3,6
donor3_TTACCATAGAGCAACC-1,donor3,6
donor3_TTACCATAGATCACCT-1,donor3,20
donor3_TTACCATAGGTCTGGA-1,donor3,12
donor3_TTACCATCAAACACCT-1,donor3,14
donor3_TTACCATCAGTAGAGC-1,donor3,11
donor3_TTACCATTCAGAATAG-1,donor3,9
donor3_TTACCGCAGAGCCGTA-1,donor3,12
donor3_TTACCGCAGCAGTCTT-1,donor3,10
donor3_TTACCGCAGCCGGAAT-1,donor3,9
donor3_TTACCGCAGGTCGAGT-1,donor3,10
donor3_TTACCGCCACCAAAGG-1,donor3,10
donor3_TTACCGCGTAAGTTAG-1,donor3,7
donor3_TTACCGCTCAAGCTGT-1,donor3,11
donor3_TTACCGCTCAGTGTCA-1,donor3,10
donor3_TTACCGCTCCGCGAGT-1,donor3,6
donor3_TTACCGCTCGCACTCT-1,donor3,14
donor3_TTACGCCAGACATAAC-1,donor3,11
donor3_TTACGCCAGGACACTG-1,donor3,10
donor3_TTACGCCAGGGTCAAC-1,donor3,9
donor3_TTACGCCAGTCGCCCA-1,donor3,10
donor3_TTACGCCCAGGGCTTC-1,donor3,9
donor3_TTACGCCCAGTATACC-1,donor3,11
donor3_TTACGCCCATCGATCA-1,donor3,10
donor3_TTACGCCGTCAAAGCG-1,donor3,14
donor3_TTACGCCGTCAAAGTA-1,donor3,12
donor3_TTACGCCGTGCTCCGA-1,donor3,9
donor3_TTACGCCGTTCCGCGA-1,donor3,6
donor3_TTACGCCGTTGTCATG-1,donor3,9
donor3_TTACGCCTCGAGGCAA-1,donor3,0
donor3_TTACGCCTCTTAATCC-1,donor3,12
donor3_TTACGTTAGAAGCGCT-1,donor3,10
donor3_TTACGTTAGCACTAGG-1,donor3,11
donor3_TTACGTTAGGAGAGTA-1,donor3,6
donor3_TTACGTTAGTGATCGG-1,donor3,9
donor3_TTACGTTCAAGAATGT-1,donor3,9
donor3_TTACGTTCATACATCG-1,donor3,12
donor3_TTACGTTCATTGAGCT-1,donor3,14
donor3_TTACGTTGTAACACGG-1,donor3,11
donor3_TTACGTTTCAACCTCC-1,donor3,9
donor3_TTACTGTAGACTTAAG-1,donor3,9
donor3_TTACTGTAGCCTCAGC-1,donor3,12
donor3_TTACTGTCACCCAAGC-1,donor3,10
donor3_TTACTGTCAGGTACGA-1,donor3,12
donor3_TTACTGTGTCGGTGAA-1,donor3,20
donor3_TTACTGTGTCTCTCCA-1,donor3,10
donor3_TTACTGTTCAAGTCTG-1,donor3,11
donor3_TTACTGTTCTGCGGCA-1,donor3,10
donor3_TTACTGTTCTGGGATT-1,donor3,10
donor3_TTACTGTTCTTACCGC-1,donor3,6
donor3_TTAGGCAAGCCTCTTC-1,donor3,9
donor3_TTAGGCAAGCGTCGAA-1,donor3,11
donor3_TTAGGCAAGCGTGTCC-1,donor3,10
donor3_TTAGGCACAACTCGAT-1,donor3,12
donor3_TTAGGCACAAGACGAC-1,donor3,7
donor3_TTAGGGTAGACCAAAT-1,donor3,9
donor3_TTAGGGTAGACCAGAC-1,donor3,9
donor3_TTAGGGTAGCAAGTCG-1,donor3,10
donor3_TTAGGGTAGCTAAATG-1,donor3,6
donor3_TTAGGGTAGGACAAGA-1,donor3,12
donor3_TTAGGGTAGGGCCTCT-1,donor3,11
donor3_TTAGGGTCAAGTTTGC-1,donor3,26
donor3_TTAGGGTGTACAGAGC-1,donor3,6
donor3_TTAGGGTGTCGTGATT-1,donor3,9
donor3_TTAGGGTGTCTACAAC-1,donor3,9
donor3_TTAGGGTGTGCGTGCT-1,donor3,17
donor3_TTAGGGTGTGTAAATG-1,donor3,12
donor3_TTAGGGTTCACGATAC-1,donor3,12
donor3_TTAGGGTTCTATCGCC-1,donor3,0
donor3_TTAGTCTAGTCGAAAT-1,donor3,6
donor3_TTAGTCTCAACCGGAA-1,donor3,11
donor3_TTAGTCTCACAATGTC-1,donor3,9
donor3_TTAGTCTCACGCACCA-1,donor3,0
donor3_TTAGTCTGTACTCCCT-1,donor3,6
donor3_TTAGTCTGTTCCACGG-1,donor3,9
donor3_TTAGTCTTCTCGTGAA-1,donor3,9
donor3_TTATTGCAGAGAGTGA-1,donor3,6
donor3_TTATTGCAGTATGAGT-1,donor3,12
donor3_TTATTGCAGTATGATG-1,donor3,10
donor3_TTATTGCCAAATGATG-1,donor3,12
donor3_TTATTGCCACCTCTAC-1,donor3,12
donor3_TTATTGCCAGCAGTGA-1,donor3,11
donor3_TTATTGCCAGTCCGTG-1,donor3,12
donor3_TTATTGCGTCAAAGTA-1,donor3,12
donor3_TTATTGCGTGGCTTAT-1,donor3,9
donor3_TTATTGCGTTGTGGAG-1,donor3,10
donor3_TTCAATCAGGAGTATT-1,donor3,1
donor3_TTCAATCAGGGTGGGA-1,donor3,7
donor3_TTCAATCAGGTATAGT-1,donor3,6
donor3_TTCAATCCAAGATGTA-1,donor3,12
donor3_TTCAATCCATCATCCC-1,donor3,12
donor3_TTCAATCCATCTGCGG-1,donor3,6
donor3_TTCAATCTCATTGTTC-1,donor3,7
donor3_TTCAATCTCGGACAAG-1,donor3,12
donor3_TTCACCGAGCGGTATG-1,donor3,6
donor3_TTCACCGAGTAGACCG-1,donor3,6
donor3_TTCACCGAGTAGGAAG-1,donor3,9
donor3_TTCACCGAGTGGCGAT-1,donor3,6
donor3_TTCACCGAGTTCATGC-1,donor3,9
donor3_TTCACCGCAGTTAGGG-1,donor3,12
donor3_TTCACCGGTAATTAGG-1,donor3,9
donor3_TTCACCGGTATACGGG-1,donor3,10
donor3_TTCACCGTCACCTCTG-1,donor3,12
donor3_TTCACCGTCAGCCCAG-1,donor3,12
donor3_TTCACCGTCCAAAGGG-1,donor3,10
donor3_TTCACCGTCCGGTTCT-1,donor3,10
donor3_TTCACGCAGAACTCCT-1,donor3,6
donor3_TTCACGCAGCGGTAAC-1,donor3,10
donor3_TTCACGCCAGCTGAGA-1,donor3,10
donor3_TTCACGCCAGGATTCT-1,donor3,6
donor3_TTCACGCGTACCATAC-1,donor3,9
donor3_TTCACGCGTGGTCTGC-1,donor3,9
donor3_TTCACGCTCGTTCTCG-1,donor3,11
donor3_TTCACGCTCTGTTGGA-1,donor3,9
donor3_TTCAGGAAGACAGCGT-1,donor3,11
donor3_TTCAGGAAGACTCGAG-1,donor3,6
donor3_TTCAGGAAGACTTCAC-1,donor3,12
donor3_TTCAGGAAGGCACGAT-1,donor3,10
donor3_TTCAGGAAGTTCGCAT-1,donor3,1
donor3_TTCAGGAAGTTGTAAG-1,donor3,9
donor3_TTCAGGACACAATGCT-1,donor3,12
donor3_TTCAGGACAGTCTGGC-1,donor3,11
donor3_TTCAGGACATCTGCGG-1,donor3,1
donor3_TTCAGGACATCTTAGG-1,donor3,12
donor3_TTCAGGATCAGCACCG-1,donor3,12
donor3_TTCATGTAGATGCTAA-1,donor3,6
donor3_TTCATGTAGTCTACCA-1,donor3,12
donor3_TTCATGTCAAATGAGT-1,donor3,20
donor3_TTCATGTGTTGATCGT-1,donor3,6
donor3_TTCATGTGTTGCTCCT-1,donor3,9
donor3_TTCATGTTCCGTAATG-1,donor3,6
donor3_TTCATTGAGACGTCGA-1,donor3,9
donor3_TTCATTGAGAGTTCGG-1,donor3,14
donor3_TTCATTGAGCGCTGCT-1,donor3,12
donor3_TTCATTGAGGAGACCT-1,donor3,10
donor3_TTCATTGCAAAGGGCT-1,donor3,11
donor3_TTCATTGCAACCAATC-1,donor3,14
donor3_TTCATTGCACCAGCGT-1,donor3,11
donor3_TTCATTGCAGAGGCTA-1,donor3,10
donor3_TTCATTGGTTGTAAAG-1,donor3,9
donor3_TTCATTGGTTTGATCG-1,donor3,9
donor3_TTCATTGTCCATCACC-1,donor3,20
donor3_TTCATTGTCCGATAAC-1,donor3,12
donor3_TTCATTGTCGAGCCAC-1,donor3,12
donor3_TTCATTGTCGCTAAAC-1,donor3,14
donor3_TTCCAATAGAAGATCT-1,donor3,6
donor3_TTCCAATAGATTCGCT-1,donor3,9
donor3_TTCCAATAGGTGAGCT-1,donor3,9
donor3_TTCCAATCAGACATCT-1,donor3,7
donor3_TTCCAATCATCGCCTT-1,donor3,11
donor3_TTCCAATCATTCTCTA-1,donor3,11
donor3_TTCCAATTCGGCTATA-1,donor3,9
donor3_TTCCACGAGAAGTATC-1,donor3,11
donor3_TTCCACGAGACGGTTG-1,donor3,10
donor3_TTCCACGAGGAGTACC-1,donor3,21
donor3_TTCCACGAGTCATAGA-1,donor3,9
donor3_TTCCACGAGTTGCGCC-1,donor3,12
donor3_TTCCACGCAGAGGTTG-1,donor3,6
donor3_TTCCACGCATGGCGCT-1,donor3,10
donor3_TTCCACGGTAACGTTC-1,donor3,9
donor3_TTCCACGGTACGTGTT-1,donor3,10
donor3_TTCCACGGTGCAATGG-1,donor3,10
donor3_TTCCACGTCAACCGAT-1,donor3,11
donor3_TTCCACGTCATCTCTA-1,donor3,10
donor3_TTCCACGTCGTCACCT-1,donor3,11
donor3_TTCCACGTCTTACGTT-1,donor3,9
donor3_TTCCACGTCTTGCAGA-1,donor3,6
donor3_TTCCGGTAGGTAGCCA-1,donor3,10
donor3_TTCCGGTCAACCCGCA-1,donor3,12
donor3_TTCCGGTCAAGCCATT-1,donor3,9
donor3_TTCCGGTCAATTGCTG-1,donor3,6
donor3_TTCCGGTCAGACACAG-1,donor3,9
donor3_TTCCGGTCAGCGACAA-1,donor3,6
donor3_TTCCGGTGTACAAGTA-1,donor3,12
donor3_TTCCGGTGTAGCCAGA-1,donor3,9
donor3_TTCCGGTGTCTAGTGT-1,donor3,12
donor3_TTCCGGTGTGCGCTCA-1,donor3,12
donor3_TTCCGGTGTTCCAAAC-1,donor3,12
donor3_TTCCGGTTCAAGTGTC-1,donor3,10
donor3_TTCCGGTTCACTGATG-1,donor3,12
donor3_TTCCGGTTCGGAGTAG-1,donor3,14
donor3_TTCCGTGAGCGATGAC-1,donor3,6
donor3_TTCCGTGAGCTGAAGC-1,donor3,9
donor3_TTCCGTGAGTAGACAT-1,donor3,10
donor3_TTCCGTGAGTCTAGCT-1,donor3,6
donor3_TTCCGTGCACGGTCTG-1,donor3,7
donor3_TTCCGTGCAGCACACC-1,donor3,10
donor3_TTCCGTGCAGTTAGGG-1,donor3,11
donor3_TTCCGTGCAGTTGCGC-1,donor3,12
donor3_TTCCGTGGTAGGACTG-1,donor3,12
donor3_TTCCGTGGTGGAACAC-1,donor3,14
donor3_TTCCGTGGTTTACTTC-1,donor3,12
donor3_TTCCTAAAGAGCCGAT-1,donor3,10
donor3_TTCCTAAAGGCCTTGC-1,donor3,12
donor3_TTCCTAACATTCTCCG-1,donor3,11
donor3_TTCCTAAGTAAGGCTG-1,donor3,9
donor3_TTCCTAAGTGGGCTCT-1,donor3,9
donor3_TTCCTAAGTTGGCCGT-1,donor3,10
donor3_TTCCTAATCTCCCATG-1,donor3,9
donor3_TTCCTAATCTTAGGAC-1,donor3,9
donor3_TTCCTCTAGACAACAT-1,donor3,7
donor3_TTCCTCTAGAGAGTTT-1,donor3,9
donor3_TTCCTCTCACGGTCTG-1,donor3,11
donor3_TTCCTCTCATTGAGCT-1,donor3,9
donor3_TTCCTCTGTAATGCTC-1,donor3,7
donor3_TTCCTCTGTTGGGACA-1,donor3,14
donor3_TTCCTCTTCAGGAAAT-1,donor3,6
donor3_TTCCTTCCAGGCTTGC-1,donor3,6
donor3_TTCCTTCCATTCACAG-1,donor3,6
donor3_TTCCTTCGTATGACAA-1,donor3,9
donor3_TTCCTTCGTCAAATCC-1,donor3,12
donor3_TTCCTTCGTCGTACAT-1,donor3,12
donor3_TTCCTTCGTTCCAAAC-1,donor3,10
donor3_TTCCTTCTCACAAGAA-1,donor3,11
donor3_TTCCTTCTCAGTGCGC-1,donor3,11
donor3_TTCCTTCTCCACTGGG-1,donor3,14
donor3_TTCCTTCTCCCGAGGT-1,donor3,12
donor3_TTCCTTCTCGTAGCTA-1,donor3,10
donor3_TTCGATTAGACCAGCA-1,donor3,10
donor3_TTCGATTAGCATTTCG-1,donor3,10
donor3_TTCGATTAGGCTTTCA-1,donor3,12
donor3_TTCGATTAGGGTAATT-1,donor3,6
donor3_TTCGATTGTCTCGACG-1,donor3,6
donor3_TTCGATTGTTACGGAG-1,donor3,10
donor3_TTCGCTGAGCAGCCCT-1,donor3,12
donor3_TTCGCTGCAAGGTCGA-1,donor3,23
donor3_TTCGCTGCAATAACGA-1,donor3,9
donor3_TTCGCTGCACCCAATA-1,donor3,10
donor3_TTCGCTGCACGAGGTA-1,donor3,10
donor3_TTCGCTGGTAACATGA-1,donor3,12
donor3_TTCGCTGGTGCTCGTG-1,donor3,12
donor3_TTCGCTGGTTGCCATA-1,donor3,14
donor3_TTCGCTGTCCAGCAAT-1,donor3,10
donor3_TTCGGTCAGTCTACCA-1,donor3,11
donor3_TTCGGTCCAAGCCTGC-1,donor3,12
donor3_TTCGGTCCAGAGTGTG-1,donor3,10
donor3_TTCGGTCCAGTCGCAC-1,donor3,11
donor3_TTCGGTCGTAGATCCT-1,donor3,12
donor3_TTCGGTCGTCACCTTC-1,donor3,9
donor3_TTCGGTCTCAACTACG-1,donor3,10
donor3_TTCGGTCTCTCTAAGG-1,donor3,10
donor3_TTCGGTCTCTCTTCAA-1,donor3,9
donor3_TTCTAACCACATAGCT-1,donor3,12
donor3_TTCTAACCAGACCTGC-1,donor3,6
donor3_TTCTAACCAGGCATGA-1,donor3,10
donor3_TTCTAACCATGTTTGG-1,donor3,1
donor3_TTCTAACGTAGCTGTT-1,donor3,23
donor3_TTCTAACGTCGCACGT-1,donor3,9
donor3_TTCTAACGTGTAGCAG-1,donor3,6
donor3_TTCTAACGTTGGTACT-1,donor3,10
donor3_TTCTAACGTTGTGTAC-1,donor3,14
donor3_TTCTAACTCAGTGGGA-1,donor3,6
donor3_TTCTAACTCGGTTGTA-1,donor3,11
donor3_TTCTAGTAGACACACG-1,donor3,6
donor3_TTCTAGTAGGACGGAG-1,donor3,12
donor3_TTCTAGTAGGAGGCAG-1,donor3,9
donor3_TTCTAGTAGGATTACA-1,donor3,12
donor3_TTCTAGTCACTAGGTT-1,donor3,10
donor3_TTCTAGTCAGTCCCGA-1,donor3,6
donor3_TTCTAGTCATAGGTTC-1,donor3,26
donor3_TTCTAGTCATATGAAG-1,donor3,6
donor3_TTCTAGTGTACTCGAT-1,donor3,6
donor3_TTCTAGTGTGGATCAG-1,donor3,10
donor3_TTCTAGTGTTCTCTAT-1,donor3,9
donor3_TTCTAGTTCATCGACA-1,donor3,12
donor3_TTCTAGTTCGCGGTAC-1,donor3,9
donor3_TTCTAGTTCTAACGGT-1,donor3,9
donor3_TTCTCTCAGATGTAGT-1,donor3,7
donor3_TTCTCTCAGGAATCGC-1,donor3,12
donor3_TTCTCTCAGGACAACC-1,donor3,11
donor3_TTCTCTCAGGGCATGT-1,donor3,9
donor3_TTCTCTCCAGAGAGGG-1,donor3,9
donor3_TTCTCTCGTGACAGGT-1,donor3,12
donor3_TTCTCTCGTGTGCCTG-1,donor3,12
donor3_TTCTCTCGTTGAAGTA-1,donor3,10
donor3_TTCTCTCTCGTCAAAC-1,donor3,9
donor3_TTCTCTCTCTTTCAGT-1,donor3,10
donor3_TTCTGTAAGCGTGCCT-1,donor3,9
donor3_TTCTGTAAGTCATCCA-1,donor3,11
donor3_TTCTGTAAGTCGGCAA-1,donor3,9
donor3_TTCTGTACACAATCTG-1,donor3,12
donor3_TTCTGTACACGCCACA-1,donor3,7
donor3_TTCTGTACATTCAGGT-1,donor3,10
donor3_TTCTGTAGTATGCGTT-1,donor3,9
donor3_TTCTGTAGTGACAGGT-1,donor3,12
donor3_TTCTGTATCCAACTAG-1,donor3,12
donor3_TTCTGTATCCTACCAC-1,donor3,12
donor3_TTCTGTATCGACCTAA-1,donor3,10
donor3_TTCTTCCAGAGAGTGA-1,donor3,12
donor3_TTCTTCCAGATGATTG-1,donor3,12
donor3_TTCTTCCAGGGCTAAC-1,donor3,10
donor3_TTCTTCCAGGGCTTCC-1,donor3,10
donor3_TTCTTCCAGTAACCTC-1,donor3,10
donor3_TTCTTCCCAATAGGGC-1,donor3,6
donor3_TTCTTCCCACATGGTT-1,donor3,6
donor3_TTCTTCCCACGGTAGA-1,donor3,9
donor3_TTCTTCCGTATTGCCA-1,donor3,14
donor3_TTCTTCCTCCATCTAT-1,donor3,14
donor3_TTCTTCCTCGACGACC-1,donor3,12
donor3_TTCTTCCTCTTCCCAG-1,donor3,12
donor3_TTCTTGAAGAAATGGG-1,donor3,9
donor3_TTCTTGAAGACCCGCT-1,donor3,9
donor3_TTCTTGAAGCGATGGT-1,donor3,6
donor3_TTCTTGAAGCTAGTTC-1,donor3,10
donor3_TTCTTGACAGTAGAGC-1,donor3,10
donor3_TTCTTGACATAGTCGT-1,donor3,6
donor3_TTCTTGAGTCAAAGCG-1,donor3,11
donor3_TTCTTGATCGAGAATA-1,donor3,11
donor3_TTCTTGATCGCCGAGT-1,donor3,6
donor3_TTCTTGATCTCACGAA-1,donor3,23
donor3_TTGAACGAGACCAGCA-1,donor3,12
donor3_TTGAACGAGTAGACCG-1,donor3,6
donor3_TTGAACGCATAGGTTC-1,donor3,10
donor3_TTGAACGCATGCAGGA-1,donor3,11
donor3_TTGAACGGTAACGTTC-1,donor3,10
donor3_TTGAACGGTATCGATC-1,donor3,11
donor3_TTGAACGTCCTACGGG-1,donor3,12
donor3_TTGACCCAGAATTGCA-1,donor3,12
donor3_TTGACCCAGACATGCG-1,donor3,12
donor3_TTGACCCAGGGATCTG-1,donor3,12
donor3_TTGACCCAGTGTGTTC-1,donor3,10
donor3_TTGACCCCACATCATG-1,donor3,12
donor3_TTGACCCGTAGGCTCC-1,donor3,6
donor3_TTGACCCGTGCCGGTT-1,donor3,12
donor3_TTGACCCGTGTCTCCT-1,donor3,11
donor3_TTGACCCTCCGCGAGT-1,donor3,9
donor3_TTGACCCTCGGTCGGT-1,donor3,11
donor3_TTGAGTGAGCTGGCTC-1,donor3,12
donor3_TTGAGTGCACATTACG-1,donor3,6
donor3_TTGAGTGCAGTTGAAA-1,donor3,10
donor3_TTGAGTGGTACGATTC-1,donor3,9
donor3_TTGAGTGGTCTCGGGT-1,donor3,9
donor3_TTGAGTGGTGAATATG-1,donor3,9
donor3_TTGAGTGGTTCAATCG-1,donor3,14
donor3_TTGAGTGTCATACGGT-1,donor3,10
donor3_TTGAGTGTCCGACAGC-1,donor3,9
donor3_TTGATGGAGACTCTAC-1,donor3,9
donor3_TTGATGGAGTCACAGG-1,donor3,10
donor3_TTGATGGAGTCGCCAC-1,donor3,9
donor3_TTGATGGAGTTACGGG-1,donor3,9
donor3_TTGATGGCAATCCAGT-1,donor3,14
donor3_TTGATGGCAGGTCCCA-1,donor3,6
donor3_TTGATGGCATCCGGTG-1,donor3,10
donor3_TTGATGGGTCTGTGTA-1,donor3,9
donor3_TTGATGGGTTAAGCAA-1,donor3,10
donor3_TTGATGGTCAACGAGG-1,donor3,26
donor3_TTGATGGTCGATGGAG-1,donor3,12
donor3_TTGCATTAGCACCGTC-1,donor3,10
donor3_TTGCATTAGCTGAAGC-1,donor3,6
donor3_TTGCATTAGGATTCAA-1,donor3,11
donor3_TTGCATTCAAGTTTGC-1,donor3,12
donor3_TTGCATTCACACACGC-1,donor3,9
donor3_TTGCATTGTATATGGA-1,donor3,6
donor3_TTGCATTGTGATTCAC-1,donor3,11
donor3_TTGCATTTCCTTCTGG-1,donor3,9
donor3_TTGCATTTCGACCATA-1,donor3,7
donor3_TTGCATTTCGTAACAC-1,donor3,10
donor3_TTGCCTGAGGGATCGT-1,donor3,10
donor3_TTGCCTGAGTATAACG-1,donor3,9
donor3_TTGCCTGCAACGGTAG-1,donor3,10
donor3_TTGCCTGCATTCACCC-1,donor3,11
donor3_TTGCCTGGTTGGTGTT-1,donor3,23
donor3_TTGCCTGTCATTTCGT-1,donor3,23
donor3_TTGCCTGTCGGACGTC-1,donor3,12
donor3_TTGCGTCAGCGTTCCG-1,donor3,11
donor3_TTGCGTCAGCTCCCTT-1,donor3,10
donor3_TTGCGTCAGGCCTAAG-1,donor3,10
donor3_TTGCGTCCAAGCACCC-1,donor3,20
donor3_TTGCGTCCACTGGATT-1,donor3,11
donor3_TTGCGTCGTAGCGTAG-1,donor3,9
donor3_TTGCGTCGTGACTATC-1,donor3,11
donor3_TTGCGTCGTTAGGCTT-1,donor3,6
donor3_TTGCGTCGTTAGGGAC-1,donor3,10
donor3_TTGCGTCGTTGGATCT-1,donor3,9
donor3_TTGCTGCAGCGTGCCT-1,donor3,10
donor3_TTGCTGCCACGCGCAT-1,donor3,9
donor3_TTGCTGCCACTCTGCT-1,donor3,12
donor3_TTGCTGCGTAACAAGT-1,donor3,10
donor3_TTGCTGCGTACCTATG-1,donor3,11
donor3_TTGCTGCGTGTTCCAA-1,donor3,6
donor3_TTGCTGCGTTCGATTG-1,donor3,9
donor3_TTGCTGCTCACCGGTG-1,donor3,9
donor3_TTGGATGAGGTTGACG-1,donor3,10
donor3_TTGGATGCAGGAGGAG-1,donor3,9
donor3_TTGGATGCAGTGTACT-1,donor3,26
donor3_TTGGATGCATCGGTTA-1,donor3,21
donor3_TTGGATGGTACTGAGG-1,donor3,9
donor3_TTGGATGGTCACAGTT-1,donor3,11
donor3_TTGGATGGTCAGGAGT-1,donor3,11
donor3_TTGGATGGTTACACTG-1,donor3,14
donor3_TTGGATGTCACATTGG-1,donor3,12
donor3_TTGGATGTCGCACTCT-1,donor3,6
donor3_TTGGGATGTGAATATG-1,donor3,11
donor3_TTGGGATGTGAGAACC-1,donor3,9
donor3_TTGGGATTCACGTAGT-1,donor3,6
donor3_TTGGGATTCAGTCTTT-1,donor3,11
donor3_TTGGGATTCAGTGTGT-1,donor3,11
donor3_TTGGGATTCCCAAGCG-1,donor3,12
donor3_TTGGGATTCGAAGGAC-1,donor3,6
donor3_TTGGGCGCACTAACGT-1,donor3,11
donor3_TTGGGCGGTCAGTCTA-1,donor3,9
donor3_TTGGGCGGTCTAACTG-1,donor3,11
donor3_TTGGGCGTCACCTTGC-1,donor3,10
donor3_TTGGGCGTCCATAGAC-1,donor3,12
donor3_TTGGGCGTCCGCAACG-1,donor3,9
donor3_TTGGGCGTCGGCTATA-1,donor3,6
donor3_TTGGGCGTCTTTCAGT-1,donor3,21
donor3_TTGGGTAAGAGTGAAG-1,donor3,12
donor3_TTGGGTAAGATAGTGT-1,donor3,10
donor3_TTGGGTACAAATCAGA-1,donor3,6
donor3_TTGGGTAGTATCGAGG-1,donor3,9
donor3_TTGGGTAGTCTAGTGT-1,donor3,9
donor3_TTGGGTAGTGGACTAG-1,donor3,6
donor3_TTGGGTAGTTATGACC-1,donor3,10
donor3_TTGGGTATCGAGTGAG-1,donor3,9
donor3_TTGGGTATCGGATACT-1,donor3,11
donor3_TTGGGTATCTTTCAGT-1,donor3,9
donor3_TTGGTTTAGAAGCCTG-1,donor3,9
donor3_TTGGTTTAGGATATGT-1,donor3,20
donor3_TTGGTTTAGTCATAGA-1,donor3,10
donor3_TTGGTTTCACGACCTG-1,donor3,10
donor3_TTGGTTTCAGACTCTA-1,donor3,9
donor3_TTGGTTTCAGTACTAC-1,donor3,9
donor3_TTGGTTTGTAGTCTGT-1,donor3,10
donor3_TTGGTTTGTGGCTAGA-1,donor3,12
donor3_TTGTGGAAGATGTAGT-1,donor3,9
donor3_TTGTGGAAGCTTTGTG-1,donor3,9
donor3_TTGTGGAAGTGAGGTC-1,donor3,12
donor3_TTGTGGAAGTGCAACG-1,donor3,10
donor3_TTGTGGACACCGAATT-1,donor3,6
donor3_TTGTGGACATGTGACT-1,donor3,6
donor3_TTGTGGAGTATCACGT-1,donor3,12
donor3_TTGTGGAGTCTGTCAA-1,donor3,12
donor3_TTGTGGATCCTGCTAC-1,donor3,23
donor3_TTGTGGATCTTACCGC-1,donor3,10
donor3_TTGTGTTAGGAGGCAG-1,donor3,9
donor3_TTGTGTTAGTTCAACC-1,donor3,9
donor3_TTGTGTTCACCAGCGT-1,donor3,10
donor3_TTGTGTTCATATACCG-1,donor3,12
donor3_TTGTGTTCATGACTAC-1,donor3,11
donor3_TTGTGTTCATGACTGT-1,donor3,12
donor3_TTGTGTTGTGCCTAAT-1,donor3,17
donor3_TTGTGTTGTGGACCTC-1,donor3,9
donor3_TTGTGTTGTGTTCGAT-1,donor3,12
donor3_TTGTGTTTCATGGGAG-1,donor3,12
donor3_TTGTGTTTCCACAAGT-1,donor3,20
donor3_TTGTGTTTCTGCTAGA-1,donor3,11
donor3_TTGTGTTTCTGTGCGG-1,donor3,10
donor3_TTGTTCAAGCATCTTG-1,donor3,6
donor3_TTGTTCAAGCGATTCT-1,donor3,9
donor3_TTGTTCAAGGGAGTTC-1,donor3,11
donor3_TTGTTCACATAGAAAC-1,donor3,9
donor3_TTGTTCAGTACTGTTG-1,donor3,11
donor3_TTGTTCAGTGAGTAGC-1,donor3,6
donor3_TTGTTCAGTGGTAACG-1,donor3,12
donor3_TTGTTCATCCATTGCC-1,donor3,9
donor3_TTGTTCATCCTAAACG-1,donor3,11
donor3_TTGTTGTAGACCCGCT-1,donor3,11
donor3_TTGTTGTAGGAGACCT-1,donor3,11
donor3_TTGTTGTAGTCAGGGT-1,donor3,12
donor3_TTGTTGTAGTCGGGAT-1,donor3,10
donor3_TTGTTGTCACATCATG-1,donor3,12
donor3_TTGTTGTCACCCTGAG-1,donor3,9
donor3_TTGTTGTCACTACCCT-1,donor3,14
donor3_TTGTTGTGTGTCCAAT-1,donor3,11
donor3_TTGTTGTGTTACCTGA-1,donor3,10
donor3_TTGTTGTTCTCCGAAA-1,donor3,12
donor3_TTGTTGTTCTGCTTAT-1,donor3,9
donor3_TTGTTTGAGCCTGAGA-1,donor3,12
donor3_TTGTTTGAGCGACTAG-1,donor3,12
donor3_TTGTTTGAGGCGCTTC-1,donor3,10
donor3_TTGTTTGAGTCGGCCT-1,donor3,11
donor3_TTGTTTGCAAGATCCT-1,donor3,9
donor3_TTGTTTGCAATGAGCG-1,donor3,12
donor3_TTGTTTGCACAAGGTG-1,donor3,12
donor3_TTGTTTGCACGTACAT-1,donor3,9
donor3_TTGTTTGCATTGCCGG-1,donor3,10
donor3_TTGTTTGGTCCCTCAT-1,donor3,10
donor3_TTGTTTGTCATGGATC-1,donor3,7
donor3_TTGTTTGTCATTCGGA-1,donor3,12
donor3_TTGTTTGTCTCAACGA-1,donor3,6
donor3_TTGTTTGTCTCATGCC-1,donor3,6
donor3_TTTACCAAGATGCTGG-1,donor3,12
donor3_TTTACCAAGTCATGGG-1,donor3,9
donor3_TTTACCACAATCGAAA-1,donor3,10
donor3_TTTACCACATACAGAA-1,donor3,6
donor3_TTTACCAGTACTCAAC-1,donor3,11
donor3_TTTACCAGTCGAACAG-1,donor3,23
donor3_TTTACCAGTGTTTACG-1,donor3,9
donor3_TTTACCAGTTTGACAC-1,donor3,9
donor3_TTTACCATCTAACGGT-1,donor3,10
donor3_TTTACGTAGATCGACG-1,donor3,10
donor3_TTTACGTAGCTCATAC-1,donor3,9
donor3_TTTACGTAGGGCAGTT-1,donor3,6
donor3_TTTACGTCAAATGGAT-1,donor3,12
donor3_TTTACGTCACGCCACA-1,donor3,9
donor3_TTTACGTCAGAAATTG-1,donor3,10
donor3_TTTACGTGTCGAGTGA-1,donor3,6
donor3_TTTACGTGTTCCGCAG-1,donor3,14
donor3_TTTACGTTCCCTCTTT-1,donor3,10
donor3_TTTACGTTCCTCACTG-1,donor3,10
donor3_TTTACTGAGCCTGAGA-1,donor3,11
donor3_TTTACTGCAAGCGGAT-1,donor3,9
donor3_TTTACTGCAGTCTGGC-1,donor3,11
donor3_TTTACTGCATCAGTCA-1,donor3,9
donor3_TTTACTGGTAGCTAAA-1,donor3,14
donor3_TTTACTGGTGCCGAAA-1,donor3,9
donor3_TTTACTGTCAGCAATC-1,donor3,10
donor3_TTTACTGTCCGCGAGT-1,donor3,9
donor3_TTTACTGTCCGTTGAA-1,donor3,6
donor3_TTTACTGTCGACGCTG-1,donor3,10
donor3_TTTAGTCAGAGCCATG-1,donor3,9
donor3_TTTAGTCAGCATGCGA-1,donor3,6
donor3_TTTAGTCCAACACTAC-1,donor3,12
donor3_TTTAGTCCATGATAGA-1,donor3,14
donor3_TTTAGTCGTCCAACGC-1,donor3,12
donor3_TTTAGTCGTCCTTAAG-1,donor3,17
donor3_TTTAGTCTCGCCAATA-1,donor3,6
donor3_TTTAGTCTCTCGCGTT-1,donor3,12
donor3_TTTATGCAGCCAGACA-1,donor3,11
donor3_TTTATGCAGTACAACA-1,donor3,0
donor3_TTTATGCCAAATTGCC-1,donor3,9
donor3_TTTATGCCACTCAGAT-1,donor3,9
donor3_TTTATGCCACTGGACC-1,donor3,11
donor3_TTTATGCCAGCGCTTG-1,donor3,10
donor3_TTTATGCCAGCTCTGG-1,donor3,9
donor3_TTTATGCTCACCCTTG-1,donor3,6
donor3_TTTCACAAGAGCAAGA-1,donor3,10
donor3_TTTCACAAGTGAGCCA-1,donor3,14
donor3_TTTCACAGTGAGTAAT-1,donor3,12
donor3_TTTCACAGTGAGTTTC-1,donor3,9
donor3_TTTCACAGTGTTTCTT-1,donor3,9
donor3_TTTCACAGTTGGCTAT-1,donor3,10
donor3_TTTCACATCACAAGGG-1,donor3,9
donor3_TTTCACATCTAGGAAA-1,donor3,11
donor3_TTTCACATCTCGTCAC-1,donor3,10
donor3_TTTCAGTAGATTCGCT-1,donor3,10
donor3_TTTCAGTCAAATAGCA-1,donor3,11
donor3_TTTCAGTCAAGGTCTT-1,donor3,6
donor3_TTTCAGTCAATTGCAC-1,donor3,6
donor3_TTTCAGTCAGCACAAG-1,donor3,12
donor3_TTTCAGTGTACGTACT-1,donor3,9
donor3_TTTCAGTTCGGCTGAC-1,donor3,1
donor3_TTTCAGTTCTAGACAC-1,donor3,9
donor3_TTTCATGAGAGGTGCT-1,donor3,6
donor3_TTTCATGAGTTCGGTT-1,donor3,10
donor3_TTTCATGCAATTGCCA-1,donor3,9
donor3_TTTCATGCAGCCGGTT-1,donor3,6
donor3_TTTCATGGTCCAACGC-1,donor3,9
donor3_TTTCATGGTTTGGAGG-1,donor3,23
donor3_TTTCATGTCTCACGAA-1,donor3,9
donor3_TTTCCTCAGCCTGGAA-1,donor3,9
donor3_TTTCCTCAGTCTGGTT-1,donor3,9
donor3_TTTCCTCCAGAAGCGT-1,donor3,12
donor3_TTTCCTCCAGCTCTGG-1,donor3,20
donor3_TTTCCTCGTATCATGC-1,donor3,11
donor3_TTTCCTCGTGACAACG-1,donor3,20
donor3_TTTCCTCGTTGATGTC-1,donor3,10
donor3_TTTCCTCTCATACGAC-1,donor3,9
donor3_TTTCCTCTCGCGGACT-1,donor3,6
donor3_TTTCGATAGAGAGTGA-1,donor3,6
donor3_TTTCGATAGTCACACT-1,donor3,14
donor3_TTTCGATAGTCGCGAA-1,donor3,11
donor3_TTTCGATAGTTTGCTG-1,donor3,11
donor3_TTTCGATCAACACAGG-1,donor3,9
donor3_TTTCGATGTACGCTTA-1,donor3,10
donor3_TTTCGATGTTTAGAGA-1,donor3,6
donor3_TTTCGATTCACACCCT-1,donor3,12
donor3_TTTCGATTCGCTCATC-1,donor3,10
donor3_TTTCGATTCTTGGTGA-1,donor3,12
donor3_TTTGACTAGCGTTACT-1,donor3,9
donor3_TTTGACTAGGACTATA-1,donor3,10
donor3_TTTGACTAGGATACGC-1,donor3,9
donor3_TTTGACTAGTGCAGCA-1,donor3,10
donor3_TTTGACTCACCGTGGT-1,donor3,10
donor3_TTTGACTGTATTGAGA-1,donor3,12
donor3_TTTGACTGTGCCGTAC-1,donor3,11
donor3_TTTGACTGTGTGGACA-1,donor3,12
donor3_TTTGACTTCATCGCAA-1,donor3,9
donor3_TTTGACTTCGAGTACT-1,donor3,6
donor3_TTTGATCAGAACTTCC-1,donor3,12
donor3_TTTGATCAGATGACAT-1,donor3,9
donor3_TTTGATCAGCTAGAAT-1,donor3,9
donor3_TTTGATCCAAGCGATG-1,donor3,21
donor3_TTTGATCCATTAAAGG-1,donor3,11
donor3_TTTGATCGTATAGCTC-1,donor3,11
donor3_TTTGATCGTATCCTCC-1,donor3,11
donor3_TTTGATCGTCACTTCC-1,donor3,14
donor3_TTTGATCGTCAGTCTA-1,donor3,10
donor3_TTTGATCGTGTCGCTG-1,donor3,12
donor3_TTTGATCTCCTCAGAA-1,donor3,10
donor3_TTTGATCTCTTAGGAC-1,donor3,0
donor3_TTTGGAGAGAGTAACT-1,donor3,10
donor3_TTTGGAGAGCCAGACA-1,donor3,11
donor3_TTTGGAGAGGCGAACT-1,donor3,6
donor3_TTTGGAGCAAATTAGG-1,donor3,12
donor3_TTTGGAGCAATTGAAG-1,donor3,6
donor3_TTTGGAGGTAGCTGCC-1,donor3,11
donor3_TTTGGAGGTGACGCCT-1,donor3,23
donor3_TTTGGAGGTGGCTAGA-1,donor3,10
donor3_TTTGGAGTCGGTGTTA-1,donor3,12
donor3_TTTGGAGTCTAGCAAC-1,donor3,1
donor3_TTTGGTTAGCGACTTT-1,donor3,6
donor3_TTTGGTTAGTAAACGT-1,donor3,11
donor3_TTTGGTTCACAGAGAC-1,donor3,7
donor3_TTTGGTTCAGACCTGC-1,donor3,10
donor3_TTTGGTTGTAACACCT-1,donor3,21
donor3_TTTGGTTGTCTAACTG-1,donor3,23
donor3_TTTGGTTGTCTGCAAT-1,donor3,7
donor3_TTTGGTTTCAAGGACG-1,donor3,10
donor3_TTTGGTTTCGTAGCCG-1,donor3,9
donor3_TTTGTTGAGATTAGCA-1,donor3,21
donor3_TTTGTTGCACATAGCT-1,donor3,6
donor3_TTTGTTGCACGACAGA-1,donor3,9
donor3_TTTGTTGCACTGGCCA-1,donor3,9
donor3_TTTGTTGGTAGCGTTT-1,donor3,9
donor3_TTTGTTGGTATTGACC-1,donor3,10
donor3_TTTGTTGGTGGAACAC-1,donor3,12
donor3_TTTGTTGGTGTACGCC-1,donor3,11
donor3_TTTGTTGTCGAAACAA-1,donor3,9
donor3_TTTGTTGTCGACGATT-1,donor3,10
donor3_TTTGTTGTCTCGACGG-1,donor3,9
donor4_AAACGAACAGCACCCA-1,donor4,1
donor4_AAAGGGCGTTAAGGGC-1,donor4,21
donor4_AAAGTCCGTTCTCCCA-1,donor4,0
donor4_AAAGTGACAATTCACG-1,donor4,0
donor4_AACAAGATCTAGGCAT-1,donor4,2
donor4_AACACACCAAACTAGA-1,donor4,20
donor4_AACCAACTCTCTAGGA-1,donor4,0
donor4_AACCTTTAGTAGGTTA-1,donor4,2
donor4_AACTTCTTCCGTAGTA-1,donor4,24
donor4_AAGACTCTCTGATGGT-1,donor4,0
donor4_AAGGTAAAGAGACAAG-1,donor4,24
donor4_AAGTACCCATTAGGCT-1,donor4,0
donor4_AAGTCGTAGGCACGAT-1,donor4,9
donor4_AATAGAGGTAAGACCG-1,donor4,20
donor4_AATCGACGTTGGGACA-1,donor4,1
donor4_AATGGAAAGCCGAACA-1,donor4,1
donor4_ACAACCAAGCCATTTG-1,donor4,1
donor4_ACACGCGAGACTCCGC-1,donor4,20
donor4_ACACGCGAGTGGATTA-1,donor4,1
donor4_ACAGAAATCCGCTAGG-1,donor4,17
donor4_ACAGCCGCAAGTGTCT-1,donor4,20
donor4_ACAGGGACATATCTCT-1,donor4,0
donor4_ACATCCCGTCAAATCC-1,donor4,0
donor4_ACCAAACTCTTCCAGC-1,donor4,3
donor4_ACCATTTAGTGAGCCA-1,donor4,20
donor4_ACCCTCAGTCCCTGTT-1,donor4,15
donor4_ACCTGAAAGAATAGTC-1,donor4,16
donor4_ACCTGAAGTAATACCC-1,donor4,3
donor4_ACGCACGAGGGCTTCC-1,donor4,0
donor4_ACGGTTAAGTCATGAA-1,donor4,0
donor4_ACGGTTATCATGAGTC-1,donor4,0
donor4_ACGTAACTCAGTGTTG-1,donor4,0
donor4_ACGTAGTTCGGACAAG-1,donor4,6
donor4_ACTACGATCAACGCTA-1,donor4,1
donor4_ACTTATCGTACACGTT-1,donor4,21
donor4_ACTTCCGAGCTGAAGC-1,donor4,25
donor4_AGAACAAGTAACACCT-1,donor4,21
donor4_AGAACAAGTTCTCTAT-1,donor4,17
donor4_AGAACCTAGGGAGGGT-1,donor4,2
donor4_AGAAGTAAGGTTCAGG-1,donor4,2
donor4_AGACCCGTCATCAGTG-1,donor4,0
donor4_AGAGCAGTCATCGCTC-1,donor4,0
donor4_AGATGAACACGCGGTT-1,donor4,19
donor4_AGATGAATCGGCATCG-1,donor4,9
donor4_AGATGCTAGCAAGTCG-1,donor4,19
donor4_AGCCAGCAGAGTCTTC-1,donor4,6
donor4_AGCGCTGTCAGCGGAA-1,donor4,20
donor4_AGCTACAGTTTGTGGT-1,donor4,2
donor4_AGGAAATCACTCGATA-1,donor4,1
donor4_AGGAATACAACGTTAC-1,donor4,20
donor4_AGGAATACAAGCGCAA-1,donor4,21
donor4_AGGACGACACTATCGA-1,donor4,0
donor4_AGGACTTAGCTGACTT-1,donor4,0
donor4_AGGCTGCAGGCATCGA-1,donor4,20
donor4_AGGGCTCAGCTCTATG-1,donor4,11
donor4_AGGGTCCCACTCCTTG-1,donor4,21
donor4_AGGTCATGTTCTAACG-1,donor4,0
donor4_AGGTCTAAGGAGATAG-1,donor4,0
donor4_AGGTGTTAGTCGTTAC-1,donor4,21
donor4_AGTAACCTCGCAACAT-1,donor4,16
donor4_AGTACCATCATACAGC-1,donor4,20
donor4_AGTAGCTCAGCGATTT-1,donor4,2
donor4_AGTCATGCAAGCGGAT-1,donor4,3
donor4_AGTCATGGTATACCTG-1,donor4,20
donor4_AGTGACTCAAACCATC-1,donor4,0
donor4_AGTGACTGTCGAAGCA-1,donor4,20
donor4_AGTTCCCAGAATAACC-1,donor4,0
donor4_ATACCGAAGAGCAAGA-1,donor4,1
donor4_ATAGAGAGTGGACTAG-1,donor4,6
donor4_ATATCCTGTAAGGTCG-1,donor4,0
donor4_ATCACAGCAACAAAGT-1,donor4,0
donor4_ATCACAGTCGGACAAG-1,donor4,0
donor4_ATCACGACACCGCTAG-1,donor4,18
donor4_ATCCATTCAATAACGA-1,donor4,3
donor4_ATCCATTCACTCACTC-1,donor4,6
donor4_ATCGGATAGGGAGTGG-1,donor4,0
donor4_ATCGGATGTTGAGTCT-1,donor4,21
donor4_ATCTCTAAGAAGCTCG-1,donor4,2
donor4_ATCTCTAGTACTTCCC-1,donor4,6
donor4_ATGAGGGCACATTCGA-1,donor4,2
donor4_ATGCATGCAAAGTATG-1,donor4,8
donor4_ATGGAGGTCGAGCACC-1,donor4,1
donor4_ATGGGTTGTAGCGTAG-1,donor4,20
donor4_ATGTCTTCACTCTGCT-1,donor4,21
donor4_ATTACCTCACTCAAGT-1,donor4,21
donor4_ATTCATCGTTGGACCC-1,donor4,21
donor4_ATTCGTTCACAGGATG-1,donor4,21
donor4_ATTCTACTCAACTGAC-1,donor4,12
donor4_ATTGGGTGTGAGCTCC-1,donor4,21
donor4_ATTTCACCAGCCGTCA-1,donor4,2
donor4_CAACAACAGAGGTATT-1,donor4,10
donor4_CAACCAACAAGGTCAG-1,donor4,10
donor4_CAAGCTAGTGCGAGTA-1,donor4,21
donor4_CAATGACGTCATCGGC-1,donor4,3
donor4_CAATTTCTCAGAGCAG-1,donor4,20
donor4_CACACAACAGTTTGGT-1,donor4,1
donor4_CACGAATAGACCTCCG-1,donor4,0
donor4_CACGAATAGCCAACCC-1,donor4,20
donor4_CACGTTCCATGACTGT-1,donor4,27
donor4_CACTGAAGTAAGATTG-1,donor4,3
donor4_CAGCAATCAACGGGTA-1,donor4,6
donor4_CAGCACGTCGAAGGAC-1,donor4,18
donor4_CAGCAGCTCCGATGTA-1,donor4,21
donor4_CAGCGTGCATGTACGT-1,donor4,0
donor4_CAGGCCAAGTACCATC-1,donor4,1
donor4_CAGTGCGAGCTCTGTA-1,donor4,1
donor4_CATACAGTCCTGTAGA-1,donor4,20
donor4_CATACAGTCGGATAAA-1,donor4,3
donor4_CATACAGTCTAGAGCT-1,donor4,0
donor4_CATACCCTCAGTCACA-1,donor4,21
donor4_CATCCACAGTCATGAA-1,donor4,0
donor4_CATCCGTAGGTGCCTC-1,donor4,0
donor4_CATCGTCAGCCTGAAG-1,donor4,8
donor4_CATGCAAAGGTAGGCT-1,donor4,21
donor4_CATGCTCGTCTAACTG-1,donor4,3
donor4_CATGGATGTGAATTAG-1,donor4,1
donor4_CATTCCGTCATCGACA-1,donor4,16
donor4_CATTGAGTCCAGTGCG-1,donor4,10
donor4_CATTGTTTCTCAGAAC-1,donor4,10
donor4_CCAATGAGTTTGTTCT-1,donor4,21
donor4_CCACAAAAGGTGCAGT-1,donor4,10
donor4_CCACAAAGTCGATGCC-1,donor4,3
donor4_CCACGTTGTCGGTGAA-1,donor4,21
donor4_CCACTTGGTGCCTTTC-1,donor4,3
donor4_CCATCACGTCCAGAAG-1,donor4,2
donor4_CCCATTGGTTATTCCT-1,donor4,1
donor4_CCCTCAACACTCATAG-1,donor4,20
donor4_CCCTCTCCACCCATAA-1,donor4,0
donor4_CCCTGATAGTCCCGGT-1,donor4,2
donor4_CCGCAAGCAGACCAAG-1,donor4,4
donor4_CCTCAGTCATAATCGC-1,donor4,2
donor4_CCTCCAATCCACGTCT-1,donor4,0
donor4_CCTCCTCTCCCAAGCG-1,donor4,0
donor4_CCTCTCCTCCTGCTAC-1,donor4,0
donor4_CCTTGTGTCTAAGCGT-1,donor4,2
donor4_CGAGGCTAGTTTAGGA-1,donor4,12
donor4_CGCGTGAAGCTCGAAG-1,donor4,3
donor4_CGGAATTTCGTCTACC-1,donor4,0
donor4_CGGAGAAGTAGTATAG-1,donor4,0
donor4_CGGGCATTCAAGCCAT-1,donor4,17
donor4_CGGGTGTGTTCCCACT-1,donor4,0
donor4_CGTAAGTCACAACGTT-1,donor4,0
donor4_CGTAAGTCATACAGAA-1,donor4,9
donor4_CGTCCATCATCAGCGC-1,donor4,3
donor4_CGTGAATTCGAAGGAC-1,donor4,0
donor4_CGTGATATCTAGAACC-1,donor4,0
donor4_CGTGCTTAGCTCGCAC-1,donor4,21
donor4_CGTGCTTAGGGTCTTT-1,donor4,0
donor4_CTACATTTCGCTTGAA-1,donor4,20
donor4_CTACCTGTCAAGCTGT-1,donor4,0
donor4_CTACGGGCAACTGGTT-1,donor4,20
donor4_CTACGGGGTAGCACGA-1,donor4,6
donor4_CTAGGTATCGATCCAA-1,donor4,21
donor4_CTATAGGCAGACCTGC-1,donor4,21
donor4_CTATCCGTCGGAGTAG-1,donor4,20
donor4_CTCAAGAAGAGGGTCT-1,donor4,0
donor4_CTCACTGTCGCTTGCT-1,donor4,18
donor4_CTCAGGGTCCTTACCG-1,donor4,17
donor4_CTCATTAAGTCGAATA-1,donor4,0
donor4_CTCCCTCTCCATCTAT-1,donor4,1
donor4_CTCCTCCCATTCCTCG-1,donor4,12
donor4_CTGAGCGAGTTTGCTG-1,donor4,17
donor4_CTGAGCGGTGAGTGAC-1,donor4,10
donor4_CTGAGGCCATCTCCCA-1,donor4,10
donor4_CTGAGGCGTGTCGCTG-1,donor4,19
donor4_CTGATCCCAACTGGTT-1,donor4,2
donor4_CTGCAGGGTACACTCA-1,donor4,20
donor4_CTGCATCTCTACTGAG-1,donor4,21
donor4_CTGTCGTAGGCGCTCT-1,donor4,0
donor4_CTGTGAAAGATGGGCT-1,donor4,0
donor4_CTTCCGAAGAGTGGCT-1,donor4,3
donor4_CTTCTAAAGGAAGAAC-1,donor4,10
donor4_CTTTCGGAGATCCGAG-1,donor4,20
donor4_GAACACTGTCCAGAAG-1,donor4,0
donor4_GAACGTTAGGCCTTGC-1,donor4,17
donor4_GAACGTTAGTCGGCCT-1,donor4,26
donor4_GAACGTTGTAACGATA-1,donor4,0
donor4_GAATCGTTCCCTGGTT-1,donor4,3
donor4_GACATCATCGTAGAGG-1,donor4,0
donor4_GACGCTGCACTTCATT-1,donor4,0
donor4_GAGCTGCAGAGTTCGG-1,donor4,21
donor4_GAGCTGCCATCCCACT-1,donor4,0
donor4_GAGGCAAAGCAAGTGC-1,donor4,2
donor4_GAGGGATTCGAAACAA-1,donor4,21
donor4_GAGTCTAAGGTGCCTC-1,donor4,21
donor4_GAGTTTGGTGTTGACT-1,donor4,1
donor4_GATCACAGTAACTGCT-1,donor4,10
donor4_GATCATGTCGCAGAGA-1,donor4,3
donor4_GATGACTCACGGTGCT-1,donor4,21
donor4_GATGATCGTTCGTACA-1,donor4,21
donor4_GATGCTACAATACCTG-1,donor4,21
donor4_GATGCTATCTTGGGCG-1,donor4,0
donor4_GATGGAGTCGGCACTG-1,donor4,4
donor4_GATTGGTTCCAAAGGG-1,donor4,2
donor4_GATTGGTTCTTGGGCG-1,donor4,2
donor4_GATTTCTAGACCTCCG-1,donor4,7
donor4_GCAACATCAGTAGAGC-1,donor4,0
donor4_GCAACCGAGGTGAGAA-1,donor4,21
donor4_GCAGCTGAGGAAAGAC-1,donor4,9
donor4_GCAGGCTGTTGCCTAA-1,donor4,24
donor4_GCATCGGAGGCAATGC-1,donor4,11
donor4_GCCCAGAGTCCAGCCA-1,donor4,21
donor4_GCCCAGATCGTGGGAA-1,donor4,3
donor4_GCCCGAACAACCGATT-1,donor4,2
donor4_GCCGATGAGCAATAAC-1,donor4,21
donor4_GCCTGTTCACCAGCGT-1,donor4,7
donor4_GCGGAAACACTGCGTG-1,donor4,20
donor4_GCTGGGTGTGGACTAG-1,donor4,6
donor4_GCTTCACCATCACAGT-1,donor4,10
donor4_GGATCTACACGCTGTG-1,donor4,21
donor4_GGCGTCAAGCCGATAG-1,donor4,0
donor4_GGCTTTCTCCCTGTTG-1,donor4,0
donor4_GGGAAGTGTTGTGGAG-1,donor4,2
donor4_GGGACCTTCTCCCAAC-1,donor4,0
donor4_GGGAGATCAAAGACGC-1,donor4,19
donor4_GGGCCATTCTAGTCAG-1,donor4,12
donor4_GGGCTACGTCTCACAA-1,donor4,20
donor4_GGTAACTCACAGCCAC-1,donor4,0
donor4_GGTAACTCAGTCGGAA-1,donor4,9
donor4_GGTAATCAGTCAGCCC-1,donor4,21
donor4_GGTAGAGAGCTCCACG-1,donor4,1
donor4_GGTTAACCATCTCAAG-1,donor4,20
donor4_GTAACCACAGGCGAAT-1,donor4,9
donor4_GTAACCATCGTAACAC-1,donor4,1
donor4_GTAATCGGTCAGGCAA-1,donor4,0
donor4_GTAATCGGTTCCGTTC-1,donor4,21
donor4_GTAATCGGTTGTCTAG-1,donor4,20
donor4_GTACAGTAGACTAGAT-1,donor4,5
donor4_GTAGCTAAGTGGAAGA-1,donor4,9
donor4_GTAGGAGGTCGCATTA-1,donor4,6
donor4_GTAGGTTAGGACAGCT-1,donor4,19
donor4_GTATTTCGTACTGGGA-1,donor4,11
donor4_GTCATTTTCTACGCGG-1,donor4,3
donor4_GTCATTTTCTCCAATT-1,donor4,3
donor4_GTCCTCATCGTTCATT-1,donor4,0
donor4_GTCTAGATCGTTAGAC-1,donor4,1
donor4_GTCTCACAGACTTCGT-1,donor4,21
donor4_GTCTCACGTCTCGGGT-1,donor4,21
donor4_GTGAGCCCAGCGCGTT-1,donor4,21
donor4_GTGATGTTCCTTATAC-1,donor4,26
donor4_GTGCACGCACCGCTAG-1,donor4,11
donor4_GTGCAGCTCGCAGTGC-1,donor4,0
donor4_GTGCGTGCAGAAGCGT-1,donor4,6
donor4_GTGCTGGTCCAACCAA-1,donor4,7
donor4_GTGCTTCGTATCTCGA-1,donor4,21
donor4_GTGGCGTAGGTCACAG-1,donor4,6
donor4_GTGTCCTAGGTGCTGA-1,donor4,20
donor4_GTGTCCTTCGTCCTCA-1,donor4,20
donor4_GTGTGGCTCATGCATG-1,donor4,6
donor4_GTTACAGCAGTCCCGA-1,donor4,20
donor4_GTTACCCGTTATGGTC-1,donor4,12
donor4_GTTACGAGTGACCGTC-1,donor4,3
donor4_GTTAGTGGTAATGCTC-1,donor4,6
donor4_GTTCATTGTACCCAGC-1,donor4,0
donor4_GTTCCGTAGGCCTAGA-1,donor4,9
donor4_GTTCTATAGGTGCTGA-1,donor4,20
donor4_GTTTACTAGGATAATC-1,donor4,20
donor4_TAACTTCGTAGTGGCA-1,donor4,20
donor4_TAACTTCGTCAACATC-1,donor4,2
donor4_TAACTTCGTGTGGACA-1,donor4,0
donor4_TAAGTCGTCCCAGTGG-1,donor4,7
donor4_TACACCCGTGACAGCA-1,donor4,20
donor4_TACAGGTAGGCAGCTA-1,donor4,19
donor4_TACCCGTTCATTGCGA-1,donor4,0
donor4_TACCTCGTCCGCGAGT-1,donor4,10
donor4_TACCTGCAGGTCGACA-1,donor4,3
donor4_TACGCTCTCACCTCAC-1,donor4,0
donor4_TAGACTGGTAGCACGA-1,donor4,12
donor4_TAGTGCAGTTGGCTAT-1,donor4,20
donor4_TATACCTGTATTCCTT-1,donor4,3
donor4_TATATCCTCAATCGGT-1,donor4,20
donor4_TATCAGGCACTGCGTG-1,donor4,21
donor4_TATCGCCGTATGCAAA-1,donor4,0
donor4_TATCGCCTCTAGAGCT-1,donor4,21
donor4_TATCTTGGTCGATGCC-1,donor4,10
donor4_TATTGGGTCGGAGTGA-1,donor4,6
donor4_TATTTCGTCATTGGTG-1,donor4,6
donor4_TCAATCTCAACACAGG-1,donor4,18
donor4_TCAATTCCAACAAAGT-1,donor4,1
donor4_TCACGCTAGAGAGGTA-1,donor4,1
donor4_TCAGGGCTCAGCTTGA-1,donor4,12
donor4_TCAGGTATCTAGAACC-1,donor4,9
donor4_TCAGTCCGTTCAAACC-1,donor4,0
donor4_TCATATCCAAATCAAG-1,donor4,21
donor4_TCATCATGTTCTTAGG-1,donor4,20
donor4_TCATCATTCCAACCAA-1,donor4,7
donor4_TCATCCGTCGGACAAG-1,donor4,16
donor4_TCATGAGTCCAGTACA-1,donor4,1
donor4_TCATGGAAGATTGCGG-1,donor4,6
donor4_TCATGTTAGTAGTCCT-1,donor4,3
donor4_TCATGTTGTTACCGTA-1,donor4,6
donor4_TCATTACGTGGTCCCA-1,donor4,0
donor4_TCATTCAAGAGAGTTT-1,donor4,9
donor4_TCATTCAAGGTGGCTA-1,donor4,0
donor4_TCATTGTGTTCGGGTC-1,donor4,22
donor4_TCCACGTAGGGCTAAC-1,donor4,21
donor4_TCCAGAATCGCCTATC-1,donor4,20
donor4_TCCCAGTGTAGTCTGT-1,donor4,16
donor4_TCCGTGTCACGTTCGG-1,donor4,0
donor4_TCCTAATCAGATAAAC-1,donor4,9
donor4_TCCTCGAAGCTCTATG-1,donor4,3
donor4_TCCTCTTAGTAATTGG-1,donor4,0
donor4_TCCTTCTAGCATGTTC-1,donor4,2
donor4_TCCTTCTGTACGTAGG-1,donor4,1
donor4_TCGACGGAGTTTGCTG-1,donor4,6
donor4_TCGATTTTCTTCACGC-1,donor4,21
donor4_TCGCACTAGCCTATCA-1,donor4,17
donor4_TCGCAGGGTGAGTGAC-1,donor4,1
donor4_TCGGGACCAGCATCTA-1,donor4,9
donor4_TCGGGTGCATAGATGA-1,donor4,6
donor4_TCTACATAGGCTCACC-1,donor4,21
donor4_TCTACCGGTACCTAAC-1,donor4,0
donor4_TCTACCGTCAGTCTTT-1,donor4,18
donor4_TCTATACGTAAGCGGT-1,donor4,1
donor4_TCTTCCTAGTGGGAAA-1,donor4,20
donor4_TCTTCCTCATGTTCGA-1,donor4,19
donor4_TGAGACTGTACTTGTG-1,donor4,1
donor4_TGAGGGAAGACAGTCG-1,donor4,9
donor4_TGAGGTTAGACTTGTC-1,donor4,20
donor4_TGAGGTTTCCCGTGAG-1,donor4,2
donor4_TGATCTTCAGGAACCA-1,donor4,17
donor4_TGCAGTACAGAGACTG-1,donor4,19
donor4_TGCGGCAAGAGAGCGG-1,donor4,0
donor4_TGCGGCATCAGGAAGC-1,donor4,10
donor4_TGCGGCATCCATTGCC-1,donor4,21
donor4_TGCGGGTGTTTCACAG-1,donor4,18
donor4_TGCTCCATCACTCCGT-1,donor4,9
donor4_TGCTGAAAGGGCTGAT-1,donor4,21
donor4_TGCTGAACACCAAAGG-1,donor4,21
donor4_TGCTTGCAGTCTGCGC-1,donor4,1
donor4_TGGAACTCATAGTCGT-1,donor4,6
donor4_TGGATGTGTGCCTTTC-1,donor4,0
donor4_TGGGAGAAGGCACTCC-1,donor4,26
donor4_TGGGAGATCTTGGATG-1,donor4,21
donor4_TGGGCGTAGGTAAGAG-1,donor4,21
donor4_TGGGCGTTCGTCCATC-1,donor4,0
donor4_TGGGCTGAGTCCCGAC-1,donor4,17
donor4_TGGTACAAGTATGACA-1,donor4,18
donor4_TGGTTAGTCTCGTTTA-1,donor4,3
donor4_TGTAAGCAGAATCTAG-1,donor4,20
donor4_TGTACAGGTAGGGAGG-1,donor4,20
donor4_TGTCCCACATGAAGCG-1,donor4,10
donor4_TGTCCTGCACTGCACG-1,donor4,20
donor4_TGTCCTGCAGTATGAA-1,donor4,1
donor4_TGTGATGAGTACCATC-1,donor4,0
donor4_TGTGATGGTTGTCCCT-1,donor4,18
donor4_TGTGCGGGTAGTTACC-1,donor4,0
donor4_TGTGGCGAGCTGAGTG-1,donor4,20
donor4_TGTTCATTCTGCTTAT-1,donor4,7
donor4_TGTTGGAAGTATGGAT-1,donor4,0
donor4_TGTTGGACAAGCTACT-1,donor4,0
donor4_TTAATCCGTAGGTAGC-1,donor4,21
donor4_TTAATCCGTCTGCAAT-1,donor4,1
donor4_TTACTGTGTCGTCTCT-1,donor4,6
donor4_TTATTGCGTATGTCCA-1,donor4,0
donor4_TTCATGTAGTTTGTCG-1,donor4,10
donor4_TTCATGTCACACAGCC-1,donor4,21
donor4_TTCATGTGTTGTGGAG-1,donor4,6
donor4_TTCCACGGTCCCGTGA-1,donor4,3
donor4_TTCCTTCAGGACGGAG-1,donor4,0
donor4_TTCGCTGCACTCGATA-1,donor4,10
donor4_TTGAACGGTGTGTTTG-1,donor4,9
donor4_TTGAACGTCTCCTGTG-1,donor4,6
donor4_TTGCGTCAGGCTCCCA-1,donor4,20
donor4_TTGGGATCAACCTATG-1,donor4,21
donor4_TTGTGGAAGCGCCCAT-1,donor4,0
donor4_TTGTGGAAGTAGTCTC-1,donor4,0
donor4_TTGTTTGGTACATTGC-1,donor4,0
donor4_TTTACTGAGATGTAGT-1,donor4,8
donor4_TTTACTGTCGACCAAT-1,donor4,21
donor4_TTTATGCTCGGAATTC-1,donor4,20
donor4_TTTCAGTTCACAACCA-1,donor4,21
donor4_TTTCCTCGTACGGATG-1,donor4,0
donor4_TTTGGAGGTACCGTGC-1,donor4,3
donor4_TTTGGTTGTGTGGTCC-1,donor4,21
