nct,cond,title,ivnames,mode,u,outcome,cat,growthdx,growthdrug,restore,arm,av,asd,an,ref,rv,rn,diff,se,z
NCT04093024,"Lung Diseases, Interstitial",A Study to Find Out How Nintedanib is Taken up in the Body and How Well it is Tolerated in Children and Adolescents With Interstitial Lung Disease (ILD),Nintedanib ; Placebo,placebo,cm,Absolute Change From Baseline in Height at Week 24,,False,False,False,DBP: Randomised to Nintedanib,1.3,,25,DBP: Randomised to Placebo,1.3,13,0.0,,
NCT04093024,"Lung Diseases, Interstitial",A Study to Find Out How Nintedanib is Taken up in the Body and How Well it is Tolerated in Children and Adolescents With Interstitial Lung Disease (ILD),Nintedanib ; Placebo,placebo,cm,Absolute Change From Baseline in Height at Week 52,,False,False,False,DBP+OLNP: Randomised to Nintedanib,2.8,,25,DBP+OLNP: Randomised to Placebo,2.8,13,0.0,,
NCT00109473,Crohn's Disease,Trial of Growth Hormone Therapy in Pediatric Crohn's Disease,growth hormone ; cortecosteroid,active-comparator,cm/yr,Height Velocity,Week 12,False,True,True,Growth Hormone Plus Corticosteroid (CTX),8.0,1.0,10,Corticosteroid (CTX),3.0,10,5.0,,
NCT00109473,Crohn's Disease,Trial of Growth Hormone Therapy in Pediatric Crohn's Disease,growth hormone ; cortecosteroid,active-comparator,cm/yr,Height Velocity,Week 24,False,True,True,Growth Hormone Plus Corticosteroid (CTX),9.0,1.0,10,Corticosteroid (CTX),7.0,10,2.0,,
NCT01778023,Growth Disorder ; Idiopathic Short Stature,Efficacy and Safety of Recombinant Human Growth Hormone on Height Velocity in Subjects With Idiopathic Short Stature,somatropin,placebo,cm/yr,Height Velocity (Ht-V),,True,True,False,Group A: 12-month GH Treatment,12.02,0.29,32,Group B: 6-month Untreated + 6-month GH Treatment,6.87,15,5.15,,
NCT03811535,Growth Hormone Deficiency in Children,A Research Study in Children With a Low Level of Hormone to Grow. Treatment is Somapacitan Once a Week Compared to Norditropin® Once a Day (REAL4),Somapacitan ; Norditropin®,active-comparator,cm/yr,Height Velocity: In-trial Observation Period,,True,True,True,Norditropin,11.8,2.9,68,Somapacitan,11.2,132,0.6,,
NCT03811535,Growth Hormone Deficiency in Children,A Research Study in Children With a Low Level of Hormone to Grow. Treatment is Somapacitan Once a Week Compared to Norditropin® Once a Day (REAL4),Somapacitan ; Norditropin®,active-comparator,cm/yr,Height Velocity: On-treatment Observation Period,,True,True,True,Norditropin,11.8,2.9,68,Somapacitan,11.2,131,0.6,,
NCT01541215,"Diabetes ; Diabetes Mellitus, Type 2","Efficacy and Safety of Liraglutide in Combination With Metformin Compared to Metformin Alone, in Children and Adolescents With Type 2 Diabetes",liraglutide ; placebo ; metformin,placebo,cm/yr,Growth (Height Velocity),,False,False,False,Liraglutide 1.8 mg,1.633,2.016,60,Placebo,2.486,58,-0.853,,
NCT01541215,"Diabetes ; Diabetes Mellitus, Type 2","Efficacy and Safety of Liraglutide in Combination With Metformin Compared to Metformin Alone, in Children and Adolescents With Type 2 Diabetes",liraglutide ; placebo ; metformin,placebo,cm/yr,Growth (Height Velocity),,False,False,False,Liraglutide 1.8 mg,1.345,1.73,56,Placebo,1.817,53,-0.472,,
NCT01500694,Attention Deficit Hyperactivity Disorder (ADHD),Access to Extended Release Guanfacine HCl for Subjects Who Participated in Studies SPD503-315 or SPD503-316 in Europe,"Extended-release Guanfacine HCl (Intuniv, SPD503)",active-comparator,cm,Change From Baseline in Mean Height at Final Assessment,"Change at Final Assessment (n = 128, 79)",False,False,False,SPD503 (6-12 Years),8.8,5.075,131,SPD503 (13-18 Years),5.54,83,3.26,,
NCT04753697,Eosinophilic Esophagitis,A Study to Evaluate the Efficacy and Safety of CC-93538 in Adult and Adolescent Participants With Eosinophilic Esophagitis,CC-93538 ; Placebo,placebo,cm,Change From Baseline in Physical Parameters - Height at Week 24,,False,False,True,Induction Phase - CC-93538 360 mg QW,0.3,1.479,225,Induction Phase - Placebo,-0.08,115,0.38,,
NCT04753697,Eosinophilic Esophagitis,A Study to Evaluate the Efficacy and Safety of CC-93538 in Adult and Adolescent Participants With Eosinophilic Esophagitis,CC-93538 ; Placebo,placebo,cm,Change From Baseline in Physical Parameters - Height at Week 48,,False,False,True,Maintenance Phase - CC-93538 360 mg QW,0.42,1.929,88,Maintenance Phase - Placebo,0.12,75,0.3,,
NCT04753697,Eosinophilic Esophagitis,A Study to Evaluate the Efficacy and Safety of CC-93538 in Adult and Adolescent Participants With Eosinophilic Esophagitis,CC-93538 ; Placebo,placebo,cm,Change From Baseline in Physical Parameters - Height at Week 48,,False,False,True,Maintenance Phase - CC-93538 360 mg Q2W,0.42,1.973,96,Maintenance Phase - Placebo,0.12,75,0.3,,
NCT01519960,"Hepatitis B, Chronic",A Study of Pegasys (Peginterferon Alfa-2a) Versus Untreated Control in Children With HBeAg Positive Chronic Hepatitis B,peginterferon alfa-2a [Pegasys] ; peginterferon alfa-2a [Pegasys],placebo,Z,Change From Baseline in Height for Age Z-Score in Groups A and B,Week 12,False,False,True,Group A: PEG-IFN Monotherapy Without Advanced Fibrosis,0.011,0.258,101,Group B: Untreated Control Without Advanced Fibrosis,-0.006,49,0.017,,
NCT01519960,"Hepatitis B, Chronic",A Study of Pegasys (Peginterferon Alfa-2a) Versus Untreated Control in Children With HBeAg Positive Chronic Hepatitis B,peginterferon alfa-2a [Pegasys] ; peginterferon alfa-2a [Pegasys],placebo,Z,Change From Baseline in Height for Age Z-Score in Groups A and B,Week 24,False,False,True,Group A: PEG-IFN Monotherapy Without Advanced Fibrosis,-0.04,0.293,101,Group B: Untreated Control Without Advanced Fibrosis,-0.071,49,0.031,,
NCT01519960,"Hepatitis B, Chronic",A Study of Pegasys (Peginterferon Alfa-2a) Versus Untreated Control in Children With HBeAg Positive Chronic Hepatitis B,peginterferon alfa-2a [Pegasys] ; peginterferon alfa-2a [Pegasys],placebo,Z,Change From Baseline in Height for Age Z-Score in Groups A and B,Week 36,False,False,True,Group A: PEG-IFN Monotherapy Without Advanced Fibrosis,-0.056,0.337,101,Group B: Untreated Control Without Advanced Fibrosis,-0.025,49,-0.031,,
NCT01519960,"Hepatitis B, Chronic",A Study of Pegasys (Peginterferon Alfa-2a) Versus Untreated Control in Children With HBeAg Positive Chronic Hepatitis B,peginterferon alfa-2a [Pegasys] ; peginterferon alfa-2a [Pegasys],placebo,Z,Change From Baseline in Height for Age Z-Score in Groups A and B,Week 48,False,False,True,Group A: PEG-IFN Monotherapy Without Advanced Fibrosis,-0.099,0.365,101,Group B: Untreated Control Without Advanced Fibrosis,-0.013,49,-0.086,,
NCT01519960,"Hepatitis B, Chronic",A Study of Pegasys (Peginterferon Alfa-2a) Versus Untreated Control in Children With HBeAg Positive Chronic Hepatitis B,peginterferon alfa-2a [Pegasys] ; peginterferon alfa-2a [Pegasys],placebo,Z,Change From Baseline in Height for Age Z-Score in Groups A and B,FU Week 12,False,False,True,Group A: PEG-IFN Monotherapy Without Advanced Fibrosis,-0.112,0.404,101,Group B: Untreated Control Without Advanced Fibrosis,-0.037,49,-0.075,,
NCT01519960,"Hepatitis B, Chronic",A Study of Pegasys (Peginterferon Alfa-2a) Versus Untreated Control in Children With HBeAg Positive Chronic Hepatitis B,peginterferon alfa-2a [Pegasys] ; peginterferon alfa-2a [Pegasys],placebo,Z,Change From Baseline in Height for Age Z-Score in Groups A and B,FU Week 24,False,False,True,Group A: PEG-IFN Monotherapy Without Advanced Fibrosis,-0.117,0.429,101,Group B: Untreated Control Without Advanced Fibrosis,-0.079,49,-0.038,,
NCT02959970,Acne Vulgaris,"Safety and Efficacy Trial of ACZONE (Dapsone) Gel, 7.5% in 9 to 11 Year-Old Patients With Acne Vulgaris",dapsone gel,active-comparator,cm,Change From Baseline in Height,,False,False,False,Non-PK Cohort: ACZONE 7.5%,1.01,1.77,83,PK Cohort: ACZONE 7.5%,0.21,17,0.8,,
NCT03874013,Growth Hormone Deficiency,Safety and Efficacy Study of MOD-4023 to Treat Children With Growth Hormone Deficiency,MOD-4023 ; Genotropin,active-comparator,cm/yr,Annual Height Velocity (HV) After 12 Months,,True,False,True,MOD-4023 Treatment Arm,9.78,1.59,22,Genotropin Treatment Arm,7.78,21,2.0,,
NCT03874013,Growth Hormone Deficiency,Safety and Efficacy Study of MOD-4023 to Treat Children With Growth Hormone Deficiency,MOD-4023 ; Genotropin,active-comparator,cm/yr,Height Velocity at 6 Months,,True,False,True,MOD-4023 Treatment Arm,10.54,2.04,22,Genotropin Treatment Arm,8.34,21,2.2,,
NCT04587271,Malnutrition ; Wasting ; Growth Failure,Nutritional Impact of Moringa Oleifera Leaf Supplementation in Mothers and Children,Moringa oleifera (high dose) ; Moringa oleifera (low dose) ; Placebo,placebo,cm,Change in Infant Height,,True,False,True,Breastfeeding Infants (Moringa),9.1,2.1,23,Breastfeeding Infants (Placebo),9.3,23,-0.2,,
NCT04185363,Progressive Familial Intrahepatic Cholestasis (PFIC),An Extension Study of Maralixibat in Patients With Progressive Familial Intrahepatic Cholestasis (PFIC),Maralixibat,active-comparator,Z,Change From Baseline in Height Z-score,,False,False,False,The Primary Cohort,0.486,0.6665,22,PFIC Cohort,0.335,47,0.151,,
NCT00319020,Pulmonary Arterial Hypertension,Bosentan in Children With Pulmonary Arterial Hypertension Extension Study,Bosentan,active-comparator,Z,Change From Baseline to End of Study (EOS) in Height for Age.,Z-score at EOS,False,False,False,Bosentan-naive Patients,-0.08,,14,Patients With Previous Bosentan,-0.74,10,0.66,,
NCT00319020,Pulmonary Arterial Hypertension,Bosentan in Children With Pulmonary Arterial Hypertension Extension Study,Bosentan,active-comparator,Z,Change From Baseline to End of Study (EOS) in Height for Age.,Z-score at EOS,False,False,False,Total,-0.36,,24,Patients With Previous Bosentan,-0.74,10,0.38,,
NCT05260021,"Type2 Diabetes ; Diabetes Mellitus ; Diabetes Mellitus, Type 2 ; T2D ; T2DM (Type 2 Diabetes Mellitus) ; Glucose Metabolism Disorders ; Endocrine System Diseases ; Metabolic Disease",A Study to Evaluate Tirzepatide (LY3298176) in Pediatric and Adolescent Participants With Type 2 Diabetes Mellitus Inadequately Controlled With Metformin or Basal Insulin or Both,Tirzepatide Dose 1 ; Tirzepatide Dose 2 ; Placebo,placebo,Z,Change From Baseline in Height Standard Deviation Score (SDS),,False,False,False,5 mg Tirzepatide,-0.092,0.0275,29,Placebo,-0.11,34,0.018,,
NCT05260021,"Type2 Diabetes ; Diabetes Mellitus ; Diabetes Mellitus, Type 2 ; T2D ; T2DM (Type 2 Diabetes Mellitus) ; Glucose Metabolism Disorders ; Endocrine System Diseases ; Metabolic Disease",A Study to Evaluate Tirzepatide (LY3298176) in Pediatric and Adolescent Participants With Type 2 Diabetes Mellitus Inadequately Controlled With Metformin or Basal Insulin or Both,Tirzepatide Dose 1 ; Tirzepatide Dose 2 ; Placebo,placebo,Z,Change From Baseline in Height Standard Deviation Score (SDS),,False,False,False,10 mg Tirzepatide,-0.11,0.0274,29,Placebo,-0.11,34,0.0,,
NCT05260021,"Type2 Diabetes ; Diabetes Mellitus ; Diabetes Mellitus, Type 2 ; T2D ; T2DM (Type 2 Diabetes Mellitus) ; Glucose Metabolism Disorders ; Endocrine System Diseases ; Metabolic Disease",A Study to Evaluate Tirzepatide (LY3298176) in Pediatric and Adolescent Participants With Type 2 Diabetes Mellitus Inadequately Controlled With Metformin or Basal Insulin or Both,Tirzepatide Dose 1 ; Tirzepatide Dose 2 ; Placebo,placebo,Z,Change From Baseline in Height Standard Deviation Score (SDS),,False,False,False,"Pooled Doses of Tirzepatide (5mg,10mg)",-0.1,0.0194,58,Placebo,-0.11,34,0.01,,
NCT05551637,Undernutrition ; Wasting ; Malnourished,Evaluating Oral Nutritional Supplements on Children's Nutritional Status and Digestive Health in Vietnam.,Kazu Gain Gold,placebo,cm,Change in Height (cm),Before intervention (T0),False,False,True,Specific Intervention Group,98.62,7.86,298,Control Group,98.34,299,0.28,,
NCT05551637,Undernutrition ; Wasting ; Malnourished,Evaluating Oral Nutritional Supplements on Children's Nutritional Status and Digestive Health in Vietnam.,Kazu Gain Gold,placebo,cm,Change in Height (cm),After 1 month (T1),False,False,True,Specific Intervention Group,99.14,7.88,298,Control Group,98.88,299,0.26,,
NCT05551637,Undernutrition ; Wasting ; Malnourished,Evaluating Oral Nutritional Supplements on Children's Nutritional Status and Digestive Health in Vietnam.,Kazu Gain Gold,placebo,cm,Change in Height (cm),After 2 months (T2),False,False,True,Specific Intervention Group,99.96,7.92,298,Control Group,99.68,299,0.28,,
NCT05551637,Undernutrition ; Wasting ; Malnourished,Evaluating Oral Nutritional Supplements on Children's Nutritional Status and Digestive Health in Vietnam.,Kazu Gain Gold,placebo,cm,Change in Height (cm),After 3 months (T3),False,False,True,Specific Intervention Group,100.35,7.88,298,Control Group,99.95,299,0.4,,
NCT05551637,Undernutrition ; Wasting ; Malnourished,Evaluating Oral Nutritional Supplements on Children's Nutritional Status and Digestive Health in Vietnam.,Kazu Gain Gold,placebo,cm,Change in Height (cm),Difference between T1 - T0,False,False,True,Specific Intervention Group,0.52,0.69,298,Control Group,0.54,299,-0.02,,
NCT05551637,Undernutrition ; Wasting ; Malnourished,Evaluating Oral Nutritional Supplements on Children's Nutritional Status and Digestive Health in Vietnam.,Kazu Gain Gold,placebo,cm,Change in Height (cm),Difference between T2 - T0,False,False,True,Specific Intervention Group,1.34,0.75,298,Control Group,1.32,299,0.02,,
NCT05551637,Undernutrition ; Wasting ; Malnourished,Evaluating Oral Nutritional Supplements on Children's Nutritional Status and Digestive Health in Vietnam.,Kazu Gain Gold,placebo,cm,Change in Height (cm),Difference between T3 - T0,False,False,True,Specific Intervention Group,1.73,0.85,298,Control Group,1.61,299,0.12,,
NCT05551637,Undernutrition ; Wasting ; Malnourished,Evaluating Oral Nutritional Supplements on Children's Nutritional Status and Digestive Health in Vietnam.,Kazu Gain Gold,placebo,Z,Change of Height for Age Z-score,Before intervention (T0),False,False,True,Specific Intervention Group,-1.24,0.94,298,Control Group,-1.31,299,0.07,,
NCT05551637,Undernutrition ; Wasting ; Malnourished,Evaluating Oral Nutritional Supplements on Children's Nutritional Status and Digestive Health in Vietnam.,Kazu Gain Gold,placebo,Z,Change of Height for Age Z-score,After 1 month (T1),False,False,True,Specific Intervention Group,-1.32,0.93,298,Control Group,-1.38,299,0.06,,
NCT05551637,Undernutrition ; Wasting ; Malnourished,Evaluating Oral Nutritional Supplements on Children's Nutritional Status and Digestive Health in Vietnam.,Kazu Gain Gold,placebo,Z,Change of Height for Age Z-score,After 2 months (T2),False,False,True,Specific Intervention Group,-1.24,0.93,298,Control Group,-1.3,299,0.06,,
NCT05551637,Undernutrition ; Wasting ; Malnourished,Evaluating Oral Nutritional Supplements on Children's Nutritional Status and Digestive Health in Vietnam.,Kazu Gain Gold,placebo,Z,Change of Height for Age Z-score,After 3 months (T3),False,False,True,Specific Intervention Group,-1.27,0.94,298,Control Group,-1.36,299,0.09,,
NCT05551637,Undernutrition ; Wasting ; Malnourished,Evaluating Oral Nutritional Supplements on Children's Nutritional Status and Digestive Health in Vietnam.,Kazu Gain Gold,placebo,Z,Change of Height for Age Z-score,Difference between T1 - T0,False,False,True,Specific Intervention Group,-0.07,0.17,298,Control Group,-0.07,299,0.0,,
NCT05551637,Undernutrition ; Wasting ; Malnourished,Evaluating Oral Nutritional Supplements on Children's Nutritional Status and Digestive Health in Vietnam.,Kazu Gain Gold,placebo,Z,Change of Height for Age Z-score,Difference between T2 - T0,False,False,True,Specific Intervention Group,0.0,0.19,298,Control Group,0.01,299,-0.01,,
NCT05551637,Undernutrition ; Wasting ; Malnourished,Evaluating Oral Nutritional Supplements on Children's Nutritional Status and Digestive Health in Vietnam.,Kazu Gain Gold,placebo,Z,Change of Height for Age Z-score,Difference between T3 - T0,False,False,True,Specific Intervention Group,-0.03,0.21,298,Control Group,-0.05,299,0.02,,
NCT00429364,Marfan Syndrome,Comparison of Two Medications Aimed at Slowing Aortic Root Enlargement in Individuals With Marfan Syndrome,Losartan Potassium ; Atenolol,active-comparator,cm/yr,Annual Rate of Change in Height,,False,False,False,Losartan,0.935,0.202,305,Atenolol,0.822,303,0.113,,
NCT02386839,Retinopathy of Prematurity (ROP),Long-term Safety and Efficacy Outcome Study Comparing Children Previously Enrolled in Study ROPP-2008-01 for the Prevention of Retinopathy of Prematurity (ROP),rhIGF-1/rhIGFBP-3,placebo,Z,Change From Baseline in Height Z-score,Change at 6 Months CA,False,True,True,Antecedent rhIGF-1/rhIGFBP-3,6.19,1.215,39,Antecedent Standard of Care,6.36,28,-0.17,,
NCT02386839,Retinopathy of Prematurity (ROP),Long-term Safety and Efficacy Outcome Study Comparing Children Previously Enrolled in Study ROPP-2008-01 for the Prevention of Retinopathy of Prematurity (ROP),rhIGF-1/rhIGFBP-3,placebo,Z,Change From Baseline in Height Z-score,Change at 12 Months CA,False,True,True,Antecedent rhIGF-1/rhIGFBP-3,7.25,1.155,39,Antecedent Standard of Care,6.79,28,0.46,,
NCT02386839,Retinopathy of Prematurity (ROP),Long-term Safety and Efficacy Outcome Study Comparing Children Previously Enrolled in Study ROPP-2008-01 for the Prevention of Retinopathy of Prematurity (ROP),rhIGF-1/rhIGFBP-3,placebo,Z,Change From Baseline in Height Z-score,Change at 24 Months CA,False,True,True,Antecedent rhIGF-1/rhIGFBP-3,7.78,1.376,39,Antecedent Standard of Care,7.3,28,0.48,,
NCT02386839,Retinopathy of Prematurity (ROP),Long-term Safety and Efficacy Outcome Study Comparing Children Previously Enrolled in Study ROPP-2008-01 for the Prevention of Retinopathy of Prematurity (ROP),rhIGF-1/rhIGFBP-3,placebo,Z,Change From Baseline in Height Z-score,Change at 5 Years CA,False,True,True,Antecedent rhIGF-1/rhIGFBP-3,8.17,1.505,39,Antecedent Standard of Care,7.84,28,0.33,,
NCT01705145,Cystic Fibrosis,Study of Ivacaftor in Cystic Fibrosis Subjects 2 Through 5 Years of Age With a CFTR Gating Mutation,Ivacaftor,active-comparator,cm,Part B: Absolute Change From Baseline in Stature at Week 24,,False,False,True,Part B: Ivacaftor 75 mg,3.5,0.93,23,Part B: Overall Ivacaftor,3.3,32,0.2,,
NCT02455622,Hunter Syndrome,Long-term Evaluation on Height and Weight in Patients With MPS II Who Started Treatment at < 6 Years of Age,Elaprase for intravenous (IV) infusion,placebo,Z,Change From Baseline in Height Measured by Z-score,,False,False,True,Combined Set,-1.135,1.348,39,HOS Untreated Set,-4.228,22,3.093,,
NCT02781727,"Growth Hormone Deficiency, Pediatric ; hGH (Human Growth Hormone) ; Endocrine System Diseases ; Hormones ; Pituitary Diseases","A Phase 3 Trial of the Safety, Tolerability and Efficacy of TransCon hGH Weekly Versus Daily hGH in Children With Growth Hormone Deficiency (GHD)",Once weekly subcutaneous injection of TransCon hGH ; Once daily subcutaneous injection of Genotropin,active-comparator,cm/yr,Annualized Height Velocity at 52 Weeks for Weekly Lonapegsomatropin and Daily hGH Treatment Groups,,True,True,True,Lonapegsomatropin,11.17,0.23,105,Daily hGH,10.31,56,0.86,,
NCT02781727,"Growth Hormone Deficiency, Pediatric ; hGH (Human Growth Hormone) ; Endocrine System Diseases ; Hormones ; Pituitary Diseases","A Phase 3 Trial of the Safety, Tolerability and Efficacy of TransCon hGH Weekly Versus Daily hGH in Children With Growth Hormone Deficiency (GHD)",Once weekly subcutaneous injection of TransCon hGH ; Once daily subcutaneous injection of Genotropin,active-comparator,cm/yr,Annualized Height Velocity Over 52 Weeks for Weekly Lonapegsomatropin and Daily hGH Treatment Groups,Week 5,True,True,True,Lonapegsomatropin,13.54,1.07,105,Daily hGH,12.83,56,0.71,,
NCT02781727,"Growth Hormone Deficiency, Pediatric ; hGH (Human Growth Hormone) ; Endocrine System Diseases ; Hormones ; Pituitary Diseases","A Phase 3 Trial of the Safety, Tolerability and Efficacy of TransCon hGH Weekly Versus Daily hGH in Children With Growth Hormone Deficiency (GHD)",Once weekly subcutaneous injection of TransCon hGH ; Once daily subcutaneous injection of Genotropin,active-comparator,cm/yr,Annualized Height Velocity Over 52 Weeks for Weekly Lonapegsomatropin and Daily hGH Treatment Groups,Week 13,True,True,True,Lonapegsomatropin,13.28,0.49,105,Daily hGH,12.22,56,1.06,,
NCT02781727,"Growth Hormone Deficiency, Pediatric ; hGH (Human Growth Hormone) ; Endocrine System Diseases ; Hormones ; Pituitary Diseases","A Phase 3 Trial of the Safety, Tolerability and Efficacy of TransCon hGH Weekly Versus Daily hGH in Children With Growth Hormone Deficiency (GHD)",Once weekly subcutaneous injection of TransCon hGH ; Once daily subcutaneous injection of Genotropin,active-comparator,cm/yr,Annualized Height Velocity Over 52 Weeks for Weekly Lonapegsomatropin and Daily hGH Treatment Groups,Week 26,True,True,True,Lonapegsomatropin,12.65,0.32,105,Daily hGH,11.21,56,1.44,,
NCT02781727,"Growth Hormone Deficiency, Pediatric ; hGH (Human Growth Hormone) ; Endocrine System Diseases ; Hormones ; Pituitary Diseases","A Phase 3 Trial of the Safety, Tolerability and Efficacy of TransCon hGH Weekly Versus Daily hGH in Children With Growth Hormone Deficiency (GHD)",Once weekly subcutaneous injection of TransCon hGH ; Once daily subcutaneous injection of Genotropin,active-comparator,cm/yr,Annualized Height Velocity Over 52 Weeks for Weekly Lonapegsomatropin and Daily hGH Treatment Groups,Week 39,True,True,True,Lonapegsomatropin,11.89,0.26,105,Daily hGH,10.9,56,0.99,,
NCT02781727,"Growth Hormone Deficiency, Pediatric ; hGH (Human Growth Hormone) ; Endocrine System Diseases ; Hormones ; Pituitary Diseases","A Phase 3 Trial of the Safety, Tolerability and Efficacy of TransCon hGH Weekly Versus Daily hGH in Children With Growth Hormone Deficiency (GHD)",Once weekly subcutaneous injection of TransCon hGH ; Once daily subcutaneous injection of Genotropin,active-comparator,cm/yr,Annualized Height Velocity Over 52 Weeks for Weekly Lonapegsomatropin and Daily hGH Treatment Groups,Week 52,True,True,True,Lonapegsomatropin,11.17,0.23,105,Daily hGH,10.31,56,0.86,,
NCT01248416,Idiopathic Short Stature,"Aromatase Inhibitors, Alone And In Combination With Growth Hormone In Adolescent Boys With Idiopathic Short Stature",Aromatase Inhibitor ; Growth Hormone ; Aromatase Inhibitor and Growth Hormone,active-comparator,cm,Change in Height,,True,True,False,Growth Hormone,17.1,0.9,24,Aromatase Inhibitor,14.0,18,3.1,,
NCT01248416,Idiopathic Short Stature,"Aromatase Inhibitors, Alone And In Combination With Growth Hormone In Adolescent Boys With Idiopathic Short Stature",Aromatase Inhibitor ; Growth Hormone ; Aromatase Inhibitor and Growth Hormone,active-comparator,cm,Change in Height,,True,True,False,Aromatase Inhibitor and Growth Hormone,18.9,0.8,23,Aromatase Inhibitor,14.0,18,4.9,,
NCT01248416,Idiopathic Short Stature,"Aromatase Inhibitors, Alone And In Combination With Growth Hormone In Adolescent Boys With Idiopathic Short Stature",Aromatase Inhibitor ; Growth Hormone ; Aromatase Inhibitor and Growth Hormone,active-comparator,cm,Change in Predicted Height,,True,True,False,Growth Hormone,4.9,0.9,24,Aromatase Inhibitor,0.5,18,4.4,,
NCT01248416,Idiopathic Short Stature,"Aromatase Inhibitors, Alone And In Combination With Growth Hormone In Adolescent Boys With Idiopathic Short Stature",Aromatase Inhibitor ; Growth Hormone ; Aromatase Inhibitor and Growth Hormone,active-comparator,cm,Change in Predicted Height,,True,True,False,Aromatase Inhibitor and Growth Hormone,7.4,0.9,23,Aromatase Inhibitor,0.5,18,6.9,,
NCT01248416,Idiopathic Short Stature,"Aromatase Inhibitors, Alone And In Combination With Growth Hormone In Adolescent Boys With Idiopathic Short Stature",Aromatase Inhibitor ; Growth Hormone ; Aromatase Inhibitor and Growth Hormone,active-comparator,Z,Change in Bone Density z Score Adjusted for Height,,True,True,False,Growth Hormone,-0.586,0.244,24,Aromatase Inhibitor,-1.061,18,0.475,,
NCT01248416,Idiopathic Short Stature,"Aromatase Inhibitors, Alone And In Combination With Growth Hormone In Adolescent Boys With Idiopathic Short Stature",Aromatase Inhibitor ; Growth Hormone ; Aromatase Inhibitor and Growth Hormone,active-comparator,Z,Change in Bone Density z Score Adjusted for Height,,True,True,False,Aromatase Inhibitor and Growth Hormone,-0.605,0.257,23,Aromatase Inhibitor,-1.061,18,0.456,,
NCT02163577,X-linked Hypophosphatemia,"Study of KRN23 (Burosumab), a Recombinant Fully Human Monoclonal Antibody Against Fibroblast Growth Factor 23 (FGF23), in Pediatric Subjects With X-linked Hypophosphatemia (XLH)",burosumab,active-comparator,Z,Change From Baseline in Standing Height Z Score Over Time,Change to Week 40,False,False,True,Burosumab Q2W,0.17,0.042,26,Burosumab Q4W Then Q2W,0.1,26,0.07,,
NCT02163577,X-linked Hypophosphatemia,"Study of KRN23 (Burosumab), a Recombinant Fully Human Monoclonal Antibody Against Fibroblast Growth Factor 23 (FGF23), in Pediatric Subjects With X-linked Hypophosphatemia (XLH)",burosumab,active-comparator,Z,Change From Baseline in Standing Height Z Score Over Time,Change to Week 64,False,False,True,Burosumab Q2W,0.19,0.051,26,Burosumab Q4W Then Q2W,0.12,26,0.07,,
NCT02163577,X-linked Hypophosphatemia,"Study of KRN23 (Burosumab), a Recombinant Fully Human Monoclonal Antibody Against Fibroblast Growth Factor 23 (FGF23), in Pediatric Subjects With X-linked Hypophosphatemia (XLH)",burosumab,active-comparator,Z,Change From Baseline in Standing Height Z Score Over Time,Change to Week 160,False,False,True,Burosumab Q2W,0.35,0.084,26,Burosumab Q4W Then Q2W,0.19,26,0.16,,
NCT02163577,X-linked Hypophosphatemia,"Study of KRN23 (Burosumab), a Recombinant Fully Human Monoclonal Antibody Against Fibroblast Growth Factor 23 (FGF23), in Pediatric Subjects With X-linked Hypophosphatemia (XLH)",burosumab,active-comparator,cm,Change From Baseline in Growth (Standing Height) Over Time,Change at Week 40,False,False,True,Burosumab Q2W,5.03,1.232,26,Burosumab Q4W Then Q2W,4.49,26,0.54,,
NCT02163577,X-linked Hypophosphatemia,"Study of KRN23 (Burosumab), a Recombinant Fully Human Monoclonal Antibody Against Fibroblast Growth Factor 23 (FGF23), in Pediatric Subjects With X-linked Hypophosphatemia (XLH)",burosumab,active-comparator,cm,Change From Baseline in Growth (Standing Height) Over Time,Change at Week 64,False,False,True,Burosumab Q2W,7.48,1.934,26,Burosumab Q4W Then Q2W,6.98,26,0.5,,
NCT02163577,X-linked Hypophosphatemia,"Study of KRN23 (Burosumab), a Recombinant Fully Human Monoclonal Antibody Against Fibroblast Growth Factor 23 (FGF23), in Pediatric Subjects With X-linked Hypophosphatemia (XLH)",burosumab,active-comparator,cm,Change From Baseline in Growth (Standing Height) Over Time,Change at Week 160,False,False,True,Burosumab Q2W,18.38,2.958,26,Burosumab Q4W Then Q2W,17.22,26,1.16,,
NCT02163577,X-linked Hypophosphatemia,"Study of KRN23 (Burosumab), a Recombinant Fully Human Monoclonal Antibody Against Fibroblast Growth Factor 23 (FGF23), in Pediatric Subjects With X-linked Hypophosphatemia (XLH)",burosumab,active-comparator,cm,Change From Baseline in Growth (Sitting Height) Over Time,Change at Week 40,False,False,True,Burosumab Q2W,2.66,5.496,26,Burosumab Q4W Then Q2W,2.39,26,0.27,,
NCT02163577,X-linked Hypophosphatemia,"Study of KRN23 (Burosumab), a Recombinant Fully Human Monoclonal Antibody Against Fibroblast Growth Factor 23 (FGF23), in Pediatric Subjects With X-linked Hypophosphatemia (XLH)",burosumab,active-comparator,cm,Change From Baseline in Growth (Sitting Height) Over Time,Change at Week 64,False,False,True,Burosumab Q4W Then Q2W,3.45,1.39,26,Burosumab Q2W,3.08,26,0.37,,
NCT02163577,X-linked Hypophosphatemia,"Study of KRN23 (Burosumab), a Recombinant Fully Human Monoclonal Antibody Against Fibroblast Growth Factor 23 (FGF23), in Pediatric Subjects With X-linked Hypophosphatemia (XLH)",burosumab,active-comparator,cm,Change From Baseline in Growth (Sitting Height) Over Time,Change at Week 160,False,False,True,Burosumab Q4W Then Q2W,8.62,2.163,26,Burosumab Q2W,8.29,26,0.33,,
NCT02283853,Relapsing-Remitting Multiple Sclerosis,Phase 3 Efficacy and Safety Study of BG00012 in Pediatric Participants With Relapsing-Remitting Multiple Sclerosis (RRMS),dimethyl fumarate ; Interferon β-1a,active-comparator,cm,Part 2: Change From Baseline in Height,Change at Week 120,False,False,False,Part 2: IFN β-1a/ BG00012,0.76,2.878,35,Part 2: BG00012/ BG00012,0.36,55,0.4,,
NCT02283853,Relapsing-Remitting Multiple Sclerosis,Phase 3 Efficacy and Safety Study of BG00012 in Pediatric Participants With Relapsing-Remitting Multiple Sclerosis (RRMS),dimethyl fumarate ; Interferon β-1a,active-comparator,cm,Part 2: Change From Baseline in Height,Change at Week 144,False,False,False,Part 2: IFN β-1a/ BG00012,1.67,4.021,35,Part 2: BG00012/ BG00012,0.72,55,0.95,,
NCT02283853,Relapsing-Remitting Multiple Sclerosis,Phase 3 Efficacy and Safety Study of BG00012 in Pediatric Participants With Relapsing-Remitting Multiple Sclerosis (RRMS),dimethyl fumarate ; Interferon β-1a,active-comparator,cm,Part 2: Change From Baseline in Height,Change at Week 168,False,False,False,Part 2: IFN β-1a/ BG00012,1.92,4.855,35,Part 2: BG00012/ BG00012,1.13,55,0.79,,
NCT02283853,Relapsing-Remitting Multiple Sclerosis,Phase 3 Efficacy and Safety Study of BG00012 in Pediatric Participants With Relapsing-Remitting Multiple Sclerosis (RRMS),dimethyl fumarate ; Interferon β-1a,active-comparator,cm,Part 2: Change From Baseline in Height,Change at Week 192,False,False,False,Part 2: IFN β-1a/ BG00012,2.14,5.407,35,Part 2: BG00012/ BG00012,1.37,55,0.77,,
NCT02283853,Relapsing-Remitting Multiple Sclerosis,Phase 3 Efficacy and Safety Study of BG00012 in Pediatric Participants With Relapsing-Remitting Multiple Sclerosis (RRMS),dimethyl fumarate ; Interferon β-1a,active-comparator,cm,Part 2: Change From Baseline in Height,Change at Week 216,False,False,False,Part 2: IFN β-1a/ BG00012,2.47,5.654,35,Part 2: BG00012/ BG00012,1.71,55,0.76,,
NCT02283853,Relapsing-Remitting Multiple Sclerosis,Phase 3 Efficacy and Safety Study of BG00012 in Pediatric Participants With Relapsing-Remitting Multiple Sclerosis (RRMS),dimethyl fumarate ; Interferon β-1a,active-comparator,cm,Part 2: Change From Baseline in Height,Change at Week 240,False,False,False,Part 2: IFN β-1a/ BG00012,2.52,5.858,35,Part 2: BG00012/ BG00012,1.85,55,0.67,,
NCT02283853,Relapsing-Remitting Multiple Sclerosis,Phase 3 Efficacy and Safety Study of BG00012 in Pediatric Participants With Relapsing-Remitting Multiple Sclerosis (RRMS),dimethyl fumarate ; Interferon β-1a,active-comparator,cm,Part 2: Change From Baseline in Height,Change at Week 264,False,False,False,Part 2: IFN β-1a/ BG00012,2.75,6.661,35,Part 2: BG00012/ BG00012,2.16,55,0.59,,
NCT02283853,Relapsing-Remitting Multiple Sclerosis,Phase 3 Efficacy and Safety Study of BG00012 in Pediatric Participants With Relapsing-Remitting Multiple Sclerosis (RRMS),dimethyl fumarate ; Interferon β-1a,active-comparator,cm,Part 2: Change From Baseline in Height,Change at Week 288,False,False,False,Part 2: IFN β-1a/ BG00012,3.09,7.743,35,Part 2: BG00012/ BG00012,2.37,55,0.72,,
NCT02283853,Relapsing-Remitting Multiple Sclerosis,Phase 3 Efficacy and Safety Study of BG00012 in Pediatric Participants With Relapsing-Remitting Multiple Sclerosis (RRMS),dimethyl fumarate ; Interferon β-1a,active-comparator,cm,Part 2: Change From Baseline in Height,Change at Week 312,False,False,False,Part 2: IFN β-1a/ BG00012,3.62,8.121,35,Part 2: BG00012/ BG00012,2.29,55,1.33,,
NCT02283853,Relapsing-Remitting Multiple Sclerosis,Phase 3 Efficacy and Safety Study of BG00012 in Pediatric Participants With Relapsing-Remitting Multiple Sclerosis (RRMS),dimethyl fumarate ; Interferon β-1a,active-comparator,cm,Part 2: Change From Baseline in Height,Change at Week 336,False,False,False,Part 2: IFN β-1a/ BG00012,3.03,7.019,35,Part 2: BG00012/ BG00012,1.94,55,1.09,,
NCT02283853,Relapsing-Remitting Multiple Sclerosis,Phase 3 Efficacy and Safety Study of BG00012 in Pediatric Participants With Relapsing-Remitting Multiple Sclerosis (RRMS),dimethyl fumarate ; Interferon β-1a,active-comparator,cm,Part 2: Change From Baseline in Height,Change at Week 340,False,False,False,Part 2: IFN β-1a/ BG00012,4.17,8.611,35,Part 2: BG00012/ BG00012,3.32,55,0.85,,
NCT01746862,Idiopathic Short Stature,A Phase 3 Study to Evaluate the Safety and Efficacy of Saizen® in Children With Idiopathic Short Stature (ISS),Saizen® ; Saizen®,placebo,cm/yr,Change From Baseline in Height Velocity at Month 6 Using Last Observation Carried Forward (LOCF) Method,"Change at Month 6 (n=59,29)",True,False,False,Saizen Test Group,4.45,2.7,60,Saizen Control Group,1.01,30,3.44,,
NCT01746862,Idiopathic Short Stature,A Phase 3 Study to Evaluate the Safety and Efficacy of Saizen® in Children With Idiopathic Short Stature (ISS),Saizen® ; Saizen®,placebo,cm/yr,Change From Baseline in Height Velocity at Month 12,,True,False,False,Saizen Test Group,3.77,2.21,52,Saizen Control Group,2.86,27,0.91,,
NCT01746862,Idiopathic Short Stature,A Phase 3 Study to Evaluate the Safety and Efficacy of Saizen® in Children With Idiopathic Short Stature (ISS),Saizen® ; Saizen®,placebo,cm,Change From Baseline in Height at Month 6 and 12,"Change at Month 6 (n=55, 27)",True,False,False,Saizen Test Group,5.41,1.04,60,Saizen Control Group,3.1,30,2.31,,
NCT01746862,Idiopathic Short Stature,A Phase 3 Study to Evaluate the Safety and Efficacy of Saizen® in Children With Idiopathic Short Stature (ISS),Saizen® ; Saizen®,placebo,cm,Change From Baseline in Height at Month 6 and 12,"Change at Month 12 (n=52, 27)",True,False,False,Saizen Test Group,9.78,1.35,60,Saizen Control Group,8.24,30,1.54,,
NCT01911260,Short Stature,Weekly Zinc Chelate Supplementation on Children's Growth,Zinc amino acid chelate ; Placebo,placebo,Z,Change in Height-for-Age Z-score (HAZ) From End of Supplementation to End of Follow-up Period.,,True,False,False,Growth Deficit+Zinc Amino Acid Chelate,0.04,0.12,27,Normal Height + Placebo,0.02,30,0.02,,
NCT01911260,Short Stature,Weekly Zinc Chelate Supplementation on Children's Growth,Zinc amino acid chelate ; Placebo,placebo,Z,Change in Height-for-Age Z-score (HAZ) From End of Supplementation to End of Follow-up Period.,,True,False,False,Growth Deficit + Placebo,-0.08,0.45,18,Normal Height + Placebo,0.02,30,-0.1,,
NCT01911260,Short Stature,Weekly Zinc Chelate Supplementation on Children's Growth,Zinc amino acid chelate ; Placebo,placebo,Z,Change in Height-for-Age Z-score (HAZ) From End of Supplementation to End of Follow-up Period.,,True,False,False,Normal Height+Zinc Amino Acid Chelate,0.1,0.15,24,Normal Height + Placebo,0.02,30,0.08,,
NCT04085172,Attention Deficit Hyperactivity Disorder,A Study of TAK-503 in Children and Teenagers With Attention Deficit Hyperactivity Disorder (ADHD),Guanfacine hydrochloride (TAK-503) ; Atomoxetine hydrochloride ; Placebo,placebo,cm,Parts A and B: Change From Baseline in Height,Change at Week 18,False,False,False,Double-Blinded Period (Part A): TAK-503,1.42,1.505,96,Double-Blinded Period (Part A): Placebo,1.54,96,-0.12,,
NCT04085172,Attention Deficit Hyperactivity Disorder,A Study of TAK-503 in Children and Teenagers With Attention Deficit Hyperactivity Disorder (ADHD),Guanfacine hydrochloride (TAK-503) ; Atomoxetine hydrochloride ; Placebo,placebo,cm,Parts A and B: Change From Baseline in Height,Change at Week 18,False,False,False,Double-Blinded Period (Part A): Atomoxetine,1.25,1.434,95,Double-Blinded Period (Part A): Placebo,1.54,96,-0.29,,
NCT04085172,Attention Deficit Hyperactivity Disorder,A Study of TAK-503 in Children and Teenagers With Attention Deficit Hyperactivity Disorder (ADHD),Guanfacine hydrochloride (TAK-503) ; Atomoxetine hydrochloride ; Placebo,placebo,cm,Parts A and B: Change From Baseline in Height,Change at Week 49,False,False,False,Double-Blinded Period (Part A): TAK-503,2.63,2.838,96,Open-Label Period (Part B): Part A (Placebo) - Part B (TAK-503),2.74,63,-0.11,,
NCT04085172,Attention Deficit Hyperactivity Disorder,A Study of TAK-503 in Children and Teenagers With Attention Deficit Hyperactivity Disorder (ADHD),Guanfacine hydrochloride (TAK-503) ; Atomoxetine hydrochloride ; Placebo,placebo,cm,Parts A and B: Change From Baseline in Height,Change at Week 49,False,False,False,Double-Blinded Period (Part A): Atomoxetine,2.71,2.219,95,Open-Label Period (Part B): Part A (Placebo) - Part B (TAK-503),2.74,63,-0.03,,
NCT04085172,Attention Deficit Hyperactivity Disorder,A Study of TAK-503 in Children and Teenagers With Attention Deficit Hyperactivity Disorder (ADHD),Guanfacine hydrochloride (TAK-503) ; Atomoxetine hydrochloride ; Placebo,placebo,cm,Parts A and B: Change From Baseline in Height,Change at Week 49,False,False,False,Open-Label Period (Part B): Part A (TAK-503) - Part B (TAK-503),3.07,3.099,28,Open-Label Period (Part B): Part A (Placebo) - Part B (TAK-503),2.74,63,0.33,,
NCT04085172,Attention Deficit Hyperactivity Disorder,A Study of TAK-503 in Children and Teenagers With Attention Deficit Hyperactivity Disorder (ADHD),Guanfacine hydrochloride (TAK-503) ; Atomoxetine hydrochloride ; Placebo,placebo,cm,Parts A and B: Change From Baseline in Height,Change at Week 49,False,False,False,Open-Label Period (Part B): Part A (Atomoxetine) - Part B (TAK-503),3.52,3.243,30,Open-Label Period (Part B): Part A (Placebo) - Part B (TAK-503),2.74,63,0.78,,
NCT01927861,Genetic Disorder ; Noonan Syndrome,Investigating the Long-term Efficacy and Safety of Two Doses of NN-220 (Somatropin) in Short Stature Due to Noonan Syndrome,somatropin,active-comparator,cm/yr,Height Velocity,,True,True,False,NN-220 0.066 mg/kg/Day,9.9,1.49,26,NN-220 0.033 mg/kg/Day,7.88,25,2.02,,
NCT01927861,Genetic Disorder ; Noonan Syndrome,Investigating the Long-term Efficacy and Safety of Two Doses of NN-220 (Somatropin) in Short Stature Due to Noonan Syndrome,somatropin,active-comparator,cm/yr,Height Velocity,,True,True,False,NN-220 0.066 mg/kg/Day,7.99,1.2,26,NN-220 0.033 mg/kg/Day,6.2,25,1.79,,
NCT01927861,Genetic Disorder ; Noonan Syndrome,Investigating the Long-term Efficacy and Safety of Two Doses of NN-220 (Somatropin) in Short Stature Due to Noonan Syndrome,somatropin,active-comparator,cm/yr,Height Velocity,,True,True,False,NN-220 0.066 mg/kg/Day,7.01,1.12,26,NN-220 0.033 mg/kg/Day,5.77,25,1.24,,
NCT01927861,Genetic Disorder ; Noonan Syndrome,Investigating the Long-term Efficacy and Safety of Two Doses of NN-220 (Somatropin) in Short Stature Due to Noonan Syndrome,somatropin,active-comparator,cm/yr,Height Velocity,,True,True,False,NN-220 0.066 mg/kg/Day,6.11,1.28,26,NN-220 0.033 mg/kg/Day,5.64,25,0.47,,
NCT02918279,Metabolism and Nutrition Disorder ; Obesity,Effect of Liraglutide for Weight Management in Pubertal Adolescent Subjects With Obesity,Liraglutide ; Placebo,placebo,Z,Change in Height SDS,Change from week 0 to week 30,False,False,True,Liraglutide 3.0 mg,0.11,0.17,125,Placebo,0.13,126,-0.02,,
NCT02918279,Metabolism and Nutrition Disorder ; Obesity,Effect of Liraglutide for Weight Management in Pubertal Adolescent Subjects With Obesity,Liraglutide ; Placebo,placebo,Z,Change in Height SDS,Change from week 0 to week 56,False,False,True,Liraglutide 3.0 mg,0.2,0.27,125,Placebo,0.24,126,-0.04,,
NCT02918279,Metabolism and Nutrition Disorder ; Obesity,Effect of Liraglutide for Weight Management in Pubertal Adolescent Subjects With Obesity,Liraglutide ; Placebo,placebo,Z,Change in Height SDS,Change from week 56 to week 82,False,False,True,Liraglutide 3.0 mg,0.07,0.16,125,Placebo,0.06,126,0.01,,
NCT03676751,Child Growth ; Diversity of Microbiome ; Child Mortality ; Resistance Bacterial,MORDOR II Burkina Faso: Longitudinal Trial,Azithromycin ; Placebo,placebo,cm,Change in Height Over Time,,False,False,False,Azithromycin,91.6,11.5,200,Placebo,91.3,189,0.3,,
NCT03204786,Autism ; Autism Spectrum Disorder ; ASD,Intranasal Vasopressin Treatment in Children With Autism,Vasopressin (USP) Injectable Solution [Vasostrict] ; Placebo,placebo,cm,Change From Baseline on Height During Treatment.,4-weeks (end of treatment period 1),False,False,False,Vasopressin-Vasopressin,142.0,5.96,23,Placebo-Vasopressin,148.0,46,-6.0,,
NCT03204786,Autism ; Autism Spectrum Disorder ; ASD,Intranasal Vasopressin Treatment in Children With Autism,Vasopressin (USP) Injectable Solution [Vasostrict] ; Placebo,placebo,cm,Change From Baseline on Height During Treatment.,4-weeks (end of treatment period 1),False,False,False,Placebo-Placebo,146.0,2.76,39,Placebo-Vasopressin,148.0,46,-2.0,,
NCT03204786,Autism ; Autism Spectrum Disorder ; ASD,Intranasal Vasopressin Treatment in Children With Autism,Vasopressin (USP) Injectable Solution [Vasostrict] ; Placebo,placebo,cm,Change From Baseline on Height During Treatment.,8-weeks (end of treatment period 2),False,False,False,Vasopressin-Vasopressin,145.0,4.43,23,Placebo-Vasopressin,148.0,46,-3.0,,
NCT03204786,Autism ; Autism Spectrum Disorder ; ASD,Intranasal Vasopressin Treatment in Children With Autism,Vasopressin (USP) Injectable Solution [Vasostrict] ; Placebo,placebo,cm,Change From Baseline on Height During Treatment.,8-weeks (end of treatment period 2),False,False,False,Placebo-Placebo,146.0,2.68,39,Placebo-Vasopressin,148.0,46,-2.0,,
NCT03020719,Cystic Fibrosis,The Role of Oral Glutathione on Growth Parameters in Children With Cystic Fibrosis,Oral Glutathione ; Placebo,placebo,Z,Change in Height-for-age Z-score,,False,False,True,Oral Glutathione,-0.04,0.21,30,Placebo,0.03,28,-0.07,,
NCT02249182,Hepatitis C Virus Infection,Safety and Efficacy of Ledipasvir/Sofosbuvir Fixed Dose Combination +/- Ribavirin in Adolescents and Children With Chronic HCV-Infection,LDV/SOF ; RBV,active-comparator,cm,"For the Treatment Phase, Change From Baseline in Height",Change at Week 1,False,False,True,6 to < 12 Years Old - LDV/SOF 12 Weeks,0.1,0.83,89,12 to < 18 Years Old - LDV/SOF 12 Weeks,0.1,100,0.0,,
NCT02249182,Hepatitis C Virus Infection,Safety and Efficacy of Ledipasvir/Sofosbuvir Fixed Dose Combination +/- Ribavirin in Adolescents and Children With Chronic HCV-Infection,LDV/SOF ; RBV,active-comparator,cm,"For the Treatment Phase, Change From Baseline in Height",Change at Week 1,False,False,True,3 to < 6 Years Old - LDV/SOF 12 Weeks,0.2,1.24,34,12 to < 18 Years Old - LDV/SOF 12 Weeks,0.1,100,0.1,,
NCT02249182,Hepatitis C Virus Infection,Safety and Efficacy of Ledipasvir/Sofosbuvir Fixed Dose Combination +/- Ribavirin in Adolescents and Children With Chronic HCV-Infection,LDV/SOF ; RBV,active-comparator,cm,"For the Treatment Phase, Change From Baseline in Height",Change at Week 2,False,False,True,6 to < 12 Years Old - LDV/SOF 12 Weeks,0.3,0.73,89,12 to < 18 Years Old - LDV/SOF 12 Weeks,0.0,100,0.3,,
NCT02249182,Hepatitis C Virus Infection,Safety and Efficacy of Ledipasvir/Sofosbuvir Fixed Dose Combination +/- Ribavirin in Adolescents and Children With Chronic HCV-Infection,LDV/SOF ; RBV,active-comparator,cm,"For the Treatment Phase, Change From Baseline in Height",Change at Week 2,False,False,True,3 to < 6 Years Old - LDV/SOF 12 Weeks,0.3,0.72,34,12 to < 18 Years Old - LDV/SOF 12 Weeks,0.0,100,0.3,,
NCT02249182,Hepatitis C Virus Infection,Safety and Efficacy of Ledipasvir/Sofosbuvir Fixed Dose Combination +/- Ribavirin in Adolescents and Children With Chronic HCV-Infection,LDV/SOF ; RBV,active-comparator,cm,"For the Treatment Phase, Change From Baseline in Height",Change at Week 4,False,False,True,6 to < 12 Years Old - LDV/SOF 12 Weeks,0.5,0.79,89,12 to < 18 Years Old - LDV/SOF 12 Weeks,0.1,100,0.4,,
NCT02249182,Hepatitis C Virus Infection,Safety and Efficacy of Ledipasvir/Sofosbuvir Fixed Dose Combination +/- Ribavirin in Adolescents and Children With Chronic HCV-Infection,LDV/SOF ; RBV,active-comparator,cm,"For the Treatment Phase, Change From Baseline in Height",Change at Week 4,False,False,True,3 to < 6 Years Old - LDV/SOF 12 Weeks,0.7,0.79,34,12 to < 18 Years Old - LDV/SOF 12 Weeks,0.1,100,0.6,,
NCT02249182,Hepatitis C Virus Infection,Safety and Efficacy of Ledipasvir/Sofosbuvir Fixed Dose Combination +/- Ribavirin in Adolescents and Children With Chronic HCV-Infection,LDV/SOF ; RBV,active-comparator,cm,"For the Treatment Phase, Change From Baseline in Height",Change at Week 8,False,False,True,6 to < 12 Years Old - LDV/SOF 12 Weeks,0.8,0.79,89,12 to < 18 Years Old - LDV/SOF 12 Weeks,0.4,100,0.4,,
NCT02249182,Hepatitis C Virus Infection,Safety and Efficacy of Ledipasvir/Sofosbuvir Fixed Dose Combination +/- Ribavirin in Adolescents and Children With Chronic HCV-Infection,LDV/SOF ; RBV,active-comparator,cm,"For the Treatment Phase, Change From Baseline in Height",Change at Week 8,False,False,True,3 to < 6 Years Old - LDV/SOF 12 Weeks,1.0,0.82,34,12 to < 18 Years Old - LDV/SOF 12 Weeks,0.4,100,0.6,,
NCT02249182,Hepatitis C Virus Infection,Safety and Efficacy of Ledipasvir/Sofosbuvir Fixed Dose Combination +/- Ribavirin in Adolescents and Children With Chronic HCV-Infection,LDV/SOF ; RBV,active-comparator,cm,"For the Treatment Phase, Change From Baseline in Height",Change at Week 12,False,False,True,6 to < 12 Years Old - LDV/SOF 12 Weeks,1.3,0.83,89,12 to < 18 Years Old - LDV/SOF 12 Weeks,0.5,100,0.8,,
NCT02249182,Hepatitis C Virus Infection,Safety and Efficacy of Ledipasvir/Sofosbuvir Fixed Dose Combination +/- Ribavirin in Adolescents and Children With Chronic HCV-Infection,LDV/SOF ; RBV,active-comparator,cm,"For the Treatment Phase, Change From Baseline in Height",Change at Week 12,False,False,True,3 to < 6 Years Old - LDV/SOF 12 Weeks,1.6,0.98,34,12 to < 18 Years Old - LDV/SOF 12 Weeks,0.5,100,1.1,,
NCT02249182,Hepatitis C Virus Infection,Safety and Efficacy of Ledipasvir/Sofosbuvir Fixed Dose Combination +/- Ribavirin in Adolescents and Children With Chronic HCV-Infection,LDV/SOF ; RBV,active-comparator,cm,"For the Treatment Phase, Change From Baseline in Height",Change at Posttreatment Week 4,False,False,True,6 to < 12 Years Old - LDV/SOF 12 Weeks,1.8,1.04,89,12 to < 18 Years Old - LDV/SOF 12 Weeks,0.8,100,1.0,,
NCT02249182,Hepatitis C Virus Infection,Safety and Efficacy of Ledipasvir/Sofosbuvir Fixed Dose Combination +/- Ribavirin in Adolescents and Children With Chronic HCV-Infection,LDV/SOF ; RBV,active-comparator,cm,"For the Treatment Phase, Change From Baseline in Height",Change at Posttreatment Week 4,False,False,True,3 to < 6 Years Old - LDV/SOF 12 Weeks,2.1,1.13,34,12 to < 18 Years Old - LDV/SOF 12 Weeks,0.8,100,1.3,,
NCT02249182,Hepatitis C Virus Infection,Safety and Efficacy of Ledipasvir/Sofosbuvir Fixed Dose Combination +/- Ribavirin in Adolescents and Children With Chronic HCV-Infection,LDV/SOF ; RBV,active-comparator,cm,"For the Treatment Phase, Change From Baseline in Height",Change at Posttreatment Week 12,False,False,True,6 to < 12 Years Old - LDV/SOF 12 Weeks,2.7,0.97,89,12 to < 18 Years Old - LDV/SOF 12 Weeks,1.2,100,1.5,,
NCT02249182,Hepatitis C Virus Infection,Safety and Efficacy of Ledipasvir/Sofosbuvir Fixed Dose Combination +/- Ribavirin in Adolescents and Children With Chronic HCV-Infection,LDV/SOF ; RBV,active-comparator,cm,"For the Treatment Phase, Change From Baseline in Height",Change at Posttreatment Week 12,False,False,True,3 to < 6 Years Old - LDV/SOF 12 Weeks,3.3,1.18,34,12 to < 18 Years Old - LDV/SOF 12 Weeks,1.2,100,2.1,,
NCT02249182,Hepatitis C Virus Infection,Safety and Efficacy of Ledipasvir/Sofosbuvir Fixed Dose Combination +/- Ribavirin in Adolescents and Children With Chronic HCV-Infection,LDV/SOF ; RBV,active-comparator,cm,"For the Treatment Phase, Change From Baseline in Height",Change at Posttreatment Week 24,False,False,True,6 to < 12 Years Old - LDV/SOF 12 Weeks,4.1,1.39,89,12 to < 18 Years Old - LDV/SOF 12 Weeks,1.8,100,2.3,,
NCT02249182,Hepatitis C Virus Infection,Safety and Efficacy of Ledipasvir/Sofosbuvir Fixed Dose Combination +/- Ribavirin in Adolescents and Children With Chronic HCV-Infection,LDV/SOF ; RBV,active-comparator,cm,"For the Treatment Phase, Change From Baseline in Height",Change at Posttreatment Week 24,False,False,True,3 to < 6 Years Old - LDV/SOF 12 Weeks,4.7,1.31,34,12 to < 18 Years Old - LDV/SOF 12 Weeks,1.8,100,2.9,,
NCT04779307,"Colitis, Ulcerative",A Study of Vedolizumab in Children and Teenagers With Moderate to Severe Ulcerative Colitis (UC),Vedolizumab,active-comparator,cm,Change From Baseline in Height,Change at Week 2,False,False,True,Participants With All Weight Groups Combined: Vedolizumab High Dose,0.27,0.699,46,Participants With All Weight Groups Combined: Vedolizumab Low Dose,0.2,47,0.07,,
NCT04779307,"Colitis, Ulcerative",A Study of Vedolizumab in Children and Teenagers With Moderate to Severe Ulcerative Colitis (UC),Vedolizumab,active-comparator,cm,Change From Baseline in Height,Change at Week 6,False,False,True,Participants With All Weight Groups Combined: Vedolizumab Low Dose,0.45,0.645,47,Participants With All Weight Groups Combined: Vedolizumab High Dose,0.39,46,0.06,,
NCT04779307,"Colitis, Ulcerative",A Study of Vedolizumab in Children and Teenagers With Moderate to Severe Ulcerative Colitis (UC),Vedolizumab,active-comparator,cm,Change From Baseline in Height,Change at Week 10,False,False,True,Participants With All Weight Groups Combined: Vedolizumab High Dose,0.85,1.317,46,Participants With All Weight Groups Combined: Vedolizumab Low Dose,0.65,47,0.2,,
NCT04779307,"Colitis, Ulcerative",A Study of Vedolizumab in Children and Teenagers With Moderate to Severe Ulcerative Colitis (UC),Vedolizumab,active-comparator,cm,Change From Baseline in Height,Change at Week 14,False,False,True,Participants With All Weight Groups Combined: Vedolizumab High Dose,1.14,1.492,46,Participants With All Weight Groups Combined: Vedolizumab Low Dose,1.08,47,0.06,,
NCT04779307,"Colitis, Ulcerative",A Study of Vedolizumab in Children and Teenagers With Moderate to Severe Ulcerative Colitis (UC),Vedolizumab,active-comparator,cm,Change From Baseline in Height,Change at Week 22,False,False,True,Participants With All Weight Groups Combined: Vedolizumab High Dose,1.82,2.007,46,Participants With All Weight Groups Combined: Vedolizumab Low Dose,1.8,47,0.02,,
NCT04779307,"Colitis, Ulcerative",A Study of Vedolizumab in Children and Teenagers With Moderate to Severe Ulcerative Colitis (UC),Vedolizumab,active-comparator,cm,Change From Baseline in Height,Change at Week 30,False,False,True,Participants With All Weight Groups Combined: Vedolizumab High Dose,2.59,2.064,46,Participants With All Weight Groups Combined: Vedolizumab Low Dose,2.45,47,0.14,,
NCT04779307,"Colitis, Ulcerative",A Study of Vedolizumab in Children and Teenagers With Moderate to Severe Ulcerative Colitis (UC),Vedolizumab,active-comparator,cm,Change From Baseline in Height,Change at Week 38,False,False,True,Participants With All Weight Groups Combined: Vedolizumab Low Dose,3.3,2.359,47,Participants With All Weight Groups Combined: Vedolizumab High Dose,3.07,46,0.23,,
NCT04779307,"Colitis, Ulcerative",A Study of Vedolizumab in Children and Teenagers With Moderate to Severe Ulcerative Colitis (UC),Vedolizumab,active-comparator,cm,Change From Baseline in Height,Change at Week 46,False,False,True,Participants With All Weight Groups Combined: Vedolizumab Low Dose,3.93,2.893,47,Participants With All Weight Groups Combined: Vedolizumab High Dose,3.76,46,0.17,,
NCT04779307,"Colitis, Ulcerative",A Study of Vedolizumab in Children and Teenagers With Moderate to Severe Ulcerative Colitis (UC),Vedolizumab,active-comparator,cm,Change From Baseline in Height,Change at Week 54,False,False,True,Participants With All Weight Groups Combined: Vedolizumab Low Dose,4.64,3.274,47,Participants With All Weight Groups Combined: Vedolizumab High Dose,3.99,46,0.65,,
NCT04779307,"Colitis, Ulcerative",A Study of Vedolizumab in Children and Teenagers With Moderate to Severe Ulcerative Colitis (UC),Vedolizumab,active-comparator,Z,Change From Baseline in Linear Growth Z-score,Change at Week 2,False,False,True,Participants With All Weight Groups Combined: Vedolizumab High Dose,0.04,0.1032,46,Participants With All Weight Groups Combined: Vedolizumab Low Dose,0.033,47,0.007,,
NCT04779307,"Colitis, Ulcerative",A Study of Vedolizumab in Children and Teenagers With Moderate to Severe Ulcerative Colitis (UC),Vedolizumab,active-comparator,Z,Change From Baseline in Linear Growth Z-score,Change at Week 6,False,False,True,Participants With All Weight Groups Combined: Vedolizumab Low Dose,0.072,0.1026,47,Participants With All Weight Groups Combined: Vedolizumab High Dose,0.057,46,0.015,,
NCT04779307,"Colitis, Ulcerative",A Study of Vedolizumab in Children and Teenagers With Moderate to Severe Ulcerative Colitis (UC),Vedolizumab,active-comparator,Z,Change From Baseline in Linear Growth Z-score,Change at Week 10,False,False,True,Participants With All Weight Groups Combined: Vedolizumab High Dose,0.134,0.2267,46,Participants With All Weight Groups Combined: Vedolizumab Low Dose,0.106,47,0.028,,
NCT04779307,"Colitis, Ulcerative",A Study of Vedolizumab in Children and Teenagers With Moderate to Severe Ulcerative Colitis (UC),Vedolizumab,active-comparator,Z,Change From Baseline in Linear Growth Z-score,Change at Week 14,False,False,True,Participants With All Weight Groups Combined: Vedolizumab High Dose,0.186,0.2631,46,Participants With All Weight Groups Combined: Vedolizumab Low Dose,0.175,47,0.011,,
NCT04779307,"Colitis, Ulcerative",A Study of Vedolizumab in Children and Teenagers With Moderate to Severe Ulcerative Colitis (UC),Vedolizumab,active-comparator,Z,Change From Baseline in Linear Growth Z-score,Change at Week 22,False,False,True,Participants With All Weight Groups Combined: Vedolizumab High Dose,0.297,0.3682,46,Participants With All Weight Groups Combined: Vedolizumab Low Dose,0.29,47,0.007,,
NCT04779307,"Colitis, Ulcerative",A Study of Vedolizumab in Children and Teenagers With Moderate to Severe Ulcerative Colitis (UC),Vedolizumab,active-comparator,Z,Change From Baseline in Linear Growth Z-score,Change at Week 30,False,False,True,Participants With All Weight Groups Combined: Vedolizumab High Dose,0.407,0.3755,46,Participants With All Weight Groups Combined: Vedolizumab Low Dose,0.389,47,0.018,,
NCT04779307,"Colitis, Ulcerative",A Study of Vedolizumab in Children and Teenagers With Moderate to Severe Ulcerative Colitis (UC),Vedolizumab,active-comparator,Z,Change From Baseline in Linear Growth Z-score,Change at Week 38,False,False,True,Participants With All Weight Groups Combined: Vedolizumab Low Dose,0.537,0.4534,47,Participants With All Weight Groups Combined: Vedolizumab High Dose,0.49,46,0.047,,
NCT04779307,"Colitis, Ulcerative",A Study of Vedolizumab in Children and Teenagers With Moderate to Severe Ulcerative Colitis (UC),Vedolizumab,active-comparator,Z,Change From Baseline in Linear Growth Z-score,Change at Week 46,False,False,True,Participants With All Weight Groups Combined: Vedolizumab Low Dose,0.629,0.5383,47,Participants With All Weight Groups Combined: Vedolizumab High Dose,0.602,46,0.027,,
NCT04779307,"Colitis, Ulcerative",A Study of Vedolizumab in Children and Teenagers With Moderate to Severe Ulcerative Colitis (UC),Vedolizumab,active-comparator,Z,Change From Baseline in Linear Growth Z-score,Change at Week 54,False,False,True,Participants With All Weight Groups Combined: Vedolizumab Low Dose,0.754,0.6341,47,Participants With All Weight Groups Combined: Vedolizumab High Dose,0.616,46,0.138,,
NCT03659916,Progressive Familial Intrahepatic Cholestasis,Long Term Safety & Efficacy Study Evaluating The Effect of A4250 in Children With PFIC,A4250 (odevixibat),placebo,Z,Change From Baseline in Height Z-Scores,Week 24,False,False,False,Cohort 1: Odevixibat/Odevixibat,0.341,,28,Cohort 1: Placebo/Odevixibat,0.181,15,0.16,,
NCT03659916,Progressive Familial Intrahepatic Cholestasis,Long Term Safety & Efficacy Study Evaluating The Effect of A4250 in Children With PFIC,A4250 (odevixibat),placebo,Z,Change From Baseline in Height Z-Scores,Week 24,False,False,False,Cohort 2: Odevixibat,0.089,,46,Cohort 1: Placebo/Odevixibat,0.181,15,-0.092,,
NCT03659916,Progressive Familial Intrahepatic Cholestasis,Long Term Safety & Efficacy Study Evaluating The Effect of A4250 in Children With PFIC,A4250 (odevixibat),placebo,Z,Change From Baseline in Height Z-Scores,Week 48,False,False,False,Cohort 1: Odevixibat/Odevixibat,0.662,,28,Cohort 1: Placebo/Odevixibat,0.485,15,0.177,,
NCT03659916,Progressive Familial Intrahepatic Cholestasis,Long Term Safety & Efficacy Study Evaluating The Effect of A4250 in Children With PFIC,A4250 (odevixibat),placebo,Z,Change From Baseline in Height Z-Scores,Week 48,False,False,False,Cohort 2: Odevixibat,0.095,,46,Cohort 1: Placebo/Odevixibat,0.485,15,-0.39,,
NCT03659916,Progressive Familial Intrahepatic Cholestasis,Long Term Safety & Efficacy Study Evaluating The Effect of A4250 in Children With PFIC,A4250 (odevixibat),placebo,Z,Change From Baseline in Height Z-Scores,Average of Weeks 70-72,False,False,False,Cohort 1: Odevixibat/Odevixibat,0.543,,28,Cohort 1: Placebo/Odevixibat,0.556,15,-0.013,,
NCT03659916,Progressive Familial Intrahepatic Cholestasis,Long Term Safety & Efficacy Study Evaluating The Effect of A4250 in Children With PFIC,A4250 (odevixibat),placebo,Z,Change From Baseline in Height Z-Scores,Average of Weeks 70-72,False,False,False,Cohort 2: Odevixibat,0.224,,46,Cohort 1: Placebo/Odevixibat,0.556,15,-0.332,,
NCT00000575,Asthma ; Lung Diseases,"Childhood Asthma Management Program (CAMP) Phases I (Trial), II (CAMPCS), III (CAMPCS/2), and IV (CAMPCS/3)",Placebo ; Nedocromil ; Budesonide,placebo,cm,"Change in Height From Baseline to End of Treatment, 4-6 Years Later",,False,False,True,1 Budesonide,22.7,5.4,311,3 Placebo,23.8,418,-1.1,,
NCT00000575,Asthma ; Lung Diseases,"Childhood Asthma Management Program (CAMP) Phases I (Trial), II (CAMPCS), III (CAMPCS/2), and IV (CAMPCS/3)",Placebo ; Nedocromil ; Budesonide,placebo,cm,"Change in Height From Baseline to End of Treatment, 4-6 Years Later",,False,False,True,2 Nedocromil,23.7,5.4,312,3 Placebo,23.8,418,-0.1,,
NCT03198078,Schizophrenia,Trial to Evaluate the Short-term Safety & Efficacy of Brexpiprazole Monotherapy in the Treatment of Adolescents With Schizophrenia,Brexpiprazole (OPC-34712) ; Aripiprazole ; Placebo,placebo,cm,Mean Change From Baseline in Height,,False,False,False,Brexpiprazole,0.2,1.1,108,Placebo,0.3,96,-0.1,,
NCT03198078,Schizophrenia,Trial to Evaluate the Short-term Safety & Efficacy of Brexpiprazole Monotherapy in the Treatment of Adolescents With Schizophrenia,Brexpiprazole (OPC-34712) ; Aripiprazole ; Placebo,placebo,cm,Mean Change From Baseline in Height,,False,False,False,Aripiprazole,0.2,2.9,99,Placebo,0.3,96,-0.1,,
NCT04596631,"Diabetes Mellitus, Type 2",A Research Study to Compare a New Medicine Oral Semaglutide to a Dummy Medicine in Children and Teenagers With Type 2 Diabetes,Oral semaglutide ; Placebo (semaglutide),placebo,cm/yr,Height Velocity at Week 26 and Week 52,Week 26,False,False,False,Oral Semaglutide,1.5,2.2,65,Placebo,1.8,61,-0.3,,
NCT04596631,"Diabetes Mellitus, Type 2",A Research Study to Compare a New Medicine Oral Semaglutide to a Dummy Medicine in Children and Teenagers With Type 2 Diabetes,Oral semaglutide ; Placebo (semaglutide),placebo,cm/yr,Height Velocity at Week 26 and Week 52,Week 52,False,False,False,Oral Semaglutide,1.0,1.8,65,Placebo,0.8,61,0.2,,
NCT03197766,Achondroplasia,A Study to Evaluate the Efficacy and Safety of BMN 111 in Children With Achondroplasia,BMN 111 ; Placebo,placebo,cm/yr,Change From Baseline in Annualized Growth Velocity (AGV) at Week 52,,True,True,False,BMN 111 - 15 μg/kg,1.71,,60,Placebo,0.13,61,1.58,,
NCT03197766,Achondroplasia,A Study to Evaluate the Efficacy and Safety of BMN 111 in Children With Achondroplasia,BMN 111 ; Placebo,placebo,Z,Change From Baseline in Height Z-score at Week 52,,True,True,False,BMN 111 - 15 μg/kg,0.27,,60,Placebo,-0.01,61,0.28,,
NCT01342952,"Hypertension, Pulmonary",Long-term Ambrisentan Extension Study for Pediatric Patients Who Participated in AMB112529,Ambrisentan,active-comparator,cm,Change From Baseline in Vital Sign Parameter: Height,,False,False,False,Ambrisentan 10 mg (Safety),12.1,17.55,10,Ambrisentan 5 mg (Safety),9.9,10,2.2,,
NCT00125164,Growth Disorders ; Insulin-Like Growth Factor-1 Deficiency,Prepubertal Children With Growth Failure Associated With Primary Insulin-Like Growth Factor-1 (IGF-1) Deficiency,"rhIGF-1 (mecasermin, Tercica, Inc.)",placebo,cm/yr,Height Velocity During the First Year - Intent to Treat (ITT)Population,,True,True,True,80 μg/kg BID (Twice Daily Dosing),6.9,1.0,42,Untreated,5.2,22,1.7,,
NCT00125164,Growth Disorders ; Insulin-Like Growth Factor-1 Deficiency,Prepubertal Children With Growth Failure Associated With Primary Insulin-Like Growth Factor-1 (IGF-1) Deficiency,"rhIGF-1 (mecasermin, Tercica, Inc.)",placebo,cm/yr,Height Velocity During the First Year - Intent to Treat (ITT)Population,,True,True,True,120 μg/kg BID (Twice Daily Dosing),7.7,1.5,49,Untreated,5.2,22,2.5,,
NCT00125164,Growth Disorders ; Insulin-Like Growth Factor-1 Deficiency,Prepubertal Children With Growth Failure Associated With Primary Insulin-Like Growth Factor-1 (IGF-1) Deficiency,"rhIGF-1 (mecasermin, Tercica, Inc.)",placebo,cm/yr,Height Velocity During the First Year for Subjects - Completers,,True,True,True,80 μg/kg BID (Twice Daily Dosing),7.0,1.0,39,Untreated,5.2,21,1.8,,
NCT00125164,Growth Disorders ; Insulin-Like Growth Factor-1 Deficiency,Prepubertal Children With Growth Failure Associated With Primary Insulin-Like Growth Factor-1 (IGF-1) Deficiency,"rhIGF-1 (mecasermin, Tercica, Inc.)",placebo,cm/yr,Height Velocity During the First Year for Subjects - Completers,,True,True,True,120 μg/kg BID (Twice Daily Dosing),7.9,1.4,43,Untreated,5.2,21,2.7,,
NCT03625466,Cystic Fibrosis,"A Study to Explore the Impact of Lumacaftor/Ivacaftor on Disease Progression in Subjects Aged 2 Through 5 Years With Cystic Fibrosis, Homozygous for F508del",LUM/IVA ; LUM/IVA ; Placebo,placebo,Z,Part 1: Absolute Change in Stature-for-age Z-score at Week 48,,False,False,True,Part 1: LUM/IVA,0.09,,35,Part 1: Placebo,0.1,16,-0.01,,
NCT03583697,Achondroplasia,A Clinical Trial to Evaluate the Safety and Efficacy of BMN 111 in Infants and Young Children With Achondroplasia,BMN 111 ; Placebo,placebo,Z,Change From Baseline in Height Z-score at Week 52.,,True,True,False,Randomized Vosoritide,-0.06,,32,Randomized Placebo,-0.31,32,0.25,,
NCT03583697,Achondroplasia,A Clinical Trial to Evaluate the Safety and Efficacy of BMN 111 in Infants and Young Children With Achondroplasia,BMN 111 ; Placebo,placebo,Z,Change From Baseline in Height Z-score at Week 52.,,True,True,False,All Vosoritide,0.01,,43,Randomized Placebo,-0.31,32,0.32,,
NCT03583697,Achondroplasia,A Clinical Trial to Evaluate the Safety and Efficacy of BMN 111 in Infants and Young Children With Achondroplasia,BMN 111 ; Placebo,placebo,Z,Change From Baseline in Height Z-score at Week 52.,,True,True,False,Placebo,-0.3,,32,Randomized Placebo,-0.31,32,0.01,,
NCT03583697,Achondroplasia,A Clinical Trial to Evaluate the Safety and Efficacy of BMN 111 in Infants and Young Children With Achondroplasia,BMN 111 ; Placebo,placebo,cm,Change From Baseline in Height at Week 52,,True,True,False,Randomized Vosoritide,8.15,,32,Randomized Placebo,7.38,32,0.77,,
NCT03583697,Achondroplasia,A Clinical Trial to Evaluate the Safety and Efficacy of BMN 111 in Infants and Young Children With Achondroplasia,BMN 111 ; Placebo,placebo,cm,Change From Baseline in Height at Week 52,,True,True,False,All Vosoritide,8.41,,43,Randomized Placebo,7.38,32,1.03,,
NCT03583697,Achondroplasia,A Clinical Trial to Evaluate the Safety and Efficacy of BMN 111 in Infants and Young Children With Achondroplasia,BMN 111 ; Placebo,placebo,cm,Change From Baseline in Height at Week 52,,True,True,False,Placebo,7.45,,32,Randomized Placebo,7.38,32,0.07,,
NCT03583697,Achondroplasia,A Clinical Trial to Evaluate the Safety and Efficacy of BMN 111 in Infants and Young Children With Achondroplasia,BMN 111 ; Placebo,placebo,cm/yr,Change From Baseline in Annualized Growth Velocity (AGV) at Week 52,,True,True,False,Randomized Vosoritide,-2.17,,32,Randomized Placebo,-2.95,32,0.78,,
NCT03583697,Achondroplasia,A Clinical Trial to Evaluate the Safety and Efficacy of BMN 111 in Infants and Young Children With Achondroplasia,BMN 111 ; Placebo,placebo,cm/yr,Change From Baseline in Annualized Growth Velocity (AGV) at Week 52,,True,True,False,All Vosoritide,-2.41,,43,Randomized Placebo,-2.95,32,0.54,,
NCT03583697,Achondroplasia,A Clinical Trial to Evaluate the Safety and Efficacy of BMN 111 in Infants and Young Children With Achondroplasia,BMN 111 ; Placebo,placebo,cm/yr,Change From Baseline in Annualized Growth Velocity (AGV) at Week 52,,True,True,False,Placebo,-3.32,,32,Randomized Placebo,-2.95,32,-0.37,,
NCT03583697,Achondroplasia,A Clinical Trial to Evaluate the Safety and Efficacy of BMN 111 in Infants and Young Children With Achondroplasia,BMN 111 ; Placebo,placebo,cm,"Change From Baseline in Other Growth Measures (Upper Body Length, Head Circumference, Arm Span, Upper Arm Length, Lower Arm Length, Lower Body Length, Upper Leg Length, Knee to Heel Length, and Tibial Length) at Week 52",Upper body length,True,True,False,Cohort 1: Vosoritide,3.54,1.81,19,Cohort 1: Placebo,3.04,16,0.5,,
NCT03583697,Achondroplasia,A Clinical Trial to Evaluate the Safety and Efficacy of BMN 111 in Infants and Young Children With Achondroplasia,BMN 111 ; Placebo,placebo,cm,"Change From Baseline in Other Growth Measures (Upper Body Length, Head Circumference, Arm Span, Upper Arm Length, Lower Arm Length, Lower Body Length, Upper Leg Length, Knee to Heel Length, and Tibial Length) at Week 52",Upper body length,True,True,False,Cohort 2: Vosoritide,5.2,1.5,12,Cohort 1: Placebo,3.04,16,2.16,,
NCT03583697,Achondroplasia,A Clinical Trial to Evaluate the Safety and Efficacy of BMN 111 in Infants and Young Children With Achondroplasia,BMN 111 ; Placebo,placebo,cm,"Change From Baseline in Other Growth Measures (Upper Body Length, Head Circumference, Arm Span, Upper Arm Length, Lower Arm Length, Lower Body Length, Upper Leg Length, Knee to Heel Length, and Tibial Length) at Week 52",Upper body length,True,True,False,Cohort 3: Vosoritide,6.75,0.86,11,Cohort 1: Placebo,3.04,16,3.71,,
NCT03583697,Achondroplasia,A Clinical Trial to Evaluate the Safety and Efficacy of BMN 111 in Infants and Young Children With Achondroplasia,BMN 111 ; Placebo,placebo,cm,"Change From Baseline in Other Growth Measures (Upper Body Length, Head Circumference, Arm Span, Upper Arm Length, Lower Arm Length, Lower Body Length, Upper Leg Length, Knee to Heel Length, and Tibial Length) at Week 52",Head Circumference,True,True,False,Cohort 1: Vosoritide,0.74,0.49,19,Cohort 1: Placebo,0.68,16,0.06,,
NCT03583697,Achondroplasia,A Clinical Trial to Evaluate the Safety and Efficacy of BMN 111 in Infants and Young Children With Achondroplasia,BMN 111 ; Placebo,placebo,cm,"Change From Baseline in Other Growth Measures (Upper Body Length, Head Circumference, Arm Span, Upper Arm Length, Lower Arm Length, Lower Body Length, Upper Leg Length, Knee to Heel Length, and Tibial Length) at Week 52",Head Circumference,True,True,False,Cohort 2: Vosoritide,3.1,1.45,12,Cohort 1: Placebo,0.68,16,2.42,,
NCT03583697,Achondroplasia,A Clinical Trial to Evaluate the Safety and Efficacy of BMN 111 in Infants and Young Children With Achondroplasia,BMN 111 ; Placebo,placebo,cm,"Change From Baseline in Other Growth Measures (Upper Body Length, Head Circumference, Arm Span, Upper Arm Length, Lower Arm Length, Lower Body Length, Upper Leg Length, Knee to Heel Length, and Tibial Length) at Week 52",Head Circumference,True,True,False,Cohort 3: Vosoritide,6.29,0.81,11,Cohort 1: Placebo,0.68,16,5.61,,
NCT03583697,Achondroplasia,A Clinical Trial to Evaluate the Safety and Efficacy of BMN 111 in Infants and Young Children With Achondroplasia,BMN 111 ; Placebo,placebo,cm,"Change From Baseline in Other Growth Measures (Upper Body Length, Head Circumference, Arm Span, Upper Arm Length, Lower Arm Length, Lower Body Length, Upper Leg Length, Knee to Heel Length, and Tibial Length) at Week 52",Arm Span,True,True,False,Cohort 1: Vosoritide,5.82,3.65,19,Cohort 1: Placebo,4.86,16,0.96,,
NCT03583697,Achondroplasia,A Clinical Trial to Evaluate the Safety and Efficacy of BMN 111 in Infants and Young Children With Achondroplasia,BMN 111 ; Placebo,placebo,cm,"Change From Baseline in Other Growth Measures (Upper Body Length, Head Circumference, Arm Span, Upper Arm Length, Lower Arm Length, Lower Body Length, Upper Leg Length, Knee to Heel Length, and Tibial Length) at Week 52",Arm Span,True,True,False,Cohort 2: Vosoritide,7.22,1.45,12,Cohort 1: Placebo,4.86,16,2.36,,
NCT03583697,Achondroplasia,A Clinical Trial to Evaluate the Safety and Efficacy of BMN 111 in Infants and Young Children With Achondroplasia,BMN 111 ; Placebo,placebo,cm,"Change From Baseline in Other Growth Measures (Upper Body Length, Head Circumference, Arm Span, Upper Arm Length, Lower Arm Length, Lower Body Length, Upper Leg Length, Knee to Heel Length, and Tibial Length) at Week 52",Arm Span,True,True,False,Cohort 3: Vosoritide,8.99,4.77,11,Cohort 1: Placebo,4.86,16,4.13,,
NCT03583697,Achondroplasia,A Clinical Trial to Evaluate the Safety and Efficacy of BMN 111 in Infants and Young Children With Achondroplasia,BMN 111 ; Placebo,placebo,cm,"Change From Baseline in Other Growth Measures (Upper Body Length, Head Circumference, Arm Span, Upper Arm Length, Lower Arm Length, Lower Body Length, Upper Leg Length, Knee to Heel Length, and Tibial Length) at Week 52",Upper Arm Length,True,True,False,Cohort 1: Vosoritide,0.77,0.96,19,Cohort 1: Placebo,1.02,16,-0.25,,
NCT03583697,Achondroplasia,A Clinical Trial to Evaluate the Safety and Efficacy of BMN 111 in Infants and Young Children With Achondroplasia,BMN 111 ; Placebo,placebo,cm,"Change From Baseline in Other Growth Measures (Upper Body Length, Head Circumference, Arm Span, Upper Arm Length, Lower Arm Length, Lower Body Length, Upper Leg Length, Knee to Heel Length, and Tibial Length) at Week 52",Upper Arm Length,True,True,False,Cohort 2: Vosoritide,1.44,1.26,12,Cohort 1: Placebo,1.02,16,0.42,,
NCT03583697,Achondroplasia,A Clinical Trial to Evaluate the Safety and Efficacy of BMN 111 in Infants and Young Children With Achondroplasia,BMN 111 ; Placebo,placebo,cm,"Change From Baseline in Other Growth Measures (Upper Body Length, Head Circumference, Arm Span, Upper Arm Length, Lower Arm Length, Lower Body Length, Upper Leg Length, Knee to Heel Length, and Tibial Length) at Week 52",Upper Arm Length,True,True,False,Cohort 3: Vosoritide,1.44,1.33,11,Cohort 1: Placebo,1.02,16,0.42,,
NCT03583697,Achondroplasia,A Clinical Trial to Evaluate the Safety and Efficacy of BMN 111 in Infants and Young Children With Achondroplasia,BMN 111 ; Placebo,placebo,cm,"Change From Baseline in Other Growth Measures (Upper Body Length, Head Circumference, Arm Span, Upper Arm Length, Lower Arm Length, Lower Body Length, Upper Leg Length, Knee to Heel Length, and Tibial Length) at Week 52",Lower Arm (Forearm) Length,True,True,False,Cohort 1: Vosoritide,0.79,0.9,19,Cohort 1: Placebo,0.49,16,0.3,,
NCT03583697,Achondroplasia,A Clinical Trial to Evaluate the Safety and Efficacy of BMN 111 in Infants and Young Children With Achondroplasia,BMN 111 ; Placebo,placebo,cm,"Change From Baseline in Other Growth Measures (Upper Body Length, Head Circumference, Arm Span, Upper Arm Length, Lower Arm Length, Lower Body Length, Upper Leg Length, Knee to Heel Length, and Tibial Length) at Week 52",Lower Arm (Forearm) Length,True,True,False,Cohort 2: Vosoritide,1.57,0.98,12,Cohort 1: Placebo,0.49,16,1.08,,
NCT03583697,Achondroplasia,A Clinical Trial to Evaluate the Safety and Efficacy of BMN 111 in Infants and Young Children With Achondroplasia,BMN 111 ; Placebo,placebo,cm,"Change From Baseline in Other Growth Measures (Upper Body Length, Head Circumference, Arm Span, Upper Arm Length, Lower Arm Length, Lower Body Length, Upper Leg Length, Knee to Heel Length, and Tibial Length) at Week 52",Lower Arm (Forearm) Length,True,True,False,Cohort 3: Vosoritide,1.49,0.79,11,Cohort 1: Placebo,0.49,16,1.0,,
NCT03583697,Achondroplasia,A Clinical Trial to Evaluate the Safety and Efficacy of BMN 111 in Infants and Young Children With Achondroplasia,BMN 111 ; Placebo,placebo,cm,"Change From Baseline in Other Growth Measures (Upper Body Length, Head Circumference, Arm Span, Upper Arm Length, Lower Arm Length, Lower Body Length, Upper Leg Length, Knee to Heel Length, and Tibial Length) at Week 52",Lower Body Length,True,True,False,Cohort 1: Vosoritide,2.89,1.99,19,Cohort 1: Placebo,2.41,16,0.48,,
NCT03583697,Achondroplasia,A Clinical Trial to Evaluate the Safety and Efficacy of BMN 111 in Infants and Young Children With Achondroplasia,BMN 111 ; Placebo,placebo,cm,"Change From Baseline in Other Growth Measures (Upper Body Length, Head Circumference, Arm Span, Upper Arm Length, Lower Arm Length, Lower Body Length, Upper Leg Length, Knee to Heel Length, and Tibial Length) at Week 52",Lower Body Length,True,True,False,Cohort 2: Vosoritide,3.79,1.56,12,Cohort 1: Placebo,2.41,16,1.38,,
NCT03583697,Achondroplasia,A Clinical Trial to Evaluate the Safety and Efficacy of BMN 111 in Infants and Young Children With Achondroplasia,BMN 111 ; Placebo,placebo,cm,"Change From Baseline in Other Growth Measures (Upper Body Length, Head Circumference, Arm Span, Upper Arm Length, Lower Arm Length, Lower Body Length, Upper Leg Length, Knee to Heel Length, and Tibial Length) at Week 52",Lower Body Length,True,True,False,Cohort 3: Vosoritide,4.41,1.53,11,Cohort 1: Placebo,2.41,16,2.0,,
NCT03583697,Achondroplasia,A Clinical Trial to Evaluate the Safety and Efficacy of BMN 111 in Infants and Young Children With Achondroplasia,BMN 111 ; Placebo,placebo,cm,"Change From Baseline in Other Growth Measures (Upper Body Length, Head Circumference, Arm Span, Upper Arm Length, Lower Arm Length, Lower Body Length, Upper Leg Length, Knee to Heel Length, and Tibial Length) at Week 52",Upper Leg Length (Thigh),True,True,False,Cohort 1: Vosoritide,1.55,1.46,19,Cohort 1: Placebo,0.82,16,0.73,,
NCT03583697,Achondroplasia,A Clinical Trial to Evaluate the Safety and Efficacy of BMN 111 in Infants and Young Children With Achondroplasia,BMN 111 ; Placebo,placebo,cm,"Change From Baseline in Other Growth Measures (Upper Body Length, Head Circumference, Arm Span, Upper Arm Length, Lower Arm Length, Lower Body Length, Upper Leg Length, Knee to Heel Length, and Tibial Length) at Week 52",Upper Leg Length (Thigh),True,True,False,Cohort 2: Vosoritide,1.1,1.42,12,Cohort 1: Placebo,0.82,16,0.28,,
NCT03583697,Achondroplasia,A Clinical Trial to Evaluate the Safety and Efficacy of BMN 111 in Infants and Young Children With Achondroplasia,BMN 111 ; Placebo,placebo,cm,"Change From Baseline in Other Growth Measures (Upper Body Length, Head Circumference, Arm Span, Upper Arm Length, Lower Arm Length, Lower Body Length, Upper Leg Length, Knee to Heel Length, and Tibial Length) at Week 52",Upper Leg Length (Thigh),True,True,False,Cohort 3: Vosoritide,1.93,1.65,11,Cohort 1: Placebo,0.82,16,1.11,,
NCT03583697,Achondroplasia,A Clinical Trial to Evaluate the Safety and Efficacy of BMN 111 in Infants and Young Children With Achondroplasia,BMN 111 ; Placebo,placebo,cm,"Change From Baseline in Other Growth Measures (Upper Body Length, Head Circumference, Arm Span, Upper Arm Length, Lower Arm Length, Lower Body Length, Upper Leg Length, Knee to Heel Length, and Tibial Length) at Week 52",Knee to Heel Length,True,True,False,Cohort 1: Vosoritide,2.21,0.67,19,Cohort 1: Placebo,1.52,16,0.69,,
NCT03583697,Achondroplasia,A Clinical Trial to Evaluate the Safety and Efficacy of BMN 111 in Infants and Young Children With Achondroplasia,BMN 111 ; Placebo,placebo,cm,"Change From Baseline in Other Growth Measures (Upper Body Length, Head Circumference, Arm Span, Upper Arm Length, Lower Arm Length, Lower Body Length, Upper Leg Length, Knee to Heel Length, and Tibial Length) at Week 52",Knee to Heel Length,True,True,False,Cohort 2: Vosoritide,2.29,1.91,12,Cohort 1: Placebo,1.52,16,0.77,,
NCT03583697,Achondroplasia,A Clinical Trial to Evaluate the Safety and Efficacy of BMN 111 in Infants and Young Children With Achondroplasia,BMN 111 ; Placebo,placebo,cm,"Change From Baseline in Other Growth Measures (Upper Body Length, Head Circumference, Arm Span, Upper Arm Length, Lower Arm Length, Lower Body Length, Upper Leg Length, Knee to Heel Length, and Tibial Length) at Week 52",Knee to Heel Length,True,True,False,Cohort 3: Vosoritide,3.12,0.85,11,Cohort 1: Placebo,1.52,16,1.6,,
NCT03583697,Achondroplasia,A Clinical Trial to Evaluate the Safety and Efficacy of BMN 111 in Infants and Young Children With Achondroplasia,BMN 111 ; Placebo,placebo,cm,"Change From Baseline in Other Growth Measures (Upper Body Length, Head Circumference, Arm Span, Upper Arm Length, Lower Arm Length, Lower Body Length, Upper Leg Length, Knee to Heel Length, and Tibial Length) at Week 52",Tibial Length,True,True,False,Cohort 1: Vosoritide,1.16,1.35,19,Cohort 1: Placebo,0.85,16,0.31,,
NCT03583697,Achondroplasia,A Clinical Trial to Evaluate the Safety and Efficacy of BMN 111 in Infants and Young Children With Achondroplasia,BMN 111 ; Placebo,placebo,cm,"Change From Baseline in Other Growth Measures (Upper Body Length, Head Circumference, Arm Span, Upper Arm Length, Lower Arm Length, Lower Body Length, Upper Leg Length, Knee to Heel Length, and Tibial Length) at Week 52",Tibial Length,True,True,False,Cohort 2: Vosoritide,1.99,0.8,12,Cohort 1: Placebo,0.85,16,1.14,,
NCT03583697,Achondroplasia,A Clinical Trial to Evaluate the Safety and Efficacy of BMN 111 in Infants and Young Children With Achondroplasia,BMN 111 ; Placebo,placebo,cm,"Change From Baseline in Other Growth Measures (Upper Body Length, Head Circumference, Arm Span, Upper Arm Length, Lower Arm Length, Lower Body Length, Upper Leg Length, Knee to Heel Length, and Tibial Length) at Week 52",Tibial Length,True,True,False,Cohort 3: Vosoritide,1.39,0.77,11,Cohort 1: Placebo,0.85,16,0.54,,
NCT00174187,Endocrine System Diseases,Treatment With Recombinant Human Growth Hormone (GH) in Children With Short Stature Secondary to a Long Term Corticoid Therapy,Somatropin,active-comparator,cm/yr,Growth Velocity (GV),"Year 1 (n = 14, 15)",True,True,False,Somatropin- Up To Year 3 (Nephrotic Syndrome),8.3,,15,Somatropin- Up To Year 3 (Juvenile Idiopathic Arthritis),6.5,15,1.8,,
NCT00174187,Endocrine System Diseases,Treatment With Recombinant Human Growth Hormone (GH) in Children With Short Stature Secondary to a Long Term Corticoid Therapy,Somatropin,active-comparator,cm/yr,Growth Velocity (GV),"Year 2 (n = 14, 15)",True,True,False,Somatropin- Up To Year 3 (Nephrotic Syndrome),7.0,,15,Somatropin- Up To Year 3 (Juvenile Idiopathic Arthritis),5.3,15,1.7,,
NCT00174187,Endocrine System Diseases,Treatment With Recombinant Human Growth Hormone (GH) in Children With Short Stature Secondary to a Long Term Corticoid Therapy,Somatropin,active-comparator,cm/yr,Growth Velocity (GV),"Year 3 (n = 14, 14)",True,True,False,Somatropin- Up To Year 3 (Nephrotic Syndrome),5.9,,15,Somatropin- Up To Year 3 (Juvenile Idiopathic Arthritis),4.5,15,1.4,,
NCT00174187,Endocrine System Diseases,Treatment With Recombinant Human Growth Hormone (GH) in Children With Short Stature Secondary to a Long Term Corticoid Therapy,Somatropin,active-comparator,Z,Growth Velocity Standard Deviation Score According to Chronological Age (GV [SDS/CA]),"Year 1 (n = 14, 15)",True,True,False,Somatropin- Up To Year 3 (Nephrotic Syndrome),1.3,,15,Somatropin- Up To Year 3 (Juvenile Idiopathic Arthritis),1.0,15,0.3,,
NCT00174187,Endocrine System Diseases,Treatment With Recombinant Human Growth Hormone (GH) in Children With Short Stature Secondary to a Long Term Corticoid Therapy,Somatropin,active-comparator,Z,Growth Velocity Standard Deviation Score According to Chronological Age (GV [SDS/CA]),"Year 2 (n = 14, 15)",True,True,False,Somatropin- Up To Year 3 (Nephrotic Syndrome),2.9,,15,Somatropin- Up To Year 3 (Juvenile Idiopathic Arthritis),0.1,15,2.8,,
NCT00174187,Endocrine System Diseases,Treatment With Recombinant Human Growth Hormone (GH) in Children With Short Stature Secondary to a Long Term Corticoid Therapy,Somatropin,active-comparator,Z,Growth Velocity Standard Deviation Score According to Chronological Age (GV [SDS/CA]),"Year 3 (n = 14, 14)",True,True,False,Somatropin- Up To Year 3 (Nephrotic Syndrome),2.9,,15,Somatropin- Up To Year 3 (Juvenile Idiopathic Arthritis),0.4,15,2.5,,
NCT00174187,Endocrine System Diseases,Treatment With Recombinant Human Growth Hormone (GH) in Children With Short Stature Secondary to a Long Term Corticoid Therapy,Somatropin,active-comparator,Z,Growth Velocity Standard Deviation Score According to Bone Age (GV [SDS/BA]),"Year 1 (n = 13, 15)",True,True,False,Somatropin- Up To Year 3 (Juvenile Idiopathic Arthritis),0.8,,15,Somatropin- Up To Year 3 (Nephrotic Syndrome),0.6,15,0.2,,
NCT00174187,Endocrine System Diseases,Treatment With Recombinant Human Growth Hormone (GH) in Children With Short Stature Secondary to a Long Term Corticoid Therapy,Somatropin,active-comparator,Z,Growth Velocity Standard Deviation Score According to Bone Age (GV [SDS/BA]),"Year 2 (n = 14, 13)",True,True,False,Somatropin- Up To Year 3 (Nephrotic Syndrome),1.4,,15,Somatropin- Up To Year 3 (Juvenile Idiopathic Arthritis),-0.3,15,1.7,,
NCT00174187,Endocrine System Diseases,Treatment With Recombinant Human Growth Hormone (GH) in Children With Short Stature Secondary to a Long Term Corticoid Therapy,Somatropin,active-comparator,Z,Growth Velocity Standard Deviation Score According to Bone Age (GV [SDS/BA]),"Year 3 (n = 14, 14)",True,True,False,Somatropin- Up To Year 3 (Nephrotic Syndrome),0.1,,15,Somatropin- Up To Year 3 (Juvenile Idiopathic Arthritis),-0.9,15,1.0,,
NCT01786902,Idiopathic Short Stature,Efficacy and Safety of DA-3002 in Children With Idiopathic Short Stature,DA-3002,placebo,cm/yr,Annualized Height Velocity(cm/Year) After 26 Weeks,,True,False,False,DA-3002 Treatment Group,10.68,1.95,36,Non-treatment Control Group,5.72,32,4.96,,
NCT02915705,X-Linked Hypophosphatemia,Efficacy and Safety of Burosumab Versus Oral Phosphate and Active Vitamin D Treatment in Pediatric Patients With XLH,burosumab ; Oral Phosphate Supplement ; active vitamin D,placebo,Z,Change From Baseline in Height-For-Age Z-Scores to Week 40,,False,False,True,Burosumab,0.16,0.052,28,Active Control,0.03,32,0.13,,
NCT02915705,X-Linked Hypophosphatemia,Efficacy and Safety of Burosumab Versus Oral Phosphate and Active Vitamin D Treatment in Pediatric Patients With XLH,burosumab ; Oral Phosphate Supplement ; active vitamin D,placebo,Z,Change From Baseline in Height-For-Age Z-Scores to Week 64,,False,False,True,Burosumab,0.17,0.066,28,Active Control,0.02,32,0.15,,
NCT02915705,X-Linked Hypophosphatemia,Efficacy and Safety of Burosumab Versus Oral Phosphate and Active Vitamin D Treatment in Pediatric Patients With XLH,burosumab ; Oral Phosphate Supplement ; active vitamin D,placebo,Z,Change in Growth Velocity Z Score From Baseline to Week 40,,False,False,True,Burosumab,1.76,0.337,22,Active Control,0.73,22,1.03,,
NCT02915705,X-Linked Hypophosphatemia,Efficacy and Safety of Burosumab Versus Oral Phosphate and Active Vitamin D Treatment in Pediatric Patients With XLH,burosumab ; Oral Phosphate Supplement ; active vitamin D,placebo,Z,Change in Growth Velocity Z Score From Baseline to Week 64,,False,False,True,Burosumab,1.53,0.264,22,Active Control,0.41,22,1.12,,
NCT00625872,"Growth Hormone Therapy ; Infant, Small for Gestational Age",Neuromuscular Changes In Small For Gestational Age Children During Somatropin Therapy,Somatropin ; Somatropin,placebo,cm/yr,Mean Growth Velocity at Month 6,,True,True,False,Somatropin,8.2,1.93,11,Control Arm,4.6,11,3.6,,
NCT00625872,"Growth Hormone Therapy ; Infant, Small for Gestational Age",Neuromuscular Changes In Small For Gestational Age Children During Somatropin Therapy,Somatropin ; Somatropin,placebo,cm/yr,Mean Growth Velocity-Standard Deviation Score (SDS) at Month 6,,True,True,False,Somatropin,3.4,2.62,11,Control Arm,-1.1,11,4.5,,
NCT00625872,"Growth Hormone Therapy ; Infant, Small for Gestational Age",Neuromuscular Changes In Small For Gestational Age Children During Somatropin Therapy,Somatropin ; Somatropin,placebo,cm,Change From Baseline in Height-Standard Deviation Score (SDS) at Month 6,,True,True,False,Somatropin,0.33,0.21,11,Control Arm,-0.22,11,0.55,,
NCT04004611,Ulcerative Colitis,A Study of Mirikizumab (LY3074828) in Children and Teenagers With Ulcerative Colitis (UC),Mirikizumab,active-comparator,cm/yr,Height Velocity (in Centimeters/Year),Female: 12 - <18 years,False,False,True,OL Induction and Maintenance Period: 5 mg/kg Miri IV,4.54,4.2,10,OL Induction and Maintenance Period: 300 mg Miri IV,2.97,11,1.57,,
NCT04004611,Ulcerative Colitis,A Study of Mirikizumab (LY3074828) in Children and Teenagers With Ulcerative Colitis (UC),Mirikizumab,active-comparator,cm/yr,Height Velocity (in Centimeters/Year),Male: 12 - <18 years,False,False,True,OL Induction and Maintenance Period: 5 mg/kg Miri IV,12.67,1.0,10,OL Induction and Maintenance Period: 300 mg Miri IV,3.65,11,9.02,,
NCT02509936,Malnutrition ; Developmental Disabilities,Promoting Physical Growth and Positive Development in Severely Stunted Guatemalan Children,Home-based nutrition education ; Standard-of-care nutrition support,placebo,Z,Change in Height/Length for Age Z Score,,False,False,True,Home-based Education,0.05,0.48,145,Standard of Care Arm,-0.02,151,0.07,,
NCT03325894,Attention Deficit Hyperactivity Disorder (ADHD),Safety and Tolerability Study of SHP465 in Children Aged 4 to 12 Years Diagnosed With Attention-deficit/Hyperactivity Disorder (ADHD),SHP465,active-comparator,cm,Change From Baseline in Height at Final On-Treatment Assessment (FoTA),,False,False,False,Group A (Antecedent Studies),3.7,4.6,63,Group B (Direct Enrollment),2.9,77,0.8,,
NCT04085523,Achondroplasia,"A Dose Escalation Trial Evaluating Safety, Efficacy, and Pharmacokinetics of TransCon CNP Administered Once Weekly in Prepubertal Children With Achondroplasia",TransCon CNP ; Placebo for TransCon CNP,placebo,cm/yr,Annualized Height Velocity (cm/Year) After 52 Weeks of Double-blind Treatment,,True,False,False,TransCon CNP 6 mcg,4.09,,10,Placebo,4.35,15,-0.26,,
NCT04085523,Achondroplasia,"A Dose Escalation Trial Evaluating Safety, Efficacy, and Pharmacokinetics of TransCon CNP Administered Once Weekly in Prepubertal Children With Achondroplasia",TransCon CNP ; Placebo for TransCon CNP,placebo,cm/yr,Annualized Height Velocity (cm/Year) After 52 Weeks of Double-blind Treatment,,True,False,False,TransCon CNP 20 mcg,4.52,,11,Placebo,4.35,15,0.17,,
NCT04085523,Achondroplasia,"A Dose Escalation Trial Evaluating Safety, Efficacy, and Pharmacokinetics of TransCon CNP Administered Once Weekly in Prepubertal Children With Achondroplasia",TransCon CNP ; Placebo for TransCon CNP,placebo,cm/yr,Annualized Height Velocity (cm/Year) After 52 Weeks of Double-blind Treatment,,True,False,False,TransCon CNP 50 mcg,5.16,,10,Placebo,4.35,15,0.81,,
NCT04085523,Achondroplasia,"A Dose Escalation Trial Evaluating Safety, Efficacy, and Pharmacokinetics of TransCon CNP Administered Once Weekly in Prepubertal Children With Achondroplasia",TransCon CNP ; Placebo for TransCon CNP,placebo,cm/yr,Annualized Height Velocity (cm/Year) After 52 Weeks of Double-blind Treatment,,True,False,False,TransCon CNP 100 mcg,5.42,,11,Placebo,4.35,15,1.07,,
NCT04970654,Growth Hormone Deficiency in Children,A Research Study in Chinese Children With a Low Level of Hormone to Grow. Treatment is Somapacitan Once a Week Compared to Norditropin® Once a Day.,somapacitan ; Norditropin®,active-comparator,cm/yr,Height Velocity,,True,True,True,Somapacitan,11.0,2.1,71,Norditropin,10.5,32,0.5,,
NCT05598320,Achondroplasia,A Clinical Trial to Evaluate Efficacy and Safety of TransCon CNP Compared With Placebo in Children With Achondroplasia,Navepegritide (TransCon CNP) ; Placebo for Navepegritide (TransCon CNP),placebo,Z,Change From Baseline in Height Z-score (ACH-specific) at Week 52,,True,True,False,Navepegritide,0.3,,57,Placebo for Navepegritide,0.01,27,0.29,,
NCT05598320,Achondroplasia,A Clinical Trial to Evaluate Efficacy and Safety of TransCon CNP Compared With Placebo in Children With Achondroplasia,Navepegritide (TransCon CNP) ; Placebo for Navepegritide (TransCon CNP),placebo,Z,Change From Baseline in Height Z-score (CDC-Based) at Week 52,,True,True,False,Navepegritide,0.15,,57,Placebo for Navepegritide,-0.15,27,0.3,,
NCT00122980,"Hemochromatosis ; Cerebrovascular Accident ; Anemia, Sickle Cell ; Hematologic Diseases",Stroke With Transfusions Changing to Hydroxyurea,Red Cell Transfusions ; Iron Chelation ; Hydroxyurea ; Phlebotomy,active-comparator,cm,Growth and Development - Height (Change From Baseline to Endpoint),,False,False,True,Transfusion/Chelation,6.61,5.87,60,Hydroxyurea/Phlebotomy,4.4,60,2.21,,
NCT01470469,"Generalized Anxiety Disorder (GAD) ; Anxiety, Separation ; Phobia, Social","SPD503 in Subjects Aged 6-17 Years With Generalized Anxiety Disorder (GAD), Separation Anxiety Disorder (SAD), or Social Phobia (SoP)",SPD503 (extended-release Guanfacine hydrochloride) ; Placebo,placebo,cm,Change From Baseline in Height at up to 12 Weeks,,False,False,False,SPD503,1.0,1.79,59,PLACEBO,0.5,19,0.5,,
NCT04718896,Moderate to Severe Plaque Psoriasis,"A Study to Assess the Pharmacokinetics, Safety, and Efficacy of Two Doses of Bimekizumab in Adolescent Study Participants With Moderate to Severe Plaque Psoriasis",bimekizumab,active-comparator,cm,Change From Baseline in Height,Week 16,False,False,True,BKZ Dose A (320/160 mg),0.61,1.59,19,BKZ Dose B (64/32 mg),0.56,21,0.05,,
NCT04718896,Moderate to Severe Plaque Psoriasis,"A Study to Assess the Pharmacokinetics, Safety, and Efficacy of Two Doses of Bimekizumab in Adolescent Study Participants With Moderate to Severe Plaque Psoriasis",bimekizumab,active-comparator,cm,Change From Baseline in Height,Week 124,False,False,True,BKZ Dose A (320/160 mg),4.01,6.53,19,BKZ Dose B (64/32 mg),3.04,21,0.97,,
NCT01859949,Short Stature Born Small for Gestational Age (SGA),Long Term Study of Genotropin (Somatropin) for Short Children Born Small for Gestational Age (SGA),Genotropin (somatropin),active-comparator,Z,Height Velocity Standard Deviation Score (SDS) for Chronological Age,"Month 12 to 24 (Increasing: n=28, Remaining: n=32)",True,True,False,Dose-Increasing Group,2.782,1.978,29,Dose-Remaining Group,2.595,32,0.187,,
NCT01859949,Short Stature Born Small for Gestational Age (SGA),Long Term Study of Genotropin (Somatropin) for Short Children Born Small for Gestational Age (SGA),Genotropin (somatropin),active-comparator,Z,Height Velocity Standard Deviation Score (SDS) for Chronological Age,"Month 24 to36 (Increasing:n=26, Remaining:n=28)",True,True,False,Dose-Increasing Group,1.812,1.526,29,Dose-Remaining Group,1.696,32,0.116,,
NCT01859949,Short Stature Born Small for Gestational Age (SGA),Long Term Study of Genotropin (Somatropin) for Short Children Born Small for Gestational Age (SGA),Genotropin (somatropin),active-comparator,Z,Height Velocity Standard Deviation Score (SDS) for Chronological Age,"Month 36 to 48 (Increasing: n=24, Remaining: n=23)",True,True,False,Dose-Increasing Group,1.48,1.543,29,Dose-Remaining Group,0.824,32,0.656,,
NCT01859949,Short Stature Born Small for Gestational Age (SGA),Long Term Study of Genotropin (Somatropin) for Short Children Born Small for Gestational Age (SGA),Genotropin (somatropin),active-comparator,Z,Height Velocity Standard Deviation Score (SDS) for Chronological Age,"Month 48 to 60 (Increasing: n=21, Remaining: n=20)",True,True,False,Dose-Remaining Group,0.48,1.651,32,Dose-Increasing Group,-0.041,29,0.521,,
NCT01859949,Short Stature Born Small for Gestational Age (SGA),Long Term Study of Genotropin (Somatropin) for Short Children Born Small for Gestational Age (SGA),Genotropin (somatropin),active-comparator,Z,Height Velocity Standard Deviation Score (SDS) for Chronological Age,"Month 60 to 72 (Increasing: n=20, Remaining: n=16)",True,True,False,Dose-Remaining Group,-0.046,2.434,32,Dose-Increasing Group,-0.293,29,0.247,,
NCT01859949,Short Stature Born Small for Gestational Age (SGA),Long Term Study of Genotropin (Somatropin) for Short Children Born Small for Gestational Age (SGA),Genotropin (somatropin),active-comparator,Z,Height Velocity Standard Deviation Score (SDS) for Chronological Age,"Month 72 to 84 (Increasing: n=15, Remaining: n=16)",True,True,False,Dose-Increasing Group,-0.488,3.117,29,Dose-Remaining Group,-1.511,32,1.023,,
NCT01859949,Short Stature Born Small for Gestational Age (SGA),Long Term Study of Genotropin (Somatropin) for Short Children Born Small for Gestational Age (SGA),Genotropin (somatropin),active-comparator,Z,Height Velocity Standard Deviation Score (SDS) for Chronological Age,"Month 84 to 96 (Increasing: n=11, Remaining: n=14)",True,True,False,Dose-Increasing Group,0.263,1.802,29,Dose-Remaining Group,-0.114,32,0.377,,
NCT01859949,Short Stature Born Small for Gestational Age (SGA),Long Term Study of Genotropin (Somatropin) for Short Children Born Small for Gestational Age (SGA),Genotropin (somatropin),active-comparator,Z,Height Velocity Standard Deviation Score (SDS) for Chronological Age,"Month 96 to 108 (Increasing: n=9, Remaining: n=8)",True,True,False,Dose-Increasing Group,0.521,2.058,29,Dose-Remaining Group,-0.466,32,0.987,,
NCT01859949,Short Stature Born Small for Gestational Age (SGA),Long Term Study of Genotropin (Somatropin) for Short Children Born Small for Gestational Age (SGA),Genotropin (somatropin),active-comparator,Z,Height Velocity Standard Deviation Score (SDS) for Chronological Age,"Month 108 to 120 (Increasing: n=6, Remaining: n=6)",True,True,False,Dose-Remaining Group,-0.59,2.693,32,Dose-Increasing Group,-0.668,29,0.078,,
NCT01859949,Short Stature Born Small for Gestational Age (SGA),Long Term Study of Genotropin (Somatropin) for Short Children Born Small for Gestational Age (SGA),Genotropin (somatropin),active-comparator,Z,Height Velocity Standard Deviation Score (SDS) for Chronological Age,"Month 120 to 132 (Increasing: n=5, Remaining: n=4)",True,True,False,Dose-Remaining Group,1.173,3.042,32,Dose-Increasing Group,-1.08,29,2.253,,
NCT01859949,Short Stature Born Small for Gestational Age (SGA),Long Term Study of Genotropin (Somatropin) for Short Children Born Small for Gestational Age (SGA),Genotropin (somatropin),active-comparator,Z,Height Velocity Standard Deviation Score (SDS) for Chronological Age,"Month 132 to 144 (Increasing: n=4, Remaining: n=2)",True,True,False,Dose-Increasing Group,2.655,4.329,29,Dose-Remaining Group,0.73,32,1.925,,
NCT01859949,Short Stature Born Small for Gestational Age (SGA),Long Term Study of Genotropin (Somatropin) for Short Children Born Small for Gestational Age (SGA),Genotropin (somatropin),active-comparator,cm/yr,Height Velocity,"Month 12 to 24 (Increasing: n=28, Remaining: n=32)",True,True,False,Dose-Increasing Group,7.83,1.33,29,Dose-Remaining Group,7.7,32,0.13,,
NCT01859949,Short Stature Born Small for Gestational Age (SGA),Long Term Study of Genotropin (Somatropin) for Short Children Born Small for Gestational Age (SGA),Genotropin (somatropin),active-comparator,cm/yr,Height Velocity,"Month 24 to 36 (Increasing: n=26, Remaining: n=28)",True,True,False,Dose-Increasing Group,6.88,0.94,29,Dose-Remaining Group,6.75,32,0.13,,
NCT01859949,Short Stature Born Small for Gestational Age (SGA),Long Term Study of Genotropin (Somatropin) for Short Children Born Small for Gestational Age (SGA),Genotropin (somatropin),active-comparator,cm/yr,Height Velocity,"Month 36 to 48 (Increasing: n=24, Remaining: n=23)",True,True,False,Dose-Increasing Group,6.68,0.98,29,Dose-Remaining Group,6.08,32,0.6,,
NCT01859949,Short Stature Born Small for Gestational Age (SGA),Long Term Study of Genotropin (Somatropin) for Short Children Born Small for Gestational Age (SGA),Genotropin (somatropin),active-comparator,cm/yr,Height Velocity,"Month 48 to 60 (Increasing: n=21, Remaining: n=20)",True,True,False,Dose-Remaining Group,6.3,1.24,32,Dose-Increasing Group,6.06,29,0.24,,
NCT01859949,Short Stature Born Small for Gestational Age (SGA),Long Term Study of Genotropin (Somatropin) for Short Children Born Small for Gestational Age (SGA),Genotropin (somatropin),active-comparator,cm/yr,Height Velocity,"Month 60 to 72 (Increasing: n=20, Remaining: n=16)",True,True,False,Dose-Remaining Group,6.49,1.37,32,Dose-Increasing Group,6.08,29,0.41,,
NCT01859949,Short Stature Born Small for Gestational Age (SGA),Long Term Study of Genotropin (Somatropin) for Short Children Born Small for Gestational Age (SGA),Genotropin (somatropin),active-comparator,cm/yr,Height Velocity,"Month 72 to 84 (Increasing: n=15, Remaining: n=16)",True,True,False,Dose-Increasing Group,4.89,2.18,29,Dose-Remaining Group,4.88,32,0.01,,
NCT01859949,Short Stature Born Small for Gestational Age (SGA),Long Term Study of Genotropin (Somatropin) for Short Children Born Small for Gestational Age (SGA),Genotropin (somatropin),active-comparator,cm/yr,Height Velocity,"Month 84 to 96 (Increasing: n=11, Remaining: n=14)",True,True,False,Dose-Increasing Group,5.16,1.2,29,Dose-Remaining Group,4.82,32,0.34,,
NCT01859949,Short Stature Born Small for Gestational Age (SGA),Long Term Study of Genotropin (Somatropin) for Short Children Born Small for Gestational Age (SGA),Genotropin (somatropin),active-comparator,cm/yr,Height Velocity,"Month 96 to 108 (Increasing: n=9, Remaining: n=8)",True,True,False,Dose-Remaining Group,5.55,2.42,32,Dose-Increasing Group,5.18,29,0.37,,
NCT01859949,Short Stature Born Small for Gestational Age (SGA),Long Term Study of Genotropin (Somatropin) for Short Children Born Small for Gestational Age (SGA),Genotropin (somatropin),active-comparator,cm/yr,Height Velocity,"Month 108 to 120 (Increasing: n=6, Remaining: n=6)",True,True,False,Dose-Increasing Group,5.72,2.24,29,Dose-Remaining Group,5.03,32,0.69,,
NCT01859949,Short Stature Born Small for Gestational Age (SGA),Long Term Study of Genotropin (Somatropin) for Short Children Born Small for Gestational Age (SGA),Genotropin (somatropin),active-comparator,cm/yr,Height Velocity,"Month 120 to 132 (Increasing: n=5, Remaining: n=4)",True,True,False,Dose-Increasing Group,4.84,1.3,29,Dose-Remaining Group,4.3,32,0.54,,
NCT01859949,Short Stature Born Small for Gestational Age (SGA),Long Term Study of Genotropin (Somatropin) for Short Children Born Small for Gestational Age (SGA),Genotropin (somatropin),active-comparator,cm/yr,Height Velocity,"Month 132 to 144 (Increasing: n=4, Remaining: n=2)",True,True,False,Dose-Increasing Group,4.38,1.1,29,Dose-Remaining Group,2.6,32,1.78,,
NCT01859949,Short Stature Born Small for Gestational Age (SGA),Long Term Study of Genotropin (Somatropin) for Short Children Born Small for Gestational Age (SGA),Genotropin (somatropin),active-comparator,Z,Height Velocity SDS for Bone Age,"Month 12 to 24 (Increasing: n=26, Remaining: n=31)",True,True,False,Dose-Increasing Group,2.586,2.268,29,Dose-Remaining Group,2.461,32,0.125,,
NCT01859949,Short Stature Born Small for Gestational Age (SGA),Long Term Study of Genotropin (Somatropin) for Short Children Born Small for Gestational Age (SGA),Genotropin (somatropin),active-comparator,Z,Height Velocity SDS for Bone Age,"Month 24 to 36 (Increasing: n=24, Remaining: n=27)",True,True,False,Dose-Increasing Group,1.503,1.83,29,Dose-Remaining Group,1.091,32,0.412,,
NCT01859949,Short Stature Born Small for Gestational Age (SGA),Long Term Study of Genotropin (Somatropin) for Short Children Born Small for Gestational Age (SGA),Genotropin (somatropin),active-comparator,Z,Height Velocity SDS for Bone Age,"Month 36 to 48 (Increasing: n=22, Remaining: n=22)",True,True,False,Dose-Increasing Group,1.196,1.409,29,Dose-Remaining Group,0.51,32,0.686,,
NCT01859949,Short Stature Born Small for Gestational Age (SGA),Long Term Study of Genotropin (Somatropin) for Short Children Born Small for Gestational Age (SGA),Genotropin (somatropin),active-comparator,Z,Height Velocity SDS for Bone Age,"Month 48 to 60 (Increasing: n=20, Remaining: n=19)",True,True,False,Dose-Remaining Group,0.913,2.146,32,Dose-Increasing Group,-0.062,29,0.975,,
NCT01859949,Short Stature Born Small for Gestational Age (SGA),Long Term Study of Genotropin (Somatropin) for Short Children Born Small for Gestational Age (SGA),Genotropin (somatropin),active-comparator,Z,Height Velocity SDS for Bone Age,"Month 60 to 72 (Increasing: n=16, Remaining: n=14)",True,True,False,Dose-Remaining Group,0.949,2.729,32,Dose-Increasing Group,0.281,29,0.668,,
NCT01859949,Short Stature Born Small for Gestational Age (SGA),Long Term Study of Genotropin (Somatropin) for Short Children Born Small for Gestational Age (SGA),Genotropin (somatropin),active-comparator,Z,Height Velocity SDS for Bone Age,"Month 72 to 84 (Increasing: n=13, Remaining: n=13)",True,True,False,Dose-Remaining Group,0.932,2.545,32,Dose-Increasing Group,-1.249,29,2.181,,
NCT01859949,Short Stature Born Small for Gestational Age (SGA),Long Term Study of Genotropin (Somatropin) for Short Children Born Small for Gestational Age (SGA),Genotropin (somatropin),active-comparator,Z,Height Velocity SDS for Bone Age,"Month 84 to 96 (Increasing: n=10, Remaining: n=13)",True,True,False,Dose-Increasing Group,0.804,3.44,29,Dose-Remaining Group,0.286,32,0.518,,
NCT01859949,Short Stature Born Small for Gestational Age (SGA),Long Term Study of Genotropin (Somatropin) for Short Children Born Small for Gestational Age (SGA),Genotropin (somatropin),active-comparator,Z,Height Velocity SDS for Bone Age,"Month 96 to 108 (Increasing: n=8, Remaining: n=7)",True,True,False,Dose-Remaining Group,-0.223,1.352,32,Dose-Increasing Group,-0.634,29,0.411,,
NCT01859949,Short Stature Born Small for Gestational Age (SGA),Long Term Study of Genotropin (Somatropin) for Short Children Born Small for Gestational Age (SGA),Genotropin (somatropin),active-comparator,Z,Height Velocity SDS for Bone Age,"Month 108 to 120 (Increasing: n=5, Remaining: n=5)",True,True,False,Dose-Remaining Group,0.532,1.809,32,Dose-Increasing Group,0.07,29,0.462,,
NCT01859949,Short Stature Born Small for Gestational Age (SGA),Long Term Study of Genotropin (Somatropin) for Short Children Born Small for Gestational Age (SGA),Genotropin (somatropin),active-comparator,Z,Height Velocity SDS for Bone Age,"Month 120 to 132 (Increasing: n=4, Remaining: n=4)",True,True,False,Dose-Remaining Group,2.718,0.864,32,Dose-Increasing Group,1.553,29,1.165,,
NCT01859949,Short Stature Born Small for Gestational Age (SGA),Long Term Study of Genotropin (Somatropin) for Short Children Born Small for Gestational Age (SGA),Genotropin (somatropin),active-comparator,Z,Height Velocity SDS for Bone Age,"Month 132 to 144 (Increasing: n=3, Remaining: n=2)",True,True,False,Dose-Increasing Group,2.31,1.711,29,Dose-Remaining Group,2.185,32,0.125,,
NCT00561340,ADHD,Study of the Effect of Calorie Supplementation on Growth in Young Children on ADHD Medication,Pediasure ; Nutritional counseling,active-comparator,cm,Height Change,,False,False,False,Counseling by the Provider on Ways to Encourage Caloric Intake,1.96,0.44,16,1 Can of Pediasure Supplement Plus Nutritional Counseling,1.85,13,0.11,,
NCT02682381,Short Bowel Syndrome,Short Bowel Syndrome Research Study for Children Up To 17 Years of Age on Parenteral Nutrition,Teduglutide 0.05mg/kg ; Teduglutide 0.025 mg/kg ; Standard of Care,active-comparator,Z,Change From Baseline in Body Height Z-score at Week 28,,False,False,False,0.05 mg/kg/Day Teduglutide,0.05,0.45,25,0.025 mg/kg/Day Teduglutide,0.0,24,0.05,,
NCT00174460,"Growth Hormone Therapy ; Infant, Very Low Birth Weight",Somatropin Therapy In Children Born Preterm But Appropriate For Gestational Age,Somatropin ; Control Arm,placebo,cm,Change in Height Standard Deviation Score (SDS) After 1 Year,,False,True,True,Somatropin,1.099,0.0714,18,Control Arm,0.108,15,0.991,,
NCT00174460,"Growth Hormone Therapy ; Infant, Very Low Birth Weight",Somatropin Therapy In Children Born Preterm But Appropriate For Gestational Age,Somatropin ; Control Arm,placebo,cm,Change From Baseline in Height After 1 Year and After 2 Years,Month 12,False,True,True,Somatropin,10.467,0.2439,18,Control Arm,5.927,15,4.54,,
NCT00174460,"Growth Hormone Therapy ; Infant, Very Low Birth Weight",Somatropin Therapy In Children Born Preterm But Appropriate For Gestational Age,Somatropin ; Control Arm,placebo,cm,Change From Baseline in Height After 1 Year and After 2 Years,Month 24,False,True,True,Somatropin,18.908,0.6507,18,Control Arm,14.844,15,4.064,,
NCT00174460,"Growth Hormone Therapy ; Infant, Very Low Birth Weight",Somatropin Therapy In Children Born Preterm But Appropriate For Gestational Age,Somatropin ; Control Arm,placebo,cm,Change From Baseline in Height SDS After 2 Years,,False,True,True,Somatropin,1.71,0.1075,18,Control Arm,0.991,15,0.719,,
NCT01947907,Growth Hormone Deficiency (GHD),"Safety, PK/PD (Pharmacokinetics/Pharmacodynamics) and Efficacy of ACP-001 Weekly Versus Daily hGH in Children With Growth Hormone Deficiency (GHD)",ACP-001 ; Human Growth Hormone,active-comparator,cm/yr,Annualized Height Velocity,,True,True,True,"ACP-001, Dose-level 1",11.93,4.066,12,Human Growth Hormone,11.64,13,0.29,,
NCT01947907,Growth Hormone Deficiency (GHD),"Safety, PK/PD (Pharmacokinetics/Pharmacodynamics) and Efficacy of ACP-001 Weekly Versus Daily hGH in Children With Growth Hormone Deficiency (GHD)",ACP-001 ; Human Growth Hormone,active-comparator,cm/yr,Annualized Height Velocity,,True,True,True,"ACP-001, Dose-level 2",12.89,3.464,14,Human Growth Hormone,11.64,13,1.25,,
NCT01947907,Growth Hormone Deficiency (GHD),"Safety, PK/PD (Pharmacokinetics/Pharmacodynamics) and Efficacy of ACP-001 Weekly Versus Daily hGH in Children With Growth Hormone Deficiency (GHD)",ACP-001 ; Human Growth Hormone,active-comparator,cm/yr,Annualized Height Velocity,,True,True,True,"ACP-001, Dose-level 3",13.85,4.009,14,Human Growth Hormone,11.64,13,2.21,,
NCT01073605,Growth Disorders ; Intrauterine Growth Retardation,Genotropin Treatment in Short Prepubertal Children With Intra-Uterine Growth Retardation,Genotonorm ; Genotonorm ; Genotonorm,active-comparator,cm,Change From Baseline in Height (cm),"1 year (n=57, 55, 59)",True,False,False,Genotonorm 0.7 (Continuous Treatment),8.21,1.38,58,Genotonorm 1.4 (Intermittent Treatment),7.33,60,0.88,,
NCT01073605,Growth Disorders ; Intrauterine Growth Retardation,Genotropin Treatment in Short Prepubertal Children With Intra-Uterine Growth Retardation,Genotonorm ; Genotonorm ; Genotonorm,active-comparator,cm,Change From Baseline in Height (cm),"1 year (n=57, 55, 59)",True,False,False,Genotonorm 1.4 (Continuous Treatment),9.21,1.45,56,Genotonorm 1.4 (Intermittent Treatment),7.33,60,1.88,,
NCT01073605,Growth Disorders ; Intrauterine Growth Retardation,Genotropin Treatment in Short Prepubertal Children With Intra-Uterine Growth Retardation,Genotonorm ; Genotonorm ; Genotonorm,active-comparator,cm,Change From Baseline in Height (cm),"2 years (n=53, 49, 56)",True,False,False,Genotonorm 0.7 (Continuous Treatment),14.77,2.45,58,Genotonorm 1.4 (Intermittent Treatment),13.92,60,0.85,,
NCT01073605,Growth Disorders ; Intrauterine Growth Retardation,Genotropin Treatment in Short Prepubertal Children With Intra-Uterine Growth Retardation,Genotonorm ; Genotonorm ; Genotonorm,active-comparator,cm,Change From Baseline in Height (cm),"2 years (n=53, 49, 56)",True,False,False,Genotonorm 1.4 (Continuous Treatment),17.01,2.21,56,Genotonorm 1.4 (Intermittent Treatment),13.92,60,3.09,,
NCT01073605,Growth Disorders ; Intrauterine Growth Retardation,Genotropin Treatment in Short Prepubertal Children With Intra-Uterine Growth Retardation,Genotonorm ; Genotonorm ; Genotonorm,active-comparator,cm,Change From Baseline in Height (cm),"3 years (n=39, 34, 41)",True,False,False,Genotonorm 0.7 (Continuous Treatment),20.62,3.0,58,Genotonorm 1.4 (Intermittent Treatment),20.14,60,0.48,,
NCT01073605,Growth Disorders ; Intrauterine Growth Retardation,Genotropin Treatment in Short Prepubertal Children With Intra-Uterine Growth Retardation,Genotonorm ; Genotonorm ; Genotonorm,active-comparator,cm,Change From Baseline in Height (cm),"3 years (n=39, 34, 41)",True,False,False,Genotonorm 1.4 (Continuous Treatment),24.49,3.04,56,Genotonorm 1.4 (Intermittent Treatment),20.14,60,4.35,,
NCT01073605,Growth Disorders ; Intrauterine Growth Retardation,Genotropin Treatment in Short Prepubertal Children With Intra-Uterine Growth Retardation,Genotonorm ; Genotonorm ; Genotonorm,active-comparator,cm,Change From Baseline in Height (cm),"4 years (n=21, 18, 27)",True,False,False,Genotonorm 0.7 (Continuous Treatment),26.36,4.37,58,Genotonorm 1.4 (Intermittent Treatment),25.83,60,0.53,,
NCT01073605,Growth Disorders ; Intrauterine Growth Retardation,Genotropin Treatment in Short Prepubertal Children With Intra-Uterine Growth Retardation,Genotonorm ; Genotonorm ; Genotonorm,active-comparator,cm,Change From Baseline in Height (cm),"4 years (n=21, 18, 27)",True,False,False,Genotonorm 1.4 (Continuous Treatment),30.77,3.43,56,Genotonorm 1.4 (Intermittent Treatment),25.83,60,4.94,,
NCT01073605,Growth Disorders ; Intrauterine Growth Retardation,Genotropin Treatment in Short Prepubertal Children With Intra-Uterine Growth Retardation,Genotonorm ; Genotonorm ; Genotonorm,active-comparator,cm,Change From Baseline in Height (cm),"5 years (n=12, 10, 21)",True,False,False,Genotonorm 0.7 (Continuous Treatment),32.23,5.92,58,Genotonorm 1.4 (Intermittent Treatment),32.16,60,0.07,,
NCT01073605,Growth Disorders ; Intrauterine Growth Retardation,Genotropin Treatment in Short Prepubertal Children With Intra-Uterine Growth Retardation,Genotonorm ; Genotonorm ; Genotonorm,active-comparator,cm,Change From Baseline in Height (cm),"5 years (n=12, 10, 21)",True,False,False,Genotonorm 1.4 (Continuous Treatment),35.7,4.27,56,Genotonorm 1.4 (Intermittent Treatment),32.16,60,3.54,,
NCT01073605,Growth Disorders ; Intrauterine Growth Retardation,Genotropin Treatment in Short Prepubertal Children With Intra-Uterine Growth Retardation,Genotonorm ; Genotonorm ; Genotonorm,active-comparator,cm,Change From Baseline in Height (cm),"6 years (n=11, 7, 20)",True,False,False,Genotonorm 0.7 (Continuous Treatment),38.2,6.66,58,Genotonorm 1.4 (Intermittent Treatment),38.01,60,0.19,,
NCT01073605,Growth Disorders ; Intrauterine Growth Retardation,Genotropin Treatment in Short Prepubertal Children With Intra-Uterine Growth Retardation,Genotonorm ; Genotonorm ; Genotonorm,active-comparator,cm,Change From Baseline in Height (cm),"6 years (n=11, 7, 20)",True,False,False,Genotonorm 1.4 (Continuous Treatment),44.03,3.09,56,Genotonorm 1.4 (Intermittent Treatment),38.01,60,6.02,,
NCT01073605,Growth Disorders ; Intrauterine Growth Retardation,Genotropin Treatment in Short Prepubertal Children With Intra-Uterine Growth Retardation,Genotonorm ; Genotonorm ; Genotonorm,active-comparator,cm,Change From Baseline in Height (cm),"Final height (n=17, 12, 22)",True,False,False,Genotonorm 0.7 (Continuous Treatment),45.39,13.08,58,Genotonorm 1.4 (Intermittent Treatment),40.93,60,4.46,,
NCT01073605,Growth Disorders ; Intrauterine Growth Retardation,Genotropin Treatment in Short Prepubertal Children With Intra-Uterine Growth Retardation,Genotonorm ; Genotonorm ; Genotonorm,active-comparator,cm,Change From Baseline in Height (cm),"Final height (n=17, 12, 22)",True,False,False,Genotonorm 1.4 (Continuous Treatment),45.3,13.72,56,Genotonorm 1.4 (Intermittent Treatment),40.93,60,4.37,,
NCT01073605,Growth Disorders ; Intrauterine Growth Retardation,Genotropin Treatment in Short Prepubertal Children With Intra-Uterine Growth Retardation,Genotonorm ; Genotonorm ; Genotonorm,active-comparator,Z,Change From Baseline in Height (SDS),"1 year (n=57, 55, 59)",True,False,False,Genotonorm 0.7 (Continuous Treatment),0.67,0.28,58,Genotonorm 1.4 (Intermittent Treatment),0.53,60,0.14,,
NCT01073605,Growth Disorders ; Intrauterine Growth Retardation,Genotropin Treatment in Short Prepubertal Children With Intra-Uterine Growth Retardation,Genotonorm ; Genotonorm ; Genotonorm,active-comparator,Z,Change From Baseline in Height (SDS),"1 year (n=57, 55, 59)",True,False,False,Genotonorm 1.4 (Continuous Treatment),0.88,0.3,56,Genotonorm 1.4 (Intermittent Treatment),0.53,60,0.35,,
NCT01073605,Growth Disorders ; Intrauterine Growth Retardation,Genotropin Treatment in Short Prepubertal Children With Intra-Uterine Growth Retardation,Genotonorm ; Genotonorm ; Genotonorm,active-comparator,Z,Change From Baseline in Height (SDS),"2 years (n=53, 49, 56)",True,False,False,Genotonorm 0.7 (Continuous Treatment),0.94,0.45,58,Genotonorm 1.4 (Intermittent Treatment),0.84,60,0.1,,
NCT01073605,Growth Disorders ; Intrauterine Growth Retardation,Genotropin Treatment in Short Prepubertal Children With Intra-Uterine Growth Retardation,Genotonorm ; Genotonorm ; Genotonorm,active-comparator,Z,Change From Baseline in Height (SDS),"2 years (n=53, 49, 56)",True,False,False,Genotonorm 1.4 (Continuous Treatment),1.4,0.43,56,Genotonorm 1.4 (Intermittent Treatment),0.84,60,0.56,,
NCT01073605,Growth Disorders ; Intrauterine Growth Retardation,Genotropin Treatment in Short Prepubertal Children With Intra-Uterine Growth Retardation,Genotonorm ; Genotonorm ; Genotonorm,active-comparator,Z,Change From Baseline in Height (SDS),"3 years (n=39, 34, 41)",True,False,False,Genotonorm 0.7 (Continuous Treatment),1.06,0.54,58,Genotonorm 1.4 (Intermittent Treatment),0.99,60,0.07,,
NCT01073605,Growth Disorders ; Intrauterine Growth Retardation,Genotropin Treatment in Short Prepubertal Children With Intra-Uterine Growth Retardation,Genotonorm ; Genotonorm ; Genotonorm,active-comparator,Z,Change From Baseline in Height (SDS),"3 years (n=39, 34, 41)",True,False,False,Genotonorm 1.4 (Continuous Treatment),1.7,0.54,56,Genotonorm 1.4 (Intermittent Treatment),0.99,60,0.71,,
NCT01073605,Growth Disorders ; Intrauterine Growth Retardation,Genotropin Treatment in Short Prepubertal Children With Intra-Uterine Growth Retardation,Genotonorm ; Genotonorm ; Genotonorm,active-comparator,Z,Change From Baseline in Height (SDS),"4 years (n=21, 18, 27)",True,False,False,Genotonorm 1.4 (Continuous Treatment),1.98,0.69,56,Genotonorm 0.7 (Continuous Treatment),1.2,58,0.78,,
NCT01073605,Growth Disorders ; Intrauterine Growth Retardation,Genotropin Treatment in Short Prepubertal Children With Intra-Uterine Growth Retardation,Genotonorm ; Genotonorm ; Genotonorm,active-comparator,Z,Change From Baseline in Height (SDS),"4 years (n=21, 18, 27)",True,False,False,Genotonorm 1.4 (Intermittent Treatment),1.21,0.54,60,Genotonorm 0.7 (Continuous Treatment),1.2,58,0.01,,
NCT01073605,Growth Disorders ; Intrauterine Growth Retardation,Genotropin Treatment in Short Prepubertal Children With Intra-Uterine Growth Retardation,Genotonorm ; Genotonorm ; Genotonorm,active-comparator,Z,Change From Baseline in Height (SDS),"5 years (n=12, 10, 21)",True,False,False,Genotonorm 1.4 (Continuous Treatment),2.03,0.87,56,Genotonorm 0.7 (Continuous Treatment),1.37,58,0.66,,
NCT01073605,Growth Disorders ; Intrauterine Growth Retardation,Genotropin Treatment in Short Prepubertal Children With Intra-Uterine Growth Retardation,Genotonorm ; Genotonorm ; Genotonorm,active-comparator,Z,Change From Baseline in Height (SDS),"5 years (n=12, 10, 21)",True,False,False,Genotonorm 1.4 (Intermittent Treatment),1.46,0.69,60,Genotonorm 0.7 (Continuous Treatment),1.37,58,0.09,,
NCT01073605,Growth Disorders ; Intrauterine Growth Retardation,Genotropin Treatment in Short Prepubertal Children With Intra-Uterine Growth Retardation,Genotonorm ; Genotonorm ; Genotonorm,active-comparator,Z,Change From Baseline in Height (SDS),"6 years (n=11, 7, 19)",True,False,False,Genotonorm 1.4 (Continuous Treatment),2.6,0.66,56,Genotonorm 0.7 (Continuous Treatment),1.54,58,1.06,,
NCT01073605,Growth Disorders ; Intrauterine Growth Retardation,Genotropin Treatment in Short Prepubertal Children With Intra-Uterine Growth Retardation,Genotonorm ; Genotonorm ; Genotonorm,active-comparator,Z,Change From Baseline in Height (SDS),"6 years (n=11, 7, 19)",True,False,False,Genotonorm 1.4 (Intermittent Treatment),1.54,0.86,60,Genotonorm 0.7 (Continuous Treatment),1.54,58,0.0,,
NCT01073605,Growth Disorders ; Intrauterine Growth Retardation,Genotropin Treatment in Short Prepubertal Children With Intra-Uterine Growth Retardation,Genotonorm ; Genotonorm ; Genotonorm,active-comparator,Z,Change From Baseline in Height (SDS),"Final height (n=14, 9, 18)",True,False,False,Genotonorm 0.7 (Continuous Treatment),1.0,0.53,58,Genotonorm 1.4 (Intermittent Treatment),0.86,60,0.14,,
NCT01073605,Growth Disorders ; Intrauterine Growth Retardation,Genotropin Treatment in Short Prepubertal Children With Intra-Uterine Growth Retardation,Genotonorm ; Genotonorm ; Genotonorm,active-comparator,Z,Change From Baseline in Height (SDS),"Final height (n=14, 9, 18)",True,False,False,Genotonorm 1.4 (Continuous Treatment),0.97,0.95,56,Genotonorm 1.4 (Intermittent Treatment),0.86,60,0.11,,
NCT03032172,Spinal Muscular Atrophy,A Study of Risdiplam (RO7034067) in Adult and Pediatric Participants With Spinal Muscular Atrophy,Risdiplam,active-comparator,cm,Anthropometric Examination: Change From Baseline in Height,Week 2,False,False,True,AVXS-101,0.0,0.0,14,Nusinersen,0.0,76,0.0,,
NCT03032172,Spinal Muscular Atrophy,A Study of Risdiplam (RO7034067) in Adult and Pediatric Participants With Spinal Muscular Atrophy,Risdiplam,active-comparator,cm,Anthropometric Examination: Change From Baseline in Height,Week 4,False,False,True,Nusinersen,1.0,1.41,76,AVXS-101,0.33,14,0.67,,
NCT03032172,Spinal Muscular Atrophy,A Study of Risdiplam (RO7034067) in Adult and Pediatric Participants With Spinal Muscular Atrophy,Risdiplam,active-comparator,cm,Anthropometric Examination: Change From Baseline in Height,Week 13,False,False,True,Nusinersen,1.08,4.1,76,RO6885247,-0.2,13,1.28,,
NCT03032172,Spinal Muscular Atrophy,A Study of Risdiplam (RO7034067) in Adult and Pediatric Participants With Spinal Muscular Atrophy,Risdiplam,active-comparator,cm,Anthropometric Examination: Change From Baseline in Height,Week 13,False,False,True,Olesoxime,1.23,5.09,70,RO6885247,-0.2,13,1.43,,
NCT03032172,Spinal Muscular Atrophy,A Study of Risdiplam (RO7034067) in Adult and Pediatric Participants With Spinal Muscular Atrophy,Risdiplam,active-comparator,cm,Anthropometric Examination: Change From Baseline in Height,Week 13,False,False,True,AVXS-101,2.78,2.14,14,RO6885247,-0.2,13,2.98,,
NCT03032172,Spinal Muscular Atrophy,A Study of Risdiplam (RO7034067) in Adult and Pediatric Participants With Spinal Muscular Atrophy,Risdiplam,active-comparator,cm,Anthropometric Examination: Change From Baseline in Height,Week 17,False,False,True,RO6885247,-0.84,3.56,13,Nusinersen,-10.99,76,10.15,,
NCT03032172,Spinal Muscular Atrophy,A Study of Risdiplam (RO7034067) in Adult and Pediatric Participants With Spinal Muscular Atrophy,Risdiplam,active-comparator,cm,Anthropometric Examination: Change From Baseline in Height,Week 26,False,False,True,Nusinersen,6.5,6.36,76,AVXS-101,0.0,14,6.5,,
NCT03032172,Spinal Muscular Atrophy,A Study of Risdiplam (RO7034067) in Adult and Pediatric Participants With Spinal Muscular Atrophy,Risdiplam,active-comparator,cm,Anthropometric Examination: Change From Baseline in Height,Week 35,False,False,True,Nusinersen,2.92,3.38,76,RO6885247,-0.4,13,3.32,,
NCT03032172,Spinal Muscular Atrophy,A Study of Risdiplam (RO7034067) in Adult and Pediatric Participants With Spinal Muscular Atrophy,Risdiplam,active-comparator,cm,Anthropometric Examination: Change From Baseline in Height,Week 35,False,False,True,Olesoxime,0.05,1.25,70,RO6885247,-0.4,13,0.45,,
NCT03032172,Spinal Muscular Atrophy,A Study of Risdiplam (RO7034067) in Adult and Pediatric Participants With Spinal Muscular Atrophy,Risdiplam,active-comparator,cm,Anthropometric Examination: Change From Baseline in Height,Week 39,False,False,True,Nusinersen,4.81,4.13,76,AVXS-101,2.41,14,2.4,,
NCT03032172,Spinal Muscular Atrophy,A Study of Risdiplam (RO7034067) in Adult and Pediatric Participants With Spinal Muscular Atrophy,Risdiplam,active-comparator,cm,Anthropometric Examination: Change From Baseline in Height,Week 39,False,False,True,Olesoxime,6.18,9.33,70,AVXS-101,2.41,14,3.77,,
NCT03032172,Spinal Muscular Atrophy,A Study of Risdiplam (RO7034067) in Adult and Pediatric Participants With Spinal Muscular Atrophy,Risdiplam,active-comparator,cm,Anthropometric Examination: Change From Baseline in Height,Week 43,False,False,True,Nusinersen,11.41,7.59,76,Olesoxime,3.55,70,7.86,,
NCT03032172,Spinal Muscular Atrophy,A Study of Risdiplam (RO7034067) in Adult and Pediatric Participants With Spinal Muscular Atrophy,Risdiplam,active-comparator,cm,Anthropometric Examination: Change From Baseline in Height,Week 43,False,False,True,AVXS-101,7.0,,14,Olesoxime,3.55,70,3.45,,
NCT03032172,Spinal Muscular Atrophy,A Study of Risdiplam (RO7034067) in Adult and Pediatric Participants With Spinal Muscular Atrophy,Risdiplam,active-comparator,cm,Anthropometric Examination: Change From Baseline in Height,Week 52,False,False,True,Nusinersen,6.14,5.31,76,RO6885247,-0.38,13,6.52,,
NCT03032172,Spinal Muscular Atrophy,A Study of Risdiplam (RO7034067) in Adult and Pediatric Participants With Spinal Muscular Atrophy,Risdiplam,active-comparator,cm,Anthropometric Examination: Change From Baseline in Height,Week 52,False,False,True,Olesoxime,2.36,5.66,70,RO6885247,-0.38,13,2.74,,
NCT03032172,Spinal Muscular Atrophy,A Study of Risdiplam (RO7034067) in Adult and Pediatric Participants With Spinal Muscular Atrophy,Risdiplam,active-comparator,cm,Anthropometric Examination: Change From Baseline in Height,Week 52,False,False,True,AVXS-101,6.83,3.01,14,RO6885247,-0.38,13,7.21,,
NCT03032172,Spinal Muscular Atrophy,A Study of Risdiplam (RO7034067) in Adult and Pediatric Participants With Spinal Muscular Atrophy,Risdiplam,active-comparator,cm,Anthropometric Examination: Change From Baseline in Height,Week 61,False,False,True,Nusinersen,11.41,9.06,76,RO6885247,0.0,13,11.41,,
NCT03032172,Spinal Muscular Atrophy,A Study of Risdiplam (RO7034067) in Adult and Pediatric Participants With Spinal Muscular Atrophy,Risdiplam,active-comparator,cm,Anthropometric Examination: Change From Baseline in Height,Week 61,False,False,True,Olesoxime,4.61,6.33,70,RO6885247,0.0,13,4.61,,
NCT03032172,Spinal Muscular Atrophy,A Study of Risdiplam (RO7034067) in Adult and Pediatric Participants With Spinal Muscular Atrophy,Risdiplam,active-comparator,cm,Anthropometric Examination: Change From Baseline in Height,Week 65,False,False,True,Nusinersen,9.8,6.91,76,Olesoxime,0.88,70,8.92,,
NCT03032172,Spinal Muscular Atrophy,A Study of Risdiplam (RO7034067) in Adult and Pediatric Participants With Spinal Muscular Atrophy,Risdiplam,active-comparator,cm,Anthropometric Examination: Change From Baseline in Height,Week 65,False,False,True,AVXS-101,8.0,1.73,14,Olesoxime,0.88,70,7.12,,
NCT03032172,Spinal Muscular Atrophy,A Study of Risdiplam (RO7034067) in Adult and Pediatric Participants With Spinal Muscular Atrophy,Risdiplam,active-comparator,cm,Anthropometric Examination: Change From Baseline in Height,Week 78,False,False,True,Nusinersen,9.92,6.32,76,RO6885247,-0.71,13,10.63,,
NCT03032172,Spinal Muscular Atrophy,A Study of Risdiplam (RO7034067) in Adult and Pediatric Participants With Spinal Muscular Atrophy,Risdiplam,active-comparator,cm,Anthropometric Examination: Change From Baseline in Height,Week 78,False,False,True,Olesoxime,3.9,6.8,70,RO6885247,-0.71,13,4.61,,
NCT03032172,Spinal Muscular Atrophy,A Study of Risdiplam (RO7034067) in Adult and Pediatric Participants With Spinal Muscular Atrophy,Risdiplam,active-comparator,cm,Anthropometric Examination: Change From Baseline in Height,Week 78,False,False,True,AVXS-101,9.09,4.04,14,RO6885247,-0.71,13,9.8,,
NCT03032172,Spinal Muscular Atrophy,A Study of Risdiplam (RO7034067) in Adult and Pediatric Participants With Spinal Muscular Atrophy,Risdiplam,active-comparator,cm,Anthropometric Examination: Change From Baseline in Height,Week 87,False,False,True,AVXS-101,5.78,,14,Olesoxime,4.77,70,1.01,,
NCT03032172,Spinal Muscular Atrophy,A Study of Risdiplam (RO7034067) in Adult and Pediatric Participants With Spinal Muscular Atrophy,Risdiplam,active-comparator,cm,Anthropometric Examination: Change From Baseline in Height,Week 91,False,False,True,Nusinersen,17.0,7.07,76,AVXS-101,10.0,14,7.0,,
NCT03032172,Spinal Muscular Atrophy,A Study of Risdiplam (RO7034067) in Adult and Pediatric Participants With Spinal Muscular Atrophy,Risdiplam,active-comparator,cm,Anthropometric Examination: Change From Baseline in Height,Week 104,False,False,True,Nusinersen,11.33,7.14,76,RO6885247,-0.87,13,12.2,,
NCT03032172,Spinal Muscular Atrophy,A Study of Risdiplam (RO7034067) in Adult and Pediatric Participants With Spinal Muscular Atrophy,Risdiplam,active-comparator,cm,Anthropometric Examination: Change From Baseline in Height,Week 104,False,False,True,Olesoxime,5.14,7.33,70,RO6885247,-0.87,13,6.01,,
NCT03032172,Spinal Muscular Atrophy,A Study of Risdiplam (RO7034067) in Adult and Pediatric Participants With Spinal Muscular Atrophy,Risdiplam,active-comparator,cm,Anthropometric Examination: Change From Baseline in Height,Week 104,False,False,True,AVXS-101,14.54,3.95,14,RO6885247,-0.87,13,15.41,,
NCT03032172,Spinal Muscular Atrophy,A Study of Risdiplam (RO7034067) in Adult and Pediatric Participants With Spinal Muscular Atrophy,Risdiplam,active-comparator,cm,Anthropometric Examination: Change From Baseline in Height,Week 117,False,False,True,Nusinersen,9.2,6.11,76,Olesoxime,4.86,70,4.34,,
NCT03032172,Spinal Muscular Atrophy,A Study of Risdiplam (RO7034067) in Adult and Pediatric Participants With Spinal Muscular Atrophy,Risdiplam,active-comparator,cm,Anthropometric Examination: Change From Baseline in Height,Week 130,False,False,True,Nusinersen,12.15,8.73,76,RO6885247,-1.6,13,13.75,,
NCT03032172,Spinal Muscular Atrophy,A Study of Risdiplam (RO7034067) in Adult and Pediatric Participants With Spinal Muscular Atrophy,Risdiplam,active-comparator,cm,Anthropometric Examination: Change From Baseline in Height,Week 130,False,False,True,Olesoxime,4.7,7.8,70,RO6885247,-1.6,13,6.3,,
NCT03032172,Spinal Muscular Atrophy,A Study of Risdiplam (RO7034067) in Adult and Pediatric Participants With Spinal Muscular Atrophy,Risdiplam,active-comparator,cm,Anthropometric Examination: Change From Baseline in Height,Week 130,False,False,True,AVXS-101,16.11,5.48,14,RO6885247,-1.6,13,17.71,,
NCT03032172,Spinal Muscular Atrophy,A Study of Risdiplam (RO7034067) in Adult and Pediatric Participants With Spinal Muscular Atrophy,Risdiplam,active-comparator,cm,Anthropometric Examination: Change From Baseline in Height,Week 143,False,False,True,Nusinersen,5.91,6.39,76,RO6885247,0.0,13,5.91,,
NCT03032172,Spinal Muscular Atrophy,A Study of Risdiplam (RO7034067) in Adult and Pediatric Participants With Spinal Muscular Atrophy,Risdiplam,active-comparator,cm,Anthropometric Examination: Change From Baseline in Height,Week 143,False,False,True,Olesoxime,5.0,,70,RO6885247,0.0,13,5.0,,
NCT03032172,Spinal Muscular Atrophy,A Study of Risdiplam (RO7034067) in Adult and Pediatric Participants With Spinal Muscular Atrophy,Risdiplam,active-comparator,cm,Anthropometric Examination: Change From Baseline in Height,Week 156,False,False,True,Nusinersen,12.9,10.31,76,RO6885247,-0.2,13,13.1,,
NCT03032172,Spinal Muscular Atrophy,A Study of Risdiplam (RO7034067) in Adult and Pediatric Participants With Spinal Muscular Atrophy,Risdiplam,active-comparator,cm,Anthropometric Examination: Change From Baseline in Height,Week 156,False,False,True,Olesoxime,4.43,6.8,70,RO6885247,-0.2,13,4.63,,
NCT03032172,Spinal Muscular Atrophy,A Study of Risdiplam (RO7034067) in Adult and Pediatric Participants With Spinal Muscular Atrophy,Risdiplam,active-comparator,cm,Anthropometric Examination: Change From Baseline in Height,Week 156,False,False,True,AVXS-101,22.02,4.97,14,RO6885247,-0.2,13,22.22,,
NCT03032172,Spinal Muscular Atrophy,A Study of Risdiplam (RO7034067) in Adult and Pediatric Participants With Spinal Muscular Atrophy,Risdiplam,active-comparator,cm,Anthropometric Examination: Change From Baseline in Height,Week 169,False,False,True,Nusinersen,13.46,12.09,76,Olesoxime,0.0,70,13.46,,
NCT03032172,Spinal Muscular Atrophy,A Study of Risdiplam (RO7034067) in Adult and Pediatric Participants With Spinal Muscular Atrophy,Risdiplam,active-comparator,cm,Anthropometric Examination: Change From Baseline in Height,Week 182,False,False,True,Nusinersen,15.36,11.34,76,RO6885247,-2.25,13,17.61,,
NCT03032172,Spinal Muscular Atrophy,A Study of Risdiplam (RO7034067) in Adult and Pediatric Participants With Spinal Muscular Atrophy,Risdiplam,active-comparator,cm,Anthropometric Examination: Change From Baseline in Height,Week 182,False,False,True,Olesoxime,4.67,6.31,70,RO6885247,-2.25,13,6.92,,
NCT03032172,Spinal Muscular Atrophy,A Study of Risdiplam (RO7034067) in Adult and Pediatric Participants With Spinal Muscular Atrophy,Risdiplam,active-comparator,cm,Anthropometric Examination: Change From Baseline in Height,Week 182,False,False,True,AVXS-101,21.54,2.76,14,RO6885247,-2.25,13,23.79,,
NCT03032172,Spinal Muscular Atrophy,A Study of Risdiplam (RO7034067) in Adult and Pediatric Participants With Spinal Muscular Atrophy,Risdiplam,active-comparator,cm,Anthropometric Examination: Change From Baseline in Height,Week 208,False,False,True,Nusinersen,16.13,11.69,76,RO6885247,-2.28,13,18.41,,
NCT03032172,Spinal Muscular Atrophy,A Study of Risdiplam (RO7034067) in Adult and Pediatric Participants With Spinal Muscular Atrophy,Risdiplam,active-comparator,cm,Anthropometric Examination: Change From Baseline in Height,Week 208,False,False,True,Olesoxime,4.91,8.6,70,RO6885247,-2.28,13,7.19,,
NCT03032172,Spinal Muscular Atrophy,A Study of Risdiplam (RO7034067) in Adult and Pediatric Participants With Spinal Muscular Atrophy,Risdiplam,active-comparator,cm,Anthropometric Examination: Change From Baseline in Height,Week 208,False,False,True,AVXS-101,26.17,6.55,14,RO6885247,-2.28,13,28.45,,
NCT03032172,Spinal Muscular Atrophy,A Study of Risdiplam (RO7034067) in Adult and Pediatric Participants With Spinal Muscular Atrophy,Risdiplam,active-comparator,cm,Anthropometric Examination: Change From Baseline in Height,Week 221,False,False,True,Olesoxime,9.77,,70,RO6885247,0.0,13,9.77,,
NCT03032172,Spinal Muscular Atrophy,A Study of Risdiplam (RO7034067) in Adult and Pediatric Participants With Spinal Muscular Atrophy,Risdiplam,active-comparator,cm,Anthropometric Examination: Change From Baseline in Height,Week 234,False,False,True,Nusinersen,17.18,13.14,76,RO6885247,-1.04,13,18.22,,
NCT03032172,Spinal Muscular Atrophy,A Study of Risdiplam (RO7034067) in Adult and Pediatric Participants With Spinal Muscular Atrophy,Risdiplam,active-comparator,cm,Anthropometric Examination: Change From Baseline in Height,Week 234,False,False,True,Olesoxime,4.95,7.88,70,RO6885247,-1.04,13,5.99,,
NCT03032172,Spinal Muscular Atrophy,A Study of Risdiplam (RO7034067) in Adult and Pediatric Participants With Spinal Muscular Atrophy,Risdiplam,active-comparator,cm,Anthropometric Examination: Change From Baseline in Height,Week 234,False,False,True,AVXS-101,28.21,5.49,14,RO6885247,-1.04,13,29.25,,
NCT03768726,Bipolar Disorder,Extension Study Evaluating The Safety And Tolerability Of Flexible Doses Of Oral Ziprasidone In Children And Adolescents With Bipolar I Disorder,Ziprasidone ; Placebo,placebo,cm,"Change From Baseline in Height and Waist Circumference at Week 6, 26 and Follow-up Visit","Height, Change at Week 6",False,False,False,Ziprasidone in A1281198 and A1281201,0.27,0.455,10,Placebo in A1281198 Then Ziprasidone in A1281201,0.77,13,-0.5,,
NCT03768726,Bipolar Disorder,Extension Study Evaluating The Safety And Tolerability Of Flexible Doses Of Oral Ziprasidone In Children And Adolescents With Bipolar I Disorder,Ziprasidone ; Placebo,placebo,cm,"Change From Baseline in Height and Waist Circumference at Week 6, 26 and Follow-up Visit","Height, Change at Week 26",False,False,False,Ziprasidone in A1281198 and A1281201,2.04,1.938,10,Placebo in A1281198 Then Ziprasidone in A1281201,0.55,13,1.49,,
NCT03768726,Bipolar Disorder,Extension Study Evaluating The Safety And Tolerability Of Flexible Doses Of Oral Ziprasidone In Children And Adolescents With Bipolar I Disorder,Ziprasidone ; Placebo,placebo,cm,"Change From Baseline in Height and Waist Circumference at Week 6, 26 and Follow-up Visit","Height, Change at Follow-up Visit",False,False,False,Ziprasidone in A1281198 and A1281201,0.9,1.562,10,Placebo in A1281198 Then Ziprasidone in A1281201,2.42,13,-1.52,,
NCT03768726,Bipolar Disorder,Extension Study Evaluating The Safety And Tolerability Of Flexible Doses Of Oral Ziprasidone In Children And Adolescents With Bipolar I Disorder,Ziprasidone ; Placebo,placebo,cm,"Change From Baseline in Height and Waist Circumference at Week 6, 26 and Follow-up Visit","Waist Circumference, Change at Week 6",False,False,False,Ziprasidone in A1281198 and A1281201,-0.94,2.483,10,Placebo in A1281198 Then Ziprasidone in A1281201,2.23,13,-3.17,,
NCT03768726,Bipolar Disorder,Extension Study Evaluating The Safety And Tolerability Of Flexible Doses Of Oral Ziprasidone In Children And Adolescents With Bipolar I Disorder,Ziprasidone ; Placebo,placebo,cm,"Change From Baseline in Height and Waist Circumference at Week 6, 26 and Follow-up Visit","Waist Circumference, Change at Week 26",False,False,False,Ziprasidone in A1281198 and A1281201,-1.02,2.278,10,Placebo in A1281198 Then Ziprasidone in A1281201,1.29,13,-2.31,,
NCT03768726,Bipolar Disorder,Extension Study Evaluating The Safety And Tolerability Of Flexible Doses Of Oral Ziprasidone In Children And Adolescents With Bipolar I Disorder,Ziprasidone ; Placebo,placebo,cm,"Change From Baseline in Height and Waist Circumference at Week 6, 26 and Follow-up Visit","Waist Circumference, Change at Follow-up Visit",False,False,False,Ziprasidone in A1281198 and A1281201,-6.4,13.777,10,Placebo in A1281198 Then Ziprasidone in A1281201,2.01,13,-8.41,,
NCT03878446,Short Stature Children Born Small for Gestational Age (SGA),A Research Study in Children Born Small and Who Stayed Small. Treatment is Somapacitan Once a Week Compared to Norditropin® Once a Day,Somapacitan ; Norditropin®,active-comparator,cm/yr,Height Velocity,,True,True,False,Norditropin 0.035 mg/kg/Day,10.5,2.0,12,Somapacitan 0.16 mg/kg/Week,8.9,12,1.6,,
NCT03878446,Short Stature Children Born Small for Gestational Age (SGA),A Research Study in Children Born Small and Who Stayed Small. Treatment is Somapacitan Once a Week Compared to Norditropin® Once a Day,Somapacitan ; Norditropin®,active-comparator,cm/yr,Height Velocity,,True,True,False,Norditropin 0.067 mg/kg/Day,11.9,2.4,13,Somapacitan 0.16 mg/kg/Week,8.9,12,3.0,,
NCT03878446,Short Stature Children Born Small for Gestational Age (SGA),A Research Study in Children Born Small and Who Stayed Small. Treatment is Somapacitan Once a Week Compared to Norditropin® Once a Day,Somapacitan ; Norditropin®,active-comparator,cm/yr,Height Velocity,,True,True,False,Somapacitan 0.20 mg/kg/Week,11.1,2.6,13,Somapacitan 0.16 mg/kg/Week,8.9,12,2.2,,
NCT03878446,Short Stature Children Born Small for Gestational Age (SGA),A Research Study in Children Born Small and Who Stayed Small. Treatment is Somapacitan Once a Week Compared to Norditropin® Once a Day,Somapacitan ; Norditropin®,active-comparator,cm/yr,Height Velocity,,True,True,False,Somapacitan 0.24 mg/kg/Week,11.2,3.4,12,Somapacitan 0.16 mg/kg/Week,8.9,12,2.3,,
NCT00627523,"Infant, Small for Gestational Age",Genotropin Treatment In Very Young Children Born Small For Gestational Age,"Genotropin (PN-180,307) Somatropin ; Control-no treatment",placebo,Z,Change From Baseline in Height Standard Deviation Score (SDS) at Month 24.,,True,True,False,Genotropin®,1.63,0.13,21,Control,0.43,21,1.2,,
NCT00627523,"Infant, Small for Gestational Age",Genotropin Treatment In Very Young Children Born Small For Gestational Age,"Genotropin (PN-180,307) Somatropin ; Control-no treatment",placebo,Z,Change From Baseline in Growth Velocity SDS at Month 24.,,True,True,False,Genotropin®,0.74,0.57,21,Control,-0.03,21,0.77,,
NCT00627523,"Infant, Small for Gestational Age",Genotropin Treatment In Very Young Children Born Small For Gestational Age,"Genotropin (PN-180,307) Somatropin ; Control-no treatment",placebo,Z,Change From Baseline in Height SDS at Month 12.,,True,True,False,Genotropin®,1.03,0.12,21,Control,0.14,21,0.89,,
NCT00627523,"Infant, Small for Gestational Age",Genotropin Treatment In Very Young Children Born Small For Gestational Age,"Genotropin (PN-180,307) Somatropin ; Control-no treatment",placebo,Z,Change From Baseline in Growth Velocity SDS at Month 12.,,True,True,False,Genotropin®,1.65,0.56,21,Control,-1.59,21,3.24,,
NCT04175600,"Hypertension, Pulmonary",A Study of Selexipag as Add-On Treatment to Standard of Care in Children With Pulmonary Arterial Hypertension,Selexipag ; Placebo ; Standard of Care (SOC): Endothelin receptor antagonist ; SOC: Phosphodiesterase type 5 (PDE-5) inhibitor ; SOC: Soluble guanylate cyclase stimulator,placebo,cm,Double-blind Period: Change From Baseline in Growth Parameter: Height,Week 24,False,False,False,DB Period: Selexipag,1.1,0.52,59,DB Period: Placebo,1.9,64,-0.8,,
NCT04175600,"Hypertension, Pulmonary",A Study of Selexipag as Add-On Treatment to Standard of Care in Children With Pulmonary Arterial Hypertension,Selexipag ; Placebo ; Standard of Care (SOC): Endothelin receptor antagonist ; SOC: Phosphodiesterase type 5 (PDE-5) inhibitor ; SOC: Soluble guanylate cyclase stimulator,placebo,cm,Double-blind Period: Change From Baseline in Growth Parameter: Height,Week 48,False,False,False,DB Period: Selexipag,2.8,0.53,59,DB Period: Placebo,3.8,64,-1.0,,
NCT04175600,"Hypertension, Pulmonary",A Study of Selexipag as Add-On Treatment to Standard of Care in Children With Pulmonary Arterial Hypertension,Selexipag ; Placebo ; Standard of Care (SOC): Endothelin receptor antagonist ; SOC: Phosphodiesterase type 5 (PDE-5) inhibitor ; SOC: Soluble guanylate cyclase stimulator,placebo,cm,Double-blind Period: Change From Baseline in Growth Parameter: Height,Week 72,False,False,False,DB Period: Selexipag,4.4,0.54,59,DB Period: Placebo,5.8,64,-1.4,,
NCT04175600,"Hypertension, Pulmonary",A Study of Selexipag as Add-On Treatment to Standard of Care in Children With Pulmonary Arterial Hypertension,Selexipag ; Placebo ; Standard of Care (SOC): Endothelin receptor antagonist ; SOC: Phosphodiesterase type 5 (PDE-5) inhibitor ; SOC: Soluble guanylate cyclase stimulator,placebo,cm,Double-blind Period: Change From Baseline in Growth Parameter: Height,Week 96,False,False,False,DB Period: Selexipag,5.6,0.57,59,DB Period: Placebo,7.3,64,-1.7,,
NCT04638153,Achondroplasia,"A Study Of Safety, Tolerability And Effectiveness Of Recifercept In Children With Achondroplasia",Recifercept,active-comparator,cm,"Least Square Mean of Change From Baseline Arm Span to Standing Height/Length Difference at Month 3, Month 6, Month 9, and Month 12",Month 3,True,True,False,Recifercept 1 mg/kg QW,0.4,,20,Recifercept 1.5 mg/kg QD,-0.6,18,1.0,,
NCT04638153,Achondroplasia,"A Study Of Safety, Tolerability And Effectiveness Of Recifercept In Children With Achondroplasia",Recifercept,active-comparator,cm,"Least Square Mean of Change From Baseline Arm Span to Standing Height/Length Difference at Month 3, Month 6, Month 9, and Month 12",Month 3,True,True,False,Recifercept 2 mg/kg BIW,0.0,,19,Recifercept 1.5 mg/kg QD,-0.6,18,0.6,,
NCT04638153,Achondroplasia,"A Study Of Safety, Tolerability And Effectiveness Of Recifercept In Children With Achondroplasia",Recifercept,active-comparator,cm,"Least Square Mean of Change From Baseline Arm Span to Standing Height/Length Difference at Month 3, Month 6, Month 9, and Month 12",Month 6,True,True,False,Recifercept 1 mg/kg QW,0.2,,20,Recifercept 1.5 mg/kg QD,-0.5,18,0.7,,
NCT04638153,Achondroplasia,"A Study Of Safety, Tolerability And Effectiveness Of Recifercept In Children With Achondroplasia",Recifercept,active-comparator,cm,"Least Square Mean of Change From Baseline Arm Span to Standing Height/Length Difference at Month 3, Month 6, Month 9, and Month 12",Month 6,True,True,False,Recifercept 2 mg/kg BIW,0.7,,19,Recifercept 1.5 mg/kg QD,-0.5,18,1.2,,
NCT04638153,Achondroplasia,"A Study Of Safety, Tolerability And Effectiveness Of Recifercept In Children With Achondroplasia",Recifercept,active-comparator,cm,"Least Square Mean of Change From Baseline Arm Span to Standing Height/Length Difference at Month 3, Month 6, Month 9, and Month 12",Month 9,True,True,False,Recifercept 1 mg/kg QW,0.7,,20,Recifercept 1.5 mg/kg QD,0.0,18,0.7,,
NCT04638153,Achondroplasia,"A Study Of Safety, Tolerability And Effectiveness Of Recifercept In Children With Achondroplasia",Recifercept,active-comparator,cm,"Least Square Mean of Change From Baseline Arm Span to Standing Height/Length Difference at Month 3, Month 6, Month 9, and Month 12",Month 9,True,True,False,Recifercept 2 mg/kg BIW,0.7,,19,Recifercept 1.5 mg/kg QD,0.0,18,0.7,,
NCT04638153,Achondroplasia,"A Study Of Safety, Tolerability And Effectiveness Of Recifercept In Children With Achondroplasia",Recifercept,active-comparator,cm,"Least Square Mean of Change From Baseline Arm Span to Standing Height/Length Difference at Month 3, Month 6, Month 9, and Month 12",Month 12,True,True,False,Recifercept 1 mg/kg QW,1.0,,20,Recifercept 1.5 mg/kg QD,0.3,18,0.7,,
NCT04638153,Achondroplasia,"A Study Of Safety, Tolerability And Effectiveness Of Recifercept In Children With Achondroplasia",Recifercept,active-comparator,cm,"Least Square Mean of Change From Baseline Arm Span to Standing Height/Length Difference at Month 3, Month 6, Month 9, and Month 12",Month 12,True,True,False,Recifercept 2 mg/kg BIW,0.9,,19,Recifercept 1.5 mg/kg QD,0.3,18,0.6,,
NCT04638153,Achondroplasia,"A Study Of Safety, Tolerability And Effectiveness Of Recifercept In Children With Achondroplasia",Recifercept,active-comparator,Z,"Change From Baseline in Height Standard Deviation Score (Z-Score) at Month 3, Month 6, Month 9, and Month 12",Change at Month 3,True,True,False,Recifercept 2 mg/kg BIW,-0.0,0.17,18,Recifercept 1 mg/kg QW,0.0,18,-0.0,,
NCT04638153,Achondroplasia,"A Study Of Safety, Tolerability And Effectiveness Of Recifercept In Children With Achondroplasia",Recifercept,active-comparator,Z,"Change From Baseline in Height Standard Deviation Score (Z-Score) at Month 3, Month 6, Month 9, and Month 12",Change at Month 3,True,True,False,Recifercept 1.5 mg/kg QD,0.0,0.26,18,Recifercept 1 mg/kg QW,0.0,18,0.0,,
NCT04638153,Achondroplasia,"A Study Of Safety, Tolerability And Effectiveness Of Recifercept In Children With Achondroplasia",Recifercept,active-comparator,Z,"Change From Baseline in Height Standard Deviation Score (Z-Score) at Month 3, Month 6, Month 9, and Month 12",Change at Month 6,True,True,False,Recifercept 2 mg/kg BIW,0.0,0.21,18,Recifercept 1 mg/kg QW,0.0,18,0.0,,
NCT04638153,Achondroplasia,"A Study Of Safety, Tolerability And Effectiveness Of Recifercept In Children With Achondroplasia",Recifercept,active-comparator,Z,"Change From Baseline in Height Standard Deviation Score (Z-Score) at Month 3, Month 6, Month 9, and Month 12",Change at Month 6,True,True,False,Recifercept 1.5 mg/kg QD,0.0,0.24,18,Recifercept 1 mg/kg QW,0.0,18,0.0,,
NCT04638153,Achondroplasia,"A Study Of Safety, Tolerability And Effectiveness Of Recifercept In Children With Achondroplasia",Recifercept,active-comparator,Z,"Change From Baseline in Height Standard Deviation Score (Z-Score) at Month 3, Month 6, Month 9, and Month 12",Change at Month 9,True,True,False,Recifercept 2 mg/kg BIW,0.0,0.21,18,Recifercept 1 mg/kg QW,0.0,18,0.0,,
NCT04638153,Achondroplasia,"A Study Of Safety, Tolerability And Effectiveness Of Recifercept In Children With Achondroplasia",Recifercept,active-comparator,Z,"Change From Baseline in Height Standard Deviation Score (Z-Score) at Month 3, Month 6, Month 9, and Month 12",Change at Month 9,True,True,False,Recifercept 1.5 mg/kg QD,0.0,0.2,18,Recifercept 1 mg/kg QW,0.0,18,0.0,,
NCT04638153,Achondroplasia,"A Study Of Safety, Tolerability And Effectiveness Of Recifercept In Children With Achondroplasia",Recifercept,active-comparator,Z,"Change From Baseline in Height Standard Deviation Score (Z-Score) at Month 3, Month 6, Month 9, and Month 12",Change at Month 12,True,True,False,Recifercept 1 mg/kg QW,0.0,0.33,18,Recifercept 1.5 mg/kg QD,-0.2,18,0.2,,
NCT04638153,Achondroplasia,"A Study Of Safety, Tolerability And Effectiveness Of Recifercept In Children With Achondroplasia",Recifercept,active-comparator,Z,"Change From Baseline in Height Standard Deviation Score (Z-Score) at Month 3, Month 6, Month 9, and Month 12",Change at Month 12,True,True,False,Recifercept 2 mg/kg BIW,0.1,0.26,18,Recifercept 1.5 mg/kg QD,-0.2,18,0.3,,
NCT02339090,Growth Disorders,Long-Acting Growth Hormone in Children Compared to Daily rhGH,Somavaratan ; rhGH,active-comparator,cm/yr,Annual Height Velocity,,True,False,False,rhGH,10.7,0.48,34,Somavaratan,9.43,104,1.27,,
NCT01109849,ADHD ; Growth,Novel Approach to Stimulant Induced Weight Suppression and Its Impact on Growth,behavior therapy ; Extended release (ER) methylphenidate product ; monitoring ; drug holiday ; caloric supplement,active-comparator,Z,Change Score for Z-height Baseline to Endpoint,,False,False,False,Behavior Therapy,-0.04,0.46,42,ER Stimulant,-0.11,170,0.07,,
NCT01109849,ADHD ; Growth,Novel Approach to Stimulant Induced Weight Suppression and Its Impact on Growth,behavior therapy ; Extended release (ER) methylphenidate product ; monitoring ; drug holiday ; caloric supplement,active-comparator,Z,Change in Height z Score During Weight Recovery Phase (Second Randomization),,False,False,False,Drug Holiday,-0.03,0.247,23,Caloric Supplementation,-0.185,24,0.155,,
NCT01109849,ADHD ; Growth,Novel Approach to Stimulant Induced Weight Suppression and Its Impact on Growth,behavior therapy ; Extended release (ER) methylphenidate product ; monitoring ; drug holiday ; caloric supplement,active-comparator,Z,Change in Height z Score During Weight Recovery Phase (Second Randomization),,False,False,False,Monitoring,-0.168,0.337,23,Caloric Supplementation,-0.185,24,0.017,,
NCT01109849,ADHD ; Growth,Novel Approach to Stimulant Induced Weight Suppression and Its Impact on Growth,behavior therapy ; Extended release (ER) methylphenidate product ; monitoring ; drug holiday ; caloric supplement,active-comparator,Z,Change in Height z Score by Actual Medication Usage,,False,False,False,Inconsistent Medication Group,-0.113,0.43,111,Consistent Medication,-0.248,38,0.135,,
NCT01109849,ADHD ; Growth,Novel Approach to Stimulant Induced Weight Suppression and Its Impact on Growth,behavior therapy ; Extended release (ER) methylphenidate product ; monitoring ; drug holiday ; caloric supplement,active-comparator,Z,Change in Height z Score by Actual Medication Usage,,False,False,False,Rare Medication Group,0.042,0.464,44,Consistent Medication,-0.248,38,0.29,,
NCT03260205,Attention Deficit Hyperactivity Disorder (ADHD),Safety and Efficacy Study in Preschool Children Aged 4-5 Years With Attention-deficit/Hyperactivity Disorder (ADHD),Placebo ; SPD489 (Lisdexamfetamine dimesylate) ; SPD489,placebo,cm,Change From Baseline in Height at Week 6,,False,False,False,SPD489 5 mg,0.7,1.5,34,Placebo,0.7,41,0.0,,
NCT03260205,Attention Deficit Hyperactivity Disorder (ADHD),Safety and Efficacy Study in Preschool Children Aged 4-5 Years With Attention-deficit/Hyperactivity Disorder (ADHD),Placebo ; SPD489 (Lisdexamfetamine dimesylate) ; SPD489,placebo,cm,Change From Baseline in Height at Week 6,,False,False,False,SPD489 10 mg,0.7,1.08,32,Placebo,0.7,41,0.0,,
NCT03260205,Attention Deficit Hyperactivity Disorder (ADHD),Safety and Efficacy Study in Preschool Children Aged 4-5 Years With Attention-deficit/Hyperactivity Disorder (ADHD),Placebo ; SPD489 (Lisdexamfetamine dimesylate) ; SPD489,placebo,cm,Change From Baseline in Height at Week 6,,False,False,False,SPD489 20 mg,1.0,1.29,33,Placebo,0.7,41,0.3,,
NCT03260205,Attention Deficit Hyperactivity Disorder (ADHD),Safety and Efficacy Study in Preschool Children Aged 4-5 Years With Attention-deficit/Hyperactivity Disorder (ADHD),Placebo ; SPD489 (Lisdexamfetamine dimesylate) ; SPD489,placebo,cm,Change From Baseline in Height at Week 6,,False,False,False,SPD489 30 mg,0.5,1.2,32,Placebo,0.7,41,-0.2,,
NCT02175758,Hepatitis C Virus Infection,Safety and Efficacy of Sofosbuvir + Ribavirin in Adolescents and Children With Genotype 2 or 3 Chronic HCV Infection,SOF ; RBV,active-comparator,cm,"For the Treatment Phase, Change From Baseline in Height",Change at Week 1,False,False,True,12 to < 18 Years Old - SOF+RBV 12 Weeks,0.1,1.1,13,12 to < 18 Years Old - SOF+RBV 24 Weeks,0.0,39,0.1,,
NCT02175758,Hepatitis C Virus Infection,Safety and Efficacy of Sofosbuvir + Ribavirin in Adolescents and Children With Genotype 2 or 3 Chronic HCV Infection,SOF ; RBV,active-comparator,cm,"For the Treatment Phase, Change From Baseline in Height",Change at Week 1,False,False,True,6 to < 12 Years Old - SOF+RBV 12 Weeks,0.0,0.57,13,12 to < 18 Years Old - SOF+RBV 24 Weeks,0.0,39,0.0,,
NCT02175758,Hepatitis C Virus Infection,Safety and Efficacy of Sofosbuvir + Ribavirin in Adolescents and Children With Genotype 2 or 3 Chronic HCV Infection,SOF ; RBV,active-comparator,cm,"For the Treatment Phase, Change From Baseline in Height",Change at Week 1,False,False,True,6 to < 12 Years Old - SOF+RBV 24 Weeks,0.0,0.73,28,12 to < 18 Years Old - SOF+RBV 24 Weeks,0.0,39,0.0,,
NCT02175758,Hepatitis C Virus Infection,Safety and Efficacy of Sofosbuvir + Ribavirin in Adolescents and Children With Genotype 2 or 3 Chronic HCV Infection,SOF ; RBV,active-comparator,cm,"For the Treatment Phase, Change From Baseline in Height",Change at Week 2,False,False,True,12 to < 18 Years Old - SOF+RBV 12 Weeks,0.1,1.07,13,12 to < 18 Years Old - SOF+RBV 24 Weeks,-0.1,39,0.2,,
NCT02175758,Hepatitis C Virus Infection,Safety and Efficacy of Sofosbuvir + Ribavirin in Adolescents and Children With Genotype 2 or 3 Chronic HCV Infection,SOF ; RBV,active-comparator,cm,"For the Treatment Phase, Change From Baseline in Height",Change at Week 2,False,False,True,6 to < 12 Years Old - SOF+RBV 12 Weeks,0.1,0.66,13,12 to < 18 Years Old - SOF+RBV 24 Weeks,-0.1,39,0.2,,
NCT02175758,Hepatitis C Virus Infection,Safety and Efficacy of Sofosbuvir + Ribavirin in Adolescents and Children With Genotype 2 or 3 Chronic HCV Infection,SOF ; RBV,active-comparator,cm,"For the Treatment Phase, Change From Baseline in Height",Change at Week 2,False,False,True,6 to < 12 Years Old - SOF+RBV 24 Weeks,0.0,0.54,28,12 to < 18 Years Old - SOF+RBV 24 Weeks,-0.1,39,0.1,,
NCT02175758,Hepatitis C Virus Infection,Safety and Efficacy of Sofosbuvir + Ribavirin in Adolescents and Children With Genotype 2 or 3 Chronic HCV Infection,SOF ; RBV,active-comparator,cm,"For the Treatment Phase, Change From Baseline in Height",Change at Week 4,False,False,True,12 to < 18 Years Old - SOF+RBV 24 Weeks,0.2,0.78,39,12 to < 18 Years Old - SOF+RBV 12 Weeks,0.2,13,0.0,,
NCT02175758,Hepatitis C Virus Infection,Safety and Efficacy of Sofosbuvir + Ribavirin in Adolescents and Children With Genotype 2 or 3 Chronic HCV Infection,SOF ; RBV,active-comparator,cm,"For the Treatment Phase, Change From Baseline in Height",Change at Week 4,False,False,True,6 to < 12 Years Old - SOF+RBV 12 Weeks,0.3,0.67,13,12 to < 18 Years Old - SOF+RBV 12 Weeks,0.2,13,0.1,,
NCT02175758,Hepatitis C Virus Infection,Safety and Efficacy of Sofosbuvir + Ribavirin in Adolescents and Children With Genotype 2 or 3 Chronic HCV Infection,SOF ; RBV,active-comparator,cm,"For the Treatment Phase, Change From Baseline in Height",Change at Week 4,False,False,True,6 to < 12 Years Old - SOF+RBV 24 Weeks,0.4,0.74,28,12 to < 18 Years Old - SOF+RBV 12 Weeks,0.2,13,0.2,,
NCT02175758,Hepatitis C Virus Infection,Safety and Efficacy of Sofosbuvir + Ribavirin in Adolescents and Children With Genotype 2 or 3 Chronic HCV Infection,SOF ; RBV,active-comparator,cm,"For the Treatment Phase, Change From Baseline in Height",Change at Week 8,False,False,True,12 to < 18 Years Old - SOF+RBV 12 Weeks,0.3,1.27,13,12 to < 18 Years Old - SOF+RBV 24 Weeks,0.2,39,0.1,,
NCT02175758,Hepatitis C Virus Infection,Safety and Efficacy of Sofosbuvir + Ribavirin in Adolescents and Children With Genotype 2 or 3 Chronic HCV Infection,SOF ; RBV,active-comparator,cm,"For the Treatment Phase, Change From Baseline in Height",Change at Week 8,False,False,True,6 to < 12 Years Old - SOF+RBV 12 Weeks,1.0,1.0,13,12 to < 18 Years Old - SOF+RBV 24 Weeks,0.2,39,0.8,,
NCT02175758,Hepatitis C Virus Infection,Safety and Efficacy of Sofosbuvir + Ribavirin in Adolescents and Children With Genotype 2 or 3 Chronic HCV Infection,SOF ; RBV,active-comparator,cm,"For the Treatment Phase, Change From Baseline in Height",Change at Week 8,False,False,True,6 to < 12 Years Old - SOF+RBV 24 Weeks,0.4,0.62,28,12 to < 18 Years Old - SOF+RBV 24 Weeks,0.2,39,0.2,,
NCT02175758,Hepatitis C Virus Infection,Safety and Efficacy of Sofosbuvir + Ribavirin in Adolescents and Children With Genotype 2 or 3 Chronic HCV Infection,SOF ; RBV,active-comparator,cm,"For the Treatment Phase, Change From Baseline in Height",Change at Week 12,False,False,True,12 to < 18 Years Old - SOF+RBV 12 Weeks,0.5,1.68,13,12 to < 18 Years Old - SOF+RBV 24 Weeks,0.3,39,0.2,,
NCT02175758,Hepatitis C Virus Infection,Safety and Efficacy of Sofosbuvir + Ribavirin in Adolescents and Children With Genotype 2 or 3 Chronic HCV Infection,SOF ; RBV,active-comparator,cm,"For the Treatment Phase, Change From Baseline in Height",Change at Week 12,False,False,True,6 to < 12 Years Old - SOF+RBV 12 Weeks,0.8,0.81,13,12 to < 18 Years Old - SOF+RBV 24 Weeks,0.3,39,0.5,,
NCT02175758,Hepatitis C Virus Infection,Safety and Efficacy of Sofosbuvir + Ribavirin in Adolescents and Children With Genotype 2 or 3 Chronic HCV Infection,SOF ; RBV,active-comparator,cm,"For the Treatment Phase, Change From Baseline in Height",Change at Week 12,False,False,True,6 to < 12 Years Old - SOF+RBV 24 Weeks,0.7,0.68,28,12 to < 18 Years Old - SOF+RBV 24 Weeks,0.3,39,0.4,,
NCT02175758,Hepatitis C Virus Infection,Safety and Efficacy of Sofosbuvir + Ribavirin in Adolescents and Children With Genotype 2 or 3 Chronic HCV Infection,SOF ; RBV,active-comparator,cm,"For the Treatment Phase, Change From Baseline in Height",Change at Week 16,False,False,True,6 to < 12 Years Old - SOF+RBV 24 Weeks,1.1,0.93,28,12 to < 18 Years Old - SOF+RBV 24 Weeks,0.4,39,0.7,,
NCT02175758,Hepatitis C Virus Infection,Safety and Efficacy of Sofosbuvir + Ribavirin in Adolescents and Children With Genotype 2 or 3 Chronic HCV Infection,SOF ; RBV,active-comparator,cm,"For the Treatment Phase, Change From Baseline in Height",Change at Week 20,False,False,True,6 to < 12 Years Old - SOF+RBV 24 Weeks,1.6,1.15,28,12 to < 18 Years Old - SOF+RBV 24 Weeks,0.5,39,1.1,,
NCT02175758,Hepatitis C Virus Infection,Safety and Efficacy of Sofosbuvir + Ribavirin in Adolescents and Children With Genotype 2 or 3 Chronic HCV Infection,SOF ; RBV,active-comparator,cm,"For the Treatment Phase, Change From Baseline in Height",Change at Week 24,False,False,True,6 to < 12 Years Old - SOF+RBV 24 Weeks,2.1,0.88,28,12 to < 18 Years Old - SOF+RBV 24 Weeks,0.8,39,1.3,,
NCT02175758,Hepatitis C Virus Infection,Safety and Efficacy of Sofosbuvir + Ribavirin in Adolescents and Children With Genotype 2 or 3 Chronic HCV Infection,SOF ; RBV,active-comparator,cm,"For the Treatment Phase, Change From Baseline in Height",Change at Posttreatment Week 4,False,False,True,12 to < 18 Years Old - SOF+RBV 24 Weeks,0.9,1.7,39,12 to < 18 Years Old - SOF+RBV 12 Weeks,0.5,13,0.4,,
NCT02175758,Hepatitis C Virus Infection,Safety and Efficacy of Sofosbuvir + Ribavirin in Adolescents and Children With Genotype 2 or 3 Chronic HCV Infection,SOF ; RBV,active-comparator,cm,"For the Treatment Phase, Change From Baseline in Height",Change at Posttreatment Week 4,False,False,True,6 to < 12 Years Old - SOF+RBV 12 Weeks,1.4,0.8,13,12 to < 18 Years Old - SOF+RBV 12 Weeks,0.5,13,0.9,,
NCT02175758,Hepatitis C Virus Infection,Safety and Efficacy of Sofosbuvir + Ribavirin in Adolescents and Children With Genotype 2 or 3 Chronic HCV Infection,SOF ; RBV,active-comparator,cm,"For the Treatment Phase, Change From Baseline in Height",Change at Posttreatment Week 4,False,False,True,6 to < 12 Years Old - SOF+RBV 24 Weeks,2.6,1.17,28,12 to < 18 Years Old - SOF+RBV 12 Weeks,0.5,13,2.1,,
NCT02175758,Hepatitis C Virus Infection,Safety and Efficacy of Sofosbuvir + Ribavirin in Adolescents and Children With Genotype 2 or 3 Chronic HCV Infection,SOF ; RBV,active-comparator,cm,"For the Treatment Phase, Change From Baseline in Height",Change at Posttreatment Week 12,False,False,True,12 to < 18 Years Old - SOF+RBV 12 Weeks,1.4,1.65,13,12 to < 18 Years Old - SOF+RBV 24 Weeks,1.3,39,0.1,,
NCT02175758,Hepatitis C Virus Infection,Safety and Efficacy of Sofosbuvir + Ribavirin in Adolescents and Children With Genotype 2 or 3 Chronic HCV Infection,SOF ; RBV,active-comparator,cm,"For the Treatment Phase, Change From Baseline in Height",Change at Posttreatment Week 12,False,False,True,6 to < 12 Years Old - SOF+RBV 12 Weeks,2.4,1.02,13,12 to < 18 Years Old - SOF+RBV 24 Weeks,1.3,39,1.1,,
NCT02175758,Hepatitis C Virus Infection,Safety and Efficacy of Sofosbuvir + Ribavirin in Adolescents and Children With Genotype 2 or 3 Chronic HCV Infection,SOF ; RBV,active-comparator,cm,"For the Treatment Phase, Change From Baseline in Height",Change at Posttreatment Week 12,False,False,True,6 to < 12 Years Old - SOF+RBV 24 Weeks,3.8,1.3,28,12 to < 18 Years Old - SOF+RBV 24 Weeks,1.3,39,2.5,,
NCT02175758,Hepatitis C Virus Infection,Safety and Efficacy of Sofosbuvir + Ribavirin in Adolescents and Children With Genotype 2 or 3 Chronic HCV Infection,SOF ; RBV,active-comparator,cm,"For the Treatment Phase, Change From Baseline in Height",Change at Posttreatment Week 24,False,False,True,12 to < 18 Years Old - SOF+RBV 24 Weeks,1.8,2.83,39,12 to < 18 Years Old - SOF+RBV 12 Weeks,1.6,13,0.2,,
NCT02175758,Hepatitis C Virus Infection,Safety and Efficacy of Sofosbuvir + Ribavirin in Adolescents and Children With Genotype 2 or 3 Chronic HCV Infection,SOF ; RBV,active-comparator,cm,"For the Treatment Phase, Change From Baseline in Height",Change at Posttreatment Week 24,False,False,True,6 to < 12 Years Old - SOF+RBV 12 Weeks,4.2,1.11,13,12 to < 18 Years Old - SOF+RBV 12 Weeks,1.6,13,2.6,,
NCT02175758,Hepatitis C Virus Infection,Safety and Efficacy of Sofosbuvir + Ribavirin in Adolescents and Children With Genotype 2 or 3 Chronic HCV Infection,SOF ; RBV,active-comparator,cm,"For the Treatment Phase, Change From Baseline in Height",Change at Posttreatment Week 24,False,False,True,6 to < 12 Years Old - SOF+RBV 24 Weeks,5.1,1.59,28,12 to < 18 Years Old - SOF+RBV 12 Weeks,1.6,13,3.5,,
NCT00249821,Small Gestational Age (SGA),Optimization of the Dosage Regimen of Growth Hormone Therapy in Children Born Small for Gestational Age,Saizen® ; Saizen®,active-comparator,cm,Change From Baseline in Height at Month 6,Change at Month 6,True,False,False,Saizen® 0.057 mg/kg/Day,3.6,1.31,10,Saizen® 0.035 mg/kg/Day,2.5,12,1.1,,
NCT02514473,Cystic Fibrosis,"A Study to Evaluate the Efficacy and Safety of Lumacaftor in Combination With Ivacaftor in Subjects With CF, Homozygous for the F508del-CFTR Mutation",VX-809 ; Placebo ; VX-770,placebo,cm,Absolute Change From Baseline in Height at Week 24,,False,False,True,LUM/IVA,2.9,0.1,98,Placebo,2.6,97,0.3,,
NCT02514473,Cystic Fibrosis,"A Study to Evaluate the Efficacy and Safety of Lumacaftor in Combination With Ivacaftor in Subjects With CF, Homozygous for the F508del-CFTR Mutation",VX-809 ; Placebo ; VX-770,placebo,Z,Absolute Change From Baseline in Height-for-age Z-score at Week 24,,False,False,True,LUM/IVA,0.03,0.02,98,Placebo,0.0,97,0.03,,
NCT02544451,Cystic Fibrosis,Rollover Study to Evaluate the Safety and Efficacy of Long-term Treatment With Lumacaftor in Combination With Ivacaftor,LUM/IVA ; LUM/IVA,active-comparator,cm,Absolute Change in Height,,False,False,True,PBO to LUM/IVA,13.5,,101,LUM/IVA to LUM/IVA,13.4,161,0.1,,
NCT02544451,Cystic Fibrosis,Rollover Study to Evaluate the Safety and Efficacy of Long-term Treatment With Lumacaftor in Combination With Ivacaftor,LUM/IVA ; LUM/IVA,active-comparator,Z,Absolute Change in Height-for-age Z-score,,False,False,True,PBO to LUM/IVA,0.02,,101,LUM/IVA to LUM/IVA,-0.01,161,0.03,,
NCT02201251,Epilepsy,A Study to Investigate the Safety of the Drugs Topiramate and Levetiracetam in Treating Children Recently Diagnosed With Epilepsy,Topiramate ; Levetiracetam,active-comparator,Z,Change From Baseline in Height Z-score up to Month 1,,False,False,True,Topiramate,0.004,0.087,27,Levetiracetam,-0.015,33,0.019,,
NCT02201251,Epilepsy,A Study to Investigate the Safety of the Drugs Topiramate and Levetiracetam in Treating Children Recently Diagnosed With Epilepsy,Topiramate ; Levetiracetam,active-comparator,Z,Change From Baseline in Height Z-score up to Month 3,,False,False,True,Levetiracetam,0.017,0.1631,34,Topiramate,-0.036,27,0.053,,
NCT02201251,Epilepsy,A Study to Investigate the Safety of the Drugs Topiramate and Levetiracetam in Treating Children Recently Diagnosed With Epilepsy,Topiramate ; Levetiracetam,active-comparator,Z,Change From Baseline in Height Z-score up to Month 6,,False,False,True,Levetiracetam,0.077,0.267,33,Topiramate,-0.008,24,0.085,,
NCT02201251,Epilepsy,A Study to Investigate the Safety of the Drugs Topiramate and Levetiracetam in Treating Children Recently Diagnosed With Epilepsy,Topiramate ; Levetiracetam,active-comparator,Z,Change From Baseline in Height Z-score up to Month 9,,False,False,True,Levetiracetam,0.086,0.2929,32,Topiramate,-0.059,24,0.145,,
NCT02201251,Epilepsy,A Study to Investigate the Safety of the Drugs Topiramate and Levetiracetam in Treating Children Recently Diagnosed With Epilepsy,Topiramate ; Levetiracetam,active-comparator,Z,Change From Baseline in Height Z-score up to Month 12,,False,False,True,Levetiracetam,0.088,0.3315,32,Topiramate,-0.057,24,0.145,,
NCT02527200,Metabolism and Nutrition Disorder ; Obesity,Effect of Liraglutide for Weight Management in Paediatric Subjects With Prader-Willi Syndrome,liraglutide ; placebo,placebo,cm/yr,Height Velocity at Week 16,,True,False,True,Part A: Liraglutide,2.113,3.084,18,Part A+B: Placebo,4.258,19,-2.145,,
NCT02527200,Metabolism and Nutrition Disorder ; Obesity,Effect of Liraglutide for Weight Management in Paediatric Subjects With Prader-Willi Syndrome,liraglutide ; placebo,placebo,cm/yr,Height Velocity at Week 16,,True,False,True,Part A: Placebo,2.718,4.281,12,Part A+B: Placebo,4.258,19,-1.54,,
NCT02527200,Metabolism and Nutrition Disorder ; Obesity,Effect of Liraglutide for Weight Management in Paediatric Subjects With Prader-Willi Syndrome,liraglutide ; placebo,placebo,cm/yr,Height Velocity at Week 16,,True,False,True,Part B: Liraglutide,4.19,2.604,16,Part A+B: Placebo,4.258,19,-0.068,,
NCT02527200,Metabolism and Nutrition Disorder ; Obesity,Effect of Liraglutide for Weight Management in Paediatric Subjects With Prader-Willi Syndrome,liraglutide ; placebo,placebo,cm/yr,Height Velocity at Week 16,,True,False,True,Part A+B: Liraglutide,3.09,3.014,34,Part A+B: Placebo,4.258,19,-1.168,,
NCT02527200,Metabolism and Nutrition Disorder ; Obesity,Effect of Liraglutide for Weight Management in Paediatric Subjects With Prader-Willi Syndrome,liraglutide ; placebo,placebo,cm/yr,Height Velocity at Week 52,,True,False,True,Part A: Liraglutide,1.564,1.285,17,Part A+B: Placebo,3.173,17,-1.609,,
NCT02527200,Metabolism and Nutrition Disorder ; Obesity,Effect of Liraglutide for Weight Management in Paediatric Subjects With Prader-Willi Syndrome,liraglutide ; placebo,placebo,cm/yr,Height Velocity at Week 52,,True,False,True,Part A: Placebo,1.839,1.658,11,Part A+B: Placebo,3.173,17,-1.334,,
NCT02527200,Metabolism and Nutrition Disorder ; Obesity,Effect of Liraglutide for Weight Management in Paediatric Subjects With Prader-Willi Syndrome,liraglutide ; placebo,placebo,cm/yr,Height Velocity at Week 52,,True,False,True,Part B: Liraglutide,4.752,2.25,14,Part A+B: Placebo,3.173,17,1.579,,
NCT02527200,Metabolism and Nutrition Disorder ; Obesity,Effect of Liraglutide for Weight Management in Paediatric Subjects With Prader-Willi Syndrome,liraglutide ; placebo,placebo,cm/yr,Height Velocity at Week 52,,True,False,True,Part A+B: Liraglutide,3.004,2.383,31,Part A+B: Placebo,3.173,17,-0.169,,
NCT01624194,Autism,Intranasal Oxytocin Treatment for Social Deficits in Children With Autism,Oxytocin nasal spray ; Placebo,placebo,cm,Change From Baseline in Height.,Week 4,False,False,False,Oxytocin Nasal Spray,134.0,,14,Placebo Nasal Spray,129.0,17,5.0,,
NCT05185622,Duchenne Muscular Dystrophy,A Study to Assess Vamorolone in Boys Ages 2 to <4 Years and 7 to <18 Years With Duchenne Muscular Dystrophy (DMD),Vamorolone,active-comparator,cm,Change in Height (Absolute) From Baseline to Week 12,,False,False,False,Treatment Group 1,1.98,1.146,10,Treatment Group 6,1.27,16,0.71,,
NCT05185622,Duchenne Muscular Dystrophy,A Study to Assess Vamorolone in Boys Ages 2 to <4 Years and 7 to <18 Years With Duchenne Muscular Dystrophy (DMD),Vamorolone,active-comparator,cm,Change in Height (Absolute) From Baseline to Week 12,,False,False,False,Treatment Group 2,2.35,0.568,10,Treatment Group 6,1.27,16,1.08,,
NCT00120523,Atopic Dermatitis,5-Year Safety Study of Pimecrolimus Cream 1% in Infants 3 - 12 Months of Age With Mild to Moderate Atopic Dermatitis,Pimecrolimus ; Topical corticosteroids,active-comparator,cm,Growth Velocity (Height),"Week 6 (n=1144, n=1141)",False,False,True,Topical Corticosteroids,71.3,4.76,1208,Pimecrolimus,71.3,1204,0.0,,
NCT00120523,Atopic Dermatitis,5-Year Safety Study of Pimecrolimus Cream 1% in Infants 3 - 12 Months of Age With Mild to Moderate Atopic Dermatitis,Pimecrolimus ; Topical corticosteroids,active-comparator,cm,Growth Velocity (Height),"Week 26 (n=1092, n=1114)",False,False,True,Pimecrolimus,77.0,4.37,1204,Topical Corticosteroids,76.9,1208,0.1,,
NCT00120523,Atopic Dermatitis,5-Year Safety Study of Pimecrolimus Cream 1% in Infants 3 - 12 Months of Age With Mild to Moderate Atopic Dermatitis,Pimecrolimus ; Topical corticosteroids,active-comparator,cm,Growth Velocity (Height),"Week 52 (n=999, n=1052)",False,False,True,Topical Corticosteroids,83.1,4.3,1208,Pimecrolimus,83.1,1204,0.0,,
NCT00120523,Atopic Dermatitis,5-Year Safety Study of Pimecrolimus Cream 1% in Infants 3 - 12 Months of Age With Mild to Moderate Atopic Dermatitis,Pimecrolimus ; Topical corticosteroids,active-comparator,cm,Growth Velocity (Height),"Week 104 (n=924, n=975)",False,False,True,Pimecrolimus,93.0,4.31,1204,Topical Corticosteroids,92.9,1208,0.1,,
NCT00120523,Atopic Dermatitis,5-Year Safety Study of Pimecrolimus Cream 1% in Infants 3 - 12 Months of Age With Mild to Moderate Atopic Dermatitis,Pimecrolimus ; Topical corticosteroids,active-comparator,cm,Growth Velocity (Height),"Week 156 (n=871, n=919)",False,False,True,Topical Corticosteroids,100.6,4.72,1208,Pimecrolimus,100.5,1204,0.1,,
NCT00120523,Atopic Dermatitis,5-Year Safety Study of Pimecrolimus Cream 1% in Infants 3 - 12 Months of Age With Mild to Moderate Atopic Dermatitis,Pimecrolimus ; Topical corticosteroids,active-comparator,cm,Growth Velocity (Height),"Week 208 (n=843, n=869)",False,False,True,Topical Corticosteroids,107.8,5.25,1208,Pimecrolimus,107.7,1204,0.1,,
NCT00120523,Atopic Dermatitis,5-Year Safety Study of Pimecrolimus Cream 1% in Infants 3 - 12 Months of Age With Mild to Moderate Atopic Dermatitis,Pimecrolimus ; Topical corticosteroids,active-comparator,cm,Growth Velocity (Height),"Week 260 (n=833, n=871)",False,False,True,Topical Corticosteroids,114.5,5.9,1208,Pimecrolimus,114.4,1204,0.1,,
NCT02075047,Bipolar Disorder,Efficacy and Safety Trial of Flexible Doses of Oral Ziprasidone in Children and Adolescents With Bipolar I Disorder,placebo oral capsules ; ziprasidone oral capsules,placebo,cm,Change From Baseline in Height and Waist Circumference at Week 4 and Early Termination Visit,"Height, Change at Week 4",False,False,False,Ziprasidone,0.4,0.6,86,Placebo,0.7,85,-0.3,,
NCT02075047,Bipolar Disorder,Efficacy and Safety Trial of Flexible Doses of Oral Ziprasidone in Children and Adolescents With Bipolar I Disorder,placebo oral capsules ; ziprasidone oral capsules,placebo,cm,Change From Baseline in Height and Waist Circumference at Week 4 and Early Termination Visit,"Height, Change at Early Termination",False,False,False,Ziprasidone,0.2,0.54,86,Placebo,0.5,85,-0.3,,
NCT02075047,Bipolar Disorder,Efficacy and Safety Trial of Flexible Doses of Oral Ziprasidone in Children and Adolescents With Bipolar I Disorder,placebo oral capsules ; ziprasidone oral capsules,placebo,cm,Change From Baseline in Height and Waist Circumference at Week 4 and Early Termination Visit,"Waist Circumference, Change at Week 4",False,False,False,Ziprasidone,-0.1,2.79,86,Placebo,0.3,85,-0.4,,
NCT02075047,Bipolar Disorder,Efficacy and Safety Trial of Flexible Doses of Oral Ziprasidone in Children and Adolescents With Bipolar I Disorder,placebo oral capsules ; ziprasidone oral capsules,placebo,cm,Change From Baseline in Height and Waist Circumference at Week 4 and Early Termination Visit,"Waist Circumference, Change at Early Termination",False,False,False,Ziprasidone,0.4,3.77,86,Placebo,1.0,85,-0.6,,
NCT02616562,Growth Hormone Disorder ; Growth Hormone Deficiency in Children,Investigating Efficacy and Safety of Once-weekly NNC0195-0092 Treatment Compared to Daily Growth Hormone Treatment (Norditropin® FlexPro®) in Growth Hormone Treatment naïve Pre-pubertal Children With Growth Hormone Deficiency,somapacitan ; Norditropin® FlexPro® pen,active-comparator,cm/yr,"Height Velocity (HV) (cm/Year) During the First 26 Weeks of Treatment, Measured as Standing Height With Stadiometer",,True,True,True,Cohort I - Norditropin 0.034 mg/kg,11.35,3.27,14,Cohort I - Somapacitan 0.04 mg/kg,7.96,14,3.39,,
NCT02616562,Growth Hormone Disorder ; Growth Hormone Deficiency in Children,Investigating Efficacy and Safety of Once-weekly NNC0195-0092 Treatment Compared to Daily Growth Hormone Treatment (Norditropin® FlexPro®) in Growth Hormone Treatment naïve Pre-pubertal Children With Growth Hormone Deficiency,somapacitan ; Norditropin® FlexPro® pen,active-comparator,cm/yr,"Height Velocity (HV) (cm/Year) During the First 26 Weeks of Treatment, Measured as Standing Height With Stadiometer",,True,True,True,Cohort I - Somapacitan 0.08 mg/kg,10.92,1.9,15,Cohort I - Somapacitan 0.04 mg/kg,7.96,14,2.96,,
NCT02616562,Growth Hormone Disorder ; Growth Hormone Deficiency in Children,Investigating Efficacy and Safety of Once-weekly NNC0195-0092 Treatment Compared to Daily Growth Hormone Treatment (Norditropin® FlexPro®) in Growth Hormone Treatment naïve Pre-pubertal Children With Growth Hormone Deficiency,somapacitan ; Norditropin® FlexPro® pen,active-comparator,cm/yr,"Height Velocity (HV) (cm/Year) During the First 26 Weeks of Treatment, Measured as Standing Height With Stadiometer",,True,True,True,Cohort I - Somapcitan 0.16 mg/kg,12.88,3.46,14,Cohort I - Somapacitan 0.04 mg/kg,7.96,14,4.92,,
NCT02616562,Growth Hormone Disorder ; Growth Hormone Deficiency in Children,Investigating Efficacy and Safety of Once-weekly NNC0195-0092 Treatment Compared to Daily Growth Hormone Treatment (Norditropin® FlexPro®) in Growth Hormone Treatment naïve Pre-pubertal Children With Growth Hormone Deficiency,somapacitan ; Norditropin® FlexPro® pen,active-comparator,cm/yr,Height Velocity (HV) (cm/Year) at Weeks 52 (Derived From Standing Height),,True,True,True,Cohort I - Norditropin 0.034 mg/kg,9.8,2.3,14,Cohort I - Somapacitan 0.04 mg/kg,7.8,14,2.0,,
NCT02616562,Growth Hormone Disorder ; Growth Hormone Deficiency in Children,Investigating Efficacy and Safety of Once-weekly NNC0195-0092 Treatment Compared to Daily Growth Hormone Treatment (Norditropin® FlexPro®) in Growth Hormone Treatment naïve Pre-pubertal Children With Growth Hormone Deficiency,somapacitan ; Norditropin® FlexPro® pen,active-comparator,cm/yr,Height Velocity (HV) (cm/Year) at Weeks 52 (Derived From Standing Height),,True,True,True,Cohort I - Somapacitan 0.08 mg/kg,9.7,1.8,15,Cohort I - Somapacitan 0.04 mg/kg,7.8,14,1.9,,
NCT02616562,Growth Hormone Disorder ; Growth Hormone Deficiency in Children,Investigating Efficacy and Safety of Once-weekly NNC0195-0092 Treatment Compared to Daily Growth Hormone Treatment (Norditropin® FlexPro®) in Growth Hormone Treatment naïve Pre-pubertal Children With Growth Hormone Deficiency,somapacitan ; Norditropin® FlexPro® pen,active-comparator,cm/yr,Height Velocity (HV) (cm/Year) at Weeks 52 (Derived From Standing Height),,True,True,True,Cohort I - Somapcitan 0.16 mg/kg,11.5,2.6,14,Cohort I - Somapacitan 0.04 mg/kg,7.8,14,3.7,,
NCT02624869,Familial Hypercholesterolemia,"Safety, Tolerability and Efficacy of Evolocumab (AMG 145) in Children With Inherited Elevated Low-density Lipoprotein Cholesterol (Familial Hypercholesterolemia)",Evolocumab,placebo,cm,"Change From Baseline in Height at Weeks 24, 48, and 80",Females: Change at week 24,False,False,False,HeFH (Evolocumab in Parent Study): Evolocumab 420 mg QM,2.0,0.4,101,HeFH (Placebo in Parent Study): Evolocumab 420 mg QM,2.8,49,-0.8,,
NCT02624869,Familial Hypercholesterolemia,"Safety, Tolerability and Efficacy of Evolocumab (AMG 145) in Children With Inherited Elevated Low-density Lipoprotein Cholesterol (Familial Hypercholesterolemia)",Evolocumab,placebo,cm,"Change From Baseline in Height at Weeks 24, 48, and 80",Females: Change at week 24,False,False,False,HoFH: Evolocumab 420 mg QM,1.6,1.1,12,HeFH (Placebo in Parent Study): Evolocumab 420 mg QM,2.8,49,-1.2,,
NCT02624869,Familial Hypercholesterolemia,"Safety, Tolerability and Efficacy of Evolocumab (AMG 145) in Children With Inherited Elevated Low-density Lipoprotein Cholesterol (Familial Hypercholesterolemia)",Evolocumab,placebo,cm,"Change From Baseline in Height at Weeks 24, 48, and 80",Females: Change at week 48,False,False,False,HeFH (Evolocumab in Parent Study): Evolocumab 420 mg QM,2.8,0.5,101,HeFH (Placebo in Parent Study): Evolocumab 420 mg QM,4.2,49,-1.4,,
NCT02624869,Familial Hypercholesterolemia,"Safety, Tolerability and Efficacy of Evolocumab (AMG 145) in Children With Inherited Elevated Low-density Lipoprotein Cholesterol (Familial Hypercholesterolemia)",Evolocumab,placebo,cm,"Change From Baseline in Height at Weeks 24, 48, and 80",Females: Change at week 48,False,False,False,HoFH: Evolocumab 420 mg QM,1.4,2.4,12,HeFH (Placebo in Parent Study): Evolocumab 420 mg QM,4.2,49,-2.8,,
NCT02624869,Familial Hypercholesterolemia,"Safety, Tolerability and Efficacy of Evolocumab (AMG 145) in Children With Inherited Elevated Low-density Lipoprotein Cholesterol (Familial Hypercholesterolemia)",Evolocumab,placebo,cm,"Change From Baseline in Height at Weeks 24, 48, and 80",Females: Change at week 80,False,False,False,HeFH (Evolocumab in Parent Study): Evolocumab 420 mg QM,3.4,0.7,101,HeFH (Placebo in Parent Study): Evolocumab 420 mg QM,4.0,49,-0.6,,
NCT02624869,Familial Hypercholesterolemia,"Safety, Tolerability and Efficacy of Evolocumab (AMG 145) in Children With Inherited Elevated Low-density Lipoprotein Cholesterol (Familial Hypercholesterolemia)",Evolocumab,placebo,cm,"Change From Baseline in Height at Weeks 24, 48, and 80",Females: Change at week 80,False,False,False,HoFH: Evolocumab 420 mg QM,2.4,3.9,12,HeFH (Placebo in Parent Study): Evolocumab 420 mg QM,4.0,49,-1.6,,
NCT02624869,Familial Hypercholesterolemia,"Safety, Tolerability and Efficacy of Evolocumab (AMG 145) in Children With Inherited Elevated Low-density Lipoprotein Cholesterol (Familial Hypercholesterolemia)",Evolocumab,placebo,cm,"Change From Baseline in Height at Weeks 24, 48, and 80",Males: Change at week 24,False,False,False,HeFH (Evolocumab in Parent Study): Evolocumab 420 mg QM,3.8,0.5,101,HeFH (Placebo in Parent Study): Evolocumab 420 mg QM,3.4,49,0.4,,
NCT02624869,Familial Hypercholesterolemia,"Safety, Tolerability and Efficacy of Evolocumab (AMG 145) in Children With Inherited Elevated Low-density Lipoprotein Cholesterol (Familial Hypercholesterolemia)",Evolocumab,placebo,cm,"Change From Baseline in Height at Weeks 24, 48, and 80",Males: Change at week 24,False,False,False,HoFH: Evolocumab 420 mg QM,3.8,0.8,12,HeFH (Placebo in Parent Study): Evolocumab 420 mg QM,3.4,49,0.4,,
NCT02624869,Familial Hypercholesterolemia,"Safety, Tolerability and Efficacy of Evolocumab (AMG 145) in Children With Inherited Elevated Low-density Lipoprotein Cholesterol (Familial Hypercholesterolemia)",Evolocumab,placebo,cm,"Change From Baseline in Height at Weeks 24, 48, and 80",Males: Change at week 48,False,False,False,HeFH (Evolocumab in Parent Study): Evolocumab 420 mg QM,6.2,0.7,101,HeFH (Placebo in Parent Study): Evolocumab 420 mg QM,6.2,49,0.0,,
NCT02624869,Familial Hypercholesterolemia,"Safety, Tolerability and Efficacy of Evolocumab (AMG 145) in Children With Inherited Elevated Low-density Lipoprotein Cholesterol (Familial Hypercholesterolemia)",Evolocumab,placebo,cm,"Change From Baseline in Height at Weeks 24, 48, and 80",Males: Change at week 48,False,False,False,HoFH: Evolocumab 420 mg QM,5.3,1.2,12,HeFH (Placebo in Parent Study): Evolocumab 420 mg QM,6.2,49,-0.9,,
NCT02624869,Familial Hypercholesterolemia,"Safety, Tolerability and Efficacy of Evolocumab (AMG 145) in Children With Inherited Elevated Low-density Lipoprotein Cholesterol (Familial Hypercholesterolemia)",Evolocumab,placebo,cm,"Change From Baseline in Height at Weeks 24, 48, and 80",Males: Change at week 80,False,False,False,HeFH (Evolocumab in Parent Study): Evolocumab 420 mg QM,9.0,1.1,101,HeFH (Placebo in Parent Study): Evolocumab 420 mg QM,9.3,49,-0.3,,
NCT02624869,Familial Hypercholesterolemia,"Safety, Tolerability and Efficacy of Evolocumab (AMG 145) in Children With Inherited Elevated Low-density Lipoprotein Cholesterol (Familial Hypercholesterolemia)",Evolocumab,placebo,cm,"Change From Baseline in Height at Weeks 24, 48, and 80",Males: Change at week 80,False,False,False,HoFH: Evolocumab 420 mg QM,9.2,1.6,12,HeFH (Placebo in Parent Study): Evolocumab 420 mg QM,9.3,49,-0.1,,
NCT02968004,Pediatric Growth Hormone Deficiency,Safety and Efficacy Phase 3 Study of Long-acting hGH (MOD-4023) in Growth Hormone Deficient Children,MOD-4023 ; Somatropin,active-comparator,cm/yr,Annual Height Velocity in Main Study Phase,,True,True,True,MOD-4023,10.1,,109,Genotropin,9.78,115,0.32,,
NCT02968004,Pediatric Growth Hormone Deficiency,Safety and Efficacy Phase 3 Study of Long-acting hGH (MOD-4023) in Growth Hormone Deficient Children,MOD-4023 ; Somatropin,active-comparator,cm/yr,Annual Height Velocity in OLE Phase,OLE Month 0,True,True,True,MOD-4023,10.27,2.38,104,Genotropin,9.72,108,0.55,,
NCT02968004,Pediatric Growth Hormone Deficiency,Safety and Efficacy Phase 3 Study of Long-acting hGH (MOD-4023) in Growth Hormone Deficient Children,MOD-4023 ; Somatropin,active-comparator,cm/yr,Annual Height Velocity in OLE Phase,OLE Month 12,True,True,True,Genotropin,8.21,1.87,108,MOD-4023,8.03,104,0.18,,
NCT02968004,Pediatric Growth Hormone Deficiency,Safety and Efficacy Phase 3 Study of Long-acting hGH (MOD-4023) in Growth Hormone Deficient Children,MOD-4023 ; Somatropin,active-comparator,cm/yr,Annual Height Velocity in OLE Phase,OLE Month 24,True,True,True,Genotropin,8.05,1.77,108,MOD-4023,7.78,104,0.27,,
NCT02968004,Pediatric Growth Hormone Deficiency,Safety and Efficacy Phase 3 Study of Long-acting hGH (MOD-4023) in Growth Hormone Deficient Children,MOD-4023 ; Somatropin,active-comparator,cm/yr,Annual Height Velocity in OLE Phase,OLE Month 36,True,True,True,Genotropin,7.14,1.69,108,MOD-4023,6.9,104,0.24,,
NCT02968004,Pediatric Growth Hormone Deficiency,Safety and Efficacy Phase 3 Study of Long-acting hGH (MOD-4023) in Growth Hormone Deficient Children,MOD-4023 ; Somatropin,active-comparator,cm/yr,Annual Height Velocity in OLE Phase,OLE Month 48,True,True,True,Genotropin,6.86,2.08,108,MOD-4023,6.19,104,0.67,,
NCT02968004,Pediatric Growth Hormone Deficiency,Safety and Efficacy Phase 3 Study of Long-acting hGH (MOD-4023) in Growth Hormone Deficient Children,MOD-4023 ; Somatropin,active-comparator,cm/yr,Height Velocity at 6 Months in Main Study Phase,,True,True,True,MOD-4023,10.59,,109,Genotropin,10.04,115,0.55,,
NCT01592500,Pediatric Growth Hormone Deficiency,Safety and Efficacy Phase 2 Study of Long-acting hGH (MOD-4023) in Growth Hormone Deficient Children,MOD-4023 ; Somatropin,active-comparator,cm/yr,Annual Height Velocity,,True,True,True,MOD-4023 Middle Dose,11.0,2.3,15,MOD-4023 Low Dose,10.4,13,0.6,,
NCT01592500,Pediatric Growth Hormone Deficiency,Safety and Efficacy Phase 2 Study of Long-acting hGH (MOD-4023) in Growth Hormone Deficient Children,MOD-4023 ; Somatropin,active-comparator,cm/yr,Annual Height Velocity,,True,True,True,MOD-4023 High Dose,11.9,3.5,13,MOD-4023 Low Dose,10.4,13,1.5,,
NCT01592500,Pediatric Growth Hormone Deficiency,Safety and Efficacy Phase 2 Study of Long-acting hGH (MOD-4023) in Growth Hormone Deficient Children,MOD-4023 ; Somatropin,active-comparator,cm/yr,Annual Height Velocity,,True,True,True,Genotropin,12.5,2.1,11,MOD-4023 Low Dose,10.4,13,2.1,,
NCT01592500,Pediatric Growth Hormone Deficiency,Safety and Efficacy Phase 2 Study of Long-acting hGH (MOD-4023) in Growth Hormone Deficient Children,MOD-4023 ; Somatropin,active-comparator,cm/yr,Height Velocity at 6 Months,,True,True,True,MOD-4023 Middle Dose,12.5,2.4,15,MOD-4023 Low Dose,11.8,13,0.7,,
NCT01592500,Pediatric Growth Hormone Deficiency,Safety and Efficacy Phase 2 Study of Long-acting hGH (MOD-4023) in Growth Hormone Deficient Children,MOD-4023 ; Somatropin,active-comparator,cm/yr,Height Velocity at 6 Months,,True,True,True,MOD-4023 High Dose,13.5,5.0,13,MOD-4023 Low Dose,11.8,13,1.7,,
NCT01592500,Pediatric Growth Hormone Deficiency,Safety and Efficacy Phase 2 Study of Long-acting hGH (MOD-4023) in Growth Hormone Deficient Children,MOD-4023 ; Somatropin,active-comparator,cm/yr,Height Velocity at 6 Months,,True,True,True,Genotropin,15.0,2.9,11,MOD-4023 Low Dose,11.8,13,3.2,,
NCT02797132,Cystic Fibrosis,"Safety and Pharmacokinetic Study of Lumacaftor/Ivacaftor in Subjects Aged 2 Through 5 Years With Cystic Fibrosis, Homozygous for F508del",LUM/IVA,active-comparator,cm,Part B: Absolute Change From Baseline in Stature (Height) at Week 24,,False,False,True,Part B (<14 kg Weight): LUM 100 mg/IVA 125 mg,4.1,1.4,19,Part B (>=14 kg Weight): LUM 150 mg/IVA 188 mg,3.4,38,0.7,,
NCT02797132,Cystic Fibrosis,"Safety and Pharmacokinetic Study of Lumacaftor/Ivacaftor in Subjects Aged 2 Through 5 Years With Cystic Fibrosis, Homozygous for F508del",LUM/IVA,active-comparator,Z,Part B: Absolute Change From Baseline in Stature-for-Age Z-Score,,False,False,True,Part B (<14 kg Weight): LUM 100 mg/IVA 125 mg,0.19,0.32,19,Part B (>=14 kg Weight): LUM 150 mg/IVA 188 mg,0.04,38,0.15,,
NCT00001521,Congenital Adrenal Hyperplasia (CAH),Three Drug Combination Therapy Versus Conventional Treatment of Children With Congenital Adrenal Hyperplasia,Fludrocortisone ; Hydrocortisone ; Letrozole ; Flutamide ; Testolactone,active-comparator,Z,Predicted Adult Height Change,Pubertal onset to final visit,False,True,True,Standard Therapy,0.14,0.54,26,Investigational Therapy,-0.1,17,0.24,,
NCT00001521,Congenital Adrenal Hyperplasia (CAH),Three Drug Combination Therapy Versus Conventional Treatment of Children With Congenital Adrenal Hyperplasia,Fludrocortisone ; Hydrocortisone ; Letrozole ; Flutamide ; Testolactone,active-comparator,Z,Average Annual Growth Velocity,Pubertal onset to adult height,False,True,True,Investigational Therapy,0.65,1.42,21,Standard Therapy,-0.29,31,0.94,,
NCT01207908,Duchenne Muscular Dystrophy,Safety and Efficacy Study of IGF-1 in Duchenne Muscular Dystrophy,IGF-1,active-comparator,cm/yr,Difference in Height Velocity Between Groups (Control Minus IGF-1) for Change at 6 Months Versus Baseline,,False,True,False,IGF-1,2.6,1.64,17,Standard Steroid Treatment Alone,-0.06,21,2.66,,
NCT00572156,Insulin-like Growth Factor-1 Deficiency,rhGH and rhIGF-1 Combination Therapy in Children With Short Stature Associated With IGF-1 Deficiency,NutropinAq® (Somatropin [rDNA origin]) ; Increlex® (Mecasermin [rDNA origin] injection) + NutropinAq® (Somatropin [rDNA origin]) ; Increlex® (Mecasermin [rDNA origin] injection) + NutropinAq® (Somatropin [rDNA origin]) ; Increlex® (Mecasermin [rDNA origin] injection) + NutropinAq® (Somatropin [rDNA origin]),active-comparator,Z,Cumulative Change in Height Standard Deviation Score (SDS),"First year [n= 25,27,27,26]",True,True,True,45 rhGH + 50 rhIGF-1,0.9,0.2,27,rhGH Alone,0.7,25,0.2,,
NCT00572156,Insulin-like Growth Factor-1 Deficiency,rhGH and rhIGF-1 Combination Therapy in Children With Short Stature Associated With IGF-1 Deficiency,NutropinAq® (Somatropin [rDNA origin]) ; Increlex® (Mecasermin [rDNA origin] injection) + NutropinAq® (Somatropin [rDNA origin]) ; Increlex® (Mecasermin [rDNA origin] injection) + NutropinAq® (Somatropin [rDNA origin]) ; Increlex® (Mecasermin [rDNA origin] injection) + NutropinAq® (Somatropin [rDNA origin]),active-comparator,Z,Cumulative Change in Height Standard Deviation Score (SDS),"First year [n= 25,27,27,26]",True,True,True,45 rhGH + 100 rhIGF-1,0.8,0.4,27,rhGH Alone,0.7,25,0.1,,
NCT00572156,Insulin-like Growth Factor-1 Deficiency,rhGH and rhIGF-1 Combination Therapy in Children With Short Stature Associated With IGF-1 Deficiency,NutropinAq® (Somatropin [rDNA origin]) ; Increlex® (Mecasermin [rDNA origin] injection) + NutropinAq® (Somatropin [rDNA origin]) ; Increlex® (Mecasermin [rDNA origin] injection) + NutropinAq® (Somatropin [rDNA origin]) ; Increlex® (Mecasermin [rDNA origin] injection) + NutropinAq® (Somatropin [rDNA origin]),active-comparator,Z,Cumulative Change in Height Standard Deviation Score (SDS),"First year [n= 25,27,27,26]",True,True,True,45 rhGH + 150 rhIGF-1,1.0,0.4,26,rhGH Alone,0.7,25,0.3,,
NCT00572156,Insulin-like Growth Factor-1 Deficiency,rhGH and rhIGF-1 Combination Therapy in Children With Short Stature Associated With IGF-1 Deficiency,NutropinAq® (Somatropin [rDNA origin]) ; Increlex® (Mecasermin [rDNA origin] injection) + NutropinAq® (Somatropin [rDNA origin]) ; Increlex® (Mecasermin [rDNA origin] injection) + NutropinAq® (Somatropin [rDNA origin]) ; Increlex® (Mecasermin [rDNA origin] injection) + NutropinAq® (Somatropin [rDNA origin]),active-comparator,Z,Cumulative Change in Height Standard Deviation Score (SDS),"Second year [n= 24,25,22,24]",True,True,True,45 rhGH + 50 rhIGF-1,1.4,0.4,27,rhGH Alone,1.0,25,0.4,,
NCT00572156,Insulin-like Growth Factor-1 Deficiency,rhGH and rhIGF-1 Combination Therapy in Children With Short Stature Associated With IGF-1 Deficiency,NutropinAq® (Somatropin [rDNA origin]) ; Increlex® (Mecasermin [rDNA origin] injection) + NutropinAq® (Somatropin [rDNA origin]) ; Increlex® (Mecasermin [rDNA origin] injection) + NutropinAq® (Somatropin [rDNA origin]) ; Increlex® (Mecasermin [rDNA origin] injection) + NutropinAq® (Somatropin [rDNA origin]),active-comparator,Z,Cumulative Change in Height Standard Deviation Score (SDS),"Second year [n= 24,25,22,24]",True,True,True,45 rhGH + 100 rhIGF-1,1.4,0.5,27,rhGH Alone,1.0,25,0.4,,
NCT00572156,Insulin-like Growth Factor-1 Deficiency,rhGH and rhIGF-1 Combination Therapy in Children With Short Stature Associated With IGF-1 Deficiency,NutropinAq® (Somatropin [rDNA origin]) ; Increlex® (Mecasermin [rDNA origin] injection) + NutropinAq® (Somatropin [rDNA origin]) ; Increlex® (Mecasermin [rDNA origin] injection) + NutropinAq® (Somatropin [rDNA origin]) ; Increlex® (Mecasermin [rDNA origin] injection) + NutropinAq® (Somatropin [rDNA origin]),active-comparator,Z,Cumulative Change in Height Standard Deviation Score (SDS),"Second year [n= 24,25,22,24]",True,True,True,45 rhGH + 150 rhIGF-1,1.6,0.6,26,rhGH Alone,1.0,25,0.6,,
NCT00572156,Insulin-like Growth Factor-1 Deficiency,rhGH and rhIGF-1 Combination Therapy in Children With Short Stature Associated With IGF-1 Deficiency,NutropinAq® (Somatropin [rDNA origin]) ; Increlex® (Mecasermin [rDNA origin] injection) + NutropinAq® (Somatropin [rDNA origin]) ; Increlex® (Mecasermin [rDNA origin] injection) + NutropinAq® (Somatropin [rDNA origin]) ; Increlex® (Mecasermin [rDNA origin] injection) + NutropinAq® (Somatropin [rDNA origin]),active-comparator,Z,Cumulative Change in Height Standard Deviation Score (SDS),"Third year [n=22,22,20,22]",True,True,True,45 rhGH + 50 rhIGF-1,1.6,0.4,27,rhGH Alone,1.3,25,0.3,,
NCT00572156,Insulin-like Growth Factor-1 Deficiency,rhGH and rhIGF-1 Combination Therapy in Children With Short Stature Associated With IGF-1 Deficiency,NutropinAq® (Somatropin [rDNA origin]) ; Increlex® (Mecasermin [rDNA origin] injection) + NutropinAq® (Somatropin [rDNA origin]) ; Increlex® (Mecasermin [rDNA origin] injection) + NutropinAq® (Somatropin [rDNA origin]) ; Increlex® (Mecasermin [rDNA origin] injection) + NutropinAq® (Somatropin [rDNA origin]),active-comparator,Z,Cumulative Change in Height Standard Deviation Score (SDS),"Third year [n=22,22,20,22]",True,True,True,45 rhGH + 100 rhIGF-1,1.8,0.7,27,rhGH Alone,1.3,25,0.5,,
NCT00572156,Insulin-like Growth Factor-1 Deficiency,rhGH and rhIGF-1 Combination Therapy in Children With Short Stature Associated With IGF-1 Deficiency,NutropinAq® (Somatropin [rDNA origin]) ; Increlex® (Mecasermin [rDNA origin] injection) + NutropinAq® (Somatropin [rDNA origin]) ; Increlex® (Mecasermin [rDNA origin] injection) + NutropinAq® (Somatropin [rDNA origin]) ; Increlex® (Mecasermin [rDNA origin] injection) + NutropinAq® (Somatropin [rDNA origin]),active-comparator,Z,Cumulative Change in Height Standard Deviation Score (SDS),"Third year [n=22,22,20,22]",True,True,True,45 rhGH + 150 rhIGF-1,1.9,0.6,26,rhGH Alone,1.3,25,0.6,,
NCT00572156,Insulin-like Growth Factor-1 Deficiency,rhGH and rhIGF-1 Combination Therapy in Children With Short Stature Associated With IGF-1 Deficiency,NutropinAq® (Somatropin [rDNA origin]) ; Increlex® (Mecasermin [rDNA origin] injection) + NutropinAq® (Somatropin [rDNA origin]) ; Increlex® (Mecasermin [rDNA origin] injection) + NutropinAq® (Somatropin [rDNA origin]) ; Increlex® (Mecasermin [rDNA origin] injection) + NutropinAq® (Somatropin [rDNA origin]),active-comparator,Z,Cumulative Change in Height Standard Deviation Score (SDS),"Fourth year [n=17,16,15,16]",True,True,True,45 rhGH + 50 rhIGF-1,1.8,0.5,27,rhGH Alone,1.5,25,0.3,,
NCT00572156,Insulin-like Growth Factor-1 Deficiency,rhGH and rhIGF-1 Combination Therapy in Children With Short Stature Associated With IGF-1 Deficiency,NutropinAq® (Somatropin [rDNA origin]) ; Increlex® (Mecasermin [rDNA origin] injection) + NutropinAq® (Somatropin [rDNA origin]) ; Increlex® (Mecasermin [rDNA origin] injection) + NutropinAq® (Somatropin [rDNA origin]) ; Increlex® (Mecasermin [rDNA origin] injection) + NutropinAq® (Somatropin [rDNA origin]),active-comparator,Z,Cumulative Change in Height Standard Deviation Score (SDS),"Fourth year [n=17,16,15,16]",True,True,True,45 rhGH + 100 rhIGF-1,2.1,0.8,27,rhGH Alone,1.5,25,0.6,,
NCT00572156,Insulin-like Growth Factor-1 Deficiency,rhGH and rhIGF-1 Combination Therapy in Children With Short Stature Associated With IGF-1 Deficiency,NutropinAq® (Somatropin [rDNA origin]) ; Increlex® (Mecasermin [rDNA origin] injection) + NutropinAq® (Somatropin [rDNA origin]) ; Increlex® (Mecasermin [rDNA origin] injection) + NutropinAq® (Somatropin [rDNA origin]) ; Increlex® (Mecasermin [rDNA origin] injection) + NutropinAq® (Somatropin [rDNA origin]),active-comparator,Z,Cumulative Change in Height Standard Deviation Score (SDS),"Fourth year [n=17,16,15,16]",True,True,True,45 rhGH + 150 rhIGF-1,2.0,0.7,26,rhGH Alone,1.5,25,0.5,,
NCT00570492,"Rhinitis, Allergic, Perennial",Phase 4 Fluticasone Furoate Nasal Spray (VERAMYST) Long Term Pediatric Growth Study.,Fluticasone furoate nasal spray ; Placebo nasal spray,placebo,cm/yr,Change From Baseline in the Growth Velocity of Pre-pubescent Pediatric Participants to the End of the 52-week Double-blind (DB) Treatment Period,,False,False,True,FFNS 110 mcg,5.19,0.1,217,Placebo,5.46,218,-0.27,,
NCT01485614,Diabetes Mellitus ; Type 2 Diabetes,Study to Assess Safety & Efficacy of Sitagliptin as Initial Oral Therapy for Treatment of Type 2 Diabetes Mellitus in Pediatric Participants. (MK-0431-083),Sitagliptin ; Metformin ; Placebo to sitagliptin ; Placebo to metformin ; Glycemic Rescue 1 ; Glycemic Rescue 2,placebo,cm/yr,Growth Velocity at Week 20 - Females,,False,False,False,Sitagliptin,3.2,8.2,46,Placebo/Metformin,1.9,53,1.3,,
NCT01485614,Diabetes Mellitus ; Type 2 Diabetes,Study to Assess Safety & Efficacy of Sitagliptin as Initial Oral Therapy for Treatment of Type 2 Diabetes Mellitus in Pediatric Participants. (MK-0431-083),Sitagliptin ; Metformin ; Placebo to sitagliptin ; Placebo to metformin ; Glycemic Rescue 1 ; Glycemic Rescue 2,placebo,cm/yr,Growth Velocity at Week 54 - Females,,False,False,False,Sitagliptin,2.1,3.7,37,Placebo/Metformin,1.2,48,0.9,,
NCT01485614,Diabetes Mellitus ; Type 2 Diabetes,Study to Assess Safety & Efficacy of Sitagliptin as Initial Oral Therapy for Treatment of Type 2 Diabetes Mellitus in Pediatric Participants. (MK-0431-083),Sitagliptin ; Metformin ; Placebo to sitagliptin ; Placebo to metformin ; Glycemic Rescue 1 ; Glycemic Rescue 2,placebo,cm/yr,Growth Velocity at Week 20 - Males,,False,False,False,Sitagliptin,2.6,2.7,38,Placebo/Metformin,3.6,29,-1.0,,
NCT01485614,Diabetes Mellitus ; Type 2 Diabetes,Study to Assess Safety & Efficacy of Sitagliptin as Initial Oral Therapy for Treatment of Type 2 Diabetes Mellitus in Pediatric Participants. (MK-0431-083),Sitagliptin ; Metformin ; Placebo to sitagliptin ; Placebo to metformin ; Glycemic Rescue 1 ; Glycemic Rescue 2,placebo,cm/yr,Growth Velocity at Week 54 - Males,,False,False,False,Sitagliptin,2.5,2.5,35,Placebo/Metformin,2.8,25,-0.3,,
NCT03170518,"Diabetes Mellitus, Type 2",A Study to Investigate the Efficacy and Safety of Canagliflozin in Children and Adolescents (>=10 to <18 Years) With Type 2 Diabetes Mellitus,Canagliflozin 100 mg ; Canagliflozin 300 mg ; Placebo,placebo,cm/yr,Growth Velocity at Weeks 26 and 52,Week 26,False,False,False,Canagliflozin 100 mg,1.94,2.791,64,Placebo,2.08,81,-0.14,,
NCT03170518,"Diabetes Mellitus, Type 2",A Study to Investigate the Efficacy and Safety of Canagliflozin in Children and Adolescents (>=10 to <18 Years) With Type 2 Diabetes Mellitus,Canagliflozin 100 mg ; Canagliflozin 300 mg ; Placebo,placebo,cm/yr,Growth Velocity at Weeks 26 and 52,Week 26,False,False,False,Canagliflozin 300 mg,1.0,4.294,16,Placebo,2.08,81,-1.08,,
NCT03170518,"Diabetes Mellitus, Type 2",A Study to Investigate the Efficacy and Safety of Canagliflozin in Children and Adolescents (>=10 to <18 Years) With Type 2 Diabetes Mellitus,Canagliflozin 100 mg ; Canagliflozin 300 mg ; Placebo,placebo,cm/yr,Growth Velocity at Weeks 26 and 52,Week 52,False,False,False,Canagliflozin 100 mg,1.46,1.824,64,Placebo,1.63,81,-0.17,,
NCT03170518,"Diabetes Mellitus, Type 2",A Study to Investigate the Efficacy and Safety of Canagliflozin in Children and Adolescents (>=10 to <18 Years) With Type 2 Diabetes Mellitus,Canagliflozin 100 mg ; Canagliflozin 300 mg ; Placebo,placebo,cm/yr,Growth Velocity at Weeks 26 and 52,Week 52,False,False,False,Canagliflozin 300 mg,1.76,3.004,16,Placebo,1.63,81,0.13,,
NCT01277510,"Chronic Kidney Disease ; Hyperparathyroidism ; Hyperparathyroidism, Secondary ; Kidney Disease ; Secondary Hyperparathyroidism",Pediatric Chronic Kidney Disease Safety and Efficacy,cinacalcet capsule ; placebo ; Standard of Care,placebo,cm/yr,Growth Velocity From Baseline to End of Double-blind Phase,,False,False,True,Cinacalcet,3.3,,17,Placebo,3.1,19,0.2,,
NCT00449072,"Rhinitis, Allergic, Perennial","Study of Triamcinolone Acetonide on the Growth Velocity of Children, Ages 3 to 9, With Perennial Allergic Rhinitis (PAR)","Placebo ; Placebo ; TAA-AQ, Nasacort® AQ ; Claritin®",placebo,cm/yr,Growth Velocity,,False,False,True,TAA-AQ,5.65,0.122,134,Placebo,6.09,133,-0.44,,
NCT02268552,Spinal Muscular Atrophy,An Open Label Study of LMI070 (Branaplam) in Type 1 Spinal Muscular Atrophy (SMA),branaplam,active-comparator,cm,"Change From Baseline in Growth Parameters: Chest Circumference, Head Circumference and Body Length - Full Analysis Set (FAS)",Chest - Week 52,False,False,True,Parts 2 & 3 Overall,5.656,3.0167,25,Parts 1 & 3 Overall,4.68,13,0.976,,
NCT02268552,Spinal Muscular Atrophy,An Open Label Study of LMI070 (Branaplam) in Type 1 Spinal Muscular Atrophy (SMA),branaplam,active-comparator,cm,"Change From Baseline in Growth Parameters: Chest Circumference, Head Circumference and Body Length - Full Analysis Set (FAS)",Chest - P3 Month 6,False,False,True,Parts 1 & 3 Overall,14.75,548.0,13,Parts 2 & 3 Overall,8.582,25,6.168,,
NCT02268552,Spinal Muscular Atrophy,An Open Label Study of LMI070 (Branaplam) in Type 1 Spinal Muscular Atrophy (SMA),branaplam,active-comparator,cm,"Change From Baseline in Growth Parameters: Chest Circumference, Head Circumference and Body Length - Full Analysis Set (FAS)",Head -Week 52,False,False,True,Parts 2 & 3 Overall,5.111,1.3407,25,Parts 1 & 3 Overall,5.03,13,0.081,,
NCT02268552,Spinal Muscular Atrophy,An Open Label Study of LMI070 (Branaplam) in Type 1 Spinal Muscular Atrophy (SMA),branaplam,active-comparator,cm,"Change From Baseline in Growth Parameters: Chest Circumference, Head Circumference and Body Length - Full Analysis Set (FAS)",Head -P3 Month 6,False,False,True,Parts 1 & 3 Overall,9.717,1.8766,13,Parts 2 & 3 Overall,6.359,25,3.358,,
NCT02268552,Spinal Muscular Atrophy,An Open Label Study of LMI070 (Branaplam) in Type 1 Spinal Muscular Atrophy (SMA),branaplam,active-comparator,cm,"Change From Baseline in Growth Parameters: Chest Circumference, Head Circumference and Body Length - Full Analysis Set (FAS)",Length - Week 52,False,False,True,Parts 1 & 3 Overall,16.95,3.7825,13,Parts 2 & 3 Overall,16.942,25,0.008,,
NCT02268552,Spinal Muscular Atrophy,An Open Label Study of LMI070 (Branaplam) in Type 1 Spinal Muscular Atrophy (SMA),branaplam,active-comparator,cm,"Change From Baseline in Growth Parameters: Chest Circumference, Head Circumference and Body Length - Full Analysis Set (FAS)",Length - P3 Month 6,False,False,True,Parts 1 & 3 Overall,52.14,9.8766,13,Parts 2 & 3 Overall,22.944,25,29.196,,
NCT02594124,Spinal Muscular Atrophy,A Study for Participants With Spinal Muscular Atrophy (SMA) Who Previously Participated in Nusinersen (ISIS 396443) Investigational Studies,nusinersen,active-comparator,cm,Change From Baseline in Body Length,,False,False,True,Infantile SMA Onset CS3B Previous ISIS 396443,29.4,6.38,14,Later SMA Onset CS4 Previous ISIS 396443,24.6,23,4.8,,
NCT02375971,Retinopathy of Prematurity,RAINBOW Study: RAnibizumab Compared With Laser Therapy for the Treatment of INfants BOrn Prematurely With Retinopathy of Prematurity,Ranibizumab ; Laser therapy,active-comparator,cm,"Mean Change From Baseline in Vital Signs (Body Length, Head Circumference and Knee to Heel Length) at Day 85 and Day 169",Day 85 / Body Length,False,False,True,Ranibizumab 0.1 mg,11.0,3.33,76,Ranibizumab 0.2 mg,10.1,73,0.9,,
NCT02375971,Retinopathy of Prematurity,RAINBOW Study: RAnibizumab Compared With Laser Therapy for the Treatment of INfants BOrn Prematurely With Retinopathy of Prematurity,Ranibizumab ; Laser therapy,active-comparator,cm,"Mean Change From Baseline in Vital Signs (Body Length, Head Circumference and Knee to Heel Length) at Day 85 and Day 169",Day 85 / Body Length,False,False,True,Laser Therapy,11.1,3.65,69,Ranibizumab 0.2 mg,10.1,73,1.0,,
NCT02375971,Retinopathy of Prematurity,RAINBOW Study: RAnibizumab Compared With Laser Therapy for the Treatment of INfants BOrn Prematurely With Retinopathy of Prematurity,Ranibizumab ; Laser therapy,active-comparator,cm,"Mean Change From Baseline in Vital Signs (Body Length, Head Circumference and Knee to Heel Length) at Day 85 and Day 169",Day 169 / Body Length,False,False,True,Ranibizumab 0.2 mg,18.7,3.28,73,Ranibizumab 0.1 mg,18.6,76,0.1,,
NCT02375971,Retinopathy of Prematurity,RAINBOW Study: RAnibizumab Compared With Laser Therapy for the Treatment of INfants BOrn Prematurely With Retinopathy of Prematurity,Ranibizumab ; Laser therapy,active-comparator,cm,"Mean Change From Baseline in Vital Signs (Body Length, Head Circumference and Knee to Heel Length) at Day 85 and Day 169",Day 169 / Body Length,False,False,True,Laser Therapy,19.0,4.5,69,Ranibizumab 0.1 mg,18.6,76,0.4,,
NCT02375971,Retinopathy of Prematurity,RAINBOW Study: RAnibizumab Compared With Laser Therapy for the Treatment of INfants BOrn Prematurely With Retinopathy of Prematurity,Ranibizumab ; Laser therapy,active-comparator,cm,"Mean Change From Baseline in Vital Signs (Body Length, Head Circumference and Knee to Heel Length) at Day 85 and Day 169",Day 85 / Head Circumference,False,False,True,Ranibizumab 0.2 mg,6.9,1.96,73,Ranibizumab 0.1 mg,6.5,76,0.4,,
NCT02375971,Retinopathy of Prematurity,RAINBOW Study: RAnibizumab Compared With Laser Therapy for the Treatment of INfants BOrn Prematurely With Retinopathy of Prematurity,Ranibizumab ; Laser therapy,active-comparator,cm,"Mean Change From Baseline in Vital Signs (Body Length, Head Circumference and Knee to Heel Length) at Day 85 and Day 169",Day 85 / Head Circumference,False,False,True,Laser Therapy,7.2,2.13,69,Ranibizumab 0.1 mg,6.5,76,0.7,,
NCT02375971,Retinopathy of Prematurity,RAINBOW Study: RAnibizumab Compared With Laser Therapy for the Treatment of INfants BOrn Prematurely With Retinopathy of Prematurity,Ranibizumab ; Laser therapy,active-comparator,cm,"Mean Change From Baseline in Vital Signs (Body Length, Head Circumference and Knee to Heel Length) at Day 85 and Day 169",Day 169 / Head Circumference,False,False,True,Ranibizumab 0.2 mg,10.4,2.12,73,Ranibizumab 0.1 mg,10.3,76,0.1,,
NCT02375971,Retinopathy of Prematurity,RAINBOW Study: RAnibizumab Compared With Laser Therapy for the Treatment of INfants BOrn Prematurely With Retinopathy of Prematurity,Ranibizumab ; Laser therapy,active-comparator,cm,"Mean Change From Baseline in Vital Signs (Body Length, Head Circumference and Knee to Heel Length) at Day 85 and Day 169",Day 169 / Head Circumference,False,False,True,Laser Therapy,10.6,2.61,69,Ranibizumab 0.1 mg,10.3,76,0.3,,
NCT02375971,Retinopathy of Prematurity,RAINBOW Study: RAnibizumab Compared With Laser Therapy for the Treatment of INfants BOrn Prematurely With Retinopathy of Prematurity,Ranibizumab ; Laser therapy,active-comparator,cm,"Mean Change From Baseline in Vital Signs (Body Length, Head Circumference and Knee to Heel Length) at Day 85 and Day 169",Day 85 / Knee to Heel Length,False,False,True,Ranibizumab 0.1 mg,3.1,1.65,76,Ranibizumab 0.2 mg,2.9,73,0.2,,
NCT02375971,Retinopathy of Prematurity,RAINBOW Study: RAnibizumab Compared With Laser Therapy for the Treatment of INfants BOrn Prematurely With Retinopathy of Prematurity,Ranibizumab ; Laser therapy,active-comparator,cm,"Mean Change From Baseline in Vital Signs (Body Length, Head Circumference and Knee to Heel Length) at Day 85 and Day 169",Day 85 / Knee to Heel Length,False,False,True,Laser Therapy,3.1,2.02,69,Ranibizumab 0.2 mg,2.9,73,0.2,,
NCT02375971,Retinopathy of Prematurity,RAINBOW Study: RAnibizumab Compared With Laser Therapy for the Treatment of INfants BOrn Prematurely With Retinopathy of Prematurity,Ranibizumab ; Laser therapy,active-comparator,cm,"Mean Change From Baseline in Vital Signs (Body Length, Head Circumference and Knee to Heel Length) at Day 85 and Day 169",Day 169 / Knee to Heel Length,False,False,True,Ranibizumab 0.2 mg,5.4,2.86,73,Ranibizumab 0.1 mg,5.1,76,0.3,,
NCT02375971,Retinopathy of Prematurity,RAINBOW Study: RAnibizumab Compared With Laser Therapy for the Treatment of INfants BOrn Prematurely With Retinopathy of Prematurity,Ranibizumab ; Laser therapy,active-comparator,cm,"Mean Change From Baseline in Vital Signs (Body Length, Head Circumference and Knee to Heel Length) at Day 85 and Day 169",Day 169 / Knee to Heel Length,False,False,True,Laser Therapy,5.3,2.15,69,Ranibizumab 0.1 mg,5.1,76,0.2,,
