symbol	human_pure_cpm	human_purity_ratio	mt_baseMean	mt_lfc	ru_lfc	interaction_n3	interaction_n2	cartilage_enriched
Cyp1b1	159.02	1.453	82.5	4.135	-0.853	4.988	5.267	0
Tubb3	26.6	1.887	106.1	2.125	-1.036	3.161	1.805	0
Atp1b1	32.45	0.738	361.5	4.276	1.884	2.392	3.549	0
Lrrc15	33.59	1.377	399.6	2.753	0.661	2.091	0.622	0
Alpl	417.55	5.565	10787.5	1.323	-0.747	2.07	1.293	1
Slpi	31.48	24.726	105.7	-2.921	-4.929	2.008	2.1	1
Steap3	39.43	2.095	429.3	-1.267	-3.033	1.767	2.046	1
Col1a1	1449.23	1.452	980868.2	2.542	0.804	1.737	1.961	0
Adam12	32.6	0.244	809.2	1.208	-0.524	1.732	1.259	0
Spon2	142.89	2.896	2366.3	2.296	0.567	1.729	1.185	1
Retreg1	29.05	0.64	268.9	1.854	0.159	1.695	1.372	0
Ptgs2	39.81	0.495	133.8	-3.579	-5.248	1.67	0.952	0
Dkk3	35.56	1.383	3469.4	3.142	1.49	1.652	1.946	0
Atf3	159.32	1.18	137.7	-1.267	-2.877	1.61	1.848	0
Nbl1	38.02	1.81	414.0	1.128	-0.477	1.605	2.458	0
Mturn	35.28	1.149	105.3	2.769	1.184	1.585	1.371	0
Col1a2	911.38	1.234	846685.0	2.234	0.682	1.552	1.765	0
Trim2	26.6	0.657	244.7	2.17	0.628	1.541	1.033	0
Marcksl1	48.24	1.75	754.2	1.308	-0.218	1.526	1.758	0
Tnni2	26.24	9.063	202.5	-3.065	-4.549	1.484	1.124	1
Bmp5	36.73	0.746	1167.3	1.93	0.475	1.455	0.757	0
Lox	390.32	5.522	6774.2	3.113	1.663	1.45	0.519	1
Calcoco2	42.8	0.977	164.2	6.584	5.15	1.434	2.438	0
Ifitm5	74.85	8.032	345.0	2.568	1.135	1.432	0.959	1
Lgals1	464.39	5.103	14745.4	1.768	0.35	1.417	1.159	1
Thbs2	159.29	2.402	20040.0	1.919	0.505	1.414	1.477	1
Scube1	53.54	6.277	1591.6	0.412	-0.984	1.396	1.126	1
Nav1	55.4	0.244	1218.9	1.463	0.075	1.388	0.802	0
Mgst3	128.09	2.954	1140.9	2.517	1.138	1.379	1.649	1
Ibsp	2484.68	7.598	8661.5	1.688	0.329	1.359	1.166	1
Cpm	32.81	0.685	617.1	-0.695	-2.049	1.354	0.53	0
Marcks	79.46	0.592	146.8	1.419	0.073	1.346	1.787	0
Plin2	24.28	0.264	880.2	0.533	-0.808	1.341	1.047	0
Crybg3	31.69	0.712	996.0	1.38	0.04	1.339	1.053	0
Tmem119	28.5	2.447	1032.6	0.881	-0.457	1.338	0.739	1
Tnc	316.85	0.843	42751.4	2.853	1.534	1.319	0.575	0
Pin4	37.83	1.246	73.4	7.23	5.918	1.312	1.375	0
Itga11	43.96	1.049	2695.1	2.828	1.517	1.311	0.656	0
Mlf1	41.5	0.692	112.1	1.523	0.233	1.29	1.156	0
Gxylt2	28.73	1.107	1621.5	3.003	1.717	1.286	1.294	0
S100a4	27.3	0.618	908.1	1.613	0.328	1.285	1.574	0
Tnik	47.77	0.162	132.1	1.398	0.127	1.272	1.781	0
Pdzd2	26.55	0.155	1085.4	1.743	0.492	1.251	0.441	0
Fyn	23.87	0.033	2389.7	2.032	0.795	1.237	1.212	0
Csrp2	29.14	1.77	621.1	0.82	-0.416	1.236	1.75	0
Matn4	67.29	11.99	5538.3	-3.122	-4.351	1.229	1.433	1
Mafb	96.56	2.261	633.4	0.965	-0.264	1.229	1.375	1
Adamts2	71.88	1.085	4981.5	3.764	2.544	1.22	0.879	0
Col5a1	264.42	2.006	47487.9	1.745	0.534	1.211	1.085	1
Sulf1	77.45	0.32	2026.6	1.226	0.024	1.203	1.596	0
Phgdh	37.23	1.987	809.7	1.543	0.352	1.191	1.262	1
Smoc1	32.13	0.913	897.1	-0.931	-2.113	1.182	1.091	0
Nid1	53.69	1.491	6782.4	1.233	0.055	1.178	2.06	0
Igfbp4	32.61	1.102	4078.2	0.718	-0.441	1.159	2.436	0
Efnb2	31.04	1.541	462.1	0.53	-0.61	1.14	1.352	0
Lima1	60.53	1.445	1141.2	1.634	0.509	1.125	1.079	0
Serpinf1	57.91	2.602	11128.6	1.675	0.553	1.122	1.432	1
Igfbp5	62.86	0.69	3424.8	1.873	0.778	1.095	2.226	0
Lef1	84.15	0.587	650.4	1.343	0.264	1.079	0.844	0
Gja1	217.54	6.197	2943.1	1.043	-0.036	1.079	0.904	1
Myh10	22.39	0.718	5698.0	1.268	0.193	1.075	1.074	0
Tuba1a	97.03	1.347	4127.6	1.992	0.932	1.06	1.337	0
Sfrp1	27.94	4.195	1923.4	2.321	1.268	1.053	0.69	1
Csrp1	45.04	2.171	1195.6	0.971	-0.081	1.052	1.239	1
Fosl2	102.23	0.537	473.3	1.858	0.807	1.051	0.776	0
Tpm2	299.89	5.06	1559.7	2.011	0.977	1.035	1.044	1
Antxr1	58.07	0.668	2538.4	1.374	0.343	1.03	1.386	0
Rin1	26.91	2.84	116.5	3.281	2.258	1.023	1.063	1
Col3a1	244.55	1.569	320407.5	1.949	0.939	1.01	1.32	0
Sh3pxd2a	111.9	0.537	3645.7	1.015	0.014	1.001	0.691	0
Fabp5	141.3	6.778	2357.9	4.266	3.269	0.997	0.49	1
Fbxo32	32.37	0.321	60.6	2.016	1.022	0.994	1.184	0
Gem	33.17	0.304	193.9	1.061	0.073	0.988	1.274	0
Trib1	59.81	0.912	201.0	-1.289	-2.276	0.987	0.951	0
Tnfsf11	25.88	1.809	91.8	1.521	0.539	0.982	1.167	0
Myo1b	54.16	0.733	2735.8	2.952	1.975	0.978	0.958	0
Flna	170.49	1.057	24214.8	2.231	1.257	0.974	0.796	0
Pdpn	453.19	1.958	204.4	1.283	0.322	0.962	0.673	0
Slc20a1	121.42	0.742	1234.2	0.996	0.037	0.959	0.903	0
Golm1	65.11	0.784	270.6	-1.499	-2.458	0.959	0.771	0
Slc40a1	155.83	4.104	3619.2	1.983	1.03	0.954	0.492	1
Myo10	69.69	0.419	2906.0	1.93	1.002	0.928	0.508	0
Kctd12	33.31	1.567	613.3	2.169	1.254	0.915	0.74	0
Hebp2	36.83	2.353	197.8	-3.001	-3.91	0.909	0.798	1
Creb3l1	102.58	1.792	3585.2	1.388	0.489	0.9	0.518	0
Penk	85.8	8.014	1853.8	-3.172	-4.071	0.898	1.672	1
Itprid2	35.18	0.844	1223.4	0.99	0.092	0.898	0.325	0
Pcolce	132.9	5.486	19814.8	1.643	0.748	0.895	0.95	1
Ptn	55.63	1.938	8402.3	3.405	2.522	0.882	1.332	0
Stmn1	53.25	2.393	1495.9	4.453	3.573	0.88	0.793	1
Adamts1	106.61	2.548	1234.4	0.877	-0.001	0.877	0.892	1
Gpx3	117.39	3.852	270.7	-2.696	-3.569	0.873	2.366	1
Gch1	30.28	0.255	53.3	1.51	0.637	0.873	1.321	0
Rsrc1	21.37	0.153	609.1	1.326	0.464	0.862	0.617	0
Col5a2	75.15	0.638	72986.4	1.098	0.242	0.856	0.111	0
Rflnb	54.31	1.458	795.6	2.193	1.342	0.851	0.816	0
Gsto1	79.62	1.813	419.4	0.879	0.029	0.851	0.732	0
Prcp	132.38	3.282	592.7	1.348	0.498	0.85	0.335	1
Crybg1	28.83	0.287	365.0	2.26	1.416	0.845	0.891	0
Muc1	117.4	4.735	70.1	-2.084	-2.918	0.834	0.707	1
Smox	51.81	0.88	677.0	-0.595	-1.429	0.833	0.817	0
Mxra7	69.96	1.178	190.4	1.575	0.744	0.831	1.246	0
Selenop	67.52	1.727	988.1	1.8	0.991	0.809	2.751	0
Npdc1	40.3	5.341	525.1	0.782	-0.019	0.802	1.286	1
Rgs2	84.09	1.149	162.2	1.21	0.41	0.8	0.804	0
Chd3	40.58	0.66	7742.5	1.091	0.297	0.794	0.515	0
Matn2	466.95	3.01	9692.7	1.659	0.87	0.789	0.504	1
Cotl1	20.25	0.256	427.1	-0.47	-1.258	0.787	1.26	0
Ednra	46.92	0.836	282.0	1.937	1.155	0.782	0.996	0
Myo1e	72.11	0.098	1877.0	0.76	-0.019	0.779	0.391	0
Cmtm3	30.15	3.251	578.6	1.729	0.961	0.768	1.094	1
Pdlim7	25.38	0.947	1115.2	0.91	0.142	0.768	1.079	0
Itgb5	143.09	1.025	6259.5	0.639	-0.122	0.761	0.602	0
St3gal1	40.03	0.201	599.5	-0.44	-1.194	0.754	1.035	0
Nrp2	218.45	1.148	2497.4	2.415	1.669	0.746	0.135	0
Dapk2	31.89	0.365	172.7	1.01	0.268	0.741	0.702	0
Fxyd6	187.28	2.728	469.8	0.697	-0.027	0.724	0.884	1
Ano6	28.69	0.185	704.8	1.256	0.533	0.723	1.082	0
Gprc5b	26.36	2.906	289.1	2.805	2.082	0.723	0.608	1
Steap4	182.05	15.718	245.5	-1.579	-2.298	0.719	1.404	1
Rgs10	47.15	1.148	448.0	2.281	1.567	0.714	0.958	0
Cdh11	93.04	0.495	7396.9	2.241	1.528	0.713	1.301	0
Palld	116.36	0.364	2267.7	2.982	2.274	0.708	0.271	0
Lmna	325.05	0.849	10385.3	1.035	0.328	0.706	0.887	0
Arap1	27.87	1.279	2409.5	-0.445	-1.15	0.705	0.922	0
Hmox1	23.2	0.356	506.6	0.84	0.136	0.705	1.514	0
Arhgef2	28.35	0.356	1200.9	0.818	0.117	0.701	0.582	0
Litaf	107.81	0.403	286.4	-0.458	-1.156	0.697	0.763	0
Jpt1	30.61	0.902	1380.6	0.296	-0.402	0.697	0.714	0
Shf	30.44	1.418	443.2	0.831	0.139	0.693	0.618	0
Col18a1	32.79	0.756	3608.8	2.229	1.54	0.689	2.27	0
Thy1	70.49	4.303	785.6	3.696	3.013	0.683	1.175	1
Pfkp	82.34	0.941	1390.4	-1.105	-1.787	0.682	0.532	0
Gadd45b	478.65	3.197	442.0	-0.789	-1.465	0.676	0.366	1
Epb41l2	97.06	0.437	4997.7	1.039	0.375	0.664	0.328	0
Jag1	22.0	0.452	721.4	2.583	1.928	0.655	1.279	0
Larp6	26.76	1.215	218.1	1.763	1.109	0.654	0.419	0
Vstm4	20.47	0.576	299.6	1.823	1.171	0.652	0.968	0
Armc10	25.91	1.001	539.4	3.535	2.883	0.652	0.128	0
Cerk	21.29	0.376	647.3	0.921	0.272	0.648	0.54	0
Zfand2a	21.87	0.873	107.8	-2.293	-2.94	0.647	0.981	0
Mid1	22.97	0.553	256.0	2.438	1.792	0.646	0.09	0
Nrbf2	32.19	1.187	90.9	0.808	0.165	0.643	1.225	0
Lyst	23.96	0.072	1037.0	1.181	0.54	0.641	0.812	0
Tgfb1i1	35.82	4.091	258.9	1.048	0.407	0.641	0.714	1
Perp	26.95	4.016	87.7	1.993	1.354	0.639	0.825	1
Cd320	59.75	5.187	823.3	1.49	0.852	0.638	0.432	1
Arl5b	31.03	0.493	172.6	0.98	0.343	0.637	0.126	0
Foxp1	44.08	0.068	591.3	1.102	0.467	0.635	0.804	0
Atp1b3	124.14	0.369	1912.5	-1.276	-1.908	0.633	0.601	0
Pdlim5	112.16	0.328	831.9	0.825	0.196	0.629	0.538	0
Metrn	75.24	2.8	498.7	-1.776	-2.398	0.621	0.951	1
Ogn	94.24	2.4	6617.5	2.558	1.937	0.621	1.428	1
Jade1	82.95	1.264	419.1	1.977	1.358	0.619	0.615	0
Angptl2	484.89	1.731	10146.9	0.573	-0.045	0.618	0.188	0
Pygb	28.78	0.696	2739.7	1.635	1.021	0.614	0.846	0
Myh9	88.1	0.343	9214.0	1.603	0.991	0.612	0.857	0
Terf1	36.16	0.98	177.9	-0.64	-1.249	0.609	1.198	0
Pole4	30.61	3.692	180.3	1.05	0.441	0.609	0.161	1
Wnt5a	57.22	2.95	448.9	1.228	0.619	0.609	0.692	1
Mxi1	46.66	1.111	281.7	0.94	0.333	0.607	0.353	0
Hmgn2	274.32	3.926	81.6	4.266	3.661	0.605	0.662	1
Wdr82	38.62	0.611	648.5	0.516	-0.089	0.605	0.232	0
Ly6e	81.65	5.281	493.7	0.868	0.265	0.603	0.286	1
Synj2	22.33	0.237	300.4	1.926	1.325	0.601	1.062	0
Dcn	1129.41	9.235	29860.1	1.503	0.904	0.6	0.314	1
Cbfb	48.98	0.276	1318.4	0.456	-0.142	0.598	0.301	0
Zfhx3	89.55	0.279	193.6	1.021	0.425	0.596	0.356	0
Mxra8	74.94	5.415	2450.0	-0.487	-1.082	0.596	0.448	1
Cdkn1a	144.43	1.759	1135.7	-1.507	-2.102	0.596	0.645	0
Tmpo	22.31	0.511	1025.3	2.149	1.555	0.594	0.501	0
Dpysl2	42.16	0.711	1140.9	3.572	2.979	0.593	0.756	0
Igfbp6	26.52	1.805	437.2	1.218	0.628	0.589	3.433	0
Klf6	555.11	1.313	732.0	0.794	0.206	0.588	0.593	0
Timp2	374.42	1.76	4114.8	0.273	-0.315	0.588	0.476	0
Msh3	25.31	0.344	486.7	-0.386	-0.974	0.588	0.442	0
Lzic	33.8	1.633	403.3	-0.875	-1.462	0.587	0.546	0
Rbfox2	60.85	0.38	1721.3	1.367	0.784	0.582	0.547	0
Cln5	38.49	1.985	402.9	1.559	0.977	0.582	0.292	1
Cisd3	25.31	3.625	74.6	0.916	0.334	0.582	0.403	1
Nme4	66.4	7.836	173.0	1.055	0.473	0.582	0.392	1
Fstl1	247.76	2.066	8304.0	1.245	0.663	0.582	0.712	1
Map1lc3b	117.61	1.322	351.2	1.049	0.469	0.58	0.865	0
Mis18bp1	34.5	0.477	486.7	0.975	0.397	0.578	0.688	0
Sun2	64.96	1.054	1460.5	-0.926	-1.503	0.577	0.279	0
Runx1	37.35	0.055	133.9	1.313	0.736	0.577	0.999	0
Abhd2	40.71	0.386	259.4	-0.844	-1.418	0.574	0.942	0
Pxk	23.99	0.425	684.2	1.003	0.432	0.571	0.857	0
Dcun1d4	25.25	0.483	250.1	1.389	0.82	0.57	0.468	0
Igfbp3	148.04	6.471	2029.4	2.554	1.987	0.567	1.882	1
Pdlim2	62.69	6.191	342.0	2.76	2.197	0.563	0.334	1
Pamr1	53.54	0.991	2691.7	1.34	0.777	0.563	0.6	0
Snrpn	52.23	4.394	130.9	-3.446	-4.007	0.561	1.462	1
Kifap3	21.65	0.348	1006.5	0.808	0.254	0.555	0.221	0
Gas2l1	22.17	4.49	678.2	-1.122	-1.676	0.554	0.412	1
Sema4a	22.67	0.095	116.9	-1.875	-2.426	0.551	1.605	0
Nrn1	44.67	4.588	180.0	-2.702	-3.253	0.551	1.088	1
Zcchc24	25.07	0.831	220.0	1.467	0.916	0.55	1.299	0
Col6a3	806.0	0.876	56625.2	0.745	0.195	0.55	0.184	0
Ncald	21.5	0.136	141.2	1.349	0.799	0.55	0.933	0
Limch1	67.4	0.396	1316.8	0.723	0.174	0.549	0.484	0
Hspb8	25.11	0.701	312.2	0.812	0.267	0.544	0.541	0
Midn	173.48	1.36	719.4	-0.657	-1.197	0.54	0.332	0
Sap30	58.8	6.266	217.6	0.816	0.275	0.54	0.594	1
Fam43a	102.53	2.551	536.4	-1.271	-1.808	0.537	0.937	1
Tenm3	26.0	0.164	3919.1	-0.429	-0.965	0.537	0.558	0
Txnrd1	20.77	0.169	1279.3	0.632	0.096	0.536	0.412	0
Axl	39.59	0.925	1823.6	0.907	0.372	0.535	0.912	0
Sertad4	34.31	1.867	490.9	-2.073	-2.609	0.535	0.249	0
Ptprf	31.07	2.656	4028.4	-0.47	-1.005	0.535	0.579	1
Asap1	45.26	0.072	2254.6	1.79	1.259	0.531	0.899	0
Slc39a10	25.91	0.557	848.8	1.018	0.489	0.529	0.388	0
Ldhb	106.58	3.986	976.4	0.943	0.416	0.527	0.169	1
Specc1	25.76	0.211	314.3	0.468	-0.058	0.526	0.884	0
Smc4	68.04	0.802	3413.2	0.463	-0.062	0.526	0.415	0
Utrn	79.79	0.149	4110.6	0.3	-0.224	0.525	0.26	0
Pmepa1	76.65	0.342	943.9	0.454	-0.07	0.524	0.312	0
Ei24	66.15	2.344	675.6	-0.449	-0.973	0.524	0.44	1
Clip2	21.34	0.167	727.3	-1.442	-1.965	0.523	0.319	0
Sgsm2	21.8	0.861	666.5	0.755	0.232	0.522	0.306	0
Svil	38.81	0.141	2124.7	1.583	1.061	0.522	1.356	0
Arhgap42	21.74	0.183	281.4	0.67	0.154	0.516	1.023	0
Trim8	73.69	1.822	893.1	0.71	0.196	0.514	0.19	0
Rassf8	29.98	0.375	485.0	1.078	0.564	0.514	0.382	0
St5	54.89	0.708	1003.2	0.988	0.483	0.505	0.491	0
Paxx	22.37	2.254	384.1	0.848	0.344	0.504	0.463	1
Tmem35b	23.4	7.527	100.9	2.541	2.038	0.503	0.994	1
Slc7a5	45.07	0.211	1396.6	-0.37	-0.872	0.503	0.679	0
Hnrnpa1	481.07	4.358	9726.6	5.503	5.001	0.502	0.311	1
Zeb1	70.81	0.109	787.9	1.228	0.726	0.502	0.616	0
Tagln	27.22	1.102	1257.5	4.129	3.628	0.501	1.301	0
Dync1i1	45.6	0.289	697.8	0.899	0.399	0.5	0.341	0
Rasa3	27.73	0.17	915.8	-0.465	-0.964	0.499	0.059	0
Krt18	21.85	12.088	64.7	4.745	4.246	0.499	0.467	1
Baiap2	33.48	0.349	339.6	0.487	-0.01	0.497	0.248	0
Ccnd2	38.51	0.495	1262.2	0.325	-0.17	0.495	0.335	0
Anp32a	51.64	0.833	1874.0	-0.277	-0.771	0.493	0.274	0
Atp2b4	39.93	0.253	1392.4	0.706	0.215	0.491	0.721	0
Ppm1b	23.86	0.19	824.5	1.129	0.639	0.49	0.161	0
Actn1	128.69	0.898	4505.3	0.481	-0.01	0.49	0.41	0
Mmp14	145.24	2.44	17902.1	0.866	0.376	0.49	0.269	1
Msn	128.07	0.476	4727.9	0.858	0.37	0.488	0.616	0
Amotl1	73.05	0.647	2881.1	0.562	0.075	0.487	0.31	0
Coa5	28.91	2.764	76.7	-1.323	-1.807	0.485	0.158	1
Sbds	71.37	3.64	303.6	-1.219	-1.703	0.484	0.239	1
Dennd4a	20.66	0.043	872.8	0.972	0.493	0.479	0.403	0
Hmgn1	164.29	3.252	288.8	-3.617	-4.095	0.479	0.767	1
Col4a1	85.17	0.799	13936.3	1.006	0.527	0.479	1.972	0
Mtch1	75.73	1.787	4761.6	0.87	0.392	0.478	0.326	0
Aldh1a3	24.48	2.952	2605.2	-1.66	-2.137	0.477	0.505	1
Ntmt1	27.42	1.988	512.3	-0.501	-0.972	0.471	0.465	1
Mmp2	191.9	5.078	38984.1	0.747	0.278	0.469	0.72	1
Cdk6	73.14	0.355	552.1	2.662	2.195	0.467	0.48	0
Zcchc14	24.07	0.251	905.2	-0.358	-0.825	0.467	0.342	0
Scarb1	31.39	0.676	2889.8	-0.989	-1.454	0.466	0.457	0
Rbp4	376.9	6.919	2095.5	-0.545	-1.01	0.466	0.081	1
Atf6	27.66	0.106	659.6	0.659	0.195	0.464	0.507	0
Nup160	22.94	0.317	1514.6	1.174	0.712	0.462	0.34	0
Tpm4	225.99	1.423	3916.5	1.745	1.283	0.461	0.815	0
Nucks1	232.0	1.543	897.5	0.571	0.11	0.461	0.351	0
Lgals8	25.44	0.885	451.6	1.422	0.961	0.461	0.61	0
Zbtb8os	24.69	0.541	154.3	0.742	0.282	0.46	0.079	0
Hes1	70.57	3.185	234.1	0.957	0.498	0.459	1.489	1
Cenpx	33.31	3.014	223.0	-1.058	-1.517	0.458	0.543	1
Atp11b	39.93	0.241	2390.5	0.807	0.351	0.456	0.383	0
Tnip1	36.39	0.369	1543.2	1.419	0.963	0.456	0.525	0
Saraf	115.49	0.798	1850.6	-0.875	-1.329	0.454	0.482	0
Smim4	35.12	0.997	92.5	-1.95	-2.404	0.454	0.693	0
Nudt4	158.83	1.627	232.5	-1.242	-1.692	0.45	0.018	0
Col4a2	58.55	0.733	9940.3	0.743	0.297	0.446	1.884	0
Topors	29.11	0.944	176.5	-4.045	-4.488	0.443	0.283	0
Arl6ip1	75.9	1.057	648.0	0.42	-0.022	0.442	0.344	0
St6galnac4	24.78	1.317	690.5	0.967	0.527	0.439	0.259	0
Rnf24	26.03	0.204	116.8	0.923	0.484	0.439	0.012	0
Traf4	29.65	1.617	1220.5	0.717	0.279	0.438	0.123	0
Akap12	20.49	0.179	660.6	1.294	0.86	0.433	1.702	0
Wee1	31.3	1.345	474.7	1.316	0.883	0.433	0.319	0
Raf1	50.85	0.328	4406.1	-0.301	-0.733	0.432	0.417	0
Hectd2	26.65	0.357	316.3	1.361	0.929	0.432	0.355	0
Trpc1	20.21	0.372	541.3	2.247	1.818	0.43	0.1	0
Gnpda1	31.13	1.633	107.5	1.31	0.881	0.429	1.067	0
Fermt2	102.38	0.584	3871.3	0.443	0.016	0.427	0.463	0
Cfl1	253.83	2.913	6278.0	1.265	0.839	0.426	0.363	1
Ralgds	26.55	0.536	726.5	0.422	-0.002	0.424	0.931	0
Pdlim1	28.31	1.532	420.8	2.669	2.247	0.423	2.263	0
Tubb4b	208.91	2.461	5731.1	1.038	0.616	0.422	0.639	1
Rrm1	30.26	0.873	2495.5	-0.729	-1.15	0.421	0.287	0
Pdxk	49.75	0.557	361.2	1.962	1.543	0.419	0.444	0
Stat1	24.36	0.403	516.2	1.276	0.86	0.416	0.94	0
Hipk2	41.57	0.149	602.5	1.109	0.693	0.416	0.463	0
Socs2	29.4	2.664	50.8	1.765	1.35	0.415	0.975	1
Hacd2	46.39	0.847	425.4	1.161	0.746	0.415	0.22	0
Sntb2	122.89	0.625	456.6	1.102	0.688	0.414	0.415	0
Npm1	661.24	4.088	2551.1	-5.568	-5.98	0.412	0.231	1
Cnrip1	27.51	1.627	128.0	3.104	2.693	0.412	0.854	0
Map4k4	51.83	0.089	5301.9	0.414	0.004	0.41	0.364	0
Rhoq	98.29	0.749	511.3	0.922	0.514	0.408	0.093	0
Klf13	41.47	0.42	65.5	1.356	0.947	0.408	1.017	0
Sema4c	23.29	2.497	999.9	0.369	-0.038	0.407	0.212	1
Sptan1	48.18	0.419	8680.1	0.377	-0.029	0.406	0.718	0
Akap11	35.16	0.641	1738.7	0.41	0.005	0.406	0.326	0
B4galt1	20.33	0.123	795.1	0.613	0.208	0.405	0.66	0
Rnpep	25.7	1.908	2494.9	1.986	1.581	0.404	0.286	0
Ap2a2	24.08	0.446	2516.4	0.795	0.391	0.404	0.396	0
Nudt21	54.48	1.916	1492.6	9.975	9.571	0.404	1.379	0
Spin1	31.79	0.414	938.2	1.052	0.649	0.403	0.23	0
Rpl41	4168.06	5.926	2078.5	5.285	4.882	0.403	0.066	1
Clic3	208.67	4.102	55.1	-2.871	-3.273	0.402	1.142	1
Nop53	181.99	1.789	1821.1	-0.427	-0.828	0.401	0.436	0
Sestd1	33.72	0.233	828.0	1.594	1.197	0.398	0.279	0
Tubb6	35.89	0.389	1245.6	0.656	0.26	0.396	0.456	0
Pim1	66.83	0.899	563.2	-0.444	-0.839	0.395	0.622	0
Numa1	74.48	1.095	6186.0	0.822	0.428	0.394	0.059	0
Camsap2	59.98	0.521	2096.7	0.881	0.488	0.393	0.056	0
Hmga1	51.62	0.739	76.0	7.606	7.213	0.393	0.091	0
Esyt1	23.03	1.476	2107.6	0.832	0.44	0.393	0.427	0
Sms	29.36	0.412	164.7	6.048	5.658	0.391	0.681	0
Dusp14	55.87	1.489	141.7	-1.699	-2.089	0.391	0.788	0
Med28	42.8	1.04	474.4	-4.703	-5.092	0.39	0.417	0
Rbis	89.8	6.867	196.3	0.793	0.403	0.39	0.17	1
Rhob	548.0	9.944	772.0	-0.44	-0.829	0.389	0.718	1
Lgals3	332.99	2.276	5570.3	-0.796	-1.184	0.389	0.495	1
Ier2	136.8	2.086	286.1	-0.775	-1.161	0.386	1.367	1
Csnk2a1	62.34	0.69	981.5	5.068	4.683	0.386	0.808	0
Wasf2	122.34	0.89	1111.8	0.429	0.045	0.385	0.179	0
Rsu1	23.13	0.235	1753.3	0.7	0.316	0.383	0.511	0
Anxa2	556.16	0.992	20879.4	0.489	0.106	0.383	0.421	0
Chp1	41.86	0.729	226.6	-5.921	-6.304	0.383	1.083	0
Rabgap1l	54.63	0.056	482.4	0.425	0.042	0.383	0.193	0
Bicc1	25.14	0.125	2493.0	0.742	0.361	0.382	0.627	0
Cavin1	102.04	1.134	1936.1	-0.417	-0.798	0.381	0.334	0
Shc1	110.86	3.586	2078.9	0.722	0.342	0.38	0.333	1
Ugcg	56.09	0.775	488.9	0.487	0.107	0.38	0.511	0
Ctnnbip1	21.94	1.002	235.5	-0.535	-0.912	0.377	0.33	0
Abl1	22.84	0.131	2608.3	1.032	0.655	0.377	0.34	0
Vim	3568.52	7.262	43829.9	1.681	1.305	0.376	0.417	1
Samd8	24.39	0.388	248.6	0.829	0.458	0.371	0.349	0
Nab1	28.06	0.397	443.0	-0.783	-1.152	0.37	0.595	0
Macf1	113.68	0.185	6372.6	0.834	0.464	0.37	0.273	0
Sfxn3	23.55	1.411	743.7	1.162	0.793	0.369	0.421	0
Pabpc4	159.33	1.666	1954.5	1.818	1.45	0.368	0.126	0
Narf	31.12	0.662	829.9	1.255	0.887	0.368	0.007	0
Golt1b	38.47	0.81	447.7	-2.494	-2.862	0.368	0.224	0
Ehbp1l1	29.79	0.649	1597.2	-0.375	-0.742	0.367	0.764	0
Arrdc3	205.04	2.248	502.3	-0.708	-1.075	0.366	0.455	1
Il10rb	30.85	0.654	296.3	0.717	0.353	0.364	0.49	0
Prdx2	106.83	4.44	2753.8	0.674	0.311	0.364	0.065	1
Crip2	96.77	3.882	1011.6	0.436	0.073	0.363	0.521	1
Gask1a	27.56	1.187	2830.7	3.36	2.997	0.363	0.102	0
Actg1	1392.84	5.048	18094.1	7.786	7.423	0.363	0.346	1
Rpl22l1	112.23	7.756	4452.2	2.066	1.703	0.363	0.347	1
Iah1	28.24	1.624	409.7	1.078	0.717	0.362	0.284	0
Mettl26	93.34	4.729	1311.2	3.597	3.236	0.361	0.515	1
Dyrk2	48.78	1.334	866.9	1.158	0.798	0.361	0.128	0
Ctnna1	100.74	0.331	6013.9	0.401	0.041	0.36	0.448	0
Nudt3	21.75	0.879	771.3	0.822	0.463	0.359	0.099	0
Nono	103.8	2.101	4662.2	1.608	1.25	0.358	0.126	1
Pde4b	80.77	0.211	413.3	-1.597	-1.956	0.358	0.044	0
Rhobtb1	33.09	2.334	653.0	2.961	2.604	0.357	0.212	1
Crebl2	22.53	0.862	129.8	2.435	2.078	0.357	0.139	0
Plxdc2	59.57	0.098	1367.6	0.705	0.35	0.354	1.087	0
Ndufaf8	54.44	3.767	71.1	-3.644	-3.997	0.353	0.37	1
Prr5	20.71	0.47	1204.4	-1.368	-1.721	0.353	0.338	0
Agl	21.11	0.824	1326.2	0.821	0.469	0.353	0.1	0
Sri	83.9	4.814	1020.0	0.368	0.016	0.351	0.375	1
Cdk5rap2	32.81	0.331	1960.7	0.888	0.539	0.35	0.155	0
Prkab2	25.8	1.724	95.9	1.525	1.175	0.349	0.36	0
Suds3	25.94	0.767	669.9	-1.12	-1.469	0.349	0.22	0
Mta3	29.47	0.573	778.1	-0.6	-0.948	0.348	0.225	0
Pon2	28.8	1.237	788.7	1.221	0.874	0.348	0.469	0
Reep3	63.34	0.565	474.7	0.925	0.579	0.345	0.275	0
Ube4b	30.81	0.225	3357.4	-0.309	-0.654	0.345	0.121	0
Rcor1	20.28	0.093	543.7	0.866	0.523	0.343	0.141	0
Ahnak	301.98	1.243	1232.4	0.485	0.143	0.342	0.276	0
Rps9	1227.68	3.614	8368.2	-1.138	-1.479	0.342	0.137	1
Srsf3	209.82	1.396	1130.9	2.086	1.745	0.341	0.134	0
Myl6	603.62	2.953	4739.2	0.911	0.571	0.341	0.492	1
Kidins220	49.83	0.507	3355.1	1.228	0.888	0.34	0.053	0
Bri3bp	24.19	1.5	335.3	-1.323	-1.663	0.34	0.315	0
Med21	20.5	0.678	331.0	-1.828	-2.168	0.34	1.172	0
Zyx	36.36	1.928	1821.5	0.431	0.092	0.339	0.27	0
Igfbp2	26.37	9.229	721.2	4.203	3.866	0.337	0.433	1
Calm3	101.42	3.133	1178.0	-1.221	-1.558	0.336	0.423	1
Trio	39.03	0.061	2429.5	1.602	1.266	0.336	0.137	0
Heca	38.89	0.374	275.8	0.704	0.368	0.336	0.417	0
Pdgfrb	20.23	0.951	2848.8	1.867	1.532	0.335	0.898	0
Tfpi	46.2	0.576	74.8	2.225	1.89	0.335	1.053	0
Ddit3	53.69	2.654	197.7	-0.835	-1.169	0.334	0.575	1
Nfia	134.01	0.883	555.6	0.85	0.518	0.332	0.449	0
Rps10	344.71	2.776	11833.9	3.285	2.954	0.332	0.133	1
Bzw2	43.65	0.839	2669.3	1.072	0.742	0.331	0.349	0
Txnip	161.58	2.817	1976.7	0.383	0.052	0.33	0.869	1
Ptms	299.77	4.257	3810.9	-0.649	-0.978	0.33	0.397	1
Acaa2	31.58	1.925	1512.4	1.953	1.624	0.329	0.489	0
Psme1	38.19	1.854	661.2	0.868	0.539	0.329	0.654	0
Stk17b	21.88	0.171	334.6	1.072	0.743	0.329	0.188	0
Dpy19l1	33.25	0.57	1157.4	-0.6	-0.928	0.328	0.47	0
Ndufc1	146.91	6.546	225.0	-3.567	-3.895	0.328	0.012	1
Fau	809.57	3.652	4640.1	7.332	7.005	0.327	0.452	1
Rps19	1611.89	2.482	15326.2	3.743	3.417	0.326	0.228	1
Pnpla2	42.74	1.543	369.1	0.894	0.568	0.326	0.357	0
Jak1	77.38	0.195	2748.2	0.734	0.409	0.325	0.422	0
Foxn3	40.53	0.074	436.2	1.53	1.207	0.324	0.143	0
Psmd9	42.98	1.52	307.6	-0.517	-0.84	0.323	0.146	0
Tuba1b	265.31	2.518	4152.5	3.031	2.708	0.323	0.59	1
Taf11	22.45	0.894	550.6	0.608	0.285	0.322	0.243	0
Sem1	280.5	2.497	2299.8	-1.036	-1.358	0.321	0.093	1
Ctbs	55.29	1.918	490.5	0.587	0.266	0.321	0.381	0
Rpap2	32.78	0.318	320.7	1.333	1.012	0.321	0.33	0
Ypel5	74.56	0.675	272.9	-0.59	-0.91	0.319	0.049	0
Pdgfra	129.28	1.343	2146.3	0.981	0.662	0.319	0.036	0
Sh3d21	22.66	1.282	155.7	-1.445	-1.764	0.319	1.087	0
Selenow	292.48	5.725	1458.8	-3.143	-3.461	0.318	0.299	1
Mrps33	48.41	5.231	196.2	2.417	2.099	0.318	0.067	1
Zdhhc9	88.23	2.472	911.3	-1.064	-1.382	0.318	0.027	1
Vcan	27.59	0.2	10767.7	2.006	1.691	0.315	1.099	0
Irak1	32.42	1.112	1190.7	-1.038	-1.352	0.314	0.182	0
Cpped1	33.86	0.592	516.2	1.272	0.959	0.314	0.367	0
Tuba1c	93.33	1.137	4206.1	2.345	2.033	0.312	0.58	0
Cd55	43.05	0.179	452.3	2.281	1.969	0.312	1.018	0
Eef2k	20.77	0.467	838.2	0.611	0.299	0.312	0.257	0
Dnajb4	60.28	2.036	416.3	-0.762	-1.074	0.312	0.074	1
Ppp1r14b	86.19	2.921	1026.5	2.574	2.263	0.312	0.271	1
Phf21a	31.09	0.156	797.1	-0.338	-0.649	0.311	0.167	0
Ehmt1	29.74	0.118	2282.4	0.625	0.314	0.311	0.158	0
Dyrk3	21.99	0.611	109.6	3.949	3.638	0.311	0.298	0
Psmd11	46.77	0.761	1516.2	0.326	0.016	0.31	0.418	0
Klf2	1176.16	13.241	678.8	1.43	1.121	0.309	0.721	1
Ube2r2	90.43	0.726	1318.0	-0.963	-1.27	0.307	0.352	0
Tnfrsf1a	101.57	2.599	1070.9	-1.457	-1.763	0.306	0.621	1
Prpf38b	79.27	0.924	791.1	-0.876	-1.181	0.306	0.254	0
Hdac8	31.22	0.207	216.5	0.559	0.256	0.303	0.113	0
Arhgef12	59.35	0.365	2418.5	1.082	0.78	0.302	0.316	0
Rps12	2556.27	4.3	9193.7	7.701	7.399	0.302	0.225	1
Vcl	99.37	0.587	1759.3	0.555	0.254	0.302	0.473	0
Tmem43	70.5	2.069	1520.1	-0.355	-0.656	0.301	0.617	1
Nr2f6	27.85	4.407	275.7	-0.673	-0.974	0.3	0.128	1
Hmgxb4	32.1	0.608	428.2	-0.419	-0.719	0.299	0.226	0
Rnf19a	42.0	0.16	1063.8	0.756	0.459	0.297	0.286	0
Pcna	43.54	4.185	1167.2	0.707	0.412	0.295	0.42	1
Ap2s1	78.84	1.594	1969.7	1.031	0.736	0.295	0.403	0
Urod	26.32	2.369	1265.2	0.284	-0.011	0.294	0.208	1
Anapc11	112.8	5.265	595.2	-1.544	-1.838	0.294	0.211	1
Nol3	41.82	2.691	116.8	1.183	0.889	0.294	1.045	1
Gnl3	57.92	1.004	1492.7	-2.646	-2.939	0.293	0.389	0
Usp46	47.28	1.191	292.6	0.438	0.145	0.293	0.264	0
Eif3k	165.44	2.378	4703.0	0.721	0.428	0.293	0.142	1
Baz1a	26.28	0.099	584.0	0.574	0.282	0.293	0.023	0
Fam76b	23.38	0.836	248.5	-0.695	-0.987	0.292	0.068	0
Rest	50.73	0.792	344.9	-1.571	-1.862	0.291	0.042	0
Vdac3	26.51	1.385	1705.9	2.62	2.33	0.29	0.452	0
Smc2	29.9	1.838	1028.3	0.586	0.297	0.289	0.266	0
Etv6	26.11	0.043	213.0	-0.529	-0.818	0.289	0.321	0
Anxa1	413.8	1.934	5057.8	0.796	0.507	0.289	0.649	0
Tm4sf1	412.96	6.256	431.4	1.119	0.831	0.288	1.308	1
Ckap5	23.11	0.43	5299.3	0.988	0.7	0.288	0.078	0
Hsph1	151.67	0.7	1688.7	0.499	0.212	0.288	0.77	0
Lrpap1	85.46	2.359	3083.2	0.362	0.076	0.286	0.092	1
Krr1	40.38	1.302	451.1	-0.812	-1.098	0.286	0.138	0
Riok3	55.98	0.631	1330.8	-1.059	-1.345	0.286	0.148	0
Cbx1	39.8	1.529	795.0	-1.894	-2.18	0.285	0.185	0
Zdhhc17	24.34	0.341	298.2	0.887	0.602	0.285	0.23	0
Ifngr2	60.41	0.533	420.8	0.458	0.173	0.285	0.454	0
Grb2	31.5	0.256	842.9	1.02	0.737	0.283	0.02	0
Rybp	53.83	0.166	201.9	1.718	1.437	0.281	0.412	0
Eif4a1	457.45	2.971	5950.4	3.549	3.269	0.28	0.132	1
Moxd1	36.71	1.614	3135.6	1.594	1.314	0.28	0.312	0
Imp3	21.09	1.848	348.0	-1.906	-2.186	0.28	0.508	0
Sdcbp	132.5	0.762	3106.5	-0.407	-0.686	0.279	0.378	0
Ube2s	72.51	1.643	520.1	0.404	0.125	0.279	0.357	0
Evi5	20.2	0.108	578.8	0.978	0.7	0.278	0.071	0
Plekha5	35.33	0.081	1971.5	1.159	0.881	0.278	0.225	0
Tsc22d2	49.59	0.112	347.3	0.936	0.659	0.277	0.566	0
Fam210b	31.69	2.554	141.8	3.89	3.612	0.277	0.748	1
Adar	39.05	0.561	329.5	-0.919	-1.196	0.277	0.431	0
Hmgb2	159.07	2.855	1467.9	2.406	2.13	0.277	0.005	1
Pfdn6	22.84	3.41	758.1	0.382	0.106	0.276	0.288	1
Ubtf	32.59	0.944	3558.2	-0.316	-0.591	0.275	0.342	0
Slc9a3r1	24.54	1.157	74.9	-1.302	-1.577	0.274	1.304	0
Rbm7	41.49	2.552	496.0	-2.502	-2.776	0.274	0.22	1
Slc38a10	63.38	1.208	8044.2	-0.643	-0.916	0.274	0.099	0
Kif1b	27.2	0.115	1278.3	0.438	0.164	0.274	0.025	0
Map4	102.59	0.242	6640.3	0.959	0.685	0.274	0.278	0
Acvr1	26.64	0.214	1188.0	0.968	0.695	0.273	0.265	0
Katnbl1	25.23	0.272	119.1	-2.044	-2.317	0.272	0.384	0
Polr2a	89.69	0.605	4130.0	-0.284	-0.556	0.272	0.204	0
Ctnnal1	37.16	0.411	1095.5	-1.082	-1.353	0.271	0.683	0
Cenpb	33.18	2.345	2694.0	-1.246	-1.517	0.271	0.286	1
Rbms3	42.29	0.175	102.2	0.696	0.425	0.271	1.351	0
Ubald2	42.53	1.103	105.9	4.151	3.88	0.27	0.101	0
Ipo9	25.26	0.317	2318.9	-0.801	-1.071	0.27	0.369	0
Dhx9	56.77	0.458	14672.0	1.675	1.405	0.27	0.135	0
Abhd5	22.61	0.319	347.0	-1.881	-2.15	0.269	0.133	0
Abl2	43.96	0.199	306.5	-0.944	-1.213	0.269	0.091	0
Dpp7	100.52	2.833	930.7	1.647	1.38	0.267	0.067	1
Ccdc34	21.61	2.524	428.3	-1.84	-2.106	0.266	0.526	1
Hsp90ab1	935.34	1.878	30533.1	-0.468	-0.734	0.266	0.169	0
Add1	69.12	0.491	3930.9	0.812	0.547	0.266	0.299	0
Wipi2	31.98	0.577	959.4	0.644	0.379	0.265	0.114	0
Dll1	21.77	3.186	52.0	-2.249	-2.514	0.264	0.162	1
Smarca5	83.63	0.835	2112.3	2.014	1.751	0.264	0.145	0
Gsk3b	43.66	0.165	1171.9	-0.588	-0.852	0.263	0.309	0
Psmd8	102.73	2.442	4962.4	1.463	1.2	0.263	0.272	1
Usp22	98.32	0.976	2088.9	0.843	0.58	0.263	0.043	0
Rpl13	2870.17	2.985	5709.0	4.247	3.984	0.263	0.255	1
Fnbp1	27.66	0.05	324.8	1.053	0.791	0.262	0.539	0
Dpm2	27.54	2.028	109.6	-1.177	-1.439	0.262	0.042	1
Rsrp1	159.21	0.718	957.2	-0.48	-0.742	0.262	0.136	0
Trappc3	34.31	2.134	993.0	-0.691	-0.953	0.262	0.185	1
Lnpep	75.85	0.772	1145.1	-1.583	-1.844	0.261	0.205	0
Clip1	52.45	0.328	1498.5	-0.67	-0.932	0.261	0.458	0
Plekhb2	28.9	0.579	365.1	3.033	2.772	0.261	0.162	0
Mrpl19	24.23	1.441	304.2	-0.519	-0.779	0.26	0.344	0
Panx3	148.51	7.624	15316.3	-0.53	-0.79	0.259	0.402	1
Kif22	23.01	1.359	1804.6	1.287	1.028	0.258	0.27	0
Ier5	147.5	2.024	180.9	-1.277	-1.535	0.258	0.975	1
Tmem9	45.98	4.159	563.0	0.326	0.068	0.258	0.022	1
Myo5a	22.85	0.13	2840.9	-0.938	-1.195	0.257	0.311	0
Itgb3bp	27.35	0.582	171.3	1.615	1.359	0.255	0.412	0
Tagln2	157.61	2.098	6426.5	1.799	1.546	0.253	0.491	1
Ltbp1	89.67	0.308	5481.5	1.867	1.615	0.252	0.9	0
Rpl18a	1609.63	3.895	9994.2	2.582	2.33	0.252	0.191	1
Lgr4	20.51	0.721	3344.2	0.5	0.248	0.251	0.064	0
Phldb1	71.25	0.671	5511.2	-0.475	-0.726	0.251	0.118	0
Cdk4	29.77	4.995	7045.7	-0.35	-0.601	0.251	0.225	1
Rpl39	1704.3	3.846	772.0	3.735	3.485	0.25	0.319	1
Mbd4	32.24	1.288	218.6	0.801	0.552	0.249	0.107	0
Dpy19l3	35.66	0.764	416.9	1.543	1.294	0.249	0.235	0
Nutf2	22.64	1.564	129.3	5.719	5.47	0.249	1.038	0
Phpt1	145.75	5.028	879.6	-1.346	-1.595	0.249	0.087	1
Efhd1	66.56	1.926	248.1	5.457	5.209	0.248	1.164	0
Arpc4	68.65	1.401	2103.8	0.282	0.035	0.247	0.156	0
Grina	55.34	1.888	888.0	1.83	1.585	0.246	0.779	0
Cnot9	25.94	0.719	629.3	-1.132	-1.378	0.246	0.103	0
Nsun6	20.57	0.306	275.3	2.437	2.192	0.245	0.271	0
Rps15a	1182.47	5.275	4396.7	0.516	0.271	0.245	0.216	1
Bin1	28.07	1.14	1781.8	1.176	0.932	0.244	0.256	0
Bet1l	29.03	1.811	82.0	-0.982	-1.226	0.244	0.086	0
Snap29	23.59	0.926	322.5	1.112	0.869	0.243	0.125	0
Smarca4	32.6	0.396	4868.3	-0.292	-0.536	0.243	0.08	0
Sars	52.62	1.032	2564.1	-0.506	-0.748	0.243	0.249	0
Bet1	25.02	0.892	433.2	-1.178	-1.42	0.242	0.023	0
Dnm1l	33.11	0.376	1049.5	-0.492	-0.733	0.242	0.087	0
Cyb5d2	27.17	1.785	361.3	2.891	2.65	0.241	0.138	0
Lrrc75a	23.31	1.365	84.8	1.071	0.829	0.241	0.278	0
Rplp1	5692.86	3.645	17402.0	-0.631	-0.872	0.241	0.217	1
Pik3ca	35.84	0.337	1655.4	-0.668	-0.908	0.241	0.054	0
Idh1	46.65	2.325	2325.8	-1.207	-1.447	0.24	0.166	1
Atxn10	61.28	0.369	3481.2	-1.409	-1.648	0.239	0.32	0
Nek6	27.26	0.49	598.9	0.47	0.232	0.237	0.239	0
Rps26	903.9	3.563	8312.8	1.359	1.124	0.236	0.242	1
Tmx3	29.87	0.683	862.0	1.175	0.939	0.235	0.165	0
Fndc3a	57.52	0.156	2143.7	0.713	0.478	0.235	0.101	0
Wsb1	338.74	1.536	1428.2	0.665	0.43	0.235	0.194	0
Bmi1	34.02	1.689	495.3	0.737	0.502	0.235	0.092	0
Larp7	65.97	1.325	634.4	-0.972	-1.206	0.234	0.053	0
Naglu	25.7	2.288	818.9	-0.901	-1.135	0.234	0.139	1
Cdc42	140.02	0.813	2533.8	-1.075	-1.309	0.234	0.175	0
Arhgdib	23.32	0.666	388.1	1.296	1.063	0.233	1.199	0
Tmem160	31.82	1.569	239.7	-0.969	-1.202	0.233	0.414	0
Gpx8	62.23	4.044	2605.5	-1.084	-1.316	0.232	0.115	1
Pabpc1	664.2	0.973	13888.9	0.333	0.101	0.232	0.149	0
Sbf2	34.66	0.092	1812.7	0.559	0.328	0.232	0.028	0
Nmral1	26.65	1.924	602.4	1.273	1.043	0.231	0.23	0
Msl1	49.54	1.432	1244.5	-0.375	-0.606	0.231	0.034	0
Rplp2	1571.07	2.766	6406.4	0.92	0.689	0.23	0.048	1
Bmp8a	31.75	1.311	93.1	-0.844	-1.073	0.229	0.383	0
Rps5	670.35	4.583	22987.4	-0.451	-0.678	0.228	0.208	1
Acadm	34.43	0.915	993.1	0.953	0.725	0.228	0.107	0
Iws1	31.41	0.327	1287.0	0.558	0.333	0.225	0.13	0
Rnf168	22.14	0.234	483.0	-0.943	-1.167	0.225	0.073	0
Rpl23	1053.88	5.628	6231.5	1.955	1.73	0.224	0.115	1
Il6st	139.56	0.712	2684.2	0.285	0.061	0.224	0.321	0
Aftph	28.9	0.289	933.6	0.783	0.559	0.223	0.195	0
Mrps26	28.41	4.467	369.0	-0.582	-0.805	0.223	0.077	1
Sap30bp	30.18	0.448	641.9	-0.781	-1.003	0.223	0.005	0
Mcm7	33.59	1.234	2647.6	1.159	0.937	0.222	0.197	0
Cd44	88.41	0.12	1122.2	1.804	1.582	0.222	0.764	0
Pkp4	45.53	0.222	2018.8	1.655	1.433	0.222	0.102	0
Emd	46.11	2.771	1528.5	0.833	0.612	0.221	0.081	1
Rnf213	34.69	0.176	644.5	1.672	1.452	0.22	0.425	0
Itga5	66.85	0.613	5221.8	0.732	0.512	0.22	0.527	0
Pam16	29.94	1.019	318.8	4.52	4.3	0.22	0.223	0
Paics	53.54	2.13	5211.9	-0.597	-0.817	0.219	0.011	1
Gulp1	20.47	0.453	436.6	1.984	1.766	0.218	0.564	0
Cks2	30.19	1.281	350.7	3.656	3.44	0.216	0.36	0
Kif9	27.73	1.957	52.0	1.335	1.12	0.215	0.617	0
Lage3	34.21	4.013	406.2	-0.674	-0.888	0.214	0.109	1
Zfand5	298.78	1.883	1572.4	1.159	0.945	0.214	0.056	0
Vcp	118.64	1.005	7152.7	3.975	3.762	0.214	0.196	0
Rpl9	1453.67	4.074	4494.0	8.49	8.279	0.212	0.455	1
Psmd1	43.42	0.353	3398.3	-1.61	-1.821	0.211	0.182	0
Nbn	24.33	0.518	878.8	0.806	0.595	0.211	0.329	0
Ctr9	31.61	0.637	2823.0	0.851	0.643	0.209	0.034	0
Rps3	1511.79	5.065	19322.8	-1.367	-1.575	0.208	0.144	1
Tmem131	82.35	0.299	3302.9	0.264	0.056	0.208	0.328	0
Csnk1g2	27.74	0.523	2354.0	-0.27	-0.477	0.207	0.044	0
Eif3e	223.38	1.957	3902.0	0.97	0.763	0.207	0.286	0
Rad50	57.15	1.02	1245.2	1.822	1.615	0.207	0.14	0
Raly	39.82	0.187	2790.0	-1.244	-1.451	0.207	0.372	0
Rpl6	1328.74	5.676	9885.5	3.967	3.761	0.205	0.07	1
Rps8	1102.04	3.271	7586.4	2.773	2.568	0.204	0.151	1
Spint2	247.72	11.22	1656.3	4.942	4.738	0.204	0.413	1
Rab34	54.04	4.024	1983.9	0.438	0.234	0.204	0.122	1
Rpl35	1145.02	3.202	7406.2	4.081	3.878	0.202	0.052	1
Kif2a	26.45	0.21	1121.1	1.071	0.869	0.202	0.076	0
Kdm1a	39.08	0.763	3930.3	0.657	0.455	0.202	0.047	0
Gcc2	128.91	0.932	924.9	0.559	0.358	0.201	0.085	0
Plrg1	28.27	1.617	1705.7	0.354	0.153	0.201	0.093	0
Mrpl24	24.15	3.033	896.9	0.478	0.277	0.201	0.312	1
Slbp	37.01	0.702	663.7	-2.64	-2.841	0.2	0.548	0
Gxylt1	24.01	0.655	308.7	2.195	1.995	0.2	0.443	0
Mms22l	20.78	0.624	673.9	0.717	0.518	0.2	0.672	0
Washc4	55.55	0.603	1130.3	0.528	0.329	0.199	0.065	0
Mgmt	54.78	0.443	65.0	-0.977	-1.177	0.199	1.105	0
Clu	220.32	3.711	3012.8	2.103	1.904	0.199	0.183	1
Nudt16l1	23.62	3.427	513.8	-1.187	-1.385	0.198	0.007	1
Acly	190.99	1.363	7679.8	-1.485	-1.683	0.198	0.151	0
Arhgef7	23.86	0.158	1000.6	0.701	0.504	0.197	0.199	0
Hnrnpul2	56.91	1.186	5478.3	-0.517	-0.714	0.197	0.037	0
Nme3	44.79	3.094	242.5	1.464	1.268	0.196	0.014	1
Tsr1	21.0	1.308	1685.2	-0.689	-0.885	0.196	0.085	0
Dync1li2	71.58	0.946	965.2	0.436	0.241	0.195	0.197	0
Sun1	78.59	1.087	2142.4	-0.26	-0.455	0.195	0.286	0
Kdm5c	27.15	0.784	3654.4	0.473	0.278	0.195	0.173	0
Thnsl2	20.43	2.538	275.7	-2.363	-2.558	0.195	0.004	1
Tpd52l2	47.57	1.489	978.9	-1.02	-1.215	0.195	0.185	0
Fibp	40.44	3.778	868.9	0.616	0.422	0.194	0.178	1
Mvp	24.43	0.926	351.0	-4.092	-4.286	0.194	0.538	0
Pla2r1	40.04	1.302	270.2	5.351	5.157	0.194	0.351	0
Ank3	61.06	0.208	116.7	1.858	1.665	0.193	0.787	0
Ciao1	38.23	1.192	575.3	-0.932	-1.124	0.192	0.274	0
Socs5	39.74	2.778	376.5	-2.984	-3.177	0.192	0.197	1
Snrpb	74.62	2.906	4145.0	-0.451	-0.643	0.192	0.256	1
Tcaf1	56.08	1.524	3893.9	0.965	0.774	0.191	0.003	0
Imp4	30.59	2.489	805.1	0.676	0.486	0.19	0.376	1
Phc2	37.57	0.551	1939.9	0.404	0.215	0.189	0.152	0
Pten	77.46	0.429	1182.8	1.009	0.82	0.189	0.533	0
Sgta	35.13	1.311	1357.4	-1.165	-1.354	0.189	0.153	0
Plec	104.89	1.013	9728.8	1.724	1.536	0.188	0.313	0
Gpx4	124.15	1.79	741.2	0.987	0.799	0.188	0.709	0
Hspa8	304.82	1.953	20462.9	5.971	5.783	0.188	0.392	0
Ptges3	142.14	0.685	365.2	2.871	2.684	0.187	0.479	0
Ybx3	315.85	3.549	1185.9	-1.598	-1.785	0.187	0.218	1
Mib2	24.62	2.22	678.8	-0.98	-1.167	0.187	0.211	1
Atp2c1	31.83	0.35	1389.5	1.104	0.917	0.186	0.267	0
Actr3	115.53	0.59	3274.5	1.448	1.262	0.186	0.076	0
Nt5c3b	25.88	3.915	1306.2	0.58	0.394	0.186	0.265	1
Tab2	55.96	0.34	1898.4	-0.485	-0.671	0.186	0.063	0
Akirin2	31.43	0.823	390.7	0.881	0.696	0.185	0.076	0
Glmp	25.13	5.893	1462.7	0.912	0.728	0.184	0.112	1
Uba1	55.75	1.51	8840.7	-0.491	-0.675	0.184	0.155	0
Cdc42bpb	32.24	0.485	3920.1	0.534	0.35	0.183	0.07	0
Lama4	162.49	1.076	6565.8	0.948	0.765	0.183	0.231	0
Pih1d1	30.89	2.239	1226.9	0.785	0.604	0.182	0.225	1
Gfpt1	84.01	0.43	3679.3	-0.544	-0.725	0.181	0.009	0
Dnaja1	199.31	0.891	1420.1	3.3	3.12	0.181	0.163	0
Nck2	81.64	0.419	632.7	1.299	1.118	0.18	0.309	0
Rhoa	301.28	1.332	4149.7	0.901	0.721	0.18	0.326	0
Pmvk	31.17	1.471	602.8	-1.991	-2.171	0.18	0.1	0
Pacs1	36.0	0.088	1312.7	0.366	0.187	0.18	0.344	0
Csnk2b	125.3	5.031	1944.2	-0.624	-0.804	0.179	0.061	1
Rrp7a	37.28	1.475	425.5	-1.095	-1.274	0.179	0.4	0
Maz	90.13	4.319	2228.1	0.732	0.553	0.179	0.083	1
Cep170	34.55	0.396	1568.7	0.282	0.103	0.179	0.032	0
Rpl4	972.74	7.019	26672.1	-1.341	-1.52	0.179	0.045	1
Abtb1	25.71	1.473	241.0	-0.863	-1.041	0.178	0.004	0
Tnip2	35.42	1.362	115.8	-0.746	-0.923	0.177	0.368	0
Ppa1	293.49	4.013	10973.8	-1.337	-1.514	0.177	0.311	1
Tsen15	20.72	0.767	135.2	1.926	1.75	0.176	0.199	0
Rcan3	22.03	0.313	320.7	1.179	1.003	0.175	0.209	0
Dmpk	30.49	0.995	400.1	0.906	0.731	0.175	0.16	0
Bnc2	37.58	0.188	755.8	1.229	1.055	0.175	0.297	0
Hivep1	20.83	0.048	427.7	-1.287	-1.462	0.174	0.543	0
Ptpn11	49.94	0.558	2001.5	0.429	0.255	0.174	0.068	0
Ptbp3	100.92	0.52	1002.9	0.892	0.718	0.174	0.171	0
Nt5c2	42.16	0.205	1425.2	1.175	1.002	0.174	0.046	0
Eef1a1	6013.07	5.928	106182.2	0.951	0.778	0.174	0.169	1
Dmwd	29.92	1.032	413.7	-0.472	-0.645	0.173	0.268	0
Mrpl1	20.2	0.306	438.4	1.382	1.209	0.173	0.273	0
Pros1	21.87	1.208	1627.6	0.706	0.534	0.172	0.318	0
Ppp2r5c	61.68	0.194	1936.0	0.919	0.747	0.172	0.061	0
Rcc1	32.12	0.562	714.1	-1.578	-1.749	0.171	0.073	0
Arhgef10	43.31	0.602	2049.0	0.659	0.49	0.17	0.308	0
Txndc12	47.26	1.396	512.1	-1.648	-1.818	0.17	0.093	0
Ift80	24.06	0.536	611.1	-0.312	-0.482	0.17	0.262	0
Aldh2	23.67	0.621	2597.9	-0.359	-0.528	0.169	0.154	0
Cd2ap	27.06	0.351	725.0	-0.834	-1.002	0.168	0.068	0
Cct2	50.8	1.105	6587.1	-1.445	-1.613	0.168	0.089	0
Vasp	41.31	0.711	1300.9	-0.941	-1.109	0.168	0.041	0
Tmem98	34.63	4.381	1393.1	0.781	0.614	0.168	0.034	1
Mtpn	67.45	0.791	491.7	-0.675	-0.841	0.166	0.26	0
Lamc1	55.4	0.424	5150.9	1.107	0.942	0.165	0.553	0
Aspscr1	23.91	0.672	1211.2	-0.996	-1.161	0.165	0.025	0
Selenom	190.79	3.986	2020.8	-0.788	-0.953	0.165	0.036	1
Nt5dc2	156.49	5.27	3313.9	-1.424	-1.588	0.164	0.178	1
Zdhhc2	20.25	0.638	237.0	1.397	1.233	0.164	0.088	0
Rnft1	24.56	1.393	598.7	-0.756	-0.92	0.163	0.086	0
Carm1	22.87	0.936	2204.1	-0.827	-0.99	0.163	0.152	0
Pi4kb	21.05	0.469	2190.7	0.978	0.817	0.161	0.204	0
Eef1b2	493.31	5.889	14568.0	-0.501	-0.661	0.161	0.073	1
Snrpd2	125.84	3.266	1667.1	1.605	1.445	0.161	0.058	1
Calm2	579.9	2.877	5340.0	0.708	0.548	0.161	0.016	1
Sbno1	38.58	0.517	1334.6	0.291	0.131	0.16	0.051	0
Rpl8	1622.58	3.848	22078.2	-0.627	-0.787	0.16	0.106	1
Cd81	397.57	3.894	5146.7	0.648	0.488	0.16	0.213	1
Syncrip	108.7	0.916	3438.1	0.797	0.638	0.159	0.051	0
Tufm	76.66	2.854	928.8	4.1	3.941	0.159	0.197	1
Ap2m1	129.92	3.676	4228.0	3.797	3.638	0.159	0.054	1
Fbl	91.91	2.876	1720.3	3.7	3.542	0.159	0.144	1
Hax1	44.53	2.935	739.9	1.888	1.73	0.158	0.093	1
Smad4	49.38	0.551	1190.7	-0.652	-0.811	0.158	0.01	0
Egln2	29.99	1.304	891.3	-1.341	-1.499	0.158	0.239	0
Capzb	74.22	0.34	3334.1	-0.306	-0.464	0.158	0.218	0
Ppard	20.54	0.131	766.3	-0.379	-0.536	0.157	0.008	0
Cand1	65.36	0.821	3691.6	-0.229	-0.386	0.156	0.082	0
Ubfd1	27.87	2.308	945.0	0.676	0.521	0.155	0.038	1
Scp2	69.53	1.948	815.9	1.158	1.004	0.155	0.43	0
Ssbp3	32.44	0.226	946.2	0.723	0.569	0.155	0.276	0
Prrc2c	143.43	0.489	6424.2	0.505	0.351	0.154	0.017	0
Tra2b	152.79	0.748	2262.9	1.96	1.806	0.154	0.181	0
Eif3i	82.7	3.685	4562.2	-0.621	-0.775	0.154	0.119	1
Aars	22.57	0.486	5184.7	-0.403	-0.557	0.153	0.175	0
Tgif1	43.17	0.865	296.1	-0.493	-0.645	0.152	0.077	0
Srsf2	122.23	1.848	1734.2	-0.9	-1.052	0.152	0.17	0
Qser1	45.56	0.688	1085.4	-0.971	-1.122	0.152	0.089	0
Tpd52	28.18	0.356	381.5	1.817	1.666	0.151	0.242	0
Eng	67.28	1.04	1297.0	-0.363	-0.514	0.151	1.551	0
Pa2g4	66.92	1.691	3116.2	-0.898	-1.049	0.151	0.096	0
Ppie	38.57	2.569	853.7	-0.356	-0.507	0.151	0.182	1
Siva1	85.96	3.095	752.1	0.321	0.17	0.151	0.248	1
Tra2a	84.75	0.255	1405.8	1.171	1.022	0.149	0.237	0
Ppp4r3b	57.29	0.496	2144.2	1.718	1.569	0.149	0.042	0
Tbc1d4	27.23	0.169	802.2	-0.636	-0.782	0.147	0.215	0
Fryl	38.21	0.151	1017.5	0.568	0.421	0.147	0.305	0
Cd2bp2	31.23	2.418	870.8	0.621	0.474	0.146	0.25	1
Cplane1	36.68	0.472	1301.7	0.621	0.475	0.146	0.067	0
Banf1	83.42	4.643	1124.7	-0.57	-0.715	0.144	0.059	1
Cse1l	27.67	0.548	2429.7	0.484	0.34	0.144	0.195	0
Hpf1	27.1	2.183	518.8	-0.674	-0.818	0.144	0.305	1
Akt2	44.39	1.147	3181.0	0.374	0.23	0.144	0.01	0
Gatad1	78.66	1.561	636.0	-0.513	-0.657	0.144	0.073	0
Rhoc	154.57	4.363	2662.3	0.339	0.196	0.143	0.142	1
Efnb1	30.86	3.48	1227.2	0.583	0.44	0.143	0.203	1
Psmc5	71.13	3.018	2544.9	-0.773	-0.915	0.143	0.106	1
Serpine2	1074.06	2.285	2717.5	-0.759	-0.901	0.142	0.409	1
Msh6	28.86	0.846	1819.7	0.953	0.811	0.142	0.07	0
Lyplal1	25.0	0.756	255.4	-2.092	-2.234	0.142	0.075	0
Rpsa	1049.86	4.355	11693.9	7.932	7.791	0.141	0.155	1
Dhx36	71.11	0.558	2145.6	0.972	0.831	0.141	0.008	0
Rpl36	1334.86	3.865	2293.8	5.232	5.092	0.14	0.179	1
Rpl31	436.51	3.68	1003.6	6.784	6.645	0.139	0.427	1
Cetn3	22.75	4.014	1020.1	-0.953	-1.091	0.139	0.237	1
Nfatc2ip	28.28	0.523	112.8	0.9	0.762	0.138	0.212	0
Tmem256	50.43	7.292	787.9	-1.601	-1.737	0.136	0.042	1
Pfdn5	403.43	3.187	1309.7	-2.574	-2.71	0.136	0.118	1
Nipsnap2	38.57	0.838	624.9	-1.318	-1.454	0.136	0.257	0
Cdc27	41.69	0.39	1577.4	0.978	0.843	0.135	0.039	0
Snrpe	104.82	4.07	653.2	-0.572	-0.708	0.135	0.306	1
Bms1	31.03	0.752	2654.8	0.57	0.435	0.135	0.043	0
Diaph1	28.81	0.185	683.3	0.467	0.332	0.135	0.056	0
Chchd1	36.09	5.203	468.7	-1.03	-1.164	0.134	0.018	1
Ogdh	24.25	0.14	4813.2	-0.484	-0.618	0.134	0.154	0
Rab10	49.85	0.226	964.4	-0.388	-0.521	0.133	0.043	0
Map2k1	35.24	0.159	1305.4	0.556	0.423	0.133	0.072	0
Atp6v0d1	30.14	0.522	2167.2	0.253	0.12	0.133	0.084	0
Plp2	96.49	4.225	862.3	-0.881	-1.014	0.132	0.27	1
Ruvbl2	24.08	1.459	1715.4	-0.597	-0.73	0.132	0.076	0
Psma4	73.21	2.329	1557.3	-0.432	-0.564	0.132	0.07	1
Rdh11	60.85	1.807	949.5	0.494	0.362	0.132	0.037	0
Sympk	28.66	0.515	3237.2	-1.163	-1.294	0.131	0.21	0
Sft2d1	55.81	1.789	162.4	3.672	3.541	0.131	0.408	0
Uchl3	22.2	0.368	602.2	0.891	0.76	0.131	0.381	0
Acot9	24.75	0.303	739.2	0.84	0.71	0.131	0.5	0
Adrm1	34.45	2.856	1189.9	2.695	2.565	0.13	0.161	1
Txndc9	21.94	1.6	1085.9	0.876	0.745	0.13	0.029	0
Nol7	69.01	2.172	699.5	-1.512	-1.642	0.13	0.38	1
Tube1	23.34	0.991	227.9	1.354	1.224	0.13	0.221	0
Eapp	37.79	0.956	560.3	-0.688	-0.817	0.129	0.109	0
Trim28	67.6	2.092	8558.3	0.454	0.326	0.128	0.106	1
Hltf	41.23	1.17	844.1	1.685	1.557	0.128	0.199	0
Usp15	37.54	0.152	857.2	-0.962	-1.09	0.128	0.006	0
Gnas	905.01	1.819	36300.8	0.448	0.321	0.127	0.071	0
Sec63	86.42	0.694	3717.7	0.362	0.235	0.127	0.05	0
Snrpb2	82.89	3.437	1030.6	0.516	0.39	0.126	0.002	1
Dcun1d5	32.99	0.955	1157.1	-0.449	-0.574	0.126	0.282	0
Dync1i2	105.95	1.246	2591.2	0.33	0.204	0.126	0.146	0
Atp6v0b	89.86	1.438	1679.4	-0.534	-0.66	0.126	0.106	0
Slc3a2	60.5	1.051	2607.4	-0.386	-0.512	0.125	0.147	0
Rps21	1077.07	4.383	7662.5	1.347	1.222	0.125	0.109	1
Adam10	34.11	0.218	1259.3	0.836	0.712	0.124	0.285	0
Malsu1	32.98	1.638	121.9	-0.783	-0.906	0.123	0.053	0
Aldoc	51.27	9.049	1178.4	-0.788	-0.911	0.123	0.19	1
Rbms1	97.47	0.25	819.0	0.558	0.436	0.123	0.624	0
Mrpl55	41.69	3.811	390.4	0.829	0.707	0.122	0.069	1
Otulin	20.33	0.268	659.8	0.376	0.254	0.122	0.18	0
Hsp90aa1	1021.21	0.807	7920.5	3.346	3.225	0.121	0.314	0
Prkdc	83.4	0.564	938.4	0.635	0.514	0.121	0.133	0
Fhl1	47.76	1.542	1229.5	1.486	1.366	0.121	0.096	0
Plekhj1	24.89	2.989	526.8	0.394	0.273	0.121	0.029	1
Sdf2l1	46.82	1.755	325.9	-0.455	-0.575	0.12	0.88	0
Stip1	35.85	0.496	2670.7	-0.776	-0.897	0.12	0.28	0
Tubb2b	127.96	6.29	2887.6	2.017	1.897	0.12	0.14	1
Pkn3	21.88	0.88	360.8	-0.503	-0.622	0.12	0.787	0
Serbp1	272.66	2.493	6581.8	-0.642	-0.762	0.119	0.022	1
Mtfr1l	23.43	2.539	1170.7	-0.504	-0.623	0.119	0.11	1
Tmem167b	38.0	2.043	274.6	-0.67	-0.789	0.119	0.06	1
Fgfr1op2	48.47	0.777	582.1	-2.059	-2.178	0.118	0.071	0
Med10	52.03	3.018	363.3	1.016	0.898	0.118	0.08	1
Sf3b4	20.76	2.26	366.7	1.291	1.174	0.117	0.376	1
Rpl37a	2236.78	4.333	3774.2	1.856	1.739	0.117	0.035	1
Ap1s1	36.08	5.727	541.9	-0.989	-1.105	0.116	0.047	1
Anp32b	178.87	1.534	2434.9	-2.518	-2.635	0.116	0.06	0
Ebpl	42.87	3.573	250.3	-1.09	-1.205	0.116	0.212	1
Mrpl54	40.92	4.142	738.2	-1.548	-1.664	0.116	0.098	1
Pfn2	35.27	4.949	300.1	0.483	0.368	0.115	0.043	1
Ccng1	42.34	2.51	1058.8	-1.729	-1.843	0.114	0.128	1
Tomm6	111.3	7.704	745.5	-2.163	-2.277	0.113	0.015	1
Top2b	52.53	0.532	6811.0	0.497	0.384	0.113	0.103	0
Dtymk	21.04	2.113	780.0	-0.664	-0.778	0.113	0.049	1
Tmed4	54.18	3.297	380.1	-0.893	-1.006	0.113	0.076	1
Pcmt1	58.46	0.854	917.0	-0.536	-0.649	0.113	0.151	0
Ppp2r2a	51.13	0.284	1333.2	0.501	0.388	0.113	0.083	0
Crip1	25.46	0.559	1965.5	0.974	0.862	0.112	0.723	0
Dazap2	85.58	1.576	764.8	0.591	0.48	0.111	0.365	0
Rpa1	32.02	0.862	1835.3	0.408	0.298	0.11	0.207	0
Dars	92.84	0.938	2353.4	-0.369	-0.479	0.109	0.106	0
Armc1	25.83	1.038	339.8	-0.917	-1.026	0.109	0.35	0
Psmb5	102.15	4.075	1520.9	2.253	2.145	0.109	0.001	1
Tmem123	76.19	0.463	365.1	2.325	2.216	0.109	0.293	0
Mtx2	26.2	0.851	275.0	-1.819	-1.927	0.108	0.257	0
Josd2	58.73	3.566	683.1	-0.564	-0.672	0.108	0.05	1
Pitpna	25.76	0.243	1315.4	-0.917	-1.024	0.108	0.213	0
Rps14	1804.59	3.63	7164.9	-1.521	-1.628	0.108	0.113	1
Mib1	62.46	0.632	1234.5	0.283	0.175	0.107	0.003	0
Sf3b2	72.97	1.378	6383.7	0.585	0.478	0.107	0.16	0
Aurkaip1	102.43	2.556	977.3	-0.625	-0.731	0.107	0.007	1
Hspa4	42.74	0.537	3964.0	-0.493	-0.6	0.107	0.094	0
Polk	43.46	0.569	226.1	-0.699	-0.805	0.106	0.058	0
Tut7	26.79	0.223	1490.5	-0.261	-0.367	0.106	0.043	0
Spg11	24.79	0.203	1804.3	1.75	1.645	0.106	0.191	0
Ankrd26	41.41	1.014	365.2	0.952	0.846	0.106	0.183	0
Ppid	22.95	0.71	2258.7	2.823	2.717	0.105	0.12	0
Slc25a39	29.47	1.419	1355.6	-1.767	-1.873	0.105	0.08	0
Psmc2	31.06	1.361	2717.2	-0.767	-0.872	0.105	0.151	0
Rpl37	1533.32	4.546	4980.9	1.08	0.975	0.105	0.211	1
Birc2	98.31	0.742	755.8	1.167	1.062	0.105	0.082	0
Crebzf	49.06	0.965	141.5	-1.966	-2.071	0.105	0.209	0
Ipo7	52.88	0.366	3513.7	0.346	0.242	0.104	0.034	0
Nudc	71.12	0.778	1796.9	0.725	0.621	0.104	0.09	0
Rps4x	1415.12	5.764	5134.3	0.776	0.673	0.104	0.209	1
Fbxw2	25.84	0.725	642.8	-1.64	-1.744	0.104	0.043	0
Aph1a	55.58	3.442	627.2	3.398	3.294	0.104	0.023	1
C1d	29.88	0.963	516.6	-2.553	-2.657	0.104	0.208	0
Prdx5	143.03	4.404	1906.6	-1.007	-1.11	0.103	0.077	1
Ap2b1	49.74	0.342	3005.0	0.259	0.156	0.103	0.163	0
Sh3bp4	30.33	0.823	813.5	0.65	0.547	0.103	0.11	0
Rpl18	1333.17	4.071	9131.0	2.707	2.605	0.102	0.05	1
Wfdc1	30.09	4.017	573.8	2.895	2.793	0.102	0.09	1
Dync1h1	102.14	0.644	15002.7	0.566	0.464	0.101	0.061	0
Ndufa6	54.23	3.165	1018.1	-1.618	-1.719	0.101	0.338	1
Lzts2	30.76	3.458	1607.5	-0.462	-0.562	0.1	0.034	1
Plcb1	23.72	0.058	479.6	1.088	0.988	0.1	0.015	0
Znrd2	24.32	7.207	434.8	-0.379	-0.479	0.1	0.256	1
Spcs3	74.81	1.428	567.6	0.473	0.373	0.1	0.136	0
Utp6	23.83	0.623	1073.9	0.7	0.6	0.1	0.215	0
Cdk19	27.73	0.254	213.5	-0.954	-1.054	0.1	0.546	0
Efr3a	32.9	0.314	1545.4	0.385	0.286	0.099	0.281	0
Psmb1	166.44	3.584	4034.9	-0.643	-0.743	0.099	0.107	1
Mrpl28	40.84	3.078	763.5	-0.61	-0.709	0.099	0.069	1
Nasp	74.72	0.525	1828.8	0.82	0.721	0.099	0.17	0
Lonp2	53.02	0.483	1104.7	-0.417	-0.515	0.098	0.022	0
Nae1	25.69	1.046	943.9	0.462	0.364	0.098	0.311	0
Kpnb1	116.68	0.82	6714.2	-0.663	-0.76	0.097	0.101	0
Tbc1d9b	36.37	0.944	2568.4	0.382	0.285	0.097	0.126	0
Igbp1	31.23	0.731	840.1	-1.179	-1.276	0.097	0.102	0
Scaper	26.9	0.138	936.6	0.836	0.739	0.097	0.137	0
Prmt2	100.17	0.968	714.3	1.489	1.393	0.097	0.147	0
Vps26a	37.78	0.639	701.7	0.608	0.511	0.097	0.235	0
Rps24	2307.89	5.752	10008.8	2.103	2.007	0.096	0.117	1
Herc4	47.11	0.19	1039.4	0.686	0.591	0.095	0.129	0
Prpf19	26.62	1.538	4426.1	-0.253	-0.348	0.095	0.145	0
Alyref	30.85	3.73	1555.2	0.949	0.855	0.094	0.187	1
Nsa2	91.16	2.762	1307.3	2.065	1.972	0.093	0.846	1
Larp1b	29.32	0.3	141.3	-0.795	-0.888	0.093	0.02	0
Hdac2	67.97	1.904	4280.6	0.882	0.789	0.093	0.205	0
Taf15	61.33	0.305	2249.3	1.2	1.108	0.092	0.139	0
N4bp1	20.04	0.179	1261.8	0.946	0.854	0.092	0.029	0
Rbm10	31.94	0.677	1317.2	1.701	1.61	0.091	0.208	0
Gabpa	28.24	0.937	426.8	-6.919	-7.01	0.091	0.149	0
Mcts1	46.65	1.665	749.8	0.866	0.778	0.088	0.23	0
Snx2	32.39	0.68	1584.2	0.39	0.302	0.088	0.111	0
Tm9sf2	134.14	1.744	7047.4	0.615	0.527	0.088	0.058	0
Btbd2	30.95	1.328	1186.9	1.899	1.811	0.088	0.049	0
Psmb3	71.41	2.693	1443.3	1.572	1.485	0.087	0.211	1
Pnrc1	175.67	0.974	478.4	-0.552	-0.639	0.087	0.196	0
Fam126a	41.56	0.388	409.3	0.504	0.417	0.087	0.531	0
Pcgf3	31.47	0.669	472.7	-0.727	-0.813	0.087	0.103	0
Psmd3	37.07	1.878	3768.3	-0.396	-0.483	0.087	0.067	0
Prkag1	25.97	0.808	1224.3	-1.341	-1.427	0.086	0.06	0
Pias2	51.15	0.704	1059.0	-0.37	-0.456	0.085	0.01	0
Psmc3	70.74	3.46	3731.7	-0.54	-0.624	0.084	0.046	1
Srprb	42.71	2.077	87.9	7.905	7.821	0.084	0.094	1
Noc3l	21.32	0.588	525.3	0.473	0.389	0.084	0.191	0
Psma7	182.81	3.312	2430.2	-1.011	-1.094	0.084	0.211	1
Eva1b	86.11	3.017	652.0	-1.404	-1.487	0.083	0.335	1
Cyth2	30.66	1.049	1074.4	-0.417	-0.5	0.082	0.034	0
Tln1	84.85	1.173	13133.9	0.256	0.175	0.081	0.033	0
Vmp1	173.71	0.695	919.2	-0.463	-0.543	0.08	0.072	0
Zc3h13	54.22	0.513	1730.2	0.9	0.821	0.079	0.083	0
Prpf8	68.27	1.027	13286.3	0.29	0.212	0.078	0.018	0
Csde1	269.09	1.443	7337.3	1.092	1.015	0.078	0.02	0
Nagk	32.16	1.428	1091.3	0.589	0.512	0.077	0.229	0
Adam17	31.35	0.18	1617.0	0.867	0.791	0.076	0.134	0
Arl14ep	27.23	0.981	397.4	1.682	1.606	0.076	0.063	0
Dnajc8	66.38	1.514	1134.8	-0.508	-0.583	0.075	0.189	0
Tsr2	20.36	1.994	400.5	0.503	0.428	0.075	0.002	1
Runx1t1	24.1	1.058	124.9	0.75	0.675	0.075	0.618	0
Man1c1	22.79	0.378	443.8	0.679	0.606	0.074	0.507	0
Cabin1	27.36	0.36	2372.7	0.309	0.235	0.074	0.234	0
Zmat2	47.65	1.67	1037.5	-1.207	-1.28	0.073	0.153	0
Gabarap	263.36	3.753	4708.7	-0.842	-0.915	0.073	0.043	1
Hcfc1r1	44.83	4.302	869.5	-0.876	-0.949	0.073	0.098	1
Fbn1	27.94	0.407	10778.2	1.034	0.962	0.073	0.261	0
Tcf12	23.46	0.057	2211.7	0.72	0.648	0.072	0.096	0
Eif1	1417.17	4.409	834.9	-3.428	-3.5	0.072	0.092	1
Rps20	728.69	2.757	9016.6	1.576	1.504	0.072	0.039	1
Pmpca	24.21	1.279	1774.8	-0.336	-0.408	0.071	0.238	0
Maco1	27.46	0.338	1388.5	-0.606	-0.678	0.071	0.007	0
Anxa7	64.19	0.77	1559.4	-1.24	-1.312	0.071	0.544	0
Gng12	47.01	0.605	155.2	-0.717	-0.787	0.071	0.071	0
Rbm22	34.73	1.267	1213.2	0.743	0.673	0.07	0.078	0
Pcid2	26.05	0.84	775.2	0.408	0.339	0.069	0.132	0
Tardbp	58.63	1.261	2716.6	-0.706	-0.774	0.068	0.156	0
Unk	20.34	0.264	667.2	-0.476	-0.543	0.067	0.094	0
Ranbp1	54.79	4.674	1930.1	-1.586	-1.653	0.067	0.204	1
Ran	206.56	6.019	4459.8	1.353	1.287	0.066	0.034	1
Yeats2	31.99	0.516	1503.4	0.576	0.51	0.066	0.018	0
Hnrnpr	98.14	0.764	2575.5	0.656	0.59	0.066	0.067	0
Fxyd5	121.16	1.605	631.2	-1.269	-1.335	0.065	0.055	0
Rsl1d1	75.52	1.565	2032.2	-0.277	-0.342	0.065	0.055	0
Psma6	59.38	1.177	1754.8	-2.36	-2.424	0.065	0.123	0
Hnrnpm	124.9	0.738	9733.1	0.289	0.226	0.063	0.136	0
Dlc1	112.55	0.303	2200.9	-0.404	-0.467	0.062	0.02	0
Mrps12	25.08	3.704	376.8	-1.062	-1.124	0.062	0.254	1
Cyfip1	46.59	0.549	3022.9	0.874	0.812	0.062	0.174	0
Emg1	22.72	1.038	1118.3	-1.447	-1.509	0.062	0.175	0
Etfb	92.38	2.911	407.8	-0.477	-0.539	0.062	0.134	1
Spcs1	147.01	7.176	2203.6	-0.94	-1.001	0.062	0.054	1
H2afv	96.29	0.938	710.5	-0.554	-0.615	0.062	0.039	0
Snrnp70	78.38	0.773	4388.7	-0.505	-0.565	0.061	0.118	0
Mgll	66.88	0.496	256.7	-1.352	-1.409	0.057	0.703	0
Mboat7	28.93	0.883	663.7	-1.049	-1.106	0.057	0.019	0
Selenoh	149.83	4.221	843.0	-0.359	-0.416	0.057	0.104	1
Nars	49.98	1.119	3462.3	-0.676	-0.733	0.057	0.045	0
Slc30a6	21.76	0.633	566.2	0.387	0.331	0.057	0.098	0
Dnmt1	27.2	0.49	3107.2	-0.483	-0.539	0.056	0.097	0
Ints3	34.16	1.079	2175.1	0.536	0.48	0.056	0.012	0
Hadha	81.93	1.145	4494.3	0.45	0.395	0.056	0.015	0
Gtf2h3	25.25	1.226	537.6	-0.584	-0.639	0.056	0.175	0
Uqcrq	192.52	8.402	1407.1	-1.187	-1.242	0.055	0.306	1
Rela	40.04	1.545	1383.2	0.469	0.415	0.054	0.213	0
Vegfb	37.73	1.479	415.7	1.252	1.198	0.054	0.134	0
Arpc2	180.77	0.902	3199.2	-0.947	-1.001	0.054	0.042	0
Nolc1	27.9	0.782	3156.4	-0.341	-0.395	0.054	0.141	0
Eif3m	74.0	1.857	2769.5	1.105	1.052	0.054	0.332	0
Coq4	27.26	1.701	86.7	-0.851	-0.904	0.053	0.228	0
Tspo	268.42	6.849	598.9	1.696	1.643	0.053	0.155	1
Kif1bp	34.75	1.05	835.2	-0.529	-0.581	0.052	0.052	0
Smchd1	55.64	0.121	1928.8	-0.675	-0.727	0.052	0.1	0
Rbm17	52.65	0.926	1881.9	-1.024	-1.076	0.051	0.005	0
Nuak1	23.37	0.971	418.4	-1.03	-1.081	0.051	0.026	0
Tmem243	30.74	0.789	207.3	2.798	2.747	0.051	0.498	0
Chmp2a	85.72	4.653	1964.5	-0.292	-0.342	0.05	0.034	1
Bcas2	34.74	0.841	945.4	-0.401	-0.451	0.05	0.021	0
Gpat4	30.52	0.571	2053.2	-0.31	-0.359	0.049	0.133	0
Mdh2	67.55	4.687	5398.3	-0.283	-0.332	0.049	0.047	1
Comt	79.9	2.382	816.0	0.497	0.449	0.049	0.099	1
Arpc5l	29.17	1.693	330.6	-0.444	-0.491	0.047	0.419	0
mt-Nd4l	147.36	0.447	9246.8	13.903	13.857	0.046	0.184	0
Psmd12	35.93	0.724	2318.3	-0.812	-0.858	0.046	0.034	0
Ndfip1	125.02	1.071	2689.0	0.98	0.934	0.046	0.065	0
Ikbip	82.79	1.719	1852.5	-1.343	-1.389	0.046	0.035	0
Mfsd1	24.37	0.81	1256.7	1.297	1.251	0.046	0.018	0
Rpl27	624.8	6.259	2878.1	6.715	6.669	0.045	0.131	1
Cdkn2d	27.23	3.797	279.3	-0.873	-0.918	0.045	0.245	1
Entr1	20.4	1.585	477.4	-0.585	-0.629	0.044	0.056	0
Elob	303.03	4.851	1144.9	-1.856	-1.9	0.044	0.292	1
Glrx3	36.2	0.523	1162.9	1.964	1.921	0.044	0.338	0
Mcmbp	37.29	0.961	1365.8	-0.47	-0.513	0.043	0.175	0
Inhba	24.21	0.138	51.9	-1.825	-1.867	0.042	0.724	0
Hnrnpc	247.58	0.32	1947.1	-1.151	-1.19	0.039	0.129	0
Srf	28.56	1.912	747.0	-0.95	-0.988	0.039	0.097	0
Sugt1	75.58	0.906	1220.4	-0.595	-0.633	0.038	0.231	0
Dnajc7	50.1	0.699	2302.7	-1.172	-1.21	0.038	0.037	0
Ift88	25.35	0.476	698.9	-0.568	-0.606	0.038	0.21	0
Mapk1	47.53	0.33	1584.6	-0.276	-0.313	0.038	0.014	0
C1qbp	67.49	7.889	2148.6	-0.342	-0.379	0.037	0.085	1
Dynll1	327.46	6.764	2288.1	-0.653	-0.69	0.037	0.063	1
Plpbp	21.64	1.848	209.9	-2.83	-2.867	0.037	0.269	0
Rnf139	23.39	1.01	1504.8	0.416	0.38	0.036	0.055	0
Nfe2l1	100.51	2.065	3833.4	-0.876	-0.912	0.036	0.052	1
Wbp1	37.44	5.556	527.5	0.807	0.771	0.035	0.033	1
Smc3	48.22	1.08	3850.9	0.361	0.326	0.034	0.057	0
Prcc	21.38	0.672	1243.4	-0.345	-0.379	0.034	0.017	0
Tle5	89.98	2.058	1782.2	0.963	0.93	0.034	0.064	1
Mad1l1	24.89	0.215	628.7	-1.199	-1.232	0.033	0.201	0
Tfdp1	40.91	1.076	1890.3	0.477	0.445	0.032	0.041	0
Jpt2	52.86	1.189	562.5	-0.978	-1.009	0.031	0.278	0
Trnau1ap	24.85	0.899	660.9	-0.501	-0.531	0.03	0.095	0
Mpp6	160.04	0.785	2040.1	-0.549	-0.579	0.03	0.204	0
Rfng	52.8	3.498	706.0	1.824	1.794	0.03	0.045	1
Slc38a6	32.42	0.582	287.5	1.417	1.388	0.029	0.587	0
Fnta	46.06	0.902	1578.4	-0.934	-0.963	0.029	0.065	0
Cops3	29.27	1.068	2521.1	-0.681	-0.71	0.029	0.106	0
Atp2a2	95.37	0.479	8340.5	-0.592	-0.621	0.029	0.163	0
Ndufa13	264.27	3.096	1526.5	-0.65	-0.678	0.028	0.069	1
Btf3	265.34	7.337	4120.6	1.652	1.624	0.028	0.109	1
Klc1	67.72	0.375	4049.4	1.086	1.058	0.028	0.073	0
Plxnd1	42.34	0.9	2586.4	0.444	0.416	0.028	0.746	0
Smarcc2	30.23	1.149	2759.2	0.251	0.224	0.028	0.025	0
Kifc3	25.39	0.6	1309.6	0.78	0.753	0.027	0.192	0
Slc25a5	82.5	8.257	1220.7	-0.705	-0.731	0.026	0.25	1
Ube2j2	26.58	0.847	571.9	0.583	0.558	0.026	0.083	0
Mrps5	41.48	1.169	886.1	1.732	1.707	0.025	0.062	0
Ndufv3	45.83	1.272	1345.5	0.812	0.787	0.024	0.136	0
Cct8	88.46	1.915	7619.9	-0.505	-0.529	0.024	0.103	0
Gnb2	100.91	3.658	5897.3	-0.602	-0.626	0.024	0.001	1
Efna1	29.73	4.324	393.4	-1.909	-1.932	0.024	0.534	1
Impdh2	103.06	6.771	2873.5	3.298	3.274	0.024	0.004	1
Fxr1	124.74	0.913	3062.8	0.646	0.624	0.022	0.063	0
Rpa2	22.7	0.744	643.6	-1.237	-1.259	0.022	0.031	0
Ranbp2	61.39	0.378	4787.7	-0.441	-0.462	0.021	0.097	0
Sptbn1	94.48	0.676	9894.3	1.017	0.996	0.021	0.146	0
Fam107b	48.85	0.092	198.3	2.237	2.218	0.019	0.661	0
Brox	44.84	1.456	619.6	2.671	2.653	0.019	0.047	0
Sh3gl1	47.16	0.728	2909.1	-0.955	-0.972	0.017	0.007	0
Eif5a	114.49	4.455	5929.6	-0.513	-0.53	0.017	0.023	1
Adam15	44.91	2.676	1530.5	-0.351	-0.367	0.016	0.176	1
Scrn1	23.46	1.51	326.5	1.237	1.22	0.016	0.294	0
Ap3d1	38.86	0.652	3806.7	-0.558	-0.574	0.016	0.034	0
Uqcrfs1	54.94	3.988	2026.1	0.696	0.681	0.015	0.006	1
Stxbp3	49.89	0.766	567.3	0.692	0.678	0.014	0.196	0
Rpl32	2089.94	5.684	4654.3	-0.581	-0.595	0.013	0.08	1
Tcea1	96.84	0.951	661.3	1.973	1.96	0.013	0.005	0
Cdc42ep5	75.73	3.629	249.6	-1.014	-1.026	0.013	0.574	1
Mrps16	38.47	2.375	740.1	-0.968	-0.98	0.013	0.216	1
Rpl15	1604.94	7.231	2892.1	7.26	7.248	0.013	0.094	1
Atg101	34.1	2.086	611.9	1.284	1.272	0.012	0.136	1
Gmps	33.64	0.66	3111.3	1.564	1.553	0.011	0.146	0
Aqr	24.54	0.354	2710.1	0.717	0.708	0.01	0.053	0
Oser1	26.38	1.0	282.4	2.069	2.06	0.009	0.204	0
Smad7	84.64	0.622	367.9	0.978	0.969	0.009	0.123	0
Tia1	51.52	1.334	661.2	0.903	0.895	0.008	0.031	0
Six1	21.9	2.233	258.9	1.286	1.278	0.008	0.742	1
Ptpn18	42.65	1.564	51.5	2.006	1.998	0.008	1.473	0
Gnptab	62.36	0.877	1446.9	-0.351	-0.359	0.008	0.255	0
Cisd1	21.62	1.918	329.7	-0.539	-0.547	0.008	0.226	0
Mtrex	27.96	0.327	2688.0	1.071	1.064	0.007	0.098	0
Srsf7	152.55	1.362	2192.9	-0.749	-0.755	0.007	0.134	0
Mysm1	48.26	0.643	443.2	1.609	1.603	0.006	0.099	0
Lrrfip1	120.36	0.29	1298.4	0.67	0.665	0.006	0.14	0
U2surp	111.22	1.056	2296.6	0.342	0.337	0.005	0.043	0
Sp3	41.77	0.36	1737.7	0.987	0.983	0.003	0.068	0
Emc3	51.54	0.83	1176.4	-0.289	-0.292	0.003	0.031	0
Rpl22	865.35	4.365	2881.5	-1.227	-1.23	0.003	0.071	1
Psmb6	64.59	4.406	4083.7	-1.048	-1.051	0.003	0.1	1
Tbcd	22.23	0.261	1791.6	0.354	0.351	0.002	0.089	0
Rab11a	43.41	0.424	715.9	-1.982	-1.985	0.002	0.109	0
Upf3a	57.76	1.001	714.3	-1.318	-1.319	0.001	0.04	0
Eps15	25.4	0.148	1355.5	0.72	0.72	0.001	0.295	0
Wdr43	26.54	0.341	1000.7	-2.346	-2.346	0.001	0.092	0
Mdh1	66.5	3.301	3659.5	-2.021	-2.021	0.0	0.172	1
Ubr3	32.96	0.159	2511.2	-0.731	-0.731	-0.0	-0.122	0
Arfip2	23.11	1.897	1018.0	-1.367	-1.365	-0.002	-0.28	0
Pole3	41.58	2.648	989.5	-0.317	-0.314	-0.003	-0.208	1
Tomm22	34.08	6.076	714.5	0.782	0.784	-0.003	-0.161	1
Zranb2	179.39	0.921	1204.4	-0.47	-0.467	-0.003	-0.003	0
Dip2a	40.96	0.416	1230.7	0.719	0.722	-0.003	-0.075	0
Pcyt1a	36.84	0.64	1079.1	0.783	0.786	-0.003	-0.349	0
Mrps2	20.43	3.297	449.8	-0.734	-0.73	-0.004	-0.156	1
Pou2f1	33.59	0.259	83.0	-1.276	-1.272	-0.004	-0.239	0
Sgcd	35.7	0.379	526.8	0.338	0.343	-0.005	-0.153	0
Rnf169	21.27	0.262	198.2	0.587	0.591	-0.005	-0.521	0
Brd2	116.94	0.979	5560.7	-0.634	-0.63	-0.005	-0.131	0
Ddx5	630.35	1.984	12914.2	1.267	1.272	-0.005	-0.045	1
Myl12b	216.85	3.05	1175.3	0.522	0.528	-0.005	-0.113	1
Rrbp1	349.9	0.761	32781.1	-0.722	-0.717	-0.005	-0.34	0
Aamp	29.5	2.446	3069.8	-0.868	-0.863	-0.005	-0.236	1
Fus	271.14	0.878	8488.6	0.583	0.589	-0.006	-0.049	0
Zfand3	46.91	0.058	768.4	0.311	0.317	-0.006	-0.189	0
Rnf13	57.83	0.528	795.9	0.596	0.603	-0.007	-0.068	0
Pex6	20.33	1.252	649.6	-1.312	-1.306	-0.007	-0.069	0
Srp72	75.31	1.112	3420.0	-0.495	-0.488	-0.007	-0.143	0
Ddx24	106.05	1.172	1845.6	-0.392	-0.385	-0.007	-0.126	0
Cs	23.5	0.745	2215.1	-0.292	-0.284	-0.008	-0.015	0
Rabl6	41.11	0.779	2541.6	-0.354	-0.346	-0.008	-0.199	0
Cdc16	31.14	0.893	3479.7	-2.018	-2.01	-0.008	-0.063	0
Fbxw11	27.64	0.137	1100.4	-0.827	-0.818	-0.008	-0.068	0
Ror2	31.95	0.159	1373.3	0.433	0.442	-0.009	-0.155	0
Ric8a	26.13	2.929	1054.4	-0.687	-0.679	-0.009	-0.143	1
Arf4	243.0	1.563	7923.9	-0.621	-0.612	-0.009	-0.18	0
Fam160b2	23.36	1.213	601.8	0.45	0.459	-0.009	-0.382	0
Laptm4a	361.78	5.831	11555.0	-0.328	-0.318	-0.009	-0.157	1
Fbxo11	33.75	0.077	1928.4	0.455	0.465	-0.009	-0.057	0
Arl16	33.42	3.321	296.5	-0.408	-0.398	-0.01	-0.116	1
Hdac5	33.85	0.827	2292.4	0.759	0.769	-0.01	-0.299	0
Eef1d	539.12	1.856	4380.7	-0.714	-0.703	-0.01	-0.11	0
Klhdc2	37.27	1.272	2598.5	0.376	0.387	-0.011	-0.12	0
Mrpl37	35.63	2.259	953.8	-0.387	-0.376	-0.011	-0.097	1
Slc30a1	53.86	4.123	219.3	0.601	0.611	-0.011	-0.607	1
Mrpl14	49.06	2.232	652.8	-1.211	-1.2	-0.011	-0.044	1
Cox16	64.24	1.921	52.6	-3.807	-3.796	-0.011	-0.358	0
Snapc1	74.32	1.172	141.1	-1.103	-1.092	-0.011	-0.028	0
Ncor1	69.36	0.384	4717.2	0.325	0.336	-0.011	-0.167	0
Vapb	31.29	0.569	778.3	-0.364	-0.352	-0.011	-0.044	0
Klhl21	77.79	1.765	728.7	-0.96	-0.948	-0.011	-0.167	0
Sh3bgrl	43.82	0.612	763.5	0.331	0.343	-0.012	-0.119	0
Acox1	43.14	1.092	973.9	-0.702	-0.69	-0.012	-0.353	0
Khsrp	51.09	1.309	2693.5	0.754	0.767	-0.012	-0.253	0
Rnf6	20.87	1.085	424.2	-1.918	-1.905	-0.012	-0.582	0
Ppib	456.05	5.447	19852.2	-0.34	-0.327	-0.013	-0.206	1
Dido1	31.55	0.354	1986.0	-0.379	-0.367	-0.013	-0.115	0
Eif4e2	59.26	1.133	1275.1	-0.79	-0.777	-0.013	-0.098	0
Desi1	22.32	0.954	452.8	-0.398	-0.385	-0.013	-0.23	0
Pwwp2a	26.79	0.356	66.6	-3.611	-3.597	-0.013	-0.221	0
Polr2b	42.11	0.677	3415.1	0.376	0.389	-0.014	-0.018	0
Orai3	34.17	4.431	191.5	-0.619	-0.605	-0.014	-0.391	1
Slc35e1	58.46	1.038	1119.4	-0.514	-0.5	-0.014	-0.007	0
Phospho1	71.93	3.425	5025.1	-2.194	-2.18	-0.014	-0.582	1
Cbx3	114.96	2.542	795.0	1.713	1.727	-0.014	-0.327	1
Ercc6l2	49.97	0.498	627.5	-0.779	-0.765	-0.014	-0.437	0
Bckdk	29.52	5.528	1618.7	-0.986	-0.972	-0.015	-0.087	1
Slc12a4	37.83	1.698	4736.5	-0.456	-0.442	-0.015	-0.218	0
Strn3	36.5	0.234	1479.4	-0.598	-0.583	-0.015	-0.03	0
Sox9	514.47	5.607	3186.8	-1.959	-1.944	-0.015	-0.35	1
Phf20l1	61.0	0.643	718.7	0.906	0.921	-0.016	-0.13	0
Nelfb	31.13	1.397	1441.6	-1.162	-1.146	-0.016	-0.159	0
Gosr2	35.32	0.658	1172.6	-0.704	-0.689	-0.016	-0.306	0
Tpra1	24.88	0.566	423.9	-0.773	-0.757	-0.016	-0.278	0
Grk2	28.26	0.84	1478.1	-0.965	-0.949	-0.017	-0.086	0
Rdx	87.57	0.612	2520.0	-0.373	-0.356	-0.017	-0.192	0
Ankle2	45.99	0.424	1423.5	0.855	0.872	-0.017	-0.135	0
Helz	64.41	0.417	1276.4	-0.713	-0.696	-0.018	-0.413	0
Snx18	52.88	2.14	894.6	1.077	1.095	-0.018	-0.561	1
Pdxdc1	97.94	0.61	3988.0	-1.14	-1.123	-0.018	-0.171	0
Usp53	137.7	1.48	884.9	-0.854	-0.835	-0.018	-0.58	0
Mat2a	79.86	1.012	1527.3	-0.762	-0.744	-0.018	-0.103	0
Taf1	28.85	0.265	1066.6	-0.988	-0.969	-0.019	-0.279	0
Esd	47.67	2.625	1964.3	0.446	0.465	-0.019	-0.03	1
Pes1	24.55	1.681	1618.6	0.398	0.418	-0.019	-0.076	0
Fkbp10	298.48	4.521	18102.8	-1.04	-1.021	-0.019	-0.58	1
Gk5	21.49	0.605	415.3	1.802	1.822	-0.019	-0.479	0
Ube2g2	56.76	0.835	670.7	-0.951	-0.932	-0.019	-0.472	0
Pttg1ip	322.82	1.926	1370.9	0.433	0.452	-0.019	-0.312	0
S100a13	752.48	7.998	460.3	-0.448	-0.428	-0.02	-0.191	1
B4galt3	25.08	3.055	950.5	-0.601	-0.581	-0.02	-0.377	1
Psmb4	108.22	4.704	3992.7	-0.805	-0.785	-0.02	-0.081	1
Nkapd1	25.11	2.086	410.0	0.851	0.872	-0.02	-0.379	1
Rprd1b	23.22	0.415	350.2	-0.472	-0.451	-0.02	-0.206	0
Ypel2	48.06	0.711	81.6	1.057	1.077	-0.021	-0.079	0
Pmpcb	40.9	1.002	1301.6	-0.758	-0.737	-0.021	-0.062	0
Insr	60.01	0.421	926.4	-0.624	-0.603	-0.021	-0.415	0
Rbm25	168.8	0.87	2351.9	-0.374	-0.353	-0.021	-0.324	0
Dyrk1a	54.12	0.129	1378.5	-0.466	-0.444	-0.022	-0.164	0
Btbd6	23.21	6.527	629.3	0.43	0.452	-0.022	-0.309	1
Nadk2	26.37	0.732	64.2	0.907	0.929	-0.022	-0.748	0
Eri3	24.59	0.465	1389.9	-1.341	-1.319	-0.022	-0.19	0
Dnajb2	78.14	3.003	560.3	-0.592	-0.57	-0.022	-0.06	1
Scaf11	141.35	0.528	1437.0	-0.822	-0.8	-0.022	-0.171	0
Brd9	25.88	0.637	766.7	-0.706	-0.684	-0.023	-0.177	0
Acbd6	33.66	0.248	551.1	-0.923	-0.9	-0.023	-0.096	0
Tmem183a	28.35	1.389	538.3	-0.543	-0.52	-0.023	-0.056	0
Atic	27.44	1.888	2457.5	0.558	0.582	-0.024	-0.116	0
Cd63	1216.99	4.837	9639.3	1.005	1.029	-0.024	-0.204	1
Tpd52l1	94.82	1.993	301.7	-2.778	-2.754	-0.024	-0.285	1
Dcaf7	48.53	0.697	1113.3	-0.689	-0.665	-0.024	-0.226	0
Twf1	36.75	2.419	883.4	0.591	0.616	-0.025	-0.168	1
Wtap	60.52	0.242	1162.6	0.923	0.948	-0.025	-0.286	0
Vapa	158.2	0.912	2588.6	-0.468	-0.443	-0.025	-0.068	0
Slc11a2	23.24	0.638	739.9	-0.925	-0.9	-0.025	-0.224	0
Osbpl5	27.2	0.74	1787.2	-1.017	-0.991	-0.026	-0.218	0
Eif2s2	178.0	1.476	3157.9	1.844	1.87	-0.026	-0.049	0
Eml3	21.58	1.312	1368.8	-0.901	-0.875	-0.026	-0.072	0
Nudt9	22.19	0.824	871.0	-0.849	-0.823	-0.026	-0.218	0
Slc25a11	27.88	3.704	1581.9	-0.325	-0.298	-0.026	-0.123	1
Gak	28.96	0.269	2090.3	-0.386	-0.359	-0.027	-0.042	0
Slc35a3	39.47	0.748	525.3	-0.675	-0.648	-0.027	-0.107	0
Ino80e	24.55	1.634	676.3	-0.936	-0.909	-0.027	-0.109	0
Gpbp1	99.72	0.266	1736.8	-0.301	-0.273	-0.027	-0.084	0
Fkbp8	126.56	2.967	3427.1	-0.379	-0.351	-0.027	-0.107	1
Cebpz	43.48	0.729	2064.1	0.853	0.881	-0.028	-0.108	0
Ywhaq	212.79	0.769	1746.8	3.726	3.754	-0.028	-0.157	0
Smarcad1	28.73	0.515	891.1	0.423	0.452	-0.029	-0.216	0
Dnajb11	74.65	1.83	2362.4	-0.709	-0.68	-0.029	-0.045	0
Bcl2	40.06	0.066	146.5	-1.645	-1.616	-0.029	-0.26	0
Gon4l	24.13	0.264	1229.5	1.198	1.227	-0.029	-0.232	0
Tada3	38.24	2.46	821.4	0.593	0.622	-0.029	-0.17	1
Nup153	36.23	0.222	2323.4	-0.596	-0.567	-0.029	-0.043	0
Fat1	105.88	0.784	13453.8	-0.4	-0.37	-0.03	-0.39	0
Sil1	50.93	0.387	1075.2	-1.261	-1.232	-0.03	-0.438	0
Myo9a	106.28	0.419	1444.6	-0.389	-0.359	-0.03	-0.11	0
Cnot8	33.49	0.948	941.1	0.521	0.551	-0.03	-0.104	0
Scaf1	22.51	1.316	3200.4	-0.823	-0.793	-0.03	-0.159	0
Ciz1	28.82	0.909	888.1	-0.704	-0.674	-0.03	-0.037	0
Zmpste24	35.24	1.262	1304.2	-1.095	-1.064	-0.031	-0.311	0
Igf2r	55.04	0.453	22585.3	0.777	0.808	-0.031	-0.327	0
Pcbp1	210.7	3.55	6127.9	-0.881	-0.85	-0.031	-0.081	1
Bclaf1	174.67	0.831	3842.2	0.394	0.425	-0.031	-0.309	0
Abi2	114.82	0.783	924.7	2.499	2.531	-0.032	-0.297	0
Tyw3	37.13	1.531	116.8	0.975	1.007	-0.032	-0.508	0
Elof1	23.9	2.384	417.8	-1.203	-1.17	-0.032	-0.015	1
Tk2	26.41	1.687	143.2	1.382	1.415	-0.032	-0.181	0
Rspry1	36.07	0.512	676.5	-0.583	-0.55	-0.033	-0.244	0
Ip6k1	20.65	0.252	1238.4	-1.079	-1.045	-0.034	-0.32	0
Zfyve16	73.23	0.501	1365.5	0.423	0.456	-0.034	-0.178	0
Cct3	79.42	1.312	5307.2	-1.137	-1.103	-0.034	-0.108	0
Rbbp4	51.74	0.607	3665.3	-0.774	-0.74	-0.034	-0.104	0
Cpsf7	30.27	0.558	1008.1	0.606	0.64	-0.034	-0.286	0
Slain2	33.25	0.437	993.3	0.56	0.595	-0.035	-0.2	0
Dnajb6	85.55	0.212	963.7	5.176	5.211	-0.035	-0.306	0
Aco2	28.29	0.507	2924.4	-0.6	-0.565	-0.035	-0.094	0
Rnf114	36.13	0.927	394.9	-1.377	-1.341	-0.036	-0.186	0
Actr2	133.37	0.715	3039.4	1.057	1.093	-0.036	-0.068	0
Fdps	166.54	1.475	616.1	1.032	1.069	-0.037	-0.198	0
Tnk2	27.59	0.584	2524.7	0.602	0.639	-0.037	-0.113	0
Fcho2	31.11	0.283	553.7	-1.114	-1.076	-0.037	-0.196	0
Fam8a1	22.73	2.852	438.6	0.841	0.879	-0.038	-0.132	1
Pgm1	100.68	2.451	2795.1	-0.87	-0.833	-0.038	-0.184	1
Rc3h2	40.91	0.516	1004.1	1.16	1.198	-0.038	-0.308	0
Copb2	104.31	1.175	14774.6	-0.954	-0.916	-0.038	-0.173	0
Lars	68.28	0.7	2989.0	-0.456	-0.418	-0.038	-0.145	0
Tmem50a	81.66	1.581	577.2	-0.977	-0.937	-0.039	-0.048	0
Dcp1a	36.29	0.409	381.4	-0.706	-0.667	-0.039	-0.067	0
Ogfr	21.94	1.117	1552.5	-1.412	-1.372	-0.039	-0.29	0
Zcchc9	24.96	1.59	697.5	0.724	0.764	-0.04	-0.058	0
Leprot	101.49	3.482	718.7	0.379	0.42	-0.041	-0.447	1
Pdhx	20.37	0.51	469.3	-1.225	-1.184	-0.041	-0.171	0
Slc31a1	41.23	0.826	821.5	-0.959	-0.918	-0.041	-0.084	0
Sec24d	91.77	0.367	11039.5	0.381	0.422	-0.041	-0.276	0
Fbrs	22.34	0.937	820.4	-0.568	-0.527	-0.041	-0.352	0
Plxnb2	96.36	3.292	10280.0	-0.576	-0.534	-0.041	-0.102	1
Clptm1	42.27	0.991	2786.7	-0.738	-0.697	-0.041	-0.011	0
Foxj3	34.72	0.276	1074.2	0.828	0.87	-0.042	-0.117	0
Sacm1l	27.76	0.53	1447.4	-0.617	-0.576	-0.042	-0.152	0
Sub1	195.89	1.93	1973.5	-3.52	-3.478	-0.042	-0.017	0
Ankzf1	23.96	1.294	789.8	0.864	0.906	-0.042	-0.167	0
Snx14	29.65	0.287	1075.5	0.703	0.745	-0.042	-0.197	0
Aacs	47.47	0.988	1211.2	-1.448	-1.405	-0.043	-0.254	0
Mrps14	20.49	2.297	617.9	-0.89	-0.847	-0.043	-0.272	1
Washc1	20.44	1.29	593.6	0.764	0.807	-0.043	-0.24	0
Pwp1	29.89	1.018	1370.6	0.34	0.384	-0.043	-0.377	0
Phkb	30.7	0.205	706.1	-0.395	-0.351	-0.044	-0.035	0
Lum	1331.49	8.422	21384.5	1.191	1.234	-0.044	-0.287	1
Tnks2	47.61	0.587	2614.6	-0.88	-0.836	-0.044	-0.255	0
Gart	21.97	0.741	2962.5	-0.609	-0.565	-0.044	-0.034	0
Wdr45b	52.27	0.869	1347.6	0.313	0.358	-0.044	-0.101	0
Hoxa10	24.79	4.577	204.8	-0.728	-0.683	-0.045	-0.292	1
Dhcr7	39.44	4.494	1515.0	-1.364	-1.319	-0.045	-0.234	1
Fip1l1	41.31	0.486	2071.5	0.759	0.804	-0.045	-0.146	0
Vwa1	36.78	5.578	589.5	1.107	1.152	-0.045	-0.274	1
Copa	153.38	0.828	15692.4	-0.329	-0.283	-0.046	-0.267	0
Txlna	41.01	0.872	2528.4	-0.883	-0.837	-0.046	-0.199	0
Csk	21.86	0.909	2125.4	0.314	0.36	-0.046	-0.249	0
Txn2	48.93	2.898	1398.3	-1.206	-1.159	-0.047	-0.138	1
Ifrd2	25.0	2.36	1129.0	-0.527	-0.481	-0.047	-0.05	1
Pcf11	56.3	0.662	1470.3	0.315	0.362	-0.047	-0.291	0
Ctdsp2	92.05	1.14	1270.8	1.993	2.04	-0.047	-0.238	0
Srp68	30.87	1.133	3167.5	-0.461	-0.413	-0.048	-0.187	0
Hnrnpul1	77.85	0.729	4446.7	0.374	0.423	-0.048	-0.203	0
Usp8	57.01	0.498	2506.1	0.382	0.431	-0.048	-0.058	0
Sh3yl1	32.36	1.103	172.8	1.048	1.097	-0.049	-0.385	0
March7	48.09	0.328	1243.3	0.487	0.536	-0.049	-0.02	0
Selenon	30.42	2.197	1996.9	0.603	0.652	-0.049	-0.041	1
Dzip1	21.89	0.948	791.5	2.228	2.277	-0.049	-0.076	0
Arih1	63.42	0.121	1329.5	0.298	0.347	-0.049	-0.135	0
Drap1	111.46	4.613	2389.6	-1.157	-1.107	-0.05	-0.173	1
Herpud2	20.93	0.259	1177.2	1.154	1.204	-0.05	-0.125	0
Polr2e	39.59	2.027	1075.1	-1.382	-1.332	-0.05	-0.013	1
Cnksr3	24.73	0.552	666.8	-0.532	-0.482	-0.05	-0.054	0
Kif13b	44.04	0.244	1028.3	-0.906	-0.855	-0.05	-0.589	0
Cep290	48.82	0.943	722.3	0.849	0.9	-0.05	-0.126	0
Msl3	23.19	0.813	853.6	-0.995	-0.944	-0.051	-0.026	0
Hagh	22.62	1.044	312.0	-2.079	-2.028	-0.051	-0.073	0
Cldn12	28.23	1.185	219.6	-0.718	-0.666	-0.052	-0.078	0
Nub1	37.05	0.71	1588.6	0.441	0.493	-0.052	-0.033	0
S100a10	1608.38	6.311	5648.7	1.455	1.507	-0.052	-0.103	1
Tm9sf4	31.97	0.514	2795.7	-0.604	-0.551	-0.053	-0.293	0
Usp33	33.27	0.418	1024.8	-0.371	-0.318	-0.053	-0.077	0
Aldh18a1	50.0	1.185	5303.6	0.365	0.418	-0.053	-0.096	0
Pank2	26.82	0.454	485.1	-1.223	-1.17	-0.053	-0.114	0
Rab21	54.78	0.495	399.6	-0.484	-0.43	-0.054	-0.25	0
Gdi2	181.44	1.32	5268.8	-0.717	-0.662	-0.055	-0.114	0
Rab6a	55.31	0.444	1022.3	-0.935	-0.88	-0.055	-0.267	0
Clpx	27.21	0.947	1244.7	0.684	0.74	-0.055	-0.176	0
Pithd1	40.57	1.37	317.4	-0.552	-0.496	-0.056	-0.445	0
Tmco3	85.98	0.902	2154.1	-0.539	-0.482	-0.056	-0.189	0
Sdk2	46.88	0.167	4276.1	-0.943	-0.887	-0.057	-0.299	0
Ankhd1	66.23	0.271	2616.3	0.56	0.616	-0.057	-0.064	0
Wdr48	20.38	0.509	1082.6	-0.593	-0.536	-0.057	-0.239	0
Nnt	33.61	0.662	2218.0	1.065	1.122	-0.057	-0.272	0
Lnpk	28.47	0.998	753.0	0.935	0.993	-0.058	-0.128	0
Arf1	178.71	1.744	2650.9	-0.616	-0.557	-0.059	-0.316	0
Slc39a1	48.42	4.518	795.3	0.844	0.903	-0.059	-0.303	1
Trak2	21.71	0.427	1770.2	0.797	0.857	-0.059	-0.137	0
Cdk16	42.62	2.033	3238.8	0.499	0.559	-0.06	-0.32	1
Cep63	54.4	0.874	490.5	-0.826	-0.766	-0.06	-0.074	0
Fnip1	39.9	0.158	707.7	0.402	0.462	-0.06	-0.59	0
Rab4a	31.8	1.399	315.6	1.567	1.627	-0.06	-0.024	0
Kmt2c	74.53	0.17	2127.8	0.317	0.377	-0.06	-0.286	0
Ppig	89.42	0.734	2301.1	0.345	0.405	-0.06	-0.256	0
Ube2z	63.06	0.665	907.3	-1.097	-1.036	-0.061	-0.041	0
Trps1	312.91	0.186	2344.1	-2.096	-2.035	-0.061	-0.183	0
Cmpk1	117.21	1.723	1104.0	-0.754	-0.693	-0.061	-0.007	0
Hk1	96.32	0.752	2448.7	0.461	0.523	-0.061	-0.569	0
Rsl24d1	115.37	3.208	309.4	2.058	2.119	-0.061	-0.572	1
Mxd4	120.36	2.348	844.3	-0.844	-0.782	-0.062	-0.402	1
Swi5	64.76	2.491	2373.2	-1.797	-1.734	-0.063	-0.298	1
Dip2c	37.72	0.149	1027.1	0.396	0.458	-0.063	-0.42	0
Hdlbp	523.21	1.534	34638.2	-0.56	-0.497	-0.063	-0.229	0
Trim27	26.52	0.85	1702.2	-0.954	-0.891	-0.063	-0.162	0
Ppp1r12a	57.39	0.266	1240.7	0.283	0.346	-0.063	-0.203	0
Atxn2l	38.71	0.983	3662.5	-0.61	-0.547	-0.063	-0.261	0
Ap2a1	28.75	0.652	3650.0	-0.692	-0.629	-0.064	-0.127	0
Ndufc2	174.36	7.778	934.1	-0.715	-0.651	-0.065	-0.371	1
Ergic3	123.25	3.744	3797.7	-0.341	-0.276	-0.065	-0.273	1
Gnpnat1	27.83	0.853	463.1	0.684	0.748	-0.065	-0.446	0
Cnot2	78.0	0.358	1533.2	-0.408	-0.343	-0.065	-0.122	0
Rnf14	25.88	1.08	1010.1	-1.121	-1.055	-0.066	-0.354	0
Fads1	52.96	1.32	2172.6	-0.576	-0.51	-0.066	-0.209	0
Klf10	218.96	2.333	808.6	1.037	1.103	-0.066	-0.192	1
Ube2e1	37.14	0.209	824.7	0.59	0.658	-0.067	-0.234	0
Rbm3	261.53	4.571	5895.1	3.015	3.083	-0.068	-0.306	1
Sgms2	604.86	3.909	5319.2	-2.05	-1.981	-0.068	-0.406	1
Pikfyve	25.99	0.296	738.1	-0.573	-0.504	-0.069	-0.283	0
Sumo3	82.52	3.66	1064.0	-0.403	-0.335	-0.069	-0.043	1
Tsc22d4	80.98	3.589	1645.0	-0.689	-0.62	-0.069	-0.219	1
Tmem39a	43.03	0.706	2612.5	-0.425	-0.357	-0.069	-0.134	0
Timm17a	35.65	1.161	724.7	-1.047	-0.978	-0.069	-0.059	0
Ell2	179.41	0.277	1478.2	-0.767	-0.698	-0.069	-0.664	0
U2af2	31.38	1.505	3763.3	0.732	0.801	-0.069	-0.079	0
Ube2q2	66.32	0.613	541.9	2.651	2.72	-0.07	-0.38	0
Gtf3c3	22.84	0.828	914.0	0.833	0.903	-0.07	-0.106	0
Mtmr6	31.21	0.717	1372.4	0.543	0.614	-0.071	-0.12	0
Sec13	60.83	0.925	7766.6	-1.137	-1.066	-0.071	-0.168	0
Slc35f5	78.87	0.942	1591.3	-0.508	-0.437	-0.071	-0.042	0
Retreg2	34.53	1.798	1435.3	-1.078	-1.006	-0.071	-0.218	0
Sod1	285.07	3.738	2215.0	-0.961	-0.89	-0.072	-0.036	1
H2afy	86.39	0.732	1740.7	0.347	0.42	-0.073	-0.206	0
Edf1	236.96	3.287	1247.9	-0.532	-0.459	-0.073	-0.095	1
Gosr1	43.02	0.523	326.1	-0.585	-0.512	-0.073	-0.349	0
Ykt6	28.86	1.579	1567.1	-0.639	-0.566	-0.073	-0.094	0
Yme1l1	96.21	0.725	5842.7	0.774	0.848	-0.073	-0.027	0
Gga2	36.61	0.357	3070.1	-0.948	-0.875	-0.073	-0.089	0
Ube2a	43.47	1.152	479.8	-0.531	-0.458	-0.073	-0.012	0
Napa	42.09	0.765	2078.7	-0.931	-0.858	-0.073	-0.319	0
Bfar	38.29	1.302	1275.9	0.433	0.506	-0.073	-0.085	0
Pdia6	335.29	4.194	13483.7	-0.79	-0.716	-0.073	-0.226	1
Shprh	29.1	0.501	1042.7	0.975	1.048	-0.074	-0.495	0
Ncln	39.48	1.861	2036.5	-0.823	-0.749	-0.074	-0.038	0
Kcmf1	37.98	0.262	1273.0	-1.134	-1.06	-0.074	-0.211	0
Ndufb10	85.42	3.353	956.7	-1.887	-1.812	-0.075	-0.473	1
Map3k7	43.51	0.501	1201.2	0.58	0.655	-0.075	-0.166	0
Chrac1	27.34	2.6	367.0	-1.353	-1.277	-0.075	-0.547	1
Tcf25	144.8	0.712	4297.5	-1.499	-1.424	-0.075	-0.29	0
Cwc15	46.77	2.385	862.2	-2.965	-2.889	-0.076	-0.138	1
Atf1	25.82	0.567	133.7	-2.206	-2.131	-0.076	-0.248	0
Fam207a	42.11	3.066	309.2	-1.381	-1.306	-0.076	-0.423	1
Fam50a	56.87	1.302	876.2	-0.704	-0.628	-0.076	-0.053	0
Per3	104.04	0.777	715.0	1.798	1.874	-0.076	-0.463	0
Smg9	20.47	0.633	279.3	-0.809	-0.733	-0.076	-0.439	0
Poldip2	28.77	2.741	1903.2	-0.482	-0.406	-0.076	-0.169	1
Nfyb	25.83	1.837	389.2	-0.826	-0.75	-0.076	-0.019	0
Rnf145	49.78	0.358	2259.3	0.368	0.444	-0.077	-0.386	0
Kctd7	24.23	0.698	106.4	0.873	0.95	-0.077	-0.673	0
Birc6	55.14	0.131	5975.6	-0.261	-0.184	-0.077	-0.222	0
Shmt2	91.82	5.099	2920.6	-0.71	-0.633	-0.077	-0.258	1
Angel2	21.93	0.798	684.8	-0.625	-0.546	-0.078	-0.441	0
Msl2	20.58	0.237	936.8	-0.607	-0.528	-0.079	-0.137	0
Piezo1	105.0	0.826	11359.5	-0.75	-0.672	-0.079	-0.334	0
Fmr1	32.16	0.762	670.3	-1.018	-0.939	-0.079	-0.477	0
Cntln	37.15	0.446	560.7	-0.607	-0.528	-0.079	-0.178	0
Ash1l	118.36	0.243	3191.1	-0.274	-0.195	-0.079	-0.336	0
Mau2	23.99	0.595	743.7	-1.341	-1.262	-0.079	-0.238	0
Ik	50.36	1.647	2718.7	-0.411	-0.332	-0.079	-0.122	0
Atp6ap1	93.44	2.614	3869.5	-0.956	-0.877	-0.079	-0.244	1
Sox8	50.41	2.429	1138.2	-0.645	-0.565	-0.08	-0.599	1
Ppp4r1	22.92	0.441	1975.9	-0.277	-0.197	-0.08	-0.095	0
Tor1aip1	60.95	0.91	1605.6	-0.992	-0.912	-0.08	-0.376	0
Alkbh7	75.92	4.027	238.9	0.464	0.544	-0.08	-0.138	1
Dmac1	50.28	4.664	411.8	-0.688	-0.608	-0.081	-0.26	1
Otud7b	53.81	0.453	810.8	-0.899	-0.818	-0.081	-0.125	0
Elp2	51.42	0.852	1761.6	-1.467	-1.386	-0.081	-0.114	0
Ube4a	39.4	0.694	2205.3	0.962	1.043	-0.081	-0.119	0
Timm10	29.6	3.352	331.1	1.248	1.329	-0.081	-0.064	1
Peli1	143.41	0.44	550.5	0.358	0.439	-0.082	-0.081	0
Etfa	36.82	0.54	1897.5	-0.367	-0.285	-0.082	-0.199	0
Rsrc2	111.37	0.706	1138.5	-1.212	-1.13	-0.082	-0.224	0
Lmbrd1	41.05	0.753	584.9	-0.512	-0.43	-0.082	-0.1	0
Thada	21.32	0.124	890.6	0.61	0.692	-0.082	-0.119	0
Wdr83os	118.54	5.668	833.9	0.865	0.947	-0.082	-0.031	1
Cops5	43.15	2.179	2039.9	-0.752	-0.669	-0.082	-0.083	1
Ssu72	76.07	1.476	1039.8	-0.603	-0.521	-0.082	-0.213	0
Sec24c	22.6	0.729	3346.9	-0.68	-0.597	-0.083	-0.24	0
Serinc3	117.05	1.807	3311.3	-1.943	-1.86	-0.083	-0.162	0
Naa38	125.68	2.498	900.3	-0.424	-0.341	-0.083	-0.021	1
D2hgdh	23.32	0.756	162.7	1.244	1.327	-0.083	-0.298	0
Arl3	60.5	2.301	942.7	-0.35	-0.267	-0.083	-0.014	1
Ddx49	22.87	1.649	1505.1	-0.739	-0.655	-0.084	-0.111	0
Arfgap2	25.01	0.961	1124.0	0.662	0.746	-0.084	-0.224	0
Copz1	94.68	5.618	1934.3	-0.335	-0.251	-0.084	-0.236	1
Srek1ip1	52.94	1.353	124.6	-1.983	-1.899	-0.084	-0.909	0
Ppp3ca	150.46	0.258	1578.5	-0.98	-0.896	-0.084	-0.002	0
Poldip3	29.84	0.953	1705.1	0.389	0.475	-0.085	-0.241	0
Cux1	59.57	0.108	874.5	0.45	0.536	-0.085	-0.338	0
Pigf	27.14	1.35	520.9	0.503	0.588	-0.086	-0.287	0
Tbc1d5	22.74	0.052	564.5	0.381	0.467	-0.086	-0.43	0
Ppp5c	20.64	1.08	1874.6	-0.271	-0.185	-0.086	-0.049	0
Marf1	32.4	0.625	1032.3	-0.335	-0.249	-0.086	-0.218	0
Sec11a	178.38	1.961	1298.9	0.607	0.694	-0.086	-0.312	1
Aip	35.59	2.938	952.7	-0.761	-0.674	-0.087	-0.036	1
Nsfl1c	26.79	0.977	1746.0	-0.34	-0.253	-0.087	-0.092	0
Trappc1	71.26	6.43	526.2	-1.078	-0.99	-0.088	-0.101	1
N4bp2l2	247.51	0.636	453.5	-0.979	-0.891	-0.088	-0.135	0
Snai1	55.46	3.079	731.1	-1.968	-1.88	-0.088	-0.329	1
Ppp1r15b	59.28	0.825	1329.3	-0.475	-0.387	-0.088	-0.349	0
Usp3	30.17	0.225	762.0	0.705	0.793	-0.088	-0.115	0
Btd	20.36	0.299	1055.1	-1.001	-0.912	-0.088	-0.41	0
Golph3	92.76	0.7	2458.2	-0.878	-0.79	-0.088	-0.171	0
Usp36	21.08	0.117	994.0	-0.923	-0.835	-0.088	-0.315	0
Suclg1	27.03	1.147	2587.4	0.596	0.685	-0.089	-0.069	0
Slc35e3	38.93	0.855	1166.2	2.38	2.468	-0.089	-0.295	0
Pak2	57.13	0.401	1486.6	0.449	0.538	-0.09	-0.287	0
Mef2c	341.14	0.86	2250.5	-0.507	-0.417	-0.09	-0.388	0
Ddrgk1	28.02	2.417	1130.3	-0.45	-0.36	-0.09	-0.014	1
Spag9	134.19	0.191	4341.2	-0.724	-0.634	-0.09	-0.318	0
Ppp6r2	30.01	0.252	1339.8	0.968	1.058	-0.09	-0.086	0
Uqcrc1	68.05	1.723	3391.1	-0.622	-0.531	-0.09	-0.242	0
Map2k2	90.0	2.027	2556.4	-0.85	-0.76	-0.091	-0.145	1
Plscr1	49.38	0.664	69.4	-2.352	-2.261	-0.091	-0.218	0
Copb1	103.29	0.794	9888.5	-0.374	-0.283	-0.091	-0.16	0
Mtss2	31.38	1.035	2232.5	-0.79	-0.699	-0.091	-0.184	0
Grsf1	48.61	0.928	1058.2	-1.154	-1.062	-0.092	-0.184	0
Blzf1	27.42	0.593	1062.0	-0.478	-0.387	-0.092	-0.108	0
Kctd3	47.25	1.552	1677.3	1.036	1.127	-0.092	-0.286	0
Frmd6	64.98	0.361	891.1	1.526	1.619	-0.093	-0.119	0
Brd7	53.04	1.034	2343.1	0.782	0.875	-0.093	-0.208	0
Rbck1	30.72	1.323	1429.8	-0.778	-0.684	-0.093	-0.062	0
Arf6	61.92	2.046	994.7	-0.436	-0.342	-0.094	-0.011	1
Galnt1	101.98	0.53	4041.4	-0.779	-0.685	-0.094	-0.008	0
Rnf216	32.85	0.188	1228.0	-0.601	-0.507	-0.094	-0.318	0
Sec16a	41.57	0.597	6149.5	-0.341	-0.246	-0.094	-0.274	0
Wbp4	34.74	0.903	604.1	-0.895	-0.801	-0.094	-0.408	0
Slirp	85.8	2.698	753.5	-0.789	-0.695	-0.095	-0.173	1
Sec31a	204.35	0.731	14549.4	-0.503	-0.408	-0.095	-0.362	0
Scaf8	26.46	0.158	1386.8	-0.33	-0.235	-0.095	-0.403	0
Sgcb	45.44	4.212	943.3	1.066	1.161	-0.096	-0.091	1
Tbx15	42.82	0.753	1860.9	-0.667	-0.572	-0.096	-0.199	0
Rtca	28.65	1.254	996.6	0.748	0.844	-0.096	-0.28	0
Nbeal1	42.72	0.332	354.5	-0.873	-0.777	-0.096	-0.455	0
Lamtor3	26.07	1.327	190.5	1.247	1.343	-0.096	-0.064	0
Spty2d1	44.76	0.859	483.5	-0.965	-0.869	-0.096	-0.209	0
Mrpl21	28.03	3.292	373.1	-0.94	-0.843	-0.097	-0.15	1
Mcl1	299.76	1.585	891.7	0.999	1.096	-0.097	-0.446	0
Necap2	28.25	1.268	1137.1	-0.343	-0.246	-0.097	-0.059	0
Dynlrb1	132.91	6.652	1166.2	-0.91	-0.812	-0.098	-0.12	1
Arl8b	33.99	0.228	497.8	0.468	0.567	-0.099	-0.101	0
Chid1	74.57	2.587	1163.4	-1.467	-1.368	-0.099	-0.427	1
Pcbp2	363.55	1.757	6257.4	-1.229	-1.129	-0.1	-0.092	0
Fubp3	31.31	0.487	2011.3	0.389	0.489	-0.1	-0.211	0
Ncoa3	39.15	0.137	856.6	-1.212	-1.112	-0.1	-0.259	0
Osbpl2	20.51	0.67	690.3	-0.664	-0.563	-0.1	-0.234	0
Gba	32.23	2.218	1948.5	-1.816	-1.715	-0.101	-0.157	1
Fam20b	39.81	0.697	2757.3	-1.972	-1.871	-0.101	-0.283	0
Mrps28	26.48	0.374	542.2	-2.268	-2.167	-0.101	-0.341	0
Mrpl12	26.7	1.724	910.0	-0.519	-0.417	-0.102	-0.179	0
Syap1	65.59	0.727	1046.7	0.615	0.717	-0.102	-0.054	0
Ppp2ca	49.2	0.475	3628.4	-0.694	-0.592	-0.102	-0.161	0
Phip	72.48	0.444	716.6	0.494	0.596	-0.102	-0.237	0
Mpzl1	78.07	0.991	447.7	-2.391	-2.288	-0.103	-0.304	0
Oxsr1	30.01	0.201	1012.6	1.057	1.16	-0.103	-0.091	0
Galns	22.57	1.018	520.1	1.064	1.167	-0.103	-0.541	0
Hnrnph2	50.61	2.602	1824.7	0.649	0.752	-0.103	-0.143	1
Ganab	138.79	2.57	11962.9	-0.601	-0.497	-0.103	-0.365	1
Rab14	71.98	0.998	966.2	-0.953	-0.849	-0.103	-0.248	0
Map9	42.75	1.982	244.4	0.734	0.838	-0.104	-0.403	1
Surf4	165.68	1.899	7631.2	-0.924	-0.819	-0.105	-0.279	0
Arsa	21.2	2.156	738.5	-1.556	-1.451	-0.105	-0.075	1
Cirbp	434.63	3.306	987.2	0.328	0.433	-0.106	-0.857	1
Rtn3	47.31	0.444	1204.2	-1.026	-0.921	-0.106	-0.166	0
Trim44	66.92	0.401	510.5	-2.045	-1.939	-0.106	-0.265	0
Nrbp1	48.74	1.058	4117.7	0.328	0.434	-0.106	-0.183	0
Pias4	20.17	1.549	589.7	-0.556	-0.449	-0.107	-0.413	0
Ssr3	237.04	3.306	4366.3	-0.362	-0.255	-0.107	-0.368	1
Cry1	25.85	0.103	889.4	0.463	0.571	-0.108	-0.209	0
Wdr61	42.12	1.656	1424.4	-0.961	-0.853	-0.108	-0.235	0
Tmem101	37.24	4.003	386.0	-0.789	-0.681	-0.108	-0.163	1
Nhp2	64.49	4.989	1093.5	0.867	0.976	-0.108	-0.2	1
Scamp2	31.97	0.781	1632.3	-0.481	-0.372	-0.109	-0.319	0
Mex3c	24.13	0.796	841.5	-0.51	-0.402	-0.109	-0.29	0
Dnaja2	39.9	1.821	2345.6	-0.35	-0.241	-0.109	-0.118	0
Trip11	93.92	0.822	4173.0	1.666	1.775	-0.109	-0.341	0
Bcar1	36.18	1.104	3387.9	-0.945	-0.836	-0.109	-0.508	0
Uba2	58.03	0.677	2138.2	-1.068	-0.959	-0.109	-0.117	0
Rnf11	72.46	1.127	724.2	-0.716	-0.607	-0.11	-0.102	0
Echdc1	27.39	0.559	515.3	0.454	0.564	-0.11	-0.065	0
Clns1a	48.18	0.921	927.5	0.466	0.576	-0.11	-0.001	0
Mitd1	22.03	0.851	408.8	1.867	1.977	-0.11	-0.096	0
Kars	41.55	1.835	4089.1	-0.31	-0.2	-0.11	-0.076	0
Ube3c	31.86	0.191	1910.3	-0.36	-0.25	-0.11	-0.241	0
Fam92a	24.61	2.07	739.8	-0.572	-0.462	-0.111	-0.275	1
Atp6v1f	77.35	4.709	1055.7	1.235	1.346	-0.111	-0.064	1
Spag7	44.27	1.067	1325.7	-0.766	-0.655	-0.111	-0.169	0
Fundc2	31.61	1.642	825.0	-0.507	-0.395	-0.112	-0.225	0
Zfyve21	57.87	1.709	692.4	-0.6	-0.488	-0.112	-0.023	0
Mettl23	20.56	1.649	220.9	1.715	1.827	-0.112	-0.363	0
Cbr4	29.54	0.479	136.4	-0.885	-0.773	-0.112	-0.454	0
Dmtf1	46.17	0.538	631.6	-1.017	-0.904	-0.113	-0.013	0
Ipo5	62.63	1.202	5835.7	0.568	0.681	-0.113	-0.168	0
Smdt1	44.71	3.318	745.3	-0.393	-0.279	-0.113	-0.059	1
Insig2	67.9	2.249	379.8	-0.751	-0.637	-0.114	-0.134	1
Snd1	112.32	0.222	9026.1	-0.334	-0.219	-0.115	-0.352	0
Tmed9	261.41	4.587	7053.0	-0.919	-0.804	-0.115	-0.232	1
Mdm2	71.19	0.742	582.7	-1.529	-1.413	-0.116	-0.43	0
Rabep1	33.57	0.229	1180.3	0.358	0.473	-0.116	-0.335	0
Prkci	23.71	0.437	810.4	-0.794	-0.678	-0.116	-0.181	0
Sdf2	39.83	2.534	1727.7	-0.819	-0.704	-0.116	-0.213	1
Serinc1	149.94	1.627	3858.3	-0.385	-0.269	-0.116	-0.209	0
Smarcb1	27.88	0.716	2748.2	-0.585	-0.469	-0.116	-0.32	0
Capn2	129.46	0.95	5140.6	0.484	0.6	-0.116	-0.138	0
Szrd1	41.15	0.68	802.9	-2.085	-1.968	-0.117	-0.161	0
Hmgb1	479.77	1.147	526.1	4.204	4.321	-0.117	-1.802	0
Top1	88.83	0.299	3126.0	-0.44	-0.322	-0.118	-0.139	0
Ppp6c	32.56	0.704	997.2	-0.606	-0.488	-0.118	-0.053	0
Miga1	33.47	0.647	208.7	-0.645	-0.526	-0.119	-0.151	0
Kdsr	74.21	1.123	250.0	1.042	1.162	-0.119	-0.473	0
Extl1	44.57	1.473	2469.5	-1.491	-1.372	-0.12	-0.161	0
Uhmk1	41.85	0.803	367.2	1.011	1.13	-0.12	-0.315	0
Sec14l1	71.48	0.476	3579.4	0.496	0.616	-0.12	-0.642	0
Abi1	53.66	0.267	1246.9	0.445	0.565	-0.12	-0.226	0
Reep5	114.62	2.14	2278.4	-1.226	-1.106	-0.12	-0.298	1
Atf7	47.51	0.398	120.3	-0.782	-0.662	-0.12	-0.425	0
Mea1	25.05	2.565	787.8	-0.719	-0.599	-0.12	-0.09	1
Pom121	25.63	0.367	758.8	-0.837	-0.716	-0.121	-0.368	0
Togaram1	27.69	0.406	1157.6	-0.584	-0.463	-0.121	-0.091	0
Bloc1s2	22.35	0.958	111.0	3.844	3.965	-0.121	-0.223	0
Ddx52	20.89	0.671	568.9	-0.979	-0.858	-0.121	-0.117	0
Znhit1	89.55	3.714	552.1	-0.377	-0.256	-0.121	-0.046	1
Yipf3	112.57	4.688	3321.5	0.303	0.424	-0.121	-0.319	1
Ddt	106.59	4.57	175.9	1.233	1.355	-0.121	-0.291	1
Zmynd8	54.41	0.775	1507.1	-1.049	-0.927	-0.121	-0.506	0
Tgfbr2	314.75	1.26	2259.1	-0.474	-0.353	-0.122	-0.076	0
Pafah1b2	39.96	0.74	1329.2	-0.652	-0.53	-0.122	-0.415	0
Cyp7b1	23.0	0.278	129.1	1.321	1.443	-0.122	-0.432	0
Scamp4	26.15	1.278	884.5	-1.016	-0.894	-0.122	-0.233	0
Tbc1d23	27.57	0.356	1589.0	0.36	0.483	-0.123	-0.346	0
Cby1	25.17	2.176	219.7	-0.814	-0.691	-0.123	-0.083	1
Pcgf2	27.91	5.927	850.5	-0.349	-0.227	-0.123	-0.279	1
Ofd1	39.63	0.532	395.1	0.402	0.525	-0.123	-0.33	0
Qrich1	23.44	0.39	1847.5	-0.731	-0.608	-0.123	-0.293	0
Paxbp1	32.39	0.498	638.7	-0.486	-0.362	-0.124	-0.06	0
Slc30a9	42.78	0.495	1348.4	-0.848	-0.725	-0.124	-0.378	0
Chmp5	72.79	4.81	805.7	-0.37	-0.247	-0.124	-0.305	1
Bag1	58.63	2.78	1843.8	-3.151	-3.027	-0.124	-0.4	1
Tmem8b	23.18	1.84	441.8	-0.965	-0.841	-0.124	-0.479	0
Exoc1	41.3	0.71	604.3	-0.462	-0.338	-0.124	-0.164	0
Bod1	43.53	3.545	522.8	0.959	1.084	-0.125	-0.285	1
Golga3	102.15	0.886	3838.6	-0.462	-0.337	-0.125	-0.422	0
Sspn	196.07	3.962	438.7	1.116	1.24	-0.125	-0.617	1
Ubxn6	76.77	3.09	915.1	-1.658	-1.533	-0.125	-0.544	1
Lbr	29.57	0.909	1059.8	-0.628	-0.503	-0.125	-0.144	0
Tiam1	77.85	0.201	1404.3	-0.338	-0.212	-0.125	-0.417	0
Lrrc59	76.68	2.314	5057.2	-1.351	-1.226	-0.125	-0.19	1
Parl	26.99	0.641	969.9	1.618	1.744	-0.126	-0.16	0
Pias1	36.53	0.205	631.7	-1.256	-1.131	-0.126	-0.398	0
Mbd5	31.85	0.084	960.1	0.82	0.946	-0.126	-0.413	0
Uqcr10	164.69	6.26	1016.4	-0.688	-0.562	-0.126	-0.039	1
Naa20	36.95	1.373	368.4	1.839	1.965	-0.126	-0.117	0
Aco1	24.51	0.638	1887.6	-0.345	-0.219	-0.126	-0.218	0
Pja2	111.62	0.944	2940.0	0.967	1.093	-0.126	-0.256	0
Cnih1	70.11	3.253	767.6	-1.595	-1.469	-0.127	-0.634	1
Yipf2	52.06	2.634	750.8	1.22	1.347	-0.127	-0.165	1
Gopc	55.77	0.932	899.6	0.658	0.785	-0.127	-0.328	0
Morf4l2	172.44	0.928	6729.0	-0.328	-0.201	-0.127	-0.196	0
Ttc37	64.95	1.027	3047.2	0.652	0.779	-0.127	-0.167	0
Psmd7	59.55	1.48	2667.7	-0.618	-0.491	-0.127	-0.033	0
Tcea3	42.75	2.092	535.2	1.157	1.284	-0.127	-0.31	1
Csnk1g3	39.07	0.33	751.1	0.455	0.582	-0.127	-0.079	0
Dbnl	49.62	1.337	1739.9	0.674	0.802	-0.128	-0.474	0
Mfap3l	39.79	1.021	165.7	-2.218	-2.089	-0.128	-0.215	0
Akirin1	48.12	0.748	296.2	-0.706	-0.578	-0.128	-0.333	0
Bhlhe40	238.56	3.035	746.6	-0.956	-0.828	-0.128	-0.105	1
Rab31	31.74	0.105	732.0	0.93	1.058	-0.128	-0.221	0
Decr1	30.57	0.69	719.6	-1.631	-1.503	-0.128	-0.363	0
Ergic2	48.29	1.101	2449.3	1.275	1.404	-0.128	-0.102	0
Atp2b1	140.29	0.27	4226.3	-0.931	-0.803	-0.129	-0.486	0
Rin2	33.95	0.218	1336.3	-0.839	-0.711	-0.129	-0.473	0
Pdpk1	29.64	0.607	616.4	0.419	0.548	-0.129	-0.315	0
Sltm	84.83	0.524	1876.7	0.294	0.423	-0.129	-0.357	0
Fmc1	23.3	10.832	207.8	-0.838	-0.709	-0.129	-0.266	1
Psma3	42.69	0.933	842.5	0.962	1.092	-0.13	-0.1	0
Tent4b	25.91	0.261	363.3	-0.731	-0.601	-0.13	-0.048	0
Txnl1	58.92	0.877	2048.9	-0.96	-0.83	-0.13	-0.081	0
Upf3b	20.11	0.605	205.3	-0.994	-0.863	-0.13	-0.512	0
Zer1	21.79	0.518	1040.7	-0.661	-0.53	-0.13	-0.321	0
Slc6a8	27.3	1.822	1482.7	-0.283	-0.152	-0.131	-0.128	0
Ddx1	59.86	1.284	5966.9	0.342	0.473	-0.131	-0.216	0
Mrpl22	24.04	1.55	382.5	1.095	1.225	-0.131	-0.288	0
Ndufb7	144.7	4.511	996.5	-1.396	-1.264	-0.131	-0.29	1
Afg3l2	39.81	0.658	1248.1	-0.73	-0.599	-0.131	-0.157	0
Ormdl3	45.86	4.101	1027.7	-0.389	-0.258	-0.131	-0.424	1
Vgll4	141.42	0.669	841.6	-1.109	-0.977	-0.131	-0.552	0
Kmt5a	37.56	0.838	1037.1	-1.254	-1.122	-0.132	-0.083	0
Stam2	24.52	0.471	723.9	-0.572	-0.44	-0.132	-0.332	0
Wdr35	20.27	0.436	728.0	-1.585	-1.453	-0.133	-0.098	0
Adcy3	71.64	1.262	909.1	-0.909	-0.776	-0.133	-0.317	0
Snx7	43.79	0.887	1292.5	-0.516	-0.382	-0.134	-0.108	0
Akt1s1	40.8	2.367	1022.3	-0.719	-0.586	-0.134	-0.018	1
Rrad	47.46	0.802	77.7	1.558	1.692	-0.134	-0.052	0
Pebp1	187.05	5.097	1757.6	1.232	1.367	-0.135	-0.285	1
Tbc1d22a	23.3	0.05	577.3	0.629	0.764	-0.135	-0.62	0
Picalm	57.37	0.133	2424.6	-0.813	-0.679	-0.135	-0.403	0
Arpc5	88.1	1.412	738.7	-2.15	-2.015	-0.135	-0.139	0
Tsen34	36.33	4.354	1482.5	0.752	0.887	-0.136	-0.182	1
Nckap1	66.39	0.647	4565.5	0.576	0.712	-0.136	-0.26	0
Pwwp3a	31.57	0.943	624.7	-1.934	-1.798	-0.136	-0.125	0
Cthrc1	249.03	8.867	9343.8	0.327	0.463	-0.136	-0.595	1
Fut11	41.08	1.132	610.4	0.478	0.614	-0.136	-0.625	0
Aasdhppt	22.23	1.307	909.4	0.846	0.982	-0.136	-0.259	0
Slc37a3	20.0	0.493	1895.8	-0.413	-0.277	-0.136	-0.399	0
Rarg	53.56	0.95	4691.3	-0.803	-0.666	-0.137	-0.217	0
Mta1	38.94	2.158	3231.6	-0.717	-0.58	-0.137	-0.097	1
Pfdn4	39.66	3.986	488.3	-1.014	-0.876	-0.138	-0.067	1
Tnpo2	22.58	0.839	2564.2	-0.537	-0.399	-0.138	-0.003	0
Chmp4b	42.65	0.425	2792.5	-0.567	-0.429	-0.138	-0.24	0
Syde1	33.14	3.527	800.5	-1.312	-1.174	-0.138	-0.388	1
Arglu1	154.57	0.701	881.6	0.426	0.565	-0.138	-0.033	0
Fbxo22	22.11	0.498	512.2	-0.436	-0.297	-0.139	-0.017	0
Glud1	102.15	0.53	3278.0	0.705	0.844	-0.139	-0.247	0
Efs	27.46	1.803	2441.3	-0.737	-0.598	-0.139	-0.216	0
Ak2	74.68	1.972	1467.7	-2.639	-2.499	-0.139	-0.33	1
Nfatc1	93.99	0.231	1801.3	-0.532	-0.392	-0.14	-0.745	0
Gtf3a	49.95	1.999	866.7	0.395	0.534	-0.14	-0.186	1
Arid4a	47.42	0.629	431.3	-1.36	-1.22	-0.14	-0.314	0
Npc1	26.55	0.204	1902.4	-0.448	-0.308	-0.141	-0.386	0
Xpnpep1	29.05	0.911	3671.1	0.552	0.693	-0.141	-0.172	0
Uri1	78.61	0.673	741.5	0.503	0.645	-0.141	-0.401	0
Polr2g	48.19	4.917	2147.2	1.445	1.587	-0.142	-0.038	1
Mtmr12	29.39	0.588	904.2	-1.077	-0.935	-0.142	-0.289	0
Eif2b1	25.84	1.722	774.9	-1.622	-1.48	-0.142	-0.234	0
Spg7	49.44	0.606	1222.5	-0.431	-0.289	-0.142	-0.284	0
Srm	57.34	3.073	3257.2	-1.187	-1.045	-0.142	-0.342	1
Rnf10	39.31	0.47	7223.6	-0.406	-0.264	-0.142	-0.239	0
Fis1	112.83	3.018	1420.0	-0.515	-0.372	-0.143	-0.19	1
Zdhhc5	21.88	0.512	1878.3	-1.184	-1.041	-0.144	-0.295	0
Ubap2	36.61	0.215	3028.1	-0.724	-0.58	-0.144	-0.305	0
Xrcc6	100.06	1.052	844.1	-0.392	-0.249	-0.144	-0.358	0
Arl6ip4	158.31	3.144	792.2	-0.382	-0.237	-0.144	-0.301	1
Scyl1	33.14	1.002	4197.1	-0.536	-0.391	-0.145	-0.23	0
Mrps21	110.21	2.861	578.9	-0.497	-0.352	-0.145	-0.132	1
Glt8d1	50.58	3.431	2948.1	0.598	0.743	-0.146	-0.179	1
Tctn1	25.83	1.658	698.3	0.919	1.064	-0.146	-0.076	0
Tomm7	414.23	4.201	853.1	-0.429	-0.283	-0.146	-0.176	1
Sfswap	36.08	0.348	1318.7	-0.707	-0.561	-0.146	-0.141	0
Stau1	67.86	0.425	2016.0	0.75	0.897	-0.146	-0.306	0
Tlk1	49.61	0.265	1432.1	-0.361	-0.214	-0.146	-0.187	0
Syngr2	44.72	1.508	431.7	0.86	1.007	-0.147	-0.079	0
Pbx3	23.77	0.109	211.0	0.696	0.843	-0.147	-0.044	0
Arhgap21	35.32	0.253	2001.9	1.061	1.208	-0.147	-0.201	0
Timm13	73.51	3.592	943.1	-0.592	-0.445	-0.147	-0.348	1
Lats2	32.53	0.372	1907.7	-0.473	-0.326	-0.148	-0.359	0
Osbpl8	60.95	0.2	1091.6	0.525	0.673	-0.148	-0.209	0
Ehd1	22.9	0.389	1849.1	-0.364	-0.216	-0.148	-0.047	0
Abr	21.56	0.081	2471.8	0.559	0.707	-0.148	-0.322	0
Cd109	321.52	1.037	8808.7	-0.297	-0.149	-0.148	-0.281	0
Tmem107	24.3	1.542	282.0	-0.895	-0.746	-0.148	-0.273	0
Dap	114.54	1.071	2393.0	-1.535	-1.386	-0.149	-0.34	0
Brd8	38.61	1.109	1886.4	-0.326	-0.177	-0.149	-0.45	0
Foxk1	21.19	0.332	495.9	-0.416	-0.267	-0.149	-0.438	0
Prdx4	292.97	8.286	5297.6	-0.75	-0.601	-0.149	-0.15	1
Mob4	33.27	0.463	481.1	-0.482	-0.332	-0.15	-0.045	0
Ercc1	46.46	0.563	712.3	0.529	0.678	-0.15	-0.069	0
Bnip2	60.18	1.112	1113.7	-0.702	-0.552	-0.15	-0.036	0
Akt3	80.46	0.155	752.1	0.467	0.617	-0.15	-0.266	0
Rbpj	94.2	0.567	472.6	7.417	7.567	-0.15	-0.985	0
Cspg4	926.8	3.64	30270.5	-0.927	-0.777	-0.15	-0.228	1
Egln1	58.06	1.257	763.4	0.552	0.702	-0.151	-0.145	0
Ints10	50.09	1.013	1058.8	0.755	0.906	-0.151	-0.043	0
Tomm40	23.79	1.999	1309.7	-0.719	-0.569	-0.151	-0.133	1
Pnkd	42.82	2.697	409.4	1.072	1.223	-0.151	-0.311	1
Ddx19a	20.91	0.765	1153.2	1.211	1.363	-0.151	-0.171	0
Timp3	769.46	2.124	1690.5	0.263	0.415	-0.152	-0.111	1
Ociad1	122.25	1.561	2640.4	-0.664	-0.512	-0.152	-0.316	0
Vma21	35.86	2.345	231.8	2.006	2.159	-0.153	-0.372	1
Ttbk2	30.01	0.413	505.1	-1.246	-1.093	-0.153	-0.068	0
Stxbp1	28.36	0.569	907.3	-2.297	-2.143	-0.153	-0.219	0
Ier3ip1	119.37	2.948	1485.9	-1.488	-1.335	-0.153	-0.317	1
Tent5a	256.67	2.053	1427.1	-0.537	-0.383	-0.154	-1.128	1
Chpt1	71.69	0.879	782.5	0.769	0.923	-0.154	-0.641	0
Mrpl41	60.76	3.163	563.8	0.501	0.656	-0.155	-0.042	1
Yif1a	99.06	7.304	2894.7	-0.735	-0.579	-0.155	-0.135	1
Lsm1	28.71	2.853	278.4	-0.726	-0.57	-0.156	-0.181	1
Gmppa	24.17	2.608	2145.6	-0.453	-0.297	-0.156	-0.008	1
Tsnax	30.81	0.897	1713.1	1.378	1.534	-0.156	-0.382	0
Golga2	116.26	1.516	4336.7	-0.341	-0.184	-0.156	-0.577	0
Ttc3	359.84	0.997	4762.2	-0.537	-0.38	-0.157	-0.257	0
Man1a2	47.11	0.379	1163.8	0.771	0.928	-0.157	-0.307	0
Rab5a	61.93	0.594	948.7	-0.528	-0.371	-0.157	-0.218	0
Ubn2	52.58	0.462	362.9	-0.74	-0.582	-0.158	-0.698	0
Fbxl17	22.1	0.078	672.0	0.638	0.796	-0.158	-0.447	0
Kctd9	42.6	0.853	579.8	0.468	0.626	-0.158	-0.523	0
Clstn1	82.01	1.418	7018.0	0.405	0.563	-0.159	-0.33	0
Nptn	123.52	0.607	2610.1	-0.538	-0.379	-0.159	-0.269	0
Foxa3	30.45	1.822	112.4	-3.37	-3.21	-0.16	-0.206	0
Mllt10	36.16	0.272	839.2	-0.427	-0.267	-0.16	-0.394	0
Hexa	126.29	2.078	3545.1	-0.453	-0.292	-0.16	-0.487	1
Impad1	104.63	2.133	2400.8	0.544	0.705	-0.161	-0.166	1
Ythdc2	31.5	0.424	616.3	1.87	2.031	-0.161	-0.236	0
Czib	29.72	5.441	900.0	0.53	0.691	-0.161	-0.305	1
Slc38a1	25.64	0.137	125.4	-0.813	-0.652	-0.161	-0.467	0
Cuedc2	31.39	3.588	2035.3	1.295	1.458	-0.162	-0.217	1
Glo1	67.18	1.639	1084.8	2.315	2.477	-0.162	-0.53	0
Sh3glb1	106.62	1.243	2550.2	-1.162	-0.999	-0.163	-0.021	0
Stard13	37.95	0.089	634.9	-1.061	-0.897	-0.164	-0.64	0
Mtg1	30.55	0.87	423.2	0.863	1.027	-0.164	-0.272	0
Acaca	23.28	0.145	1819.7	1.73	1.895	-0.165	-0.589	0
Ubl5	225.71	8.62	1218.2	0.629	0.794	-0.165	-0.304	1
Tmed7	68.95	2.86	1303.0	-0.601	-0.435	-0.166	-0.458	1
Atraid	79.59	7.721	1128.0	-1.769	-1.603	-0.166	-0.44	1
Ebna1bp2	29.09	2.739	1951.3	-1.248	-1.081	-0.166	-0.149	1
Clcn7	21.65	0.694	742.3	0.392	0.558	-0.167	-0.257	0
Snu13	134.84	2.417	396.9	1.574	1.742	-0.167	-0.327	1
Prkd3	36.45	0.53	1811.2	0.321	0.488	-0.167	-0.22	0
Gga1	24.49	0.797	1178.0	-1.288	-1.12	-0.168	-0.317	0
Gtf2f1	35.73	1.377	1476.6	-0.47	-0.3	-0.169	-0.165	0
Vti1b	31.08	0.714	625.7	-2.027	-1.858	-0.169	-0.012	0
Anapc5	82.56	0.895	8472.3	-0.81	-0.64	-0.17	-0.165	0
Capza2	80.44	0.755	1025.5	-2.917	-2.747	-0.17	-0.104	0
Kxd1	34.97	3.128	257.3	0.658	0.829	-0.17	-0.249	1
Hnmt	20.75	0.791	287.5	4.787	4.957	-0.171	-0.192	0
Cpd	36.69	0.615	2733.6	0.64	0.811	-0.171	-0.039	0
Ptrhd1	50.04	7.155	227.7	-0.606	-0.435	-0.171	-0.203	1
Cul4a	30.85	0.346	2107.3	-0.64	-0.469	-0.171	-0.28	0
H6pd	22.51	0.621	1744.0	-1.019	-0.848	-0.171	-0.092	0
Stt3b	57.92	0.431	3799.6	-0.937	-0.766	-0.171	-0.381	0
Cep350	66.38	0.287	1688.2	0.272	0.443	-0.172	-0.589	0
Rflna	33.64	0.835	1185.7	-2.284	-2.112	-0.172	-0.689	0
Rpl36al	235.88	2.762	2163.4	2.618	2.79	-0.172	-0.156	1
Clint1	78.15	0.579	4230.0	-2.445	-2.273	-0.172	-0.266	0
Dnajc21	71.76	1.171	674.4	-0.802	-0.63	-0.172	-0.088	0
Gmcl1	61.89	0.991	623.2	-0.791	-0.619	-0.172	-0.052	0
Lgmn	138.41	1.897	3106.1	-0.972	-0.799	-0.173	-0.392	0
Srebf1	35.66	1.012	4884.4	-1.316	-1.143	-0.173	-0.452	0
Crls1	35.89	0.901	277.3	-1.385	-1.211	-0.174	-0.044	0
Btbd1	20.1	0.407	1241.9	1.189	1.363	-0.174	-0.127	0
Stard4	37.78	1.343	320.9	-2.026	-1.852	-0.174	-0.575	0
Slc35b3	23.38	0.98	432.9	0.766	0.94	-0.174	-0.335	0
H3f3a	597.51	3.39	557.6	2.566	2.741	-0.174	-0.138	1
Fyttd1	55.83	0.805	883.2	-1.491	-1.316	-0.174	-0.187	0
Gmds	55.94	0.075	749.4	0.378	0.552	-0.174	-0.17	0
Safb2	38.73	0.446	1051.9	-1.167	-0.993	-0.175	-0.181	0
Bbx	101.72	0.485	1084.7	0.711	0.886	-0.175	-0.263	0
Mrpl17	47.72	8.309	2095.3	-0.991	-0.816	-0.175	-0.372	1
Mpc2	48.44	3.532	693.0	0.863	1.038	-0.175	-0.22	1
Cttnbp2nl	22.32	0.423	776.1	-0.814	-0.639	-0.175	-0.36	0
Megf8	22.51	1.194	2969.9	-0.833	-0.658	-0.175	-0.379	0
Arl2bp	61.5	3.727	848.8	-1.352	-1.177	-0.175	-0.25	1
Phtf2	165.13	0.98	1092.3	-1.101	-0.926	-0.175	-0.433	0
Snx3	135.73	1.417	1625.3	-0.465	-0.289	-0.175	-0.168	0
Sdhd	40.56	1.315	1450.8	-0.935	-0.759	-0.175	-0.253	0
Tial1	80.46	1.093	1294.6	-1.316	-1.14	-0.176	-0.059	0
Cers2	52.45	4.323	1870.4	-0.73	-0.553	-0.176	-0.357	1
Mbd3	40.05	0.82	2701.6	-0.546	-0.37	-0.177	-0.293	0
Pdcl	21.55	1.585	584.0	-1.135	-0.957	-0.177	-0.399	0
Ino80	20.86	0.141	879.1	-0.383	-0.205	-0.178	-0.103	0
Stub1	62.85	2.356	3034.5	-0.698	-0.52	-0.178	-0.166	1
Zc3h14	33.54	0.725	2067.4	-0.933	-0.755	-0.178	-0.348	0
Rexo2	152.27	5.311	1624.5	-1.118	-0.94	-0.178	-0.216	1
Col12a1	1298.72	5.394	104942.8	0.992	1.17	-0.178	-0.513	1
Ryk	73.96	0.714	4327.8	-0.396	-0.217	-0.179	-0.395	0
Atrn	32.14	0.498	2024.9	0.795	0.974	-0.179	-0.194	0
Lrpprc	51.27	0.536	2402.7	1.124	1.303	-0.179	-0.074	0
Ssb	90.92	2.729	2582.7	-1.509	-1.33	-0.179	-0.059	1
Srpk2	49.67	0.171	1676.8	0.377	0.556	-0.179	-0.317	0
Grhpr	42.99	3.578	842.0	-2.856	-2.676	-0.18	-0.721	1
Prrc1	71.28	1.594	3134.3	-1.75	-1.57	-0.18	-0.448	0
Mphosph9	20.38	0.376	417.5	0.749	0.929	-0.18	-0.522	0
Heatr5a	21.15	0.25	3272.2	-0.93	-0.75	-0.18	-0.291	0
Sar1a	101.23	1.288	3515.0	-1.525	-1.345	-0.181	-0.279	0
Kcnk6	24.86	0.878	124.9	-2.496	-2.315	-0.181	-0.171	0
Nr1h2	28.81	2.014	1344.0	0.736	0.917	-0.181	-0.11	1
Cops4	26.51	1.071	2405.1	-0.66	-0.479	-0.182	-0.205	0
Dus1l	23.13	1.868	906.0	-0.524	-0.342	-0.182	-0.125	0
Vkorc1	374.25	11.439	3209.9	-1.501	-1.318	-0.183	-0.215	1
Slc39a6	77.55	3.148	1737.1	-0.459	-0.276	-0.183	-0.471	1
Gars	85.17	0.739	7159.5	-0.457	-0.275	-0.183	-0.239	0
Atp1a1	218.78	1.392	15393.1	-0.579	-0.395	-0.183	-0.339	0
Dph3	26.12	2.22	247.5	-2.297	-2.114	-0.183	-0.1	1
Usp12	28.31	0.121	478.5	0.756	0.939	-0.184	-0.19	0
Eny2	129.67	4.068	1124.9	-2.387	-2.203	-0.184	-0.24	1
Nfyc	24.26	0.38	604.9	1.166	1.351	-0.185	-0.2	0
Mon2	77.47	0.278	4029.3	-1.237	-1.052	-0.185	-0.3	0
Iscu	41.05	2.02	185.5	1.71	1.895	-0.185	-0.067	1
Ift20	58.02	3.87	1378.0	-2.577	-2.392	-0.185	-0.283	1
Tmem45a	150.96	2.774	3185.1	0.397	0.582	-0.185	-0.45	1
Trnt1	23.27	0.632	652.8	-1.438	-1.253	-0.185	-0.172	0
Prpsap1	45.92	0.81	912.2	-0.313	-0.127	-0.186	-0.342	0
Slc26a2	138.96	1.346	4793.3	-1.788	-1.602	-0.186	-0.556	0
Aldh1l2	31.87	0.709	2485.5	1.452	1.638	-0.186	-0.183	0
Nelfcd	26.28	1.355	1367.4	0.534	0.72	-0.186	-0.014	0
Rpa3	61.34	4.072	961.9	2.005	2.191	-0.186	-0.282	1
Nqo2	32.99	0.528	326.0	2.057	2.243	-0.187	-0.416	0
Mrpl27	50.9	2.659	432.9	0.509	0.696	-0.187	-0.092	1
Actr1b	21.06	1.679	2029.0	-0.801	-0.614	-0.187	-0.271	0
Crbn	28.84	0.779	656.4	0.426	0.613	-0.187	-0.416	0
Pth1r	797.45	3.655	17653.4	-1.661	-1.474	-0.187	-0.49	1
Ndufb9	61.01	2.066	1665.7	-0.751	-0.564	-0.187	-0.126	1
Krtcap2	187.18	4.454	2833.0	-1.471	-1.283	-0.188	-0.1	1
Nbr1	66.36	1.266	3200.2	-0.442	-0.254	-0.188	-0.326	0
P4hb	986.93	5.552	49172.4	-1.021	-0.833	-0.188	-0.47	1
Sec23ip	41.04	0.727	3474.1	-1.0	-0.812	-0.189	-0.291	0
Eif2ak4	37.18	0.612	1596.8	-0.279	-0.09	-0.189	-0.475	0
Tmem106b	48.12	1.807	1165.8	1.238	1.427	-0.189	-0.238	0
Bsg	236.37	3.231	11678.5	-0.954	-0.764	-0.19	-0.249	1
Efemp2	103.49	5.679	6778.9	-1.261	-1.07	-0.19	-0.442	1
Ring1	27.37	2.154	1067.2	1.325	1.515	-0.19	-0.561	1
Rer1	133.12	3.098	2424.4	-1.097	-0.906	-0.191	-0.127	1
Btaf1	31.23	0.184	1030.7	-0.744	-0.552	-0.191	-0.151	0
Afdn	77.78	0.646	790.6	0.407	0.599	-0.191	-0.257	0
Jdp2	30.89	0.352	434.8	-0.607	-0.415	-0.192	-0.333	0
Dstyk	26.0	0.573	432.8	-1.03	-0.838	-0.192	-0.589	0
Lats1	31.94	0.417	1747.7	-0.939	-0.747	-0.192	-0.55	0
Calu	238.05	1.181	14287.5	-0.945	-0.752	-0.192	-0.409	0
Tmx4	43.15	0.855	492.6	1.563	1.755	-0.193	-0.391	0
Mtmr10	22.08	0.449	912.5	-0.516	-0.323	-0.193	-0.557	0
Tomm5	87.03	6.041	391.0	2.585	2.777	-0.193	-0.076	1
Ppif	32.77	1.537	246.5	-2.139	-1.947	-0.193	-0.281	0
Mapk8ip3	24.73	0.294	1029.3	-0.483	-0.29	-0.193	-0.165	0
Wnk1	114.39	0.314	5063.2	-0.44	-0.247	-0.193	-0.118	0
Tgfb2	41.93	0.55	1026.4	-0.562	-0.368	-0.193	-0.489	0
Vps26b	20.86	1.153	908.7	-1.119	-0.925	-0.194	-0.345	0
Cd151	153.53	4.57	1270.7	0.562	0.756	-0.194	-0.206	1
Tram1	161.47	1.825	4712.1	0.343	0.537	-0.194	-0.422	0
Sel1l	57.52	0.736	2465.1	-0.416	-0.221	-0.195	-0.364	0
Phf10	48.45	0.974	1789.3	-0.468	-0.273	-0.195	-0.002	0
Pomgnt1	26.11	2.207	1943.8	-0.53	-0.335	-0.195	-0.28	1
Hadh	31.39	1.267	1168.1	-0.607	-0.411	-0.196	-0.455	0
P3h4	70.4	1.914	6256.2	-1.495	-1.299	-0.196	-0.664	0
Hras	33.06	3.069	632.8	-2.582	-2.386	-0.196	-0.317	1
Cops8	38.92	2.377	1293.2	0.342	0.539	-0.196	-0.139	1
Wac	96.01	0.289	2085.9	0.361	0.558	-0.197	-0.245	0
Fam120a	108.13	0.929	7662.3	-0.964	-0.767	-0.197	-0.229	0
Pds5a	52.03	0.262	1957.5	-0.655	-0.458	-0.197	-0.258	0
Otub1	26.8	1.249	1777.0	-0.535	-0.338	-0.197	-0.109	0
Hmox2	30.19	1.137	1378.9	-0.341	-0.144	-0.197	-0.062	0
E2f4	20.23	2.102	931.8	-0.577	-0.379	-0.197	-0.137	1
Mdfi	145.97	2.091	1691.7	-0.393	-0.196	-0.198	-0.423	1
Bmp2	80.13	1.577	554.5	-0.794	-0.596	-0.198	-0.067	0
Nid2	110.61	2.503	28058.2	-1.317	-1.119	-0.198	-0.645	1
Lrrc1	76.62	0.888	608.2	-1.425	-1.226	-0.199	-0.18	0
Klf9	50.14	0.923	147.6	-1.239	-1.041	-0.199	-0.297	0
Taf10	44.07	3.399	465.0	0.475	0.675	-0.2	-0.12	1
Dstn	571.97	1.513	4797.6	0.957	1.156	-0.2	-0.119	0
Ppp1r11	20.89	1.348	462.8	-1.456	-1.256	-0.2	-0.432	0
Cacybp	38.02	0.659	562.2	-1.186	-0.986	-0.201	-0.17	0
Pmp22	262.63	1.498	2669.3	-0.5	-0.299	-0.201	-0.119	0
Dusp22	32.27	0.721	522.7	1.682	1.883	-0.201	-0.263	0
Tmem65	31.34	0.361	527.9	0.842	1.043	-0.201	-0.404	0
Tmem237	34.57	2.67	532.9	0.659	0.86	-0.201	-0.142	1
Zbtb10	58.99	0.421	226.8	1.73	1.932	-0.202	-0.574	0
Slc16a1	76.46	1.145	1854.3	-0.762	-0.56	-0.202	-0.183	0
Chpf	66.91	2.053	5740.5	-0.489	-0.286	-0.203	-0.456	1
Smpd3	498.24	12.694	24487.9	-0.551	-0.349	-0.203	-0.47	1
Dcaf11	22.81	0.969	1450.0	0.578	0.781	-0.203	-0.512	0
Serpinh1	394.25	3.388	69651.2	-1.455	-1.252	-0.203	-0.598	1
Rpn2	278.25	2.688	19247.0	-0.717	-0.514	-0.203	-0.422	1
Dad1	158.2	5.881	3812.5	-1.085	-0.881	-0.203	-0.354	1
Fam76a	20.37	0.936	276.4	-0.475	-0.271	-0.203	-0.042	0
Gbf1	27.05	0.098	6645.6	-0.386	-0.182	-0.204	-0.355	0
Tm2d3	41.8	1.309	440.6	-1.078	-0.874	-0.205	-0.036	0
Sorbs3	44.17	2.291	1495.8	0.549	0.755	-0.205	-0.337	1
Sugp2	40.23	0.651	799.4	0.467	0.673	-0.206	-0.276	0
Igf2bp2	32.71	0.296	2179.3	1.176	1.382	-0.206	-0.475	0
Tmem87a	48.73	0.373	682.1	-0.678	-0.472	-0.206	-0.238	0
Rcc1l	24.96	0.798	419.5	-0.536	-0.33	-0.206	-0.012	0
Metap2	88.52	1.137	2050.0	-0.808	-0.601	-0.207	-0.104	0
Sec62	267.28	2.071	3532.1	-0.738	-0.531	-0.207	-0.29	1
Trappc2l	44.29	5.167	351.5	-1.338	-1.131	-0.207	-0.249	1
Rras	35.95	5.821	424.0	-1.503	-1.296	-0.207	-0.136	1
Fam13b	34.43	0.235	1233.5	0.654	0.861	-0.207	-0.123	0
Snx17	65.16	3.799	2337.1	-1.373	-1.166	-0.207	-0.443	1
Eloa	26.65	1.035	949.8	-0.747	-0.539	-0.208	-0.112	0
Slc35b2	80.35	9.375	4152.5	-1.096	-0.888	-0.208	-0.403	1
Pold4	67.06	3.016	218.8	-0.689	-0.481	-0.208	-0.499	1
Spats2	36.04	0.294	1033.2	-0.587	-0.378	-0.208	-0.442	0
Tef	25.27	2.104	384.3	-0.792	-0.583	-0.209	-0.488	1
Elovl1	28.88	2.402	1501.1	-0.77	-0.561	-0.209	-0.372	1
Rps27a	2045.56	4.268	1470.0	5.23	5.44	-0.209	-0.038	1
Smpd4	29.22	0.916	1125.9	0.635	0.844	-0.209	-0.477	0
Oaz1	479.98	2.998	3982.8	7.143	7.352	-0.21	-0.154	1
Zadh2	23.94	1.12	451.1	-0.568	-0.358	-0.21	-0.234	0
Fkbp5	198.94	2.619	472.2	-0.644	-0.434	-0.21	-0.295	1
Asxl1	41.55	0.211	2321.7	-0.318	-0.108	-0.21	-0.437	0
Impdh1	37.37	3.238	2546.6	0.465	0.676	-0.211	-0.307	1
Lrrc41	37.82	0.806	1661.6	-0.985	-0.774	-0.211	-0.379	0
Rnf144b	39.19	0.241	398.6	-1.128	-0.917	-0.211	-0.253	0
Osbp	34.43	0.579	1899.0	-0.318	-0.107	-0.211	-0.47	0
Dnajc1	76.22	0.25	1342.6	1.357	1.569	-0.212	-0.365	0
Relt	28.2	0.702	206.7	-0.843	-0.631	-0.212	-0.377	0
Cant1	38.12	1.398	670.0	-1.976	-1.763	-0.212	-0.248	0
Gng5	137.34	3.32	984.4	-1.995	-1.782	-0.213	-0.075	1
Senp5	24.46	0.137	1169.0	0.415	0.628	-0.213	-0.239	0
Tsg101	43.33	0.703	1118.2	0.491	0.704	-0.213	-0.019	0
Daam2	72.82	1.365	2004.8	-0.352	-0.139	-0.213	-0.191	0
Tsc2	27.87	1.253	2533.0	0.582	0.796	-0.214	-0.295	0
Tfrc	83.7	0.657	5096.6	1.366	1.581	-0.214	-0.405	0
Lamp2	70.52	1.295	2021.5	-1.268	-1.053	-0.215	-0.34	0
Itpa	25.18	1.386	798.7	2.613	2.828	-0.215	-0.444	0
Ppfibp1	94.68	0.637	4792.4	-0.352	-0.137	-0.215	-0.443	0
Kpna6	32.05	0.467	832.0	-0.533	-0.318	-0.215	-0.172	0
Brwd3	33.21	0.515	717.7	0.368	0.583	-0.215	-0.529	0
Fam162a	147.64	5.625	2935.7	-0.817	-0.601	-0.216	-0.42	1
Nfkb1	26.15	0.031	1291.4	-1.345	-1.129	-0.216	-0.069	0
Hivep2	26.81	0.028	484.9	0.642	0.858	-0.216	-0.339	0
Eif4g3	38.79	0.118	4213.2	-0.731	-0.514	-0.217	-0.278	0
Rpl23a	1105.12	6.519	2940.4	7.183	7.4	-0.217	-0.598	1
Mmadhc	58.64	2.14	3260.9	0.953	1.17	-0.217	-0.333	1
Tom1l2	23.87	0.208	821.9	-1.147	-0.929	-0.218	-0.287	0
Usp11	51.54	1.233	865.9	-1.591	-1.373	-0.218	-0.263	0
Ube2q1	45.96	3.54	1527.0	0.424	0.642	-0.219	-0.242	1
Tmx1	85.43	3.059	2319.2	-0.359	-0.14	-0.219	-0.471	1
Cars	48.92	0.548	1791.8	-0.645	-0.426	-0.219	-0.102	0
Dnajb14	59.39	0.655	235.2	-2.137	-1.918	-0.219	-0.438	0
Lamtor1	70.65	3.535	415.1	-1.259	-1.039	-0.219	-0.33	1
Ap3m1	20.91	0.845	788.3	0.681	0.901	-0.22	-0.234	0
Ddx50	38.12	0.68	2853.8	-0.587	-0.366	-0.22	-0.188	0
Mthfd1l	59.68	0.131	1671.6	-0.758	-0.537	-0.22	-0.586	0
Sec22b	97.66	1.468	3210.1	-0.778	-0.557	-0.221	-0.258	0
Cdr2	26.93	0.109	1186.6	-1.496	-1.276	-0.221	-0.377	0
Hars	22.92	0.778	2376.8	-0.329	-0.108	-0.221	-0.323	0
Psma2	86.35	3.369	2203.0	-1.237	-1.016	-0.221	-0.061	1
Mphosph10	31.42	1.0	1083.9	-0.392	-0.171	-0.221	-0.336	0
Mia2	54.07	0.471	2283.5	-0.369	-0.148	-0.221	-0.321	0
Gpr108	20.84	1.386	1096.3	-1.325	-1.103	-0.223	-0.431	0
Srsf6	89.77	1.434	2241.5	-0.348	-0.126	-0.223	-0.153	0
Uba5	26.66	0.764	2191.8	-0.949	-0.726	-0.223	-0.375	0
Dcaf13	28.85	0.986	614.9	-3.076	-2.853	-0.224	-0.078	0
Dut	103.69	3.245	497.2	-1.098	-0.874	-0.224	-0.374	1
Snx9	37.2	0.076	1911.7	1.164	1.388	-0.224	-0.14	0
Cox7a2	212.75	5.287	1898.9	-0.615	-0.391	-0.224	-0.433	1
Vps25	34.04	6.402	900.0	-1.447	-1.222	-0.225	-0.168	1
B3gnt7	30.79	3.941	569.2	2.718	2.943	-0.225	-1.16	1
Asph	121.86	1.007	2570.0	0.452	0.677	-0.225	-0.381	0
Plekhm2	26.79	0.352	1328.2	0.636	0.861	-0.225	-0.224	0
Aebp2	27.95	0.153	592.3	-1.53	-1.304	-0.226	-0.015	0
Dicer1	57.66	0.564	2291.5	-0.388	-0.161	-0.227	-0.189	0
Ccnl2	67.92	1.003	1397.6	-1.409	-1.182	-0.227	-0.189	0
Gusb	49.11	2.865	3395.3	0.592	0.819	-0.227	-0.447	1
Stx7	31.63	0.522	590.1	-1.068	-0.841	-0.227	-0.392	0
Gpaa1	57.87	3.694	1124.1	-2.435	-2.207	-0.227	-0.377	1
Sumf2	70.21	2.088	808.3	-0.451	-0.224	-0.227	-0.593	1
Cd47	58.19	1.008	1296.6	1.153	1.38	-0.228	-0.284	0
Mydgf	247.75	6.24	2170.3	-0.593	-0.365	-0.228	-0.346	1
Zmiz1	51.38	0.202	2330.3	-1.221	-0.993	-0.228	-0.411	0
Yipf5	85.89	1.906	2882.8	-0.28	-0.051	-0.229	-0.436	0
Sox5	145.37	0.215	1338.4	-1.774	-1.546	-0.229	-0.397	0
Snapin	24.79	9.178	254.9	-1.276	-1.047	-0.229	-0.25	1
Mrps24	74.93	3.417	347.4	-0.509	-0.28	-0.229	-0.173	1
Ptpn2	56.41	0.432	609.6	-0.86	-0.63	-0.23	-0.198	0
Ankrd13c	25.37	0.298	617.4	0.728	0.958	-0.23	-0.357	0
Rab11fip2	28.12	0.798	276.3	1.433	1.663	-0.231	-0.345	0
Cbr1	25.14	3.598	502.0	-1.744	-1.513	-0.231	-0.247	1
Tiparp	441.74	1.81	470.3	-1.202	-0.971	-0.231	-0.088	0
Gnpat	23.71	0.856	2627.2	1.311	1.542	-0.231	-0.401	0
Micos10	92.01	4.216	1230.9	-0.313	-0.082	-0.231	-0.016	1
Vrk3	22.26	0.544	409.7	-1.454	-1.223	-0.232	-0.892	0
Zfx	29.85	0.307	567.5	0.453	0.685	-0.232	-0.129	0
Ptgds	33.44	2.085	76.5	3.604	3.836	-0.232	-2.556	1
Slc25a32	23.46	0.512	409.6	0.737	0.969	-0.233	-0.418	0
Bad	36.16	3.594	523.9	-1.005	-0.772	-0.233	-0.233	1
Pdcd6ip	89.83	0.718	3944.8	-0.388	-0.154	-0.234	-0.399	0
Ranbp9	32.28	0.181	1297.9	0.574	0.808	-0.234	-0.391	0
Vdac1	127.01	2.193	2454.8	-0.406	-0.171	-0.234	-0.271	1
Fam204a	44.46	0.933	759.8	1.308	1.542	-0.235	-0.524	0
Usp24	28.13	0.145	2072.2	-0.424	-0.189	-0.235	-0.535	0
Ckb	81.49	5.306	1254.0	1.044	1.279	-0.235	-0.592	1
Trappc4	30.53	3.193	844.2	-0.388	-0.152	-0.235	-0.133	1
Upf1	26.8	0.725	2186.2	-0.837	-0.602	-0.235	-0.255	0
Man2b1	24.77	0.889	3176.7	2.195	2.432	-0.236	-0.649	0
Mob1a	42.21	0.612	333.7	-0.801	-0.564	-0.237	-0.094	0
Cox6a1	205.08	7.596	2523.7	-0.728	-0.491	-0.237	-0.167	1
Mtln	56.38	8.342	129.1	-0.829	-0.592	-0.237	-0.397	1
Fam91a1	31.5	0.581	1895.1	-0.966	-0.728	-0.239	-0.314	0
Atp6v1h	25.4	0.294	1270.6	-0.759	-0.52	-0.239	-0.065	0
Lrrc58	54.64	1.448	492.8	1.425	1.664	-0.239	-0.392	0
Cyp20a1	50.95	0.29	2866.1	1.862	2.102	-0.239	-0.208	0
Gpcpd1	53.92	0.241	1030.4	0.752	0.991	-0.239	-0.21	0
Gna11	41.16	3.18	1635.0	-0.309	-0.069	-0.24	-0.24	1
Mrpl20	87.64	2.287	1465.9	-0.39	-0.15	-0.24	-0.309	1
Tssc4	21.04	1.789	907.0	-1.05	-0.81	-0.24	-0.305	0
Amotl2	67.02	2.383	2111.1	-1.031	-0.79	-0.242	-0.435	1
Nek7	40.37	0.203	365.4	-0.89	-0.648	-0.242	-0.063	0
Nfx1	22.75	0.183	1905.2	-0.969	-0.727	-0.242	-0.358	0
Smim5	33.4	4.98	207.9	-1.799	-1.556	-0.243	-0.361	1
Atf6b	21.42	1.165	2136.6	-0.39	-0.147	-0.243	-0.249	0
Hdac1	34.53	1.125	868.9	1.754	1.997	-0.243	-0.058	0
Mogs	33.81	2.008	5672.7	-0.977	-0.733	-0.244	-0.541	1
Lman1	162.6	1.9	7918.3	-0.33	-0.085	-0.245	-0.492	0
Stt3a	57.39	1.438	13626.2	-0.487	-0.242	-0.245	-0.376	0
Ap1ar	34.0	1.325	504.7	-0.52	-0.274	-0.246	-0.413	0
Jagn1	25.72	5.069	174.8	-2.056	-1.81	-0.246	-0.198	1
Lman2	84.7	2.824	2112.7	-0.386	-0.139	-0.246	-0.253	1
Entpd4	42.66	0.602	546.9	0.744	0.991	-0.247	-0.619	0
Dok1	93.9	3.559	1709.0	-0.348	-0.101	-0.247	-0.622	1
Ppip5k2	62.99	0.956	1356.7	-0.755	-0.508	-0.247	-0.412	0
Tkt	103.55	1.956	8505.0	-0.506	-0.258	-0.248	-0.213	0
Echdc2	23.33	0.719	194.4	-4.039	-3.791	-0.248	-0.206	0
Fbxl3	47.95	1.116	915.1	-0.576	-0.326	-0.249	-0.55	0
Pdcd2	30.48	1.807	370.6	0.524	0.774	-0.25	-0.2	0
Lamtor5	114.91	4.805	364.1	1.304	1.554	-0.25	-0.47	1
Herpud1	267.13	1.508	2200.3	-1.13	-0.88	-0.25	-0.366	0
Cdc34	20.94	1.688	1198.0	0.336	0.588	-0.252	-0.321	0
Erbin	72.79	0.208	3255.1	0.792	1.045	-0.252	-0.4	0
Fastk	34.39	2.529	2544.2	-1.457	-1.205	-0.252	-0.414	1
Tspan31	36.94	4.131	978.9	-0.912	-0.659	-0.253	-0.653	1
Fbxo28	20.22	0.282	372.8	-0.556	-0.303	-0.253	-0.44	0
Prelid3b	22.86	2.609	568.3	-1.849	-1.595	-0.254	-0.279	1
Nans	33.86	0.651	2940.1	-0.685	-0.43	-0.255	-0.172	0
Gorasp1	22.22	2.541	953.3	-0.435	-0.179	-0.255	-0.382	1
Aplp2	102.17	0.56	6521.9	-0.498	-0.242	-0.256	-0.5	0
Clptm1l	52.95	1.662	3819.2	-0.947	-0.691	-0.256	-0.32	0
Rps17	864.62	4.089	5302.0	9.136	9.392	-0.256	-0.004	1
Serp1	174.08	2.259	1071.1	-1.585	-1.328	-0.257	-0.241	1
Morc3	24.85	0.345	576.5	-0.89	-0.632	-0.258	-0.565	0
Rps6kb2	23.39	2.002	538.0	-0.624	-0.366	-0.258	-0.096	1
Usp10	20.35	0.281	1169.4	-0.687	-0.429	-0.258	-0.362	0
Adarb1	44.7	0.263	395.5	-1.766	-1.507	-0.259	-0.293	0
Acsl4	41.14	0.323	921.8	0.713	0.972	-0.259	-0.431	0
Pgam1	183.07	4.6	914.4	7.907	8.166	-0.259	-1.844	1
Selenof	85.83	0.856	4484.3	-1.008	-0.749	-0.259	-0.505	0
Nf1	75.46	0.266	1714.1	0.702	0.961	-0.259	-0.333	0
Gaa	54.92	4.898	5705.0	-3.554	-3.294	-0.26	-0.528	1
Gps1	26.01	2.363	1054.7	1.534	1.794	-0.26	-0.218	1
Hsf1	23.7	0.725	786.2	-0.486	-0.226	-0.261	-0.058	0
Surf1	26.25	2.642	507.4	-1.044	-0.784	-0.261	-0.196	1
Tpi1	468.52	3.577	11237.5	-1.215	-0.954	-0.261	-0.366	1
Lsm3	82.95	4.939	552.4	0.629	0.89	-0.261	-0.141	1
Colgalt1	111.29	1.759	6893.6	-0.732	-0.471	-0.261	-0.594	0
Scoc	35.61	3.68	151.5	0.885	1.147	-0.262	-0.304	1
Slc35d1	56.64	1.001	854.8	-0.853	-0.591	-0.262	-0.705	0
Cdc123	26.48	0.6	1895.5	-1.303	-1.041	-0.262	-0.038	0
Ugp2	224.44	1.187	5891.6	-1.834	-1.572	-0.262	-0.316	0
Rpl12	1374.46	4.588	1427.1	4.261	4.523	-0.262	-0.023	1
Tasor2	59.39	0.368	3825.0	1.317	1.579	-0.262	-0.434	0
Gtf2a2	58.23	3.067	452.1	-0.985	-0.722	-0.262	-0.285	1
Secisbp2l	59.89	0.717	1195.3	0.585	0.848	-0.263	-0.306	0
Mrpl50	21.58	2.941	279.8	-2.122	-1.859	-0.263	-0.487	1
Ndufaf3	49.41	6.585	388.1	0.636	0.899	-0.263	-0.033	1
Alg2	24.44	1.274	1098.4	-0.827	-0.563	-0.264	-0.335	0
G6pc3	25.45	5.139	983.3	-0.946	-0.682	-0.264	-0.231	1
Cd99l2	21.3	0.954	1194.6	2.164	2.429	-0.265	-0.428	0
Fam13a	62.87	0.399	130.5	1.398	1.663	-0.265	-1.063	0
Atp6ap2	73.44	2.163	1064.3	0.875	1.141	-0.265	-0.751	1
Ddx3x	184.87	1.063	4557.5	-12.61	-12.345	-0.266	-0.864	0
Srp19	53.93	1.048	743.9	-2.698	-2.432	-0.266	-0.256	0
Mtmr2	44.77	0.594	1552.8	-0.621	-0.355	-0.267	-0.323	0
Ube2w	32.83	0.286	305.7	-1.221	-0.954	-0.267	-0.406	0
Smarca1	103.89	1.434	2486.4	1.008	1.276	-0.267	-0.467	0
Chchd7	33.24	2.343	514.1	0.327	0.594	-0.267	-0.118	1
Zc3h7a	70.0	0.961	1252.7	-0.54	-0.272	-0.268	-0.179	0
Znhit6	46.18	0.712	633.7	-1.427	-1.158	-0.269	-0.457	0
Ccdc59	47.47	2.007	373.3	-2.204	-1.935	-0.269	-0.367	1
Mrpl32	32.91	3.435	447.5	0.802	1.071	-0.269	-0.384	1
Polr3d	36.01	1.841	1142.6	-0.46	-0.191	-0.27	-0.507	0
Dnajc15	57.33	1.03	292.4	-1.477	-1.207	-0.27	-0.239	0
Iars2	48.21	1.694	2139.5	0.985	1.255	-0.27	-0.225	0
Limd1	23.03	0.246	1663.8	-0.716	-0.446	-0.27	-0.602	0
Rasa1	34.28	0.269	1415.8	0.888	1.159	-0.27	-0.338	0
Elovl5	47.44	0.199	564.9	-0.72	-0.45	-0.27	-0.374	0
Golga4	171.56	0.451	2095.7	-0.758	-0.488	-0.271	-0.516	0
Npc2	60.41	2.574	1563.4	-0.906	-0.635	-0.271	-0.354	1
Pkd1	57.39	0.967	10417.8	-0.76	-0.488	-0.271	-0.562	0
Pofut2	54.33	1.628	5290.2	-1.455	-1.183	-0.272	-0.542	0
Adh5	57.41	3.871	1564.8	-0.48	-0.208	-0.272	-0.306	1
Pdia3	377.64	1.938	17020.4	-1.17	-0.898	-0.272	-0.391	0
Ndufb3	66.68	10.46	360.4	-0.628	-0.354	-0.273	-0.265	1
Tbrg1	41.2	0.874	5059.1	-3.908	-3.634	-0.274	-0.432	0
Atf4	420.86	2.994	3754.6	-1.255	-0.981	-0.274	-0.591	1
Gstz1	27.45	2.665	513.1	-2.113	-1.838	-0.274	-0.465	1
Plgrkt	22.53	0.53	283.7	-2.886	-2.611	-0.275	-0.105	0
Ncoa1	31.97	0.11	836.9	1.015	1.29	-0.275	-0.194	0
Itfg1	42.17	0.186	2874.0	0.711	0.986	-0.275	-0.304	0
Psap	381.54	1.886	18907.5	0.406	0.682	-0.275	-0.534	0
Pim3	138.28	2.535	655.3	-2.117	-1.841	-0.276	-0.087	1
Fez2	36.63	0.869	321.1	-0.524	-0.248	-0.276	-0.177	0
Ahi1	73.79	0.243	564.7	-1.024	-0.748	-0.276	-0.475	0
Hmgcl	26.18	2.086	822.0	-1.36	-1.084	-0.276	-0.633	1
Actr10	54.96	1.046	2882.5	0.94	1.217	-0.277	-0.197	0
Zc3h8	27.7	0.646	99.7	1.763	2.04	-0.277	-0.631	0
Ndn	37.5	7.706	2536.1	-2.657	-2.38	-0.277	-0.617	1
Spcs2	121.12	1.754	2296.5	0.502	0.779	-0.277	-0.035	0
Slc39a7	84.54	2.883	11272.9	-0.274	0.004	-0.277	-0.497	1
Dele1	33.02	0.954	884.5	-1.157	-0.88	-0.278	-0.165	0
Plpp5	89.27	2.833	1136.9	-1.343	-1.064	-0.278	-0.34	1
Pdcd10	45.65	0.913	463.0	1.654	1.932	-0.278	-0.124	0
Scamp3	39.64	1.718	1828.8	-0.801	-0.52	-0.28	-0.108	0
Cops9	132.61	5.634	807.5	1.628	1.91	-0.282	-0.074	1
Yipf4	66.57	0.906	1826.6	0.392	0.674	-0.282	-0.707	0
Slc35a2	26.35	3.039	2023.4	-1.228	-0.945	-0.283	-0.528	1
Pspc1	24.96	0.15	1308.6	0.326	0.61	-0.284	-0.27	0
Snai2	133.46	5.647	2720.3	0.998	1.282	-0.284	-0.679	1
Hint2	26.15	4.553	359.4	0.798	1.083	-0.284	-0.69	1
Ggnbp2	64.77	0.72	1377.9	-0.691	-0.406	-0.285	-0.381	0
Chst12	33.47	0.769	2526.7	-2.92	-2.635	-0.285	-0.543	0
B3gat3	25.21	1.736	1509.7	-1.037	-0.75	-0.287	-0.59	0
Eci1	20.85	1.315	625.9	0.712	1.0	-0.288	-0.023	0
Slc41a3	22.81	2.422	326.6	0.604	0.892	-0.289	-0.154	1
Mvb12a	27.68	1.924	957.7	-0.825	-0.536	-0.289	-0.015	0
Nfat5	146.54	0.206	1879.6	-1.108	-0.819	-0.289	-0.434	0
Braf	45.0	0.084	339.1	0.459	0.748	-0.289	-0.796	0
Dhcr24	33.69	1.141	1552.7	-0.424	-0.134	-0.29	-0.66	0
Cryl1	27.37	1.551	1260.3	-1.403	-1.114	-0.29	-0.41	0
Atp6v1a	42.02	0.603	1982.6	-0.424	-0.135	-0.29	-0.171	0
Pdhb	31.21	2.647	1654.8	0.914	1.204	-0.291	-0.28	1
Chchd5	42.36	6.391	300.3	0.877	1.167	-0.291	-0.138	1
Gmpr2	25.57	5.683	852.4	0.456	0.747	-0.291	-0.436	1
Ctsz	75.88	0.898	5589.8	-1.445	-1.153	-0.291	-0.335	0
Sparc	12339.87	7.627	262182.6	-1.272	-0.98	-0.292	-1.25	1
Optn	61.58	1.099	936.7	-0.343	-0.051	-0.292	-0.557	0
Lrrc28	34.36	0.586	291.3	0.976	1.267	-0.292	-0.405	0
Cep126	72.95	1.671	329.5	-0.683	-0.391	-0.292	-0.163	0
Rnf121	25.11	0.48	958.0	-0.504	-0.211	-0.292	-0.215	0
Wdr13	30.21	1.914	408.8	0.388	0.68	-0.293	-0.138	0
Ndufs4	41.78	0.784	1555.0	0.744	1.037	-0.293	-0.088	0
Notch2	80.52	0.508	3415.1	0.817	1.11	-0.293	-0.542	0
Acsl3	138.61	0.927	2892.7	1.156	1.449	-0.293	-0.648	0
Secisbp2	50.37	0.43	446.3	-0.802	-0.508	-0.294	-0.395	0
Selenok	81.88	1.951	735.4	0.474	0.768	-0.294	-0.311	0
Ndufa4	155.81	8.56	1843.1	-0.347	-0.053	-0.294	-0.412	1
Ercc5	35.7	0.841	834.1	0.439	0.733	-0.294	-0.353	0
Ext2	50.46	0.704	6519.5	-0.358	-0.063	-0.295	-0.495	0
Slc35b4	21.05	1.42	567.6	-0.457	-0.161	-0.295	-0.397	0
Mpp5	22.11	0.454	409.5	-0.492	-0.197	-0.295	-0.433	0
Wrn	25.57	0.252	663.1	0.692	0.987	-0.295	-0.076	0
Klhdc3	59.57	3.52	2026.0	-0.837	-0.542	-0.295	-0.293	1
Camk1d	21.49	0.024	224.6	0.588	0.886	-0.298	-0.049	0
Ankrd12	162.89	0.303	311.8	0.776	1.075	-0.299	-0.387	0
Scamp1	53.77	1.16	630.6	0.681	0.98	-0.299	-0.276	0
Mapk6	59.47	0.32	776.1	-2.661	-2.362	-0.299	-0.454	0
Tmco1	99.96	2.196	1040.0	-1.086	-0.786	-0.3	-0.613	1
Syne2	89.82	0.305	1252.3	1.43	1.731	-0.3	-0.169	0
Ost4	418.67	13.352	1196.3	-0.816	-0.516	-0.3	-0.191	1
Traf3ip2	28.07	0.636	101.4	-0.824	-0.522	-0.301	-0.784	0
Ntan1	31.96	1.456	1832.3	-3.159	-2.857	-0.302	-0.253	0
Mbnl2	86.98	0.268	1958.1	-0.508	-0.207	-0.302	-0.592	0
Cuta	102.0	4.773	823.0	-0.484	-0.182	-0.302	-0.175	1
Ostc	293.1	5.543	4110.2	-0.766	-0.464	-0.302	-0.346	1
Fam114a1	120.46	1.209	5504.7	-0.514	-0.212	-0.303	-0.444	0
Ldha	456.43	4.427	16511.2	-1.05	-0.746	-0.304	-0.492	1
Nrep	129.54	0.581	2767.3	-0.775	-0.471	-0.304	-0.754	0
Klhdc10	29.73	0.465	882.8	-1.234	-0.93	-0.304	-0.56	0
Aff1	29.03	0.078	408.5	-2.107	-1.803	-0.304	-0.522	0
Gna12	37.26	0.185	1455.8	-0.719	-0.415	-0.305	-0.612	0
Fbxw5	46.22	1.467	907.6	-0.422	-0.117	-0.305	-0.545	0
Tcea2	24.43	4.391	166.6	1.223	1.529	-0.305	-0.473	1
Ptpre	31.99	0.297	109.9	-0.864	-0.559	-0.305	-0.741	0
Wwtr1	257.47	0.614	1803.2	-1.007	-0.701	-0.306	-0.48	0
Mid1ip1	33.27	3.494	168.0	-0.866	-0.56	-0.306	-0.77	1
Alg5	39.54	1.226	2385.8	0.751	1.057	-0.306	-0.359	0
Pdk1	33.19	0.766	1295.1	0.409	0.717	-0.307	-0.83	0
Wrnip1	35.33	1.017	1495.3	-0.354	-0.046	-0.307	-0.3	0
Zbtb44	44.85	0.607	396.5	0.887	1.194	-0.308	-0.313	0
Cst3	426.17	2.267	8376.6	-2.2	-1.892	-0.308	-0.375	1
Tomm20	155.35	3.307	1158.1	1.181	1.49	-0.308	-0.133	1
Gorasp2	49.56	0.753	5706.9	-1.001	-0.692	-0.309	-0.387	0
Psenen	24.83	5.954	315.8	7.203	7.512	-0.309	-0.733	1
Eif4a3	42.47	0.863	1321.1	-2.888	-2.579	-0.31	-0.338	0
Rap1a	53.33	0.278	922.7	0.346	0.656	-0.31	-0.237	0
Zfand1	30.7	2.395	218.4	3.326	3.638	-0.311	-0.152	1
Gltp	45.36	1.108	448.6	-0.957	-0.645	-0.312	-0.041	0
Mtdh	172.4	0.78	2922.2	0.322	0.635	-0.313	-0.445	0
Gnb4	37.98	0.641	1800.4	-1.773	-1.46	-0.313	-0.62	0
Mtx1	45.89	2.32	1053.0	-1.403	-1.089	-0.314	-0.672	1
Mtus1	73.6	0.739	1722.6	-0.628	-0.314	-0.314	-0.384	0
Slc29a1	258.81	2.693	3459.0	-2.494	-2.18	-0.314	-0.666	1
Ndufb4	136.26	7.02	1032.4	3.71	4.024	-0.315	-0.347	1
Sptssa	45.24	4.376	239.8	-1.163	-0.849	-0.315	-0.293	1
Mafk	31.38	1.13	71.1	-1.399	-1.084	-0.315	-0.096	0
Crispld2	211.91	1.596	865.5	0.982	1.298	-0.315	-0.727	0
Lin7c	38.82	1.888	546.6	-1.469	-1.153	-0.316	-0.432	0
Lmcd1	46.54	0.553	930.0	-0.506	-0.189	-0.317	-0.431	0
Ivd	26.46	1.185	557.8	-0.706	-0.389	-0.318	-0.451	0
Pxylp1	94.34	0.946	2216.8	-0.697	-0.379	-0.318	-0.839	0
N4bp2	49.37	0.377	2299.0	1.035	1.353	-0.319	-0.594	0
Mpg	57.14	3.892	339.8	-2.751	-2.432	-0.319	-0.251	1
Sdf4	154.26	3.959	6396.1	-0.33	-0.011	-0.319	-0.565	1
Lemd3	23.4	0.233	631.2	-0.835	-0.515	-0.319	-0.472	0
Tsn	42.25	2.158	989.4	-3.626	-3.306	-0.32	-0.794	1
Atp8b2	47.59	0.841	7537.1	-0.523	-0.201	-0.321	-0.537	0
Dctn6	31.99	1.521	1030.4	0.83	1.152	-0.322	-0.556	0
Akr1a1	47.76	1.803	10932.8	-2.047	-1.724	-0.322	-0.333	0
Odr4	31.07	0.6	940.2	0.39	0.713	-0.322	-0.323	0
Capn7	53.22	0.599	1115.9	-0.384	-0.062	-0.323	-0.466	0
Fgfr3	146.08	1.53	19845.3	-0.985	-0.662	-0.323	-0.283	0
Ndufs3	41.07	2.878	1291.7	0.828	1.151	-0.323	-0.153	1
Ddost	70.41	3.831	11836.8	-0.332	-0.007	-0.326	-0.645	1
Kcnk1	23.34	0.904	946.1	1.537	1.864	-0.327	-1.164	0
Degs1	51.44	1.479	2865.4	-0.253	0.075	-0.328	-0.334	0
Ubald1	25.52	2.153	209.8	-1.925	-1.597	-0.328	-0.387	1
Creg1	47.38	1.317	506.6	0.548	0.877	-0.329	-0.159	0
Slc25a24	27.2	0.642	744.2	0.511	0.84	-0.329	-0.287	0
Tceal8	56.91	8.252	2554.3	-0.719	-0.389	-0.33	-0.304	1
Ergic1	89.31	0.725	2653.5	-0.651	-0.321	-0.33	-0.452	0
Pnp	32.64	0.987	1116.9	1.485	1.815	-0.33	-0.294	0
Ngrn	53.78	3.281	1012.0	1.649	1.979	-0.331	-0.468	1
Agpat5	31.96	0.746	636.4	-0.77	-0.439	-0.331	-0.218	0
Mrpl16	21.17	3.316	665.3	0.424	0.755	-0.331	-0.391	1
Ndufa7	57.68	8.617	1294.7	-1.072	-0.741	-0.331	-0.327	1
Jtb	166.96	4.488	800.6	0.546	0.877	-0.331	-0.454	1
Camta2	24.14	1.319	646.8	-0.716	-0.384	-0.331	-0.374	0
Mrpl38	24.63	1.637	961.1	0.629	0.961	-0.332	-0.182	0
Fnbp4	68.2	0.408	1238.1	0.645	0.977	-0.332	-0.378	0
Jam3	22.03	0.442	1450.1	1.205	1.537	-0.332	-0.507	0
Tm2d1	69.88	1.161	376.0	1.225	1.557	-0.332	-0.176	0
Aig1	68.75	1.191	198.7	0.559	0.892	-0.333	-0.605	0
S100a11	407.34	6.055	2486.8	1.105	1.439	-0.334	-0.458	1
Tmem67	23.75	0.675	417.3	0.474	0.808	-0.334	-0.274	0
Sgce	63.0	2.153	1885.8	0.735	1.07	-0.335	-0.363	1
Nudcd2	27.8	3.722	588.8	-4.178	-3.843	-0.335	-0.052	1
Rab3gap2	46.32	0.498	2681.7	0.4	0.735	-0.335	-0.326	0
Sidt2	57.64	2.784	4910.1	-1.093	-0.758	-0.335	-0.666	1
Nckap5	42.31	0.172	552.6	-1.037	-0.702	-0.335	-0.126	0
Pex2	27.13	1.389	515.9	-1.417	-1.081	-0.336	-0.872	0
Whamm	21.6	0.695	185.1	-0.68	-0.344	-0.336	-0.155	0
Agtrap	38.04	3.291	161.8	-0.734	-0.398	-0.336	-0.273	1
Sox6	86.02	0.228	1168.4	-0.73	-0.391	-0.339	-0.404	0
Rnf103	26.07	0.755	961.8	-0.617	-0.277	-0.339	-0.684	0
Arhgef28	20.94	0.492	509.7	-0.55	-0.21	-0.34	-0.939	0
Mbnl1	315.09	0.212	2772.8	-0.438	-0.097	-0.341	-0.582	0
Dtwd1	41.42	1.001	272.6	1.721	2.062	-0.341	-0.598	0
Hddc2	39.54	1.866	288.0	-1.147	-0.806	-0.341	-0.483	0
Lpar4	85.23	2.694	1094.1	0.327	0.668	-0.341	-0.75	1
Ccdc90b	49.31	2.177	531.1	-1.461	-1.12	-0.341	-0.62	1
Gpr180	26.73	1.229	2240.5	-0.737	-0.395	-0.341	-0.398	0
Chchd2	381.54	6.202	609.5	1.468	1.81	-0.342	-0.095	1
Atp6v0a1	23.83	0.501	723.9	-0.562	-0.219	-0.343	-0.513	0
Micu1	32.78	0.219	2342.0	-0.634	-0.29	-0.343	-0.574	0
Sptlc2	40.9	0.53	2002.0	-1.457	-1.113	-0.344	-0.257	0
Dnal1	22.94	1.001	115.9	0.918	1.262	-0.344	-0.116	0
Acan	3573.74	1.957	275457.6	-1.704	-1.359	-0.344	-0.391	0
Ttll3	23.19	0.708	74.2	-2.324	-1.98	-0.344	-0.547	0
Scfd1	73.6	0.439	2648.0	-0.35	-0.006	-0.345	-0.337	0
Rpl10a	881.93	8.272	3757.1	5.973	6.318	-0.345	-0.234	1
Taldo1	159.68	1.86	2617.2	-0.505	-0.16	-0.345	-0.451	0
Rars2	41.04	0.385	475.7	-0.403	-0.058	-0.346	-0.358	0
Hspg2	588.15	2.573	118743.7	-1.064	-0.718	-0.346	-0.578	1
Naa50	58.92	0.413	630.8	-2.693	-2.346	-0.346	-0.236	0
Nfkbil1	25.67	2.5	196.8	-3.034	-2.687	-0.347	-0.507	1
Cdc42se1	63.8	1.468	552.0	-0.757	-0.41	-0.347	-0.221	0
Emc4	32.06	4.438	888.4	-0.324	0.023	-0.347	-0.381	1
Med8	34.26	2.059	391.7	-0.884	-0.536	-0.348	-0.217	1
Efhd2	37.68	1.233	827.3	-1.3	-0.951	-0.349	-0.402	0
Ppp6r1	24.92	0.524	2860.9	-0.782	-0.433	-0.349	-0.335	0
Srsf5	196.96	1.458	3065.0	0.921	1.27	-0.35	-0.084	0
Tiam2	133.85	0.116	4593.2	-1.316	-0.966	-0.35	-0.62	0
Ap1g1	41.8	0.313	1581.9	-0.825	-0.475	-0.35	-0.317	0
Stim1	22.74	0.177	1031.4	-1.028	-0.678	-0.35	-0.391	0
Manba	27.89	0.165	298.2	-0.509	-0.159	-0.35	-0.455	0
Pgk1	574.05	5.637	4040.7	3.843	4.193	-0.35	-0.18	1
Hdhd2	22.93	0.586	443.8	-1.347	-0.997	-0.35	-0.314	0
Nbas	36.83	0.184	2582.2	-0.298	0.052	-0.351	-0.584	0
Cnpy2	133.06	2.778	3488.7	-0.894	-0.542	-0.352	-0.605	1
Chd7	27.55	0.228	736.5	-0.304	0.05	-0.354	-0.012	0
Stard10	28.84	2.229	393.8	0.706	1.061	-0.355	-0.565	1
Esco1	32.75	0.496	182.3	-1.244	-0.889	-0.355	-0.069	0
Tmem216	20.31	4.868	115.7	-0.74	-0.385	-0.355	-0.3	1
Gabarapl2	134.45	5.526	533.7	3.682	4.037	-0.355	-0.229	1
Akt1	87.42	4.097	7616.8	-0.539	-0.183	-0.356	-0.381	1
March5	31.77	0.513	507.2	-2.013	-1.657	-0.356	-0.31	0
Denr	52.73	1.077	855.5	-3.755	-3.395	-0.359	-0.136	0
Prkrip1	23.63	0.274	173.8	-1.407	-1.048	-0.359	-0.411	0
Tmem258	251.14	6.441	2506.7	-0.782	-0.422	-0.361	-0.416	1
Cdk5rap3	42.02	1.889	1954.7	-0.721	-0.36	-0.361	-0.481	0
Cog3	27.54	0.534	1739.8	0.692	1.053	-0.361	-0.513	0
Rpn1	120.19	1.922	12183.6	-0.476	-0.115	-0.361	-0.415	0
Shtn1	21.15	0.355	90.9	1.375	1.737	-0.362	-1.41	0
Bnip3	249.56	6.078	1637.2	0.981	1.344	-0.363	-0.53	1
Sumf1	29.39	0.192	573.5	-0.847	-0.484	-0.363	-0.294	0
Pkn2	62.77	0.323	1487.1	-0.841	-0.478	-0.363	-0.354	0
Pdcd6	164.31	2.238	1560.0	-0.907	-0.543	-0.364	-0.354	1
Ctsl	43.48	1.334	2476.8	-1.849	-1.485	-0.364	-0.711	0
Btg3	57.61	1.074	396.0	8.285	8.649	-0.364	-0.371	0
Arhgap1	30.99	1.156	1420.6	-0.683	-0.317	-0.366	-0.291	0
Malt1	28.45	0.114	316.8	1.886	2.252	-0.366	-0.105	0
Aph1b	23.89	0.877	171.8	3.147	3.513	-0.367	-0.576	0
Pitpnc1	59.64	0.057	346.7	-1.11	-0.743	-0.367	-0.871	0
Hspb11	44.55	1.115	486.6	-0.514	-0.146	-0.367	-0.581	0
Stk39	64.65	0.297	2989.6	-0.939	-0.571	-0.368	-0.376	0
Ndufa12	36.51	2.29	234.0	1.351	1.719	-0.368	-0.037	1
Rlim	50.28	0.977	277.5	-2.345	-1.976	-0.369	-0.464	0
Bhlhe41	182.68	5.937	182.2	0.6	0.969	-0.369	-0.677	1
Usp9x	46.17	0.221	2360.4	-12.077	-11.708	-0.369	-0.288	0
Itm2a	357.27	8.867	40099.4	-0.903	-0.534	-0.369	-0.779	1
Slc39a14	373.73	0.865	1751.9	-1.322	-0.953	-0.369	-0.818	0
Synpo	96.78	1.591	5104.6	-1.845	-1.476	-0.369	-0.552	0
Lztfl1	24.67	1.057	724.2	0.641	1.012	-0.371	-0.171	0
Slc8a3	53.48	0.572	6897.7	-1.499	-1.128	-0.371	-0.689	0
Emc7	49.61	3.913	1696.6	-0.385	-0.014	-0.371	-0.295	1
Ssbp2	26.66	0.085	455.8	1.176	1.547	-0.371	-0.505	0
Exosc8	23.68	1.4	377.6	-1.902	-1.53	-0.372	-0.519	0
Ak1	231.41	5.568	567.5	-0.597	-0.225	-0.373	-0.476	1
Cops7a	44.19	3.574	1873.5	-0.806	-0.433	-0.373	-0.292	1
Arhgef1	58.05	0.95	6549.8	-2.152	-1.779	-0.374	-0.42	0
Rpl24	966.11	5.878	4064.2	9.566	9.943	-0.376	-0.149	1
Arfgef2	62.61	0.347	1649.9	-1.165	-0.787	-0.378	-0.604	0
Praf2	36.8	4.887	163.0	-0.819	-0.44	-0.379	-0.607	1
Asnsd1	21.52	2.034	377.6	2.273	2.652	-0.379	-0.102	1
Rnaseh1	20.53	1.007	213.7	-1.661	-1.281	-0.38	-0.231	0
Gtf2f2	33.98	0.424	534.3	-3.478	-3.097	-0.381	-0.413	0
Zdhhc4	30.85	3.272	1089.0	0.875	1.256	-0.381	-0.755	1
Cd9	332.93	2.109	10644.7	-0.966	-0.584	-0.382	-0.393	1
Uso1	93.67	0.734	6370.1	-0.674	-0.291	-0.383	-0.488	0
Sec61g	452.77	12.264	1831.9	8.663	9.046	-0.383	-0.666	1
Efcab14	52.79	0.88	1639.6	0.519	0.902	-0.384	-0.22	0
Hsd17b10	30.05	4.764	1098.4	-1.167	-0.784	-0.384	-0.505	1
Cdk17	37.47	0.112	705.7	-0.689	-0.304	-0.385	-0.139	0
Zbtb41	26.5	1.146	625.6	-1.53	-1.145	-0.386	-0.549	0
Erlec1	88.4	1.811	4149.5	0.287	0.675	-0.388	-0.568	0
Sesn1	44.59	0.378	1076.8	0.5	0.891	-0.391	-0.796	0
Atp5md	229.82	6.619	275.9	3.754	4.146	-0.392	-0.523	1
Trmt11	24.07	0.26	253.8	-0.834	-0.441	-0.393	-0.27	0
Uqcc2	41.44	2.52	1236.8	-1.366	-0.972	-0.394	-0.443	1
Hps1	20.8	0.755	613.1	-0.463	-0.069	-0.394	-0.511	0
Mtap	20.42	0.436	803.8	-1.498	-1.103	-0.395	-0.481	0
Fam20c	137.24	0.959	1612.7	-1.257	-0.862	-0.395	-0.194	0
Ihh	102.3	24.513	6049.3	-0.464	-0.069	-0.395	-0.281	1
Tom1	27.07	0.459	730.6	7.217	7.613	-0.395	-0.813	0
Ssr2	224.96	3.796	8104.4	-0.61	-0.214	-0.396	-0.728	1
Arfgef1	49.18	0.218	2533.5	-0.518	-0.122	-0.396	-0.412	0
Bcl2l2	20.14	1.96	64.1	-0.957	-0.56	-0.397	-0.48	0
Mat2b	37.32	1.459	1001.2	-1.114	-0.716	-0.398	-0.674	0
Pde4d	24.8	0.036	395.0	0.488	0.887	-0.399	-0.502	0
Phc3	64.09	0.403	258.6	-1.261	-0.861	-0.4	-0.549	0
Creb3l2	136.95	0.657	2498.6	-0.882	-0.483	-0.4	-0.588	0
Csrnp1	72.37	2.182	134.0	-0.625	-0.225	-0.4	-0.551	1
Slc7a1	28.06	0.163	878.7	-0.947	-0.546	-0.401	-0.596	0
Hapln1	6339.47	2.395	76507.7	-1.876	-1.474	-0.402	-0.314	1
Sorbs2	97.91	1.651	2181.7	-0.999	-0.598	-0.402	-0.73	0
Rps6kb1	36.77	0.517	1542.8	-1.337	-0.935	-0.402	-0.539	0
Nras	32.69	1.445	248.3	-1.891	-1.488	-0.404	-0.058	0
Letmd1	23.86	1.068	293.3	-0.479	-0.074	-0.404	-0.775	0
Tpgs2	35.8	1.214	443.1	-0.396	0.01	-0.406	-0.382	0
Loxl4	404.12	7.046	8829.0	-1.631	-1.224	-0.407	-0.288	1
P3h1	152.93	4.718	16332.4	-1.014	-0.607	-0.407	-0.897	1
Ncoa2	26.3	0.094	1692.5	-0.36	0.048	-0.408	-0.599	0
Ndufaf2	41.11	0.457	185.7	-1.528	-1.12	-0.408	-0.435	0
Commd6	209.01	8.091	321.4	0.488	0.901	-0.413	-0.383	1
Sdccag8	39.66	0.249	242.5	-0.926	-0.512	-0.414	-0.152	0
Nenf	91.77	3.761	1117.9	-1.565	-1.151	-0.414	-0.435	1
Ufm1	89.16	1.275	360.3	-3.775	-3.36	-0.415	-0.224	0
Pnisr	225.17	0.97	1834.3	0.41	0.825	-0.415	-0.166	0
Ufd1	38.78	1.152	1342.5	-0.4	0.016	-0.416	-0.301	0
Ugdh	80.07	0.595	9063.1	-0.569	-0.152	-0.417	-0.251	0
Nucb1	228.29	3.372	10235.8	-0.686	-0.268	-0.417	-0.745	1
Baiap2l1	37.16	0.644	476.9	-0.921	-0.504	-0.417	-0.147	0
Ctsf	41.49	4.807	915.1	-1.524	-1.106	-0.418	-0.36	1
Unkl	21.2	0.619	156.3	-0.998	-0.578	-0.42	-0.438	0
Twsg1	157.18	1.611	1776.7	-0.906	-0.485	-0.421	-0.878	0
Cog6	39.33	0.637	2742.7	0.316	0.738	-0.422	-0.291	0
Slc43a3	50.43	1.359	1387.3	-4.232	-3.81	-0.422	-0.398	0
Emc6	32.54	4.286	252.2	-1.461	-1.038	-0.423	-0.331	1
Susd5	60.05	1.148	17054.6	-0.761	-0.338	-0.423	-0.474	0
Pycr2	35.68	4.462	804.1	-1.201	-0.776	-0.426	-0.482	1
Mgat5	48.7	0.127	689.8	0.637	1.063	-0.426	-1.03	0
Trmt112	99.06	6.454	327.3	4.919	5.347	-0.428	-0.118	1
Eno1	918.65	4.333	6830.6	2.251	2.679	-0.429	-0.628	1
Sdc3	35.46	1.994	4357.9	-1.308	-0.88	-0.429	-0.662	1
Prickle1	45.62	0.556	2389.9	-0.332	0.097	-0.429	-0.473	0
Serinc5	219.92	0.571	4814.8	-1.815	-1.385	-0.43	-0.802	0
Swap70	77.75	0.682	1450.7	0.31	0.74	-0.43	-0.567	0
Taf1d	139.77	0.956	113.0	-1.0	-0.568	-0.432	-0.086	0
Ddx3y	153.74	1.09	1133.1	-11.142	-10.709	-0.433	-9.229	0
Cyba	112.83	1.291	980.3	1.054	1.486	-0.433	-0.529	0
Sdhaf2	26.54	0.96	426.6	-0.643	-0.209	-0.434	-0.422	0
Bbip1	33.69	1.026	232.3	-0.737	-0.302	-0.435	-0.095	0
Coprs	58.83	4.244	390.3	2.463	2.898	-0.435	-0.575	1
Ddr1	23.03	2.527	1211.3	-1.306	-0.868	-0.438	-0.682	1
Unc50	31.17	2.011	1537.5	-0.982	-0.543	-0.438	-0.351	1
Obsl1	101.55	4.825	7384.3	-0.362	0.077	-0.439	-0.385	1
Phf1	29.43	1.211	413.3	-0.727	-0.287	-0.44	-0.389	0
Slc12a2	25.54	0.35	1384.1	-0.372	0.068	-0.44	-0.547	0
Bcl10	30.85	1.402	337.2	-1.573	-1.133	-0.441	-0.718	0
Sharpin	30.88	1.694	526.3	-0.477	-0.036	-0.442	-0.395	0
Atg3	31.21	0.889	1452.5	-0.886	-0.444	-0.442	-0.157	0
Bcat1	441.83	1.74	2056.9	-2.666	-2.224	-0.442	-1.206	0
Per2	85.22	0.866	301.7	0.528	0.971	-0.443	-0.591	0
Stx2	33.68	0.87	505.2	-0.581	-0.137	-0.444	-0.503	0
Pfkfb3	35.56	0.144	606.3	-1.938	-1.494	-0.444	-0.955	0
Ets2	37.21	0.59	1094.7	-1.058	-0.612	-0.446	-0.574	0
Plod1	160.49	4.053	8998.5	-0.943	-0.496	-0.447	-0.829	1
Saysd1	24.36	3.682	137.1	-4.883	-4.434	-0.448	-0.265	1
Casc4	89.44	0.799	966.5	-1.659	-1.21	-0.449	-0.441	0
Enpp1	588.02	0.9	4262.6	0.518	0.967	-0.449	-0.664	0
Tctn3	30.05	0.956	477.4	1.101	1.55	-0.45	-0.185	0
Rpl3	2046.99	4.204	18896.0	9.204	9.655	-0.451	-0.539	1
Wwc2	42.22	0.359	1372.4	-1.07	-0.615	-0.454	-0.591	0
Styx	25.33	0.79	63.4	3.752	4.206	-0.455	-0.372	0
Gripap1	20.36	0.882	670.1	-0.744	-0.285	-0.459	-0.557	0
Tmem214	42.14	2.393	5307.4	-0.357	0.104	-0.461	-0.55	1
Tns2	75.59	2.938	7415.8	-1.39	-0.927	-0.463	-0.646	1
Glt8d2	28.22	2.154	627.8	0.444	0.908	-0.463	-0.743	1
Plod3	80.01	1.757	7318.9	-0.629	-0.165	-0.463	-0.678	0
Ebp	33.55	2.001	804.4	-0.496	-0.032	-0.464	-0.701	1
Cyld	29.62	0.272	572.7	-0.424	0.04	-0.464	-0.781	0
C1qtnf3	48.14	7.038	19595.9	-1.243	-0.779	-0.464	-0.427	1
Matn3	3334.09	6.865	59497.3	-1.439	-0.973	-0.466	-0.579	1
Rftn2	72.87	1.344	2744.9	-0.445	0.023	-0.468	-0.934	0
Selenos	139.34	2.218	2548.2	-1.031	-0.563	-0.469	-0.666	1
Ramp1	77.59	0.719	363.8	1.154	1.625	-0.471	-0.304	0
Ift43	21.94	0.517	403.9	-1.171	-0.698	-0.472	-0.314	0
Lsp1	80.21	0.917	1261.9	-2.831	-2.358	-0.473	-0.341	0
Fancl	27.15	0.618	477.7	0.755	1.228	-0.473	-0.519	0
Plekhh2	146.69	1.383	1009.8	-1.901	-1.426	-0.474	-0.964	0
Marveld1	64.86	3.496	321.6	-1.236	-0.762	-0.474	-0.752	1
Thbs3	396.27	4.355	22695.9	-1.167	-0.693	-0.475	-0.884	1
Txndc11	24.82	0.343	2303.7	-1.357	-0.881	-0.476	-0.403	0
Adk	96.29	0.108	3459.3	-1.786	-1.308	-0.479	-0.502	0
Cbwd1	25.02	0.791	568.5	0.865	1.344	-0.479	-0.375	0
Ypel3	90.25	2.003	346.2	-0.895	-0.416	-0.479	-0.727	1
Sat2	54.5	3.929	158.6	-1.782	-1.302	-0.481	-0.112	1
Itga1	37.2	0.62	1549.9	-0.797	-0.316	-0.482	-0.177	0
Kank1	48.48	0.406	3444.7	-0.348	0.134	-0.482	-0.695	0
Fndc3b	370.37	0.125	7080.9	-1.541	-1.057	-0.483	-0.903	0
Gp1bb	50.38	1.684	126.6	-4.888	-4.405	-0.483	-0.954	0
Trim47	109.95	5.86	2201.9	-1.118	-0.634	-0.484	-0.511	1
Etfrf1	21.56	1.405	143.5	-1.142	-0.658	-0.485	-0.429	0
Epb41l1	22.93	0.358	962.8	-0.972	-0.487	-0.485	-0.404	0
Gcnt1	69.05	0.673	593.3	1.177	1.663	-0.486	-0.463	0
Satb1	53.12	1.852	683.6	-0.837	-0.35	-0.487	-0.698	0
Tmf1	97.31	0.952	2515.6	-0.501	-0.013	-0.488	-0.619	0
Hhip	83.48	3.619	1232.3	0.492	0.98	-0.488	-0.608	1
Rcn2	207.86	4.348	4949.1	-0.464	0.026	-0.49	-0.625	1
Tpp1	48.49	1.365	1072.4	-1.941	-1.451	-0.491	-0.205	0
Tmem106c	38.65	7.268	145.4	-7.676	-7.185	-0.491	-0.38	1
Smad9	22.98	0.715	173.6	-1.598	-1.106	-0.492	-0.222	0
Kctd10	24.39	0.998	1218.7	-0.938	-0.444	-0.494	-0.683	0
Fchsd2	33.95	0.083	1124.5	-0.893	-0.393	-0.5	-0.757	0
Phykpl	30.74	0.426	916.1	-3.151	-2.648	-0.503	-0.236	0
Bcap29	47.81	1.075	228.5	1.736	2.239	-0.503	-0.624	0
Mthfd2	105.44	1.09	1839.4	-0.988	-0.485	-0.503	-0.626	0
Chpf2	30.76	2.026	5751.8	-1.539	-1.033	-0.506	-0.687	1
Tgfbi	285.22	2.444	18651.5	-0.5	0.007	-0.507	-0.723	1
Zbtb25	20.71	0.91	75.0	-2.969	-2.462	-0.508	-1.078	0
Tmem219	99.81	4.509	398.9	-0.402	0.108	-0.509	-0.37	1
Mlh1	20.76	0.558	580.8	-1.357	-0.847	-0.511	-0.329	0
Hexb	57.85	1.904	2940.3	1.335	1.846	-0.511	-0.504	0
Tbca	187.08	0.974	276.9	-7.194	-6.683	-0.511	-0.946	0
Fkbp9	314.16	7.459	34017.7	-1.665	-1.152	-0.513	-0.856	1
Sort1	27.19	1.274	2040.6	-0.62	-0.104	-0.516	-0.71	0
Smoc2	115.17	0.84	8265.0	-2.317	-1.8	-0.517	-0.853	0
Araf	20.23	2.0	1990.5	-1.199	-0.682	-0.517	-0.531	1
Fgfrl1	137.61	5.231	4162.2	-1.666	-1.147	-0.519	-0.629	1
Ccnd1	73.9	1.033	1761.9	1.685	2.205	-0.519	-0.37	0
Gclm	26.67	0.436	249.0	-0.895	-0.374	-0.521	-0.846	0
Itga10	359.18	1.905	4608.4	-0.889	-0.366	-0.523	-0.971	0
Phactr2	65.57	0.234	676.6	-0.66	-0.132	-0.528	-0.881	0
Tmem42	20.25	2.951	134.3	-1.025	-0.496	-0.529	-0.51	1
St6galnac6	49.99	1.262	765.3	-1.228	-0.699	-0.529	-0.56	0
Ufl1	67.12	1.356	1370.1	-0.523	0.007	-0.529	-0.613	0
Col10a1	6183.12	49.573	60558.5	-2.083	-1.55	-0.533	-0.397	1
Ube2v2	58.1	1.132	60.1	3.139	3.675	-0.537	-0.697	0
Slc7a2	49.0	0.849	567.5	-2.102	-1.565	-0.537	-0.834	0
Ppp1r2	41.64	0.632	469.2	1.372	1.913	-0.542	-0.29	0
Mageh1	22.18	8.082	2178.4	0.569	1.112	-0.543	-0.76	1
Smim26	68.89	8.449	273.8	1.007	1.551	-0.544	-0.624	1
Impa1	38.23	1.136	418.2	-1.108	-0.564	-0.544	-0.107	0
Slc22a17	31.31	3.121	2594.2	2.05	2.596	-0.545	-0.71	1
Prdx6	156.74	2.886	1576.4	-1.069	-0.523	-0.546	-0.571	1
Trpv4	187.93	0.814	7221.0	-1.789	-1.241	-0.548	-0.474	0
Psmb10	21.67	1.506	200.3	-1.688	-1.139	-0.549	-0.647	0
Ints6l	20.16	0.284	861.8	-1.116	-0.564	-0.552	-0.31	0
Atmin	22.11	2.167	122.2	-1.885	-1.333	-0.552	-0.322	1
Herc3	22.92	0.383	322.1	3.348	3.902	-0.555	-0.1	0
Spopl	24.16	0.422	422.9	0.882	1.437	-0.555	-0.802	0
Ppic	261.68	9.563	7179.6	-0.831	-0.272	-0.56	-0.935	1
Rps6	1613.78	4.231	16846.2	10.658	11.222	-0.563	-0.19	1
Tusc3	74.83	0.875	1370.9	-1.814	-1.25	-0.564	-0.77	0
Msi2	103.35	0.227	1171.2	-1.84	-1.276	-0.565	-0.618	0
Nhlrc3	36.62	1.562	325.5	1.175	1.74	-0.565	-0.856	0
Me1	41.16	0.416	2222.8	0.518	1.086	-0.568	-0.696	0
Sowahc	60.32	3.16	155.2	-1.378	-0.809	-0.569	-0.389	1
Map7d3	39.37	1.243	673.3	-1.7	-1.128	-0.572	-1.294	0
Vdr	70.54	1.381	765.4	-0.728	-0.152	-0.576	-1.065	0
Rcl1	28.88	0.349	978.6	1.244	1.826	-0.582	-0.511	0
Tspan6	64.13	4.561	2339.5	-0.674	-0.088	-0.585	-1.031	1
Enpp2	129.54	2.983	8136.0	-0.616	-0.03	-0.586	-0.079	1
Abhd14b	31.03	2.404	119.2	1.005	1.591	-0.586	-0.487	1
Clcn3	32.91	0.491	758.8	0.412	0.999	-0.587	-0.949	0
Trappc6a	24.91	1.891	161.3	-7.632	-7.044	-0.587	-0.253	0
Itpr3	21.43	0.636	3959.9	-0.574	0.018	-0.592	-0.615	0
Kiz	25.33	0.425	494.4	-0.695	-0.102	-0.593	-0.406	0
Fry	64.8	0.457	3333.7	-0.959	-0.362	-0.597	-1.022	0
Camk2d	99.09	0.365	1154.1	1.184	1.783	-0.599	-0.563	0
Mfge8	551.94	2.984	30189.1	-0.783	-0.178	-0.605	-0.964	1
Rab11fip4	33.47	0.618	1111.6	-1.155	-0.55	-0.605	-1.045	0
Osmr	100.33	0.763	653.2	2.175	2.78	-0.605	-0.465	0
Sec61b	206.97	2.78	2476.4	1.342	1.948	-0.606	-0.248	1
Slc16a3	208.29	3.233	3843.3	-1.097	-0.49	-0.607	-0.645	1
Mmp16	31.88	0.403	1066.0	0.616	1.223	-0.608	-1.007	0
Clec3a	1013.22	18.925	13780.2	-2.136	-1.528	-0.608	-0.973	1
Papss2	590.51	0.908	14476.3	-1.066	-0.457	-0.609	-0.629	0
Jak2	78.15	0.441	2948.3	0.429	1.038	-0.609	-0.737	0
Cox7b	111.02	5.031	2447.3	-1.858	-1.245	-0.613	-0.016	1
Armh4	28.89	0.293	3216.0	-2.412	-1.798	-0.613	-1.185	0
Ggct	28.93	2.263	116.8	-2.33	-1.716	-0.614	-0.186	1
Yipf6	58.25	1.285	626.1	-0.428	0.188	-0.616	-0.563	0
Maml2	52.83	0.051	654.3	-0.646	-0.023	-0.623	-0.436	0
Syt8	133.72	23.576	300.2	-2.816	-2.194	-0.623	-1.097	1
S100a1	1149.8	16.097	1255.6	-2.755	-2.13	-0.625	-1.03	1
Bgn	2518.76	5.308	63837.6	-1.12	-0.495	-0.625	-1.098	1
Cdv3	86.91	0.992	708.7	2.54	3.167	-0.627	-0.756	0
Arhgef9	20.75	0.53	345.2	-0.829	-0.201	-0.628	-0.335	0
Cfap36	39.55	1.264	1735.1	-0.405	0.224	-0.629	-0.386	0
Htatsf1	66.96	3.107	2479.7	-0.928	-0.297	-0.63	-0.492	1
Scarb2	59.5	1.385	1673.6	-0.981	-0.35	-0.631	-0.612	0
Stc2	250.21	11.26	1301.9	-1.515	-0.884	-0.632	-0.822	1
Wnt5b	33.58	0.128	1065.5	-2.442	-1.809	-0.633	-0.67	0
C1galt1	52.02	1.065	384.1	-1.808	-1.175	-0.634	-0.578	0
Slc38a3	148.3	8.866	2673.1	-2.433	-1.791	-0.642	-0.574	1
Il13ra1	80.25	0.79	248.5	1.273	1.917	-0.644	-0.517	0
Apbb2	76.75	0.289	1025.6	1.098	1.743	-0.645	-0.631	0
Igf2	24.1	2.402	47875.9	-0.882	-0.236	-0.646	-0.843	1
Tspan4	113.78	3.077	2405.2	-2.245	-1.595	-0.65	-0.528	1
Sfrp5	48.43	31.831	1033.0	-2.148	-1.497	-0.65	-0.871	1
Skap2	45.67	0.516	328.1	-2.956	-2.302	-0.654	-0.449	0
Crispld1	214.1	2.051	6672.2	-3.343	-2.688	-0.655	-0.6	1
Prss23	86.6	1.918	771.2	1.165	1.822	-0.657	-1.034	0
Lyrm2	31.71	1.794	109.6	-0.819	-0.158	-0.661	-0.677	0
P4ha1	285.62	1.816	12552.6	-1.259	-0.598	-0.662	-0.932	0
Ogfod3	21.25	1.931	686.0	-0.61	0.068	-0.678	-0.865	0
Mpi	22.85	3.676	705.7	-0.935	-0.253	-0.682	-0.857	1
Srpx2	90.5	1.002	3604.5	-1.175	-0.492	-0.683	-1.54	0
Peg3	28.54	1.799	10603.3	-0.486	0.198	-0.683	-0.644	0
Cystm1	81.39	0.816	93.3	-1.642	-0.956	-0.686	-0.851	0
Rnf217	81.15	0.838	377.5	0.446	1.133	-0.687	-0.993	0
Loxl3	174.72	1.886	10027.3	-0.971	-0.283	-0.688	-0.897	0
Morn2	22.13	8.642	53.3	-4.909	-4.221	-0.688	-0.72	1
Stim2	27.25	0.304	775.1	-0.614	0.077	-0.691	-0.851	0
Sec14l2	28.71	0.896	343.9	-2.176	-1.484	-0.693	-0.831	0
Chst11	134.74	0.093	7139.4	-1.2	-0.503	-0.697	-0.711	0
Wwp2	462.76	1.313	14414.0	-2.336	-1.633	-0.703	-0.795	0
Mrpl57	72.26	5.624	565.2	-0.935	-0.227	-0.708	-0.499	1
Cdkn1c	244.25	9.414	17854.4	-0.591	0.123	-0.714	-0.731	1
Aoc2	53.92	6.171	77.1	3.169	3.883	-0.714	-2.035	1
Ghr	21.48	0.407	1497.8	-0.466	0.255	-0.721	-0.659	0
Rnf170	21.73	1.024	136.3	2.65	3.372	-0.722	-0.507	0
Tpst1	56.23	0.356	2175.7	-1.226	-0.504	-0.722	-0.744	0
Col27a1	512.4	1.019	38590.8	-1.977	-1.251	-0.726	-0.803	0
Ssr4	318.93	2.99	5812.7	-2.047	-1.321	-0.726	-0.8	1
Fn1	10528.86	2.105	136856.5	-1.155	-0.426	-0.729	-1.035	1
Errfi1	319.19	1.553	867.8	0.429	1.158	-0.729	-0.289	0
Ldlrad3	37.07	0.317	1465.0	-0.807	-0.076	-0.731	-1.007	0
Plekha3	36.37	0.954	501.3	-1.719	-0.986	-0.733	-0.739	0
Plod2	734.84	0.857	16142.9	-1.119	-0.379	-0.74	-0.953	0
Map3k20	44.72	0.461	318.0	1.434	2.175	-0.741	-1.374	0
Unc5c	50.13	0.121	1269.1	-1.563	-0.819	-0.744	-1.014	0
Hapln3	31.68	0.847	344.2	-1.89	-1.142	-0.748	-1.646	0
Nfkbia	129.86	0.405	615.4	-0.571	0.181	-0.752	-0.532	0
Rcsd1	25.73	0.267	256.2	-1.951	-1.198	-0.752	-0.393	0
Tet1	22.87	1.313	221.1	-1.643	-0.886	-0.757	-0.687	0
Erh	89.38	3.773	1348.0	5.825	6.584	-0.759	-0.103	1
Cobll1	57.37	0.336	2254.5	-2.414	-1.653	-0.761	-0.69	0
Nt5e	153.42	1.716	1172.6	-1.219	-0.457	-0.762	-0.584	0
Fam89a	24.16	1.841	166.7	-4.466	-3.702	-0.764	-0.812	0
Vit	213.02	8.494	2028.1	-5.048	-4.282	-0.766	-2.249	1
Nkx3-2	34.33	8.332	251.4	-1.32	-0.551	-0.769	-0.841	1
Lamb2	252.16	6.346	8325.3	-0.902	-0.127	-0.774	-0.947	1
Pdk3	28.55	0.537	748.1	-1.145	-0.369	-0.776	-0.958	0
Id2	62.09	0.634	1026.1	-1.193	-0.415	-0.778	-1.006	0
Atxn1	35.66	0.06	83.5	0.815	1.61	-0.795	-0.774	0
Ube2d1	37.45	0.752	641.8	0.628	1.424	-0.796	-0.633	0
Meltf	417.0	2.509	8870.8	-1.967	-1.166	-0.8	-0.801	1
Slc14a1	47.93	2.604	118.9	-6.274	-5.472	-0.802	-2.341	1
S100b	296.05	10.013	1789.3	-1.912	-1.103	-0.808	-0.725	1
Sumo2	199.57	3.827	239.9	7.66	8.471	-0.811	-0.297	1
Tmem141	41.05	5.372	111.1	-2.292	-1.481	-0.811	-0.831	1
Arsi	135.25	6.843	1898.0	-3.41	-2.599	-0.811	-1.095	1
Ndrg2	57.82	3.422	1051.8	-1.336	-0.521	-0.815	-0.816	1
Casp4	31.76	1.093	73.7	2.459	3.28	-0.821	-0.34	0
Cry2	37.02	0.757	435.1	-0.966	-0.141	-0.826	-1.173	0
Colgalt2	125.06	0.869	3809.3	-1.461	-0.634	-0.827	-1.108	0
Med14	32.76	0.521	1863.3	0.757	1.589	-0.832	-0.999	0
Gstm3	40.46	5.767	310.7	8.814	9.652	-0.839	-0.191	1
Adamts6	61.09	0.649	189.5	-1.133	-0.285	-0.847	-1.637	0
Rps6ka5	42.54	0.248	405.7	0.716	1.563	-0.848	-1.084	0
Scin	293.42	2.552	12112.5	1.286	2.138	-0.852	-0.706	1
Ecm2	24.05	1.114	1815.0	-1.334	-0.479	-0.855	-1.273	0
Dnph1	22.61	3.382	91.5	-0.84	0.023	-0.862	-0.5	1
Micall2	21.8	0.884	255.5	-1.683	-0.82	-0.863	-0.669	0
Col11a1	14499.36	2.734	538464.4	-0.462	0.402	-0.864	-1.142	1
Tle4	53.55	0.213	344.6	-0.764	0.11	-0.873	-0.927	0
Zbtb20	287.35	0.152	128.0	-2.639	-1.765	-0.873	-0.476	0
Lpl	200.64	9.654	531.7	-1.428	-0.534	-0.894	-0.631	1
Snorc	7032.0	3.653	27637.0	-2.716	-1.816	-0.9	-0.794	1
Tmed2	108.64	2.783	2195.9	9.597	10.497	-0.901	-0.314	1
Aopep	100.49	0.303	1004.7	0.501	1.408	-0.907	-1.138	0
Rpl36a	917.22	4.744	1137.1	7.242	8.163	-0.921	-0.147	1
Upp1	23.48	0.425	204.3	-2.667	-1.742	-0.925	-0.557	0
Epyc	169.56	3.936	27176.0	-1.176	-0.244	-0.932	-0.961	1
Pygl	93.14	1.17	4224.5	-2.814	-1.881	-0.933	-1.068	0
Pcmtd1	67.52	0.563	351.8	-0.718	0.228	-0.945	-0.825	0
Slc5a3	137.91	0.9	228.7	-1.05	-0.102	-0.948	-1.671	0
Col9a2	4716.79	6.401	300061.8	-1.405	-0.448	-0.956	-0.905	1
Capn6	108.76	6.825	28538.5	-0.402	0.556	-0.958	-1.092	1
Chad	306.05	6.901	5476.4	-2.046	-1.084	-0.962	-1.217	1
Foxa2	51.53	6.529	69.8	-1.312	-0.343	-0.969	-2.188	1
Mcoln2	58.71	0.352	631.2	-1.693	-0.722	-0.971	-0.668	0
Nebl	64.07	0.303	52.9	-1.728	-0.756	-0.972	-0.132	0
Sema3d	52.87	1.011	3320.4	-0.872	0.113	-0.985	-0.986	0
Srp9	124.47	4.097	557.7	7.253	8.239	-0.986	-0.642	1
Spats2l	110.53	0.881	2299.3	-0.316	0.682	-0.998	-0.979	0
Cab39l	23.99	0.497	1061.5	-1.038	-0.037	-1.001	-1.07	0
Magohb	31.9	2.76	75.7	-3.405	-2.402	-1.003	-1.004	1
Prelp	867.25	2.663	15838.4	-1.707	-0.693	-1.014	-0.646	1
Mia	665.96	7.747	503.2	-1.736	-0.721	-1.015	-0.944	1
Ccn1	1263.95	11.514	7759.5	-0.832	0.184	-1.016	-0.558	1
Vav3	49.45	0.134	310.0	-0.508	0.53	-1.038	-1.216	0
Fam180a	97.19	1.103	1633.0	-2.191	-1.153	-1.038	-1.421	0
Fbxo7	50.41	0.916	1011.7	-0.936	0.106	-1.042	-1.127	0
Gale	69.21	4.833	4649.6	-1.74	-0.696	-1.044	-0.948	1
Srpx	37.11	1.389	8848.2	-1.082	-0.013	-1.068	-1.632	0
Ogfrl1	21.15	0.385	177.6	-1.251	-0.173	-1.078	-0.561	0
Nrk	98.75	1.234	13110.1	0.591	1.682	-1.091	-1.193	0
Col15a1	69.88	0.73	16191.8	-0.683	0.409	-1.092	-0.963	0
Il16	38.8	0.405	1022.8	-0.747	0.348	-1.095	-1.443	0
Atp10a	23.83	0.09	1664.1	-1.836	-0.729	-1.107	-1.169	0
Patj	22.76	0.163	691.6	-3.213	-2.103	-1.11	-1.09	0
Gpc6	133.61	0.141	2449.7	-1.128	-0.005	-1.123	-1.46	0
Thbs1	580.27	2.471	83696.0	-1.108	0.017	-1.125	-1.225	1
Comp	6902.92	6.561	149725.0	-1.66	-0.523	-1.137	-1.001	1
Ranbp3l	26.05	0.765	162.9	2.416	3.555	-1.139	-0.75	0
Chadl	174.11	5.261	5707.5	-2.518	-1.378	-1.14	-1.194	1
Crim1	181.7	0.663	2831.5	-1.702	-0.557	-1.145	-1.267	0
Col4a5	24.47	1.013	1553.2	-3.405	-2.254	-1.151	-1.172	0
Kcnk5	26.51	1.328	323.0	-1.567	-0.386	-1.181	-1.202	0
Pcsk6	31.42	1.821	4709.2	-1.554	-0.348	-1.206	-2.11	0
Pbx1	31.63	0.442	129.2	-0.839	0.404	-1.242	-1.742	0
Pcdh9	26.55	0.264	241.5	1.206	2.451	-1.245	-1.439	0
Cpq	49.44	0.26	1820.8	-1.037	0.217	-1.254	-1.787	0
Pid1	66.85	0.081	708.7	-0.993	0.3	-1.293	-1.497	0
Col9a1	6481.75	5.774	412820.0	-1.432	-0.128	-1.304	-1.295	1
Cpne2	27.94	1.202	1583.6	1.657	2.97	-1.313	-1.321	0
Scrg1	1532.13	13.326	5726.1	-1.411	-0.096	-1.315	-1.381	1
Ifitm10	77.41	0.778	182.8	-5.908	-4.57	-1.338	-1.941	0
Col9a3	6178.75	9.894	290546.7	-1.802	-0.461	-1.342	-1.346	1
Fbln7	38.29	1.527	5474.0	-0.76	0.612	-1.371	-1.503	0
Ddit4l	63.52	8.053	343.8	-4.5	-3.111	-1.388	-0.912	1
P3h2	167.84	0.345	2890.5	-1.456	-0.06	-1.396	-1.177	0
Fmod	2595.76	7.391	49457.3	-2.449	-1.022	-1.428	-2.012	1
Spock1	165.16	0.724	524.8	-4.154	-2.686	-1.467	-1.606	0
Mrps6	170.94	1.059	613.0	-1.74	-0.244	-1.496	-1.048	0
Sobp	59.11	0.658	1778.7	-1.375	0.182	-1.557	-1.324	0
Ndufa4l2	626.4	24.807	1490.6	-6.291	-4.671	-1.621	-1.3	1
Cnmd	1739.06	6.391	85305.7	-1.934	-0.296	-1.638	-1.446	1
Pcolce2	608.6	3.79	9603.3	-3.496	-1.846	-1.65	-1.592	1
Cilp2	32.95	3.248	523.4	-2.823	-1.137	-1.687	-2.018	1
Steap1	30.6	7.08	660.3	-1.739	-0.009	-1.73	-1.861	1
Pcdh10	39.81	1.929	397.5	-2.015	-0.277	-1.738	-1.122	0
Col2a1	70350.74	7.646	5045253.2	-2.365	-0.584	-1.781	-1.745	1
Il17b	280.54	5.451	302.5	-4.461	-2.653	-1.808	-1.276	1
Fbxo2	141.95	6.657	170.7	1.496	3.394	-1.897	-1.839	1
Tnnt3	27.54	9.023	714.8	-3.392	-1.446	-1.946	-3.144	1
Fuca2	23.34	2.82	1305.1	-3.502	-1.308	-2.194	-2.273	1
Barx1	28.13	16.084	116.0	-2.316	-0.029	-2.287	-2.676	1
Kcnq5	30.06	0.031	264.6	-2.879	-0.203	-2.675	-2.803	0
Cytl1	430.5	11.524	512.4	-2.825	-0.143	-2.682	-3.318	1
A2m	118.49	1.558	6336.5	-2.903	0.269	-3.172	-3.053	0
Omd	31.0	1.641	2659.7	-2.559	1.127	-3.686	-5.694	0
