probe	CT_P13	CT_P15	CT_P21	CT_P22	CT_P25	CT_P29	CT_P31	CT_P34	CT_P35	CT_P51	CT_P63	CT_P89	CT_PP4	CT_PP16	CT_PP33	CT_PP87	CT_PP119	CT_PP120	CT_PP129	CT_PP131	CT_PP219	CT_PP285	CT_PP761	CT_PP771	CT_PP779	CT_PP855	CPP_2	CPP_41	CPP_48	CPP_52	CPP_53	CPP_54	CPP_78	CPP_603	CPP_606	CPP_622	CPP_713	CPP_789	CPP_807	CPP_809	CPP_872	CPP_881	CPP_912	CPP_925	CPP_932
cg25771195	0.504504154049779	0.519856224509112	0.560094873604305	0.551307254406507	0.582999203003367	0.492190532921348	0.558969075681849	0.60440062382815	0.504014678676258	0.523733953845708	0.592238525692417	0.558064506164687	0.521208642846688	0.530757770120034	0.603545065516154	0.61128952883814	0.542553119811881	0.560020843993315	0.508280130651888	0.511334842476322	0.488454776583607	0.49665343288871	0.518637071603541	0.615439119834316	0.533279739786204	0.554480805860718	0.529944354409833	0.496661439381775	0.493631720817623	0.502778450348394	0.511115655059734	0.553151306082869	0.517029213742712	0.501595329406463	0.503327132236517	0.618888310038202	0.491612322705533	0.476487418235059	0.542885398186522	0.560916478189799	0.520951041901636	0.554111012772386	0.567769537428287	0.430861688213365	0.524600941619299
cg01262913	0.031840570478571	0.0292300903308194	0.0196630696046479	0.038838653859941	0.0401014979002589	0.0305549932407759	0.0325705459227094	0.0290425835142698	0.0295105705204041	0.0388706703316746	0.0319141621047051	0.0275570453584386	0.0358397811333678	0.0392677336750529	0.0281706666205909	0.0398758636843278	0.0239571599671988	0.0452041619407386	0.0264131511961322	0.0383694804100924	0.037043814378958	0.0346879256677021	0.0518838630187947	0.0328824013305335	0.0416941800563672	0.0456270568092378	0.0413062079259864	0.0444277189379922	0.0436400705684626	0.048997861656372	0.0300575130993314	0.0386393542866957	0.0437233624063993	0.0372007021003835	0.0311730331876534	0.0343929929446966	0.0378765420703024	0.0215349736672669	0.0423419683525675	0.031757525402354	0.0363416465242274	0.0370306277089396	0.0390204175360933	0.0283782335207611	0.0303030529800656
cg26456957	0.0192714820840439	0.0159994444011893	0.0242769851574949	0.0173625538052539	0.0235617477194983	0.0202930508284415	0.0196551471957821	0.0154614256702281	0.0093257315585344	0.0191340525460585	0.0153513341875874	0.0158213801110141	0.0156105137897959	0.0160858589314962	0.0237497931944687	0.0120566220505869	0.00975139402764563	0.0209390258386275	0.0164305747078834	0.010451672987892	0.0108796014549843	0.0128057212337675	0.0101302990680421	0.0197142164329326	0.0350749745707489	0.0385383792063734	0.0302112096431958	0.03640245550289	0.0279888024376143	0.032590933030423	0.0348681163788415	0.0163618741274475	0.0191627320525574	0.0133710650870098	0.0243999838692905	0.015918068131512	0.0124812126507351	0.0178706597771109	0.0271490906181442	0.0127813601886061	0.0164406951449838	0.0133449190356931	0.0111291788261462	0.0154808035071313	0.0156259484761266
cg20828084	0.912475355856412	0.861226205854558	0.868711948576048	0.940703113848163	0.928445470640148	0.88771132805276	0.924818910841814	0.829401295106144	0.883465026032129	0.936075675411772	0.893632357553042	0.87025169135709	0.90623176096043	0.912095106301633	0.89461173631278	0.884143990987478	0.915776376005604	0.90133183079694	0.911346639203838	0.873796175364356	0.887644351930749	0.893250386011778	0.826699798744583	0.848331461942583	0.861095120151929	0.874739496478543	0.905181889454511	0.882954230798861	0.843258264101796	0.901021130073783	0.903917430660106	0.895828896612405	0.894619090932727	0.908391698483661	0.875950844811831	0.917055419954335	0.908776749832905	0.887844430249061	0.903559013551517	0.919898102559327	0.867403276089707	0.846158133550905	0.845089164392808	0.867190612284861	0.880691944469184
cg21378206	0.968233866437523	0.955277312287768	0.973629938496234	0.970440707194711	0.975885009744489	0.957332249347431	0.942721366921465	0.96478748599051	0.964554602550275	0.964718415440546	0.963981625470337	0.963279031297848	0.968661253242781	0.957111461425636	0.956505411966795	0.969128673991787	0.969339936826193	0.960564393879882	0.954876977670448	0.974002087163233	0.976671098392249	0.963232791692737	0.975446599879728	0.975066563475823	0.964518101557437	0.944288715802626	0.951312821330758	0.959547085199166	0.958188103166372	0.956742757539874	0.941703498905138	0.960657555449217	0.967429105362899	0.956791585212057	0.964663377874216	0.970471120189654	0.961184456545671	0.978734844448393	0.966577967732849	0.94774278317483	0.957188485840912	0.951586993513968	0.964255162381055	0.953447175124192	0.965550665646529
cg01656216	0.864111334655937	0.918006942280181	0.804542292267926	0.906098591587872	0.924760422998297	0.899295427183883	0.86565708388448	0.84851629099638	0.864204089259707	0.863775863665185	0.904215046983151	0.888206323161337	0.857510317820671	0.947837243242847	0.872351754882906	0.924729759215219	0.884918924997494	0.889879488601654	0.877900444688901	0.878333116149497	0.945058686200036	0.900470354457558	0.927429385873396	0.905475469671734	0.864049996492582	0.860921971000273	0.918953450736979	0.861770922986972	0.89023215934416	0.881071047473244	0.872977043045289	0.905278880098381	0.878680554447951	0.892161090441933	0.909468846919117	0.869898991196879	0.886483877512861	0.873155713503125	0.905083695987105	0.95076960695868	0.901094575163403	0.939363571204919	0.894782664585775	0.796113550505645	0.94221823385613
cg14723032	0.790422405794044	0.808061456760448	0.834600817015735	0.844862317694687	0.848972625231574	0.826883100044188	0.75329138123836	0.817345130069701	0.823466965830862	0.81912727883639	0.82880787597785	0.819391694112429	0.847707368450064	0.828020914124472	0.790790029285817	0.861067522831238	0.805302132407094	0.838523893981321	0.831207455898873	0.807751448989762	0.816687575106714	0.809372458608147	0.833285586838372	0.823243794123927	0.803213099990378	0.789142791092564	0.815747513953846	0.826972681661776	0.789110099067289	0.806179570125849	0.788112607574211	0.80018514765781	0.815937654667555	0.815205203472581	0.841229012347224	0.832273817098523	0.799123712761493	0.76814806079703	0.827694883778711	0.844980288451049	0.790997823027999	0.854655999498482	0.829422475675494	0.793552387546504	0.870620995319938
cg15341340	0.0224546148037721	0.0303548586925417	0.0331546179762973	0.03089811945141	0.0275557323692196	0.0276721904815809	0.0217913101631964	0.0518548754847833	0.0418520741397077	0.0342930422341757	0.0308517691247448	0.03648603801828	0.0344900164520135	0.0264700314647476	0.0424214816975335	0.0303870706250134	0.0308424145348729	0.017217422062513	0.0295962107259575	0.0247594649596873	0.024657104348749	0.0273780940157887	0.0293770765132275	0.0480518560793827	0.0492159774304801	0.0367575835369054	0.0391018862369389	0.0387388373187717	0.0457852386090094	0.0313286581374678	0.0315945350500206	0.0359357783725558	0.0262776165341887	0.0269418133019787	0.0307669149463068	0.0343576649384496	0.0312650996209005	0.038072287548743	0.0318831336951719	0.0307033984512878	0.0298922053878053	0.0303857822780509	0.0382661831056892	0.0341612726656465	0.0298313305954643
cg24081819	0.0981576645348269	0.0586685234310153	0.0441850263263466	0.0601319411564265	0.0771331400806108	0.052419432698803	0.0215111973577212	0.0536502073957548	0.102281665162082	0.0497285194363613	0.0961065319217204	0.0658086877677095	0.100011652539169	0.0616999506665183	0.0667950714431856	0.0883934119309188	0.0846238301321468	0.0861735968360542	0.0643179965763612	0.101310618288596	0.0685812153453476	0.0642724163746602	0.0939572727272211	0.0689395401259397	0.102410773693022	0.143255701175914	0.0830096154273668	0.100852045104122	0.0832615864738688	0.0733105610024352	0.058267259776107	0.0759990852580394	0.148819978438694	0.0865701974525517	0.0751604331197147	0.0791604808054229	0.0900671143200554	0.0583436397347471	0.0651572203489484	0.111883286930373	0.110262698929036	0.067035772602648	0.0840315241321685	0.0773912716874915	0.0555589593584358
cg27494383	0.0186726420453635	0.013887467818213	0.0136820970419731	0.00394583118963352	0.0136191375142668	0.0208943494679912	0.0165473879160623	0.00976061544157229	0.0132173698924246	0.0166155852493664	0.0152987450819891	0.0141402582450508	0.0118413216321065	0.0229455967123207	0.017240368528841	0.00587240121666801	0.00832442335411072	0.0124703225556856	0.00860166581199811	0.0106561749630008	0.0141118843824455	0.0118556306121248	0.00888304755671824	0.0236948024379759	0.0201749050863427	0.0226941667998587	0.015284507011566	0.0180502478061118	0.0191992861191373	0.0175834398198931	0.0159280792061753	0.0194523103195008	0.00934486219562692	0.0160416162228636	0.0134440383869447	0.0107934261409482	0.0128037900527348	0.00735985018458633	0.0167173350504604	0.0199857056486679	0.0151459836961857	0.0146512721545188	0.0136434334657273	0.0110815552267514	0.00747504648174426
cg17655614	0.27125572189226	0.334486379462313	0.32914002357399	0.384032282834813	0.336607497107046	0.335204502519384	0.360228919852844	0.259738299747959	0.300687580553264	0.304130793812951	0.309957544168337	0.266711311462196	0.317876530954252	0.294815161614695	0.27852210225059	0.29622904043743	0.311583951898285	0.322958809507185	0.295329394193061	0.338178577815966	0.308162927040955	0.264843150170114	0.295489756664191	0.348900841675313	0.331651538514915	0.276934645167925	0.310408374338307	0.308019511149694	0.297799839419811	0.304577047593757	0.242992274032135	0.316635689070221	0.323034014087232	0.341602622948044	0.279323856037	0.328331187016599	0.305128429597491	0.351783034244845	0.333485368497296	0.344264492114701	0.313386101110492	0.29662334945327	0.28516836021434	0.320270862236267	0.295114187877017
cg23662675	0.0157412703762312	0.0175700005153684	0.0296886346832709	0.00943312444895713	0.0155600320042473	0.0139033139445633	0.0093587000197765	0.0164179151554835	0.0109715714642813	0.0133032056688659	0.0114696655760654	0.0241694395130698	0.00872056309446226	0.0152508168049685	0.014254519506682	0.00586300285297895	0.00791241684915593	0.00369905342172765	0.0068626039285507	0.00371126998695976	0.00700981765939577	0.00541500476717348	0.00648489741744284	0.0101560270987878	0.0226473668407228	0.0253990843195187	0.0162848935142348	0.0220233437077048	0.0222606674013912	0.025245972419342	0.0237780659377872	0.0228613147307033	0.0174696693746394	0.00564448345006442	0.0126849756323994	0.0134525916134217	0.0127979280142409	0.00711846476844091	0.0156999473234107	0.017719036600087	0.0180082848304211	0.0133102707997609	0.00835009024706085	0.016210654958559	0.0151392181593944
cg06361108	0.0229639190824731	0.0234961833672877	0.0150044873696478	0.0280830020690835	0.0215076290045056	0.0281045145087964	0.0821217248701673	0.0269185447972555	0.0192364855652159	0.0209275342337704	0.0281220627503736	0.0229129769968583	0.0166893696964996	0.0238629376367848	0.0247178017563261	0.0185788706163203	0.0164177376691604	0.0209083870170021	0.0171481576099843	0.0226659659105505	0.0198785051143818	0.0161710426201908	0.0168338379424386	0.0331969222872883	0.0256564308259148	0.0286845020970789	0.0397026291514301	0.0394211413764664	0.027829679142443	0.029391394352723	0.0246900556076689	0.0157917008062126	0.0203380679669983	0.0148015607368129	0.0148178171442096	0.0145732242710078	0.0388710002140059	0.0176361052491086	0.0139391348067767	0.0209448655851614	0.0165106305982158	0.0177395793626857	0.0230943697298387	0.015544242182365	0.0193729293525907
cg18984151	0.174936416015927	0.212592863315665	0.206875794532402	0.259278892912309	0.16477462389923	0.163796811684338	0.222561247753423	0.213926198205029	0.241321716416317	0.288233636817743	0.25838606527523	0.193610612787396	0.247753137607173	0.240981763054385	0.191289767576228	0.232018019446651	0.231038874354803	0.17769013284593	0.212251347530253	0.196747338615962	0.184625645658674	0.134848595155781	0.178433901566132	0.171762663470566	0.255300969253698	0.187409481189601	0.192923280275986	0.276157436594983	0.143410423767278	0.220726479801217	0.223926170533411	0.212146605876942	0.205831019412981	0.207037188299248	0.180767096946988	0.262926017559074	0.217226319305804	0.19871819685743	0.18313879995852	0.162939590500223	0.172448923097777	0.139328454539736	0.155343030024318	0.190517217007502	0.223766359354317
cg20524216	0.0232903067066117	0.0267005244589665	0.0253824097934152	0.0155308568432471	0.0225147416635061	0.0249530117010964	0.0298380607756581	0.0371067691707171	0.0233511309767932	0.0258783179634941	0.0257874887716719	0.0342945611765597	0.0244139961054319	0.0183957749890788	0.0189327171918751	0.0131744486171303	0.0154055310834122	0.0187843743877549	0.0163142618082812	0.0148125045344989	0.0132228697825854	0.0195436915217209	0.0147172084331184	0.0558620917341878	0.030928949693533	0.0456911800191764	0.037389079382335	0.0280869457427716	0.0290963801059528	0.0315630324345989	0.0281769858485987	0.0289623300332739	0.0372518836133819	0.0271935814957226	0.0203446398389307	0.0214835768898284	0.0206813561061408	0.0187102060040143	0.0170743849443235	0.026591376316031	0.0203859153349731	0.0260957345683768	0.0262773790601288	0.0293811816788079	0.0230026233014833
cg17686885	0.0870002191251141	0.0514579339400942	0.106255108669312	0.0627473807651828	0.0957627059511044	0.0730466557149861	0.122823137326609	0.278025781360014	0.10742858716677	0.145733022352647	0.0717437866310071	0.129640811436026	0.139741406808533	0.0938806786111513	0.137831059158996	0.186810141976914	0.127187107666679	0.0962738594930608	0.118145428980593	0.121574005128528	0.160366371443816	0.141284849011072	0.1824633004479	0.138028503862754	0.148000088767783	0.141019135850643	0.11161341239012	0.166170398553161	0.159177754426531	0.163129748483907	0.116005031699743	0.143148031539601	0.096354746648711	0.146358560351131	0.157378645645273	0.124452340787642	0.131228140620218	0.129617140495277	0.16935522413246	0.134237888001712	0.121510197086948	0.155202604870022	0.0792982298929277	0.0752231822158779	0.128074619556971
cg12351433	0.177641052381639	0.220124628284347	0.195237263093435	0.178562601050358	0.207738496871037	0.224276660523352	0.204823258089249	0.18105080744715	0.18113248482901	0.186287464333026	0.246449726654079	0.181163514961203	0.24844314104842	0.248229400203266	0.191801129428344	0.280855833938029	0.248999699744365	0.269313048633994	0.229586227530056	0.232152083682409	0.252519885005493	0.212683653418267	0.252266731942888	0.227232933645698	0.203927606833281	0.168543325459203	0.194142233466109	0.234118536856482	0.209483204513404	0.235372285661666	0.200674427676588	0.20228322019954	0.224539353634211	0.251086513284162	0.212341577904191	0.231112437412634	0.23021679228596	0.212417855829843	0.261426427591954	0.211057764533188	0.236718126869099	0.195863102560743	0.215764937450806	0.20105430372394	0.232537078166686
cg09441152	0.0148682587904398	0.0225569061138288	0.0251975121430417	0.0268689937504421	0.0198768497661763	0.0223421498901517	0.0201362369817608	0.0202309908233503	0.0267904605083026	0.0302052712881523	0.0281178628047588	0.030292838632087	0.0272129952420501	0.0237972449302036	0.027703360771558	0.0245152468432956	0.0211670547071883	0.0310755270854725	0.0204465626980628	0.0151714607609956	0.0324672285439763	0.0171675628968146	0.0177038784084155	0.0386732801136853	0.0306214089904742	0.0313934096787865	0.0350147979035033	0.0351675661061203	0.0308987622341011	0.0208972739916069	0.0231296163576783	0.0248052162397982	0.020133420732789	0.023970892990745	0.0267310039166535	0.0255764433256906	0.0219963555772824	0.0318514967275749	0.025745247170259	0.0294938269953476	0.0222757350840854	0.0236602412359243	0.0259190383804908	0.028761288951901	0.0168275744364387
cg22171829	0.314745555216374	0.538652697777474	0.351064767201424	0.344134449723079	0.327904665836236	0.263651772567765	0.378392528349274	0.297550978901652	0.471971429356683	0.347837176459169	0.308082797733001	0.389374187290731	0.428276527925054	0.380987770447746	0.334014547807394	0.529721945236829	0.313322155668044	0.473902233665759	0.325365590544429	0.407024578782842	0.413413767975451	0.37093371099821	0.417619387122922	0.413250938560442	0.301952219314387	0.378329530225419	0.329759791155353	0.416466424863646	0.262634858645515	0.430520889427194	0.338466560778337	0.266678875745091	0.518870786467755	0.434723643917311	0.442517926465672	0.498028546920699	0.456487981570422	0.263934110209419	0.337354916020323	0.409527103714567	0.451650274010322	0.378986161562964	0.335088754674345	0.325469215025893	0.463588803875218
cg26614073	0.538161023328012	0.626736354744941	0.626790436500135	0.626557548565906	0.675585323652178	0.656812858352688	0.617185044856662	0.58509254932309	0.577644473745374	0.606463580577158	0.580058894082394	0.607333541238115	0.597919658250843	0.64423634518033	0.581331355344035	0.69248887827149	0.609334673328574	0.614650306097974	0.600860148011301	0.576593104518711	0.708526142477684	0.640679135937839	0.579947633409986	0.627297541399512	0.571952129700323	0.635118864158206	0.654134242512493	0.594026190097632	0.590693835292414	0.537095039346591	0.569447773759829	0.555817105409015	0.666413134905024	0.548897451465711	0.629937957037126	0.628866204493203	0.618254379906352	0.564812879924223	0.552527048909159	0.598736531269662	0.610996192743111	0.576391363342714	0.60138021999957	0.577757161324114	0.628068316103648
cg04084157	0.12104126113144	0.107286534701068	0.113587062057827	0.10830829782174	0.0957535276095475	0.101213866203629	0.0775799558711101	0.107275072927356	0.122877610289034	0.121527093780878	0.0887066890456738	0.0960631107099279	0.0836746616528415	0.0903754962935706	0.065774569649019	0.0984717453686677	0.10291466858418	0.0827518386114894	0.0935422466734559	0.0824504187612526	0.0931339701953332	0.0903620699708928	0.0802716504602412	0.090348166283698	0.0989494368123641	0.12093748433075	0.0938417668384611	0.0859084141977904	0.129105318174947	0.105537239003797	0.0902725248594901	0.102140938159473	0.100097800229647	0.089122217922442	0.093697245800776	0.0979797646902408	0.094937433254793	0.1130559245606	0.0876164345511764	0.102953586265726	0.100649202871728	0.109209101903523	0.103191311589069	0.0955395186616373	0.0875989794927519
cg00075967	0.840541122206612	0.802765430527418	0.83899025535931	0.845913007288483	0.807501090725849	0.781437479360639	0.823196956077287	0.861932144246332	0.871409229743847	0.839531641656853	0.87008475939056	0.807356684339576	0.73852822045544	0.69356509807523	0.853402935863643	0.760441738172158	0.86115092789723	0.804381053124133	0.770011852167272	0.796419087829191	0.720171508754197	0.848321944797419	0.809580615430506	0.606038940263792	0.778116761857048	0.838083452976972	0.728410236478835	0.751980758593715	0.702386170176279	0.731038840015353	0.812745652286803	0.778943393130662	0.829818959027893	0.771100308329288	0.774006292153266	0.772267799318542	0.783406712078237	0.765498281375518	0.684408910095408	0.71851674786963	0.778282734104904	0.717502482492528	0.758918026997907	0.837352865816161	0.725786436343815
cg19514928	0.0461858204337389	0.0584043398761126	0.0488992424504088	0.0551076754762936	0.0578437024402467	0.0610702607926946	0.0501949765416908	0.0591444183439757	0.0608793424082036	0.0495966280058086	0.0608639267071627	0.0440870949083102	0.074434839014621	0.0548425272706501	0.054796499546473	0.0741476399929584	0.0622950081441705	0.0573805999111766	0.0651256825529382	0.060183395765796	0.0550361555563301	0.0550624621968522	0.0626362162589159	0.0831379297542628	0.0873827697632809	0.0464791515361919	0.0795542105673029	0.0580985652053786	0.0700192432796372	0.0815220732169453	0.0628683389578005	0.0627915362684657	0.0697941703905769	0.0566393427881501	0.0777740925530149	0.0608817860295617	0.0649382901892787	0.0647103727838654	0.0581519722498818	0.0503601395894049	0.0672262116684708	0.0526999350283839	0.066786495695994	0.0562528252379682	0.0506037837902632
cg22947000	0.434952513902276	0.544323824253128	0.487374423530712	0.439677313173589	0.439190386509967	0.471690929569964	0.510947938294826	0.449584649307879	0.495521526361366	0.589699147933366	0.522746967656484	0.628405633362154	0.638552284294513	0.576918536754788	0.439488931568527	0.659372147779306	0.592804762332723	0.585930005321863	0.53503404186469	0.52894240747522	0.614950352057262	0.472238275107899	0.601642546256232	0.568270339834697	0.53744014586774	0.592193152199049	0.549179164498773	0.552782624304663	0.560556209161556	0.601781875103326	0.589701391530868	0.618180823482592	0.601485184763699	0.539741827047008	0.507176471695677	0.556919364170864	0.558390627832019	0.433702480651691	0.537981162991113	0.533883967590514	0.630357666672132	0.627439605542419	0.54792344102329	0.584852134886468	0.544873058425425
cg03947362	0.0114828514942868	0.00820130989166773	0.00748388120948279	0.013053437806305	0.0158065907811276	0.0159512033044759	0.00736393010990207	0.0115755703267327	0.0158474042080568	0.0125945726634787	0.00802205499185876	0.0129666633790299	0.0157489688247123	0.0126837985758226	0.015310709937716	0.00843155542641529	0.0126672031143123	0.0112215048333454	0.00949659056689084	0.0136437264712157	0.00612755438498149	0.00637041561695986	0.00652340553583489	0.0253230787587524	0.0277941073440414	0.0256677610079334	0.0196360841153377	0.0252010546974964	0.0217523482809714	0.0261232282042459	0.0129928228552314	0.0151367414058692	0.0121205502785292	0.0151851476743017	0.0174205131620044	0.0148191556470959	0.00867076619736732	0.0159156548442845	0.0163855030848431	0.0171604120116365	0.0124249723413406	0.00802562843705253	0.0096587949102433	0.00677704117311606	0.00894320849456429
cg08771731	0.0201170028320414	0.0199576544931066	0.0202864356737943	0.013721383879521	0.0114067236603203	0.0131093345326308	0.0156794300632125	0.00990130191498657	0.00635616707052102	0.0135681432639269	0.0164708481716223	0.0136544473742231	0.00826058800463307	0.0165933122344989	0.00869330312564398	0.00828360876438108	0.00611057251984054	0.0107139975232859	0.00700209160868768	0.0123307193017549	0.0123561505522207	0.00678472239801407	0.0101563063494237	0.0195761895796431	0.0250091687594171	0.0244654864987827	0.0253068729419148	0.0319262977392316	0.0249953779848103	0.0265035283318771	0.0209743285951055	0.0199081185695145	0.0118733930904904	0.0162852681728889	0.0142956033314674	0.0185698882373672	0.0128406685381388	0.0120136527146532	0.023812567125116	0.0304441652992308	0.016959475928133	0.0170694393241947	0.0134242302725314	0.0121224766490096	0.0124100242191261
cg00168942	0.672238308671237	0.626940399880124	0.699223323070179	0.628362445964615	0.701415887925658	0.624030691956306	0.649812787849764	0.727356767865688	0.68367762050945	0.735459015232864	0.680694794977761	0.689470503912041	0.768351303822152	0.744477202266403	0.726753970878273	0.74909045581553	0.722267677716246	0.809584807784131	0.76350721256952	0.758657151449694	0.669346169339871	0.698715997702095	0.754531934643237	0.747147978418	0.709314072757657	0.725697978736566	0.679203322662304	0.692550960625389	0.67285443360888	0.612858524884334	0.73967852852409	0.647162259426406	0.708626184932513	0.762291160051518	0.753587235658135	0.708918754929121	0.743196691306063	0.700883280547911	0.72368655567761	0.713747233884216	0.743291653102887	0.722922691783821	0.739722889828129	0.719339202201084	0.686590793208232
cg03019000	0.873320964066177	0.753073315400696	0.773740576498576	0.835793610227441	0.781938276865272	0.756928558931396	0.77441860047608	0.761555376423326	0.838360926234087	0.798031001858697	0.801701368452091	0.779328475214586	0.718883346941055	0.728736149803094	0.836633952268661	0.76429718986169	0.798614657708396	0.774465082982072	0.794696796109177	0.791896718436742	0.755339127528912	0.802363691691741	0.768641873088367	0.656125863746142	0.79250007566761	0.780345766336829	0.758968670835123	0.766903637748569	0.743646646527195	0.710252884221212	0.731474402318769	0.72850676355735	0.782062207345482	0.730377109291238	0.76197751228578	0.841748042410147	0.790900809305535	0.808655669308137	0.67917069452546	0.709112600037066	0.749291776975041	0.702579265474657	0.776683048481249	0.800392144955358	0.741391234593843
cg14658362	0.00979138019492401	0.0141081831014202	0.0153613120441383	0.0123518048346951	0.0172468836506118	0.0104703329693261	0.00937778091029436	0.0122142903830948	0.0117491446232554	0.0124363357243148	0.0135763027349973	0.0103461973835903	0.0158537296067223	0.0230609095661416	0.023288023652721	0.0104143111356055	0.0118605356512672	0.00895974819563319	0.0117148598219266	0.0125940715553119	0.00632212716552624	0.00610556295411315	0.00647523303521676	0.0232218730775568	0.0243078697373148	0.0162145408045946	0.0252912920260482	0.0289419633707255	0.0245994529184408	0.0301823591858713	0.0202533959826129	0.0108059198191649	0.0128265118418023	0.0140201535089744	0.0170621168340986	0.0144725972547766	0.00759807797677488	0.0076982915464288	0.0146996338892384	0.0190762469532109	0.0146579878382093	0.0167463531860771	0.0187142449628175	0.0117193903839849	0.0107890907123437
cg15988232	0.533943307792923	0.523005969502855	0.468455394698086	0.487220654148298	0.498264165805446	0.46554226659971	0.512688885297684	0.399604917109863	0.459108816579707	0.469526556425179	0.451571507119872	0.449665708939101	0.487141803615012	0.506076114114528	0.431309201822642	0.50026188582729	0.533237950800874	0.476527180916446	0.480543183652155	0.482303283149952	0.512943216968756	0.433794186767904	0.664215046923657	0.402632175239305	0.481466117050108	0.542644547218373	0.527156522716001	0.441446490896933	0.447580916581245	0.459010945502862	0.462259311648164	0.491081038470089	0.549081501919557	0.434093579709618	0.486810258327995	0.466167102273874	0.499240013187053	0.471336685007101	0.491017146643922	0.486546905528545	0.414270782010492	0.477538531697342	0.476223913148508	0.455965905797545	0.471776324423452
cg07730301	0.320414331498713	0.463040012549591	0.442754376316022	0.441048456540724	0.452243844043053	0.44628025833552	0.437970745261241	0.360931822518307	0.306611173949166	0.442220043603483	0.437368111449876	0.426421341154862	0.511528136189979	0.571592591179338	0.311596117625199	0.507393193731755	0.408763849692127	0.49464293710354	0.492007616846521	0.483854235334887	0.5441487932889	0.433778715097602	0.523423822318905	0.590937885781762	0.44907297229892	0.42150821619562	0.487909608888649	0.463959252210172	0.441002745645326	0.476720618242134	0.454292918422887	0.447627475087021	0.492302679507077	0.525223023541944	0.477794479757665	0.360940976524822	0.453615745717913	0.417951727781011	0.562870720700426	0.535733824140135	0.49895374035812	0.533428756552986	0.439793927758063	0.341227057450253	0.513452900386627
cg26723847	0.044596885789864	0.0773677104123572	0.0337424864694394	0.052544156444585	0.0330503427964572	0.0963224930094215	0.0535423609392636	0.0567425038289553	0.0356032835680211	0.0687747482423974	0.0669042775898508	0.0595427407949203	0.0685545982544229	0.0795443133763063	0.0856540803641369	0.0734339516823902	0.0583950066889264	0.0678489033799768	0.0613185009032192	0.0698418428051085	0.0698593044583207	0.0859599922020787	0.0871612106474215	0.103578521470148	0.0695500677972868	0.102579404453305	0.0851190277187669	0.057856670909137	0.0688912539406932	0.0679836939813391	0.0553998638031454	0.0655711395904687	0.0577652832208554	0.0700924511123132	0.0569197932364613	0.0597186116887439	0.085078504395232	0.0559599826230257	0.0929783992593105	0.100210537729945	0.0465392719573187	0.0677878411759715	0.0813979828365334	0.0457502349845083	0.0660784248209249
cg15804973	0.434661578514852	0.512311603929881	0.549874561160159	0.464027771238369	0.329010958955423	0.51447411972839	0.443129982078613	0.420611562102707	0.427361765716136	0.500531504207172	0.50290009408469	0.48665748206725	0.535905683116026	0.526362694058556	0.500714078979959	0.548905418170721	0.443457968502947	0.530956519510691	0.46319096898002	0.570594586609783	0.533722015034279	0.452536508979626	0.502156710508027	0.512315587152623	0.535240411105163	0.492140165047864	0.537621848840296	0.496855479152957	0.527810163773089	0.547127615432028	0.521856659820669	0.572597745633158	0.57526424734395	0.564018065764977	0.557351486166649	0.407054860089132	0.434585721696847	0.491596456556568	0.574138975693679	0.521317526101697	0.54343547631475	0.516185480064928	0.49636069251587	0.423324978450804	0.549721693378618
cg02580606	0.933738977861895	0.940033308882604	0.921255514572466	0.942291671203221	0.939785561435393	0.933679567245407	0.942933389804537	0.927255198828893	0.9336444082076	0.921219212989752	0.922739912125207	0.921248732727121	0.939678419015804	0.937522229398115	0.933716067108921	0.928448520928471	0.92398632418343	0.933111575609731	0.919934409796381	0.935639045028353	0.918437417888109	0.938204966778217	0.92852227509067	0.909940374153751	0.900895843009108	0.900729337272925	0.901414530608534	0.897900564794009	0.909387749571325	0.900275109856058	0.897405290659508	0.897220051298532	0.907293440878101	0.923421078171468	0.915442082586474	0.921242597245592	0.922846714015571	0.929947063170944	0.921057745800126	0.903657743437614	0.89909413973097	0.903838940172642	0.892756565613797	0.922430358976302	0.914788328308698
cg06926735	0.0183798371126006	0.0162111839624828	0.0144213109501395	0.0131405259275021	0.0160342584680505	0.0162454085798808	0.0123621176864442	0.0129521531532068	0.0130306304026373	0.016516932562934	0.0179176570953196	0.0211219608885378	0.0113579290629206	0.0122933491236258	0.012734817404532	0.0165332143441395	0.00932186142325125	0.0120152967804355	0.00867811596058854	0.00842535941078402	0.00532250560296885	0.0126812878836625	0.00794204079560888	0.023819288757809	0.0175004702350574	0.0315000344325526	0.0307854136390531	0.0286043452343396	0.0169730774289743	0.0212418240893224	0.0192899735738105	0.0201599652541737	0.024694829377211	0.0139895730732051	0.0149003800792636	0.0142393878521587	0.0131827740811337	0.0141078201169615	0.0163958750040799	0.0126787276723116	0.0237547515395867	0.00876577617200243	0.0157363510163856	0.0141415887723074	0.0158078676239057
cg06557358	0.0259504250791695	0.0373171929320012	0.0406359729426845	0.0296195509653121	0.038732505012914	0.0388974579003737	0.0322469958697911	0.0272614939326402	0.0492357718297255	0.0354324521312316	0.0514372569743116	0.0334148212251021	0.0270343323058847	0.0490234229262826	0.0278709959583132	0.0374702217204886	0.0242339071139201	0.0366470511880411	0.0318905365015018	0.0397642407000436	0.03776576657896	0.0309787709487832	0.045723482796565	0.0401575455521104	0.0504135890493036	0.058272561203712	0.0406428004318438	0.0437272208098198	0.0503542859530868	0.046858099140778	0.0311879092732079	0.0456076005948113	0.0457555436786834	0.0459805164179075	0.0355196223888002	0.0355525609500904	0.0367436751810256	0.034625079342717	0.0341315764812518	0.036227325869695	0.0402585682190509	0.0435762678618762	0.0381061582169231	0.0322181985960891	0.032217312621416
cg26453588	0.515359625569245	0.522360642073024	0.509973042982147	0.630549337966871	0.557293921087533	0.524694318171194	0.514601377564834	0.510482916049475	0.537197669797102	0.50799738057338	0.480982866364582	0.508333582005327	0.408766738107737	0.573113627425063	0.416548835134043	0.606442101905062	0.565235332184824	0.533718576744539	0.534110353692992	0.523524086781469	0.514633258154317	0.469876193016488	0.571582782632898	0.474970244923677	0.522529217322004	0.446887441868736	0.450218937525289	0.511270853628033	0.518496774929628	0.553276966720147	0.499696867584587	0.456281299555717	0.552238663478068	0.535911129396141	0.539646033720957	0.546103678925485	0.57441344895753	0.564217117108649	0.514633427952491	0.513755946447738	0.500490131848347	0.482637452253919	0.555341538157758	0.406948836396051	0.498834421237754
cg05365729	0.358633878944018	0.426864916368581	0.363201680223585	0.410314378439508	0.415705741349202	0.391678543673985	0.339961683991745	0.387380537246753	0.375848828281957	0.413291660167624	0.410907584130556	0.317960050990982	0.403665286352406	0.404750120310932	0.390059722167154	0.443732602446964	0.4413713738746	0.419607264127329	0.438228233805918	0.288776068340072	0.338369291846892	0.428367110016827	0.363588411809304	0.372261356455902	0.34572035563496	0.42049762786657	0.351873475598256	0.385476042153889	0.389743637814821	0.409189086314082	0.372726737596712	0.366759078657073	0.464293653630365	0.356247167688815	0.414878684253	0.379643016559569	0.398516501195162	0.3903537324282	0.358983169797048	0.407003911871776	0.302840797136514	0.381905160244016	0.384109943330431	0.412604232344535	0.416662273379699
cg12941369	0.349283553385937	0.445850721143865	0.434317038858259	0.405803144850388	0.349044087822539	0.362363369951275	0.369024676031442	0.335870718659692	0.424211606859552	0.430279944691317	0.351838713781443	0.429634798280946	0.43831600374617	0.478467717944688	0.497068673666799	0.385967940764411	0.309237834649471	0.464020364501022	0.450871312838845	0.410868311190769	0.495753183088216	0.386487654982284	0.487354328045146	0.520781575751643	0.376675714805536	0.44189589854529	0.413347908900572	0.344431696730077	0.4455305302767	0.415696259093543	0.448776248983386	0.391852491937004	0.522396308851736	0.497767828516731	0.4336677429915	0.363756893342963	0.510559715177613	0.430815344444549	0.43315597420542	0.486910376071216	0.506104426505614	0.382689059708892	0.343534551800548	0.391189616449828	0.378033595973924
cg04836038	0.0362978575727403	0.042205837122959	0.0353018506811807	0.0442438702971841	0.0430310647657209	0.0448700218482966	0.0307956161422476	0.0529906237100803	0.0400783447078868	0.0526411389178939	0.0512845927233524	0.144959564306557	0.0264562433775394	0.0442135898698041	0.0561713522380888	0.0563815988630801	0.049003085865935	0.0474114495435973	0.036605057422193	0.0452280674160629	0.023380033491517	0.0436296109698505	0.0355279948883616	0.0417484428721737	0.0492193818662614	0.057333072621652	0.0515389337476012	0.0550162669610244	0.0530967578380571	0.0617157974315529	0.0428426142669089	0.0427575143073812	0.0432424450100825	0.0417489419600132	0.0418570304067823	0.0433229823055341	0.0323011502627146	0.0478279579783185	0.0243592718026636	0.0403906764977242	0.0303286907255613	0.0415443892515374	0.039517573072631	0.0462624756852883	0.0206714357033722
cg20761322	0.0417939573387163	0.0570458479906628	0.0508462729013444	0.0554753994498146	0.052348417062636	0.0602763471178989	0.080789350490089	0.0618565167039542	0.044049018737257	0.0754778834698923	0.0718505737184004	0.0577794893244	0.0472711231658128	0.0652249011107263	0.0554246461751264	0.0365621162524474	0.0410032690738839	0.0730723960674535	0.0699897268879756	0.0583455347446542	0.052439591443897	0.0706097263196203	0.0537679200658681	0.0736570821318188	0.0665850851762094	0.0620810156609819	0.0641149275627646	0.058668086704085	0.0819145041566365	0.0394300471717506	0.0548691355058321	0.0368094780792337	0.0586966474136877	0.0691494210775645	0.0523237455616826	0.0510072560847824	0.0607237893046872	0.0562331414801907	0.061103860032414	0.0392603812679047	0.0389566831707888	0.0591215018642116	0.0588041622890273	0.0426407863369026	0.034274225152031
cg27202708	0.328967827316698	0.448048647499827	0.231620429440489	0.266800649301199	0.365759300057992	0.33739974498391	0.443002856161693	0.253889893821384	0.275767810374277	0.48351512962198	0.503241468299368	0.29246256885655	0.404208944160022	0.30442118863775	0.184753402674372	0.339835771974334	0.366520095550881	0.35591189492379	0.207516033392881	0.309696364236415	0.269431701907359	0.371344734324208	0.377977424739416	0.286782410240263	0.399315752075882	0.170794342779279	0.235473545847379	0.303125187438885	0.345230859993572	0.326196464654051	0.263113336480583	0.28499095610017	0.219819958761034	0.220037978737295	0.406388977016839	0.434589438599167	0.339396857920433	0.326037434002413	0.354959725326909	0.463129394677052	0.161852431808594	0.351751937565843	0.349677656327821	0.392487223339405	0.361589256221993
cg23517605	0.0783842250796298	0.132528195481545	0.186801428412523	0.133574319548299	0.101346840424836	0.114628970217806	0.0936427422699268	0.124419929608363	0.143740975716977	0.101950399688144	0.140393704491061	0.109387114305892	0.119239705558743	0.145975418352283	0.119958224256052	0.135234890381384	0.132433968110907	0.114858608766499	0.142633387124966	0.141653618445962	0.130570017581002	0.157301647725176	0.140421213373348	0.150350321585568	0.117436987722736	0.109322756965527	0.144076311515045	0.116575211602949	0.0976671080228096	0.119575825778139	0.107735106668862	0.100577589403717	0.12067172179413	0.142556174948109	0.151308115193242	0.135986411927588	0.123500975950089	0.142153233047221	0.151160759592826	0.141433636951863	0.123684689214779	0.110225332551989	0.123806715772563	0.120412695013298	0.0911044251724501
cg14727952	0.0182087988343165	0.026961346750138	0.0309738120653017	0.0248589928537786	0.0237518821668123	0.0244404230659897	0.0399453122314731	0.0292229817592427	0.00586154381374178	0.0240059200322294	0.0268513669859914	0.017783974198034	0.0266631880794337	0.0327408871266139	0.0408340887410551	0.0175063368945949	0.0255720369295477	0.0191743667951934	0.0207166358007996	0.0213867908907764	0.0205566634016322	0.0179774784107661	0.0164693767002471	0.0323743577861338	0.032668217335058	0.0438493556555231	0.0381308769522167	0.0307846488161216	0.0293171676836902	0.0370496457859976	0.018023079497312	0.0223923472929154	0.0217555636305336	0.0343266351687754	0.0245752131451008	0.0300186313257962	0.0241780339005608	0.0485047663121198	0.0192035398802416	0.0265463445661259	0.0172553332165798	0.0169350658229572	0.0237425036871274	0.0142897279504761	0.0204959899867979
cg05755779	0.893398211209384	0.863772363525402	0.878183176287537	0.871837626336747	0.824707637231171	0.859258343363444	0.778995825167309	0.896959531600801	0.872455905706751	0.890979929666368	0.911959751860948	0.89003224481679	0.860512143430623	0.910840667619222	0.875527454601457	0.877269311087208	0.878064454825759	0.907076919773934	0.881096465506046	0.888219960540518	0.884452791958486	0.889704091884525	0.787905270841446	0.860163526341372	0.805149926128658	0.821384487010489	0.873087535110702	0.817115963691912	0.877328336743818	0.835507438265006	0.859103964737408	0.879071255686862	0.87718614503465	0.886231414599331	0.887092613408481	0.856291486463285	0.902669347101759	0.884541623425484	0.877493758152061	0.918109700236569	0.864864351221292	0.807788469971268	0.89330771356414	0.865447315067252	0.87578428676764
cg26005082	0.0280865232754694	0.0204873311543406	0.0213470192589638	0.0190383906217949	0.0250850688304222	0.0208886238220218	0.0221917704327272	0.0257362017145969	0.0264673548272954	0.014957632429235	0.0261124598994844	0.0242461920843772	0.0261954824318435	0.032214650538567	0.0248186806229048	0.0277162427434082	0.0148337732062239	0.0180858727146944	0.016313268456333	0.0225685797320296	0.014045810775603	0.0130004140425141	0.0263309102475058	0.0331514732992795	0.0231050529752756	0.0437600742888061	0.023714388868603	0.0425745339221604	0.0295915336064463	0.0323076876281745	0.0390943698826363	0.0334915173523987	0.0247611974915369	0.0155575111935564	0.0267952781358569	0.0184868144984566	0.0160573585611461	0.0175338079294791	0.0214604443166844	0.0231182685830513	0.0244295548907162	0.0205713459291206	0.0296535189869358	0.026595695149537	0.0273066175431488
cg27169020	0.318963363914763	0.315429614865835	0.297535354652789	0.358115249960416	0.359799805225086	0.370610232825666	0.334214315903684	0.266517593230311	0.333914875016215	0.32465032950851	0.294429320671855	0.279212679483185	0.324336607536489	0.354320533368277	0.286486435891701	0.305304605283912	0.344075599959849	0.38822431938528	0.364986144393217	0.320468417577763	0.310611146086541	0.288680006277575	0.380158760348717	0.294956176346016	0.327603379577532	0.36301790469202	0.320524318638205	0.305459518055452	0.296903852996177	0.380864758874861	0.292277100147917	0.271056391775904	0.285323602099913	0.331875963522724	0.305553891754345	0.374864857138738	0.338999258783592	0.316957149467049	0.346764103875965	0.316712902204542	0.339035819354621	0.3686583374578	0.330913987680718	0.375123132488819	0.333792816434775
cg17274064	0.274717379859585	0.302409420389854	0.267139409792294	0.221501031589768	0.271472803312549	0.241503563630203	0.337911195164594	0.327252716045507	0.240723196643451	0.223370955413202	0.229807392952689	0.304549500844997	0.298919750913949	0.284426211523551	0.215844299426287	0.402861903176416	0.267552252013159	0.328966413156263	0.277579710537606	0.310320313448309	0.346742545750525	0.325523706707311	0.327584749249973	0.307944807776242	0.303488348598442	0.284308469738114	0.268599248185128	0.313858413957343	0.266448004185316	0.244568635382284	0.239091156360529	0.277183353168064	0.367383058990517	0.299777773286672	0.277605879387139	0.196208582535435	0.283304220332107	0.224771491812434	0.231750042512625	0.318420830650401	0.293477502689521	0.33795403803049	0.21971004833801	0.314051036508077	0.332264548003923
cg22289837	0.322284622780985	0.366280984465201	0.307536914565234	0.434317301811376	0.355249321132042	0.312926681220575	0.375803873535257	0.327465319576828	0.418447622478726	0.382762295857682	0.327630303445367	0.345854704222033	0.339709717891442	0.318632672144768	0.291571343136447	0.41811579220862	0.397476659219165	0.371220544302038	0.404870724252816	0.343239208765219	0.420132178314013	0.306739163734736	0.301119395263856	0.322534532179416	0.327337473700479	0.337649678692856	0.371575977893979	0.306580194640325	0.347552780754801	0.401139618342841	0.313871759150551	0.327223105300936	0.368459891480832	0.384398105294968	0.432754566378875	0.378021693355871	0.375184230643935	0.352545049278359	0.432250228161258	0.372960590487573	0.35788556966682	0.330458659305717	0.362622662284222	0.364955769910419	0.345724468374356
cg16899442	0.140789917205371	0.251487412097712	0.239087904103263	0.158336663023368	0.151114057116924	0.240433428365712	0.219309570185839	0.140457880577612	0.144257641266259	0.232140381957666	0.185768161571017	0.214539412339908	0.247047650018296	0.252203130032431	0.137627091895656	0.228891534055281	0.231215802067667	0.232573476249953	0.207830138434861	0.160562190164688	0.217122893093325	0.200814276783962	0.263104435432222	0.267037339492382	0.207843443288516	0.202804027289738	0.221047740672003	0.21945465709718	0.237041003469548	0.217106810705341	0.209388359180361	0.190500476181723	0.26293146063788	0.190137063434163	0.250352032083943	0.201862779576297	0.193252826601204	0.215437281660016	0.294905570094956	0.289635164714412	0.201881832628855	0.198338089164347	0.188088841334019	0.123065564105776	0.184996019763097
cg00436603	0.835675979554142	0.87770037263901	0.844038910404881	0.925495520444042	0.767823361849735	0.850228588689826	0.845306669615317	0.799424009798185	0.789089777227618	0.808105279254284	0.872220639525937	0.860067364514502	0.824834333958811	0.902113934226224	0.845852513950393	0.831390101110442	0.879134632797884	0.766830905867545	0.831772002198392	0.819917243663402	0.786531058947803	0.859112571095801	0.828038050428099	0.879697883054414	0.776111544113654	0.813525882690317	0.827200204390003	0.806281381959838	0.82339988983251	0.830494149706726	0.784855606377427	0.840976374338561	0.770462502221374	0.847705833438179	0.813855071509935	0.852790488411749	0.872414376205196	0.753340318477188	0.806646880764247	0.837974159915816	0.870905182739925	0.80263006772192	0.798473843665381	0.775286986923779	0.835024997869022
cg04528819	0.0503619653825069	0.0603623137509735	0.0569801193959515	0.0558018718520313	0.0511306166304604	0.0473094735167523	0.038810023721998	0.0816699618039152	0.0803484143160964	0.0456166153150568	0.0699960025629953	0.055492586914955	0.0571958412787855	0.050815386112483	0.0371966104959187	0.0874354216277435	0.0556066465209828	0.0597929652785693	0.0472975069175442	0.0794609051676956	0.0516961243903774	0.0764016421630176	0.0794672249070423	0.0657704812465955	0.0968937626234451	0.0652040440707565	0.0823758578910059	0.0764271681989457	0.0699648985922834	0.0714010097274209	0.0619520004010277	0.0478618856386644	0.0407161494495663	0.0624951365550748	0.0565373002390892	0.074419024054317	0.0492271618451939	0.0249307945513928	0.0552730728266195	0.0482168015594473	0.0744467291230118	0.065247907650155	0.0624009964054082	0.0490143960405631	0.0611256939761495
cg01644850	0.0249391097249164	0.0150548518944259	0.0144391901076774	0.0194076692581684	0.0153602769818641	0.013501411271085	0.0154106711680652	0.0194329275803816	0.0136470027081715	0.0191879600321599	0.0182673885633556	0.0183837908220003	0.0155638172399873	0.0146142829666327	0.0151925346454023	0.0135147900843877	0.0126727357588236	0.0184306519704323	0.0132038096104033	0.0129225702893546	0.0144569194555562	0.0124038752065755	0.0134358448329536	0.0329267757961602	0.0298261390001997	0.0431616077893632	0.0303609731996102	0.0279537288385768	0.0348736911626182	0.0247838178412817	0.0201947684745597	0.0238260765894397	0.0167435171099781	0.0213468155794435	0.0190140420302463	0.0135478919694041	0.0123683994540559	0.0165653942082345	0.0284680345392446	0.0149504642625423	0.021009232997397	0.0240054226816812	0.0204265568726326	0.015688524444301	0.0118802608853841
cg22568540	0.934052345700324	0.940253571459541	0.952816943243868	0.931608251655837	0.961893259469419	0.933666743780412	0.957267558454108	0.922663667702684	0.932227950497975	0.918039760743586	0.925852002669409	0.930708348764691	0.915835871506641	0.937436439980883	0.917547763568628	0.925438745535593	0.898954661583035	0.892950626023169	0.913010981158578	0.935274226918971	0.924798370879565	0.898811715821881	0.916071504923585	0.885643681741683	0.885086908740275	0.90470571398472	0.898857576872003	0.913904587812541	0.90061399957171	0.902647892532832	0.906178541104997	0.912407702995909	0.912364728510497	0.909993771497732	0.890167603720567	0.913424072064606	0.904691489406631	0.901977056988722	0.922338083834621	0.910107698583866	0.907439877800915	0.928563021200894	0.921614477114411	0.888319322808531	0.920848279605206
cg03891319	0.0530618560285814	0.0935280988836812	0.0752078168471868	0.104384741358508	0.0948189517449596	0.0736986572404322	0.0648661853807052	0.0825307004851554	0.0834974199148929	0.076155855592893	0.0752006733880388	0.09037563157184	0.0958900443491902	0.112120463164947	0.0843298019031378	0.107465772575296	0.0808131947706303	0.101635709657657	0.0918332595545656	0.0814203121632724	0.110270365720402	0.0828955939740029	0.0832944575990432	0.177322687605942	0.103530942376592	0.102837475696959	0.110803102222186	0.104259220053484	0.0745552187870222	0.0873397733865579	0.0973208760353914	0.0898353339087689	0.136338636879002	0.160945651819857	0.105271986733345	0.0592490355835752	0.0914981303091069	0.0935442066767377	0.0956629504355906	0.109626088291437	0.0889586693782126	0.0949021681081046	0.0992329744383907	0.0605161885982682	0.100591371742331
cg02275294	0.0580992986408631	0.0736811319776989	0.0537358941486409	0.0629068838208047	0.0553916468344744	0.102314726047553	0.0758199115102474	0.0471662158509643	0.0774023902466332	0.0872028702156347	0.0910147123060595	0.0892807623862831	0.0787023742751353	0.137060123840288	0.0613637547479703	0.134774533153001	0.0892538602106345	0.105740798943385	0.111883262022997	0.101312230477409	0.100826237561537	0.0891117788958252	0.10868450444356	0.117528285535423	0.0864501145842678	0.0862671376429422	0.105814319067486	0.0960507883083133	0.0821609356638129	0.0867708415701286	0.0915593756497076	0.0921827443978069	0.084191095124783	0.100654412975761	0.0910268597092635	0.0720546496062967	0.0730971114603506	0.0604024494850894	0.0993204880131412	0.0998787482515767	0.0992386605554839	0.123789126006855	0.0677324241176532	0.0555287724339223	0.079103307120617
cg00945507	0.301255350880025	0.464309933051162	0.506429534359518	0.449691855974724	0.164933655132018	0.303125140843373	0.414881219058675	0.478811415332707	0.530440009775409	0.428704163340517	0.37236335330528	0.237639485437182	0.60750985754165	0.655421932045643	0.361536615975364	0.516540677916568	0.457183497328701	0.324601744742398	0.511458311678232	0.476595308271611	0.501473835859052	0.412530411295658	0.400985704729825	0.537011426693936	0.507793609906494	0.414890335267526	0.490710790639241	0.468704449558055	0.290059652282694	0.471412659365601	0.559801911987541	0.359115482104631	0.341451557125548	0.571243337586892	0.603173109856692	0.663375593895801	0.617396367078136	0.333626603073253	0.419323637240599	0.454894376756371	0.507420290591135	0.44758393946731	0.430115198655511	0.492151762365125	0.549674273200593
cg02827112	0.0347127576753009	0.0476184860892902	0.0383240401781714	0.0255254160026843	0.0308887412420878	0.0363202573669863	0.0407571124773752	0.0359985840681392	0.0341395532604725	0.0372475389900148	0.0375544042659067	0.0524524757317035	0.0427404626604742	0.0454103888399451	0.0318747794033717	0.0373472863916368	0.0369305275031359	0.0361171247655875	0.0146947639642723	0.032361669131583	0.0380856674574936	0.0433027953882081	0.0323804950381521	0.05481939542436	0.0464229638365695	0.0501633911130326	0.0529608108108658	0.0366613625852939	0.0510615625257798	0.0496590309333113	0.0352025622792502	0.0404002218863475	0.0377305466585492	0.0376991123915368	0.0446333561421985	0.0347817239344554	0.0347014271882889	0.0244157060640528	0.0488521351993256	0.0582412616272119	0.0374313550180472	0.0292741709743141	0.0344832695853181	0.0376017731396746	0.0243603227028966
cg27377450	0.914866464118041	0.929991177556111	0.916750635519006	0.931543751121136	0.939658030138821	0.926227469454994	0.94821554367076	0.914656946406665	0.923232381853377	0.937012920216506	0.916482986043502	0.926673360457981	0.928680995677002	0.924682050790201	0.908447872118098	0.919051529762054	0.90580960664462	0.921300550783798	0.943976180037651	0.935331198878447	0.939022319228381	0.942246384708456	0.934709516291808	0.845366702900175	0.888615778683455	0.882743710384056	0.918734630750777	0.888101340831381	0.896504765969284	0.893822511827614	0.918686316797091	0.888123638231103	0.911434595474468	0.899729514960729	0.886009355089682	0.874981130710089	0.938791812205161	0.901471244850038	0.885859597077868	0.913396885673323	0.908053295131614	0.900781743487747	0.884531794616644	0.911399350054034	0.919400536017189
cg07158339	0.51647960809822	0.551974300217605	0.586891915729349	0.583631673880224	0.504100890305499	0.515591585264408	0.484612382712276	0.5759305358024	0.519163667049186	0.491709236646825	0.498430986315047	0.597118373002993	0.490609613098298	0.528775247185262	0.540939176552189	0.619685140327577	0.547465951413983	0.472654957528321	0.477069720583529	0.530242190911761	0.531853503734565	0.600946835858385	0.500299869718763	0.564158893751747	0.509834629470958	0.492314130678705	0.517394594290453	0.56258122686154	0.562636859217144	0.474768729678518	0.585734624332428	0.567598084139686	0.51676237693653	0.424141812067947	0.509588723307918	0.581689808659158	0.504115386472141	0.515021965624219	0.548097119757101	0.436443823809823	0.574653601735753	0.562390124208151	0.500568830351247	0.490654572981252	0.577179977787776
cg21096399	0.0719117834164329	0.114591788775697	0.138316626446126	0.126993929726851	0.102222381204737	0.118128285328149	0.107206998470931	0.0989617570793715	0.129891744044884	0.155097096787992	0.169952363049381	0.114270934612902	0.148032083199707	0.157703179813988	0.117905166063478	0.157961865219103	0.113206981368522	0.129787659330957	0.161237688685285	0.120245165279378	0.15515094984935	0.121075903440889	0.158976433444866	0.164862408886364	0.11561214543089	0.113115792519111	0.132312682449683	0.13239669875589	0.15580755258516	0.115390379960534	0.0995094390469471	0.0904648430572784	0.132988028949836	0.151847038240816	0.125340911426812	0.15594735287588	0.128903498118632	0.0905166544564256	0.141894580501768	0.166376806915837	0.14337788161621	0.169684223514959	0.111291891401814	0.0811913477039788	0.137008986234766
cg22809047	0.705948767747437	0.715995688357578	0.716405096246316	0.721525928260762	0.69964476963014	0.700333113679567	0.723066754002328	0.702136965828879	0.662639336140934	0.71418386257675	0.67138723202108	0.694862211197862	0.653727462357313	0.697106609666762	0.593884486496333	0.702138149538953	0.68811749489381	0.702465259829556	0.674782915784891	0.662340923728913	0.659885023005222	0.669427336877908	0.719639681136844	0.713837329480373	0.636419006900132	0.652695099274935	0.700799865900785	0.688047998433776	0.646498569957691	0.662458847657239	0.654707622894614	0.678710390037161	0.696597682164001	0.675097080337313	0.682922642436758	0.691472717225281	0.692125642603994	0.651821835459304	0.674230300064317	0.643656593952566	0.64191529888551	0.662195330531252	0.681282240252943	0.620807305972354	0.708633600523691
cg01511567	0.234663531817144	0.142048218984161	0.243486963591931	0.339250315126138	0.341609307228054	0.237780341694532	0.185596179170098	0.252329643990178	0.213042768975123	0.26355017921569	0.200086380455185	0.277149745068441	0.29556632589051	0.173411550357974	0.292491735051659	0.312047588981701	0.280820834195955	0.251007946785758	0.176635427896182	0.295156688787514	0.279160974337653	0.329242441200797	0.178666585744364	0.328390444936937	0.315422851323524	0.275053341972067	0.311649423857478	0.26180602394474	0.229598602690701	0.165576915466441	0.245525967485977	0.276930772572208	0.289389231361303	0.295111675331385	0.331063020288229	0.250025714034044	0.312841610003044	0.263612236482719	0.288774768211048	0.351905912457179	0.312142464808139	0.293887686117135	0.306792973629307	0.2120814329154	0.323861259246663
cg13216057	0.0176595664374899	0.0227667905756842	0.0126614921857873	0.0235900508738217	0.0263836117498872	0.031519120794012	0.0218836922906413	0.0248467791125574	0.0228254130170514	0.0147401027229384	0.0263531544778822	0.0210729691103727	0.0199766426156693	0.0263186526718438	0.022055043683758	0.0322917199192159	0.0163485418871144	0.0169361814223879	0.0156580435181716	0.0319690361902705	0.0153161479821827	0.0296115317626564	0.0279838714432868	0.0388110121234265	0.0272397700950991	0.0266392848799963	0.0411743095617871	0.0308816283860298	0.0347555810768878	0.0295303709713818	0.0246365782940105	0.0137498613247554	0.0193589702511663	0.0252110240446012	0.0291319828517868	0.0299429721520464	0.0279881370056968	0.0101966509228324	0.0297551090498694	0.0391402186274652	0.0227254514977553	0.0322903019485532	0.0243155077892532	0.0215150506972648	0.0134191841771263
cg22197830	0.780900694444197	0.782680563984295	0.75367036497292	0.790346724753258	0.823381796981073	0.776592203318108	0.780974229440213	0.771693824669121	0.77518496146133	0.763164080559569	0.76865873444791	0.740143924059511	0.766675303799901	0.800381392839683	0.804238492366433	0.781878077192107	0.800691225172391	0.784688249735449	0.767314289598706	0.77300995955404	0.791733200279082	0.798466372624345	0.768713766507239	0.754665726705169	0.766315272797458	0.749201402378223	0.755740196996026	0.794435389263282	0.735377475901232	0.769394438096184	0.763436649868898	0.743730936498065	0.778529471204206	0.782904667954402	0.798363085744537	0.772198701419443	0.766560241251368	0.779480927611025	0.771382768278109	0.74705817470928	0.779108444791642	0.732688993633757	0.788820675638301	0.754749001462513	0.700809495164446
cg11299964	0.307912401064047	0.415849397376208	0.408738028120031	0.38537800076149	0.347547437013602	0.366805958794951	0.345906813907801	0.380693528735538	0.413591803839748	0.399115721063972	0.390048200043398	0.373045630073852	0.358401989640802	0.287885304232198	0.405515378457365	0.412504870202394	0.382168918382713	0.391438863210272	0.368802490491782	0.389330444101818	0.333227393433957	0.362196973375599	0.452048392103815	0.429849275756973	0.381315063416872	0.392096379861029	0.397755905304061	0.410347638205115	0.383516377067801	0.360500702314714	0.384989723535653	0.368602846320085	0.432413516172772	0.39262206958605	0.402078458361066	0.423897942044418	0.41197336957416	0.35354030782726	0.374120163176539	0.341913191300859	0.381814688477767	0.381665015166606	0.428841321799161	0.420780465124687	0.40588050917054
cg11653266	0.00634915336669861	0.0204963438692492	0.00953095773456939	0.0104510843836931	0.0111747776659057	0.0156130062922047	0.0157721175489755	0.00772735770077228	0.017040521067024	0.011736508461765	0.00770474989393202	0.0124133771716575	0.0156287382889143	0.0117669595555316	0.0111900206594547	0.0151171777277989	0.0126956014947675	0.00737345763195444	0.0113252192314409	0.012088509406891	0.0118589299485752	0.00558498480453631	0.00990152292903164	0.0188642653055966	0.0243336036486255	0.0360899063856494	0.0283441035632493	0.0253558817906542	0.0236306352941655	0.0240700240072401	0.0217489194391341	0.018959133182835	0.0115214332462759	0.0172774594489555	0.0131520842845788	0.0164940920717133	0.0152332764846739	0.0159580768202644	0.0167091055493609	0.0150689784002476	0.0110055100308977	0.0174641509895313	0.00677375722079653	0.0135909363141999	0.0150882272001759
cg25070637	0.0255450032369466	0.0324855158374417	0.0225020264300651	0.0342850283471696	0.023779128582847	0.0319675807441779	0.0365026814177243	0.0262053262217138	0.0259579205096755	0.0265918459009586	0.0186025399572906	0.0242738649931733	0.0193798901958585	0.0447461647830485	0.038280979716602	0.0168093542342994	0.0262821687123957	0.0293530216555716	0.0273558145693591	0.0298509685460616	0.0146935976899233	0.0299590604328802	0.0279404446027239	0.0332797108217807	0.046890712514293	0.0359343791250359	0.0429094675731558	0.0407093420920512	0.0423476554376333	0.0373697494081767	0.0395968535192416	0.0317791883803198	0.031692196033251	0.0354690141471511	0.0355594393791785	0.0278529623178856	0.0315752583895624	0.0228213114565931	0.0291183811009813	0.0232003194116788	0.0195466019781132	0.023532393565607	0.0366730983687349	0.0286973721474154	0.028074572230606
cg26842024	0.0592926436097039	0.0614784321795333	0.0546446944714533	0.0648893833636143	0.057585440184247	0.0731976517138893	0.0632283547202785	0.0882528711050471	0.0831691446373767	0.067077416960694	0.0541859974608779	0.0716289764812511	0.0584673134471563	0.0516984629594468	0.0772210888904601	0.0690303926178426	0.0630614395729089	0.0658806760595285	0.0581634642714102	0.0609993053117462	0.0417392829391794	0.0527551644477757	0.050309266936071	0.0607694402672017	0.0848178269117881	0.067001863427723	0.0733300818586734	0.0681819834765061	0.0683302748239245	0.0637899526745723	0.0523851916624838	0.0738118496561121	0.050727770120629	0.0558898336750029	0.0764604444800027	0.066287502978346	0.0654324996991982	0.0655365753409547	0.0599001062320349	0.0659032852946156	0.0651185781018344	0.071616314666885	0.0563352072523061	0.0815880891421269	0.0568170225978649
cg05294243	0.158911836642486	0.145533948837822	0.126387163371909	0.163469456342069	0.101131930649305	0.135382335039929	0.0870979534518385	0.135575687045201	0.12432389118571	0.195833008889008	0.189304311481611	0.0926893571456034	0.116679583704269	0.154404070798451	0.139467279012685	0.122146570639529	0.182690453889349	0.103831263318208	0.180481246072228	0.123677390831994	0.131798764458076	0.142347282477062	0.163253938239948	0.151161293549595	0.156276246153733	0.139507742097344	0.147395440110809	0.132579137400337	0.108244701710653	0.122470170594801	0.124156582499018	0.108724696045162	0.110812557310699	0.156144770108482	0.130555378136827	0.168817519241152	0.143300719762333	0.17452617830991	0.117247720926287	0.146212908133353	0.133368596240886	0.0887952272612524	0.130405117487994	0.0802466485424697	0.135583607975537
cg15661409	0.934615849846007	0.948846564068214	0.943930960733445	0.949272729745988	0.935574988195037	0.949226379532318	0.960470748331068	0.93766625344651	0.945424909937708	0.957797298435705	0.965505693778187	0.966130375275497	0.971969466662326	0.936346471377094	0.95610499907892	0.951695630455665	0.965347346488321	0.973811561869145	0.95829515198391	0.965597304585192	0.961592725159713	0.962625077606131	0.957850864030444	0.915277107984339	0.931752513296348	0.965660871680504	0.930078341510669	0.947350589765732	0.941842922560229	0.914225784296959	0.948346384272583	0.947218795042759	0.936914525397418	0.951068049860359	0.942547607428369	0.959788356672354	0.930243982809244	0.953053921080464	0.92120881245741	0.955115263992063	0.955857830327752	0.940762320887493	0.942180178119089	0.961089664297502	0.950506255380551
cg09191327	0.0294374337816721	0.0302627219990954	0.0270923135207425	0.018556799741928	0.03550515708054	0.0256407131293777	0.0165597002729867	0.0288909817571109	0.0453741174491837	0.0188626877536774	0.0156996554932331	0.0110169043567611	0.0213855942402329	0.0295034234068346	0.0236664290964491	0.022035437660882	0.0197565688047437	0.0162467480893724	0.0410016896780687	0.0233778328301633	0.0188707906131022	0.02929982787316	0.0242936782621799	0.0323120911874693	0.0428959156235288	0.0405693230804646	0.0483490207444625	0.0370297104987319	0.0282020994354621	0.0425279476437257	0.0443507006297972	0.0211572277843657	0.0234132699936348	0.0242812446470587	0.0210133881139945	0.0189613890175853	0.0270918661995127	0.0335491227448268	0.0185285737817779	0.023075541534492	0.0174353354478327	0.0244474522831502	0.0183543824813449	0.0355585848612127	0.0229574159950044
cg09885951	0.0149203143213158	0.0380987547260462	0.0130822294349885	0.0152918327815772	0.0111976199439654	0.016631543183349	0.00861427456462125	0.0175166017268363	0.0108349064784574	0.017590246464905	0.0113637321118739	0.0196864100032413	0.0202620493189561	0.0204679929129843	0.0167694452241033	0.0151688859067481	0.0150537304117875	0.0123332385723624	0.0177339915425259	0.013859822779293	0.0125147331523827	0.0112728056413066	0.0128813531789484	0.0308626857508469	0.027991893957182	0.0324480559506242	0.0171441106032953	0.022585855595791	0.0164115007175061	0.0205751340783279	0.0172335635414097	0.0212964253593257	0.0199756563157384	0.0187362045269685	0.0149685470227735	0.0245647539415489	0.0162522060284593	0.0149167769797768	0.0159671730269196	0.0101140979779357	0.014431089149838	0.0235855737796544	0.0177212252323923	0.0234670747217466	0.0134830369053712
cg01027739	0.0480991498291894	0.0765367985968212	0.0568253455309344	0.0680915233253839	0.0577422113793798	0.0520566964545023	0.049418287658955	0.0673896784518251	0.0813242743180186	0.0735891215506649	0.0694965050304868	0.0560588423094514	0.0559265120776047	0.0665588627218665	0.0501792570971298	0.0727680612340075	0.054172799128003	0.0464294443204383	0.0381525245884211	0.0451575465791394	0.0395054290480531	0.0633688460580177	0.0517082390117887	0.0620490441335932	0.0880911346706845	0.0827292937876861	0.072615396003032	0.0847313223908718	0.076788362872598	0.089250312831044	0.0594533554966525	0.050121687953572	0.0686567610528087	0.0449767887053253	0.051507636622102	0.0569610511973198	0.0437080431534208	0.0473986030960591	0.0865689929994783	0.0445367088115114	0.0597947633184702	0.0490864037457527	0.0709490029042906	0.0484417384042217	0.0826695392457006
cg07291563	0.0256719271591438	0.0193300993628504	0.0132334549706719	0.0133280858029492	0.0222482841429634	0.0219450131386245	0.0174680898984849	0.0240151192640616	0.021688769401347	0.0179524217772258	0.0226601840478514	0.0203387135125571	0.01165719218962	0.019415052982475	0.0162270198410725	0.0173390438955438	0.0130455112951637	0.0153923217343253	0.0221797568269387	0.010185025357116	0.0164150925811234	0.0146821855478721	0.00695423405944253	0.0263222382778861	0.0344340322082079	0.0266409300683296	0.0303858347055341	0.0211303875456633	0.0239277787073033	0.0201259906671241	0.0169896311561395	0.0249029808103328	0.014073036657786	0.0222472679533574	0.0155811013096281	0.0173069587916641	0.0201568834516321	0.0127225295583006	0.0165800232260567	0.016773840868384	0.0179643575093407	0.0382142586290516	0.0105931236602665	0.0127860054244032	0.0173343990817953
cg09646392	0.239858465156507	0.498491743938864	0.49797175945338	0.413233041043057	0.449775849327642	0.487770546746984	0.402146605460514	0.276997391310098	0.289586702881773	0.413522706469081	0.423520488379777	0.467500539942667	0.55765271257767	0.715765509092792	0.330251047325943	0.580251720133943	0.425429402597237	0.543823533883158	0.50366861945974	0.444482412155799	0.587946668649201	0.428986839440037	0.585362893641008	0.74095415321978	0.434342322175904	0.42810447243605	0.578632473824285	0.528633517039575	0.43106862076542	0.477639038188697	0.496773088928452	0.499760452603625	0.51692780496104	0.547323335390632	0.508124770518678	0.37024478636562	0.431858765811156	0.391136921759144	0.630830619707532	0.615507795822594	0.543136055558439	0.581428886360898	0.467882734608614	0.311753221929709	0.563756299167499
cg27015931	0.114662142889514	0.137238366672296	0.135547924473411	0.140185458593597	0.115002343352626	0.150124762404201	0.104971530216383	0.115922238461302	0.138098254746795	0.156375555364316	0.143368282907237	0.139896046098998	0.193820766410848	0.137952614662818	0.159132357425846	0.172506957096964	0.164395509330404	0.165037223974419	0.17922367823027	0.161667412058426	0.165969187592214	0.164560605074554	0.15442783387632	0.179587888928811	0.165373345346481	0.151892773521689	0.192466056710297	0.154870681294609	0.149910870742315	0.138365715825133	0.156062779887727	0.179926437057215	0.147569452327643	0.192791879108474	0.179279623624078	0.18322925468918	0.144912305111242	0.191000461945629	0.153600803240172	0.149787251789794	0.155400361616319	0.175232637512426	0.165984504109984	0.19427083122196	0.1724445298282
cg11314684	0.521190505506044	0.492831943273851	0.576825457675945	0.532111847297567	0.53349599205615	0.504847401368073	0.482648898267349	0.460689338183505	0.454576825491291	0.539394177600277	0.513276939609766	0.520747441301639	0.435812013712315	0.50963597798384	0.553034467725972	0.570148617776726	0.518137793256957	0.517196774202686	0.511999483454548	0.487975657030694	0.542951908961981	0.503563526302319	0.507288713355982	0.522428815794822	0.532431000873415	0.505553561107918	0.527987077393158	0.470316901782838	0.513896600883686	0.511238940779172	0.522529180153163	0.541081639997889	0.555812854994267	0.499785576890292	0.538169135494774	0.524940898293779	0.56107600710559	0.537229728457011	0.480745169243624	0.499774375209587	0.556013861124002	0.519028774847396	0.485209749619701	0.506244671782662	0.510463192569206
cg24899750	0.66470678738965	0.735516750468131	0.713085724891096	0.742237673912206	0.709440766387969	0.722062546490254	0.717722346795104	0.71661455502759	0.653258564761914	0.683003495148931	0.702101396643287	0.743928745713275	0.728107802567061	0.712725802254248	0.677824458068713	0.714609159079579	0.715814780521975	0.716549358907438	0.688122371973693	0.717256633910247	0.720362529940763	0.675010043135051	0.759562630805005	0.782049252020155	0.724798056489667	0.659853098080026	0.720929869829137	0.700321195701765	0.666892902352898	0.723692195722023	0.681247190159	0.718721886636291	0.772803187826098	0.737060190681372	0.704535854130109	0.725223570836186	0.702065745635992	0.67582087980512	0.707864092066685	0.707531968217918	0.733371153946376	0.71186960295182	0.664188983969787	0.713344093711307	0.741811630924482
cg07498421	0.0352584714223193	0.0437068145672942	0.0465165888775552	0.0290313162932611	0.0340012901681737	0.039483152442762	0.0447500557707304	0.032464794666523	0.0537701284216551	0.0262753854544623	0.0630326703328062	0.0448257663725451	0.0418629596051567	0.050561410703304	0.0521957262637955	0.0313529944426586	0.0207216745469746	0.025798801754152	0.0461560290837493	0.0386162623331853	0.029664998866564	0.0272892623749936	0.0319797362192674	0.0353104843173589	0.0444302122486308	0.0641889869807848	0.0527015933216355	0.0503213693369753	0.044389144117085	0.060651451297229	0.0477664001891894	0.0451568109006399	0.0399533129981511	0.0510764359100844	0.0517923833469036	0.0540050673515977	0.0379382958292785	0.047242913061419	0.0407946228948999	0.0533141300057555	0.0271586849631379	0.0509369346673983	0.0477716999461157	0.0335068206966066	0.0554895994811572
cg08331960	0.42391219730703	0.434040306035163	0.45585026182832	0.366647569495799	0.372451678947296	0.410073169389223	0.416060072718842	0.377045043358922	0.415983449061761	0.450108133421137	0.432992888327681	0.407334327953065	0.407990706453218	0.437507712531568	0.385307933491137	0.445279053867133	0.432686492081064	0.416222859479896	0.435704037674283	0.429951696476716	0.436943853003479	0.426687488415237	0.416828356171572	0.479329513919065	0.453702434948907	0.440056184095444	0.412627222921887	0.422291602787947	0.428993696169582	0.404490985246619	0.417690339532962	0.435007680490028	0.415770715420876	0.451816097316778	0.444987860191924	0.454951294482999	0.460855575420718	0.431802600591235	0.436852804265675	0.446688475862923	0.44427487680628	0.438897053004141	0.427933146561012	0.42369502512343	0.429699896364888
cg09133026	0.857018978423989	0.886174047952112	0.883365118717694	0.890238307869302	0.889168721626874	0.893657747084577	0.852219336409627	0.870808029694379	0.878325057436208	0.880546625410013	0.885834489502692	0.870412192888327	0.870201689878164	0.830371701876511	0.885393732818771	0.865722471316666	0.831739428704446	0.824226908560623	0.874967208289203	0.854499366853924	0.860661753531216	0.87391367351649	0.848069712577949	0.84464717446196	0.86075020224222	0.852390011594858	0.854891897972184	0.856593449082172	0.834691289990173	0.830483337370915	0.859201268491436	0.858929327755162	0.855871394897772	0.87994674450021	0.866121862662396	0.864082994011329	0.86094767273596	0.83018306497729	0.891009177029256	0.841216563509426	0.846543171821234	0.841897868913439	0.86549389749448	0.858224241272005	0.880691919608789
cg22613010	0.0460000824841628	0.0582755041734664	0.0498812441379384	0.0556110244245696	0.0546966554122471	0.0642437578968015	0.0554579168647984	0.0534475362388808	0.0695030018420826	0.0731581970403119	0.0666832917326959	0.0640898685798562	0.0686221253994832	0.0753549088507152	0.0711551499553993	0.0846892065291661	0.0632131030027226	0.0652130446705007	0.0740794022030402	0.069745466599721	0.07722974149158	0.0612086692890911	0.0730330934983661	0.105985353556774	0.0961053082159149	0.066116870419984	0.0797117250599967	0.105780752970073	0.0842742500992499	0.0807413980753112	0.0653424582922415	0.0600293585110236	0.0886440463121594	0.0804232854560915	0.0824505062355211	0.0771161118648237	0.0865276188665405	0.0618998513578745	0.0885743050217134	0.0815971384472581	0.076954895249133	0.0712886702554448	0.0703335934152399	0.0589501088274487	0.0814024413467462
cg08251036	0.962515058139269	0.963850774864922	0.957527020064242	0.952813512372492	0.940629547347562	0.958966689827655	0.970257403070104	0.948885680605065	0.946120122834792	0.951202231125186	0.945745667666739	0.927886063739149	0.96404049272926	0.934535922118574	0.949887046916106	0.932325995442865	0.956144782436712	0.943409679229958	0.955557768367662	0.947345383190343	0.951543028521516	0.95704522452002	0.95482793616477	0.920890677288299	0.920216138634374	0.922171023772102	0.924336130924717	0.919680716236282	0.934615759705755	0.964421642423098	0.942875504034014	0.927480414232491	0.932081271427001	0.943957077592613	0.949210024818537	0.95430143625474	0.93760121255125	0.958460553831777	0.943875034316324	0.949565425150472	0.953781252481129	0.936496496346488	0.951495821216219	0.949616615054027	0.943884221059091
cg03286783	0.0208608039330265	0.0159700410947315	0.0177306477747601	0.0135084675000896	0.0198713038899341	0.00978358068484701	0.0151148687864668	0.0128310014895659	0.0179834416082278	0.0134523320107663	0.0155823742777906	0.021726040324542	0.0116230432583116	0.00920849753100628	0.00821772226868309	0.00883612036790619	0.014466328421692	0.0128978086174257	0.00926980428358781	0.00796299891490419	0.0113127046508887	0.0141850585321573	0.00622713819481975	0.0199167997908954	0.020504612155019	0.0161686143788643	0.0233640266785821	0.0268817898951564	0.0240734002198664	0.0186802770339256	0.0151552905511342	0.0136788092116375	0.0104159407245735	0.0128532012412193	0.00787187304784292	0.0166689686514636	0.0143119517008009	0.0164332955411279	0.00889323652839944	0.0104663217810007	0.00923399969359412	0.010536669354959	0.00779492566962102	0.00797026924453047	0.00574643386342761
cg10940099	0.0123563850517757	0.00840501795236108	0.00520833396981515	0.00800014136879569	0.00676967760091129	0.00908975752625284	0.00732259831231804	0.00320688876895156	0.00657449910986734	0.0138425057986576	0.00677388145438791	0.00755100583387789	0.00928967699386112	0.00596512759032422	0.00727335028121122	0.0035861143360521	0.00524872309049896	0.00734857930305136	0.00385314163177388	0.0189576967117423	0.00278295929112868	0.0112234441593546	0.00419036738467844	0.0110225432854594	0.00607007043386946	0.0155559931764782	0.0125245753130478	0.0208429597636972	0.0107635971234668	0.00918559085112124	0.00935791634638891	0.00717439618775404	0.00739046459232223	0.00488229461355286	0.00614561967744538	0.0043032065303462	0.0043371806045819	0.00537500662514515	0.00695205127563319	0.00485526567994489	0.00719821037336094	0.00444330808376938	0.00800417376333971	0.00635243972973878	0.00415210424819883
cg16150435	0.868151545462199	0.879996787009117	0.912578260499018	0.881177688142718	0.913996172329373	0.922201055580841	0.913728411354207	0.8934312779504	0.916975309480052	0.91277079781374	0.910035927930862	0.91523912512556	0.885129769851364	0.907419642087108	0.850681688689037	0.91349504969951	0.932328107346429	0.87191919328784	0.938408824752966	0.933288653045764	0.922019221000801	0.904298453253317	0.942427839735663	0.872069677679212	0.902452371736231	0.90676421910585	0.887507377776679	0.928733742300182	0.890432818876004	0.883097548824813	0.910578627363847	0.879808627678448	0.916228315999081	0.921324960373276	0.90325899672477	0.920964515619647	0.91193483201486	0.926392262406246	0.914180354140853	0.885425609643405	0.917218807919934	0.940896776380345	0.904972809790697	0.927644386380546	0.926937844370187
cg04268405	0.968640635996805	0.968511564540868	0.971183129387267	0.977222337973208	0.97870302653665	0.979176637700305	0.987104068087288	0.962508755075664	0.968564627073874	0.965589207511842	0.961829447660869	0.971569638005179	0.96894711594573	0.97355429800125	0.973443269410943	0.981399805380302	0.971140727269385	0.972747778384669	0.966252821638946	0.971219336629657	0.97046745077607	0.953871978117592	0.973702685867901	0.952890559804929	0.95086736040706	0.946282694943844	0.965119776931097	0.959218315637306	0.967548474527071	0.960827613502645	0.937688299783331	0.963082543104919	0.94263676155672	0.95352935851544	0.963169685561886	0.957596276939026	0.946229288157832	0.967144975172551	0.965895553069312	0.966389897499383	0.965350241118689	0.962589083110023	0.966883075533606	0.963960860277796	0.971727331881244
cg07388493	0.629449351329063	0.631193568879039	0.652509528442371	0.637498209753131	0.627680135939547	0.674935507200979	0.5770628054548	0.643691249641336	0.679517679804404	0.661631581560428	0.645448127305262	0.643123538386408	0.594747388531755	0.65425145108356	0.679730138580473	0.64341752192851	0.674384216968056	0.605908052807342	0.654068686362497	0.670335257019931	0.640135454126777	0.62716532182605	0.659916839224094	0.699417337220694	0.644351614918086	0.653514812244461	0.640050316729023	0.584036223502991	0.594114736561756	0.621013176784146	0.690620652505431	0.629956516548496	0.655628133992063	0.654337364157867	0.600906364292349	0.605727200273201	0.661610524547267	0.646370978921511	0.60682742355109	0.650646956783869	0.690591757160186	0.618472920072779	0.683543998949845	0.71430629906209	0.708490973665793
cg25166896	0.0257111435332148	0.045868231045046	0.0363805018923004	0.018091334428244	0.0294115445583791	0.0300357993853338	0.0350393265285643	0.0310053877388118	0.0465345976471563	0.0352211244071338	0.042549370805205	0.0253890942116266	0.0230314778218625	0.0264434644507459	0.0392340426150969	0.0522945835368498	0.0369595664813247	0.02804471349479	0.0193489976916809	0.0358720720585528	0.0341555497831515	0.0255426949208755	0.0502500499309406	0.0563234862361061	0.0674023785200744	0.0506109310994975	0.0465690802229882	0.0559136765342014	0.0421172421295842	0.0379000454548946	0.0459209502674518	0.0428181595958905	0.0483945970995587	0.0510069614359187	0.038176801811917	0.0162168965646627	0.0308209809427423	0.0239291414011878	0.0528449572294064	0.0393393430903271	0.0288090129259643	0.0411061279109215	0.0352665799424927	0.0394058610476216	0.0405712506429263
cg25101936	0.745554009601095	0.754279059261894	0.753957032522808	0.742223803846848	0.701480677226294	0.73075594842637	0.745925286265351	0.645365205697445	0.71979390369357	0.722540416650709	0.745855005444599	0.718242412937294	0.769057741768702	0.801126645388546	0.705368452209268	0.819215034969378	0.718695233168806	0.739009441077925	0.730563110757079	0.714405209910841	0.798436449429816	0.710052229592306	0.769859284410577	0.69465953524308	0.524868260935616	0.734282586036397	0.720486750589029	0.736923305253391	0.72702671357705	0.732468499442821	0.445473206874659	0.737439288580027	0.737118794455044	0.710156662390543	0.756803031728003	0.75528606482831	0.742259295541258	0.727801546185378	0.785609421832508	0.716768736317179	0.760033757887042	0.721929167877404	0.771327213396551	0.695741726196582	0.736550364939165
cg18328933	0.774985409534085	0.788061288139095	0.751441541552176	0.794463191166269	0.736839076753176	0.768002241442105	0.739432806122976	0.732182985863663	0.757731542091828	0.757091973345917	0.75756256622114	0.746388548614226	0.676497135901406	0.708870294916818	0.742915598082571	0.744747121009828	0.763842128628112	0.783800509349925	0.765383951285642	0.749143371686299	0.735793804698188	0.74184059274956	0.750722927207952	0.689656468847158	0.736681669487104	0.754935675986385	0.742968468885783	0.704683401518372	0.717229539802838	0.70748992705007	0.69089500919367	0.740762020461937	0.742233883813065	0.712789248343942	0.733803485072337	0.782816707679598	0.772102696172759	0.734767603223793	0.671949741087226	0.712642701098038	0.749652676682497	0.676239319534591	0.71767984517886	0.743094106734532	0.751301908241628
cg22736354	0.114812020951531	0.132904359168931	0.159754059914461	0.142476046213344	0.148531143043375	0.164622856859111	0.10258977979678	0.133571665749019	0.136863193972348	0.139108786298407	0.163564153347219	0.109815198046747	0.157253756406426	0.114900167106091	0.136592542706151	0.156947764248885	0.142531744480544	0.146376782308164	0.143667698732801	0.141636006258309	0.120950640083402	0.126238708234257	0.196899350489864	0.184685709189717	0.167897181831349	0.156414939886385	0.155612129117312	0.158014518075184	0.131969232470148	0.125429591997924	0.0991777492642399	0.127272840828585	0.174035169777679	0.152468732468338	0.196237591576728	0.16648894293345	0.161220705669032	0.15859256941269	0.130375094606213	0.169318496837439	0.146678294934157	0.137195060819302	0.133331226756687	0.100514083138187	0.174300459143991
cg19044674	0.038728407079277	0.0564952705683226	0.0426071063871116	0.0434328518403571	0.0401831983445957	0.0392013585373501	0.039005303526654	0.0619811520477251	0.0506000373368846	0.0553612485317589	0.0501944674790087	0.0466709690465983	0.0401296551664448	0.0539293167434453	0.0455915854701688	0.0646374265692051	0.0517304076637933	0.047565688980335	0.0414829970433775	0.0475224909525702	0.0392597895771155	0.048762191018081	0.0386437657408104	0.0582326006439	0.0646558990057402	0.0659422320399967	0.0522432487264249	0.0619662925399841	0.0653419143324194	0.058999608712602	0.0484869547321863	0.0531290744501476	0.0592501423634375	0.0502560664032866	0.056934863653221	0.0540002574289218	0.0393380512002531	0.0609088563065927	0.0430726627533476	0.047320661487444	0.0413835081585531	0.0542473107335966	0.0602951889204238	0.0548555555149292	0.0411438921787782
cg24262469	0.282794988497507	0.310592877636823	0.25254191915365	0.407511571091282	0.255670702989243	0.250155248210249	0.24883002067061	0.404145404674628	0.364570488073675	0.336690363624398	0.347591039442862	0.267298473723249	0.210529575272781	0.199394134059469	0.384750184589331	0.324579484716801	0.382389754058119	0.297648288743266	0.285246236018093	0.292745175001189	0.259554628320042	0.308930274542973	0.238410328894335	0.183962934039416	0.282130856963528	0.274028300409891	0.285890985051214	0.275576886306374	0.246819145860181	0.232772583782663	0.25999715192575	0.259775677098689	0.26249167913825	0.232176512847515	0.296476768483258	0.342768874793559	0.328200479189285	0.345732410712862	0.141086478731281	0.203196475533394	0.262907869306983	0.202620770377705	0.302570331327439	0.361545731400787	0.259339062641133
cg10377274	0.954872658665046	0.968792320438666	0.92852213925231	0.938864604957215	0.930197050128373	0.937635817445335	0.95000994698777	0.916320276383103	0.938093482631745	0.933239567040805	0.935889092942745	0.938656503830962	0.931999149557771	0.937696618706263	0.947910692840403	0.933244295432917	0.939179114552567	0.932241264294666	0.921145758920486	0.937466441653253	0.939354900881622	0.932338679389898	0.947788067639616	0.905619627177543	0.918907511614706	0.888164495882803	0.926094700921979	0.924655093055393	0.924807198700042	0.932008312879629	0.919526939950675	0.912937573268502	0.923781495798693	0.891805934997279	0.925874540930776	0.917103033464515	0.925398111749562	0.930478753088609	0.918909968677796	0.927604675846407	0.941863860718887	0.937605008236053	0.913281331187334	0.938615633645296	0.939101650034938
cg13460409	0.168659473126293	0.264477481042231	0.256376959156261	0.199405337322781	0.192182648064008	0.214180826303251	0.131276850542359	0.192664456763257	0.203994428513931	0.204456953642998	0.253808036773947	0.146759426793497	0.221256663988756	0.261846333871288	0.197094189410293	0.22207159235456	0.244053341146377	0.252098646278624	0.275233880183075	0.224853119906336	0.238836407680712	0.266632167978714	0.191153393151446	0.201320549838178	0.262022831732776	0.225168751958507	0.24454463130872	0.183975725123344	0.269395340043438	0.200005204141983	0.255335253007703	0.254093896912487	0.265194399318736	0.193780482881999	0.138992943244829	0.27235552358985	0.178840512890381	0.212337068551054	0.186907350306188	0.272314607809866	0.209210399223193	0.249543059625289	0.1987598255915	0.158364329227946	0.261927944651243
cg08090772	0.0158632472214151	0.0234888305875889	0.0257208559042685	0.0118564770704501	0.0170313674070904	0.0157574851367177	0.0156032402441053	0.0191897672694288	0.0281288900876132	0.014168887296333	0.0181361506153429	0.021847396278245	0.0160697107054753	0.0235106104352141	0.0172481030140026	0.0116418864614588	0.0181333473644789	0.0150648543707493	0.020480331017987	0.0173054637170767	0.0123129225125592	0.0152059848417907	0.0150090536350657	0.025014033621004	0.036348327064752	0.0283524922319776	0.0268656694319306	0.0243349056976874	0.0165214288607363	0.0248448119904253	0.0162022510795569	0.0162279758586801	0.0192879949107181	0.0224223964662218	0.0211259030576773	0.0198422122808609	0.0152955051030297	0.0218166566403845	0.0213571569999263	0.0186762422540649	0.0169223514099378	0.0302302263400623	0.0150967280632248	0.0188377277908739	0.011297428675594
cg14258236	0.936079250068619	0.948200996563992	0.96606840281052	0.956728049200798	0.945531150031456	0.965938056355369	0.924169429128906	0.950481381817595	0.957852113373613	0.951537003333162	0.947019191972735	0.952264133110032	0.948354536058915	0.948792261596661	0.949693563238064	0.945538748184908	0.950040402444612	0.941857206564464	0.94709796887686	0.930963343134102	0.94587541599035	0.934969624257992	0.968523545265986	0.960750992216064	0.909210595426605	0.915200002458698	0.957105583527611	0.921328221924003	0.945452886947997	0.938885415867043	0.942749294024581	0.938818274141082	0.955797067353604	0.919396263273994	0.934899712237464	0.946775873693808	0.953813795331237	0.935445528470921	0.953353709312135	0.942174810251378	0.941115173072543	0.962932739265702	0.941798497950989	0.948432818472907	0.965793322693099
cg27092035	0.0200512585084691	0.0358647056318606	0.025784812919783	0.0213968832942948	0.0246166516719739	0.0280613207836079	0.0251392687239961	0.0345100896160879	0.0341852208502046	0.0308527654950974	0.0251886408777528	0.027044848466926	0.02547535169309	0.0288419719451497	0.0381349950611145	0.0244349372578572	0.0322339173467991	0.0227829661065081	0.0370137887500874	0.0277776373488338	0.0306333285927051	0.0331853558448721	0.02733786338503	0.0356364293244422	0.0407182312229191	0.0367121674857649	0.0501893564256203	0.0452657636159765	0.0283564344839023	0.0393463567495488	0.0275180422756162	0.0393513384102927	0.0381386734449444	0.0385628992334721	0.0436663546015575	0.0439351329586314	0.0302836658426343	0.037802536840286	0.0257592640590463	0.0435366073902965	0.039935909647418	0.0389330190665347	0.0442234908836511	0.0301948275091056	0.0245774030808589
cg06993413	0.0501034739038158	0.0440448244418583	0.0497360458959469	0.0528173265013049	0.0576823461536035	0.0516721608290428	0.0503724381094584	0.0430614404285963	0.0317397507881809	0.0547653465423322	0.0586257367764147	0.0692466832099298	0.0628975143713888	0.0621515827133232	0.0463300678921357	0.0562213204631321	0.0439570951648162	0.0501572078551327	0.0414185061760997	0.0550500469764672	0.0664625106219823	0.0455197893103828	0.0396433726366072	0.0900990106862678	0.0657090306857198	0.059246876160478	0.0583299744517466	0.0830089944001964	0.0504436957575479	0.0637001620543629	0.0505811219158567	0.0536152700262272	0.0646764014962927	0.0674759436202162	0.0645623440702852	0.0586038732184382	0.0440196486561176	0.0486901885932703	0.0821792305417459	0.0613763684295502	0.0626853920595746	0.0635665453342535	0.0632428430404615	0.0405321027544123	0.0596272719664321
cg21395782	0.0455669448756494	0.0366826202177862	0.0330864688208727	0.0279402863244689	0.0367912058720152	0.0453267471468467	0.0279548934889459	0.0307255431557561	0.0380103545867995	0.0362979993335706	0.0241847863828137	0.0213816429704676	0.0240349792789108	0.0293641854587861	0.0231900738829146	0.0321327920215249	0.02907265200558	0.0234281854706132	0.0271784209546779	0.0413804905187308	0.0317556218536261	0.0320554515864963	0.037387017193054	0.031502403825886	0.0340722656756964	0.0485025738134849	0.0333339613111279	0.0348684643788881	0.0363402027765433	0.0351964981008012	0.0354707661397912	0.0540863906022779	0.049299555158219	0.0505635032426623	0.0392983594690604	0.0239743901805723	0.0346642080866518	0.0351049784597992	0.0255405326679263	0.0380666505849289	0.0335189054500836	0.0255553955447921	0.0510186633907785	0.0321392337747939	0.0339804464649304
cg12373771	0.0477190245366044	0.0562976489715367	0.061015590237542	0.0586177797993361	0.0616477925076249	0.07277937517275	0.0614191816291533	0.0686189563740659	0.0478177437416984	0.0450008581234898	0.0663323931435273	0.0543581682073068	0.120143979705829	0.0936698671789847	0.0505096919977781	0.0461484521642767	0.0592169518412443	0.0654572723703765	0.0444222538276604	0.0642494649643813	0.0738964531363991	0.0547666325840274	0.0595893588524623	0.057522047105899	0.0846738568061148	0.052101758562202	0.0634990631302629	0.0525569978845714	0.0659483742881543	0.0814416532823319	0.0560908018132092	0.0507413206683801	0.0596977806559843	0.0831911816073952	0.0647824915714518	0.0848036322741496	0.0610280970493604	0.0635893531457645	0.0841184084032283	0.054114980341609	0.0689854453528852	0.0659181583793832	0.0670138032546871	0.0562460039321988	0.0446377628078116
cg09019938	0.0258879048839485	0.0247116682593575	0.0134725268026454	0.0181128504951425	0.0224195011587126	0.019607387860236	0.0271298229217686	0.0176380237616923	0.0260365493886707	0.0159524735753811	0.0273120180060157	0.0138582018236326	0.0263715412478668	0.0323094967279249	0.0274461180995777	0.0321921806186727	0.0190568797731051	0.0282598522358337	0.0229308831516289	0.0281535433959527	0.0215086781213121	0.0224824406705546	0.0355566978196177	0.0316734916373936	0.0367562370341488	0.0385146526374511	0.0292719566771085	0.0430748677898372	0.0370403138253329	0.0345015883087029	0.0361140442308033	0.0345235414127487	0.0375028931690846	0.0410419666220565	0.0308646929985361	0.0284183482563517	0.0249917633361788	0.0251775252212519	0.0258623031522881	0.0349924466280092	0.0339274823141973	0.0251970422984674	0.0266669218071183	0.0230019410480591	0.0290075311192011
cg16744741	0.477666242398637	0.566186258589916	0.572204643276655	0.558806276399687	0.458977705636966	0.497718528751354	0.561709983464947	0.461439920272902	0.517087639935521	0.548185504558845	0.558018106880017	0.54774297404871	0.648361764646121	0.634527982609753	0.47935741348394	0.634784169966124	0.583244877449838	0.598454307404957	0.571079982652664	0.571843663168874	0.652616645314852	0.553841279566174	0.575745386127021	0.706974385486619	0.613171506411894	0.579917768045922	0.580070848360647	0.548300471579582	0.57526251687519	0.531376967551485	0.552441116822509	0.568446656013833	0.569392101367356	0.638129843304218	0.591780353044	0.460271157483615	0.540683679732416	0.495817051864882	0.496963344516396	0.55034230009327	0.569333710912729	0.640984661213537	0.575467485861996	0.566094377717572	0.595410971812706
cg01584473	0.905105100624396	0.874029038847017	0.902073576804819	0.873132372208974	0.907115800296153	0.873616530115323	0.857636423623462	0.887207098568829	0.888044174929939	0.888373790936805	0.91782287503968	0.893827470182289	0.87885929196658	0.901405347286501	0.919989697100452	0.895697893683335	0.873482962859265	0.903276421594304	0.896977134054498	0.88334253705021	0.905443783681086	0.908000224046421	0.902489523990397	0.888040302440052	0.900819566889541	0.878244363388526	0.892941579964145	0.884811512519006	0.872238356325835	0.917911370092324	0.896370963879318	0.897249706250862	0.888010149782224	0.885407137106332	0.891467899844074	0.908658614932601	0.909855983889197	0.891151017083696	0.884798027083939	0.889453474561525	0.913620568452632	0.900320399397651	0.880658053882641	0.887685833416419	0.916466840085694
cg06688848	0.0167774119850829	0.015307777695859	0.0140502317913908	0.0197085853357653	0.0160493775667285	0.0182181953890202	0.0172879006314563	0.0301998954057686	0.0144847107288734	0.0197923422350126	0.0116684091801607	0.0220340378680042	0.0150392606548117	0.0198971313759889	0.013893519666739	0.0161307970421322	0.0144694722009485	0.0181209956255808	0.0161750272150734	0.0152602736250367	0.0111816312788276	0.0134827618042791	0.0134356342603508	0.0222158721224529	0.0387848715077461	0.0285434603367199	0.0231906518543973	0.0329587830437152	0.0143153838412231	0.0230809265837136	0.0237240438211783	0.0159513615608107	0.0230159345533574	0.018039140744747	0.0216387403976165	0.0187798237508304	0.0197590858997104	0.0174481155049202	0.0170486568821727	0.0138912877988867	0.0134605934171303	0.0194949639440164	0.0204654726967893	0.0188946918972427	0.0140940937200094
cg13129046	0.149052555242234	0.167252013695954	0.218221663306286	0.199592469148712	0.0874929133860842	0.188213674974631	0.120259010449862	0.151574272884846	0.139917607131151	0.262443573912826	0.132879940154068	0.260099185575564	0.184975561450827	0.191825355685794	0.235522836570756	0.230143273941822	0.19927041295812	0.150550233150698	0.243171450248408	0.226161195939459	0.230111605912884	0.197776793047852	0.174424862682848	0.250233825034999	0.204691746838736	0.13629666568633	0.240555969929898	0.270863570989828	0.27269339529319	0.17450031148189	0.223895523675678	0.17417688615116	0.19355775405096	0.244733230786195	0.17689324750309	0.187315922205465	0.194668844333828	0.201641183616358	0.181724130094881	0.191873187750263	0.269983453428353	0.198321038664994	0.195728184086985	0.194223660515373	0.247643088546889
cg24834740	0.0250386865433787	0.01831825609704	0.0236981727210744	0.0157708096255234	0.0166533402967409	0.0174614081940578	0.0150918881156863	0.022803069684336	0.0298947404796368	0.0403426212482171	0.0170489742323421	0.0241954231328467	0.0148021195099868	0.0251301335689207	0.017368386618309	0.0216275562020812	0.0211794404565991	0.01470501206578	0.0127820649189435	0.0147025911307158	0.0140965237236863	0.0112856610569886	0.0145819745122803	0.0333782565352966	0.0267851998237953	0.0366836462905958	0.0251155759146549	0.0338833067907737	0.0303379715017518	0.0262177764247034	0.02846627630121	0.0208037049400231	0.0214805470487288	0.0223768786507701	0.0234309066566256	0.0233896194532561	0.0192930009670215	0.0180159572331632	0.0275149071354519	0.0266999404345097	0.0257229962034093	0.0323984424167472	0.0222818529599483	0.0297216467524683	0.0299457846754416
cg17960516	0.0290759236663065	0.0354003270303827	0.0585116802859099	0.0347074509482995	0.0375109916719473	0.037950530154534	0.0278194671247706	0.0315310461153806	0.0395828008163879	0.0353503282566625	0.0431716926508856	0.0471774439391976	0.0441260788773038	0.0525176527464393	0.0375863097780659	0.0417439223010507	0.0318928260683586	0.0425489835087545	0.036765768142998	0.0322463587206985	0.0320247092166719	0.0274478230949035	0.0386536795698524	0.0738462968835564	0.0594457191233629	0.050351797843645	0.0532932563135928	0.0502221634308129	0.0459390326950214	0.0360672647672288	0.0295997485739782	0.0420086786861555	0.0338832641564044	0.0379730707127806	0.0431315577369963	0.0404151431938988	0.0347872636209334	0.040912100256576	0.0448752603051832	0.0526580801134615	0.0497937611661864	0.0551869320429894	0.0448173104385456	0.0326495859861996	0.0339869368400594
cg23941599	0.0628804129787394	0.160377327438208	0.123757957099485	0.0456357254806626	0.092694795979777	0.0808054336798188	0.103456511493195	0.0810392780360476	0.0791070980548528	0.172407354722006	0.0787616427588718	0.0916353306292463	0.104935893960444	0.0677160429471545	0.101755645881119	0.126154642179471	0.104671654088132	0.0743780212567806	0.0764376828099209	0.0885678050613591	0.0956342572980048	0.0607906280226695	0.0702509677706808	0.0786879075618776	0.110376005508968	0.122550516528328	0.109947166928183	0.0908373782509144	0.0719021358907627	0.12236128422653	0.0984139356579122	0.148044489533331	0.0731602543600625	0.0968167137336079	0.146253906498294	0.157283391198509	0.0676033229382488	0.0724939859997763	0.0657136681887514	0.0840083332436337	0.0701636121826069	0.0660233795075567	0.0881487256947218	0.138314741151548	0.0975222248798003
cg10266490	0.117207041156954	0.266218290400363	0.262193142845774	0.243376329822105	0.238050157836354	0.279710497819186	0.251521659649186	0.190925965938188	0.20405123686546	0.260202563627042	0.265268243971558	0.240132984950477	0.393124042654909	0.458939635082801	0.175564614591186	0.385355513593641	0.250528881983526	0.336875578088066	0.35468538226564	0.326094224804081	0.419483906797153	0.284594335077523	0.395207547243346	0.457503163732518	0.306911647135052	0.243021848518336	0.346397217721896	0.371718160610722	0.30332173100002	0.325441022578335	0.324236299041861	0.318245102427325	0.380316441106056	0.338106010693311	0.373955129363702	0.242165769533679	0.278152082281257	0.224942194926392	0.368297046750026	0.415627308863544	0.244351506086175	0.331979677285883	0.261950302943308	0.114569738281716	0.348500745147217
cg11388238	0.0320153399517794	0.0214195705506151	0.0417023747813469	0.0233228981431481	0.0334674658396835	0.0220999910702878	0.0190841851084097	0.0198733906123976	0.0287598661238733	0.029220487560286	0.0228830230345041	0.0366087353098611	0.0220009189141217	0.0425949845549581	0.0316896869099405	0.0351503581190693	0.011755488950513	0.0356529106382445	0.0301642275518852	0.0317985967892764	0.0349117707146185	0.028540949390801	0.0182078194205809	0.0649439282555516	0.0330666575479012	0.0367584152571356	0.0343805308426393	0.0444388786497683	0.0464317367322281	0.0308673842646527	0.0351156862475796	0.0316546693005072	0.0390810060113709	0.0306728465871684	0.0325158805875177	0.0167042829411418	0.0371674607217168	0.0181160577902516	0.0336699028598085	0.0293267872367597	0.0382102715162883	0.0429168227469053	0.0238788207656541	0.0275127745795517	0.0317347972449321
cg18031008	0.0676355772937036	0.0316979747593232	0.0184389233290054	0.0174720394295285	0.0195135983220949	0.0334630559763847	0.0231570743990534	0.0346315526871384	0.023220731775915	0.0227560614485833	0.0259950141992836	0.037931017757771	0.0116370841353828	0.0147616491877336	0.0312201173578529	0.0239665171649211	0.0203228377013918	0.0119818536003081	0.0104392534934548	0.012297372941951	0.0169665268424947	0.0062882983226958	0.00762373634814848	0.0270917265902039	0.0319578447668413	0.0270909993815511	0.0231625943022266	0.0567504139181695	0.0357048876281109	0.0244995319344182	0.0180063253958174	0.0287843368569117	0.0138467868784866	0.0147441959891579	0.0219747224559621	0.0182836630315304	0.0281211058091777	0.010860690132478	0.0138887718842728	0.0218211206801323	0.0188976413004111	0.00831415938149706	0.0180925740474424	0.0160110556955691	0.0131397874002293
cg10281002	0.0748432018090746	0.0689670921532288	0.0742400752908116	0.0693846715587637	0.0557203779184848	0.0720996284611943	0.157116081877455	0.168541148839915	0.080377589041274	0.0640317499738752	0.111633948362053	0.0558245331181038	0.0726832613042766	0.0644276786168674	0.0481511635855786	0.0740398981807051	0.0763152937536027	0.0732683460887913	0.0751215051429438	0.0685198745912354	0.0763961178599381	0.0525193351064394	0.0950987469357184	0.100199025318822	0.094610840835529	0.133413367048076	0.080431202917843	0.0577907910495263	0.107313342640063	0.0679224667560465	0.0579634965228366	0.0697139620021945	0.0922320858418986	0.0729568570053091	0.0586297353486565	0.0584539066354904	0.0640140242701819	0.0583105261451591	0.0829058882674504	0.0598591456975649	0.0650432531227544	0.0765850944541921	0.0578986913134307	0.0519589017359428	0.061435889717201
cg17324128	0.140486960898949	0.199889050608201	0.233042614283324	0.246191858071489	0.178929522602911	0.189321966794012	0.17591198735933	0.118085640226048	0.16266954703264	0.225782422055131	0.159798041373469	0.230207056014892	0.246627399709328	0.222796723539787	0.169883703023748	0.239255646597745	0.177536617923766	0.217648208051166	0.207813753282271	0.184686570439913	0.235232040355926	0.196234847862757	0.259008817869754	0.300363035569857	0.206661471624034	0.226889119589431	0.220458754826831	0.252026317000782	0.165648340844039	0.18795620863701	0.213510645963649	0.206213778243253	0.270266141530444	0.257825098603629	0.235060021615156	0.283254980470961	0.216614164239522	0.224583906503638	0.247697798201234	0.235238867016274	0.21332410968975	0.233935371348985	0.233714197595629	0.190583678316769	0.248952966993127
cg01353448	0.735012900393478	0.652840037790227	0.47117887684796	0.58234367203271	0.491427464707286	0.504148924881211	0.449175689825112	0.700628672353905	0.613495489818374	0.45594923433057	0.51879289416952	0.438047488652441	0.599687757895316	0.595468335539541	0.52539974142266	0.536895011291399	0.622580394091986	0.589298176813163	0.700940699392363	0.530970280655269	0.551981441116518	0.537464220466634	0.464418351703457	0.503592435171771	0.422188253416502	0.530890452682621	0.509645799595368	0.47633835669301	0.469828234815567	0.561686874737447	0.623860051643725	0.578922922386652	0.581796047859226	0.449681289347731	0.524414915371921	0.558562938735318	0.564332188481564	0.513450901863	0.642029403790885	0.388531894343063	0.575715187640015	0.622452281183157	0.638276342294867	0.558766503700107	0.568049332291515
cg23092072	0.0315376170416536	0.0208206592299284	0.0337203226775274	0.0330715723299521	0.0223573357441984	0.0299218253728832	0.0253066520788503	0.0348499497017922	0.0138205337161658	0.0279262181010412	0.0276381594029028	0.0242142633159925	0.0190362823378269	0.0296838271358825	0.0205531108222752	0.015738307849756	0.0269299316095302	0.0216225023483383	0.0511895839419275	0.0183558278070132	0.0213907406915628	0.0303694806940186	0.0168833928180689	0.022410931771557	0.0271823930263191	0.0300950760849166	0.0474899253921847	0.0235781596912252	0.0449958526591394	0.0334444441778949	0.0343071665526515	0.0194448880441433	0.0271695664939431	0.0294272388692987	0.0193040159603206	0.0259077563351741	0.0244376968116906	0.0154080538426942	0.0197669380362203	0.0241695693489683	0.0340368402333584	0.0151904194679917	0.0176093763109403	0.0243147055614426	0.0202494261751894
cg23786576	0.0216923796342602	0.0354651537793417	0.0207521306752854	0.0378562315583624	0.0248021381187699	0.0232573822531951	0.024730446139014	0.0209652358380119	0.0212928977848574	0.0232151446133687	0.0277174647516411	0.0374346955999012	0.0279904579044911	0.033776932328404	0.0362041019744023	0.0218218010955327	0.0249063726930091	0.0324766246610377	0.0268997593470642	0.0256654077340205	0.0245293840571247	0.0252911864120957	0.0217102093966074	0.0426630855719158	0.0352775271245004	0.0512233468953387	0.0454168362365133	0.0466154350171785	0.0429924913147274	0.0377478281272263	0.0329602152354092	0.0311987059219439	0.0281968771718915	0.0381807796756375	0.0306581259246624	0.0245085094146463	0.0287298223237261	0.0234998530699938	0.0210978721382521	0.0260281318675551	0.0261822501629865	0.0294163014043591	0.0300157725140576	0.0250711861810393	0.0197358925581251
cg10045881	0.637690558861186	0.683504806538883	0.644630751394882	0.643413884015246	0.688291193130471	0.692020732896254	0.603118330243563	0.617316807424111	0.640611000561204	0.657648794731253	0.614271884726956	0.603846900794806	0.649098973188103	0.691519618192062	0.668313647921015	0.681326581472101	0.667380138194187	0.657153294331847	0.712450751539453	0.647833567713062	0.685222087783572	0.691889202251473	0.701751232870016	0.687423859908034	0.638494136812739	0.586767604072552	0.67177397933419	0.651155372688114	0.675907272081647	0.650437567146451	0.652437884492763	0.663925001101743	0.682086999121775	0.695768012929794	0.629080983492196	0.630932839410238	0.664009570476868	0.644505247644616	0.671999892404316	0.717992923588092	0.631802476770469	0.676741690645765	0.694130818439944	0.59807821057918	0.641924667649518
cg24116886	0.900124243192352	0.947350187215641	0.936619674750854	0.94258071492661	0.942940723315531	0.939080988440556	0.945498284044535	0.915990734455065	0.945717929637727	0.937791402676901	0.936388062106163	0.958100107544897	0.939868154544046	0.952240959816924	0.950264157402663	0.919259928204623	0.949462175604063	0.928840152311688	0.963828044150929	0.940099233267126	0.954057611025094	0.930229793445786	0.966203269793099	0.899101910935819	0.92163506952577	0.919823199121377	0.923680955265912	0.936064831076427	0.925345349780036	0.967157320771438	0.928715016033997	0.915541638488262	0.938010694957262	0.937093245848237	0.936244573270694	0.939122337927131	0.95094253778656	0.908033932978959	0.94623980284223	0.935358371150674	0.9262979241232	0.931868981153138	0.941866364066945	0.957557331457926	0.92584195817969
cg16579101	0.0548612901417642	0.0152457956422285	0.0224028114522729	0.0173276906459682	0.0203036219838508	0.0343828009657372	0.0193888116329857	0.0103475846967802	0.0351784192729184	0.0256915651618935	0.019595591881852	0.0228653871939025	0.0206223838243279	0.0277107426415521	0.0212465784783168	0.0151252223591624	0.0119855629417211	0.0121453803357103	0.0110292294772038	0.0108754449568913	0.0209341846427053	0.0142261472420502	0.00810366496635224	0.0213517853682642	0.0381640652050157	0.0510540859536688	0.0347755025214986	0.0563121748414487	0.0340195460013476	0.0473225679181436	0.0386265771044356	0.0552000127209221	0.0359860930143471	0.0204871044103176	0.0174879555148656	0.0270036786034349	0.0199526545972063	0.0213647908337194	0.0278171465879018	0.0187366428275126	0.0312891364076547	0.0245449555234331	0.0271061745183762	0.0349938037537471	0.0343949670817416
cg12616277	0.0377376419901395	0.0372087791797846	0.051550146634474	0.048626903494027	0.0410790213056447	0.0296464920652207	0.025184413529855	0.0533807396323623	0.0480448162875099	0.0601052306308347	0.0356302231963838	0.0477539704586697	0.0443447535861435	0.0529860323748574	0.0393931245624214	0.0542582756420221	0.0399128652746222	0.0408477504318078	0.0385115140433071	0.0537113990527672	0.0334506716706883	0.0318752006894185	0.0423267361700238	0.059313516352869	0.0573964138819457	0.0608921530991304	0.0657583184337177	0.0626893230371043	0.0550704196087616	0.073024559877206	0.0598220484892397	0.0598654389956982	0.0677111198256629	0.0817830922274109	0.0568060042957435	0.0599500674517661	0.0490117142126142	0.0462900295188885	0.044897551078543	0.049689123706719	0.0566051917125657	0.0735811641390449	0.0792483526397616	0.0656078735498926	0.0372672340791065
cg14894144	0.338356490537503	0.40189936622071	0.429263712741453	0.378525518317582	0.38559034390513	0.358326632281152	0.308707287431587	0.341526702415471	0.356172585900699	0.353549381160906	0.410968617785738	0.370474578276322	0.400043387370868	0.390904816281371	0.372169040095136	0.451042690680309	0.373787067506302	0.446205517470785	0.440659672129173	0.423355454755367	0.392495536529302	0.362135007611989	0.42165287403485	0.363486653258507	0.360040685427294	0.391013824915877	0.391076095107479	0.407563943193219	0.336100634246668	0.362162216796082	0.398900151343095	0.454934601355543	0.462683081815536	0.409708893185886	0.402992333352886	0.436876938662615	0.385946057229362	0.423417557961552	0.454238611145324	0.413353434570775	0.380864820892865	0.434623817972414	0.337934868104547	0.355298417370577	0.405521105915474
cg10486998	0.0389830930481468	0.0572405451108112	0.0435941788559712	0.0515240406668008	0.060748524411059	0.0443721837706252	0.0599319600022669	0.0720307690290963	0.0856471389165472	0.0816475005340954	0.0910679320112388	0.0854955530050435	0.0731081656290659	0.0738515682868114	0.0787899395462058	0.0860177178818298	0.0709890740051137	0.0743699336472671	0.0660605187776229	0.0711691291725352	0.0754401193572196	0.0583782167213333	0.0774407738293348	0.0955287198843155	0.0993277989875059	0.0692019100972909	0.097470072025836	0.0998240631372943	0.0806202518940561	0.0849553949239644	0.0645806736395174	0.0621927511943653	0.0657861100360598	0.0679413117293654	0.0696309303719341	0.0608446162539569	0.0698219877062646	0.0705197346626487	0.0748432474039069	0.0863663893720508	0.0494773730999578	0.0665525600846637	0.0691707707820163	0.0696730466410839	0.0561443045953886
cg02489552	0.562100666281477	0.586193270014547	0.583132604696888	0.551612731788886	0.597368272479799	0.648138169488839	0.599485373935391	0.568999985360272	0.61546406563757	0.463663104794322	0.511145407390571	0.45870326498742	0.383675289742192	0.51330461219665	0.508353140226402	0.514617251952974	0.61911713653749	0.645727430948524	0.486254372897139	0.416207220374064	0.477235881891336	0.500520234411387	0.47782583165986	0.502506627522679	0.51051324783169	0.528064042206068	0.428882174269252	0.584505530382381	0.493345032683457	0.400944896371763	0.496715750100357	0.581128776662482	0.521966156630214	0.447554608294149	0.505856466230016	0.651399018912528	0.698919885763777	0.461607631824762	0.598639767305796	0.475410858178447	0.522304216862214	0.486910968266677	0.644211943446165	0.47122898639986	0.516139795776676
cg06493994	0.0979464007898234	0.100694542838042	0.0917826226899338	0.145396903880132	0.101141587176372	0.10422589778944	0.268170782709187	0.146440306111851	0.129657310470678	0.11221260914704	0.132656730890388	0.118404454768485	0.120635876205887	0.134408411022127	0.0874802991534303	0.115576142422445	0.113251890851621	0.159859435089485	0.134264913240605	0.137805704035774	0.109845644679006	0.134900200392634	0.11484024017055	0.111016286732071	0.098035562885638	0.10277034428451	0.111288812134826	0.123722184510216	0.10399922596945	0.10690165655412	0.0875742700880457	0.113518826910267	0.111074863246732	0.112433866129582	0.11515172176214	0.126926739316636	0.129002062234705	0.12046332095912	0.107474370103931	0.164838208810677	0.0963636104081822	0.112919266929911	0.105079912596244	0.0952837819503879	0.0845032227862953
cg24126851	0.893607004029081	0.895449998098674	0.875875393821795	0.885279989955007	0.885396026267723	0.885174587988114	0.838939977843495	0.842286112362739	0.881722861053072	0.859743716163887	0.886801657886122	0.858812496408755	0.88442748532731	0.911521305678539	0.855281635606728	0.890327063531611	0.855704045719871	0.894542031149142	0.865637509695948	0.861403970266116	0.889028192177178	0.85399371407902	0.885947555410622	0.891930076944765	0.844464148716005	0.851148193463658	0.880044760779715	0.878011372351981	0.875531985255053	0.866847885368512	0.851631353687747	0.847767898179907	0.87411362129522	0.856413122838002	0.877694610938072	0.862045318094349	0.884774177383355	0.845807697774317	0.874408238838188	0.896007908390865	0.878047715280397	0.877804000484558	0.852446028589671	0.835143613969084	0.871216879449836
cg26620959	0.0405475761358622	0.0569980504008439	0.0215243354245909	0.0584111507773154	0.0335611118116999	0.0581808522040392	0.0564295742401713	0.0412137454682199	0.0563414608593382	0.0552382601917774	0.0584688497225	0.046805231867482	0.0565293546666729	0.0634181077498993	0.0656591339254512	0.0660291605628452	0.0562449655516337	0.0605848759119096	0.0480745137756764	0.0586207458997016	0.0773638378452806	0.0604815103200127	0.0560261843111934	0.0682436244365767	0.0682305625638363	0.0576555356978942	0.04529250747283	0.0588289784431567	0.0699087159539343	0.0684595560415772	0.0577936446009868	0.0394432829555199	0.0688696878849627	0.0479165224245496	0.0680069627498503	0.0418312137446833	0.0389050662814618	0.0486072483725098	0.0677722931970112	0.0748490469013919	0.0508101658044703	0.0675186057050585	0.0621273155057809	0.0536728914883334	0.0453029113027503
cg14597908	0.471313997810892	0.476332955752517	0.476995346021735	0.464275928663156	0.474464015493436	0.446508315764134	0.476766569491126	0.488113822252902	0.503023966424339	0.486539244734181	0.5079365580342	0.464827077011437	0.482333230400394	0.432535145185254	0.467919160821539	0.460565160918412	0.511232338993275	0.5022990309149	0.478144558901708	0.485081574772256	0.461415998705064	0.488071015964177	0.464177326047885	0.450887186688955	0.482437382904106	0.486283245227363	0.466609863298258	0.485313544125236	0.441147136497267	0.457939004432186	0.462046659113138	0.440333413120873	0.467599446437626	0.47787115682976	0.476534328117766	0.491180345469942	0.48036085710404	0.423593302498991	0.487205627838852	0.485679703312807	0.467730652967767	0.44130202490538	0.436218927694137	0.440683305254235	0.477517434904842
cg05903609	0.0728417378587735	0.0742325298521557	0.0959205431534413	0.0729153718979816	0.062714002909929	0.095809166477875	0.0921383214695741	0.0649495830262611	0.072048226981585	0.082714290964118	0.0577514351025584	0.0681988144786011	0.0604208820323282	0.0474507675576017	0.0814481078209267	0.0649095314778403	0.0823477863981169	0.0563448230203284	0.0664505921580039	0.0549287408602538	0.0601795590621447	0.0594894245406736	0.0660742527424782	0.0734858835351103	0.0592705361481843	0.104986514335082	0.0801609393806849	0.0731998555630688	0.105826168483241	0.0939122438472169	0.0787446106904829	0.0949430156010939	0.109350066091431	0.0822863575781191	0.0613113933375543	0.0745928742652947	0.0816614983355545	0.0726951978051175	0.0829271357348438	0.0834433128724057	0.087600842581531	0.0755909617981871	0.0725871249195335	0.0793595683555348	0.0893705608772407
cg21370143	0.829884974238839	0.86688086522999	0.897936943411033	0.902323460603805	0.910778043177172	0.887217910742396	0.881370587727383	0.817376320045547	0.779624341297361	0.869160742867672	0.857534430125752	0.818213428511412	0.885588670700205	0.933749940168248	0.843991552544896	0.921931404351784	0.842994521791648	0.892140877509456	0.878747061194574	0.876914459651194	0.898580659472722	0.884552551942108	0.878286999452158	0.927413585304016	0.846548444595302	0.869386498349918	0.894558558941963	0.857223268119593	0.835854454291387	0.86021309700544	0.848852929146148	0.888749284101131	0.87927450817692	0.892065399895899	0.881257717938281	0.820758325372281	0.84929680997083	0.850387307860473	0.905510515829534	0.904094225898474	0.881855945958394	0.88208263260291	0.864630922564487	0.823659647136097	0.866631917138082
cg14992253	0.0862580788212481	0.138576735673074	0.0538256528335227	0.0863710242113197	0.0619983909536213	0.0989026468104136	0.091537622592021	0.092939805655714	0.124033602778759	0.103492331029643	0.0830154354252846	0.0912982643429123	0.119723186911995	0.148216310798861	0.0664418345772414	0.113127825148526	0.103986601278971	0.0944439565856482	0.119127708355779	0.135252721370186	0.104147744722661	0.0827488330713158	0.118686244746671	0.14802993523282	0.14121660870511	0.115687658732983	0.11836276870345	0.11970923672076	0.100523494369994	0.0943681926694085	0.0945446756862854	0.0828774088427437	0.0815336395176061	0.126391204840092	0.126463762609147	0.126602562980385	0.113072712098124	0.077636964948317	0.121905016401325	0.0993426588538798	0.147283513974298	0.106971635744091	0.104010231006158	0.0941627633475617	0.0958433034335997
cg22901840	0.451458023682313	0.441423722651585	0.456917091706558	0.467272947128277	0.454181233166127	0.46356201368705	0.444853567813561	0.514349344562577	0.503041526581322	0.462573435300639	0.530487525644228	0.479575813782478	0.4570923464794	0.369036848485633	0.534959146472237	0.453818642041152	0.490779787625497	0.498712819402027	0.509981939003054	0.468733192462748	0.425732727478548	0.464578998424168	0.430052726576877	0.566499783226538	0.462945529612778	0.431267852637626	0.438399768588106	0.455705641939504	0.416702009531971	0.480012407197348	0.419927450954543	0.406109487458113	0.448463403944932	0.441097984207684	0.538901653171606	0.528320517373596	0.47709141183648	0.466053049533429	0.466697578101256	0.44591671805784	0.469273309027509	0.576525621921632	0.405964896372522	0.433783683281983	0.374122555549203
cg06738602	0.0576267848218528	0.0888047396449259	0.0995015856270353	0.170789311892765	0.109334895288339	0.0895705289334739	0.113317969756018	0.0414018204196045	0.0545110726275397	0.0932782134653843	0.124428741911221	0.131330706901507	0.0887220751229065	0.257533748041803	0.0792071799989764	0.170519544215901	0.0608542414186588	0.110776569556157	0.12149246827738	0.158155933209001	0.265476324086065	0.123674773767808	0.142169684549255	0.12550732234958	0.120286774201724	0.122648134788102	0.263050424670837	0.17272259708533	0.197086962524306	0.160718484095189	0.0745805921852505	0.0977108772947233	0.0976739196086233	0.183713497964766	0.069241579691655	0.110427883104136	0.183123554054464	0.0627526406630763	0.269152470816537	0.197464307583171	0.143374364345679	0.128143353057287	0.0792378593513745	0.0728209590715375	0.111937989265072
cg16168311	0.0595106543223528	0.089660610490957	0.0720510437947108	0.106387595769454	0.065976596588867	0.0947759581858128	0.0671636682330767	0.0896623020275686	0.120307923066868	0.12721036390672	0.114213311052946	0.104551946856189	0.128013955203381	0.0837168197733589	0.0911356963067244	0.119341237342007	0.130983853692348	0.101029204646428	0.0987307884349975	0.111810792632892	0.116875660888821	0.126814301149931	0.0832168707012516	0.120371008733589	0.127248373630803	0.103440582648778	0.162525025252849	0.143575174795134	0.123562169566289	0.127100358517568	0.105247946980476	0.0858073306309207	0.145995264422957	0.12742756720477	0.136914300988569	0.134434919774776	0.148485438126857	0.0916340222582297	0.107634217371038	0.132183360939397	0.0973431404414049	0.146646509795763	0.124719906418841	0.119469117546889	0.10758893113114
cg14308452	0.903310310396714	0.892416751158264	0.905156763302139	0.889560360978086	0.894314665660382	0.883869724780385	0.885857571493869	0.873550327226062	0.85939758648475	0.86172471521803	0.853946809210371	0.879195550124068	0.881738950417378	0.917494304562664	0.859013754861711	0.901544969309887	0.871887042197495	0.870792433615169	0.870611835242779	0.8739509969946	0.880197434776587	0.882445245468912	0.888926626054127	0.854178016995984	0.854936021582489	0.862868182764171	0.901590522880466	0.871052728114058	0.85919061292214	0.89400314528671	0.915232954430847	0.876060680916897	0.868700697739643	0.888311323582634	0.867298741256389	0.894744993472829	0.867597131736439	0.888175492832219	0.876429700099438	0.869578512058255	0.88527184340437	0.879337561070571	0.85589796070524	0.841050547253233	0.906586894080068
cg25411725	0.931484898110932	0.948599893889185	0.935294415293513	0.94029171283269	0.944448951629853	0.938751784637091	0.950530646648809	0.925515725899416	0.905308952001744	0.921711452348981	0.941256697147836	0.925878737260698	0.931498971472511	0.937395602765981	0.933889628426049	0.913128034198249	0.919715256542948	0.933664914915916	0.920286500255959	0.929316140619381	0.938110411193913	0.933789681220825	0.939162441934247	0.895854444912614	0.901712102462381	0.90106604018859	0.894475762818241	0.907831421769711	0.917577471435197	0.897362575752825	0.900196615832779	0.911259924041949	0.903431268235088	0.915146128075139	0.909698076734969	0.933376295954223	0.932659686801612	0.917277835104834	0.918159091423198	0.88824684573984	0.917992101585745	0.907268986326385	0.918383053887363	0.906142065600525	0.92909608809403
cg20914508	0.0775538560115784	0.0702520869390992	0.0742564101764628	0.0976670431672966	0.073823348446066	0.0975876295802135	0.0665110611036686	0.106011936465507	0.102411170379981	0.103589160702464	0.110958144282764	0.0790365789655201	0.086972714285157	0.0903821897714142	0.106201819320942	0.0990153676011604	0.0887949657605247	0.105514493910898	0.0956240607651664	0.0916448815032391	0.102164028343787	0.0977601400065813	0.0871081416263612	0.106690957572602	0.101656128500805	0.0879997636154249	0.0952831743662433	0.101565129795148	0.0919261313235511	0.097155374242486	0.0778227811236976	0.0848157811187277	0.0995454716205844	0.0921127267680971	0.0979386022357241	0.0995618636067951	0.0923966788306525	0.0829636782388722	0.105771624520237	0.100675781402916	0.0927574018096543	0.0991945223036	0.0857712245555329	0.0917138936310214	0.078580670628451
cg13975369	0.239826527698059	0.237177077177378	0.273486885858958	0.255584701048472	0.331168505484267	0.254630447862786	0.229104079752846	0.33997041072009	0.301029270254425	0.263027943775803	0.303651851337492	0.204911457791279	0.263163201785084	0.3303172357563	0.257692381328385	0.271886099668595	0.22837477023152	0.232560021067407	0.270689382353735	0.230179946199381	0.293065844637668	0.310247762803407	0.302119546275172	0.311773560166597	0.277482338627862	0.239607322864568	0.244127775859884	0.301449237982752	0.230289054244567	0.304673633632772	0.285104324267463	0.239131055737579	0.271841577247832	0.206843253293948	0.28804810229033	0.326207728324122	0.316821325750532	0.312038891621816	0.246990411502542	0.24151641320948	0.247998066616213	0.282376989323111	0.300430578732346	0.241432063029631	0.225209661913451
cg14501253	0.0416858499054086	0.0446085633534796	0.0347639529083403	0.0363102983174839	0.0393805481657772	0.0405673616883028	0.0506012178191059	0.0493602252801176	0.0449681674401774	0.0475195371309172	0.0406677745803617	0.0466881176493019	0.0352699290095856	0.03741885767283	0.0472704009129958	0.0321159902220831	0.0423818695252433	0.0304854861271164	0.0535129242280619	0.0362687751274783	0.0376560344007901	0.0505615569359139	0.0463813967296955	0.0694786392245805	0.0698293135668523	0.0538166407135714	0.0714578391830989	0.059846211469666	0.054097162149262	0.0662897207686114	0.0486558423476597	0.0542792690431375	0.0332997091727325	0.0601752656079301	0.036997622144444	0.0460979985977142	0.046888235072056	0.0398570721578325	0.0461911822286082	0.0511470568670858	0.0338745214704206	0.0566589647216171	0.0528022715947714	0.0517579098592024	0.0416190508564771
cg08030082	0.571654938928007	0.601749414807988	0.647727700282752	0.629952978249053	0.63436838716109	0.587697270763379	0.592850126513658	0.519035198865341	0.540876181245934	0.597076557678327	0.586852018624498	0.508468721651113	0.56265118762858	0.570374510174504	0.566283653858942	0.595500546044368	0.563720139257616	0.57608829902796	0.58500852299231	0.614521906571016	0.564332164640088	0.554059103853736	0.580233019237162	0.569884475591513	0.560973190283375	0.570524223793014	0.566899743242992	0.55197608929342	0.527846893559218	0.566023776917161	0.555075192294906	0.559854273972166	0.583624776794726	0.568907495380584	0.577145631123999	0.560687449413575	0.570673114789592	0.583217669503543	0.588831657623271	0.567894319833902	0.559292222143766	0.55676247787419	0.568569814992858	0.542702431178137	0.604919964478803
cg24254120	0.024410649470495	0.0231741686002425	0.0325166972651804	0.0156410990491337	0.0224575572388332	0.0211797325717025	0.0312930220543407	0.0283034423385367	0.0265615044219008	0.0253287436155066	0.0292378632158582	0.0339254456943828	0.0145562802574229	0.0195485394050279	0.0205721775446654	0.0189747870345546	0.0188918542774595	0.0132258531641945	0.023497354673226	0.0170071110437064	0.0215946442861282	0.0203138023756902	0.0147805742672598	0.0223754333003372	0.0419682037503265	0.0583405796743574	0.0507285145112129	0.0489074989240628	0.0290101147221738	0.0371784463112949	0.0450303465100755	0.034636783772564	0.0199018814405294	0.0356564221601234	0.0375325225451365	0.025840030574104	0.0307125258442988	0.0108986024517577	0.0127033899940525	0.0316939435584043	0.0353251721632387	0.0311263690366699	0.0242482207507614	0.0221257000930652	0.0299817220156388
cg25657834	0.051810174804409	0.0573510029188005	0.0580227738440592	0.0537614662793087	0.0482079305535088	0.0836021040338915	0.0845268006766488	0.0859175705352686	0.0874283891379729	0.0692947884825423	0.0632908721134299	0.0780387862484304	0.105740106020038	0.0757022771342822	0.0620497595899748	0.0501727938486861	0.0454021767439979	0.0698068323701587	0.073768216223743	0.0526460002452067	0.0496104195710918	0.0481580545097126	0.0366107050190457	0.0790427118407528	0.114856607233252	0.169513202911065	0.0737904153407624	0.0900462279545908	0.0651873514238687	0.0693175563322327	0.0747581021518336	0.098306437625291	0.0675367620178087	0.0773828442951742	0.113462715409373	0.083969488260332	0.0593270141628442	0.071221975015633	0.0801605634737733	0.0535413265781065	0.0903782231154828	0.0671666393738417	0.0517804287088793	0.0586747316084102	0.066659475787255
cg16034652	0.500064744521711	0.539358916422995	0.519923520814971	0.460140491907277	0.388764753137172	0.465628160380485	0.523633739025881	0.513413660914077	0.539788948100797	0.493194464875476	0.551807288325975	0.458851717365786	0.523629022039074	0.551608474161161	0.523729968870082	0.585000645290018	0.442185685609694	0.505372624838818	0.472540901387326	0.626717724418514	0.574009084157405	0.557089483035508	0.595921858390842	0.642339504470557	0.530025268606735	0.481973462384236	0.521986952214513	0.447541682576254	0.50514881018216	0.438048958443862	0.507962294324796	0.564830275706647	0.510992614277413	0.606992014052542	0.611049022953886	0.575623721682637	0.544024148211052	0.488538177630329	0.558137793247268	0.422617007985353	0.599258631067212	0.497344371210824	0.577610941530771	0.499485156785614	0.570663746108772
cg18139769	0.517000351230542	0.528169073816604	0.555860682423178	0.573646705325643	0.554719271120023	0.551349675648357	0.612403928549561	0.537555739179628	0.566954139297829	0.543968278584586	0.563933888082599	0.513219101237634	0.536465805549862	0.51482607323541	0.549399378645922	0.570740628007424	0.585114076355301	0.554619593277311	0.601525527817587	0.570606725766073	0.563660852295552	0.57157882658955	0.550941638650082	0.525599769894668	0.585598667982393	0.544704389008886	0.548096699041363	0.522861428501428	0.533062611937137	0.540316459436753	0.531104965620808	0.554126947951992	0.549183897877102	0.561202796279192	0.555739952586527	0.559880786720897	0.590326363883925	0.546331977700596	0.536147376663644	0.554207835473559	0.56336967516809	0.530090758993673	0.560118380932023	0.5242433989647	0.55053598901169
cg00431549	0.0771152525009096	0.255986663242047	0.253040357074479	0.214281915024902	0.180786690598128	0.223459064531446	0.184911368550393	0.113872649159605	0.0894155272983636	0.141607056651595	0.181747792738336	0.244249808333243	0.333942593876861	0.403218157634644	0.125791181764529	0.367713206475161	0.181594079290486	0.305260586444178	0.262461801058557	0.223739713763025	0.339456624510554	0.185987881659271	0.270930747986419	0.469607983557532	0.272911270485394	0.189635628948666	0.303170110948921	0.266365384890917	0.256472563852657	0.259781104471334	0.287974059450211	0.271562970944461	0.330958841734982	0.313316140169724	0.308272136688772	0.162571607712845	0.299457721497361	0.185952809906681	0.35235664857919	0.368871348699174	0.28541277314906	0.290492283504168	0.243763236885198	0.115556113715533	0.3573759470376
cg02364642	0.265488640942635	0.333751630081534	0.284907878803597	0.304459226219204	0.273176531663226	0.269715259102123	0.297546694559298	0.235972580681623	0.275187632358746	0.288754974765389	0.313789386332945	0.294341395841977	0.335705932352748	0.358449120307314	0.318909361771989	0.348806372312557	0.348797309988624	0.374483904148027	0.376580329911821	0.323395898246143	0.355512982219584	0.327074371824811	0.317028993329604	0.358984333666502	0.3513930962592	0.348186065124341	0.344827049894286	0.318626553784776	0.306407150115086	0.349935538301471	0.321560164970024	0.288856656831282	0.356098849855096	0.355199416840452	0.360368763698845	0.372616587613943	0.334280722122398	0.347149180116654	0.379059916677908	0.31226089203734	0.371093939552353	0.294862043451096	0.363528054540723	0.299659048510181	0.344044213237507
cg14423778	0.299203581528926	0.447902220888813	0.395046137829886	0.244543744108648	0.350519386237176	0.375902704732894	0.331942972680245	0.235275631432508	0.305521534102859	0.310358036375906	0.315855550657789	0.276789961111283	0.316499602501523	0.380262844041779	0.299955667959747	0.387135914820798	0.331056443387056	0.47146182249764	0.249049819225567	0.4259530900252	0.377526955642349	0.388970546713454	0.463481673656859	0.372548385999201	0.32503015137702	0.185590453851793	0.296719196062656	0.372914598520528	0.270534519364419	0.392218420482501	0.322300631852714	0.350887640407901	0.336589541894802	0.432983945747335	0.444324542922627	0.282570763962111	0.452401470195973	0.350520398482517	0.534067808127894	0.352708663931029	0.382740704715132	0.403358278514406	0.337905736787104	0.316859244581478	0.33988957602421
cg18180783	0.966085629144258	0.96556461886712	0.944510561367122	0.95584582028285	0.975720516377734	0.955426086347659	0.988381175251825	0.956117579568182	0.974593965434539	0.967269691828961	0.93875815264031	0.959106976999026	0.957231199651701	0.941656968815808	0.95988874918842	0.953055081484775	0.963943672769266	0.947561096029109	0.965078818593281	0.970311023697952	0.969642697362557	0.954893378083557	0.957699105510708	0.933491433284574	0.939197746444424	0.935863417932115	0.970123344966059	0.93998299026846	0.926295446958898	0.956203372810025	0.956014788556016	0.946802531970602	0.956426467455268	0.941071726267258	0.951926207883197	0.967623778793151	0.965131367147352	0.967074513598233	0.948636235839033	0.964241851028852	0.959241571488896	0.950225315794039	0.934868338709774	0.965976781109093	0.972189860155096
cg13547237	0.298385043754259	0.329972996286339	0.345112854372319	0.355232236558352	0.219775725791117	0.288885662638579	0.302181008726916	0.39598144454675	0.3688928994415	0.365071070325646	0.344246460806474	0.348559220116817	0.290920859841863	0.301124592632817	0.355909387987692	0.30312493438607	0.341163704691739	0.297834224570483	0.368614351148127	0.347519056957179	0.337633877058993	0.324376109462286	0.327555677109267	0.264021057413872	0.349865595188587	0.374800341767288	0.313258080504906	0.27965330233101	0.311645605943277	0.30349889022359	0.306750091498747	0.330912057514235	0.362896948114915	0.327604759374833	0.301004050571255	0.384515912674226	0.370078098853426	0.313739831071901	0.230231379223864	0.331909643631422	0.380870688645677	0.315015375244546	0.313859431980147	0.405671809624433	0.333052923275648
cg13038560	0.934076708758431	0.936961927623376	0.939998625169152	0.939194145165527	0.915800390063294	0.926590307082935	0.957440506166865	0.907110239469714	0.949210292840745	0.936806982510334	0.935361829294554	0.944164420972427	0.920643078291581	0.945876439132762	0.946177232278617	0.939282759175291	0.916905043488957	0.920459830011812	0.944693411054833	0.930737908080887	0.948795627163521	0.937835350888091	0.946389697787978	0.917513508249311	0.924119611741397	0.89574087358165	0.914581671520616	0.916808823432653	0.909610227338791	0.929059239840575	0.926777619528477	0.875381223211635	0.916846361147874	0.922598181142347	0.907361079861133	0.942514326373134	0.948714604787144	0.92171025001465	0.899682753426047	0.907655507197631	0.945465780030298	0.917002422851278	0.946344635887916	0.936458108514589	0.938953279706343
cg07770222	0.625831431898827	0.688746831290333	0.504450464124383	0.792218941128232	0.567784651982166	0.64317256749593	0.555611513045723	0.68157386154863	0.868345920455361	0.660952420282711	0.843002779056817	0.568295826864661	0.861132466340611	0.694564550335806	0.699926971573194	0.698453863124885	0.698873763418454	0.592593658232074	0.775473520735318	0.560974252184	0.674875770446169	0.65756446660059	0.344552625197785	0.71941903189374	0.651559640779014	0.46003029349804	0.898161968203365	0.488666735894078	0.788431909952512	0.735811753857736	0.655187644647121	0.678873502050142	0.685500582645329	0.726046158647101	0.554406163116068	0.644109928347052	0.666673219276638	0.540440819948646	0.547972454191375	0.612566339937367	0.644723031331313	0.641460460094748	0.509717543999251	0.671077713106106	0.781301591531119
cg22432269	0.0197206887287382	0.0178089794857659	0.0248074512474406	0.0229532870301915	0.0136734911564408	0.0221494618174419	0.0162921931848421	0.0264340755621123	0.0196790661799222	0.0220073181456406	0.0211414788772767	0.0197375525692292	0.0211146552981608	0.0238540922358369	0.0162689455738887	0.0217904468884727	0.0129349931070694	0.0155270565973793	0.015152776354281	0.0151824536448836	0.0130923805886984	0.0143735615984478	0.0172626285367599	0.0402031220527619	0.042318152858964	0.0349653254696107	0.0353348549184105	0.0305356813575246	0.0260036483551702	0.030501280709762	0.0275552223937095	0.0257054915260472	0.0181328130866853	0.0244952301125205	0.0259883032908163	0.014312559348144	0.0236488832488398	0.0175404018867168	0.0260679342966391	0.025549030771343	0.019651092000465	0.0279763563444181	0.0276350535731437	0.0191569054112212	0.0140220729382505
cg02388150	0.197937571226731	0.245032154790978	0.278943312704411	0.339784268296498	0.214229720895997	0.184455653655279	0.209368604940925	0.15369219478598	0.194242706977544	0.173588796675822	0.1601012597003	0.222973651915685	0.174843476080337	0.236372298146779	0.184130102530514	0.244894123902515	0.147233139303634	0.170218063411569	0.204922762767846	0.130819710294629	0.214024933836821	0.177641592935998	0.227699687131625	0.120774430984906	0.205264221435799	0.164293459299124	0.218697296107563	0.257154314964873	0.237982331394655	0.215748586415535	0.205237616174829	0.221534997224689	0.26835972981174	0.180058676356758	0.205044293830152	0.196215081041023	0.186095441465328	0.189479038986716	0.208090113492939	0.173347575701484	0.223261455636599	0.218079269858839	0.109974551406909	0.197766620005805	0.231712309396251
cg01027805	0.0380032320151743	0.0401734487217439	0.0515383783488801	0.0437814492675248	0.044952790885083	0.0395527937235525	0.0256072820029489	0.0433720459083817	0.0543595339124906	0.0430385269100455	0.041895660015513	0.0430394484394154	0.0437589675430099	0.0415640593964042	0.0528317120743248	0.0475894903336432	0.0426384670819125	0.0460342133265592	0.038115187205246	0.0375611528822108	0.0414931160865226	0.0417319686558193	0.0378067768738712	0.0558430687613092	0.0683546929333588	0.0462919100450145	0.0521889473397423	0.0545408492689133	0.0599378949659846	0.0449687337356838	0.0496047503474537	0.0416363858429896	0.0378175049105113	0.043565670649502	0.0392422129243749	0.0418889166046924	0.050172359105237	0.0522624278328331	0.0472164426539882	0.0478506893846322	0.0420304472138177	0.0417885246996869	0.0519545030804837	0.0512513685108704	0.0363598347042066
cg24058132	0.608550045916485	0.579572493875477	0.571188563676695	0.61712760682643	0.553246131600313	0.596814956560585	0.645432662076591	0.609484019466589	0.68300548389473	0.603728299056495	0.612871451624907	0.537081786787948	0.511164042721253	0.483452151104833	0.584610157749153	0.574051031580971	0.615698046261549	0.539288647543058	0.585568363729044	0.572648038767847	0.538446713860499	0.639218404290833	0.541405456034785	0.532790720181358	0.645237480049174	0.623848074112071	0.565265665754797	0.584422399477677	0.506279138276792	0.573033696443077	0.559846856745847	0.596131729704247	0.647654012461864	0.557173964290012	0.580361093166159	0.591290900769885	0.592119599855802	0.587073735839646	0.49408291147591	0.508201100300928	0.567398567061008	0.541930967694711	0.620103319586641	0.581027551867675	0.565863189839566
cg06462291	0.0404346666059406	0.0445530773642313	0.062310572219025	0.0346651763506105	0.0285433847827712	0.0587529326488292	0.0335123189311679	0.0576387199671425	0.0509229455782771	0.0447658464449041	0.0510303153367283	0.0428323034280794	0.0350492589644471	0.0316571147971752	0.0164920266990843	0.023078970107509	0.0156473334051829	0.0509028013466163	0.0469053669430491	0.0462918067730251	0.0509215922885685	0.0327875061260676	0.0287499252089277	0.0717181918208668	0.0624619107053711	0.0608139395602671	0.0716772662030054	0.0636463176314999	0.0475658035009721	0.0508359252159649	0.0658309291893594	0.0325399624637067	0.0441829998874957	0.0676608767744459	0.0444889696368168	0.0339247967746417	0.044130372979431	0.0228624945265098	0.0378386971068466	0.0438043292640994	0.0363507685631449	0.0548644178303255	0.0401900942904342	0.0317877067888226	0.0325645728615946
cg13319175	0.934307276536279	0.952666911317855	0.941869260157162	0.94833308900298	0.935308843171042	0.933569882987086	0.937180855134591	0.95226156007608	0.939193408434704	0.943956417549778	0.926916496888073	0.94798111824159	0.913365632325437	0.927622722120023	0.940494686939673	0.937004754394382	0.944146468236216	0.936319870423197	0.945714056461449	0.931197899725101	0.935903580622721	0.967271474073097	0.940938460319303	0.919800978346201	0.905212504522715	0.933545472508298	0.891881707261015	0.909089996614028	0.918181966694949	0.917084884087276	0.909411965865973	0.923804736244584	0.933084182759908	0.914246010201171	0.934317199144317	0.926101043079544	0.937817093130454	0.92757037990264	0.904337772208371	0.90832564666865	0.936543116485883	0.946731675733406	0.896979346854703	0.920323826786544	0.93422482853245
cg05250458	0.135579057863631	0.240492628955061	0.33503339505078	0.226013888146331	0.220646444077927	0.211301194670607	0.212234545902551	0.128647600984078	0.208452293325135	0.196702960854659	0.214197246061541	0.218736775757703	0.25064984863606	0.225171677830877	0.21406497892769	0.242778564570332	0.280221235824619	0.222103144375195	0.250011319928334	0.250812174640395	0.200989801028151	0.144006792876451	0.319356990651625	0.27504579453975	0.295221722114285	0.24717903617965	0.285049075164137	0.252282193743976	0.212270788562229	0.294884551292089	0.229797537092717	0.205669311133791	0.29294063049149	0.208696346213544	0.186087183199293	0.292481691751989	0.285439339036983	0.22235092233629	0.231999086141437	0.201001375888245	0.256469851260825	0.187430904800377	0.210891380174133	0.129849533031066	0.234978063461565
cg15185286	0.0327699730611879	0.0209841439313673	0.0319581922632991	0.030690135024971	0.0766250340855478	0.0262452302013335	0.0241237428479496	0.0278373613915633	0.0240781230274696	0.029483829406152	0.0297331782304297	0.0266257996036582	0.0301597476245896	0.0286460267664618	0.0485440961319412	0.0216223354422479	0.0231352899977817	0.028525291731082	0.0115020399201402	0.014644535264789	0.01068527696551	0.0194384346649452	0.0379259598712547	0.0587195539269185	0.0580919737482497	0.0534528901047328	0.0451290554039241	0.0434113301821116	0.054245216209672	0.0444761097382096	0.0235063034297476	0.0280670517682403	0.0284610647339385	0.0263441726727418	0.0212680215162422	0.0311533075099685	0.022202504371135	0.0315698029199919	0.0399510843745589	0.0339292215201345	0.0344728864033937	0.0249035824680698	0.0225353184499697	0.0324866702121718	0.0262252662847522
cg12413566	0.950108598166843	0.93839204413482	0.95537018717052	0.945560223467387	0.938269006797245	0.943989154109011	0.950489778402514	0.941907045404772	0.914187672993526	0.930467013828358	0.933018617042897	0.93227478806927	0.932483182973281	0.931053779002765	0.943781428644075	0.942625491851779	0.934337029063989	0.938547181311298	0.94256286083411	0.936253684820008	0.915404141920451	0.938863556489227	0.946580112214917	0.914640556267303	0.933784232054019	0.915649066712413	0.928801428938818	0.931316351603195	0.92933007201172	0.916790797522046	0.932296665348363	0.912246439978224	0.94217694394586	0.933730925882232	0.923883586653693	0.939758201427827	0.925843714940225	0.947865687493119	0.926577281170294	0.925860927784286	0.913950999828111	0.928638331928194	0.929797676518843	0.922031111147635	0.94410743338217
cg13302154	0.349809640304273	0.544861660054021	0.669236020966339	0.548484281387472	0.547063173002998	0.537231178196976	0.469597249623723	0.403439752631328	0.450612052389589	0.497635372587252	0.506732997068259	0.624286387586362	0.645267196961623	0.673671440551276	0.455294642277049	0.723579060927629	0.472157034689727	0.673703067602465	0.561848826681179	0.578357262296083	0.571063614280891	0.578837463854979	0.603974343060551	0.728478738047276	0.569043400252963	0.572746725030269	0.682277558068977	0.588189625816905	0.519888682108627	0.520857318833538	0.563046787674287	0.598988200551068	0.66492382463785	0.645453033758625	0.58523204336981	0.545475567350329	0.62225317682892	0.545408343380856	0.622737471969228	0.707798573912149	0.64047028893854	0.680901321876473	0.569793404700017	0.486554572453791	0.71394508345686
cg05960024	0.966255460769965	0.97929388191871	0.981711532518696	0.975553660673144	0.975325128580748	0.981382107261831	0.986205360691275	0.975017598831855	0.970263140156764	0.970822620123502	0.973495089517773	0.979452286192573	0.98309028090795	0.974476364272057	0.976516796287649	0.970087702237044	0.962269615153517	0.983237383154842	0.960115713419604	0.970710283890118	0.973065812532468	0.977891245056345	0.980085373090359	0.962522445091076	0.955799737970815	0.960803488094362	0.96987049290329	0.958631842067681	0.951466144423166	0.963482810208304	0.965531613802662	0.961087108686	0.972917591709097	0.965636172049391	0.970482325114103	0.976608769734756	0.976414144293031	0.970087412711022	0.972515971258779	0.971927289677191	0.968070064080738	0.968482634023146	0.979216278362697	0.974715016862067	0.97633967013182
cg26394940	0.0536639543951103	0.171041875258856	0.152438891778113	0.0638242019357247	0.123257044662823	0.0470175076756267	0.15456826479138	0.0630834908714994	0.0488564341603263	0.0890746512264567	0.0612670978635441	0.167973479532023	0.286226199046096	0.379496837230375	0.106194120251966	0.408014520172219	0.154519032752999	0.205629249519693	0.344501661045022	0.251828472236907	0.325544433033401	0.0462809183374302	0.337956136719543	0.138251190593647	0.208998643573873	0.0611971121869956	0.114759751855759	0.270755093509324	0.292427897782766	0.190719350572607	0.104982752246032	0.0776507703955778	0.200933864395558	0.137292819699468	0.16271674176523	0.13590137046226	0.162074067839929	0.206930955009967	0.199052179386572	0.164464267332517	0.120705264946985	0.404610762993586	0.288719810571973	0.0820419933641695	0.0889985916938389
cg14175438	0.183525694043516	0.173597423104459	0.179371338257677	0.249648969675362	0.170601180085093	0.279059083837008	0.25602809428927	0.197184810518396	0.286040976297613	0.25100029366092	0.239801753047857	0.23257244940498	0.23137006503928	0.214205669778512	0.254012325232698	0.227563393981755	0.226949537475787	0.224112791147296	0.226873350425084	0.213823791152021	0.18598263479232	0.220186748348117	0.186964993643428	0.267987059034172	0.271506377156921	0.224175701607363	0.230961163523751	0.308665554855432	0.201576526591069	0.258019398345847	0.231757377552234	0.193910643540933	0.252428200020414	0.274406848116126	0.247100879895563	0.294439168555415	0.281223103281074	0.233360484657239	0.240623392525488	0.186282839552781	0.216816365520295	0.195279190692882	0.233904475966877	0.273989878854528	0.239516558052964
cg23124451	0.603034854309913	0.657609922136645	0.614202380069405	0.673410231949516	0.612068041818222	0.634273136285625	0.627192047453012	0.586198750453255	0.612620364964395	0.636022890652036	0.622028707805046	0.590376732888628	0.593430306891894	0.656668660165501	0.567689479214586	0.652198355457788	0.652699190004337	0.620378244035603	0.639443858907322	0.615808936471397	0.635901853911366	0.608638293184004	0.640757332671732	0.659821459832871	0.627346862085741	0.655839566429578	0.635461477977313	0.629164142527194	0.632247831219251	0.610140966637035	0.627177740010363	0.594100394098577	0.640576018388571	0.650382779953502	0.629421441340644	0.659492535397018	0.642889063710741	0.606351018976077	0.622367041850457	0.603321837976255	0.645750089089282	0.639295356197873	0.595717444755694	0.620238597472566	0.635352422965446
cg19724470	0.218714139017313	0.353476919461304	0.301357462433666	0.320694191883121	0.369755683062243	0.37218605877476	0.403419210469157	0.398124098765287	0.302202347214154	0.322543202603035	0.317713560995739	0.371849348917809	0.294209316942255	0.341590174807914	0.38657803852807	0.38973713625888	0.433589946584337	0.383738626177602	0.38547915691217	0.323661412708607	0.404884371304844	0.325232904446215	0.373535848734083	0.418054565458662	0.343371368362749	0.426849675372226	0.321204391110977	0.419943093975794	0.269319326287662	0.250332369935958	0.428662963275616	0.373720903618678	0.398718302047231	0.411542718597397	0.440042984861196	0.302937709126553	0.380123950204362	0.361807087230494	0.287396975121432	0.354048746087337	0.329527439055214	0.320757609161786	0.294681295511397	0.422469987357678	0.405155752373135
cg09509673	0.922399189296764	0.94810002174895	0.960156477322877	0.959904539422254	0.885397223117059	0.941267897775982	0.940561319299025	0.936706739240756	0.945030414878864	0.930541655533038	0.934086393273375	0.870967731544639	0.923737349508236	0.921440673829924	0.947285378324558	0.935254835513539	0.920987069332924	0.908603494117666	0.919972938124457	0.911232979505114	0.893080854195088	0.875535888396874	0.948679117141537	0.864284938142913	0.869534571034752	0.914927174820824	0.903440832276206	0.900668022000627	0.901341810439714	0.899874617269636	0.907366483806943	0.875294438550907	0.89501974066014	0.904575853172316	0.912730989403542	0.932653774669203	0.915071336712047	0.897277253694037	0.905676791677427	0.91205104329026	0.895482360620038	0.926513973948041	0.926704349324266	0.909819978701499	0.919850727716861
cg20692569	0.486559815291668	0.454539209736044	0.532069218034756	0.461108684029743	0.379983426503827	0.551977418399767	0.580986858239523	0.48495253901252	0.434702459047383	0.440296568871143	0.466781315154229	0.316080311823042	0.47079711145346	0.448715650138172	0.421737747251111	0.443250775902177	0.453467912416629	0.493294927706268	0.47902315838146	0.468962544927651	0.455600834786163	0.464411153354059	0.361554094294641	0.347095518573741	0.464147211502221	0.39992038366884	0.386131696693778	0.342591315419045	0.465653855494185	0.467111304193141	0.356193262687403	0.439065257270574	0.44784166899488	0.386487468443956	0.485102900261004	0.377253650455834	0.505402856029012	0.430013836044672	0.363656786877454	0.335742140307637	0.464403046064848	0.424456944812964	0.395420237677529	0.413124126109999	0.340818317174624
cg21870884	0.161686307877775	0.242571512556995	0.248960166756611	0.257343721385168	0.225693008889812	0.232020511322434	0.168831495162891	0.160156762125023	0.198152522634051	0.219690484793395	0.323313464431628	0.20343468473641	0.251373866286304	0.228594487054719	0.187202291807843	0.256844869502514	0.209345235931333	0.29799952642139	0.262039493815228	0.272053066439173	0.233445523148234	0.214280339627044	0.256947441400878	0.244424931258731	0.216794928491095	0.202411613036589	0.2495071738897	0.223973652602235	0.221808376783163	0.186998145350454	0.154201972372517	0.185575873989222	0.230955664870601	0.200341418684635	0.24450910027442	0.214578198792048	0.234212028590858	0.232303587101936	0.238531296712402	0.311997516082	0.232612755424848	0.212055726400817	0.168446350035518	0.12991082768458	0.248039520671781
cg22449114	0.36517132880732	0.382864827761629	0.4437598841228	0.446815638386067	0.337750467990181	0.401473180719302	0.423245562196078	0.423832897245843	0.459648090684943	0.395350368403788	0.388552304039801	0.335672513736067	0.380111430866913	0.399129231815033	0.316578374687293	0.340352396550878	0.418297541576759	0.409819808503171	0.396553809630678	0.366125264504982	0.396391093685987	0.38166244184861	0.422326889745556	0.353345132545113	0.356625917786104	0.334944673422172	0.354629711418401	0.413243168302688	0.345343753575741	0.397736755822346	0.354286867628313	0.399018533898153	0.385315667659162	0.36254737481017	0.371028136534365	0.385217856100747	0.408254223271266	0.424313024178431	0.368287225034481	0.327781874947796	0.385815083530248	0.371778896025673	0.411966279761156	0.366658411332238	0.37373467316586
cg10865119	0.100847383483776	0.104033056337858	0.173631733001838	0.174124806331746	0.152914210557446	0.159133458278445	0.169586818293124	0.141704994749745	0.149301011425443	0.147707658485536	0.193615611340722	0.179073283523918	0.175178793618981	0.123703467745804	0.173682886519391	0.160857912721504	0.19570967928549	0.111042445243334	0.151436529305112	0.192322966655222	0.178199941153718	0.185732448534495	0.14871041431829	0.189179703501786	0.181323393295672	0.255570575446833	0.162574942487916	0.168407063505363	0.164585666983643	0.162695201544991	0.196300892774587	0.223299076803872	0.150752614139044	0.186377458860428	0.166064059027799	0.159938357149602	0.178560700748939	0.172998860242565	0.147618941751157	0.150928712847589	0.163922577537478	0.192103636305575	0.17047567640989	0.215812092871905	0.140166196414781
cg05847778	0.0102995420365002	0.00996492463635279	0.00754304067230349	0.0107206971328637	0.00345339932241293	0.00963148088583315	0.0056201475275494	0.00986098705169238	0.00815944885410526	0.014446666397056	0.00730121994832111	0.00397766278724624	0.0104282995657452	0.0136128624322555	0.0148828812007053	0.0060676554062248	0.0122267487907861	0.0123939304620446	0.007219723430505	0.00461055625554541	0.00951995583702221	0.0092155698427425	0.00941718572574998	0.0227205843564243	0.0276201554720357	0.0193285151140157	0.0148398881395354	0.0162077899067222	0.013268933295716	0.0174446390756576	0.00974338160197752	0.00742913397698967	0.0124399640729112	0.0110781088253564	0.00961649199243657	0.0114967202996186	0.00702379171475642	0.00561766091064317	0.0119581213334373	0.00584339260278636	0.00941331132551903	0.00673175899305059	0.00553049729799345	0.0103421905576124	0.00926585869127701
cg14409958	0.0675108756736568	0.0379550165225011	0.0405243562442114	0.0112725045067466	0.0263824248534522	0.0155367648645205	0.089472820788808	0.0132467536320135	0.0100690497892421	0.0298868077809447	0.00694839548719418	0.0257335807433402	0.0188018181354689	0.0361060151229463	0.0616014312257664	0.0175889485536737	0.0121945283846983	0.0135638452959936	0.0197656740505634	0.0151340512697734	0.0174783159696863	0.0151832140105575	0.0138070676440162	0.0538457357653276	0.0624439941508987	0.062982781651187	0.0453224663822646	0.0406738591461407	0.0593458891984265	0.0645931174626838	0.0495238993632605	0.038487283085226	0.0206441583297267	0.0232452224575644	0.0445367299281431	0.00946989384854986	0.00659692513227588	0.0256733731313178	0.0231393248750913	0.00977323650294895	0.00317375746924017	0.0382154083475786	0.0186661612011726	0.0332170535145847	0.0261326690171181
cg01459453	0.861324304899889	0.904447830341035	0.903369790072849	0.890156849408946	0.851077203795179	0.894620619217555	0.907699259863295	0.936285814636026	0.876322633934537	0.857702703856657	0.894351482163011	0.942912714222659	0.882758551862543	0.959947914359283	0.916384666639677	0.914610102855285	0.950950666459726	0.924855560248127	0.834829598837829	0.910076423363663	0.924751638626207	0.857390150093718	0.967010832115498	0.897970602438431	0.827178655747519	0.858654171567584	0.833773393915694	0.88022952271996	0.804316313353152	0.894139670418407	0.891151438587908	0.949070853613803	0.903374416924428	0.892325295971417	0.862879555608438	0.826451549830767	0.918848276988183	0.946137392132356	0.94927529017117	0.962680989747635	0.836414484953564	0.957559354100625	0.800272131488393	0.878793301958988	0.915859588168967
cg08124722	0.95622680642384	0.954048763967437	0.927921288615508	0.965761221681948	0.971827689943453	0.961527827077867	0.955062392480885	0.946433134807898	0.93289617829178	0.950533032967447	0.944868321345599	0.943964880944047	0.93778947650424	0.940413910610666	0.946245210909737	0.952076920682873	0.955281544067055	0.950953757263355	0.949543853602651	0.944236002456633	0.957814989023042	0.962642941692116	0.966103247806633	0.925320157504194	0.931596040563251	0.928474319040821	0.935229398803091	0.923881773827434	0.939949221631692	0.939768906019042	0.954340478436951	0.934796331308706	0.937932649618156	0.922567165031791	0.951266986628112	0.959255470884854	0.954467034271273	0.941999635892965	0.944806654441274	0.93972895996623	0.945249265758594	0.939437654278697	0.927097547467816	0.941580030052327	0.941505111244619
cg13269407	0.0748359211726757	0.122748278331636	0.151709064663246	0.0777070248091022	0.0837538840819423	0.0662791791375373	0.126916287626722	0.0437704626130053	0.0666899221103303	0.0875599029357969	0.0522490456321066	0.148843630710228	0.261923881492048	0.339110552068758	0.139433566684758	0.359465311352356	0.168875693288992	0.195529899283069	0.31989713333523	0.23617042629348	0.299289771728455	0.046045262319405	0.334039462220647	0.0961534138654057	0.165107425953132	0.0778253958784083	0.135169605388297	0.195674315363685	0.259549909370243	0.140299858436532	0.117684018676011	0.0916177787293901	0.146424854112257	0.103108251545102	0.212701665338899	0.0950155057746978	0.155932911184322	0.206699429184122	0.111109118096246	0.132123108199179	0.0867870019583278	0.347611819113441	0.249581667369194	0.0823769899352689	0.0383229443909642
cg09809672	0.787565489858394	0.712595870710692	0.667631359709013	0.70601031081662	0.632509398012907	0.696416902324166	0.652461894386854	0.652573403098012	0.730638858397711	0.722394258049239	0.660852173106874	0.719988340422951	0.77559222254301	0.698787113183816	0.725015935152284	0.744577584330901	0.758792551689353	0.73378996856309	0.756695591096348	0.750187791489018	0.806365065170526	0.74779897480271	0.773777876037383	0.736384503107154	0.701299866175155	0.670686276085466	0.723179033733751	0.730557449114763	0.671940505250599	0.698816594412841	0.752003340922844	0.678561440213748	0.772055877950595	0.78340521283387	0.81745122498326	0.682238786461891	0.676312337917774	0.706871908616269	0.736242792859539	0.75580620075812	0.762873473933788	0.741865388770217	0.737920904475637	0.721619316085493	0.716248739142867
cg18440048	0.0708630200206238	0.122695168032741	0.103725692965397	0.0582470687394403	0.144941660982601	0.16906689162209	0.0866030241215771	0.125460468412737	0.111888970139316	0.166582343068057	0.122216664221422	0.0840489810262194	0.241442887428388	0.221545806786108	0.0545200948333523	0.109404759786156	0.116153912377637	0.138064279069475	0.180559377845351	0.0740746339955317	0.170238349453538	0.104048714297564	0.168982978242977	0.24104296043762	0.182846875229374	0.130206931589487	0.119424542768874	0.130304545237225	0.132473744174626	0.165413149075925	0.275188224710575	0.115716439273503	0.147883013434402	0.199442879957778	0.116802992126935	0.100064036050951	0.0912132784349082	0.106347766608515	0.211836437170955	0.201369750043855	0.165920972945713	0.145395844787035	0.100060415316772	0.0995329084475891	0.111865589824492
cg06513075	0.0212174998388606	0.0130349560459253	0.033821339894032	0.0147604917940052	0.0168659627862229	0.02088276758515	0.013376128278208	0.016776525752446	0.0116651715355325	0.0162372344745817	0.0164929037207294	0.014298492993157	0.0177006062663472	0.0180505802646062	0.018229951396093	0.0160603888873208	0.0120018463902117	0.016897156945363	0.016616830000908	0.0138326660029134	0.0099022451608621	0.0163728465014077	0.0122975571269158	0.0238018794643592	0.0131352781206496	0.0295707586136507	0.0186613660646762	0.027752347913951	0.0321698751733553	0.0378017135856416	0.0392463713312495	0.0223141434250237	0.0188689015159495	0.0232342667438379	0.0217281677227125	0.0203978137380003	0.0147938211270727	0.00683770919755495	0.0199607345508284	0.0191883469503183	0.0136493334870965	0.0143879858917719	0.0252701302849155	0.0146100281342409	0.0130238235242246
cg03103192	0.459020535032096	0.511574192511955	0.561094591478815	0.521352219606511	0.416900033089247	0.490807998444244	0.421545715434271	0.425854021027416	0.439051021443649	0.547087995408311	0.5674875821177	0.479723082455979	0.467106370246733	0.479601926684119	0.449442165525227	0.498285719187614	0.536885826293184	0.495365376501996	0.442084629067001	0.48512224974276	0.534613228264104	0.472687307098167	0.456748141500755	0.566956338431162	0.443214710978326	0.436501131204639	0.405592215145278	0.491889842036802	0.498334714851491	0.525948362937869	0.475573777772652	0.518016681641845	0.553285695049437	0.465513705054094	0.511306280540276	0.489287063254872	0.511217441456046	0.550433308966275	0.566034911269558	0.498116651120382	0.525341226537065	0.514237815924661	0.48436387427945	0.519583794620749	0.525196634216087
cg16547529	0.539914735870182	0.519598601653071	0.532191538107627	0.597568429758011	0.644400212205022	0.587281785176319	0.592878919179371	0.640381662705677	0.565366930442481	0.600926832563664	0.590348961436354	0.546727028929072	0.513215034393018	0.617198662820227	0.566839699975181	0.562471121197096	0.627541750231134	0.593973626570576	0.505780010323558	0.551181819870515	0.585482178817472	0.490248436180284	0.591774074805613	0.555365806809734	0.588088336542752	0.501675371747182	0.513205187642524	0.500921452078128	0.533781436257566	0.543463836266482	0.545131760957317	0.607542027027591	0.582443220223158	0.550618199056618	0.538382702123705	0.594813248905339	0.537619035507149	0.544040166243452	0.582747502750791	0.518257437859472	0.55950286475336	0.504507986487966	0.591305134513168	0.439127052244354	0.591572039902861
cg01570885	0.532544441759857	0.514831434938977	0.500110578571931	0.517640689876992	0.518815091629983	0.507424637117264	0.561891793699823	0.487501353003382	0.482242538515778	0.483462750683904	0.495412177947715	0.462303702768584	0.543505735716602	0.512814361313382	0.434975680808154	0.505446002770654	0.506370494750002	0.540591393340542	0.514116178318304	0.51913615862949	0.481774414349425	0.514522060022821	0.558174893991755	0.492412763971905	0.496729161553235	0.469865604391797	0.528932337343771	0.467267043151545	0.450464237706057	0.482154191227955	0.425953945030476	0.48494705058185	0.536776343768432	0.509337610730922	0.54406820689958	0.570813023233466	0.462608231455625	0.493069845594896	0.503129626727068	0.475745217314728	0.472622820961292	0.502906931557354	0.513490963167553	0.448902859473315	0.522604294100839
cg25552492	0.0569185977307654	0.0818980470725345	0.0659452799499862	0.0716584601623329	0.0693137445547628	0.0735361158413383	0.0639421036009893	0.0555402860962591	0.0783707833115174	0.0679893228419961	0.0870912569794074	0.0594373158830791	0.0741883152296653	0.0745046704701706	0.065955044586367	0.0749168376679098	0.0862246444525117	0.0751577062646043	0.0709246758993736	0.0593389433094981	0.0749800542013642	0.0657109298990316	0.0779105924577452	0.103291908384407	0.0920181545097848	0.0931996140863177	0.0648861716621867	0.0797045529520444	0.067684626157358	0.08115803794646	0.0642301468016997	0.049985541900165	0.100158427970828	0.0756911008174792	0.0648023403392938	0.0775640271553033	0.0784990960382362	0.065515858116006	0.0765494104395039	0.0818581057484445	0.0701372321569446	0.0809240500496061	0.0708665392277759	0.0647527004649145	0.0699948038723429
cg18983672	0.932034725228886	0.931943773011681	0.931012535118898	0.935565062413324	0.9581835982052	0.944631512376349	0.952052520420515	0.917959770722298	0.946326402292356	0.937350008929124	0.943853353687452	0.953161958679699	0.955453003752197	0.948009273214234	0.938175908023166	0.952697633306149	0.926414376216821	0.948614947819947	0.947242776607169	0.958346893346727	0.951438850593772	0.936861383534966	0.950534595517451	0.923067692022697	0.938333113298747	0.919737490890878	0.94302939373968	0.921614038335734	0.932590095252598	0.93381085458738	0.945126876982061	0.9327332676263	0.924413861196637	0.943611641480633	0.938874692869581	0.956802504638236	0.950610189854209	0.951200002798717	0.954738398967754	0.946046193353311	0.957347632939847	0.935398619085873	0.950023724156213	0.510750962504506	0.935941617825563
cg08370996	0.0642973107472047	0.0526959138070563	0.0595489399273265	0.0457639085810773	0.0474354116006791	0.0399545110641291	0.0527251181325989	0.0523746388956083	0.052913584171116	0.0484070544927585	0.0539696586954836	0.0536067847524162	0.0477084100332739	0.0652945883232662	0.0405557122371351	0.0465236541112339	0.046943149285855	0.0452753069917472	0.0529897912342641	0.0444237814066679	0.0554663669341126	0.0437596842504477	0.075681694223573	0.0638102887199946	0.0637124992883324	0.0620833941641056	0.0591321499829368	0.076374800008118	0.0755988960422473	0.0818609213569601	0.0605852657487963	0.0673443165803279	0.0414853971460196	0.0608585380017711	0.0540583062349107	0.0699372543488636	0.0598435928329017	0.0298781315324815	0.0536375742308391	0.0604289795221609	0.0770066502225413	0.0696145907811105	0.0466150602102487	0.0535357794358087	0.0498476730068065
cg22006386	0.0422494067155482	0.0280845792525214	0.0335669520694712	0.0264495450244528	0.0344109379840938	0.0217306179281717	0.0249456312695266	0.0285603622257842	0.034631740807279	0.0265395589292003	0.035555632440795	0.0489421486503647	0.0231871602281054	0.0236214577989013	0.012220228687598	0.0261608128242566	0.0189658653676806	0.0231272190710924	0.0218225122601695	0.030292711240532	0.0132198196012546	0.0181332247586508	0.0119487747995819	0.0135850151463689	0.0191983875699384	0.0592828148338005	0.0383622025544766	0.0325924780921006	0.0407426331524641	0.0351003769306591	0.0219995043562613	0.0240829705996026	0.0329973292070623	0.0337313401958147	0.0338859072444859	0.0332799201162371	0.0185283639779545	0.0140352814954707	0.0346083372434975	0.0285824533198901	0.0368075183014246	0.0232777783235931	0.0332635026792841	0.0155017430333064	0.0288978437667798
cg06836772	0.133651847051877	0.184911986697229	0.185465971863424	0.154172869501327	0.114521659682554	0.138447160142578	0.158497976672695	0.129947467590137	0.171155742051978	0.143094955997466	0.150239681134643	0.135655369894233	0.179097637128498	0.172774536878353	0.131853907879483	0.214168905942986	0.188278787260124	0.193273214960318	0.190904049892506	0.184255164985071	0.206639193249384	0.156516116185614	0.22929441771925	0.194603311084049	0.157639743014174	0.192388383289831	0.147309876553552	0.220947964596531	0.189001030302569	0.124996719255972	0.203270060257163	0.129407901625187	0.209195283143762	0.213088934195541	0.214715075201391	0.193166808824219	0.186245468694378	0.184877484712916	0.170370837600186	0.191154196776351	0.191898344241581	0.186466434627353	0.197795183817268	0.153761558922473	0.166709664987565
cg05921699	0.913511433203791	0.877663047916089	0.917900903305719	0.857983873092267	0.875799625148715	0.874670883554314	0.894383684614291	0.911573788595284	0.914549978712069	0.880423385000466	0.90630248652932	0.832460768795254	0.87741265042188	0.778857498468108	0.91949340404581	0.837125370615583	0.858703454921964	0.890763570751659	0.88096398124279	0.887545366158738	0.818401677723832	0.878894025591346	0.823854422801439	0.770008471492233	0.856728139104598	0.831976066479928	0.856526339034564	0.833336160593359	0.830489228188675	0.83952030701282	0.853822459356668	0.85797001157598	0.839878509456228	0.865714259549982	0.823847538770571	0.881450184517002	0.836568220807312	0.852888513029889	0.846731476655919	0.848063267073972	0.847561917034367	0.82225843797417	0.818185004229672	0.869141960920031	0.797081850387189
cg19305227	0.922271759870776	0.952355921016788	0.94787111027242	0.945102746029212	0.938178983216405	0.939716325826506	0.944151191789642	0.953681745690583	0.932646917695591	0.942679080722413	0.943311300090932	0.908533022505318	0.928849637223616	0.928666802866627	0.943371234262522	0.914784065250944	0.933607190506257	0.93866446244862	0.933570909282835	0.946537372646791	0.944605640782996	0.945086528697054	0.935526666077936	0.929738574470243	0.91116490778797	0.924635182935675	0.9133284355945	0.911875279703558	0.940684721173088	0.903575655940676	0.945254458006209	0.929331672575358	0.935365032958827	0.927481239713791	0.931692121919396	0.941263572111778	0.92771930672191	0.943873883522242	0.913045133655824	0.94273941595221	0.931597474225986	0.929142138226052	0.925175921743172	0.946443889200848	0.915392061280699
cg07849904	0.0268864326872363	0.0315292970642338	0.0311779323426226	0.0283385230842511	0.0297592050254341	0.0230674279365705	0.0256227313783041	0.0419268287648288	0.0458980566469355	0.0398786323936843	0.0365282580564867	0.0347883993644736	0.0347341939796657	0.0336710701332562	0.0477785821132184	0.0371650049002213	0.0298061667026548	0.0438474690804886	0.0332208815648923	0.0373876375739153	0.0300910465436777	0.0300873844802401	0.0351291571257333	0.0454136029730244	0.0519826652932702	0.0443008001703828	0.0409726995519774	0.0402414995789066	0.0379135817505925	0.0417878994890469	0.0369116674700141	0.0276475980894618	0.0411656788189539	0.0333327534977859	0.0278327144054532	0.0313737697170548	0.0379255982305804	0.0368893914646542	0.032388115386972	0.038564513322091	0.029230879528198	0.0302274223610747	0.0336648431802721	0.0348525105049756	0.0259344571764365
cg03588357	0.0309501664007237	0.0467917839850905	0.0514988134410103	0.0416607424190013	0.0305050113969803	0.0325586097455549	0.0363335333081404	0.0483205271002661	0.0474184254461703	0.0415553690265106	0.0336030588346333	0.0421266131577412	0.0286289035312089	0.0317488576722162	0.0407935289900647	0.0383316974635038	0.0414455928225611	0.0351273011520107	0.0365969408601009	0.0394987517832758	0.0252113385389773	0.0289803717660166	0.0444728435443945	0.0410117582075567	0.0522134213306832	0.0599877214849628	0.0467353354070895	0.0570419525868868	0.0411984482757866	0.0396530393365139	0.0473391551595196	0.0393006672049313	0.0472461299572129	0.0393658855853835	0.0474473007522845	0.0366588617767755	0.0386411382193903	0.0466168294930583	0.0355328030856324	0.0410991373654566	0.037536590513165	0.0484936775641442	0.0326818607686993	0.051077334759253	0.0417675302286206
cg19722847	0.134774159282403	0.165546363066248	0.128813878893036	0.183597228284908	0.223543830951954	0.21253365966992	0.160052489883798	0.183051792386999	0.218787051183525	0.282406236520221	0.134500609410338	0.232382014483541	0.216712228711057	0.271639594672899	0.186476243233012	0.188303429574149	0.207598777700192	0.252331322539082	0.222037047320393	0.241021053524165	0.227149487811312	0.259030523398439	0.236003013761159	0.310913721411916	0.22841534654231	0.208660272887582	0.289809634484125	0.266666985428904	0.196735265823945	0.215458178144429	0.208692221552967	0.211848252115563	0.267574862719965	0.257394278664729	0.266849020830081	0.276215364248679	0.263980455316277	0.243834403709222	0.242146559937479	0.22788987455968	0.203084982172848	0.189135382754894	0.226430764824572	0.206509026466484	0.267497452112078
cg20305610	0.0209477697092011	0.0243509465165366	0.0181177153550258	0.0197811729896871	0.0207842465242244	0.0158621755744869	0.00633830764026826	0.0223949599809002	0.0264705914929811	0.0213636557968368	0.0398386416946044	0.0260914798456887	0.0191510883362076	0.0148124675661404	0.0213382672686084	0.0220563091563515	0.0178605928112909	0.0148306145565272	0.0138370685163467	0.0163178811348087	0.0208598292816198	0.0230580639949557	0.0105066483350168	0.0221647979914455	0.0335247057863169	0.0458516098124857	0.0248983702207808	0.0222786745276447	0.0244038739535333	0.0320666410640292	0.0370327916557667	0.0123631903104046	0.031267722284206	0.0237452997790676	0.0314498739624047	0.0230122375042593	0.0335508189325759	0.0141015366930424	0.0154777200056328	0.0235377443277749	0.0274027415918001	0.0221488824410899	0.0142421992132426	0.0214568051233812	0.0172692116169381
cg14163776	0.159890824073617	0.157417319243404	0.166998142153791	0.264334796646222	0.155865345490945	0.197810135611028	0.179802952364848	0.229937369603967	0.178070207445312	0.251275963835255	0.270870863166758	0.213986131430451	0.202175714663626	0.213359919398825	0.224443505048589	0.241459976042332	0.253565968698269	0.213689466516724	0.25024521894406	0.223722740737922	0.241295382379041	0.214510579361143	0.217171925516471	0.2334067433381	0.233142881784823	0.231864294360545	0.235966855350605	0.186759599828399	0.174049821323939	0.208684272640812	0.189473583759943	0.240292746522577	0.240319291436606	0.228287776431115	0.231116638937356	0.225244567986699	0.254585284402115	0.258414937783375	0.21607591995324	0.202741493594246	0.250686701429474	0.215483502043342	0.20857402611718	0.21153990540466	0.279225568124555
cg14060828	0.0831419353859154	0.107238969132995	0.14285705890529	0.112669718662338	0.0827603743826479	0.107323439063804	0.0818999040256426	0.257326361023007	0.134247375008078	0.116910514191756	0.108931042156	0.141170365242155	0.126874584188954	0.099184989398413	0.0988902141147312	0.121694779629446	0.122720129883161	0.137543906751969	0.138363736267302	0.13253871163388	0.110027576994291	0.143950657777974	0.139750798114509	0.105685590359889	0.142693420640779	0.119063587900616	0.145669820721706	0.110633090751643	0.100693913206603	0.102562488286014	0.0889142413742047	0.0794416022761456	0.103953162980443	0.121494227761683	0.102002674198513	0.115045548627256	0.142914785241807	0.102840769956065	0.105404541838212	0.0990079659155014	0.101411935309293	0.127016942737711	0.111778968441573	0.113610610401312	0.145801191023155
cg15547534	0.0311344932514463	0.0271336802990372	0.0217293418194218	0.0167769236518222	0.0213496969953716	0.0279834110579038	0.0189035177711044	0.0260221814140145	0.0315759409013068	0.0274909986999012	0.0198162836329729	0.0200894794120849	0.0125770319884329	0.0308565136614663	0.0180356530325421	0.0287426402167936	0.0227852145074619	0.0290561689689264	0.0191736122915216	0.0145566739337483	0.0181860542698637	0.0207966915529418	0.0242646527786519	0.04302935572411	0.022411962615297	0.0371694127936331	0.0293108347345628	0.0339939869331579	0.0252955983484819	0.0294144057361399	0.0235540901861455	0.0390163408287746	0.0321692668748435	0.0277524479119727	0.0259783897110375	0.0268205995526522	0.0204068734433778	0.0255753648414938	0.0216622610417967	0.0256133606891145	0.0232914273490887	0.0203061634342423	0.0215448072585688	0.0284330131590198	0.019879309622272
cg03682823	0.503971897581505	0.533007068073562	0.515478955384311	0.54264013938941	0.533061586671442	0.487969207022024	0.535106083044374	0.512949875091499	0.557068436928491	0.514636617788838	0.547043128155448	0.513393127890671	0.518571154906029	0.505158087039689	0.495850522975451	0.558469812800058	0.570665431871479	0.544727299353359	0.554893984201739	0.555822760057391	0.532150337857502	0.559406723300864	0.530257860308053	0.511605994546919	0.55026712583288	0.507880604467063	0.515496741896531	0.512901162492472	0.50059521550023	0.508736719268426	0.459777022322386	0.537684753610534	0.515594135956083	0.540288525373517	0.551512531724362	0.546887304972568	0.560892029158478	0.512002237346811	0.528292022275718	0.526967968032081	0.529592902365631	0.514087484422334	0.501963957195866	0.529650284920893	0.535225261477623
cg10345936	0.831295822386916	0.860049131108606	0.887861863445751	0.854872918293086	0.863516997865711	0.833642168473547	0.848140790661982	0.879931877884046	0.86202878646735	0.862236972126981	0.898206284952323	0.853329732813433	0.827925954708782	0.811915104538861	0.863266742776825	0.890128021325111	0.856676602959978	0.847942157887198	0.860046344745328	0.849871975778786	0.839052910856782	0.828225554242681	0.896331434528798	0.823246507300782	0.830300541332684	0.808272798560242	0.875307598825316	0.812571615920804	0.765392122418004	0.809922871542825	0.843741053154306	0.870440584059012	0.867970309478145	0.865347639183431	0.874805581553664	0.858351083228312	0.857548355575006	0.816364603425705	0.845480899295396	0.826647881046607	0.859035469512276	0.833564876179825	0.872357557463237	0.882787855520125	0.876222919150515
cg12768605	0.0530401503681769	0.17044582151457	0.0835285659187192	0.176005760950068	0.0719902922113415	0.191936288095928	0.217096131065733	0.0604327598719367	0.164019321906079	0.0742046638637668	0.211153274678971	0.0776550805333581	0.183040745875889	0.259302081508196	0.168898940193959	0.134211654997505	0.197170406462794	0.166556559745896	0.0855458348147949	0.157839211885302	0.118859253576602	0.124857007938476	0.285090022212174	0.136301637226546	0.288348531737067	0.196573269881059	0.104977135498715	0.209747511547605	0.244212238917335	0.160533417089528	0.114050574003341	0.202144856478412	0.115828414364836	0.153895180739227	0.135974362630923	0.204328033109088	0.236637174142274	0.178904977142518	0.171161873170933	0.21161442963022	0.154653375426072	0.132909520184851	0.0948027192012487	0.154611795954371	0.109206329057515
cg12946225	0.0551112217828336	0.0616477454663986	0.0672879554206667	0.0791957251322238	0.0712914529278607	0.0607213205742193	0.0646033537969328	0.0595886485015529	0.0567751353575821	0.062573431124274	0.0668320972438743	0.0809839956746569	0.0747906050852837	0.0632696806194607	0.0528460640195972	0.0712189869722895	0.0833492457398721	0.0796809577835063	0.0742895368821169	0.0602722790725219	0.0732110614735549	0.0661145314283049	0.0630019556845286	0.0832882949539923	0.0926460493902157	0.0826812697572357	0.0865845337640748	0.0758903644877938	0.067618025898869	0.0752652897436923	0.0655768045085847	0.0604888580224004	0.077065860435011	0.0754457463919465	0.0776046668317296	0.0861479592582614	0.0757766298359169	0.0672235932550717	0.0724331711692759	0.070137699428826	0.0552564370272974	0.0698503409051381	0.0819723862867553	0.0775624493810465	0.052561255744338
cg25781123	0.0762463520708545	0.0702428198744174	0.0445196536452502	0.0418465899375124	0.0598684080760745	0.0322692630681267	0.0415758827281749	0.0330352428006421	0.039202244401974	0.0448025927112599	0.0552971305170111	0.0455828329178948	0.0188428636124502	0.0330752883507943	0.0187993586546493	0.0249940759106475	0.0211087174127003	0.0237075284957065	0.0319260151997531	0.029939643634322	0.0344061772496718	0.0232082760607218	0.017731798183788	0.0637770692716916	0.0382326488015412	0.0468788755436627	0.0465782766885717	0.0902401667432564	0.0669926958706818	0.0461931960263582	0.0714733118855984	0.078462543916555	0.0501493386442206	0.0435594286494628	0.0608283353655896	0.0439807015515398	0.0547516798892015	0.0183239089583298	0.0398606886884696	0.0329650240770297	0.0762880127998634	0.0400115477782184	0.0572036916517069	0.0399648074200001	0.0528079373488348
cg03760483	0.183784419056195	0.474169785846353	0.289264032374467	0.500446457591551	0.52851829769965	0.515041506116761	0.400503457226178	0.479325911475706	0.361519822127125	0.456863468917867	0.442047011636464	0.478652942121248	0.33109939361215	0.562515202648401	0.281828814748913	0.530069897312878	0.395242058179182	0.545070304921633	0.564096009066364	0.506604138418675	0.552984257592633	0.488328654757375	0.56526630644948	0.557627287046809	0.410233491929882	0.478090646603248	0.547584992564846	0.533071203291529	0.39714119542169	0.405825428325923	0.337671444225766	0.439165899903947	0.546067037024803	0.254161803140421	0.524302874917825	0.450349584764992	0.389420638109632	0.361037588004328	0.425534601247065	0.249405460616658	0.418872330348995	0.448499178656405	0.504763778020119	0.299104300607632	0.528099279677146
cg08186124	0.0107913345238168	0.0083919914606224	0.00929145253268184	0.0116802230402351	0.0116200263443101	0.00854167145979001	0.0143935849924543	0.013419698695486	0.0122064787061224	0.0114408228361933	0.0201097580370688	0.0133173694462085	0.0146450434500018	0.0103040647552124	0.00967718136402461	0.0108324937050763	0.00903221035575542	0.0100857986107717	0.00705047192692588	0.0088859629294665	0.00953646974360214	0.0224535678740293	0.0076748986043792	0.0155846759849336	0.0263809209552015	0.0147922232738424	0.0201983128025511	0.0221037911209728	0.0218903661161554	0.0146028975684672	0.0172209211091788	0.0109326531877571	0.0135627035696325	0.0122519425383191	0.00780851605802621	0.0102189303132279	0.00831870984731848	0.0133301365015649	0.00812471070647935	0.0100809371570103	0.0135581995515588	0.0126958739596813	0.0181480318634747	0.0123790801226482	0.00953038265384427
cg16419345	0.0475186183856037	0.0444551369941932	0.033349911273444	0.0298307952287432	0.03104480164107	0.0249717334863112	0.0236087408274008	0.0282162840806378	0.0465746365729234	0.0277762786290863	0.0257305584461954	0.058041297141439	0.0306219654498407	0.0370521373608357	0.0176150339673347	0.0304026685481521	0.0337080831963569	0.0305499615699838	0.0324616415208059	0.0311844014692836	0.0264410055542203	0.036984472741722	0.0165647208133382	0.0322911464908323	0.0364053314036732	0.0562610562082246	0.0350971645167992	0.0440669025455822	0.0571939660886064	0.0455246350229794	0.0387973315656883	0.0611280657591748	0.0501827332239699	0.0297295097343848	0.0337769811849407	0.0246415535954797	0.0389985141672476	0.0180742890242589	0.0289246616012204	0.042843836079399	0.0592574038801061	0.0220816497260446	0.0344195788092488	0.0238328445941739	0.0523596822118562
cg24580001	0.924628219127824	0.951147914945071	0.942386479587628	0.944282390474029	0.951834017930869	0.928354593594055	0.93408586905011	0.926202167271923	0.917975550984256	0.928175796114229	0.939146180105413	0.944237109615462	0.934141015888794	0.940087983851751	0.942188700181136	0.945579168509219	0.922008118654785	0.950188662934757	0.930251544813644	0.948733959371868	0.951401043024276	0.948422791748786	0.925571382549519	0.893435948907401	0.886833386823475	0.918885627891393	0.911877656581669	0.919872969843117	0.93276547734935	0.938230660743784	0.934105600738009	0.922753327754054	0.926618437541112	0.93275999129451	0.931564681990619	0.924150214220032	0.929762820554152	0.931050467069871	0.906586599457635	0.934323272335596	0.92153088452267	0.929636039220736	0.925473708009271	0.938899493875783	0.930712548685204
cg22190114	0.952302272785758	0.954244259097669	0.953030704605073	0.951536917635121	0.947903172728104	0.957252391580674	0.949161486428683	0.941368174993513	0.960481101612087	0.958571248152243	0.909190705422487	0.950693491248761	0.948104006655302	0.951098012416489	0.952413027960086	0.961114237682437	0.94588125610726	0.962411787185987	0.927902353964859	0.935686332543302	0.957529271299138	0.881666215986178	0.943531175609236	0.971925622045402	0.92669477616891	0.927767866598756	0.930001805862641	0.944204796954754	0.910975448644099	0.917905989537239	0.958138645623243	0.948771476988499	0.865185964529541	0.94998994220648	0.922422602811216	0.949800607402648	0.948929616568076	0.949721241785999	0.93802725569014	0.956435008569229	0.928248290647556	0.955141125470969	0.952531222185088	0.958089989543055	0.940070914295306
cg19692710	0.892233247227134	0.928180142073294	0.906226520305317	0.91149987652832	0.923086955941887	0.887325083718676	0.934135683844552	0.884153004865245	0.894796883045583	0.851575884846715	0.855107338131696	0.909169134806206	0.919860718609754	0.916179854382791	0.934938855465412	0.916812428653309	0.8865233438003	0.881078058853397	0.892516587962201	0.913890139842885	0.894124941991481	0.908052516456915	0.876683161059036	0.875622512408811	0.908963690567942	0.879482141217769	0.899435412011363	0.883865638486918	0.905338035970551	0.881764284716765	0.891743573296698	0.865931761705115	0.902636230558738	0.873296434190568	0.889682211125536	0.884437152017714	0.907990628472375	0.87414608454973	0.893313655847609	0.885847511702156	0.876837724820497	0.877083745231151	0.903754057200706	0.883352927576451	0.925171700340143
cg17729667	0.0639382450093385	0.0793206612035328	0.0540981969378934	0.0923512423887276	0.0488353191974881	0.0727802138676131	0.0564740373854812	0.0721900953134841	0.0929611989681421	0.0866242885393512	0.106301019765477	0.0685649858726137	0.0726160946185745	0.0767250671010133	0.0843240310160388	0.0975386754197961	0.0821266811986958	0.0706608790408102	0.0844866419668587	0.089470345028159	0.0731617414476319	0.0759770255540554	0.103512516251426	0.116924763415087	0.0872962468320988	0.0888157295666298	0.0747411672672493	0.0763047592153885	0.0734995055190576	0.0860927024769967	0.0611027660751158	0.068690726384864	0.0729075828225696	0.0797298968607596	0.0913183585873296	0.0922589992874477	0.0685340395603106	0.0775752859961829	0.0638422715940692	0.0954729946689308	0.0744149816901144	0.103870822184237	0.0613817656139111	0.0470398389719203	0.0669549568191932
cg17063929	0.0798639129593138	0.215641954148411	0.114516804509114	0.170085695037175	0.137456667564295	0.155224344171742	0.0930551385647727	0.122065727611042	0.166857144020721	0.131822978995615	0.180443914404199	0.146542580355239	0.146057152766338	0.146895703784186	0.169743269436115	0.110857955853942	0.161343571663028	0.168471337757797	0.180922095006671	0.186017624275679	0.14868720310027	0.105179350423033	0.113394923013798	0.0996571078761312	0.163640471940775	0.119354090703989	0.161027585923299	0.11650890123409	0.132538279183774	0.13252114065287	0.103286010642271	0.130884899680116	0.151358883316055	0.147125205920195	0.174466442879092	0.197122736206106	0.169599717997746	0.1056213416139	0.104462316610841	0.130913254105694	0.0976192675534105	0.112615999851254	0.134251368598772	0.178709132519504	0.184311519025599
cg26045434	0.0511701363388704	0.0633616711948961	0.0562542900727805	0.0792376970996577	0.0681366716587937	0.0697688426650168	0.062201410634958	0.0716133910007299	0.0667448728518421	0.0710895129019331	0.0806544686039093	0.0696925825953645	0.0708189208780077	0.105634224935917	0.0663008250048698	0.0877324593408275	0.0700859711933631	0.0871292524581335	0.0737881281697373	0.0840874222598249	0.0722965063880455	0.0762235153479081	0.0714124245504018	0.0873315342677012	0.113119663674371	0.122008033037319	0.0964350578510195	0.102783907200852	0.0963007475015903	0.0764592592667782	0.0728503254716334	0.0852952820420981	0.092241760178986	0.0930557360984767	0.0782730800028071	0.0851271587417455	0.0764413970350313	0.0742751322901799	0.0785118096380073	0.106513096307948	0.0843169868508754	0.0954553066413872	0.0802997076916695	0.0716105269353591	0.0676616320367723
cg06952310	0.697437464113542	0.742298212252639	0.83355858164163	0.841870418013975	0.847047580129963	0.874524013488069	0.804114204011001	0.772762229614579	0.758409518662564	0.750766610529092	0.809623352753933	0.775169016750562	0.78713100225867	0.700462026315632	0.747883410763334	0.759864407044137	0.808505503849282	0.445901488328604	0.734294355620751	0.775522752667248	0.72090324518279	0.76863097193381	0.779117878896533	0.766851172935444	0.746806712715848	0.785293210570683	0.731107394373223	0.765975844945679	0.744122201565512	0.743037623645921	0.729239733665873	0.793264838598592	0.781797133975464	0.830600068016809	0.826273010922822	0.827050054409002	0.839728898949586	0.795042164134755	0.733496056428508	0.70653484342687	0.811291608459793	0.75347485106729	0.820881709087975	0.714430094720125	0.745822098739477
cg10920957	0.0268573054471554	0.0396975212799788	0.0483150973930736	0.0153918082698434	0.0412998205422833	0.0246525475769373	0.0243469432471996	0.0329663240513753	0.0454411717721303	0.0307504911456126	0.0257617621323608	0.0448891209576632	0.0278068855120502	0.0446707375841394	0.0211242947288121	0.0450847301131754	0.0331293078488267	0.029049631279837	0.0277747151027949	0.0233387570386384	0.0307053610960918	0.0266508107553282	0.0212506568022184	0.0281695388699353	0.0363153614643033	0.0571824900882282	0.0419089361194275	0.0551091713408663	0.0461555981831433	0.0398138909639395	0.0371345048195169	0.0392566891297427	0.0360887656668137	0.0336315905813783	0.03630755663286	0.0337661727999983	0.0266229890560488	0.0384137586845776	0.0417506231900977	0.0392809605829916	0.0331025433724617	0.0429623544941008	0.0312027832081696	0.0366355669060351	0.0328486305705079
cg27544190	0.0689139476409177	0.124183057484222	0.105705349172649	0.132544352263497	0.131622954016443	0.107942256887851	0.123234926848269	0.121719586905531	0.088883525630384	0.110635191266313	0.120847371364018	0.120835538854191	0.105807081736805	0.152899879234702	0.0824392501909857	0.163944792338219	0.104836462714612	0.111741600132653	0.16421347622254	0.0964471322766911	0.114282897987423	0.139628811803979	0.14426302697578	0.187398753921344	0.122383043420677	0.121676136223276	0.117141142524467	0.136962145164598	0.113757531672829	0.139735248801313	0.105337145141509	0.0988055649107007	0.144317153471815	0.121770724262472	0.158503697759844	0.106641794648415	0.126558449222244	0.102703123496916	0.100610226382211	0.119462821637789	0.105778838266758	0.151585770042502	0.11702834926847	0.118242588919711	0.105220854921997
cg01485645	0.131370648570128	0.115472431391984	0.0842304496790907	0.0738777120695168	0.0712990009763191	0.0614746185389735	0.0704666784481357	0.107458532052129	0.0919670159320424	0.0855989837791047	0.0743555886225018	0.098303470718621	0.0888538480049433	0.0795273027969057	0.143718659324251	0.0763330346644788	0.0953134992988416	0.0810319258802464	0.0766275498176676	0.0853488079245207	0.0892070687622926	0.0878039955430847	0.10332748315642	0.107463973768583	0.117732240069	0.101909543509388	0.0957163353693027	0.0633222404489089	0.0584941073912372	0.0963100809054339	0.0703644176417022	0.0606842620883492	0.0937991855385357	0.0939941701990629	0.0756338481220843	0.0904724241524733	0.0963391862346094	0.0645217683140566	0.0967471224587497	0.101001197246349	0.0719683201654215	0.0741386562393672	0.0902018812612781	0.0716698465163581	0.0942830785153552
cg01820374	0.359743569042748	0.528788688707863	0.429709893605516	0.50528168886075	0.396177376965236	0.472814695652428	0.407943297080869	0.486010809836038	0.48437028408648	0.508811144302145	0.408558607317567	0.503879659580145	0.51819286050423	0.456196007833576	0.448697877684422	0.453937863625416	0.486845144354954	0.475208671048102	0.456088631950734	0.473517537713442	0.504381811273947	0.45038148145131	0.432445929981824	0.539137938821769	0.465410904754508	0.453030032053992	0.474787547577116	0.49713627249327	0.427148405035113	0.444174056126229	0.470688940960685	0.484466923924618	0.516276542202507	0.517918615851394	0.487748254317231	0.434959099205357	0.478236531949104	0.465929491863632	0.493093503313488	0.502710670205314	0.476889320248977	0.484094221375443	0.482531189008263	0.479798775580318	0.518731802135416
cg26824091	0.0598504178178196	0.0605224852000443	0.0557576181781889	0.0544114154231893	0.0647698041374656	0.0523636469198875	0.0682854293487559	0.0537144127240449	0.0735244228003629	0.0875732547044652	0.0514211277727959	0.0510367231720068	0.0484989123270716	0.0533083068107727	0.0484419123487656	0.0543605233725011	0.0592861819060352	0.0425471592878192	0.0511000993365149	0.0475326104622222	0.0440015071845462	0.0924369584217793	0.038865636808878	0.0457210107978764	0.0833004617948285	0.0792020584472951	0.0890771324864769	0.0552548457475202	0.0642926851117883	0.0651851939286781	0.0667074488910904	0.059640247872804	0.0578682054950919	0.0579360897305297	0.0424963718853388	0.0629203500497214	0.0452690542940324	0.0568620448285598	0.0497286183057105	0.0378356785031553	0.0630189636578391	0.0353668129682665	0.0598927333900541	0.0749685805892537	0.0563545174558014
cg25928579	0.0315116057086487	0.056007852679591	0.0421533068844568	0.0538040215954938	0.0580170632261806	0.0356170044801828	0.0509193909364782	0.0613725744574737	0.0279378251697674	0.0306813920640866	0.040125112651214	0.0461225962466557	0.0307772579569656	0.0587537087544584	0.0570151456166111	0.0524690003493564	0.0326880765942629	0.0348079927871129	0.0273594419059076	0.0322879962669393	0.0205198899445644	0.047774288159671	0.047978307606906	0.0500589269114778	0.0459162547528689	0.0524185723237074	0.0600151757976681	0.0569263770667219	0.0569079249788742	0.0620545708823805	0.0653029590246764	0.0310216157460768	0.0414939576747991	0.0613556936587482	0.0567014173333581	0.0763547968967143	0.0404228588634041	0.0279377238437956	0.0534960579678083	0.0391740909291936	0.0349962869433922	0.0361216710024298	0.0492013915014667	0.0516765787239799	0.0342822386824407
cg26372517	0.0638882066909541	0.170759958879744	0.0434091535950707	0.130846283923332	0.182628025554406	0.102254375383201	0.159252725339643	0.324680106175088	0.166772802624946	0.0833659701042061	0.157784542414054	0.141760184201748	0.0907739723322901	0.211379287916476	0.111964531257773	0.20390780371657	0.124914396114737	0.204598145766558	0.110032689036385	0.113477657861623	0.104128670665761	0.124998501064279	0.247442135220929	0.285905554362039	0.180631867447726	0.151655491156066	0.12237862135465	0.183495517301477	0.0963706263918398	0.155890700422045	0.0727890825788768	0.0838011992926422	0.140243146196672	0.0969486121842349	0.163209214376974	0.26138558357957	0.113163418885938	0.194493717196604	0.0977405129080048	0.115868581687015	0.0831766896397009	0.148782746672604	0.121885177658678	0.065815232152702	0.164973959492264
cg19008809	0.0142659965456446	0.015892185997417	0.0168970906036827	0.013918848267387	0.0212876772155752	0.0156207324236187	0.0210140916632247	0.0258419005241712	0.0193699329550873	0.0120186457466189	0.0226002607081808	0.0138531919572473	0.0200935042264528	0.0277331346127645	0.0239183481339957	0.00727869595565863	0.0170459507554022	0.0123183395903156	0.0282017392733559	0.014952273103874	0.0150680966472808	0.0208995947200257	0.0159301414025572	0.024938359142985	0.0298270636107258	0.0204115345747172	0.0254678775400818	0.0297934116297154	0.0260746875215437	0.0228194721393635	0.0221463129040131	0.0166096894894107	0.0193332220356126	0.0272936367845484	0.0164398147241662	0.0176323957845932	0.0181700391396563	0.0228325751515694	0.016429559258835	0.0200931835011869	0.0141354311433089	0.0207157384921207	0.02327466606703	0.0175850378754423	0.0136617615892954
cg26003813	0.0599776894827379	0.0482285309866194	0.0766797552214766	0.055180639525608	0.0489590332896269	0.0627926345861406	0.0491164098798548	0.0707057027740956	0.0775287338701148	0.0871974912263875	0.0773243133585584	0.060561613040005	0.0625067606228644	0.0923834430302709	0.0573681882804986	0.0785308759130577	0.0531632667307032	0.0700470718430585	0.0783352791488487	0.0578305186154132	0.0626902156152965	0.0559834919723882	0.067691249466762	0.090492747340627	0.0710592660567333	0.0860739637685994	0.0782911553421397	0.0976825099466349	0.0759862505080033	0.0829103935914844	0.0614125455229868	0.0629136783212527	0.0853028372220789	0.0677722594841722	0.0719069884852669	0.0588087860515034	0.078964897328152	0.0658049063422108	0.073043489302166	0.0869666266648513	0.0887850785664026	0.083001757280692	0.0802979011435926	0.0759488136053098	0.0821510410182563
cg25148589	0.0766630903300153	0.146049902492646	0.0852505275519838	0.112956889170552	0.127159946950904	0.0791371107990395	0.17820142567614	0.161567017412428	0.088377408872934	0.088439166227093	0.11798150302479	0.120465785180441	0.0899867054721057	0.102596754976893	0.161798513071692	0.166316629612494	0.0993909452111983	0.106024952960588	0.101935655876872	0.110259558758881	0.183348640900916	0.10102824649626	0.0926360894858704	0.14543071058651	0.163792131776885	0.122142709614745	0.181348042735164	0.130117706117343	0.113495154770141	0.134663826533196	0.100702320064991	0.0955106287221514	0.139831301137938	0.0868844702704274	0.106000809145668	0.140011213649408	0.084687651832385	0.0801391588817656	0.126966833848455	0.155944554775009	0.112752813859813	0.0957594307151659	0.0944399361136971	0.156326613893293	0.127267467734532
cg05442902	0.354986280053423	0.376421873249706	0.328478093990891	0.361043570710592	0.328268390524208	0.32741970058084	0.332949591023359	0.34645891410596	0.345943312980696	0.365346155249181	0.388166944475982	0.352069783040017	0.344165518215526	0.353432846792143	0.338385071764309	0.377170159786948	0.376109249460354	0.389074170768828	0.38256611923526	0.368301277594588	0.360083626151178	0.369966121509749	0.346058880897303	0.415104415198458	0.389410932379716	0.390694440326207	0.389429103064822	0.352155202262315	0.32490199102765	0.407445615401158	0.363176687052093	0.389177444552421	0.370633356700299	0.375283091094161	0.390440248566448	0.409620475094157	0.342667467309663	0.380227212928766	0.355752597810819	0.374041157220348	0.381048875618809	0.373206188905604	0.368748291520494	0.363253929828306	0.395276621210194
cg15262928	0.0174061488805649	0.0237998851003081	0.0311511033552065	0.0184438785848334	0.0208027694950479	0.0204132932602397	0.0187293018506177	0.0161731975487123	0.0299150214621649	0.0249248842237691	0.0320253308771047	0.0232730685222369	0.0131333291399572	0.0264931216320433	0.0196667481021944	0.0158585027088596	0.0204286228708707	0.0137715586314967	0.0251822651606811	0.0224494705159676	0.015410338198906	0.0180802446879798	0.0245155890693712	0.0234136748411721	0.0404773435016734	0.0320611580970638	0.0239448155394818	0.0344712056632273	0.0325817213305227	0.0285864127755921	0.0218558766310447	0.0258627405547388	0.0223803489414316	0.0231266790298819	0.0288502110527363	0.0225604798478633	0.0189780278833465	0.0343472314199454	0.0186448202124905	0.0287835327743113	0.0300180223278055	0.0236809311239972	0.0233636544625138	0.0375213000079284	0.0170087018836944
cg13828047	0.403607728808276	0.51375952137524	0.492196660066123	0.471551282128321	0.464049090025799	0.446338969810135	0.435095809318612	0.459284727675875	0.404732036273279	0.486554871181441	0.483515015615008	0.456462842297297	0.503555335672321	0.512332817850662	0.358525278029882	0.506929698864897	0.45274535204889	0.539314724440622	0.484832725173228	0.510886292475257	0.519308829222106	0.482557994515038	0.51301932908118	0.518025912210649	0.487511157439355	0.4579140709638	0.516529751180522	0.468809634559747	0.463792959387716	0.458790809502889	0.444736110676175	0.481887918998746	0.500092644940656	0.526008343275912	0.47392159068598	0.457388847612361	0.482516016238274	0.494367694157385	0.494057226344122	0.505611142304295	0.518406199765418	0.475040917574593	0.474200542463284	0.453576801295872	0.496709041109708
cg19853760	0.679125567432421	0.655749218286507	0.686825111298914	0.642929134784981	0.659012337658631	0.648940560612766	0.651891947816484	0.642046410289297	0.631467131835537	0.636240259688117	0.605549185813107	0.617377720947281	0.624026897586446	0.577495475568015	0.64613614308148	0.620032991011262	0.626756829031759	0.663875641118109	0.61623332430874	0.67372743509326	0.631536738369922	0.653343548528498	0.59756177551817	0.6544616816656	0.630767642603776	0.600031518214074	0.626116776186709	0.638911628912126	0.595036331307477	0.605950697272224	0.660006466035605	0.654545920858862	0.665515561778383	0.669476193854745	0.647646435486164	0.662789984671016	0.677988326545276	0.595465784540993	0.624439271128507	0.613294137880512	0.644398207919099	0.617969191108164	0.595967556398039	0.633360441008419	0.658223471695153
cg09118625	0.492383106458686	0.519042924487721	0.530938964225429	0.460884487500726	0.516330645013638	0.502235399495706	0.48698502071811	0.556086492995834	0.569649136656849	0.505934782223837	0.580516218695648	0.541170505071775	0.471229655554744	0.404103224638799	0.546382591230589	0.500717912542748	0.530452416383401	0.545181770080391	0.565696360571139	0.51901428608481	0.464388604288833	0.478145859597536	0.468463506236186	0.599677491821102	0.49719871257358	0.488389704747283	0.480860625525867	0.480059896219549	0.456622284053335	0.556229896376638	0.442246743065942	0.453623906794924	0.491029042100465	0.489717577553091	0.574847504596516	0.536905979795344	0.49168727430667	0.521166345464532	0.49348793146683	0.484184164435605	0.498949232361265	0.628526088448017	0.472462824919129	0.452446444399994	0.440897972404304
cg10523019	0.154241661768165	0.153557729402181	0.12985449236736	0.0919212393119613	0.117528329279095	0.0964124653320816	0.169776647941613	0.111898445436783	0.152403668003084	0.101633248897501	0.102512448772002	0.159603322228222	0.121151672704565	0.0857891018418132	0.125130803655477	0.112285023582661	0.144648894380741	0.130096113670425	0.125492756180235	0.0932446391056153	0.0642768546742027	0.108538615879808	0.10068455546307	0.135908365382412	0.178213575282494	0.17143328167224	0.137202250068653	0.117390190097849	0.172450491759751	0.142078992447514	0.0963078370682983	0.0915042149400498	0.0979824311405793	0.085726600252625	0.103633928848532	0.113101827360243	0.122942191204673	0.132993985156611	0.0716301913743453	0.0716184559677056	0.0784799416554494	0.097455892870344	0.122175458174271	0.104544318483041	0.0673715628343561
cg07663789	0.024214614495401	0.0147074742055262	0.0338564747969576	0.0159779450964048	0.0141825228179473	0.0270625196242587	0.028735484736519	0.0096590404950426	0.0189315925032433	0.0139275271772849	0.00858493324001849	0.0259019446378067	0.0226349421399768	0.0228428268637088	0.0143679463876657	0.0199144323016199	0.00929532062604623	0.00931166757473122	0.00539064824224002	0.0213144900559317	0.00572188381103558	0.0126006410943745	0.00752426499509102	0.0192064583373761	0.0158680021247528	0.031015389985534	0.0251991740691348	0.0297010242654517	0.0335351256102331	0.0359696689830503	0.0221442035446173	0.0255570283201967	0.0143147007688999	0.0109325682335537	0.00978457328641875	0.0179980599111239	0.0201336384835223	0.0147409639473438	0.0202537530612634	0.00945678114393323	0.0120135698626937	0.0192120604244964	0.0194417116127408	0.0196950352163585	0.0136510312525076
cg19761273	0.320115529961474	0.337386797729766	0.361999147241163	0.318131639370059	0.313301107370081	0.285888756228244	0.346338118029807	0.320273656894367	0.328352336703835	0.338436792646887	0.350582536617595	0.35279175587182	0.374478403307739	0.444105451198744	0.347217778220242	0.391652065207313	0.320592723145978	0.361544680941891	0.361973554161582	0.419647681748087	0.353862084306387	0.340988098599249	0.362722763816602	0.407487292540443	0.37790094886097	0.35284190614104	0.375270344937298	0.381527409737358	0.318670318687695	0.357202233970565	0.340755562190634	0.339004626219242	0.354592802174027	0.390396769375163	0.381512706097055	0.380135721398135	0.420437043610796	0.341612019792798	0.382285356913988	0.364943169602376	0.341798852397405	0.348975901438304	0.365816824883946	0.360111147902017	0.398039737475281
cg20947775	0.0303716666527341	0.0332710048853835	0.0354862793763229	0.0260118147331601	0.0258362026654644	0.0286056275460869	0.0201056461172995	0.0318870758325985	0.0311487884413863	0.03792755835142	0.0305338311674706	0.0305038589320415	0.0320816021858278	0.0283806386250773	0.0376732849312512	0.0355640666406096	0.0265880585148917	0.017914092737833	0.0300906723872285	0.0323190751657426	0.0389248127943265	0.0319322378070344	0.0191193675303789	0.0516574626536483	0.0525337199962567	0.0514198807243578	0.0555434509006568	0.0487542238587266	0.0476310218233956	0.0617981753697664	0.0481644561729845	0.0356322418621815	0.0347388136432799	0.0319358724196352	0.032917696728887	0.0295371053827562	0.0464707607634071	0.0216538550708606	0.0339303780560717	0.0308967116628477	0.033798058555306	0.0320681136727168	0.0227037024578934	0.0254844673060225	0.0328609957616215
cg03167275	0.0582948412228297	0.0542832013123957	0.0640934612698787	0.0552058183288304	0.049995598865792	0.0599952012265136	0.0489955826798113	0.0588870509581447	0.0650110987102208	0.0613565184641692	0.0623997570190039	0.0546994593874564	0.043959533010731	0.0807956699451512	0.0499079102510122	0.0633904316430293	0.0710984117523892	0.0548727542899923	0.0540121310731833	0.0637736986156643	0.061532519124864	0.0661627027229624	0.0596778670715705	0.0535226011333935	0.0690156842439392	0.0847247350879562	0.070210239691531	0.0646498782738848	0.0676232556082751	0.0671818666798192	0.0526989771155401	0.0819905967638105	0.0687373345820942	0.0661890924724522	0.0677119045125263	0.0506765731628217	0.0757998044163045	0.0510964904387325	0.0649152107337455	0.0763871685075492	0.0643518440045526	0.0524817833784545	0.0716199416497201	0.0773118570404805	0.0583253627343698
cg22679120	0.728956675270845	0.777450119386651	0.785530230385222	0.69313225708222	0.630240001614395	0.700845245608859	0.728286333548891	0.741696946491576	0.768718576842241	0.729571549900258	0.756325331798961	0.720852697405229	0.796958426351115	0.695093484837126	0.725938098216503	0.71783807248894	0.751200122376079	0.731176863056006	0.756862852484128	0.753523106504301	0.685646353454987	0.703722355660177	0.701763609246068	0.697896908052419	0.726168010776483	0.699781125221383	0.694403273769874	0.702772420167231	0.693572438359184	0.783543896163583	0.726506099588735	0.721848659650362	0.740806913819629	0.70357911214202	0.719073173366298	0.788851448371482	0.735010631667438	0.732219361324342	0.686818903702785	0.677990774850013	0.741232237758126	0.706140221633703	0.709378036149293	0.724097412429045	0.715736098005935
cg13836627	0.0371225385605772	0.0536994521849775	0.0443918829615675	0.0374651155667173	0.0476349145127245	0.0394872408057156	0.0314269927230481	0.0420346222958327	0.0469557544301449	0.0511936665379501	0.039562516207752	0.0403306253294806	0.0607227790091502	0.0385987702073024	0.0421017337665983	0.0458180515734615	0.0477232227996919	0.0439552771593256	0.0357616924929191	0.0434378244365856	0.0376528044216614	0.0421305360540969	0.0434814607821248	0.0683113659359099	0.0519648684168453	0.0715489108845869	0.0507773003650994	0.0532529455787841	0.0616239846139044	0.0493818106666101	0.0664316310537872	0.0397577078007837	0.062860908979361	0.0470144519791068	0.0523810994387722	0.0504341892443927	0.0436801191376379	0.0532448196851265	0.0458315459634172	0.0610845505644041	0.0402627080583569	0.0420797326883789	0.0628008755388044	0.0613541117033345	0.046022587458793
cg20795863	0.988123817586444	0.980808483812997	0.967403163710312	0.976807977986511	0.98840356322302	0.986268769513313	0.980149776151791	0.979584068194499	0.975486527063219	0.968791971724587	0.980428785939731	0.969737185197742	0.975942331098731	0.976613431682582	0.965702093080541	0.9773687474565	0.97506450029775	0.974596957472154	0.978090269681603	0.980013502046354	0.976411080168594	0.982032834312234	0.973946345064497	0.9585037499161	0.96195943909824	0.963112395079682	0.963029736961932	0.956253468003277	0.968257530691502	0.960900535687546	0.964844695252914	0.963286939626721	0.968928955256063	0.975610370098403	0.973646477942758	0.975925877809258	0.973796955217163	0.970630644683133	0.978141187273715	0.976047858092195	0.976985905231431	0.974023503454218	0.98240716262579	0.980271721302365	0.980654845964266
cg01234063	0.0175006339432925	0.0394363235137805	0.0312136193372708	0.0204744426632693	0.033783043161266	0.0248795032019717	0.0416782513493819	0.0328400310273347	0.00422010007873658	0.016462321072474	0.0172094364975444	0.0154849888483149	0.0281327341346417	0.0381839602138045	0.0259223847891767	0.00908623528464067	0.0201165431756516	0.0140503183544524	0.0171786941679991	0.0119060414062602	0.0203854603299902	0.0293914464058852	0.0159936941782905	0.0385100972714548	0.0315753174419724	0.0589985059997897	0.0409713518941516	0.0629837375145965	0.0403457258007896	0.0477231365463728	0.0344303814301973	0.0185778939707056	0.0296508340522162	0.0471721656931416	0.0493806842424209	0.0149072805166947	0.0175955648715158	0.0210426746417936	0.0234614395561991	0.026152788452173	0.0115078846932014	0.0358505136832612	0.0337146756034153	0.0298722354379919	0.0203244224925204
cg06144905	0.0875880032025463	0.140915573217312	0.135795734186815	0.120377055816225	0.113893228611799	0.194283464769226	0.0866886336784968	0.114968806884151	0.113504627608824	0.145448866782329	0.141820770548532	0.195733221169482	0.2044624723114	0.208005813884253	0.11224833503947	0.204169510832857	0.112796623718251	0.202418295663141	0.219080311295039	0.187314753522598	0.162237717793987	0.208593020819614	0.215371094630846	0.235416134864321	0.214939964662768	0.14234524127166	0.208998144102965	0.217541632377721	0.164836122246292	0.231855011465051	0.183262479474178	0.132017842958998	0.250741313523185	0.195859864597008	0.216547024520351	0.171807212793297	0.199444616838619	0.130561247714119	0.153632518659948	0.184085244871832	0.165725437477516	0.171529659303404	0.207602520173994	0.125859263342176	0.270248616586629
cg09722397	0.0248186687254475	0.0174591759281388	0.0189868810838673	0.0319148249210049	0.0334767764362607	0.0188999236320745	0.021522526041296	0.0254778453108211	0.0260329743875192	0.0298905779702177	0.023792862634579	0.0288658120653053	0.0246913187022989	0.0220473116343234	0.0331351391034056	0.0193932010169617	0.0205994656661146	0.0211836043518733	0.0151974584739516	0.0194949748092271	0.0195247259723402	0.0177518109775543	0.0216331107540211	0.0358010523262878	0.0433170415823467	0.0369354270769221	0.034807536385938	0.0320985841227922	0.038062974663907	0.0301854936871925	0.0239830617182126	0.0385276137712333	0.0160624680511258	0.0286055825779612	0.0182765680690526	0.0183491860943234	0.0199133426725122	0.0241748670721262	0.0281445655227836	0.0242401776058343	0.0298708819485251	0.0250849485582282	0.0198010747518199	0.0117003885149321	0.0191596871326578
cg17853587	0.032509277044543	0.0510811817543088	0.0660863218754063	0.0276866654190545	0.0426218883205643	0.0386621985610369	0.0372599238499745	0.0276778553560413	0.0250044398063618	0.0452585831028347	0.0494699257074175	0.0387822969116771	0.0390961571293814	0.0473340624507573	0.0478582002940692	0.0428536652241611	0.0433148140059608	0.0337772350281882	0.0340500245271296	0.0405726296577119	0.0475167346344059	0.0324747651976556	0.0344280962611804	0.0746510227334354	0.0889788547014055	0.0589950037976252	0.0563768906637462	0.0558320471608408	0.0535729549979245	0.0463809665397507	0.0526411773966788	0.0487750251655508	0.0414977538670777	0.0481824764111166	0.0464604929580515	0.0395282604317345	0.042672265413605	0.0330254104292853	0.0509706635668773	0.0519677762934597	0.035078219499674	0.0410100145571193	0.037388232736569	0.0319466758422506	0.0415839199694409
cg12830694	0.949236743398066	0.952852763193517	0.959784129430104	0.95774140398054	0.953549605733263	0.948416411008623	0.953321718116966	0.959979747998959	0.961728564303444	0.933250498664478	0.951312806014993	0.95296138583961	0.95058346857317	0.947391822705711	0.948723023234656	0.946184576884898	0.943528260405669	0.952167075240969	0.939457068152343	0.946070990653918	0.95425887976637	0.955154569210399	0.95261845478585	0.935908348515201	0.935965957349066	0.928919574754609	0.926602055956287	0.944819357646409	0.942548841341865	0.942192489759094	0.947511197024783	0.943191475304337	0.933819170792934	0.931189010898242	0.941569922290799	0.949712301310945	0.944441354436149	0.948275252467269	0.947333268674344	0.939266454513188	0.946761410896971	0.939078636923169	0.933540474619392	0.942133775856098	0.965776576788658
cg04094160	0.0249523752131791	0.0234794262690691	0.0155231692441571	0.0219971591130634	0.0214197871600915	0.0176927325888702	0.0210572044084574	0.0175407391621792	0.0279543443860149	0.0150883514640725	0.0199522836194726	0.0263771214388778	0.0115802717014721	0.0211729015339921	0.0299725165628349	0.00804050975143528	0.0117488109064784	0.00853652551459454	0.0109594070867516	0.0154006639651803	0.0210886611972674	0.00620976111349866	0.00669356466459516	0.0210201300097941	0.0324227016103348	0.0263732162223725	0.0291621736766541	0.0318281747262226	0.026512742431398	0.0341007244458927	0.0224557023322322	0.00817266985978301	0.025985905279209	0.0178018737360264	0.0189341972776067	0.0180377753353539	0.00843648591711935	0.00877041289142243	0.0201250647377613	0.0156734704136514	0.0142056694671327	0.0208459086190808	0.0143709848466751	0.0189298613914764	0.0127721291312394
cg22637507	0.0189946779296034	0.0326423689858407	0.0309037796459599	0.0388743586789995	0.0291909549565022	0.0242307904606747	0.0241824702708725	0.0426989284863325	0.0463145058228255	0.0332637374800142	0.0392826580446145	0.0263428558187228	0.0271278573095527	0.0318230959875414	0.028768051090233	0.0239317826994565	0.0477114983377174	0.0374892394485795	0.0319634095657384	0.0322309487736951	0.0302291382608972	0.0345801507463351	0.0300867514025562	0.0488483613755452	0.0424616708006996	0.0507568232222511	0.0439068152000589	0.0492553586852946	0.0398766941794515	0.0329097666175154	0.0356732260584961	0.038284020493262	0.0346444203168191	0.0383171267538421	0.033222559492499	0.0281166887049335	0.0311983094271175	0.0300157881687215	0.0228397910843881	0.032314469650677	0.0316921452233072	0.0334761940124828	0.0345229546663549	0.0293273686025485	0.028119314455846
cg20240860	0.266391166372691	0.291427671182151	0.310146975266637	0.291037035162254	0.203408036967509	0.30889089843846	0.069614998717422	0.326411735010861	0.24905874632572	0.297473315499974	0.316918904437578	0.168263319465362	0.268236421087296	0.267366284665232	0.30178636293014	0.302208827167166	0.324774336816262	0.34394712443651	0.269021271223382	0.307789496920927	0.307323982291232	0.153440964043908	0.210448687592124	0.307495006592854	0.329607924629095	0.203029523870151	0.26977893753386	0.32577726170465	0.224119547380058	0.19195182476463	0.211898269308402	0.243377180845006	0.335523580251627	0.316173101933215	0.271911427524258	0.2364234695749	0.359103028223248	0.347030153570693	0.275232699158664	0.27653511223491	0.293328530318126	0.181305235056553	0.315643109853411	0.249069912492332	0.245825948880941
cg08965235	0.157391494284331	0.140434600676151	0.160253647721679	0.151520848185057	0.122037025036342	0.101291449097191	0.12493389174738	0.0931374490957818	0.164696469854638	0.179785238297716	0.163950468129649	0.0820408307347076	0.191460728530839	0.241067298035423	0.158087280083757	0.189953701654609	0.151898237792646	0.233758554621431	0.209513221462054	0.218772849999636	0.239997973057371	0.211898554427977	0.205883337527178	0.146448249119127	0.140746521504179	0.131965822873532	0.139570746603381	0.173917008928641	0.175716123109709	0.187768262703292	0.0957388168320057	0.168898577782529	0.0856932373020149	0.2166507313229	0.107962028579431	0.253386568135254	0.16358793885088	0.119793437335181	0.283662113134103	0.224861496136724	0.173072420391322	0.190205090412269	0.0883285147753539	0.111592750312761	0.166276995312309
cg13931228	0.0776761756146411	0.128836336642087	0.127416077744278	0.120831502184082	0.061461382022307	0.125578722061131	0.117120038699841	0.123795130305724	0.0623850984719289	0.170561602491481	0.120849678594327	0.104457599016418	0.11666928786798	0.144454573354628	0.130393814580712	0.145605146020128	0.0452293768862735	0.159601184531598	0.13098516637049	0.172254215430813	0.196328647521578	0.141764749452052	0.172260236919394	0.147433722180155	0.147547258348388	0.154942546955546	0.150041642185801	0.143925636763287	0.134689860467096	0.182739842894026	0.148848731614547	0.129205252624935	0.147438689346547	0.193533974747221	0.141577325318521	0.133757143745243	0.139893103649552	0.104443456082629	0.13766191513852	0.130885050695759	0.110221044472493	0.124862823770698	0.151096376222972	0.132551993056093	0.173836712340586
cg11025793	0.0350849729044247	0.0286631629101395	0.0288282850559251	0.0294365256161859	0.0260268328801469	0.0459739857690942	0.0235374337618115	0.0201576212053771	0.0197255308275325	0.0317621690705363	0.0268243029210841	0.0286749612640831	0.0190480133500625	0.0324707277198696	0.0347647915072486	0.021258291580276	0.0149369597092782	0.0177055113381499	0.0154429696107732	0.017724266741363	0.0122683204594157	0.0068820570651609	0.0183157281156759	0.0379555758830418	0.0242650822367105	0.0415486619781689	0.0327238395966804	0.0411657814862631	0.0470279302799244	0.0324330844807139	0.0260065943073626	0.034890267277208	0.0176816065011411	0.0248995105549939	0.0282177365947564	0.0173295375064202	0.0137789164513337	0.0205914800830603	0.039027297928838	0.0252710660957954	0.0285719314565784	0.0149123924069348	0.0270587585341626	0.00956214827176599	0.0504448375755185
cg14424579	0.0123047705437724	0.0117030053901731	0.0121470673493859	0.014638595999162	0.0120308220993285	0.0163527958711123	0.00984575696996056	0.0145207815138503	0.0104851906915523	0.0102532753044972	0.00771218651530093	0.0115416025079114	0.0175250030339429	0.0107352925308105	0.0115798862729845	0.0103040236916186	0.0128734371872	0.00979491731671578	0.00629197826117495	0.00992997012383367	0.0108186148209612	0.00877195627709439	0.0078051761259414	0.0159584766128321	0.0183299703479761	0.020165276678562	0.0257354609062478	0.0154184864002121	0.0110435314882078	0.0181412329887296	0.0192383192824443	0.0130676726019412	0.0104180510407559	0.0109584618708335	0.0129357478608748	0.0097128786346242	0.00994708859569796	0.0121381514900731	0.00949408798435445	0.0134019843332669	0.011598999736073	0.0146661188779643	0.0123797689180104	0.0132120406586865	0.0066435229148715
cg01560871	0.786090775638259	0.803534673095462	0.83776596330971	0.917707537758152	0.824463124633278	0.823548536303846	0.889869792766582	0.772784008395973	0.786323999605969	0.801857088250791	0.815998513433737	0.796865696083164	0.85092621058296	0.885601198003205	0.841874151325082	0.881080857305456	0.765290069158148	0.813695459785742	0.839801191686078	0.814190143568317	0.825008610104035	0.854036361557264	0.884817141564067	0.82202853949525	0.792685899910059	0.769958112304203	0.789428789708898	0.853033616239901	0.799477817363263	0.843589157656508	0.860350028946332	0.813533104403196	0.866947637311173	0.849536290790694	0.840148093900813	0.739955743617258	0.817839003177627	0.845937665278105	0.816018219415689	0.804061258845968	0.820178154842955	0.813564079020139	0.777361725688462	0.829757582240983	0.857136676960244
cg09722555	0.942396417091141	0.930676386193023	0.939097531731996	0.945811474272242	0.947399751747467	0.940387790367953	0.941591007242241	0.932820928933497	0.924244307822584	0.958857475869473	0.929929362269488	0.934681477470655	0.944047601989983	0.937675440341314	0.932426259654857	0.932269224544224	0.902315180529864	0.929016359592067	0.944363439923379	0.937245166183067	0.924817710977728	0.942449074239955	0.934120778549756	0.911932040464053	0.929428777292342	0.928410148866675	0.925414504852778	0.920757893299057	0.927722817406111	0.909733127524961	0.923212219288263	0.937154961163884	0.927584137595541	0.914088433623227	0.926071127378275	0.942215600303677	0.909792681053191	0.906331313981399	0.924422755628715	0.926484025458058	0.934261098245575	0.907753724855676	0.94608211845395	0.932103060519092	0.941372215009583
cg07285276	0.910238931929351	0.91369489382011	0.908566084628474	0.918062991642055	0.904441390051377	0.917995628763065	0.893130689286706	0.903588941606534	0.893047291899076	0.921811405934695	0.897794768288088	0.890748994450754	0.894397177254189	0.854393780468966	0.926473837102596	0.859925502576354	0.896196875408141	0.85798852631108	0.915665109803343	0.913318731984454	0.909458736616749	0.915033741996953	0.858731579991568	0.888250806005353	0.892107182833001	0.883776550023243	0.89935620480765	0.842174087366502	0.860753018093846	0.853834451272066	0.914463049822749	0.899231152958474	0.874549856879756	0.865595201630552	0.892313636816328	0.892346882339577	0.872213020481546	0.89836890112045	0.85035748850968	0.904240316184109	0.875496045895112	0.847413310063734	0.897026501409564	0.818487273246498	0.903157344207422
cg00864867	0.109851131295841	0.0648291488515617	0.0785591992885587	0.0406423959624193	0.0277703495161388	0.0312784873105125	0.020455094398397	0.0309264642599643	0.0488438906802803	0.0389599648813052	0.0361349327152108	0.0603439333427467	0.0343601476357673	0.033379424759039	0.017033197472903	0.0455894422408627	0.0243955052513175	0.0114169595347319	0.0204684290993056	0.0257906631586626	0.0281319589500266	0.0226845345436999	0.0131480515648398	0.0210851418814597	0.0311644053897609	0.0571578530786961	0.0422207291585184	0.0674922879044729	0.0568231559776855	0.0689848230354608	0.055778799373723	0.0539194057366641	0.0538546051048638	0.0291666133083841	0.0524712566287457	0.0368952838230764	0.0374755787067379	0.00933196449839858	0.0495888827578223	0.0405573473962353	0.0612944889201869	0.0532499262757369	0.0331922716638222	0.0305602119797803	0.0386041258695041
cg04452713	0.0494964465195977	0.0654123643089763	0.0667309161083725	0.187375635650935	0.051089901222733	0.057292222183754	0.0717115668644063	0.0344359379590964	0.0365339925124565	0.0616033264670537	0.0589745857699675	0.0504286711951615	0.0925491051056867	0.0956316161540803	0.0706855969065895	0.0662848361987078	0.0524018484017281	0.0633588169908863	0.0534520037465984	0.078006932052233	0.0811402774094345	0.052057841588768	0.105055015062514	0.0968583362687239	0.0597128636696912	0.0761827427546999	0.0763920550620544	0.108680912869129	0.0929109537302244	0.100401082052151	0.0766491512355736	0.161040590586325	0.0709482364643057	0.0699043929453318	0.0770104732869998	0.0479384152453588	0.0620420830815741	0.0393532002530989	0.0978424017741523	0.0940778985167583	0.066795767424633	0.0514668604892162	0.0561760104429061	0.0375604217632082	0.0633464706844856
cg25505610	0.00639106275670076	0.0151379769730291	0.00787648599476044	0.0102969552795291	0.0130223470666865	0.0106423617306142	0.0153926301629281	0.0100679805307991	0.00835046985397826	0.00595179041283264	0.0123224835452298	0.0106984479073668	0.00757430077718403	0.00991233193204794	0.00950266093398508	0.00810583657228082	0.008677732436156	0.00734395563567103	0.0018823406045652	0.00731344873447736	0.00849581278672624	0.0134680338697447	0.00895046983687896	0.01857417008315	0.0239000766688792	0.027555876956903	0.0225587680344017	0.0134041712473922	0.0188437603745279	0.0238437687932756	0.0132317726273026	0.0122267584186698	0.00883130504523747	0.0202173801777216	0.0122144943586789	0.0127237974183729	0.00820539561998079	0.00823389774792783	0.0100904760327594	0.0157370967508639	0.0101711784891652	0.00894931964437864	0.0112456875513688	0.00552483777923741	0.0091355535770462
cg02335441	0.0289414832212994	0.0195179545748622	0.0506061763133295	0.0146934642236892	0.0213301552509427	0.0195719155879926	0.0200052235628788	0.016509655600703	0.0347485908523097	0.0541061334893235	0.0142185591824198	0.0443492182034698	0.0376475939009254	0.0387527630581876	0.0214256251067274	0.0288603622467749	0.0326037476655849	0.0255412434011907	0.019298480196301	0.0243853054492142	0.0335887057038554	0.0324532403430371	0.0421881703526977	0.0458585607777864	0.0511393402108198	0.0273274099917401	0.0257440936042186	0.0525982196633668	0.0207696764015247	0.0390536395992492	0.0323106925248819	0.0434220929739146	0.051688799564212	0.03065961084126	0.026062388584094	0.0333257680045373	0.0123803823552275	0.0142466735003732	0.0290734200561066	0.015774083683018	0.039951695366941	0.0233842016051766	0.016206437401988	0.0290481130622438	0.028186582793365
cg20100381	0.0486373185500173	0.0232033269067737	0.0404555848488503	0.0484073294243396	0.0350319083140234	0.038890094184341	0.0313168337580375	0.0640900896807599	0.0625422740421702	0.0302052351599241	0.0522611026083593	0.0449304713710279	0.0355741564198448	0.0453475369208566	0.0635093697816252	0.0352633292087078	0.0250184141714383	0.0348159742823928	0.0395674985248735	0.0331118465094741	0.0385879889230961	0.0323121582246836	0.0284765152073293	0.0931719142522158	0.0784940408020507	0.0500768323810547	0.0612504707970772	0.0760786935395745	0.0610989095642196	0.0491611862056099	0.0574918170752268	0.0439156810473523	0.0669640138202782	0.050310971009601	0.0693501100192353	0.0610826181816049	0.0574277190357495	0.0360960141926889	0.048383579099215	0.0493770251740179	0.0298292318909985	0.0420964802925163	0.0492749999225949	0.0464838925823151	0.0451487144941984
cg04999691	0.792807991489398	0.844648482714948	0.834321323431388	0.827994780287332	0.866689303566266	0.826324642976269	0.818004853690883	0.753840102187835	0.77550901292033	0.815754186238058	0.821266845712672	0.791466979709101	0.841472000845863	0.919037810785309	0.80335716749316	0.844159585789821	0.808480713604024	0.824141039521633	0.83954353146587	0.812072188754974	0.886933933964377	0.804093610795607	0.848680481623365	0.874910272882942	0.746097349676812	0.806395228696513	0.830016468030005	0.833980610554867	0.80799609526792	0.845639906481449	0.816729014346105	0.844911056931261	0.821700927692265	0.828200363206045	0.780680256431708	0.79085471780788	0.822938536856804	0.817950986500092	0.87784528683886	0.901298714067087	0.837315258769457	0.849444446666241	0.805099171768084	0.766687534828715	0.82785011107968
cg07337598	0.799801644005932	0.831974279423857	0.809869958143914	0.794375376750257	0.743101232596743	0.781439111600776	0.808723236798574	0.807442842746013	0.775398447702758	0.789997630005897	0.831020849721288	0.785178580019298	0.805027777977363	0.767874422691907	0.75331824504308	0.762203816025024	0.757320295479728	0.743793418457469	0.824294814015944	0.82932671736328	0.767566268180666	0.811584127610855	0.771786440929874	0.665024890867467	0.740496708033163	0.741624601626829	0.74665073969414	0.761347050355569	0.704384548780341	0.767954040849554	0.747603797060152	0.756343660876258	0.708469806146364	0.768158019254817	0.756708520290776	0.754809377135977	0.765490472657508	0.725320868700856	0.752332302889145	0.735701885924978	0.727215918455844	0.806035393356063	0.747166074103744	0.792898926472911	0.750657448481761
cg26297688	0.0307785906914982	0.0168237092595031	0.00907829881277406	0.0177010593551856	0.0390591044338885	0.0175751053170027	0.0412733524892231	0.0327899156684925	0.0254650449096109	0.0182348307934004	0.0521668499288985	0.0259124507913134	0.00619194519317902	0.010844564654904	0.0179356018743909	0.0105865810044461	0.0197007211444241	0.0157508535231027	0.0179098019886902	0.033211938018278	0.00635411592050545	0.0230070001826593	0.0117026209568632	0.0214346182581126	0.035419347625978	0.0215697268001822	0.0371218306727107	0.0284298361468347	0.0483085216468744	0.06227117763263	0.0344968770788094	0.0288183339053411	0.0107834556127277	0.00899584620042971	0.00735554134411852	0.0092809347566026	0.0176988183006782	0.0161472806665986	0.0134925286925886	0.0179649388512434	0.0155689846100613	0.0238452257321381	0.0240049665854138	0.0141127389582931	0.00861122919000507
cg25683012	0.0100876451276008	0.0130806625691593	0.0199831362934562	0.0159995539419593	0.00835130015821498	0.0153621495115963	0.0165192364593764	0.0105843163161227	0.0102967364454007	0.0147895183126834	0.0115380131446863	0.0137176288007908	0.00690932783619861	0.0114658799696877	0.00813241890819489	0.0117644444466998	0.0209972576693034	0.0068311675207247	0.00787724179025889	0.00543814691755981	0.00985839641372475	0.0155814249482784	0.0127545074522971	0.013513815990498	0.0149734716378111	0.0228472195537243	0.0189477288381274	0.0205449153560836	0.0266252543514764	0.0219173504475535	0.0202473760681311	0.0161096814966535	0.0232504163884679	0.016455846353092	0.0157813467276328	0.0125417357095278	0.00928174037932904	0.0121665661504622	0.0145104321756655	0.0171573924083221	0.0152525626617988	0.0165315690952937	0.0186758138588569	0.0112801991577265	0.0204519755371979
cg15703512	0.0276598370992225	0.0400143440511675	0.0440476664098308	0.0458709579180256	0.0310001617620876	0.0534145070227976	0.0324888666930304	0.0471868110428395	0.0444322045540477	0.0408958973660259	0.0426348296126345	0.0409044548261587	0.0359015855536983	0.0418125473302565	0.0414491003104573	0.0316912494134644	0.0411169041879303	0.0361726492198252	0.0403452158788988	0.0386210292308016	0.033767432831771	0.0351023911262076	0.0350964611861974	0.0459667547625173	0.0491790147218271	0.0478358053557837	0.0425240343877004	0.0444391606419533	0.0520197417743108	0.046247207899017	0.0353561879402846	0.0504240481509227	0.0582894404344169	0.0442254887107846	0.0511834177983767	0.0375037917244905	0.0429664410360376	0.036042844606376	0.0344801348846615	0.0512234537527668	0.0459575649320386	0.0395276724238652	0.0343777854788725	0.0420935042510148	0.0333013734453234
cg15974053	0.0221339571492584	0.0331658511984166	0.0453498204715943	0.0157666785274786	0.0137110659230315	0.0210506721820668	0.0132655895873066	0.0265478692024767	0.0166819183740515	0.0176246900353683	0.0234668859272069	0.0181957273389986	0.0227986313421434	0.0265184935283789	0.0135739718167127	0.0208257359780839	0.0186035832528172	0.0253636454166079	0.0230860581390325	0.0121692007733192	0.0164869395221274	0.015360340348735	0.0303908502031867	0.0480977532451424	0.028759112556679	0.0289441851265354	0.0262429881135907	0.0573894307766039	0.0295169490204191	0.0292804622728223	0.026333176331504	0.0176128160864919	0.0236166530177094	0.0383485663418819	0.0275618565425113	0.0171292526807188	0.0228947197175702	0.0242464508748456	0.0278189164581026	0.0174524999914108	0.0287262082204365	0.0225657192824878	0.0198067837948176	0.0299252012262875	0.0225241526387677
cg03270204	0.939197319468212	0.921902139173819	0.906196523765249	0.925264410023436	0.936586709486453	0.885013012080832	0.91870156246597	0.91549702189894	0.912527190868281	0.93220310717592	0.915591199492611	0.872926701062986	0.91961861050427	0.883339603126896	0.942762797308399	0.933257547698326	0.910376346916572	0.913948151730525	0.936855776052296	0.913727198251553	0.879696660834614	0.919641412303662	0.915222572597417	0.847148287664332	0.885082700259236	0.89570434114786	0.883114894013273	0.894540258334745	0.901041023911693	0.921287661528039	0.892422592311387	0.888306335903591	0.896009562916745	0.909055237260624	0.883912893081655	0.911838747931686	0.934763958832157	0.924428236509411	0.88186913027355	0.899167927444602	0.896403713114133	0.859578482896299	0.884112131053364	0.894509973360978	0.881388605509419
cg04474832	0.274756482552611	0.374810505430788	0.345453290758569	0.370198241133408	0.335119250191775	0.31513976442121	0.463861173360206	0.37191425662287	0.316672672345992	0.37610661539164	0.378733053581824	0.328169696782772	0.350801235732608	0.407070234348948	0.342870593363201	0.406978407517627	0.334336194481863	0.386727280436602	0.383899376304521	0.358210511912781	0.363901076835608	0.363486882223854	0.346963291272128	0.426587610883507	0.336522956592464	0.364037611841867	0.387153998855143	0.342806323056454	0.346975037456278	0.355295808487093	0.338101535238511	0.349306163705558	0.405593275725531	0.366191244997291	0.38758168548687	0.373714350593055	0.396806722394419	0.32389783677402	0.382582072493431	0.343083633267404	0.391659525244688	0.383615150193578	0.374361362280209	0.351329963398967	0.409208975779413
cg02154074	0.0866688625169263	0.112144572079553	0.0588036010042847	0.0780131117018628	0.0725726228820052	0.0728676304175792	0.0703106241780164	0.0840967264676205	0.111691121977873	0.0651969917124857	0.0785801432950067	0.0592698547078856	0.0887853685644211	0.0700210071530996	0.118243867077437	0.0869806935994187	0.06951004202841	0.0611219136503073	0.0967708257156371	0.0901778490858459	0.0756816048154717	0.0443191002767086	0.0642387583293903	0.0868373362246717	0.0959168301042785	0.0992846352665298	0.090543091961954	0.10327942808639	0.0643298617704745	0.0989079371644942	0.0831505475921179	0.0896046942650616	0.0752106890973038	0.085702389203715	0.100455628227786	0.122495325667638	0.0858358807874927	0.0640421907166258	0.0812521738153376	0.0685666984100575	0.076933927899783	0.0810653933361347	0.0949500782748486	0.0827708600318203	0.0534716604385107
cg02071305	0.300695024883219	0.378395189935636	0.448358431762497	0.325717206878663	0.335544275466589	0.307070227794889	0.337778522994358	0.332116145042922	0.359987678805594	0.343393976439934	0.334448803834424	0.362498143858506	0.338582541431982	0.342758576498649	0.357216411496074	0.383847516028059	0.363227699497217	0.360065677222464	0.334419245243224	0.338812205708874	0.368912929690665	0.383994063197454	0.355088409096459	0.382414873285578	0.379397409232992	0.373364936733704	0.368438588149604	0.357856523074577	0.330057082181644	0.340901820977905	0.316521973534759	0.341737569095508	0.396556151413559	0.361452635670901	0.384204290484357	0.411816444484869	0.358154296858268	0.310813694494241	0.359599418896946	0.365857945658874	0.371014780689721	0.361636118971687	0.300002659590895	0.371415738407401	0.328666018520422
cg03578041	0.317492073478162	0.266307719871337	0.334238338426694	0.388874065574956	0.26532891589744	0.265215590457346	0.259026652587994	0.287268956725664	0.312935732954401	0.293758313542296	0.260375150178189	0.310634361982563	0.276442881631046	0.285078176997457	0.29903126726972	0.311109473058969	0.330206333789967	0.324112227687619	0.282572805943166	0.305513435538873	0.310957442638071	0.307274022945701	0.304985704321159	0.283107850846756	0.271688074522848	0.334215844053649	0.323701669177526	0.242196754570326	0.314525291495468	0.291908548151298	0.303317587462643	0.370544423298657	0.283114370510222	0.29697478849435	0.296601562681607	0.335334651047228	0.334173424000081	0.246203515745394	0.306179574775796	0.315130776365264	0.324867162844459	0.244997790308575	0.304383189874252	0.32116466638719	0.347187206247398
cg01968178	0.0449310344775712	0.0464670488089201	0.0508144092275626	0.0682188269106309	0.0581145674729343	0.06230067473795	0.0639714843792142	0.0566579825821769	0.0534676143516749	0.0579987712026564	0.0681701201143817	0.0800624386778322	0.0675069977267255	0.0543142046154318	0.0585793751908936	0.0701138073647098	0.0430913218719496	0.0502128108868537	0.0573507717410651	0.0684441381364186	0.0591799292538775	0.0555762815947579	0.0749352640137202	0.0857179407141215	0.0772463594717746	0.069985548460746	0.0768162350025918	0.0732079002050344	0.0590157680787992	0.0638929800764605	0.0395595998870021	0.0548642897788052	0.0642471279086068	0.0646498489072078	0.0784728817213007	0.0587567465271556	0.0787055004238444	0.0729686001732217	0.0541964960530236	0.0693198220024165	0.0779998396758879	0.063281001377626	0.0627177371702698	0.0467741403154835	0.0749617713499012
cg16984944	0.14432802917792	0.277327417841065	0.192480918413611	0.317721129625355	0.219419076489689	0.202278722829379	0.192593806169712	0.167563233915783	0.185031189710945	0.272288319845062	0.228347642465849	0.257498080171085	0.315619785299262	0.323640649752334	0.179027119546018	0.289956530575869	0.236816114731838	0.317908817036822	0.234512708697055	0.228515482255123	0.283885467625506	0.20383670939694	0.286099736173213	0.323048968662791	0.268890557302377	0.259789456234714	0.316423130792811	0.33308198051088	0.215589393403749	0.267220930056614	0.232080595839196	0.276504714717293	0.264510435437334	0.300304230218257	0.287333292248859	0.215743764320416	0.243353074836318	0.263717681017272	0.292698068650937	0.256064302411913	0.270464107772137	0.297553095002882	0.231014214218483	0.150749215930341	0.270791267173189
cg19346193	0.866167118658962	0.927649258901336	0.933729786425798	0.951958394845271	0.942041405083926	0.927069543486868	0.929473702955049	0.940244089948619	0.88412796704257	0.935374678443242	0.838676992870363	0.926414499944586	0.912779788513354	0.922818404390087	0.946920361240541	0.916734525648014	0.915771317994391	0.914826298035457	0.938945079955702	0.940671082094549	0.915206087952331	0.932240277418849	0.848285167271753	0.912699833614296	0.907230469344349	0.926739333436954	0.916989843777051	0.889339331512469	0.919271953845937	0.896435209747792	0.923598915901019	0.917829430970465	0.930294881686234	0.919974863034065	0.910208898728873	0.931004841108228	0.919686886324492	0.913124420008396	0.91034742748086	0.917858364774446	0.927544509545607	0.914587881277622	0.929214814657006	0.927609033374053	0.914168470590744
cg24888049	0.673652259911819	0.665075199950424	0.719668209169524	0.685993468108764	0.659157923149959	0.693462780849864	0.667225015469369	0.657571207401147	0.675048925877315	0.695206060692743	0.624157867353032	0.635221711572434	0.678939930553911	0.670509998009347	0.627424735434759	0.70362979206577	0.662481925500627	0.674957551675504	0.631281493187434	0.685476401190163	0.692902020016381	0.680170671824919	0.676243151563355	0.684488859755898	0.68345674102214	0.678978910983143	0.688027033777123	0.661982702348309	0.631360147764875	0.689144491938578	0.675278811261812	0.434193329760369	0.701276777303149	0.665039569038207	0.502501473960678	0.630169262873257	0.683550399616287	0.671763485992871	0.71132789811957	0.657136992030252	0.677026614864902	0.658713854258555	0.622806819202714	0.674766358624314	0.682705277747914
cg08413469	0.0231691910594593	0.0292322184350549	0.0377817977103686	0.0202269800431654	0.0187421342003298	0.0369002287635748	0.0180213925060069	0.0241363405058784	0.0191622723469583	0.0209862509168443	0.0183838523181173	0.0253012889742966	0.0227954006700501	0.0250234715455527	0.04554416943835	0.0184925971728432	0.032117119528404	0.0291855382794343	0.0198612212793531	0.0225762084232346	0.0210284095050882	0.0182386239684724	0.0169358016114679	0.0327901708298929	0.0393534385709638	0.0381395108141598	0.0340471071585924	0.0422717058276285	0.0364684571840082	0.0271496530654711	0.0253437987088281	0.0266020991767604	0.0259060572068276	0.0196872857855025	0.0310728464647172	0.0325986125820901	0.0259935989248437	0.0278157758318519	0.0365270076665465	0.0289929234616283	0.0190672033634776	0.0304540283962233	0.0255115127232091	0.0262530434405783	0.0236378580780341
cg21211748	0.0169400367619611	0.0423328816820492	0.0340993859982339	0.0242235548324974	0.0309830353278034	0.0366857813164968	0.0199070654081062	0.0331517320175007	0.0292380030350064	0.0394589689745949	0.0311521805118563	0.0353592697840376	0.0337399304656607	0.0411259761241066	0.0387895143578798	0.0275765871248757	0.044253452586073	0.0288126629191748	0.0300491160408574	0.0342340762928874	0.0316818518797508	0.0284402469411842	0.0345257069354171	0.0476491278969683	0.0676921939000309	0.0443196964536562	0.0538755862215322	0.042725863516924	0.0422841733979417	0.041448332759492	0.0341870909221514	0.0245477482363087	0.0436011876338819	0.0479774752488435	0.0438043306544484	0.0340838235468908	0.0415025099726911	0.0472355402978355	0.0216015190477868	0.0381499737652965	0.0436426217585804	0.0509459747137013	0.0337268569459939	0.0449746210062886	0.0277871226556225
cg14654875	0.508334705764408	0.531743420002397	0.506130274090614	0.500929470052931	0.508787749905107	0.483743878282467	0.530820490958769	0.510441147303369	0.523454201403711	0.509734117870922	0.457736456300118	0.487995037982673	0.502622006015218	0.45602702273533	0.503716852044879	0.52140914356468	0.523353198788424	0.539026357389021	0.536827372096635	0.487842141477945	0.518799072698211	0.533908987265417	0.524178742624131	0.524653036404095	0.493200454533309	0.490895862728008	0.499569321802914	0.48705101098652	0.473591026524842	0.467031275733324	0.461805712249579	0.490036450460262	0.493996164176872	0.476016579475155	0.513964487124415	0.508336649382425	0.547725795769667	0.524245093986279	0.514964742898211	0.491366199459116	0.467076057788569	0.52608664039958	0.472288741674223	0.443549745773857	0.507868145467407
cg12985418	0.0123664707131133	0.0222164890112987	0.0168817962609572	0.0180596495998483	0.017921535008555	0.0180126702580771	0.0173329434419446	0.0151115598161313	0.0177803756250964	0.02029754426968	0.019866847600306	0.0230342585362609	0.0163260807994816	0.0128367983292777	0.0181212691359516	0.0194044346601732	0.0174211139660108	0.0159539418375469	0.0131614610006454	0.0097005473942365	0.011045223683115	0.0153579916692738	0.0156678409137748	0.0267269161014594	0.033992649263981	0.0231076924229806	0.0288701597157139	0.0273014191418752	0.0344166248348841	0.0307849594543623	0.0247591774640495	0.0239882369362889	0.0188421498619635	0.027669066168468	0.0264167182348213	0.0142005724936396	0.0247216184499922	0.0169635440839311	0.02633333347595	0.0213387856524572	0.0249651890634526	0.026278343163395	0.0230752335025716	0.0258997620239535	0.0166806961781866
cg04121983	0.106490355685292	0.187367319201894	0.0699623187224244	0.105326134274269	0.0792854230322527	0.0781324409838171	0.0421924634718418	0.0406606033030181	0.0269959730403817	0.0583882007352784	0.0721709931147342	0.0350269644461749	0.0549256300078649	0.123975497081891	0.0584260831325157	0.0811784283612755	0.0846254959575135	0.0663499212530654	0.076772570829414	0.0589517345921544	0.0576153535996002	0.0969086616192282	0.0759539782920181	0.109733231173552	0.0653977273146631	0.0443799539233446	0.10569710850608	0.0972751042839084	0.0771370250176142	0.077021237358465	0.0585740012906902	0.0570369794493156	0.0613671051625647	0.0667609496674454	0.0720828747149853	0.0631414338280487	0.0638111124877183	0.0563979464254989	0.109836543490378	0.0718679667571064	0.0582627349047914	0.0609680403534185	0.0402794775665354	0.0265595095866704	0.0606861704833249
cg10376763	0.940249062812844	0.95573255513715	0.956471649112424	0.925508296436267	0.957653066531415	0.977120481621894	0.972899041372405	0.952734542936308	0.967824435470532	0.962711980278517	0.968958207829975	0.962345339065662	0.952126926978448	0.963182845097132	0.960816135213792	0.946782782407826	0.958028366448185	0.956606466588652	0.971897920540543	0.967693081482408	0.961535234104879	0.965598567873222	0.97068906435062	0.950715031035541	0.956088176066329	0.964897207499322	0.940556349774836	0.956803046557436	0.944439484431861	0.962550602667112	0.948715226955261	0.943311192316878	0.935959539116292	0.953050101576842	0.957199777611919	0.953633980080157	0.954099700716522	0.950827950084975	0.975540480615715	0.962911326684388	0.955819844707872	0.964259758381898	0.960497757312411	0.95363540634353	0.957044151658612
cg20999813	0.0166832350481766	0.0209852620846296	0.0209028371046527	0.0143475671371346	0.0146013607148784	0.0188868482409704	0.0190199436153083	0.0233047394315936	0.0134389681885001	0.0261376830565828	0.0211619177756046	0.0240580533078042	0.021599091998552	0.0122546139403895	0.0205804932398982	0.0198546748993295	0.0157060286695338	0.0255292408559296	0.00747434462543417	0.00928589492364368	0.0177534869866396	0.0174542849923185	0.0161191791327418	0.0333552633262757	0.0442367521024875	0.041172549510982	0.0270449700325785	0.0180338518519175	0.0218949032247725	0.023757978849544	0.0189972194791908	0.0226971268729965	0.0230681371567204	0.0189632011290784	0.0223061711585722	0.0215391972020127	0.0177120473929345	0.0255634037320095	0.0219868005479988	0.00935181034823356	0.0237878666667415	0.0237828381691308	0.0240878899740851	0.0169031940441176	0.0238170544968322
cg18956095	0.0472939825394695	0.0489642889585339	0.0625627965739129	0.051513054108912	0.050724893458104	0.0487794511744066	0.0801343386712913	0.0562538102126598	0.0579269980679319	0.0556342493090907	0.0677594831731714	0.0482912332543057	0.0607411390232075	0.0586710898233119	0.0502425121712833	0.0611332975270605	0.0576084325005852	0.049167253500997	0.0651265728004264	0.040258414488973	0.0558979951982841	0.0512932967743541	0.0562407264108363	0.0716960103438459	0.072352680781593	0.0683344713684197	0.071981606252516	0.0689486526555974	0.0584797058652765	0.0655593035305339	0.0646803746171322	0.0677360757756039	0.0694082882311813	0.0857242160671516	0.0602414640077674	0.0663958619376325	0.064004800843741	0.068163145974271	0.0554405917064159	0.0680592716309163	0.0577712350684673	0.0608489931171189	0.0517716828923932	0.0653787862740502	0.0400500539237943
cg03330058	0.346510864158239	0.426282013453917	0.359589626189845	0.421222763886921	0.406840814577517	0.344933644010546	0.391595517365705	0.39970546791131	0.364376259944524	0.350401904328327	0.38391075713256	0.401193613520933	0.390904663214428	0.448070757174982	0.360139668114085	0.4456898045085	0.417290292409535	0.429809111048801	0.39892793929775	0.439215416044284	0.422845635593151	0.361250520497596	0.438179019666588	0.412773802264729	0.364912989240265	0.408452294142661	0.424291933096594	0.438472275963379	0.386131535179508	0.417639350034965	0.370720233904437	0.3383207588673	0.437629094349363	0.437245363201741	0.451550783987348	0.487170944050617	0.431936838801849	0.411098208644849	0.389989524337314	0.447947323594598	0.44277646423497	0.430288436502409	0.420056510481071	0.387095798068574	0.406624232825244
cg19420968	0.959587751361907	0.967520018181698	0.970654130099754	0.970528830780649	0.979430847022325	0.979754446486304	0.966280476265088	0.95928756863462	0.975429499433662	0.962714717137938	0.970662122631258	0.96375307009349	0.954273910906398	0.958851656799617	0.952049597366307	0.949031765095532	0.959978795084066	0.949010324495456	0.971495698816646	0.955389842068294	0.941374333362885	0.965794907674862	0.960063399966381	0.922576514479764	0.952258575856734	0.930297225655143	0.959397824412616	0.948294285930585	0.955784339703202	0.956817365020802	0.96402017258953	0.95879102772779	0.940695492089724	0.93517333753579	0.964662269095682	0.941474764076078	0.957617988637069	0.948253689280409	0.947884408561465	0.947119511210344	0.954213033474588	0.963172942548105	0.961472807701679	0.960202384272928	0.974527250573108
cg00091693	0.800355506700258	0.785678554813047	0.791315331617792	0.784568647299316	0.775102365670775	0.787817707667835	0.831334465328865	0.7298334206709	0.809740860650069	0.794530233901626	0.747608886816571	0.770986808110695	0.836048675915078	0.831258033746346	0.771543813251852	0.808007438100388	0.777310783783747	0.815547425061551	0.822754544711684	0.79055201040043	0.794391784113759	0.802718258844636	0.813169300689658	0.782359783363378	0.792849790509735	0.772359635055524	0.757241622292805	0.753776133057149	0.769895441829459	0.742901253957353	0.834345590772439	0.749703921440781	0.780320915888662	0.812347613377363	0.800222942182813	0.79398349596754	0.819100379249319	0.792416314503523	0.735432584556924	0.770630776672188	0.756172345841568	0.81964117944204	0.771325920286774	0.823819444936505	0.790547851718321
cg14408969	0.0253614827501706	0.0337071829726678	0.0261240955991401	0.0293555343078714	0.0253963137225768	0.031954399982951	0.0189824247160851	0.0230234041110214	0.026473468119081	0.0275532160453583	0.0313740005251381	0.0381525708954532	0.0260813392033128	0.0235762667138085	0.0236077850028356	0.0206952851666995	0.0147090859412867	0.0297977438181787	0.0249258045692362	0.0182569753796503	0.0278155992634876	0.0166974419620919	0.0248873528396689	0.0240795684849633	0.0356573877544263	0.0316965113155333	0.0335592243377374	0.0368955228483874	0.0381752959249354	0.0318917002543549	0.0247366851916409	0.0271045947547366	0.0367399879256131	0.0329519478309236	0.0311014271633736	0.0244518231063314	0.0320083039564243	0.0233975148312158	0.0346737027512616	0.0243984642294563	0.0242360817208342	0.0263724427967867	0.0248850463938855	0.025441216503832	0.029393363366736
cg18573383	0.0322075081482813	0.0317969534172107	0.0423447276374389	0.143452284496178	0.0280653868848351	0.0254028003877301	0.0287507527005363	0.0499729231621439	0.035700722301915	0.0311234405395548	0.0338413574720935	0.0330118923824128	0.0331380681199809	0.0306733645430739	0.0323853794502866	0.0320682960676536	0.0350043664952598	0.0289966668570599	0.038186037885524	0.0353799914475711	0.040031766090148	0.0316517791195291	0.0380871471902352	0.043459525011517	0.0453728210143546	0.0439901163757002	0.0356733259026983	0.0378826660938432	0.0358866141818782	0.0454873169860781	0.0295967885057435	0.0299348879072327	0.0279383738131483	0.0353733123937749	0.0301244551203591	0.0381297758593471	0.030633082829818	0.0372933294460833	0.0305123949737499	0.0431350102712648	0.0311087119747355	0.030939748263005	0.0374574301523988	0.0328594467201967	0.0351907230765829
cg17589341	0.552938241188345	0.603950018636569	0.654803388436599	0.631549315813926	0.568529549232591	0.480444322606655	0.53793055065044	0.622964671226608	0.47436600983317	0.605666578776687	0.509809749261443	0.573051080929674	0.6187793612228	0.558278558020769	0.540659409668617	0.631400813871968	0.461158654308767	0.638106820774068	0.597577558720869	0.576065920294039	0.63693052073528	0.649589760686998	0.562830908125697	0.677182261483312	0.695873742375103	0.59446992903114	0.637232661734239	0.67233474221628	0.550536303407293	0.551750993578188	0.559142968508604	0.5736610815527	0.559536086409419	0.675273722835749	0.676733957394176	0.536569784921087	0.554184492980347	0.624240127212815	0.596672012250225	0.540540892574345	0.571180850334617	0.616347008631781	0.57912349140341	0.510106029213813	0.575855050210216
cg13854874	0.0944628437134896	0.158662138766474	0.206728936375651	0.0742926745704371	0.158763775638618	0.118298189936924	0.159413024678759	0.142440570236064	0.0781362700602812	0.117683874646556	0.0762415845466976	0.135683716651199	0.107365094123452	0.0852494757416895	0.0830006275341263	0.134295257481198	0.0884508852138971	0.0874981858222965	0.134915584222399	0.173697744094653	0.116582016433989	0.068784168653118	0.105803087251217	0.197510758479468	0.172053241117388	0.195322313913396	0.213269061267285	0.122517857824755	0.160398777595648	0.157991154142432	0.12721677812263	0.14751565905471	0.118010881441792	0.0699171311149108	0.19703737204975	0.223699726490746	0.173384871658472	0.193198887965258	0.10375918952187	0.268555483605469	0.143845300577112	0.111293981652665	0.0871116203572232	0.130661881066696	0.0957785818156351
cg06121469	0.0141536160382335	0.0245544518829373	0.0169586472238993	0.0238839733067051	0.0148057655528281	0.0129813760858724	0.0153685936165944	0.0179932107932198	0.0137211111038036	0.0184926827207595	0.0212682071034933	0.017683927872405	0.014366753345698	0.0196760116459379	0.0211810856481087	0.0109641664458476	0.017706821173057	0.0104640561590117	0.011998087591011	0.00980161684546877	0.0109495750122894	0.00799221895670878	0.0167621648848629	0.0183293341795975	0.0232460841964167	0.0288897345097776	0.0217042916222892	0.023264775292706	0.0193982069743798	0.0215289072004919	0.0138314392732619	0.0211993566601487	0.0167421524035625	0.0138698664538901	0.0146492217344459	0.00994800612770436	0.0146439737896757	0.0159073752937991	0.0135273182475548	0.0145925355778855	0.0145610167334489	0.0123411509227636	0.0174053792676455	0.0173131710534963	0.00673346804887487
cg17338403	0.120170679881811	0.184547426348512	0.149245899583034	0.16045839037542	0.123890305029045	0.130348461103025	0.125885165176119	0.110293868744207	0.130947811992644	0.14593479946831	0.164515489136634	0.152665728027598	0.173241691896457	0.190438578372664	0.0712803251651215	0.168661612748114	0.139737851894785	0.194374961648454	0.168645013688845	0.144213358105871	0.220118967560141	0.161205219999852	0.162022169627161	0.194576370417008	0.167309824327739	0.185307204001099	0.186741183870605	0.165900511782668	0.151232947581996	0.163199772267299	0.1494347271676	0.152782912636997	0.172837503876163	0.17488872727509	0.174613741611297	0.141395807050893	0.128745241064158	0.177362743831463	0.220641156491916	0.224561434157254	0.18520099851425	0.202651901584844	0.156023995551398	0.145641901449274	0.153653237871959
cg16358826	0.0522183311123675	0.0666592900183861	0.0787503315238512	0.109449467316966	0.0679281607302415	0.0547687676505831	0.0584631208523205	0.0788384238983997	0.0682077513401034	0.0636538857161519	0.0939338556475219	0.087791647502562	0.0802556737144913	0.118027479225519	0.0791631337384803	0.0927922092871148	0.0610850119604608	0.0883718315976794	0.0791268941238442	0.076082763221991	0.0942059607303258	0.0758321236545012	0.0868286045680858	0.0913095876855776	0.0975661638508879	0.107866882968694	0.0875262330745942	0.0953084049145594	0.0865643462716313	0.100976540411719	0.0997462037544585	0.0621655720251716	0.0756711295247616	0.0809514189921761	0.0845318237304779	0.120820836748993	0.098845735970485	0.0658697576381532	0.0942969179956935	0.0946206148444519	0.0870777306220935	0.0850022619232379	0.0865494491171604	0.0731805124372185	0.0708102741507449
cg01407797	0.066732416933226	0.067380839096822	0.0414764533074139	0.0823857403786632	0.0577907523693459	0.0760966324018253	0.0714036509518166	0.0481173317243624	0.0656154965347738	0.0563863958554612	0.0553709112572613	0.0760388643027818	0.0664630818456474	0.0700135969512689	0.0546489155039516	0.0664563894731659	0.0991956230047029	0.0373885214148125	0.0478693139254465	0.0697716332948985	0.0519508189664126	0.0612368120237242	0.064565476208602	0.106377288676534	0.0796517344776335	0.0937220186069997	0.0901596129669383	0.0913520783347642	0.0878267504410712	0.0868919993639179	0.0881858334884419	0.0743010808484327	0.0807756374268267	0.0877726208205377	0.0698442841679731	0.0937933738527938	0.0608534404797668	0.0530744163132613	0.0618908308046832	0.0460196032772355	0.0932660878192476	0.0493719566510048	0.0770367494519195	0.0582615031029166	0.0833487469188747
cg17099569	0.739598713845004	0.792903849714244	0.810202285816766	0.813395019820334	0.74203479123446	0.729267079091231	0.776143791879284	0.798965975400069	0.840312521946596	0.849321490569358	0.816251248954365	0.802805826424689	0.792201793617535	0.716462211845902	0.786283768244724	0.74751923955059	0.866620041372848	0.863690732234308	0.839262537488141	0.801017202018043	0.802729445404994	0.781544522275123	0.726337286217179	0.752101528202471	0.799454638042845	0.789730650131159	0.797199755021527	0.733448106925631	0.776865862158331	0.789702661596965	0.817060855240278	0.765145056680073	0.845727887302336	0.794418448366152	0.810043863109953	0.837053315579807	0.811984458575646	0.774555575882538	0.709913162593672	0.772713625320276	0.76687048871792	0.791741395630922	0.865077781182101	0.879035415047658	0.805311069025003
cg15381769	0.0162785700843028	0.0292786044404386	0.0327516228221754	0.026350944547558	0.0333307907771739	0.0248813234971292	0.0200038114091821	0.0190848653098092	0.0271388047984367	0.0277564905722163	0.034765652951279	0.0257302037763897	0.0263418438004403	0.0288869663347215	0.0277831241808714	0.017251042077471	0.0230561099700263	0.0230098109616223	0.0206403668195436	0.0196147642985023	0.0210590651444302	0.0336113868771736	0.019386493006591	0.043164380332836	0.0291169809379147	0.0293086705940785	0.040328260454802	0.0368552225784856	0.0346628504022591	0.0347906219668457	0.0202472260637165	0.0297504936418666	0.0267398353936713	0.0302719975968843	0.0315520800844725	0.0249540545196175	0.0332510694724003	0.0240776743890075	0.0258162286961458	0.0222112108709502	0.016934981897895	0.0328946501649039	0.0192361321772526	0.0214021302524918	0.0261215568143198
cg21305265	0.0160884081010015	0.0146566230678492	0.012476640486938	0.0195532102405397	0.0129418433035476	0.0150389662105915	0.00630532590442821	0.00391323501079065	0.0239450761057099	0.01117381633816	0.00972729725309145	0.012252425714453	0.00974885441359952	0.0139298404158925	0.0170693982359835	0.00803913461622741	0.0191425529808911	0.0109748459243984	0.00739594433407489	0.00476687434249153	0.0138289203575186	0.0102336032276346	0.00700759635925651	0.0113405609518109	0.0150547698258102	0.0117527360714676	0.0174964697257698	0.0125246040045155	0.0118170238126181	0.0191665181475242	0.0132378100327628	0.0149971906247905	0.0121512079833057	0.0135999948758589	0.00628047831297756	0.00731605597158376	0.00594027241022259	0.0130108211425173	0.0119360437919237	0.0106355815635592	0.00637211263402631	0.0192341396315307	0.0178803697633414	0.00915605776398615	0.0153565923075864
cg19706682	0.20586809830265	0.203150940974812	0.181967673230552	0.24963023465748	0.1550762481412	0.161345701832113	0.163336786717303	0.111717254370579	0.149050403899996	0.148861248113504	0.211295052804007	0.189715031140073	0.205723401678577	0.115666365239538	0.10626681087113	0.230793316783598	0.190542091707844	0.181306675960155	0.129010108479435	0.215193512236465	0.177723193018849	0.150263242071595	0.150217600254886	0.181850175792875	0.190182713363309	0.202888502694167	0.175337135453032	0.198228144935831	0.188781861817541	0.235215495891547	0.194789875035481	0.244740325195222	0.213201915160833	0.199845216097849	0.138873975452946	0.198603196739726	0.160327113196666	0.141009103266988	0.185921932764171	0.127032195470452	0.233925750856813	0.236415630692768	0.193509523569641	0.173460742410656	0.210084525232757
cg07455279	0.163638979517737	0.17105229106912	0.130857461190993	0.176407838601959	0.131543402808416	0.327719629758813	0.376120366911895	0.11483583502547	0.145184425150146	0.0782155799722853	0.103401239618778	0.174212825457519	0.208115803426988	0.149016285041237	0.340190607589311	0.365113055620702	0.182746655742883	0.175533161412151	0.181120819352528	0.321172632484521	0.333432717599342	0.136765640972693	0.275597789640257	0.267308296778177	0.192217884902513	0.148187366176324	0.190373623855041	0.164377217447901	0.148325345998087	0.134940887024629	0.30714157181434	0.146501437015576	0.119160014709538	0.315191395722585	0.187206227452713	0.234637468190946	0.401639557042748	0.294241718147506	0.125504350408298	0.159436657926216	0.376306925882019	0.151388140549239	0.185815471645325	0.21598476420909	0.415384375117207
cg25564800	0.254795733605966	0.266129589111561	0.335698983317612	0.257131041066649	0.197509806012803	0.262829757420157	0.2988924161163	0.179209024356508	0.297801251094107	0.270010923545862	0.246810936133098	0.261709332272111	0.322587729327051	0.288489885945383	0.254188639914532	0.324393201535021	0.307369927269709	0.322556969281356	0.303992266089291	0.317241234047817	0.335159649591217	0.272224656015641	0.274681531572987	0.380254471652629	0.353601359929766	0.343440113188804	0.277204924251579	0.263642855068895	0.232872361483681	0.256402656020523	0.301639971895175	0.335612456087753	0.369245031567225	0.269268644771317	0.351032423290904	0.332983302531278	0.360320960134205	0.23515481158772	0.311522703283748	0.289129861865887	0.352411180316984	0.262479666144628	0.339538315291351	0.327465398827876	0.400274051318496
cg25809905	0.811564207285563	0.757632176304438	0.731129174311452	0.778371248313764	0.609664883623909	0.765387599070752	0.775506837697808	0.708503501137071	0.712705876068462	0.759283801590437	0.726455945288783	0.782703503625922	0.785582817912961	0.861592600106769	0.793176114302359	0.833048067759636	0.794432732960137	0.776982070969955	0.777960065029848	0.813645535809296	0.797391969327961	0.756142683281083	0.841119402973068	0.830231183632502	0.737436250125977	0.806753935105709	0.735294581092408	0.798507814428811	0.761103377792807	0.741664288143563	0.816936535233237	0.819938638140648	0.757634365174224	0.744425504591583	0.782064405421707	0.762454454871026	0.781094521947683	0.70072103166429	0.823591257181139	0.794288155307628	0.758967291331008	0.775765171383368	0.732623992627593	0.756970724383295	0.82539550909604
cg03565323	0.0967974699365906	0.0786370919477793	0.0741125540681513	0.217457071089359	0.0631663881098582	0.0993909727871394	0.155056140334361	0.048899567582306	0.109999466747904	0.0779782530279115	0.0809656575063293	0.107637391681727	0.102961505716482	0.10463964225717	0.0786548292673275	0.140936300218071	0.0911528747344633	0.0939767090477923	0.1012119357668	0.0905605552398793	0.0856353902082162	0.0962928946636031	0.0633322372583052	0.176518659142171	0.119948084957056	0.179460366949806	0.106958349816828	0.116959895955426	0.0799569700919561	0.0837200567113288	0.108601631664163	0.0994489298946122	0.155346160264507	0.147310392843858	0.098101442493178	0.0664223292895653	0.0617228919055083	0.0528889714715433	0.0905854295137611	0.0927416947395011	0.105274092205583	0.166937414347761	0.111414774534056	0.0878200823842978	0.076434392764669
cg19478743	0.0229231824093919	0.0259998673556862	0.0223460914801794	0.0240046667295694	0.0214092451773661	0.0238445090972887	0.0263105604954994	0.0310955545975338	0.0270919214204806	0.0280160484089696	0.034283152679589	0.0322172833000729	0.0275436700267016	0.0440866521107501	0.0327579274377608	0.0352439909439214	0.0277443093610895	0.0379390056001399	0.0254987424115579	0.0261071722120887	0.0236169591978542	0.0313173624516374	0.0230777734122222	0.0466789276592526	0.0423666291447761	0.0479327224733395	0.0378921696866537	0.0382311684535808	0.0394211964278267	0.0478232131226164	0.0282729559896147	0.0245680370866538	0.0297989318437703	0.0238139691695766	0.019807617017384	0.0319664285377989	0.0223766719242856	0.0316502993557355	0.0226653562047255	0.0380594356513387	0.0213033755893764	0.0359853733018308	0.0328380592394169	0.028282587297579	0.023124360495253
cg13899108	0.470800584473416	0.584478552694834	0.554696235299164	0.587462655013806	0.438432091343431	0.462121251874461	0.411368517993809	0.359098924541824	0.434078011654896	0.434794699054434	0.466130554228159	0.398279526134979	0.416346816630096	0.5000232344964	0.446836476088655	0.421666490888601	0.468755795877057	0.489777332056416	0.407368290312188	0.515753385490333	0.427592982223285	0.459330197550163	0.427891559260723	0.429596751188262	0.44081721284399	0.536750780905465	0.431871599856778	0.527254617400615	0.475918625908424	0.412405052954766	0.591851208408066	0.430229084221364	0.408494738265828	0.410867856813702	0.531768683582636	0.380334703089884	0.486554211679772	0.474521587814707	0.527525924482927	0.403853016275768	0.532670396133509	0.46092055874769	0.520850902984112	0.404602585047404	0.425998249176366
cg02217159	0.191265960055297	0.139240880021131	0.0825694939705298	0.138680511019373	0.0735995821342764	0.137164284274677	0.0734997575066489	0.0890037014036203	0.131391100493945	0.14000261096872	0.173847167350591	0.128227236678775	0.101166143368166	0.14501030914825	0.113552489171844	0.112685837129654	0.168359477206042	0.16486742736856	0.0928846303594728	0.12905966500917	0.165527898315011	0.0877336558628954	0.151878698001248	0.134531232173932	0.106229606108697	0.0977919056780912	0.106593076336687	0.101951001769433	0.159004830266094	0.111501873363831	0.179409384938695	0.121491088178619	0.149680656768342	0.159239431677438	0.204692653061932	0.134067485090166	0.0888996014305552	0.085685598173403	0.16493855139899	0.176332495188305	0.157557370300327	0.148879068974195	0.112672472656685	0.144077567830713	0.145827741261066
cg06810647	0.0878019412767754	0.112754680202	0.168134308766112	0.062479719733025	0.134246282774006	0.102069452607552	0.118029137526159	0.0706226777762607	0.0950126148106314	0.142374553438278	0.155533336369127	0.0732551066368302	0.143239594276049	0.225525775020441	0.0855874454944108	0.142322593568244	0.153816532365464	0.126640796663339	0.136443142367458	0.159141538667859	0.221141857154856	0.15067794301877	0.219554830665365	0.131918598753424	0.125277035556059	0.0924999113919966	0.136213375625593	0.11320791783304	0.140314727530985	0.166618294205822	0.106361550558386	0.147256608710226	0.0655165554015926	0.153211558400527	0.109681980031413	0.194152356166262	0.151169006061911	0.0616395494340435	0.189357853976548	0.158053145954689	0.11374834782948	0.142768568896225	0.0772181167372489	0.060303581387788	0.109137119482069
cg07408456	0.337032475395902	0.457760738891229	0.538590326256959	0.470943020661	0.441670823534966	0.425597893224207	0.465359195510344	0.377027565704821	0.392579466721016	0.485599367817614	0.454169316821031	0.48683389097701	0.573463491419852	0.600793760858757	0.421744015962841	0.53829398979957	0.40637618616299	0.559763715060549	0.518018693740393	0.531863339220874	0.56265200482915	0.487319383440873	0.588791308176511	0.588414928839407	0.511160923611208	0.507064915799353	0.516428712791096	0.470349054771962	0.459986425256654	0.45353294253335	0.522959525924842	0.506181805724141	0.490704523878392	0.522849864365926	0.476269680014416	0.460961452460861	0.502752661107436	0.443008271278858	0.548162214908049	0.548302966789029	0.515592767263109	0.501044544057341	0.416974332440136	0.478631141603178	0.515505631863089
cg26043391	0.0413748125983207	0.0234983518717045	0.01593430278581	0.0230530976387606	0.0278288296612961	0.0220584211017103	0.0233386847835818	0.0253175674731678	0.0293324962126086	0.0272683931949965	0.0193649929960847	0.0322486320103186	0.0155412842558957	0.0191500961907074	0.0376906046023685	0.0285786008239664	0.0152946443426645	0.0206539621230409	0.0201639461629641	0.0270161547780597	0.0190923781310962	0.0231318984195239	0.0219549335711284	0.0413063412334612	0.0423765505550262	0.0429556428931093	0.0352318992724718	0.0460141778146881	0.0413125942122176	0.0386209565494763	0.0370004131775336	0.028823463334672	0.0216094864101509	0.0358308087105885	0.0172174673157747	0.0260591130851251	0.0224982489969007	0.0255272947177713	0.0286350397153813	0.0120610111710599	0.0334070657081718	0.0233357811556114	0.0160501783053994	0.0203769177736107	0.0289388400118259
cg04126866	0.918815844892638	0.862758737501385	0.885800339966087	0.896454044935556	0.859422231497328	0.802303244587462	0.898378790879307	0.871151225712014	0.89042151886662	0.875224418710937	0.882986781456588	0.877494824892673	0.82423690155024	0.781770560865119	0.92866163900034	0.818326040165563	0.904588543129298	0.813756936698715	0.886210845144003	0.875430914548592	0.797335618305024	0.889428980676816	0.834927915976691	0.725572911802927	0.833956601066229	0.853519365573725	0.840195865577131	0.824039086276837	0.810239208456925	0.802745226044924	0.788573831186021	0.837775493949308	0.79867227861278	0.79785998904372	0.816808106158099	0.895536385263446	0.851073736038289	0.846539699044092	0.79154124327875	0.809851128347812	0.817210569525215	0.758468957117575	0.815496202271462	0.882779594553173	0.807739213738517
cg02332492	0.884187779798783	0.920767524882331	0.926369179409838	0.916034229630018	0.921532311285197	0.879887110566731	0.893680404459145	0.885415882664144	0.85610181305054	0.900705030464422	0.900942299516165	0.881212618206384	0.898618765541659	0.877476429412465	0.858716849044876	0.900214962679692	0.901189272180372	0.860104300632387	0.90117918479563	0.883192231036685	0.914258881503428	0.871228017583862	0.846234345689064	0.883078888728667	0.881609414214746	0.832326440623477	0.872751557932621	0.881619762999423	0.867545440320371	0.851761501341709	0.905092376988828	0.887621321977234	0.881031756516401	0.890245152983547	0.86125496063863	0.869674926787008	0.883205057354354	0.855338084687216	0.870523746129581	0.864748884833812	0.886222009738267	0.867661116101753	0.875622907572514	0.837147559409062	0.892969515569767
cg00374717	0.956090668173738	0.959197300511644	0.949120558182652	0.929575527087203	0.947802893759912	0.919131544850539	0.959028384949171	0.960064941919321	0.959177025934261	0.947373436795578	0.951756806022726	0.947236316983987	0.949834049057892	0.929810524150929	0.95064338096943	0.921428180284164	0.9522700232456	0.944787033340633	0.939970549262208	0.947687694395229	0.927220016284043	0.963115748238372	0.958282136829159	0.903290541760005	0.929199555477924	0.899516246388132	0.933188580922372	0.921859161456974	0.933669497611863	0.940131435749971	0.912089731462614	0.905536996615809	0.924888663580119	0.928845700919353	0.925556072483706	0.953806293213953	0.938224137556257	0.946588988587325	0.91576490922229	0.916899107744167	0.913790368770202	0.936090706549119	0.899109431843689	0.931247952315782	0.937279182260077
cg25159610	0.0258872651356994	0.0374198146828225	0.0199182839632278	0.0215862632869992	0.0192204059637147	0.0210989010989011	0.0171900826446281	0.0194322149688781	0.023059434881455	0.016661663164215	0.0229662423907028	0.0214239897370109	0.0192510548523207	0.0406590486314111	0.0223609699433716	0.0199583477959042	0.0132066355290707	0.00846049252152893	0.0150883747664894	0.0146406984553392	0.00706314451193671	0.0112540192926045	0.00414028251339503	0.0187234042553192	0.0204451345755694	0.0256114739403253	0.0214962351226621	0.0163608741381325	0.020974212034384	0.0241861531407611	0.0125979843225084	0.00951417004048583	0.0249372647427854	0.02001679731243	0.0214388489208633	0.0159735213699813	0.0137370339220634	0.00621200105736188	0.0107391910739191	0.0125232486050837	0.0178232840348881	0.0168076967659673	0.0114359820796982	0.0108031939877877	0.0103198004082558
cg24450312	0.045775592311131	0.0495691651996664	0.0413457281983178	0.0472681524083393	0.0376978920668241	0.0437744847555783	0.0364812419146184	0.0596561306009031	0.0570163299197343	0.0694141273028901	0.0613331080510264	0.0648754357622651	0.0618974317426882	0.0621496075604677	0.0577861484461947	0.0728512088614336	0.0642502377681496	0.0651626820061118	0.0748213154799602	0.0758222222222222	0.0693948548933443	0.0434744345683358	0.0579995278193122	0.111049504950495	0.108914209115282	0.0922954033839227	0.0955485611510791	0.103157302580691	0.0937716262975778	0.0742599461779039	0.068330223880597	0.0830820422169076	0.0772155336290396	0.0694679451024629	0.0707934910249958	0.0731096196868009	0.0677590032428742	0.0566906715792999	0.0977960278220062	0.0857212042941319	0.0819165378670788	0.0758695652173913	0.0684066512313197	0.0776815268680893	0.0820413436692506
cg02085507	0.411764705882353	0.529144156951948	0.56286784376672	0.514306857424766	0.433654360620653	0.580778981332104	0.510198300283286	0.431237721021611	0.53347441323586	0.478462429978752	0.492001361470388	0.482844546674334	0.559117896522477	0.645536384096024	0.411494252873563	0.526128530131199	0.453805453805454	0.510496005944641	0.499172946149605	0.47545682551057	0.481003834088533	0.490286117979513	0.640189285110698	0.481838919108616	0.462697274031564	0.535177486408698	0.499442119944212	0.587214154565181	0.481481481481481	0.505212385249728	0.454453441295547	0.387665198237885	0.470357554786621	0.475664545114189	0.545610034207526	0.529968454258675	0.531525423728814	0.452285191956124	0.505098187311178	0.516293737798468	0.471241712954668	0.429010115606936	0.507335329341317	0.452235923339771	0.513799448022079
cg20295671	0.0166467196170166	0.0161347308915322	0.0117519435906708	0.0140817713897252	0.0107238605898123	0.0157286336933864	0.0104108047270681	0.0148274878813801	0.0124860420261902	0.0137665198237885	0.0124022647613912	0.0166298098186643	0.01125	0.0152975506233973	0.0121087928464978	0.0127374301675978	0.00789499654593901	0.0078975248001541	0.00596703921197196	0.0102636534839925	0.0144432516834195	0.0089131423374261	0.00861079219288174	0.0186062537686278	0.0165709443555221	0.0213048163806682	0.0210284212255627	0.0199706993600123	0.0143347312237896	0.0162058371735791	0.0121382636655949	0.0116577290743763	0.015196691353275	0.007496835751144	0.00759445604708563	0.00893844452635459	0.0099233198015336	0.00840336134453781	0.0123070912287556	0.00952713923608076	0.0128638575080399	0.0154328241284763	0.007374749498998	0.00579623987515791	0.0025902901124926
cg26845300	0.0885357548240636	0.0783958081418783	0.0759078996630475	0.0979704797047971	0.106488269794721	0.0679141944317663	0.0437103434384127	0.0957383548067393	0.0885582349923037	0.0952046988691155	0.113233847163004	0.06033432004179	0.0775481974582865	0.102930251754024	0.066205955123283	0.116423670668954	0.0609178843383412	0.100889096864764	0.107866560481373	0.0884282590092232	0.0952762209767814	0.06255758245808	0.0893812646017032	0.0764150943396226	0.0761877987067754	0.054546847468015	0.0817161256635628	0.0866573838971251	0.140949339526782	0.108097453283923	0.114561136478945	0.131529734447076	0.109844689378758	0.110090856369611	0.0929144974852202	0.0777398558968525	0.0654365282760977	0.0834509527170078	0.153446553446553	0.0579760158743853	0.0815158802554109	0.100668216153399	0.106269002461271	0.0525776215582894	0.100766143743159
cg02479575	0.0267977636398689	0.0144398474892512	0.0190038181187088	0.020686449213605	0.0184801779004678	0.0177629537697797	0.016802038541169	0.0145000843028157	0.0226128433883933	0.0222935044105854	0.0255165936130244	0.0139904610492846	0.0110612855007474	0.0219019358485234	0.0152889349572428	0.020279582594999	0.0147830650804759	0.0122506415031868	0.0161807113104774	0.0155146938105401	0.0196140966353054	0.0188907725841608	0.0163357995751227	0.0198811881188119	0.023818641341809	0.0410987924581597	0.0421912215039129	0.0257661666547047	0.01610337972167	0.0257087766907091	0.0216439882231241	0.0130412102243088	0.0163090128755365	0.00964576750374189	0.0166294365847605	0.0149711531439422	0.00856850876503419	0.010989010989011	0.0203686558370508	0.0148456925552143	0.0153222836095764	0.0224110248862724	0.0202053660152368	0.0247724317295189	0.0143253817998233
cg02331561	0.0191744592424672	0.011759059275258	0.0200643857153552	0.0176351771286513	0.0199622114515732	0.0210758100031456	0.0179765523230569	0.019726736195327	0.0199619047619048	0.0244304556354916	0.015886524822695	0.0239604266501778	0.0187833346216279	0.0192128189172371	0.0181413375113383	0.0172267481330618	0.0163003210669301	0.0159645232815965	0.021777069580393	0.0184464620262286	0.0225764625123942	0.0185143542463084	0.0140835250644914	0.0245670252536812	0.0240555010934319	0.0383937316356513	0.0347909967845659	0.0251131861912847	0.0352496852706672	0.0342298288508557	0.0290091771659667	0.0184356541972436	0.0163974547234459	0.0250984970086094	0.025664592760181	0.0164558781258982	0.0151599832331983	0.0199380019726645	0.0206611570247934	0.0221783047870004	0.0226903230366862	0.0210286458333333	0.0250114882163723	0.0135591102224444	0.0192346357482742
cg22920873	0.00317227916056613	0.0155577860625179	0.0131419328750505	0.0229845626072041	0.0086846007201864	0.0127188281529118	0.0101865859808371	0.0117894420665315	0.0160247399493956	0.0111088532141164	0.0123311802701116	0.0181352529937011	0.0305673707735563	0.020589828934128	0.0131804304117954	0.00759555700751388	0.0138189036494121	0.0118240807498198	0.00829791540174054	0.0129565816678153	0.0092091388400703	0.00932578060237635	0.00345401048995778	0.0185323012801429	0.0287631831255992	0.0197021498522339	0.020018257694314	0.0220560512756064	0.0240633178017489	0.0171767028627838	0.0266985022791404	0.0105905582480704	0.020753853197009	0.0139794341017542	0.0130179171332587	0.0187015762757147	0.0102484270610365	0.0147944838666488	0.00825673780962767	0.0049442011583557	0.00923875213567044	0.0107938500156887	0.0162487828627069	0.0107061370151524	0.014475271411339
cg26162695	0.020511489030248	0.0129329241560719	0.0187168555682645	0.0225127087872186	0.0171688081524147	0.0187647437272142	0.140243902439024	0.0131634819532909	0.0208887978701618	0.0154122541603631	0.0117898254734497	0.0172498767865944	0.0261769876929088	0.0249769679598731	0.022852306390182	0.0124837168910117	0.0131607104643698	0.00968025814021707	0.00813546495128181	0.00589753040914117	0.00852582531971845	0.00737608182533438	0.0156774916013438	0.0241519376440883	0.0286106660563058	0.0366725544621078	0.030501497005988	0.0277900308778121	0.0247317991974449	0.0329501222051236	0.0303958262447545	0.0141509433962264	0.0208574739281576	0.0234975146859467	0.0202708844650486	0.0170590848511773	0.0129090909090909	0.0154997327632282	0.0204175269557238	0.0180349427014841	0.0152425356406348	0.0205757902596864	0.0172568172568173	0.00161563317433451	0.0155873234584912
cg02047577	0.014965680207044	0.0156546016551999	0.0147484856465631	0.0157655568951127	0.0226927252985885	0.0235086992543496	0.0130180341574107	0.0210219585804974	0.0146752508994509	0.0195347992004361	0.02311868214152	0.0142949368256018	0.0213074235063496	0.020206638017738	0.0209059233449477	0.00891464229997771	0.0110989991081161	0.0122028959111192	0.013892647722147	0.0166878287683657	0.0123220153340635	0.0131935997005708	0.00886674548218206	0.0227675655500606	0.0304396843291995	0.0348974298514501	0.0227185213708125	0.0221457078018624	0.021215983207137	0.0299411413460718	0.029453387581815	0.00131090233777584	0.0193057536852116	0.0180338481457505	0.0217710821238288	0.0134611838465794	0.0200789993416722	0.0150898609698203	0.0176770102795658	0.0194748739349678	0.00715258855585831	0.0192323102812725	0.0197882438846294	0.0146726038396963	0.0150173276857913
cg17285325	0.0230442692540934	0.0240352811466373	0.0282930873665665	0.0364729043622423	0.0296600755387692	0.0309566383549397	0.0262575134451123	0.0264080648696033	0.0400672734467748	0.0296727129337539	0.0334821428571429	0.0322612276917043	0.0431356702697242	0.0433570764942707	0.0279157012026923	0.0222875890937889	0.0184426229508197	0.0312990580847724	0.0380811078140455	0.0258550488599349	0.0275582362728785	0.0387397205984346	0.0234547726617322	0.0536512667660209	0.0506449165402124	0.0456910999382553	0.0561233180037472	0.0595072866065232	0.050241456166419	0.0415893056071296	0.0393667546174142	0.0364793732402987	0.0617544600443365	0.0528151952708596	0.0359079283887468	0.0472568222877246	0.0348990922710849	0.0256245407788391	0.0551391862955032	0.044987146529563	0.0282032125513635	0.0514153668399769	0.0283710300260068	0.0343153950953678	0.0447498533478589
cg21460081	0.0394474034620506	0.0313999127780201	0.0481243830207305	0.037892095357591	0.0415830226555779	0.02653611465872	0.0370900758986109	0.0104857363145721	0.0456075910621365	0.0261328885182096	0.0233827893175074	0.0350500715307582	0.016980549552331	0.0309775840597758	0.0332484648794369	0.0410005920663114	0.0186122692078618	0.0128351760071165	0.0179540170498579	0.0247490719098034	0.0153456098211903	0.0257057949479941	0.0154741624077229	0.0544773122741266	0.0309963931469793	0.0755627009646302	0.0530349105948182	0.0528735632183908	0.0497479437516583	0.0597853220169745	0.0520446096654275	0.0327111111111111	0.0319554382878921	0.0265085919808179	0.035380696292103	0.0312811565304088	0.0270445975815889	0.0226889666796318	0.0354609929078014	0.0206159000128849	0.0383469361316233	0.0296794618124258	0.0191202346041056	0.0335065796748867	0.0244644870349493
cg05675373	0.0313666044776119	0.0488042947779405	0.0414190992852837	0.0305101535413571	0.0375882465178401	0.026882745471878	0.0288607594936709	0.0517852275824475	0.0556804426768113	0.0394039735099338	0.0349310152324747	0.021238637329029	0.0438448566610455	0.0298147350280052	0.0529141104294479	0.0367925444131638	0.0381582525151817	0.0345796780512733	0.0399865308527654	0.0456473128228853	0.0350114791734995	0.0358639182168594	0.0329985652797704	0.0315841421286396	0.0458812105518692	0.0544708653042619	0.0373599886573089	0.0679460946870811	0.0480878455130632	0.0602473231790077	0.0565138250845107	0.0471057884231537	0.0311405933296481	0.0402350444789031	0.0416633537409557	0.0434615679950856	0.0457997873310041	0.0524882214369847	0.0316257187663356	0.0371702637889688	0.0284040760651529	0.0334527220630372	0.0530684639943242	0.062865696013063	0.0306983339241404
cg21801378	0.0319761244937114	0.0291215633681387	0.0335357309668379	0.0356777929155313	0.0343721815813208	0.0313473877176902	0.0279915352058484	0.0282820910500867	0.0238705684731677	0.0237632989050245	0.0372194413046989	0.0245733788395904	0.0272137501053164	0.0476389120640748	0.0269756838905775	0.0229520791318544	0.0157550801181631	0.0177837429745827	0.0195403219348122	0.0271964887530371	0.0273583373924338	0.0156717020760966	0.0196655311241871	0.0524886877828054	0.0471771075019335	0.0566524802902393	0.063097933250566	0.0467746439542027	0.0364250569141514	0.048636926889715	0.0389754130761325	0.0197722567287785	0.0293788472299944	0.0335338221965889	0.0238342797728545	0.0215771499534306	0.0231104651162791	0.0231326020446235	0.0372021102419502	0.0315060864030551	0.0365499311821379	0.0262218661228057	0.0243834857301191	0.0372998033155381	0.0251776803266294
cg18055007	0.118019573978123	0.147134302822926	0.129160457029309	0.104370761115298	0.11056853854203	0.104150653343582	0.128480509148767	0.0848465873512837	0.104895104895105	0.134657236126224	0.0720361509835194	0.0814491964042495	0.138361213495889	0.142945353504168	0.07625	0.129617627997408	0.077079107505071	0.136141792961726	0.0855670103092784	0.0843927508790911	0.132907719094602	0.0419766206163656	0.138102725366876	0.124831490967916	0.134646210212961	0.144793313756494	0.147390841320554	0.147874720357942	0.130122057541412	0.114346780657227	0.187410175337741	0.0580444098169069	0.0834111422346717	0.077929465301479	0.116425755584757	0.0591915303176131	0.0965500718735026	0.0733203233900195	0.167693360711841	0.100892857142857	0.106082375478927	0.104879416713404	0.0693228926761861	0.0933456561922366	0.108511185394703
cg16241714	0.0148099749537188	0.021527326714299	0.0117852868060031	0.0140677811272495	0.0125904629721424	0.0202303143479614	0.0236392289974542	0.0119303911015429	0.0136036276340357	0.0146252285191956	0.0142336694060832	0.0181500872600349	0.0202278950622737	0.0215734954199127	0.0105843247025892	0.0178399228543877	0.00645994832041344	0.00287951048321785	0.0184101858224363	0.00968038053909705	0.0114285714285714	0.00508023546488186	0.00744707555853067	0.0213510974464087	0.0102371161081459	0.016	0.0161111521690932	0.0229947774573233	0.0272131147540984	0.024487756121939	0.0177635669242384	0.0177594102535463	0.0149678604224059	0.0157707308801085	0.0191834727004427	0.0198757763975155	0.0116519295925957	0.017882242698735	0.0189746046957355	0.0141999830952582	0.0216453876722753	0.012472487160675	0.018956321176301	0.0103874227961819	0.00855755146095135
cg09418283	0.0268746722600944	0.0165175498967653	0.0191582002902758	0.0137832274232525	0.0221343873517787	0.0196698626074923	0.0174066321471852	0.0170731707317073	0.0220774520448788	0.0192153007418	0.01768155942729	0.02560706401766	0.0177327422419253	0.0260275255125925	0.0201476889415626	0.0120881471972614	0.00720373376623377	0.0188491164476665	0.018576684914296	0.0243423300307482	0.0206846716647096	0.0150119413169567	0.0137326127403207	0.0221689634511684	0.0245894665191866	0.0389577321337634	0.0376811594202899	0.0332578087069105	0.0281022218319136	0.0315319260751511	0.0322061191626409	0.0264861683343143	0.0184711565785735	0.0203548085901027	0.0216442504676227	0.0278536318951393	0.0271042604780048	0.00904633074061549	0.0232782768279726	0.0231355709403207	0.0207035852550076	0.0231227844021914	0.0222855856531853	0.017666358206444	0.0138548016784103
cg08434234	0.0102626543746739	0.0199414307627946	0.0369075912204669	0.0245496997998666	0.0157909446618222	0.0243359937197436	0.0176860722181282	0.0202265372168285	0.0186755270394134	0.0265060240963855	0.0235678450589196	0.0251313685172493	0.0296650717703349	0.0344827586206897	0.0254296330701347	0.0236253691463929	0.0178714323819685	0.0230476891013853	0.0114306784660767	0.0271771239513175	0.0134868038600163	0.0254634800089346	0.0147692971108236	0.0329273189666711	0.0338358844516055	0.0465707027942422	0.0449844881075491	0.0253272320953496	0.0355759922555663	0.0517751479289941	0.0401082677165354	0.0264103766213471	0.0273276572370228	0.0323170035400251	0.0261452767989087	0.0336473755047106	0.0327834401597142	0.0193934392407675	0.0228617536309844	0.0274918109499298	0.0179215780611018	0.0309213951067153	0.0252044892524253	0.0272221680163918	0.0208633891909888
cg23180365	0.0167736125182934	0.0156369183829138	0.0161304938830992	0.0144734653135917	0.0151025752946312	0.0212504390586582	0.0211010934202954	0.0152985074626866	0.0145058187182429	0.0150719729043184	0.0146693573424402	0.0149603008775595	0.0191059841384283	0.0212293480191864	0.0199875078076202	0.0102506756127108	0.0132844709115896	0.00907274846012985	0.0148644233910487	0.0113997673516867	0.00990263792959973	0.0127483443708609	0.00767692922830868	0.0195553915690434	0.0219737557263763	0.0280089744517623	0.0227527303276393	0.020799434029006	0.0221521256004015	0.0328410844170157	0.0142926356589147	0.0168139892390469	0.0134128166915052	0.0251934793347604	0.0181360969290559	0.0159259259259259	0.0143576636848831	0.0140288038206104	0.0149532710280374	0.0165837479270315	0.0181121838346765	0.0122125946646653	0.0193994493885652	0.0150055066079295	0.00850555321242795
